solid food_caddy_k1se_accessories_combined_plate
  facet normal 0.000000 -1.000000 0.000000
    outer loop
      vertex -83.000 -79.000 0.000
      vertex 73.000 -79.000 0.000
      vertex 73.000 -79.000 2.000
    endloop
  endfacet
  facet normal 0.000000 -1.000000 0.000000
    outer loop
      vertex -83.000 -79.000 0.000
      vertex 73.000 -79.000 2.000
      vertex -83.000 -79.000 2.000
    endloop
  endfacet
  facet normal 0.000000 1.000000 0.000000
    outer loop
      vertex 69.000 -72.000 0.000
      vertex -79.000 -72.000 0.000
      vertex -79.000 -72.000 2.000
    endloop
  endfacet
  facet normal 0.000000 1.000000 0.000000
    outer loop
      vertex 69.000 -72.000 0.000
      vertex -79.000 -72.000 2.000
      vertex 69.000 -72.000 2.000
    endloop
  endfacet
  facet normal 0.000000 0.000000 1.000000
    outer loop
      vertex -83.000 -79.000 2.000
      vertex 73.000 -79.000 2.000
      vertex 69.000 -72.000 2.000
    endloop
  endfacet
  facet normal 0.000000 0.000000 1.000000
    outer loop
      vertex -83.000 -79.000 2.000
      vertex 69.000 -72.000 2.000
      vertex -79.000 -72.000 2.000
    endloop
  endfacet
  facet normal 0.000000 0.000000 -1.000000
    outer loop
      vertex 73.000 -79.000 0.000
      vertex -83.000 -79.000 0.000
      vertex -79.000 -72.000 0.000
    endloop
  endfacet
  facet normal 0.000000 0.000000 -1.000000
    outer loop
      vertex 73.000 -79.000 0.000
      vertex -79.000 -72.000 0.000
      vertex 69.000 -72.000 0.000
    endloop
  endfacet
  facet normal 0.707107 -0.707107 0.000000
    outer loop
      vertex 73.000 -79.000 0.000
      vertex 94.000 -58.000 0.000
      vertex 94.000 -58.000 2.000
    endloop
  endfacet
  facet normal 0.707107 -0.707107 0.000000
    outer loop
      vertex 73.000 -79.000 0.000
      vertex 94.000 -58.000 2.000
      vertex 73.000 -79.000 2.000
    endloop
  endfacet
  facet normal -0.707107 0.707107 0.000000
    outer loop
      vertex 87.000 -54.000 0.000
      vertex 69.000 -72.000 0.000
      vertex 69.000 -72.000 2.000
    endloop
  endfacet
  facet normal -0.707107 0.707107 0.000000
    outer loop
      vertex 87.000 -54.000 0.000
      vertex 69.000 -72.000 2.000
      vertex 87.000 -54.000 2.000
    endloop
  endfacet
  facet normal 0.000000 0.000000 1.000000
    outer loop
      vertex 73.000 -79.000 2.000
      vertex 94.000 -58.000 2.000
      vertex 87.000 -54.000 2.000
    endloop
  endfacet
  facet normal 0.000000 0.000000 1.000000
    outer loop
      vertex 73.000 -79.000 2.000
      vertex 87.000 -54.000 2.000
      vertex 69.000 -72.000 2.000
    endloop
  endfacet
  facet normal 0.000000 0.000000 -1.000000
    outer loop
      vertex 94.000 -58.000 0.000
      vertex 73.000 -79.000 0.000
      vertex 69.000 -72.000 0.000
    endloop
  endfacet
  facet normal 0.000000 0.000000 -1.000000
    outer loop
      vertex 94.000 -58.000 0.000
      vertex 69.000 -72.000 0.000
      vertex 87.000 -54.000 0.000
    endloop
  endfacet
  facet normal 1.000000 0.000000 0.000000
    outer loop
      vertex 94.000 -58.000 0.000
      vertex 94.000 58.000 0.000
      vertex 94.000 58.000 2.000
    endloop
  endfacet
  facet normal 1.000000 0.000000 0.000000
    outer loop
      vertex 94.000 -58.000 0.000
      vertex 94.000 58.000 2.000
      vertex 94.000 -58.000 2.000
    endloop
  endfacet
  facet normal -1.000000 0.000000 0.000000
    outer loop
      vertex 87.000 54.000 0.000
      vertex 87.000 -54.000 0.000
      vertex 87.000 -54.000 2.000
    endloop
  endfacet
  facet normal -1.000000 0.000000 0.000000
    outer loop
      vertex 87.000 54.000 0.000
      vertex 87.000 -54.000 2.000
      vertex 87.000 54.000 2.000
    endloop
  endfacet
  facet normal 0.000000 0.000000 1.000000
    outer loop
      vertex 94.000 -58.000 2.000
      vertex 94.000 58.000 2.000
      vertex 87.000 54.000 2.000
    endloop
  endfacet
  facet normal 0.000000 0.000000 1.000000
    outer loop
      vertex 94.000 -58.000 2.000
      vertex 87.000 54.000 2.000
      vertex 87.000 -54.000 2.000
    endloop
  endfacet
  facet normal 0.000000 0.000000 -1.000000
    outer loop
      vertex 94.000 58.000 0.000
      vertex 94.000 -58.000 0.000
      vertex 87.000 -54.000 0.000
    endloop
  endfacet
  facet normal 0.000000 0.000000 -1.000000
    outer loop
      vertex 94.000 58.000 0.000
      vertex 87.000 -54.000 0.000
      vertex 87.000 54.000 0.000
    endloop
  endfacet
  facet normal 0.707107 0.707107 0.000000
    outer loop
      vertex 94.000 58.000 0.000
      vertex 73.000 79.000 0.000
      vertex 73.000 79.000 2.000
    endloop
  endfacet
  facet normal 0.707107 0.707107 0.000000
    outer loop
      vertex 94.000 58.000 0.000
      vertex 73.000 79.000 2.000
      vertex 94.000 58.000 2.000
    endloop
  endfacet
  facet normal -0.707107 -0.707107 0.000000
    outer loop
      vertex 69.000 72.000 0.000
      vertex 87.000 54.000 0.000
      vertex 87.000 54.000 2.000
    endloop
  endfacet
  facet normal -0.707107 -0.707107 0.000000
    outer loop
      vertex 69.000 72.000 0.000
      vertex 87.000 54.000 2.000
      vertex 69.000 72.000 2.000
    endloop
  endfacet
  facet normal 0.000000 0.000000 1.000000
    outer loop
      vertex 94.000 58.000 2.000
      vertex 73.000 79.000 2.000
      vertex 69.000 72.000 2.000
    endloop
  endfacet
  facet normal 0.000000 0.000000 1.000000
    outer loop
      vertex 94.000 58.000 2.000
      vertex 69.000 72.000 2.000
      vertex 87.000 54.000 2.000
    endloop
  endfacet
  facet normal 0.000000 0.000000 -1.000000
    outer loop
      vertex 73.000 79.000 0.000
      vertex 94.000 58.000 0.000
      vertex 87.000 54.000 0.000
    endloop
  endfacet
  facet normal 0.000000 0.000000 -1.000000
    outer loop
      vertex 73.000 79.000 0.000
      vertex 87.000 54.000 0.000
      vertex 69.000 72.000 0.000
    endloop
  endfacet
  facet normal 0.000000 1.000000 0.000000
    outer loop
      vertex 73.000 79.000 0.000
      vertex -83.000 79.000 0.000
      vertex -83.000 79.000 2.000
    endloop
  endfacet
  facet normal 0.000000 1.000000 0.000000
    outer loop
      vertex 73.000 79.000 0.000
      vertex -83.000 79.000 2.000
      vertex 73.000 79.000 2.000
    endloop
  endfacet
  facet normal 0.000000 -1.000000 0.000000
    outer loop
      vertex -79.000 72.000 0.000
      vertex 69.000 72.000 0.000
      vertex 69.000 72.000 2.000
    endloop
  endfacet
  facet normal 0.000000 -1.000000 0.000000
    outer loop
      vertex -79.000 72.000 0.000
      vertex 69.000 72.000 2.000
      vertex -79.000 72.000 2.000
    endloop
  endfacet
  facet normal 0.000000 0.000000 1.000000
    outer loop
      vertex 73.000 79.000 2.000
      vertex -83.000 79.000 2.000
      vertex -79.000 72.000 2.000
    endloop
  endfacet
  facet normal 0.000000 0.000000 1.000000
    outer loop
      vertex 73.000 79.000 2.000
      vertex -79.000 72.000 2.000
      vertex 69.000 72.000 2.000
    endloop
  endfacet
  facet normal 0.000000 0.000000 -1.000000
    outer loop
      vertex -83.000 79.000 0.000
      vertex 73.000 79.000 0.000
      vertex 69.000 72.000 0.000
    endloop
  endfacet
  facet normal 0.000000 0.000000 -1.000000
    outer loop
      vertex -83.000 79.000 0.000
      vertex 69.000 72.000 0.000
      vertex -79.000 72.000 0.000
    endloop
  endfacet
  facet normal -0.707107 0.707107 0.000000
    outer loop
      vertex -83.000 79.000 0.000
      vertex -104.000 58.000 0.000
      vertex -104.000 58.000 2.000
    endloop
  endfacet
  facet normal -0.707107 0.707107 0.000000
    outer loop
      vertex -83.000 79.000 0.000
      vertex -104.000 58.000 2.000
      vertex -83.000 79.000 2.000
    endloop
  endfacet
  facet normal 0.707107 -0.707107 0.000000
    outer loop
      vertex -97.000 54.000 0.000
      vertex -79.000 72.000 0.000
      vertex -79.000 72.000 2.000
    endloop
  endfacet
  facet normal 0.707107 -0.707107 0.000000
    outer loop
      vertex -97.000 54.000 0.000
      vertex -79.000 72.000 2.000
      vertex -97.000 54.000 2.000
    endloop
  endfacet
  facet normal 0.000000 0.000000 1.000000
    outer loop
      vertex -83.000 79.000 2.000
      vertex -104.000 58.000 2.000
      vertex -97.000 54.000 2.000
    endloop
  endfacet
  facet normal 0.000000 0.000000 1.000000
    outer loop
      vertex -83.000 79.000 2.000
      vertex -97.000 54.000 2.000
      vertex -79.000 72.000 2.000
    endloop
  endfacet
  facet normal 0.000000 0.000000 -1.000000
    outer loop
      vertex -104.000 58.000 0.000
      vertex -83.000 79.000 0.000
      vertex -79.000 72.000 0.000
    endloop
  endfacet
  facet normal 0.000000 0.000000 -1.000000
    outer loop
      vertex -104.000 58.000 0.000
      vertex -79.000 72.000 0.000
      vertex -97.000 54.000 0.000
    endloop
  endfacet
  facet normal -1.000000 0.000000 0.000000
    outer loop
      vertex -104.000 58.000 0.000
      vertex -104.000 -58.000 0.000
      vertex -104.000 -58.000 2.000
    endloop
  endfacet
  facet normal -1.000000 0.000000 0.000000
    outer loop
      vertex -104.000 58.000 0.000
      vertex -104.000 -58.000 2.000
      vertex -104.000 58.000 2.000
    endloop
  endfacet
  facet normal 1.000000 0.000000 0.000000
    outer loop
      vertex -97.000 -54.000 0.000
      vertex -97.000 54.000 0.000
      vertex -97.000 54.000 2.000
    endloop
  endfacet
  facet normal 1.000000 0.000000 0.000000
    outer loop
      vertex -97.000 -54.000 0.000
      vertex -97.000 54.000 2.000
      vertex -97.000 -54.000 2.000
    endloop
  endfacet
  facet normal 0.000000 0.000000 1.000000
    outer loop
      vertex -104.000 58.000 2.000
      vertex -104.000 -58.000 2.000
      vertex -97.000 -54.000 2.000
    endloop
  endfacet
  facet normal 0.000000 0.000000 1.000000
    outer loop
      vertex -104.000 58.000 2.000
      vertex -97.000 -54.000 2.000
      vertex -97.000 54.000 2.000
    endloop
  endfacet
  facet normal 0.000000 0.000000 -1.000000
    outer loop
      vertex -104.000 -58.000 0.000
      vertex -104.000 58.000 0.000
      vertex -97.000 54.000 0.000
    endloop
  endfacet
  facet normal 0.000000 0.000000 -1.000000
    outer loop
      vertex -104.000 -58.000 0.000
      vertex -97.000 54.000 0.000
      vertex -97.000 -54.000 0.000
    endloop
  endfacet
  facet normal -0.707107 -0.707107 0.000000
    outer loop
      vertex -104.000 -58.000 0.000
      vertex -83.000 -79.000 0.000
      vertex -83.000 -79.000 2.000
    endloop
  endfacet
  facet normal -0.707107 -0.707107 0.000000
    outer loop
      vertex -104.000 -58.000 0.000
      vertex -83.000 -79.000 2.000
      vertex -104.000 -58.000 2.000
    endloop
  endfacet
  facet normal 0.707107 0.707107 0.000000
    outer loop
      vertex -79.000 -72.000 0.000
      vertex -97.000 -54.000 0.000
      vertex -97.000 -54.000 2.000
    endloop
  endfacet
  facet normal 0.707107 0.707107 0.000000
    outer loop
      vertex -79.000 -72.000 0.000
      vertex -97.000 -54.000 2.000
      vertex -79.000 -72.000 2.000
    endloop
  endfacet
  facet normal 0.000000 0.000000 1.000000
    outer loop
      vertex -104.000 -58.000 2.000
      vertex -83.000 -79.000 2.000
      vertex -79.000 -72.000 2.000
    endloop
  endfacet
  facet normal 0.000000 0.000000 1.000000
    outer loop
      vertex -104.000 -58.000 2.000
      vertex -79.000 -72.000 2.000
      vertex -97.000 -54.000 2.000
    endloop
  endfacet
  facet normal 0.000000 0.000000 -1.000000
    outer loop
      vertex -83.000 -79.000 0.000
      vertex -104.000 -58.000 0.000
      vertex -97.000 -54.000 0.000
    endloop
  endfacet
  facet normal 0.000000 0.000000 -1.000000
    outer loop
      vertex -83.000 -79.000 0.000
      vertex -97.000 -54.000 0.000
      vertex -79.000 -72.000 0.000
    endloop
  endfacet
  facet normal 0.000000 0.000000 1.000000
    outer loop
      vertex -35.000 -82.000 0.000
      vertex 25.000 -82.000 0.000
      vertex 25.000 -75.000 0.000
    endloop
  endfacet
  facet normal 0.000000 0.000000 1.000000
    outer loop
      vertex -35.000 -82.000 0.000
      vertex 25.000 -75.000 0.000
      vertex -35.000 -75.000 0.000
    endloop
  endfacet
  facet normal 0.000000 0.000000 -1.000000
    outer loop
      vertex -35.000 -82.000 4.000
      vertex -35.000 -75.000 4.000
      vertex 25.000 -75.000 4.000
    endloop
  endfacet
  facet normal 0.000000 0.000000 -1.000000
    outer loop
      vertex -35.000 -82.000 4.000
      vertex 25.000 -75.000 4.000
      vertex 25.000 -82.000 4.000
    endloop
  endfacet
  facet normal 0.000000 1.000000 0.000000
    outer loop
      vertex -35.000 -82.000 0.000
      vertex -35.000 -82.000 4.000
      vertex 25.000 -82.000 4.000
    endloop
  endfacet
  facet normal 0.000000 1.000000 0.000000
    outer loop
      vertex -35.000 -82.000 0.000
      vertex 25.000 -82.000 4.000
      vertex 25.000 -82.000 0.000
    endloop
  endfacet
  facet normal -1.000000 0.000000 0.000000
    outer loop
      vertex 25.000 -82.000 0.000
      vertex 25.000 -82.000 4.000
      vertex 25.000 -75.000 4.000
    endloop
  endfacet
  facet normal -1.000000 0.000000 0.000000
    outer loop
      vertex 25.000 -82.000 0.000
      vertex 25.000 -75.000 4.000
      vertex 25.000 -75.000 0.000
    endloop
  endfacet
  facet normal 0.000000 -1.000000 0.000000
    outer loop
      vertex 25.000 -75.000 0.000
      vertex 25.000 -75.000 4.000
      vertex -35.000 -75.000 4.000
    endloop
  endfacet
  facet normal 0.000000 -1.000000 0.000000
    outer loop
      vertex 25.000 -75.000 0.000
      vertex -35.000 -75.000 4.000
      vertex -35.000 -75.000 0.000
    endloop
  endfacet
  facet normal 1.000000 0.000000 0.000000
    outer loop
      vertex -35.000 -75.000 0.000
      vertex -35.000 -75.000 4.000
      vertex -35.000 -82.000 4.000
    endloop
  endfacet
  facet normal 1.000000 0.000000 0.000000
    outer loop
      vertex -35.000 -75.000 0.000
      vertex -35.000 -82.000 4.000
      vertex -35.000 -82.000 0.000
    endloop
  endfacet
  facet normal 0.000000 0.000000 1.000000
    outer loop
      vertex -35.000 75.000 0.000
      vertex 25.000 75.000 0.000
      vertex 25.000 82.000 0.000
    endloop
  endfacet
  facet normal 0.000000 0.000000 1.000000
    outer loop
      vertex -35.000 75.000 0.000
      vertex 25.000 82.000 0.000
      vertex -35.000 82.000 0.000
    endloop
  endfacet
  facet normal 0.000000 0.000000 -1.000000
    outer loop
      vertex -35.000 75.000 4.000
      vertex -35.000 82.000 4.000
      vertex 25.000 82.000 4.000
    endloop
  endfacet
  facet normal 0.000000 0.000000 -1.000000
    outer loop
      vertex -35.000 75.000 4.000
      vertex 25.000 82.000 4.000
      vertex 25.000 75.000 4.000
    endloop
  endfacet
  facet normal 0.000000 1.000000 0.000000
    outer loop
      vertex -35.000 75.000 0.000
      vertex -35.000 75.000 4.000
      vertex 25.000 75.000 4.000
    endloop
  endfacet
  facet normal 0.000000 1.000000 0.000000
    outer loop
      vertex -35.000 75.000 0.000
      vertex 25.000 75.000 4.000
      vertex 25.000 75.000 0.000
    endloop
  endfacet
  facet normal -1.000000 0.000000 0.000000
    outer loop
      vertex 25.000 75.000 0.000
      vertex 25.000 75.000 4.000
      vertex 25.000 82.000 4.000
    endloop
  endfacet
  facet normal -1.000000 0.000000 0.000000
    outer loop
      vertex 25.000 75.000 0.000
      vertex 25.000 82.000 4.000
      vertex 25.000 82.000 0.000
    endloop
  endfacet
  facet normal 0.000000 -1.000000 0.000000
    outer loop
      vertex 25.000 82.000 0.000
      vertex 25.000 82.000 4.000
      vertex -35.000 82.000 4.000
    endloop
  endfacet
  facet normal 0.000000 -1.000000 0.000000
    outer loop
      vertex 25.000 82.000 0.000
      vertex -35.000 82.000 4.000
      vertex -35.000 82.000 0.000
    endloop
  endfacet
  facet normal 1.000000 0.000000 0.000000
    outer loop
      vertex -35.000 82.000 0.000
      vertex -35.000 82.000 4.000
      vertex -35.000 75.000 4.000
    endloop
  endfacet
  facet normal 1.000000 0.000000 0.000000
    outer loop
      vertex -35.000 82.000 0.000
      vertex -35.000 75.000 4.000
      vertex -35.000 75.000 0.000
    endloop
  endfacet
  facet normal 0.000000 0.000000 1.000000
    outer loop
      vertex -107.000 -20.000 0.000
      vertex -100.000 -20.000 0.000
      vertex -100.000 20.000 0.000
    endloop
  endfacet
  facet normal 0.000000 0.000000 1.000000
    outer loop
      vertex -107.000 -20.000 0.000
      vertex -100.000 20.000 0.000
      vertex -107.000 20.000 0.000
    endloop
  endfacet
  facet normal 0.000000 0.000000 -1.000000
    outer loop
      vertex -107.000 -20.000 4.000
      vertex -107.000 20.000 4.000
      vertex -100.000 20.000 4.000
    endloop
  endfacet
  facet normal 0.000000 0.000000 -1.000000
    outer loop
      vertex -107.000 -20.000 4.000
      vertex -100.000 20.000 4.000
      vertex -100.000 -20.000 4.000
    endloop
  endfacet
  facet normal 0.000000 1.000000 0.000000
    outer loop
      vertex -107.000 -20.000 0.000
      vertex -107.000 -20.000 4.000
      vertex -100.000 -20.000 4.000
    endloop
  endfacet
  facet normal 0.000000 1.000000 0.000000
    outer loop
      vertex -107.000 -20.000 0.000
      vertex -100.000 -20.000 4.000
      vertex -100.000 -20.000 0.000
    endloop
  endfacet
  facet normal -1.000000 0.000000 0.000000
    outer loop
      vertex -100.000 -20.000 0.000
      vertex -100.000 -20.000 4.000
      vertex -100.000 20.000 4.000
    endloop
  endfacet
  facet normal -1.000000 0.000000 0.000000
    outer loop
      vertex -100.000 -20.000 0.000
      vertex -100.000 20.000 4.000
      vertex -100.000 20.000 0.000
    endloop
  endfacet
  facet normal 0.000000 -1.000000 0.000000
    outer loop
      vertex -100.000 20.000 0.000
      vertex -100.000 20.000 4.000
      vertex -107.000 20.000 4.000
    endloop
  endfacet
  facet normal 0.000000 -1.000000 0.000000
    outer loop
      vertex -100.000 20.000 0.000
      vertex -107.000 20.000 4.000
      vertex -107.000 20.000 0.000
    endloop
  endfacet
  facet normal 1.000000 0.000000 0.000000
    outer loop
      vertex -107.000 20.000 0.000
      vertex -107.000 20.000 4.000
      vertex -107.000 -20.000 4.000
    endloop
  endfacet
  facet normal 1.000000 0.000000 0.000000
    outer loop
      vertex -107.000 20.000 0.000
      vertex -107.000 -20.000 4.000
      vertex -107.000 -20.000 0.000
    endloop
  endfacet
  facet normal 0.000000 0.000000 1.000000
    outer loop
      vertex 90.000 -20.000 0.000
      vertex 97.000 -20.000 0.000
      vertex 97.000 20.000 0.000
    endloop
  endfacet
  facet normal 0.000000 0.000000 1.000000
    outer loop
      vertex 90.000 -20.000 0.000
      vertex 97.000 20.000 0.000
      vertex 90.000 20.000 0.000
    endloop
  endfacet
  facet normal 0.000000 0.000000 -1.000000
    outer loop
      vertex 90.000 -20.000 4.000
      vertex 90.000 20.000 4.000
      vertex 97.000 20.000 4.000
    endloop
  endfacet
  facet normal 0.000000 0.000000 -1.000000
    outer loop
      vertex 90.000 -20.000 4.000
      vertex 97.000 20.000 4.000
      vertex 97.000 -20.000 4.000
    endloop
  endfacet
  facet normal 0.000000 1.000000 0.000000
    outer loop
      vertex 90.000 -20.000 0.000
      vertex 90.000 -20.000 4.000
      vertex 97.000 -20.000 4.000
    endloop
  endfacet
  facet normal 0.000000 1.000000 0.000000
    outer loop
      vertex 90.000 -20.000 0.000
      vertex 97.000 -20.000 4.000
      vertex 97.000 -20.000 0.000
    endloop
  endfacet
  facet normal -1.000000 0.000000 0.000000
    outer loop
      vertex 97.000 -20.000 0.000
      vertex 97.000 -20.000 4.000
      vertex 97.000 20.000 4.000
    endloop
  endfacet
  facet normal -1.000000 0.000000 0.000000
    outer loop
      vertex 97.000 -20.000 0.000
      vertex 97.000 20.000 4.000
      vertex 97.000 20.000 0.000
    endloop
  endfacet
  facet normal 0.000000 -1.000000 0.000000
    outer loop
      vertex 97.000 20.000 0.000
      vertex 97.000 20.000 4.000
      vertex 90.000 20.000 4.000
    endloop
  endfacet
  facet normal 0.000000 -1.000000 0.000000
    outer loop
      vertex 97.000 20.000 0.000
      vertex 90.000 20.000 4.000
      vertex 90.000 20.000 0.000
    endloop
  endfacet
  facet normal 1.000000 0.000000 0.000000
    outer loop
      vertex 90.000 20.000 0.000
      vertex 90.000 20.000 4.000
      vertex 90.000 -20.000 4.000
    endloop
  endfacet
  facet normal 1.000000 0.000000 0.000000
    outer loop
      vertex 90.000 20.000 0.000
      vertex 90.000 -20.000 4.000
      vertex 90.000 -20.000 0.000
    endloop
  endfacet
  facet normal 0.000000 0.000000 1.000000
    outer loop
      vertex -40.000 -50.000 3.400
      vertex -21.000 -50.000 3.400
      vertex -21.000 50.000 3.400
    endloop
  endfacet
  facet normal 0.000000 0.000000 1.000000
    outer loop
      vertex -40.000 -50.000 3.400
      vertex -21.000 50.000 3.400
      vertex -40.000 50.000 3.400
    endloop
  endfacet
  facet normal 0.000000 0.000000 -1.000000
    outer loop
      vertex -40.000 -50.000 0.000
      vertex -40.000 50.000 0.000
      vertex -21.000 50.000 0.000
    endloop
  endfacet
  facet normal 0.000000 0.000000 -1.000000
    outer loop
      vertex -40.000 -50.000 0.000
      vertex -21.000 50.000 0.000
      vertex -21.000 -50.000 0.000
    endloop
  endfacet
  facet normal 0.000000 -1.000000 0.000000
    outer loop
      vertex -40.000 -50.000 3.400
      vertex -40.000 -50.000 0.000
      vertex -21.000 -50.000 0.000
    endloop
  endfacet
  facet normal 0.000000 -1.000000 0.000000
    outer loop
      vertex -40.000 -50.000 3.400
      vertex -21.000 -50.000 0.000
      vertex -21.000 -50.000 3.400
    endloop
  endfacet
  facet normal 1.000000 0.000000 0.000000
    outer loop
      vertex -21.000 -50.000 3.400
      vertex -21.000 -50.000 0.000
      vertex -21.000 50.000 0.000
    endloop
  endfacet
  facet normal 1.000000 0.000000 0.000000
    outer loop
      vertex -21.000 -50.000 3.400
      vertex -21.000 50.000 0.000
      vertex -21.000 50.000 3.400
    endloop
  endfacet
  facet normal 0.000000 1.000000 0.000000
    outer loop
      vertex -21.000 50.000 3.400
      vertex -21.000 50.000 0.000
      vertex -40.000 50.000 0.000
    endloop
  endfacet
  facet normal 0.000000 1.000000 0.000000
    outer loop
      vertex -21.000 50.000 3.400
      vertex -40.000 50.000 0.000
      vertex -40.000 50.000 3.400
    endloop
  endfacet
  facet normal -1.000000 0.000000 0.000000
    outer loop
      vertex -40.000 50.000 3.400
      vertex -40.000 50.000 0.000
      vertex -40.000 -50.000 0.000
    endloop
  endfacet
  facet normal -1.000000 0.000000 0.000000
    outer loop
      vertex -40.000 50.000 3.400
      vertex -40.000 -50.000 0.000
      vertex -40.000 -50.000 3.400
    endloop
  endfacet
  facet normal 0.000000 0.000000 1.000000
    outer loop
      vertex -40.000 -50.000 12.000
      vertex -37.000 -50.000 12.000
      vertex -37.000 50.000 12.000
    endloop
  endfacet
  facet normal 0.000000 0.000000 1.000000
    outer loop
      vertex -40.000 -50.000 12.000
      vertex -37.000 50.000 12.000
      vertex -40.000 50.000 12.000
    endloop
  endfacet
  facet normal 0.000000 0.000000 -1.000000
    outer loop
      vertex -40.000 -50.000 0.000
      vertex -40.000 50.000 0.000
      vertex -37.000 50.000 0.000
    endloop
  endfacet
  facet normal 0.000000 0.000000 -1.000000
    outer loop
      vertex -40.000 -50.000 0.000
      vertex -37.000 50.000 0.000
      vertex -37.000 -50.000 0.000
    endloop
  endfacet
  facet normal 0.000000 -1.000000 0.000000
    outer loop
      vertex -40.000 -50.000 12.000
      vertex -40.000 -50.000 0.000
      vertex -37.000 -50.000 0.000
    endloop
  endfacet
  facet normal 0.000000 -1.000000 0.000000
    outer loop
      vertex -40.000 -50.000 12.000
      vertex -37.000 -50.000 0.000
      vertex -37.000 -50.000 12.000
    endloop
  endfacet
  facet normal 1.000000 0.000000 0.000000
    outer loop
      vertex -37.000 -50.000 12.000
      vertex -37.000 -50.000 0.000
      vertex -37.000 50.000 0.000
    endloop
  endfacet
  facet normal 1.000000 0.000000 0.000000
    outer loop
      vertex -37.000 -50.000 12.000
      vertex -37.000 50.000 0.000
      vertex -37.000 50.000 12.000
    endloop
  endfacet
  facet normal 0.000000 1.000000 0.000000
    outer loop
      vertex -37.000 50.000 12.000
      vertex -37.000 50.000 0.000
      vertex -40.000 50.000 0.000
    endloop
  endfacet
  facet normal 0.000000 1.000000 0.000000
    outer loop
      vertex -37.000 50.000 12.000
      vertex -40.000 50.000 0.000
      vertex -40.000 50.000 12.000
    endloop
  endfacet
  facet normal -1.000000 0.000000 0.000000
    outer loop
      vertex -40.000 50.000 12.000
      vertex -40.000 50.000 0.000
      vertex -40.000 -50.000 0.000
    endloop
  endfacet
  facet normal -1.000000 0.000000 0.000000
    outer loop
      vertex -40.000 50.000 12.000
      vertex -40.000 -50.000 0.000
      vertex -40.000 -50.000 12.000
    endloop
  endfacet
  facet normal 0.000000 0.000000 1.000000
    outer loop
      vertex -27.000 -50.000 15.000
      vertex -22.000 -50.000 15.000
      vertex -22.000 50.000 15.000
    endloop
  endfacet
  facet normal 0.000000 0.000000 1.000000
    outer loop
      vertex -27.000 -50.000 15.000
      vertex -22.000 50.000 15.000
      vertex -27.000 50.000 15.000
    endloop
  endfacet
  facet normal 0.000000 0.000000 -1.000000
    outer loop
      vertex -27.000 -50.000 11.300
      vertex -27.000 50.000 11.300
      vertex -22.000 50.000 11.300
    endloop
  endfacet
  facet normal 0.000000 0.000000 -1.000000
    outer loop
      vertex -27.000 -50.000 11.300
      vertex -22.000 50.000 11.300
      vertex -22.000 -50.000 11.300
    endloop
  endfacet
  facet normal 0.000000 -1.000000 0.000000
    outer loop
      vertex -27.000 -50.000 15.000
      vertex -27.000 -50.000 11.300
      vertex -22.000 -50.000 11.300
    endloop
  endfacet
  facet normal 0.000000 -1.000000 0.000000
    outer loop
      vertex -27.000 -50.000 15.000
      vertex -22.000 -50.000 11.300
      vertex -22.000 -50.000 15.000
    endloop
  endfacet
  facet normal 1.000000 0.000000 0.000000
    outer loop
      vertex -22.000 -50.000 15.000
      vertex -22.000 -50.000 11.300
      vertex -22.000 50.000 11.300
    endloop
  endfacet
  facet normal 1.000000 0.000000 0.000000
    outer loop
      vertex -22.000 -50.000 15.000
      vertex -22.000 50.000 11.300
      vertex -22.000 50.000 15.000
    endloop
  endfacet
  facet normal 0.000000 1.000000 0.000000
    outer loop
      vertex -22.000 50.000 15.000
      vertex -22.000 50.000 11.300
      vertex -27.000 50.000 11.300
    endloop
  endfacet
  facet normal 0.000000 1.000000 0.000000
    outer loop
      vertex -22.000 50.000 15.000
      vertex -27.000 50.000 11.300
      vertex -27.000 50.000 15.000
    endloop
  endfacet
  facet normal -1.000000 0.000000 0.000000
    outer loop
      vertex -27.000 50.000 15.000
      vertex -27.000 50.000 11.300
      vertex -27.000 -50.000 11.300
    endloop
  endfacet
  facet normal -1.000000 0.000000 0.000000
    outer loop
      vertex -27.000 50.000 15.000
      vertex -27.000 -50.000 11.300
      vertex -27.000 -50.000 15.000
    endloop
  endfacet
  facet normal 0.969416 0.000000 -0.245422
    outer loop
      vertex -22.200 -50.000 11.300
      vertex -24.200 -50.000 3.400
      vertex -24.200 50.000 3.400
    endloop
  endfacet
  facet normal 0.969416 0.000000 -0.245422
    outer loop
      vertex -22.200 -50.000 11.300
      vertex -24.200 50.000 3.400
      vertex -22.200 50.000 11.300
    endloop
  endfacet
  facet normal 0.000000 0.000000 -1.000000
    outer loop
      vertex -24.200 -50.000 3.400
      vertex -26.500 -50.000 3.400
      vertex -26.500 50.000 3.400
    endloop
  endfacet
  facet normal 0.000000 0.000000 -1.000000
    outer loop
      vertex -24.200 -50.000 3.400
      vertex -26.500 50.000 3.400
      vertex -24.200 50.000 3.400
    endloop
  endfacet
  facet normal -0.969416 0.000000 0.245422
    outer loop
      vertex -26.500 -50.000 3.400
      vertex -24.500 -50.000 11.300
      vertex -24.500 50.000 11.300
    endloop
  endfacet
  facet normal -0.969416 0.000000 0.245422
    outer loop
      vertex -26.500 -50.000 3.400
      vertex -24.500 50.000 11.300
      vertex -26.500 50.000 3.400
    endloop
  endfacet
  facet normal 0.000000 0.000000 1.000000
    outer loop
      vertex -24.500 -50.000 11.300
      vertex -22.200 -50.000 11.300
      vertex -22.200 50.000 11.300
    endloop
  endfacet
  facet normal 0.000000 0.000000 1.000000
    outer loop
      vertex -24.500 -50.000 11.300
      vertex -22.200 50.000 11.300
      vertex -24.500 50.000 11.300
    endloop
  endfacet
  facet normal 0.000000 -1.000000 0.000000
    outer loop
      vertex -24.350 -50.000 7.350
      vertex -24.200 -50.000 3.400
      vertex -22.200 -50.000 11.300
    endloop
  endfacet
  facet normal 0.000000 -1.000000 0.000000
    outer loop
      vertex -24.350 -50.000 7.350
      vertex -26.500 -50.000 3.400
      vertex -24.200 -50.000 3.400
    endloop
  endfacet
  facet normal 0.000000 -1.000000 0.000000
    outer loop
      vertex -24.350 -50.000 7.350
      vertex -24.500 -50.000 11.300
      vertex -26.500 -50.000 3.400
    endloop
  endfacet
  facet normal 0.000000 -1.000000 0.000000
    outer loop
      vertex -24.350 -50.000 7.350
      vertex -22.200 -50.000 11.300
      vertex -24.500 -50.000 11.300
    endloop
  endfacet
  facet normal 0.000000 1.000000 0.000000
    outer loop
      vertex -24.350 50.000 7.350
      vertex -22.200 50.000 11.300
      vertex -24.200 50.000 3.400
    endloop
  endfacet
  facet normal 0.000000 1.000000 0.000000
    outer loop
      vertex -24.350 50.000 7.350
      vertex -24.200 50.000 3.400
      vertex -26.500 50.000 3.400
    endloop
  endfacet
  facet normal 0.000000 1.000000 0.000000
    outer loop
      vertex -24.350 50.000 7.350
      vertex -26.500 50.000 3.400
      vertex -24.500 50.000 11.300
    endloop
  endfacet
  facet normal 0.000000 1.000000 0.000000
    outer loop
      vertex -24.350 50.000 7.350
      vertex -24.500 50.000 11.300
      vertex -22.200 50.000 11.300
    endloop
  endfacet
  facet normal 0.000000 0.000000 1.000000
    outer loop
      vertex 11.000 -50.000 3.400
      vertex 30.000 -50.000 3.400
      vertex 30.000 50.000 3.400
    endloop
  endfacet
  facet normal 0.000000 0.000000 1.000000
    outer loop
      vertex 11.000 -50.000 3.400
      vertex 30.000 50.000 3.400
      vertex 11.000 50.000 3.400
    endloop
  endfacet
  facet normal 0.000000 0.000000 -1.000000
    outer loop
      vertex 11.000 -50.000 0.000
      vertex 11.000 50.000 0.000
      vertex 30.000 50.000 0.000
    endloop
  endfacet
  facet normal 0.000000 0.000000 -1.000000
    outer loop
      vertex 11.000 -50.000 0.000
      vertex 30.000 50.000 0.000
      vertex 30.000 -50.000 0.000
    endloop
  endfacet
  facet normal 0.000000 -1.000000 0.000000
    outer loop
      vertex 11.000 -50.000 3.400
      vertex 11.000 -50.000 0.000
      vertex 30.000 -50.000 0.000
    endloop
  endfacet
  facet normal 0.000000 -1.000000 0.000000
    outer loop
      vertex 11.000 -50.000 3.400
      vertex 30.000 -50.000 0.000
      vertex 30.000 -50.000 3.400
    endloop
  endfacet
  facet normal 1.000000 0.000000 0.000000
    outer loop
      vertex 30.000 -50.000 3.400
      vertex 30.000 -50.000 0.000
      vertex 30.000 50.000 0.000
    endloop
  endfacet
  facet normal 1.000000 0.000000 0.000000
    outer loop
      vertex 30.000 -50.000 3.400
      vertex 30.000 50.000 0.000
      vertex 30.000 50.000 3.400
    endloop
  endfacet
  facet normal 0.000000 1.000000 0.000000
    outer loop
      vertex 30.000 50.000 3.400
      vertex 30.000 50.000 0.000
      vertex 11.000 50.000 0.000
    endloop
  endfacet
  facet normal 0.000000 1.000000 0.000000
    outer loop
      vertex 30.000 50.000 3.400
      vertex 11.000 50.000 0.000
      vertex 11.000 50.000 3.400
    endloop
  endfacet
  facet normal -1.000000 0.000000 0.000000
    outer loop
      vertex 11.000 50.000 3.400
      vertex 11.000 50.000 0.000
      vertex 11.000 -50.000 0.000
    endloop
  endfacet
  facet normal -1.000000 0.000000 0.000000
    outer loop
      vertex 11.000 50.000 3.400
      vertex 11.000 -50.000 0.000
      vertex 11.000 -50.000 3.400
    endloop
  endfacet
  facet normal 0.000000 0.000000 1.000000
    outer loop
      vertex 27.000 -50.000 12.000
      vertex 30.000 -50.000 12.000
      vertex 30.000 50.000 12.000
    endloop
  endfacet
  facet normal 0.000000 0.000000 1.000000
    outer loop
      vertex 27.000 -50.000 12.000
      vertex 30.000 50.000 12.000
      vertex 27.000 50.000 12.000
    endloop
  endfacet
  facet normal 0.000000 0.000000 -1.000000
    outer loop
      vertex 27.000 -50.000 0.000
      vertex 27.000 50.000 0.000
      vertex 30.000 50.000 0.000
    endloop
  endfacet
  facet normal 0.000000 0.000000 -1.000000
    outer loop
      vertex 27.000 -50.000 0.000
      vertex 30.000 50.000 0.000
      vertex 30.000 -50.000 0.000
    endloop
  endfacet
  facet normal 0.000000 -1.000000 0.000000
    outer loop
      vertex 27.000 -50.000 12.000
      vertex 27.000 -50.000 0.000
      vertex 30.000 -50.000 0.000
    endloop
  endfacet
  facet normal 0.000000 -1.000000 0.000000
    outer loop
      vertex 27.000 -50.000 12.000
      vertex 30.000 -50.000 0.000
      vertex 30.000 -50.000 12.000
    endloop
  endfacet
  facet normal 1.000000 0.000000 0.000000
    outer loop
      vertex 30.000 -50.000 12.000
      vertex 30.000 -50.000 0.000
      vertex 30.000 50.000 0.000
    endloop
  endfacet
  facet normal 1.000000 0.000000 0.000000
    outer loop
      vertex 30.000 -50.000 12.000
      vertex 30.000 50.000 0.000
      vertex 30.000 50.000 12.000
    endloop
  endfacet
  facet normal 0.000000 1.000000 0.000000
    outer loop
      vertex 30.000 50.000 12.000
      vertex 30.000 50.000 0.000
      vertex 27.000 50.000 0.000
    endloop
  endfacet
  facet normal 0.000000 1.000000 0.000000
    outer loop
      vertex 30.000 50.000 12.000
      vertex 27.000 50.000 0.000
      vertex 27.000 50.000 12.000
    endloop
  endfacet
  facet normal -1.000000 0.000000 0.000000
    outer loop
      vertex 27.000 50.000 12.000
      vertex 27.000 50.000 0.000
      vertex 27.000 -50.000 0.000
    endloop
  endfacet
  facet normal -1.000000 0.000000 0.000000
    outer loop
      vertex 27.000 50.000 12.000
      vertex 27.000 -50.000 0.000
      vertex 27.000 -50.000 12.000
    endloop
  endfacet
  facet normal 0.000000 0.000000 1.000000
    outer loop
      vertex 12.000 -50.000 15.000
      vertex 17.000 -50.000 15.000
      vertex 17.000 50.000 15.000
    endloop
  endfacet
  facet normal 0.000000 0.000000 1.000000
    outer loop
      vertex 12.000 -50.000 15.000
      vertex 17.000 50.000 15.000
      vertex 12.000 50.000 15.000
    endloop
  endfacet
  facet normal 0.000000 0.000000 -1.000000
    outer loop
      vertex 12.000 -50.000 11.300
      vertex 12.000 50.000 11.300
      vertex 17.000 50.000 11.300
    endloop
  endfacet
  facet normal 0.000000 0.000000 -1.000000
    outer loop
      vertex 12.000 -50.000 11.300
      vertex 17.000 50.000 11.300
      vertex 17.000 -50.000 11.300
    endloop
  endfacet
  facet normal 0.000000 -1.000000 0.000000
    outer loop
      vertex 12.000 -50.000 15.000
      vertex 12.000 -50.000 11.300
      vertex 17.000 -50.000 11.300
    endloop
  endfacet
  facet normal 0.000000 -1.000000 0.000000
    outer loop
      vertex 12.000 -50.000 15.000
      vertex 17.000 -50.000 11.300
      vertex 17.000 -50.000 15.000
    endloop
  endfacet
  facet normal 1.000000 0.000000 0.000000
    outer loop
      vertex 17.000 -50.000 15.000
      vertex 17.000 -50.000 11.300
      vertex 17.000 50.000 11.300
    endloop
  endfacet
  facet normal 1.000000 0.000000 0.000000
    outer loop
      vertex 17.000 -50.000 15.000
      vertex 17.000 50.000 11.300
      vertex 17.000 50.000 15.000
    endloop
  endfacet
  facet normal 0.000000 1.000000 0.000000
    outer loop
      vertex 17.000 50.000 15.000
      vertex 17.000 50.000 11.300
      vertex 12.000 50.000 11.300
    endloop
  endfacet
  facet normal 0.000000 1.000000 0.000000
    outer loop
      vertex 17.000 50.000 15.000
      vertex 12.000 50.000 11.300
      vertex 12.000 50.000 15.000
    endloop
  endfacet
  facet normal -1.000000 0.000000 0.000000
    outer loop
      vertex 12.000 50.000 15.000
      vertex 12.000 50.000 11.300
      vertex 12.000 -50.000 11.300
    endloop
  endfacet
  facet normal -1.000000 0.000000 0.000000
    outer loop
      vertex 12.000 50.000 15.000
      vertex 12.000 -50.000 11.300
      vertex 12.000 -50.000 15.000
    endloop
  endfacet
  facet normal 0.969416 0.000000 0.245422
    outer loop
      vertex 12.200 -50.000 11.300
      vertex 14.200 -50.000 3.400
      vertex 14.200 50.000 3.400
    endloop
  endfacet
  facet normal 0.969416 0.000000 0.245422
    outer loop
      vertex 12.200 -50.000 11.300
      vertex 14.200 50.000 3.400
      vertex 12.200 50.000 11.300
    endloop
  endfacet
  facet normal 0.000000 0.000000 1.000000
    outer loop
      vertex 14.200 -50.000 3.400
      vertex 16.500 -50.000 3.400
      vertex 16.500 50.000 3.400
    endloop
  endfacet
  facet normal 0.000000 0.000000 1.000000
    outer loop
      vertex 14.200 -50.000 3.400
      vertex 16.500 50.000 3.400
      vertex 14.200 50.000 3.400
    endloop
  endfacet
  facet normal -0.969416 0.000000 -0.245422
    outer loop
      vertex 16.500 -50.000 3.400
      vertex 14.500 -50.000 11.300
      vertex 14.500 50.000 11.300
    endloop
  endfacet
  facet normal -0.969416 0.000000 -0.245422
    outer loop
      vertex 16.500 -50.000 3.400
      vertex 14.500 50.000 11.300
      vertex 16.500 50.000 3.400
    endloop
  endfacet
  facet normal 0.000000 0.000000 -1.000000
    outer loop
      vertex 14.500 -50.000 11.300
      vertex 12.200 -50.000 11.300
      vertex 12.200 50.000 11.300
    endloop
  endfacet
  facet normal 0.000000 0.000000 -1.000000
    outer loop
      vertex 14.500 -50.000 11.300
      vertex 12.200 50.000 11.300
      vertex 14.500 50.000 11.300
    endloop
  endfacet
  facet normal 0.000000 1.000000 0.000000
    outer loop
      vertex 14.350 -50.000 7.350
      vertex 14.200 -50.000 3.400
      vertex 12.200 -50.000 11.300
    endloop
  endfacet
  facet normal 0.000000 1.000000 0.000000
    outer loop
      vertex 14.350 -50.000 7.350
      vertex 16.500 -50.000 3.400
      vertex 14.200 -50.000 3.400
    endloop
  endfacet
  facet normal 0.000000 1.000000 0.000000
    outer loop
      vertex 14.350 -50.000 7.350
      vertex 14.500 -50.000 11.300
      vertex 16.500 -50.000 3.400
    endloop
  endfacet
  facet normal 0.000000 1.000000 0.000000
    outer loop
      vertex 14.350 -50.000 7.350
      vertex 12.200 -50.000 11.300
      vertex 14.500 -50.000 11.300
    endloop
  endfacet
  facet normal 0.000000 -1.000000 0.000000
    outer loop
      vertex 14.350 50.000 7.350
      vertex 12.200 50.000 11.300
      vertex 14.200 50.000 3.400
    endloop
  endfacet
  facet normal 0.000000 -1.000000 0.000000
    outer loop
      vertex 14.350 50.000 7.350
      vertex 14.200 50.000 3.400
      vertex 16.500 50.000 3.400
    endloop
  endfacet
  facet normal 0.000000 -1.000000 0.000000
    outer loop
      vertex 14.350 50.000 7.350
      vertex 16.500 50.000 3.400
      vertex 14.500 50.000 11.300
    endloop
  endfacet
  facet normal 0.000000 -1.000000 0.000000
    outer loop
      vertex 14.350 50.000 7.350
      vertex 14.500 50.000 11.300
      vertex 12.200 50.000 11.300
    endloop
  endfacet
  facet normal 0.000000 0.000000 1.000000
    outer loop
      vertex -103.000 86.000 10.000
      vertex 93.000 86.000 10.000
      vertex 93.000 100.000 10.000
    endloop
  endfacet
  facet normal 0.000000 0.000000 1.000000
    outer loop
      vertex -103.000 86.000 10.000
      vertex 93.000 100.000 10.000
      vertex -103.000 100.000 10.000
    endloop
  endfacet
  facet normal 0.000000 0.000000 -1.000000
    outer loop
      vertex -103.000 86.000 14.000
      vertex -103.000 100.000 14.000
      vertex 93.000 100.000 14.000
    endloop
  endfacet
  facet normal 0.000000 0.000000 -1.000000
    outer loop
      vertex -103.000 86.000 14.000
      vertex 93.000 100.000 14.000
      vertex 93.000 86.000 14.000
    endloop
  endfacet
  facet normal 0.000000 1.000000 0.000000
    outer loop
      vertex -103.000 86.000 10.000
      vertex -103.000 86.000 14.000
      vertex 93.000 86.000 14.000
    endloop
  endfacet
  facet normal 0.000000 1.000000 0.000000
    outer loop
      vertex -103.000 86.000 10.000
      vertex 93.000 86.000 14.000
      vertex 93.000 86.000 10.000
    endloop
  endfacet
  facet normal -1.000000 0.000000 0.000000
    outer loop
      vertex 93.000 86.000 10.000
      vertex 93.000 86.000 14.000
      vertex 93.000 100.000 14.000
    endloop
  endfacet
  facet normal -1.000000 0.000000 0.000000
    outer loop
      vertex 93.000 86.000 10.000
      vertex 93.000 100.000 14.000
      vertex 93.000 100.000 10.000
    endloop
  endfacet
  facet normal 0.000000 -1.000000 0.000000
    outer loop
      vertex 93.000 100.000 10.000
      vertex 93.000 100.000 14.000
      vertex -103.000 100.000 14.000
    endloop
  endfacet
  facet normal 0.000000 -1.000000 0.000000
    outer loop
      vertex 93.000 100.000 10.000
      vertex -103.000 100.000 14.000
      vertex -103.000 100.000 10.000
    endloop
  endfacet
  facet normal 1.000000 0.000000 0.000000
    outer loop
      vertex -103.000 100.000 10.000
      vertex -103.000 100.000 14.000
      vertex -103.000 86.000 14.000
    endloop
  endfacet
  facet normal 1.000000 0.000000 0.000000
    outer loop
      vertex -103.000 100.000 10.000
      vertex -103.000 86.000 14.000
      vertex -103.000 86.000 10.000
    endloop
  endfacet
  facet normal 0.000000 0.000000 1.000000
    outer loop
      vertex -103.000 86.000 0.000
      vertex 93.000 86.000 0.000
      vertex 93.000 90.000 0.000
    endloop
  endfacet
  facet normal 0.000000 0.000000 1.000000
    outer loop
      vertex -103.000 86.000 0.000
      vertex 93.000 90.000 0.000
      vertex -103.000 90.000 0.000
    endloop
  endfacet
  facet normal 0.000000 0.000000 -1.000000
    outer loop
      vertex -103.000 86.000 14.000
      vertex -103.000 90.000 14.000
      vertex 93.000 90.000 14.000
    endloop
  endfacet
  facet normal 0.000000 0.000000 -1.000000
    outer loop
      vertex -103.000 86.000 14.000
      vertex 93.000 90.000 14.000
      vertex 93.000 86.000 14.000
    endloop
  endfacet
  facet normal 0.000000 1.000000 0.000000
    outer loop
      vertex -103.000 86.000 0.000
      vertex -103.000 86.000 14.000
      vertex 93.000 86.000 14.000
    endloop
  endfacet
  facet normal 0.000000 1.000000 0.000000
    outer loop
      vertex -103.000 86.000 0.000
      vertex 93.000 86.000 14.000
      vertex 93.000 86.000 0.000
    endloop
  endfacet
  facet normal -1.000000 0.000000 0.000000
    outer loop
      vertex 93.000 86.000 0.000
      vertex 93.000 86.000 14.000
      vertex 93.000 90.000 14.000
    endloop
  endfacet
  facet normal -1.000000 0.000000 0.000000
    outer loop
      vertex 93.000 86.000 0.000
      vertex 93.000 90.000 14.000
      vertex 93.000 90.000 0.000
    endloop
  endfacet
  facet normal 0.000000 -1.000000 0.000000
    outer loop
      vertex 93.000 90.000 0.000
      vertex 93.000 90.000 14.000
      vertex -103.000 90.000 14.000
    endloop
  endfacet
  facet normal 0.000000 -1.000000 0.000000
    outer loop
      vertex 93.000 90.000 0.000
      vertex -103.000 90.000 14.000
      vertex -103.000 90.000 0.000
    endloop
  endfacet
  facet normal 1.000000 0.000000 0.000000
    outer loop
      vertex -103.000 90.000 0.000
      vertex -103.000 90.000 14.000
      vertex -103.000 86.000 14.000
    endloop
  endfacet
  facet normal 1.000000 0.000000 0.000000
    outer loop
      vertex -103.000 90.000 0.000
      vertex -103.000 86.000 14.000
      vertex -103.000 86.000 0.000
    endloop
  endfacet
  facet normal 0.000000 0.000000 1.000000
    outer loop
      vertex -103.000 96.000 0.000
      vertex 93.000 96.000 0.000
      vertex 93.000 100.000 0.000
    endloop
  endfacet
  facet normal 0.000000 0.000000 1.000000
    outer loop
      vertex -103.000 96.000 0.000
      vertex 93.000 100.000 0.000
      vertex -103.000 100.000 0.000
    endloop
  endfacet
  facet normal 0.000000 0.000000 -1.000000
    outer loop
      vertex -103.000 96.000 14.000
      vertex -103.000 100.000 14.000
      vertex 93.000 100.000 14.000
    endloop
  endfacet
  facet normal 0.000000 0.000000 -1.000000
    outer loop
      vertex -103.000 96.000 14.000
      vertex 93.000 100.000 14.000
      vertex 93.000 96.000 14.000
    endloop
  endfacet
  facet normal 0.000000 1.000000 0.000000
    outer loop
      vertex -103.000 96.000 0.000
      vertex -103.000 96.000 14.000
      vertex 93.000 96.000 14.000
    endloop
  endfacet
  facet normal 0.000000 1.000000 0.000000
    outer loop
      vertex -103.000 96.000 0.000
      vertex 93.000 96.000 14.000
      vertex 93.000 96.000 0.000
    endloop
  endfacet
  facet normal -1.000000 0.000000 0.000000
    outer loop
      vertex 93.000 96.000 0.000
      vertex 93.000 96.000 14.000
      vertex 93.000 100.000 14.000
    endloop
  endfacet
  facet normal -1.000000 0.000000 0.000000
    outer loop
      vertex 93.000 96.000 0.000
      vertex 93.000 100.000 14.000
      vertex 93.000 100.000 0.000
    endloop
  endfacet
  facet normal 0.000000 -1.000000 0.000000
    outer loop
      vertex 93.000 100.000 0.000
      vertex 93.000 100.000 14.000
      vertex -103.000 100.000 14.000
    endloop
  endfacet
  facet normal 0.000000 -1.000000 0.000000
    outer loop
      vertex 93.000 100.000 0.000
      vertex -103.000 100.000 14.000
      vertex -103.000 100.000 0.000
    endloop
  endfacet
  facet normal 1.000000 0.000000 0.000000
    outer loop
      vertex -103.000 100.000 0.000
      vertex -103.000 100.000 14.000
      vertex -103.000 96.000 14.000
    endloop
  endfacet
  facet normal 1.000000 0.000000 0.000000
    outer loop
      vertex -103.000 100.000 0.000
      vertex -103.000 96.000 14.000
      vertex -103.000 96.000 0.000
    endloop
  endfacet
  facet normal 0.000000 0.000000 1.000000
    outer loop
      vertex -93.000 90.000 0.000
      vertex 83.000 90.000 0.000
      vertex 83.000 92.200 0.000
    endloop
  endfacet
  facet normal 0.000000 0.000000 1.000000
    outer loop
      vertex -93.000 90.000 0.000
      vertex 83.000 92.200 0.000
      vertex -93.000 92.200 0.000
    endloop
  endfacet
  facet normal 0.000000 0.000000 -1.000000
    outer loop
      vertex -93.000 90.000 3.000
      vertex -93.000 92.200 3.000
      vertex 83.000 92.200 3.000
    endloop
  endfacet
  facet normal 0.000000 0.000000 -1.000000
    outer loop
      vertex -93.000 90.000 3.000
      vertex 83.000 92.200 3.000
      vertex 83.000 90.000 3.000
    endloop
  endfacet
  facet normal 0.000000 1.000000 0.000000
    outer loop
      vertex -93.000 90.000 0.000
      vertex -93.000 90.000 3.000
      vertex 83.000 90.000 3.000
    endloop
  endfacet
  facet normal 0.000000 1.000000 0.000000
    outer loop
      vertex -93.000 90.000 0.000
      vertex 83.000 90.000 3.000
      vertex 83.000 90.000 0.000
    endloop
  endfacet
  facet normal -1.000000 0.000000 0.000000
    outer loop
      vertex 83.000 90.000 0.000
      vertex 83.000 90.000 3.000
      vertex 83.000 92.200 3.000
    endloop
  endfacet
  facet normal -1.000000 0.000000 0.000000
    outer loop
      vertex 83.000 90.000 0.000
      vertex 83.000 92.200 3.000
      vertex 83.000 92.200 0.000
    endloop
  endfacet
  facet normal 0.000000 -1.000000 0.000000
    outer loop
      vertex 83.000 92.200 0.000
      vertex 83.000 92.200 3.000
      vertex -93.000 92.200 3.000
    endloop
  endfacet
  facet normal 0.000000 -1.000000 0.000000
    outer loop
      vertex 83.000 92.200 0.000
      vertex -93.000 92.200 3.000
      vertex -93.000 92.200 0.000
    endloop
  endfacet
  facet normal 1.000000 0.000000 0.000000
    outer loop
      vertex -93.000 92.200 0.000
      vertex -93.000 92.200 3.000
      vertex -93.000 90.000 3.000
    endloop
  endfacet
  facet normal 1.000000 0.000000 0.000000
    outer loop
      vertex -93.000 92.200 0.000
      vertex -93.000 90.000 3.000
      vertex -93.000 90.000 0.000
    endloop
  endfacet
  facet normal 0.000000 0.000000 1.000000
    outer loop
      vertex -93.000 93.800 0.000
      vertex 83.000 93.800 0.000
      vertex 83.000 96.000 0.000
    endloop
  endfacet
  facet normal 0.000000 0.000000 1.000000
    outer loop
      vertex -93.000 93.800 0.000
      vertex 83.000 96.000 0.000
      vertex -93.000 96.000 0.000
    endloop
  endfacet
  facet normal 0.000000 0.000000 -1.000000
    outer loop
      vertex -93.000 93.800 3.000
      vertex -93.000 96.000 3.000
      vertex 83.000 96.000 3.000
    endloop
  endfacet
  facet normal 0.000000 0.000000 -1.000000
    outer loop
      vertex -93.000 93.800 3.000
      vertex 83.000 96.000 3.000
      vertex 83.000 93.800 3.000
    endloop
  endfacet
  facet normal 0.000000 1.000000 0.000000
    outer loop
      vertex -93.000 93.800 0.000
      vertex -93.000 93.800 3.000
      vertex 83.000 93.800 3.000
    endloop
  endfacet
  facet normal 0.000000 1.000000 0.000000
    outer loop
      vertex -93.000 93.800 0.000
      vertex 83.000 93.800 3.000
      vertex 83.000 93.800 0.000
    endloop
  endfacet
  facet normal -1.000000 0.000000 0.000000
    outer loop
      vertex 83.000 93.800 0.000
      vertex 83.000 93.800 3.000
      vertex 83.000 96.000 3.000
    endloop
  endfacet
  facet normal -1.000000 0.000000 0.000000
    outer loop
      vertex 83.000 93.800 0.000
      vertex 83.000 96.000 3.000
      vertex 83.000 96.000 0.000
    endloop
  endfacet
  facet normal 0.000000 -1.000000 0.000000
    outer loop
      vertex 83.000 96.000 0.000
      vertex 83.000 96.000 3.000
      vertex -93.000 96.000 3.000
    endloop
  endfacet
  facet normal 0.000000 -1.000000 0.000000
    outer loop
      vertex 83.000 96.000 0.000
      vertex -93.000 96.000 3.000
      vertex -93.000 96.000 0.000
    endloop
  endfacet
  facet normal 1.000000 0.000000 0.000000
    outer loop
      vertex -93.000 96.000 0.000
      vertex -93.000 96.000 3.000
      vertex -93.000 93.800 3.000
    endloop
  endfacet
  facet normal 1.000000 0.000000 0.000000
    outer loop
      vertex -93.000 96.000 0.000
      vertex -93.000 93.800 3.000
      vertex -93.000 93.800 0.000
    endloop
  endfacet
  facet normal 0.000000 0.000000 1.000000
    outer loop
      vertex -109.000 99.000 10.000
      vertex -63.000 99.000 10.000
      vertex -63.000 107.000 10.000
    endloop
  endfacet
  facet normal 0.000000 0.000000 1.000000
    outer loop
      vertex -109.000 99.000 10.000
      vertex -63.000 107.000 10.000
      vertex -109.000 107.000 10.000
    endloop
  endfacet
  facet normal 0.000000 0.000000 -1.000000
    outer loop
      vertex -109.000 99.000 18.000
      vertex -109.000 107.000 18.000
      vertex -63.000 107.000 18.000
    endloop
  endfacet
  facet normal 0.000000 0.000000 -1.000000
    outer loop
      vertex -109.000 99.000 18.000
      vertex -63.000 107.000 18.000
      vertex -63.000 99.000 18.000
    endloop
  endfacet
  facet normal 0.000000 1.000000 0.000000
    outer loop
      vertex -109.000 99.000 10.000
      vertex -109.000 99.000 18.000
      vertex -63.000 99.000 18.000
    endloop
  endfacet
  facet normal 0.000000 1.000000 0.000000
    outer loop
      vertex -109.000 99.000 10.000
      vertex -63.000 99.000 18.000
      vertex -63.000 99.000 10.000
    endloop
  endfacet
  facet normal -1.000000 0.000000 0.000000
    outer loop
      vertex -63.000 99.000 10.000
      vertex -63.000 99.000 18.000
      vertex -63.000 107.000 18.000
    endloop
  endfacet
  facet normal -1.000000 0.000000 0.000000
    outer loop
      vertex -63.000 99.000 10.000
      vertex -63.000 107.000 18.000
      vertex -63.000 107.000 10.000
    endloop
  endfacet
  facet normal 0.000000 -1.000000 0.000000
    outer loop
      vertex -63.000 107.000 10.000
      vertex -63.000 107.000 18.000
      vertex -109.000 107.000 18.000
    endloop
  endfacet
  facet normal 0.000000 -1.000000 0.000000
    outer loop
      vertex -63.000 107.000 10.000
      vertex -109.000 107.000 18.000
      vertex -109.000 107.000 10.000
    endloop
  endfacet
  facet normal 1.000000 0.000000 0.000000
    outer loop
      vertex -109.000 107.000 10.000
      vertex -109.000 107.000 18.000
      vertex -109.000 99.000 18.000
    endloop
  endfacet
  facet normal 1.000000 0.000000 0.000000
    outer loop
      vertex -109.000 107.000 10.000
      vertex -109.000 99.000 18.000
      vertex -109.000 99.000 10.000
    endloop
  endfacet
  facet normal 0.000000 0.000000 1.000000
    outer loop
      vertex 53.000 99.000 10.000
      vertex 99.000 99.000 10.000
      vertex 99.000 107.000 10.000
    endloop
  endfacet
  facet normal 0.000000 0.000000 1.000000
    outer loop
      vertex 53.000 99.000 10.000
      vertex 99.000 107.000 10.000
      vertex 53.000 107.000 10.000
    endloop
  endfacet
  facet normal 0.000000 0.000000 -1.000000
    outer loop
      vertex 53.000 99.000 18.000
      vertex 53.000 107.000 18.000
      vertex 99.000 107.000 18.000
    endloop
  endfacet
  facet normal 0.000000 0.000000 -1.000000
    outer loop
      vertex 53.000 99.000 18.000
      vertex 99.000 107.000 18.000
      vertex 99.000 99.000 18.000
    endloop
  endfacet
  facet normal 0.000000 1.000000 0.000000
    outer loop
      vertex 53.000 99.000 10.000
      vertex 53.000 99.000 18.000
      vertex 99.000 99.000 18.000
    endloop
  endfacet
  facet normal 0.000000 1.000000 0.000000
    outer loop
      vertex 53.000 99.000 10.000
      vertex 99.000 99.000 18.000
      vertex 99.000 99.000 10.000
    endloop
  endfacet
  facet normal -1.000000 0.000000 0.000000
    outer loop
      vertex 99.000 99.000 10.000
      vertex 99.000 99.000 18.000
      vertex 99.000 107.000 18.000
    endloop
  endfacet
  facet normal -1.000000 0.000000 0.000000
    outer loop
      vertex 99.000 99.000 10.000
      vertex 99.000 107.000 18.000
      vertex 99.000 107.000 10.000
    endloop
  endfacet
  facet normal 0.000000 -1.000000 0.000000
    outer loop
      vertex 99.000 107.000 10.000
      vertex 99.000 107.000 18.000
      vertex 53.000 107.000 18.000
    endloop
  endfacet
  facet normal 0.000000 -1.000000 0.000000
    outer loop
      vertex 99.000 107.000 10.000
      vertex 53.000 107.000 18.000
      vertex 53.000 107.000 10.000
    endloop
  endfacet
  facet normal 1.000000 0.000000 0.000000
    outer loop
      vertex 53.000 107.000 10.000
      vertex 53.000 107.000 18.000
      vertex 53.000 99.000 18.000
    endloop
  endfacet
  facet normal 1.000000 0.000000 0.000000
    outer loop
      vertex 53.000 107.000 10.000
      vertex 53.000 99.000 18.000
      vertex 53.000 99.000 10.000
    endloop
  endfacet
  facet normal 0.000000 -0.995185 -0.098017
    outer loop
      vertex -105.000 107.800 19.500
      vertex -67.000 107.800 19.500
      vertex -67.000 107.708 20.436
    endloop
  endfacet
  facet normal 0.000000 -0.995185 -0.098017
    outer loop
      vertex -105.000 107.800 19.500
      vertex -67.000 107.708 20.436
      vertex -105.000 107.708 20.436
    endloop
  endfacet
  facet normal 0.000000 0.995185 0.098017
    outer loop
      vertex -105.000 104.863 19.871
      vertex -67.000 104.863 19.871
      vertex -67.000 104.900 19.500
    endloop
  endfacet
  facet normal 0.000000 0.995185 0.098017
    outer loop
      vertex -105.000 104.863 19.871
      vertex -67.000 104.900 19.500
      vertex -105.000 104.900 19.500
    endloop
  endfacet
  facet normal -1.000000 0.000000 0.000000
    outer loop
      vertex -105.000 107.708 20.436
      vertex -105.000 107.800 19.500
      vertex -105.000 104.900 19.500
    endloop
  endfacet
  facet normal -1.000000 0.000000 0.000000
    outer loop
      vertex -105.000 107.708 20.436
      vertex -105.000 104.900 19.500
      vertex -105.000 104.863 19.871
    endloop
  endfacet
  facet normal 1.000000 0.000000 0.000000
    outer loop
      vertex -67.000 107.800 19.500
      vertex -67.000 107.708 20.436
      vertex -67.000 104.863 19.871
    endloop
  endfacet
  facet normal 1.000000 0.000000 0.000000
    outer loop
      vertex -67.000 107.800 19.500
      vertex -67.000 104.863 19.871
      vertex -67.000 104.900 19.500
    endloop
  endfacet
  facet normal 0.000000 -0.956940 -0.290285
    outer loop
      vertex -105.000 107.708 20.436
      vertex -67.000 107.708 20.436
      vertex -67.000 107.435 21.337
    endloop
  endfacet
  facet normal 0.000000 -0.956940 -0.290285
    outer loop
      vertex -105.000 107.708 20.436
      vertex -67.000 107.435 21.337
      vertex -105.000 107.435 21.337
    endloop
  endfacet
  facet normal 0.000000 0.956940 0.290285
    outer loop
      vertex -105.000 104.755 20.227
      vertex -67.000 104.755 20.227
      vertex -67.000 104.863 19.871
    endloop
  endfacet
  facet normal 0.000000 0.956940 0.290285
    outer loop
      vertex -105.000 104.755 20.227
      vertex -67.000 104.863 19.871
      vertex -105.000 104.863 19.871
    endloop
  endfacet
  facet normal -1.000000 0.000000 0.000000
    outer loop
      vertex -105.000 107.435 21.337
      vertex -105.000 107.708 20.436
      vertex -105.000 104.863 19.871
    endloop
  endfacet
  facet normal -1.000000 0.000000 0.000000
    outer loop
      vertex -105.000 107.435 21.337
      vertex -105.000 104.863 19.871
      vertex -105.000 104.755 20.227
    endloop
  endfacet
  facet normal 1.000000 0.000000 0.000000
    outer loop
      vertex -67.000 107.708 20.436
      vertex -67.000 107.435 21.337
      vertex -67.000 104.755 20.227
    endloop
  endfacet
  facet normal 1.000000 0.000000 0.000000
    outer loop
      vertex -67.000 107.708 20.436
      vertex -67.000 104.755 20.227
      vertex -67.000 104.863 19.871
    endloop
  endfacet
  facet normal 0.000000 -0.881921 -0.471397
    outer loop
      vertex -105.000 107.435 21.337
      vertex -67.000 107.435 21.337
      vertex -67.000 106.991 22.167
    endloop
  endfacet
  facet normal 0.000000 -0.881921 -0.471397
    outer loop
      vertex -105.000 107.435 21.337
      vertex -67.000 106.991 22.167
      vertex -105.000 106.991 22.167
    endloop
  endfacet
  facet normal 0.000000 0.881921 0.471397
    outer loop
      vertex -105.000 104.580 20.556
      vertex -67.000 104.580 20.556
      vertex -67.000 104.755 20.227
    endloop
  endfacet
  facet normal 0.000000 0.881921 0.471397
    outer loop
      vertex -105.000 104.580 20.556
      vertex -67.000 104.755 20.227
      vertex -105.000 104.755 20.227
    endloop
  endfacet
  facet normal -1.000000 0.000000 0.000000
    outer loop
      vertex -105.000 106.991 22.167
      vertex -105.000 107.435 21.337
      vertex -105.000 104.755 20.227
    endloop
  endfacet
  facet normal -1.000000 0.000000 0.000000
    outer loop
      vertex -105.000 106.991 22.167
      vertex -105.000 104.755 20.227
      vertex -105.000 104.580 20.556
    endloop
  endfacet
  facet normal 1.000000 0.000000 0.000000
    outer loop
      vertex -67.000 107.435 21.337
      vertex -67.000 106.991 22.167
      vertex -67.000 104.580 20.556
    endloop
  endfacet
  facet normal 1.000000 0.000000 0.000000
    outer loop
      vertex -67.000 107.435 21.337
      vertex -67.000 104.580 20.556
      vertex -67.000 104.755 20.227
    endloop
  endfacet
  facet normal 0.000000 -0.773010 -0.634393
    outer loop
      vertex -105.000 106.991 22.167
      vertex -67.000 106.991 22.167
      vertex -67.000 106.394 22.894
    endloop
  endfacet
  facet normal 0.000000 -0.773010 -0.634393
    outer loop
      vertex -105.000 106.991 22.167
      vertex -67.000 106.394 22.894
      vertex -105.000 106.394 22.894
    endloop
  endfacet
  facet normal 0.000000 0.773010 0.634393
    outer loop
      vertex -105.000 104.344 20.844
      vertex -67.000 104.344 20.844
      vertex -67.000 104.580 20.556
    endloop
  endfacet
  facet normal 0.000000 0.773010 0.634393
    outer loop
      vertex -105.000 104.344 20.844
      vertex -67.000 104.580 20.556
      vertex -105.000 104.580 20.556
    endloop
  endfacet
  facet normal -1.000000 0.000000 0.000000
    outer loop
      vertex -105.000 106.394 22.894
      vertex -105.000 106.991 22.167
      vertex -105.000 104.580 20.556
    endloop
  endfacet
  facet normal -1.000000 0.000000 0.000000
    outer loop
      vertex -105.000 106.394 22.894
      vertex -105.000 104.580 20.556
      vertex -105.000 104.344 20.844
    endloop
  endfacet
  facet normal 1.000000 0.000000 0.000000
    outer loop
      vertex -67.000 106.991 22.167
      vertex -67.000 106.394 22.894
      vertex -67.000 104.344 20.844
    endloop
  endfacet
  facet normal 1.000000 0.000000 0.000000
    outer loop
      vertex -67.000 106.991 22.167
      vertex -67.000 104.344 20.844
      vertex -67.000 104.580 20.556
    endloop
  endfacet
  facet normal 0.000000 -0.634393 -0.773010
    outer loop
      vertex -105.000 106.394 22.894
      vertex -67.000 106.394 22.894
      vertex -67.000 105.667 23.491
    endloop
  endfacet
  facet normal 0.000000 -0.634393 -0.773010
    outer loop
      vertex -105.000 106.394 22.894
      vertex -67.000 105.667 23.491
      vertex -105.000 105.667 23.491
    endloop
  endfacet
  facet normal 0.000000 0.634393 0.773010
    outer loop
      vertex -105.000 104.056 21.080
      vertex -67.000 104.056 21.080
      vertex -67.000 104.344 20.844
    endloop
  endfacet
  facet normal 0.000000 0.634393 0.773010
    outer loop
      vertex -105.000 104.056 21.080
      vertex -67.000 104.344 20.844
      vertex -105.000 104.344 20.844
    endloop
  endfacet
  facet normal -1.000000 0.000000 0.000000
    outer loop
      vertex -105.000 105.667 23.491
      vertex -105.000 106.394 22.894
      vertex -105.000 104.344 20.844
    endloop
  endfacet
  facet normal -1.000000 0.000000 0.000000
    outer loop
      vertex -105.000 105.667 23.491
      vertex -105.000 104.344 20.844
      vertex -105.000 104.056 21.080
    endloop
  endfacet
  facet normal 1.000000 0.000000 0.000000
    outer loop
      vertex -67.000 106.394 22.894
      vertex -67.000 105.667 23.491
      vertex -67.000 104.056 21.080
    endloop
  endfacet
  facet normal 1.000000 0.000000 0.000000
    outer loop
      vertex -67.000 106.394 22.894
      vertex -67.000 104.056 21.080
      vertex -67.000 104.344 20.844
    endloop
  endfacet
  facet normal 0.000000 -0.471397 -0.881921
    outer loop
      vertex -105.000 105.667 23.491
      vertex -67.000 105.667 23.491
      vertex -67.000 104.837 23.935
    endloop
  endfacet
  facet normal 0.000000 -0.471397 -0.881921
    outer loop
      vertex -105.000 105.667 23.491
      vertex -67.000 104.837 23.935
      vertex -105.000 104.837 23.935
    endloop
  endfacet
  facet normal 0.000000 0.471397 0.881921
    outer loop
      vertex -105.000 103.727 21.255
      vertex -67.000 103.727 21.255
      vertex -67.000 104.056 21.080
    endloop
  endfacet
  facet normal 0.000000 0.471397 0.881921
    outer loop
      vertex -105.000 103.727 21.255
      vertex -67.000 104.056 21.080
      vertex -105.000 104.056 21.080
    endloop
  endfacet
  facet normal -1.000000 0.000000 0.000000
    outer loop
      vertex -105.000 104.837 23.935
      vertex -105.000 105.667 23.491
      vertex -105.000 104.056 21.080
    endloop
  endfacet
  facet normal -1.000000 0.000000 0.000000
    outer loop
      vertex -105.000 104.837 23.935
      vertex -105.000 104.056 21.080
      vertex -105.000 103.727 21.255
    endloop
  endfacet
  facet normal 1.000000 0.000000 0.000000
    outer loop
      vertex -67.000 105.667 23.491
      vertex -67.000 104.837 23.935
      vertex -67.000 103.727 21.255
    endloop
  endfacet
  facet normal 1.000000 0.000000 0.000000
    outer loop
      vertex -67.000 105.667 23.491
      vertex -67.000 103.727 21.255
      vertex -67.000 104.056 21.080
    endloop
  endfacet
  facet normal 0.000000 -0.290285 -0.956940
    outer loop
      vertex -105.000 104.837 23.935
      vertex -67.000 104.837 23.935
      vertex -67.000 103.936 24.208
    endloop
  endfacet
  facet normal 0.000000 -0.290285 -0.956940
    outer loop
      vertex -105.000 104.837 23.935
      vertex -67.000 103.936 24.208
      vertex -105.000 103.936 24.208
    endloop
  endfacet
  facet normal 0.000000 0.290285 0.956940
    outer loop
      vertex -105.000 103.371 21.363
      vertex -67.000 103.371 21.363
      vertex -67.000 103.727 21.255
    endloop
  endfacet
  facet normal 0.000000 0.290285 0.956940
    outer loop
      vertex -105.000 103.371 21.363
      vertex -67.000 103.727 21.255
      vertex -105.000 103.727 21.255
    endloop
  endfacet
  facet normal -1.000000 0.000000 0.000000
    outer loop
      vertex -105.000 103.936 24.208
      vertex -105.000 104.837 23.935
      vertex -105.000 103.727 21.255
    endloop
  endfacet
  facet normal -1.000000 0.000000 0.000000
    outer loop
      vertex -105.000 103.936 24.208
      vertex -105.000 103.727 21.255
      vertex -105.000 103.371 21.363
    endloop
  endfacet
  facet normal 1.000000 0.000000 0.000000
    outer loop
      vertex -67.000 104.837 23.935
      vertex -67.000 103.936 24.208
      vertex -67.000 103.371 21.363
    endloop
  endfacet
  facet normal 1.000000 0.000000 0.000000
    outer loop
      vertex -67.000 104.837 23.935
      vertex -67.000 103.371 21.363
      vertex -67.000 103.727 21.255
    endloop
  endfacet
  facet normal 0.000000 -0.098017 -0.995185
    outer loop
      vertex -105.000 103.936 24.208
      vertex -67.000 103.936 24.208
      vertex -67.000 103.000 24.300
    endloop
  endfacet
  facet normal 0.000000 -0.098017 -0.995185
    outer loop
      vertex -105.000 103.936 24.208
      vertex -67.000 103.000 24.300
      vertex -105.000 103.000 24.300
    endloop
  endfacet
  facet normal 0.000000 0.098017 0.995185
    outer loop
      vertex -105.000 103.000 21.400
      vertex -67.000 103.000 21.400
      vertex -67.000 103.371 21.363
    endloop
  endfacet
  facet normal 0.000000 0.098017 0.995185
    outer loop
      vertex -105.000 103.000 21.400
      vertex -67.000 103.371 21.363
      vertex -105.000 103.371 21.363
    endloop
  endfacet
  facet normal -1.000000 0.000000 0.000000
    outer loop
      vertex -105.000 103.000 24.300
      vertex -105.000 103.936 24.208
      vertex -105.000 103.371 21.363
    endloop
  endfacet
  facet normal -1.000000 0.000000 0.000000
    outer loop
      vertex -105.000 103.000 24.300
      vertex -105.000 103.371 21.363
      vertex -105.000 103.000 21.400
    endloop
  endfacet
  facet normal 1.000000 0.000000 0.000000
    outer loop
      vertex -67.000 103.936 24.208
      vertex -67.000 103.000 24.300
      vertex -67.000 103.000 21.400
    endloop
  endfacet
  facet normal 1.000000 0.000000 0.000000
    outer loop
      vertex -67.000 103.936 24.208
      vertex -67.000 103.000 21.400
      vertex -67.000 103.371 21.363
    endloop
  endfacet
  facet normal 0.000000 0.098017 -0.995185
    outer loop
      vertex -105.000 103.000 24.300
      vertex -67.000 103.000 24.300
      vertex -67.000 102.064 24.208
    endloop
  endfacet
  facet normal 0.000000 0.098017 -0.995185
    outer loop
      vertex -105.000 103.000 24.300
      vertex -67.000 102.064 24.208
      vertex -105.000 102.064 24.208
    endloop
  endfacet
  facet normal 0.000000 -0.098017 0.995185
    outer loop
      vertex -105.000 102.629 21.363
      vertex -67.000 102.629 21.363
      vertex -67.000 103.000 21.400
    endloop
  endfacet
  facet normal 0.000000 -0.098017 0.995185
    outer loop
      vertex -105.000 102.629 21.363
      vertex -67.000 103.000 21.400
      vertex -105.000 103.000 21.400
    endloop
  endfacet
  facet normal -1.000000 0.000000 0.000000
    outer loop
      vertex -105.000 102.064 24.208
      vertex -105.000 103.000 24.300
      vertex -105.000 103.000 21.400
    endloop
  endfacet
  facet normal -1.000000 0.000000 0.000000
    outer loop
      vertex -105.000 102.064 24.208
      vertex -105.000 103.000 21.400
      vertex -105.000 102.629 21.363
    endloop
  endfacet
  facet normal 1.000000 0.000000 0.000000
    outer loop
      vertex -67.000 103.000 24.300
      vertex -67.000 102.064 24.208
      vertex -67.000 102.629 21.363
    endloop
  endfacet
  facet normal 1.000000 0.000000 0.000000
    outer loop
      vertex -67.000 103.000 24.300
      vertex -67.000 102.629 21.363
      vertex -67.000 103.000 21.400
    endloop
  endfacet
  facet normal 0.000000 0.290285 -0.956940
    outer loop
      vertex -105.000 102.064 24.208
      vertex -67.000 102.064 24.208
      vertex -67.000 101.163 23.935
    endloop
  endfacet
  facet normal 0.000000 0.290285 -0.956940
    outer loop
      vertex -105.000 102.064 24.208
      vertex -67.000 101.163 23.935
      vertex -105.000 101.163 23.935
    endloop
  endfacet
  facet normal 0.000000 -0.290285 0.956940
    outer loop
      vertex -105.000 102.273 21.255
      vertex -67.000 102.273 21.255
      vertex -67.000 102.629 21.363
    endloop
  endfacet
  facet normal 0.000000 -0.290285 0.956940
    outer loop
      vertex -105.000 102.273 21.255
      vertex -67.000 102.629 21.363
      vertex -105.000 102.629 21.363
    endloop
  endfacet
  facet normal -1.000000 0.000000 0.000000
    outer loop
      vertex -105.000 101.163 23.935
      vertex -105.000 102.064 24.208
      vertex -105.000 102.629 21.363
    endloop
  endfacet
  facet normal -1.000000 0.000000 0.000000
    outer loop
      vertex -105.000 101.163 23.935
      vertex -105.000 102.629 21.363
      vertex -105.000 102.273 21.255
    endloop
  endfacet
  facet normal 1.000000 0.000000 0.000000
    outer loop
      vertex -67.000 102.064 24.208
      vertex -67.000 101.163 23.935
      vertex -67.000 102.273 21.255
    endloop
  endfacet
  facet normal 1.000000 0.000000 0.000000
    outer loop
      vertex -67.000 102.064 24.208
      vertex -67.000 102.273 21.255
      vertex -67.000 102.629 21.363
    endloop
  endfacet
  facet normal 0.000000 0.471397 -0.881921
    outer loop
      vertex -105.000 101.163 23.935
      vertex -67.000 101.163 23.935
      vertex -67.000 100.333 23.491
    endloop
  endfacet
  facet normal 0.000000 0.471397 -0.881921
    outer loop
      vertex -105.000 101.163 23.935
      vertex -67.000 100.333 23.491
      vertex -105.000 100.333 23.491
    endloop
  endfacet
  facet normal 0.000000 -0.471397 0.881921
    outer loop
      vertex -105.000 101.944 21.080
      vertex -67.000 101.944 21.080
      vertex -67.000 102.273 21.255
    endloop
  endfacet
  facet normal 0.000000 -0.471397 0.881921
    outer loop
      vertex -105.000 101.944 21.080
      vertex -67.000 102.273 21.255
      vertex -105.000 102.273 21.255
    endloop
  endfacet
  facet normal -1.000000 0.000000 0.000000
    outer loop
      vertex -105.000 100.333 23.491
      vertex -105.000 101.163 23.935
      vertex -105.000 102.273 21.255
    endloop
  endfacet
  facet normal -1.000000 0.000000 0.000000
    outer loop
      vertex -105.000 100.333 23.491
      vertex -105.000 102.273 21.255
      vertex -105.000 101.944 21.080
    endloop
  endfacet
  facet normal 1.000000 0.000000 0.000000
    outer loop
      vertex -67.000 101.163 23.935
      vertex -67.000 100.333 23.491
      vertex -67.000 101.944 21.080
    endloop
  endfacet
  facet normal 1.000000 0.000000 0.000000
    outer loop
      vertex -67.000 101.163 23.935
      vertex -67.000 101.944 21.080
      vertex -67.000 102.273 21.255
    endloop
  endfacet
  facet normal 0.000000 0.634393 -0.773010
    outer loop
      vertex -105.000 100.333 23.491
      vertex -67.000 100.333 23.491
      vertex -67.000 99.606 22.894
    endloop
  endfacet
  facet normal 0.000000 0.634393 -0.773010
    outer loop
      vertex -105.000 100.333 23.491
      vertex -67.000 99.606 22.894
      vertex -105.000 99.606 22.894
    endloop
  endfacet
  facet normal 0.000000 -0.634393 0.773010
    outer loop
      vertex -105.000 101.656 20.844
      vertex -67.000 101.656 20.844
      vertex -67.000 101.944 21.080
    endloop
  endfacet
  facet normal 0.000000 -0.634393 0.773010
    outer loop
      vertex -105.000 101.656 20.844
      vertex -67.000 101.944 21.080
      vertex -105.000 101.944 21.080
    endloop
  endfacet
  facet normal -1.000000 0.000000 0.000000
    outer loop
      vertex -105.000 99.606 22.894
      vertex -105.000 100.333 23.491
      vertex -105.000 101.944 21.080
    endloop
  endfacet
  facet normal -1.000000 0.000000 0.000000
    outer loop
      vertex -105.000 99.606 22.894
      vertex -105.000 101.944 21.080
      vertex -105.000 101.656 20.844
    endloop
  endfacet
  facet normal 1.000000 0.000000 0.000000
    outer loop
      vertex -67.000 100.333 23.491
      vertex -67.000 99.606 22.894
      vertex -67.000 101.656 20.844
    endloop
  endfacet
  facet normal 1.000000 0.000000 0.000000
    outer loop
      vertex -67.000 100.333 23.491
      vertex -67.000 101.656 20.844
      vertex -67.000 101.944 21.080
    endloop
  endfacet
  facet normal 0.000000 0.773010 -0.634393
    outer loop
      vertex -105.000 99.606 22.894
      vertex -67.000 99.606 22.894
      vertex -67.000 99.009 22.167
    endloop
  endfacet
  facet normal 0.000000 0.773010 -0.634393
    outer loop
      vertex -105.000 99.606 22.894
      vertex -67.000 99.009 22.167
      vertex -105.000 99.009 22.167
    endloop
  endfacet
  facet normal 0.000000 -0.773010 0.634393
    outer loop
      vertex -105.000 101.420 20.556
      vertex -67.000 101.420 20.556
      vertex -67.000 101.656 20.844
    endloop
  endfacet
  facet normal 0.000000 -0.773010 0.634393
    outer loop
      vertex -105.000 101.420 20.556
      vertex -67.000 101.656 20.844
      vertex -105.000 101.656 20.844
    endloop
  endfacet
  facet normal -1.000000 0.000000 0.000000
    outer loop
      vertex -105.000 99.009 22.167
      vertex -105.000 99.606 22.894
      vertex -105.000 101.656 20.844
    endloop
  endfacet
  facet normal -1.000000 0.000000 0.000000
    outer loop
      vertex -105.000 99.009 22.167
      vertex -105.000 101.656 20.844
      vertex -105.000 101.420 20.556
    endloop
  endfacet
  facet normal 1.000000 0.000000 0.000000
    outer loop
      vertex -67.000 99.606 22.894
      vertex -67.000 99.009 22.167
      vertex -67.000 101.420 20.556
    endloop
  endfacet
  facet normal 1.000000 0.000000 0.000000
    outer loop
      vertex -67.000 99.606 22.894
      vertex -67.000 101.420 20.556
      vertex -67.000 101.656 20.844
    endloop
  endfacet
  facet normal 0.000000 0.881921 -0.471397
    outer loop
      vertex -105.000 99.009 22.167
      vertex -67.000 99.009 22.167
      vertex -67.000 98.565 21.337
    endloop
  endfacet
  facet normal 0.000000 0.881921 -0.471397
    outer loop
      vertex -105.000 99.009 22.167
      vertex -67.000 98.565 21.337
      vertex -105.000 98.565 21.337
    endloop
  endfacet
  facet normal 0.000000 -0.881921 0.471397
    outer loop
      vertex -105.000 101.245 20.227
      vertex -67.000 101.245 20.227
      vertex -67.000 101.420 20.556
    endloop
  endfacet
  facet normal 0.000000 -0.881921 0.471397
    outer loop
      vertex -105.000 101.245 20.227
      vertex -67.000 101.420 20.556
      vertex -105.000 101.420 20.556
    endloop
  endfacet
  facet normal -1.000000 0.000000 0.000000
    outer loop
      vertex -105.000 98.565 21.337
      vertex -105.000 99.009 22.167
      vertex -105.000 101.420 20.556
    endloop
  endfacet
  facet normal -1.000000 0.000000 0.000000
    outer loop
      vertex -105.000 98.565 21.337
      vertex -105.000 101.420 20.556
      vertex -105.000 101.245 20.227
    endloop
  endfacet
  facet normal 1.000000 0.000000 0.000000
    outer loop
      vertex -67.000 99.009 22.167
      vertex -67.000 98.565 21.337
      vertex -67.000 101.245 20.227
    endloop
  endfacet
  facet normal 1.000000 0.000000 0.000000
    outer loop
      vertex -67.000 99.009 22.167
      vertex -67.000 101.245 20.227
      vertex -67.000 101.420 20.556
    endloop
  endfacet
  facet normal 0.000000 0.956940 -0.290285
    outer loop
      vertex -105.000 98.565 21.337
      vertex -67.000 98.565 21.337
      vertex -67.000 98.292 20.436
    endloop
  endfacet
  facet normal 0.000000 0.956940 -0.290285
    outer loop
      vertex -105.000 98.565 21.337
      vertex -67.000 98.292 20.436
      vertex -105.000 98.292 20.436
    endloop
  endfacet
  facet normal 0.000000 -0.956940 0.290285
    outer loop
      vertex -105.000 101.137 19.871
      vertex -67.000 101.137 19.871
      vertex -67.000 101.245 20.227
    endloop
  endfacet
  facet normal 0.000000 -0.956940 0.290285
    outer loop
      vertex -105.000 101.137 19.871
      vertex -67.000 101.245 20.227
      vertex -105.000 101.245 20.227
    endloop
  endfacet
  facet normal -1.000000 0.000000 0.000000
    outer loop
      vertex -105.000 98.292 20.436
      vertex -105.000 98.565 21.337
      vertex -105.000 101.245 20.227
    endloop
  endfacet
  facet normal -1.000000 0.000000 0.000000
    outer loop
      vertex -105.000 98.292 20.436
      vertex -105.000 101.245 20.227
      vertex -105.000 101.137 19.871
    endloop
  endfacet
  facet normal 1.000000 0.000000 0.000000
    outer loop
      vertex -67.000 98.565 21.337
      vertex -67.000 98.292 20.436
      vertex -67.000 101.137 19.871
    endloop
  endfacet
  facet normal 1.000000 0.000000 0.000000
    outer loop
      vertex -67.000 98.565 21.337
      vertex -67.000 101.137 19.871
      vertex -67.000 101.245 20.227
    endloop
  endfacet
  facet normal 0.000000 0.995185 -0.098017
    outer loop
      vertex -105.000 98.292 20.436
      vertex -67.000 98.292 20.436
      vertex -67.000 98.200 19.500
    endloop
  endfacet
  facet normal 0.000000 0.995185 -0.098017
    outer loop
      vertex -105.000 98.292 20.436
      vertex -67.000 98.200 19.500
      vertex -105.000 98.200 19.500
    endloop
  endfacet
  facet normal 0.000000 -0.995185 0.098017
    outer loop
      vertex -105.000 101.100 19.500
      vertex -67.000 101.100 19.500
      vertex -67.000 101.137 19.871
    endloop
  endfacet
  facet normal 0.000000 -0.995185 0.098017
    outer loop
      vertex -105.000 101.100 19.500
      vertex -67.000 101.137 19.871
      vertex -105.000 101.137 19.871
    endloop
  endfacet
  facet normal -1.000000 0.000000 0.000000
    outer loop
      vertex -105.000 98.200 19.500
      vertex -105.000 98.292 20.436
      vertex -105.000 101.137 19.871
    endloop
  endfacet
  facet normal -1.000000 0.000000 0.000000
    outer loop
      vertex -105.000 98.200 19.500
      vertex -105.000 101.137 19.871
      vertex -105.000 101.100 19.500
    endloop
  endfacet
  facet normal 1.000000 0.000000 0.000000
    outer loop
      vertex -67.000 98.292 20.436
      vertex -67.000 98.200 19.500
      vertex -67.000 101.100 19.500
    endloop
  endfacet
  facet normal 1.000000 0.000000 0.000000
    outer loop
      vertex -67.000 98.292 20.436
      vertex -67.000 101.100 19.500
      vertex -67.000 101.137 19.871
    endloop
  endfacet
  facet normal 0.000000 0.995185 0.098017
    outer loop
      vertex -105.000 98.200 19.500
      vertex -67.000 98.200 19.500
      vertex -67.000 98.292 18.564
    endloop
  endfacet
  facet normal 0.000000 0.995185 0.098017
    outer loop
      vertex -105.000 98.200 19.500
      vertex -67.000 98.292 18.564
      vertex -105.000 98.292 18.564
    endloop
  endfacet
  facet normal 0.000000 -0.995185 -0.098017
    outer loop
      vertex -105.000 101.137 19.129
      vertex -67.000 101.137 19.129
      vertex -67.000 101.100 19.500
    endloop
  endfacet
  facet normal 0.000000 -0.995185 -0.098017
    outer loop
      vertex -105.000 101.137 19.129
      vertex -67.000 101.100 19.500
      vertex -105.000 101.100 19.500
    endloop
  endfacet
  facet normal -1.000000 0.000000 0.000000
    outer loop
      vertex -105.000 98.292 18.564
      vertex -105.000 98.200 19.500
      vertex -105.000 101.100 19.500
    endloop
  endfacet
  facet normal -1.000000 0.000000 0.000000
    outer loop
      vertex -105.000 98.292 18.564
      vertex -105.000 101.100 19.500
      vertex -105.000 101.137 19.129
    endloop
  endfacet
  facet normal 1.000000 0.000000 0.000000
    outer loop
      vertex -67.000 98.200 19.500
      vertex -67.000 98.292 18.564
      vertex -67.000 101.137 19.129
    endloop
  endfacet
  facet normal 1.000000 0.000000 0.000000
    outer loop
      vertex -67.000 98.200 19.500
      vertex -67.000 101.137 19.129
      vertex -67.000 101.100 19.500
    endloop
  endfacet
  facet normal 0.000000 0.956940 0.290285
    outer loop
      vertex -105.000 98.292 18.564
      vertex -67.000 98.292 18.564
      vertex -67.000 98.565 17.663
    endloop
  endfacet
  facet normal 0.000000 0.956940 0.290285
    outer loop
      vertex -105.000 98.292 18.564
      vertex -67.000 98.565 17.663
      vertex -105.000 98.565 17.663
    endloop
  endfacet
  facet normal 0.000000 -0.956940 -0.290285
    outer loop
      vertex -105.000 101.245 18.773
      vertex -67.000 101.245 18.773
      vertex -67.000 101.137 19.129
    endloop
  endfacet
  facet normal 0.000000 -0.956940 -0.290285
    outer loop
      vertex -105.000 101.245 18.773
      vertex -67.000 101.137 19.129
      vertex -105.000 101.137 19.129
    endloop
  endfacet
  facet normal -1.000000 0.000000 0.000000
    outer loop
      vertex -105.000 98.565 17.663
      vertex -105.000 98.292 18.564
      vertex -105.000 101.137 19.129
    endloop
  endfacet
  facet normal -1.000000 0.000000 0.000000
    outer loop
      vertex -105.000 98.565 17.663
      vertex -105.000 101.137 19.129
      vertex -105.000 101.245 18.773
    endloop
  endfacet
  facet normal 1.000000 0.000000 0.000000
    outer loop
      vertex -67.000 98.292 18.564
      vertex -67.000 98.565 17.663
      vertex -67.000 101.245 18.773
    endloop
  endfacet
  facet normal 1.000000 0.000000 0.000000
    outer loop
      vertex -67.000 98.292 18.564
      vertex -67.000 101.245 18.773
      vertex -67.000 101.137 19.129
    endloop
  endfacet
  facet normal 0.000000 0.881921 0.471397
    outer loop
      vertex -105.000 98.565 17.663
      vertex -67.000 98.565 17.663
      vertex -67.000 99.009 16.833
    endloop
  endfacet
  facet normal 0.000000 0.881921 0.471397
    outer loop
      vertex -105.000 98.565 17.663
      vertex -67.000 99.009 16.833
      vertex -105.000 99.009 16.833
    endloop
  endfacet
  facet normal 0.000000 -0.881921 -0.471397
    outer loop
      vertex -105.000 101.420 18.444
      vertex -67.000 101.420 18.444
      vertex -67.000 101.245 18.773
    endloop
  endfacet
  facet normal 0.000000 -0.881921 -0.471397
    outer loop
      vertex -105.000 101.420 18.444
      vertex -67.000 101.245 18.773
      vertex -105.000 101.245 18.773
    endloop
  endfacet
  facet normal -1.000000 0.000000 0.000000
    outer loop
      vertex -105.000 99.009 16.833
      vertex -105.000 98.565 17.663
      vertex -105.000 101.245 18.773
    endloop
  endfacet
  facet normal -1.000000 0.000000 0.000000
    outer loop
      vertex -105.000 99.009 16.833
      vertex -105.000 101.245 18.773
      vertex -105.000 101.420 18.444
    endloop
  endfacet
  facet normal 1.000000 0.000000 0.000000
    outer loop
      vertex -67.000 98.565 17.663
      vertex -67.000 99.009 16.833
      vertex -67.000 101.420 18.444
    endloop
  endfacet
  facet normal 1.000000 0.000000 0.000000
    outer loop
      vertex -67.000 98.565 17.663
      vertex -67.000 101.420 18.444
      vertex -67.000 101.245 18.773
    endloop
  endfacet
  facet normal 0.000000 0.773010 0.634393
    outer loop
      vertex -105.000 99.009 16.833
      vertex -67.000 99.009 16.833
      vertex -67.000 99.606 16.106
    endloop
  endfacet
  facet normal 0.000000 0.773010 0.634393
    outer loop
      vertex -105.000 99.009 16.833
      vertex -67.000 99.606 16.106
      vertex -105.000 99.606 16.106
    endloop
  endfacet
  facet normal 0.000000 -0.773010 -0.634393
    outer loop
      vertex -105.000 101.656 18.156
      vertex -67.000 101.656 18.156
      vertex -67.000 101.420 18.444
    endloop
  endfacet
  facet normal 0.000000 -0.773010 -0.634393
    outer loop
      vertex -105.000 101.656 18.156
      vertex -67.000 101.420 18.444
      vertex -105.000 101.420 18.444
    endloop
  endfacet
  facet normal -1.000000 0.000000 0.000000
    outer loop
      vertex -105.000 99.606 16.106
      vertex -105.000 99.009 16.833
      vertex -105.000 101.420 18.444
    endloop
  endfacet
  facet normal -1.000000 0.000000 0.000000
    outer loop
      vertex -105.000 99.606 16.106
      vertex -105.000 101.420 18.444
      vertex -105.000 101.656 18.156
    endloop
  endfacet
  facet normal 1.000000 0.000000 0.000000
    outer loop
      vertex -67.000 99.009 16.833
      vertex -67.000 99.606 16.106
      vertex -67.000 101.656 18.156
    endloop
  endfacet
  facet normal 1.000000 0.000000 0.000000
    outer loop
      vertex -67.000 99.009 16.833
      vertex -67.000 101.656 18.156
      vertex -67.000 101.420 18.444
    endloop
  endfacet
  facet normal 0.000000 0.634393 0.773010
    outer loop
      vertex -105.000 99.606 16.106
      vertex -67.000 99.606 16.106
      vertex -67.000 100.333 15.509
    endloop
  endfacet
  facet normal 0.000000 0.634393 0.773010
    outer loop
      vertex -105.000 99.606 16.106
      vertex -67.000 100.333 15.509
      vertex -105.000 100.333 15.509
    endloop
  endfacet
  facet normal 0.000000 -0.634393 -0.773010
    outer loop
      vertex -105.000 101.944 17.920
      vertex -67.000 101.944 17.920
      vertex -67.000 101.656 18.156
    endloop
  endfacet
  facet normal 0.000000 -0.634393 -0.773010
    outer loop
      vertex -105.000 101.944 17.920
      vertex -67.000 101.656 18.156
      vertex -105.000 101.656 18.156
    endloop
  endfacet
  facet normal -1.000000 0.000000 0.000000
    outer loop
      vertex -105.000 100.333 15.509
      vertex -105.000 99.606 16.106
      vertex -105.000 101.656 18.156
    endloop
  endfacet
  facet normal -1.000000 0.000000 0.000000
    outer loop
      vertex -105.000 100.333 15.509
      vertex -105.000 101.656 18.156
      vertex -105.000 101.944 17.920
    endloop
  endfacet
  facet normal 1.000000 0.000000 0.000000
    outer loop
      vertex -67.000 99.606 16.106
      vertex -67.000 100.333 15.509
      vertex -67.000 101.944 17.920
    endloop
  endfacet
  facet normal 1.000000 0.000000 0.000000
    outer loop
      vertex -67.000 99.606 16.106
      vertex -67.000 101.944 17.920
      vertex -67.000 101.656 18.156
    endloop
  endfacet
  facet normal 0.000000 0.471397 0.881921
    outer loop
      vertex -105.000 100.333 15.509
      vertex -67.000 100.333 15.509
      vertex -67.000 101.163 15.065
    endloop
  endfacet
  facet normal 0.000000 0.471397 0.881921
    outer loop
      vertex -105.000 100.333 15.509
      vertex -67.000 101.163 15.065
      vertex -105.000 101.163 15.065
    endloop
  endfacet
  facet normal 0.000000 -0.471397 -0.881921
    outer loop
      vertex -105.000 102.273 17.745
      vertex -67.000 102.273 17.745
      vertex -67.000 101.944 17.920
    endloop
  endfacet
  facet normal 0.000000 -0.471397 -0.881921
    outer loop
      vertex -105.000 102.273 17.745
      vertex -67.000 101.944 17.920
      vertex -105.000 101.944 17.920
    endloop
  endfacet
  facet normal -1.000000 0.000000 0.000000
    outer loop
      vertex -105.000 101.163 15.065
      vertex -105.000 100.333 15.509
      vertex -105.000 101.944 17.920
    endloop
  endfacet
  facet normal -1.000000 0.000000 0.000000
    outer loop
      vertex -105.000 101.163 15.065
      vertex -105.000 101.944 17.920
      vertex -105.000 102.273 17.745
    endloop
  endfacet
  facet normal 1.000000 0.000000 0.000000
    outer loop
      vertex -67.000 100.333 15.509
      vertex -67.000 101.163 15.065
      vertex -67.000 102.273 17.745
    endloop
  endfacet
  facet normal 1.000000 0.000000 0.000000
    outer loop
      vertex -67.000 100.333 15.509
      vertex -67.000 102.273 17.745
      vertex -67.000 101.944 17.920
    endloop
  endfacet
  facet normal 0.000000 0.290285 0.956940
    outer loop
      vertex -105.000 101.163 15.065
      vertex -67.000 101.163 15.065
      vertex -67.000 102.064 14.792
    endloop
  endfacet
  facet normal 0.000000 0.290285 0.956940
    outer loop
      vertex -105.000 101.163 15.065
      vertex -67.000 102.064 14.792
      vertex -105.000 102.064 14.792
    endloop
  endfacet
  facet normal 0.000000 -0.290285 -0.956940
    outer loop
      vertex -105.000 102.629 17.637
      vertex -67.000 102.629 17.637
      vertex -67.000 102.273 17.745
    endloop
  endfacet
  facet normal 0.000000 -0.290285 -0.956940
    outer loop
      vertex -105.000 102.629 17.637
      vertex -67.000 102.273 17.745
      vertex -105.000 102.273 17.745
    endloop
  endfacet
  facet normal -1.000000 0.000000 0.000000
    outer loop
      vertex -105.000 102.064 14.792
      vertex -105.000 101.163 15.065
      vertex -105.000 102.273 17.745
    endloop
  endfacet
  facet normal -1.000000 0.000000 0.000000
    outer loop
      vertex -105.000 102.064 14.792
      vertex -105.000 102.273 17.745
      vertex -105.000 102.629 17.637
    endloop
  endfacet
  facet normal 1.000000 0.000000 0.000000
    outer loop
      vertex -67.000 101.163 15.065
      vertex -67.000 102.064 14.792
      vertex -67.000 102.629 17.637
    endloop
  endfacet
  facet normal 1.000000 0.000000 0.000000
    outer loop
      vertex -67.000 101.163 15.065
      vertex -67.000 102.629 17.637
      vertex -67.000 102.273 17.745
    endloop
  endfacet
  facet normal 0.000000 0.098017 0.995185
    outer loop
      vertex -105.000 102.064 14.792
      vertex -67.000 102.064 14.792
      vertex -67.000 103.000 14.700
    endloop
  endfacet
  facet normal 0.000000 0.098017 0.995185
    outer loop
      vertex -105.000 102.064 14.792
      vertex -67.000 103.000 14.700
      vertex -105.000 103.000 14.700
    endloop
  endfacet
  facet normal 0.000000 -0.098017 -0.995185
    outer loop
      vertex -105.000 103.000 17.600
      vertex -67.000 103.000 17.600
      vertex -67.000 102.629 17.637
    endloop
  endfacet
  facet normal 0.000000 -0.098017 -0.995185
    outer loop
      vertex -105.000 103.000 17.600
      vertex -67.000 102.629 17.637
      vertex -105.000 102.629 17.637
    endloop
  endfacet
  facet normal -1.000000 0.000000 0.000000
    outer loop
      vertex -105.000 103.000 14.700
      vertex -105.000 102.064 14.792
      vertex -105.000 102.629 17.637
    endloop
  endfacet
  facet normal -1.000000 0.000000 0.000000
    outer loop
      vertex -105.000 103.000 14.700
      vertex -105.000 102.629 17.637
      vertex -105.000 103.000 17.600
    endloop
  endfacet
  facet normal 1.000000 0.000000 0.000000
    outer loop
      vertex -67.000 102.064 14.792
      vertex -67.000 103.000 14.700
      vertex -67.000 103.000 17.600
    endloop
  endfacet
  facet normal 1.000000 0.000000 0.000000
    outer loop
      vertex -67.000 102.064 14.792
      vertex -67.000 103.000 17.600
      vertex -67.000 102.629 17.637
    endloop
  endfacet
  facet normal 0.000000 -0.098017 0.995185
    outer loop
      vertex -105.000 103.000 14.700
      vertex -67.000 103.000 14.700
      vertex -67.000 103.936 14.792
    endloop
  endfacet
  facet normal 0.000000 -0.098017 0.995185
    outer loop
      vertex -105.000 103.000 14.700
      vertex -67.000 103.936 14.792
      vertex -105.000 103.936 14.792
    endloop
  endfacet
  facet normal 0.000000 0.098017 -0.995185
    outer loop
      vertex -105.000 103.371 17.637
      vertex -67.000 103.371 17.637
      vertex -67.000 103.000 17.600
    endloop
  endfacet
  facet normal 0.000000 0.098017 -0.995185
    outer loop
      vertex -105.000 103.371 17.637
      vertex -67.000 103.000 17.600
      vertex -105.000 103.000 17.600
    endloop
  endfacet
  facet normal -1.000000 0.000000 0.000000
    outer loop
      vertex -105.000 103.936 14.792
      vertex -105.000 103.000 14.700
      vertex -105.000 103.000 17.600
    endloop
  endfacet
  facet normal -1.000000 0.000000 0.000000
    outer loop
      vertex -105.000 103.936 14.792
      vertex -105.000 103.000 17.600
      vertex -105.000 103.371 17.637
    endloop
  endfacet
  facet normal 1.000000 0.000000 0.000000
    outer loop
      vertex -67.000 103.000 14.700
      vertex -67.000 103.936 14.792
      vertex -67.000 103.371 17.637
    endloop
  endfacet
  facet normal 1.000000 0.000000 0.000000
    outer loop
      vertex -67.000 103.000 14.700
      vertex -67.000 103.371 17.637
      vertex -67.000 103.000 17.600
    endloop
  endfacet
  facet normal 0.000000 -0.290285 0.956940
    outer loop
      vertex -105.000 103.936 14.792
      vertex -67.000 103.936 14.792
      vertex -67.000 104.837 15.065
    endloop
  endfacet
  facet normal 0.000000 -0.290285 0.956940
    outer loop
      vertex -105.000 103.936 14.792
      vertex -67.000 104.837 15.065
      vertex -105.000 104.837 15.065
    endloop
  endfacet
  facet normal 0.000000 0.290285 -0.956940
    outer loop
      vertex -105.000 103.727 17.745
      vertex -67.000 103.727 17.745
      vertex -67.000 103.371 17.637
    endloop
  endfacet
  facet normal 0.000000 0.290285 -0.956940
    outer loop
      vertex -105.000 103.727 17.745
      vertex -67.000 103.371 17.637
      vertex -105.000 103.371 17.637
    endloop
  endfacet
  facet normal -1.000000 0.000000 0.000000
    outer loop
      vertex -105.000 104.837 15.065
      vertex -105.000 103.936 14.792
      vertex -105.000 103.371 17.637
    endloop
  endfacet
  facet normal -1.000000 0.000000 0.000000
    outer loop
      vertex -105.000 104.837 15.065
      vertex -105.000 103.371 17.637
      vertex -105.000 103.727 17.745
    endloop
  endfacet
  facet normal 1.000000 0.000000 0.000000
    outer loop
      vertex -67.000 103.936 14.792
      vertex -67.000 104.837 15.065
      vertex -67.000 103.727 17.745
    endloop
  endfacet
  facet normal 1.000000 0.000000 0.000000
    outer loop
      vertex -67.000 103.936 14.792
      vertex -67.000 103.727 17.745
      vertex -67.000 103.371 17.637
    endloop
  endfacet
  facet normal 0.000000 -0.471397 0.881921
    outer loop
      vertex -105.000 104.837 15.065
      vertex -67.000 104.837 15.065
      vertex -67.000 105.667 15.509
    endloop
  endfacet
  facet normal 0.000000 -0.471397 0.881921
    outer loop
      vertex -105.000 104.837 15.065
      vertex -67.000 105.667 15.509
      vertex -105.000 105.667 15.509
    endloop
  endfacet
  facet normal 0.000000 0.471397 -0.881921
    outer loop
      vertex -105.000 104.056 17.920
      vertex -67.000 104.056 17.920
      vertex -67.000 103.727 17.745
    endloop
  endfacet
  facet normal 0.000000 0.471397 -0.881921
    outer loop
      vertex -105.000 104.056 17.920
      vertex -67.000 103.727 17.745
      vertex -105.000 103.727 17.745
    endloop
  endfacet
  facet normal -1.000000 0.000000 0.000000
    outer loop
      vertex -105.000 105.667 15.509
      vertex -105.000 104.837 15.065
      vertex -105.000 103.727 17.745
    endloop
  endfacet
  facet normal -1.000000 0.000000 0.000000
    outer loop
      vertex -105.000 105.667 15.509
      vertex -105.000 103.727 17.745
      vertex -105.000 104.056 17.920
    endloop
  endfacet
  facet normal 1.000000 0.000000 0.000000
    outer loop
      vertex -67.000 104.837 15.065
      vertex -67.000 105.667 15.509
      vertex -67.000 104.056 17.920
    endloop
  endfacet
  facet normal 1.000000 0.000000 0.000000
    outer loop
      vertex -67.000 104.837 15.065
      vertex -67.000 104.056 17.920
      vertex -67.000 103.727 17.745
    endloop
  endfacet
  facet normal 0.000000 -0.634393 0.773010
    outer loop
      vertex -105.000 105.667 15.509
      vertex -67.000 105.667 15.509
      vertex -67.000 106.394 16.106
    endloop
  endfacet
  facet normal 0.000000 -0.634393 0.773010
    outer loop
      vertex -105.000 105.667 15.509
      vertex -67.000 106.394 16.106
      vertex -105.000 106.394 16.106
    endloop
  endfacet
  facet normal 0.000000 0.634393 -0.773010
    outer loop
      vertex -105.000 104.344 18.156
      vertex -67.000 104.344 18.156
      vertex -67.000 104.056 17.920
    endloop
  endfacet
  facet normal 0.000000 0.634393 -0.773010
    outer loop
      vertex -105.000 104.344 18.156
      vertex -67.000 104.056 17.920
      vertex -105.000 104.056 17.920
    endloop
  endfacet
  facet normal -1.000000 0.000000 0.000000
    outer loop
      vertex -105.000 106.394 16.106
      vertex -105.000 105.667 15.509
      vertex -105.000 104.056 17.920
    endloop
  endfacet
  facet normal -1.000000 0.000000 0.000000
    outer loop
      vertex -105.000 106.394 16.106
      vertex -105.000 104.056 17.920
      vertex -105.000 104.344 18.156
    endloop
  endfacet
  facet normal 1.000000 0.000000 0.000000
    outer loop
      vertex -67.000 105.667 15.509
      vertex -67.000 106.394 16.106
      vertex -67.000 104.344 18.156
    endloop
  endfacet
  facet normal 1.000000 0.000000 0.000000
    outer loop
      vertex -67.000 105.667 15.509
      vertex -67.000 104.344 18.156
      vertex -67.000 104.056 17.920
    endloop
  endfacet
  facet normal 0.000000 -0.773010 0.634393
    outer loop
      vertex -105.000 106.394 16.106
      vertex -67.000 106.394 16.106
      vertex -67.000 106.991 16.833
    endloop
  endfacet
  facet normal 0.000000 -0.773010 0.634393
    outer loop
      vertex -105.000 106.394 16.106
      vertex -67.000 106.991 16.833
      vertex -105.000 106.991 16.833
    endloop
  endfacet
  facet normal 0.000000 0.773010 -0.634393
    outer loop
      vertex -105.000 104.580 18.444
      vertex -67.000 104.580 18.444
      vertex -67.000 104.344 18.156
    endloop
  endfacet
  facet normal 0.000000 0.773010 -0.634393
    outer loop
      vertex -105.000 104.580 18.444
      vertex -67.000 104.344 18.156
      vertex -105.000 104.344 18.156
    endloop
  endfacet
  facet normal -1.000000 0.000000 0.000000
    outer loop
      vertex -105.000 106.991 16.833
      vertex -105.000 106.394 16.106
      vertex -105.000 104.344 18.156
    endloop
  endfacet
  facet normal -1.000000 0.000000 0.000000
    outer loop
      vertex -105.000 106.991 16.833
      vertex -105.000 104.344 18.156
      vertex -105.000 104.580 18.444
    endloop
  endfacet
  facet normal 1.000000 0.000000 0.000000
    outer loop
      vertex -67.000 106.394 16.106
      vertex -67.000 106.991 16.833
      vertex -67.000 104.580 18.444
    endloop
  endfacet
  facet normal 1.000000 0.000000 0.000000
    outer loop
      vertex -67.000 106.394 16.106
      vertex -67.000 104.580 18.444
      vertex -67.000 104.344 18.156
    endloop
  endfacet
  facet normal 0.000000 -0.881921 0.471397
    outer loop
      vertex -105.000 106.991 16.833
      vertex -67.000 106.991 16.833
      vertex -67.000 107.435 17.663
    endloop
  endfacet
  facet normal 0.000000 -0.881921 0.471397
    outer loop
      vertex -105.000 106.991 16.833
      vertex -67.000 107.435 17.663
      vertex -105.000 107.435 17.663
    endloop
  endfacet
  facet normal 0.000000 0.881921 -0.471397
    outer loop
      vertex -105.000 104.755 18.773
      vertex -67.000 104.755 18.773
      vertex -67.000 104.580 18.444
    endloop
  endfacet
  facet normal 0.000000 0.881921 -0.471397
    outer loop
      vertex -105.000 104.755 18.773
      vertex -67.000 104.580 18.444
      vertex -105.000 104.580 18.444
    endloop
  endfacet
  facet normal -1.000000 0.000000 0.000000
    outer loop
      vertex -105.000 107.435 17.663
      vertex -105.000 106.991 16.833
      vertex -105.000 104.580 18.444
    endloop
  endfacet
  facet normal -1.000000 0.000000 0.000000
    outer loop
      vertex -105.000 107.435 17.663
      vertex -105.000 104.580 18.444
      vertex -105.000 104.755 18.773
    endloop
  endfacet
  facet normal 1.000000 0.000000 0.000000
    outer loop
      vertex -67.000 106.991 16.833
      vertex -67.000 107.435 17.663
      vertex -67.000 104.755 18.773
    endloop
  endfacet
  facet normal 1.000000 0.000000 0.000000
    outer loop
      vertex -67.000 106.991 16.833
      vertex -67.000 104.755 18.773
      vertex -67.000 104.580 18.444
    endloop
  endfacet
  facet normal 0.000000 -0.956940 0.290285
    outer loop
      vertex -105.000 107.435 17.663
      vertex -67.000 107.435 17.663
      vertex -67.000 107.708 18.564
    endloop
  endfacet
  facet normal 0.000000 -0.956940 0.290285
    outer loop
      vertex -105.000 107.435 17.663
      vertex -67.000 107.708 18.564
      vertex -105.000 107.708 18.564
    endloop
  endfacet
  facet normal 0.000000 0.956940 -0.290285
    outer loop
      vertex -105.000 104.863 19.129
      vertex -67.000 104.863 19.129
      vertex -67.000 104.755 18.773
    endloop
  endfacet
  facet normal 0.000000 0.956940 -0.290285
    outer loop
      vertex -105.000 104.863 19.129
      vertex -67.000 104.755 18.773
      vertex -105.000 104.755 18.773
    endloop
  endfacet
  facet normal -1.000000 0.000000 0.000000
    outer loop
      vertex -105.000 107.708 18.564
      vertex -105.000 107.435 17.663
      vertex -105.000 104.755 18.773
    endloop
  endfacet
  facet normal -1.000000 0.000000 0.000000
    outer loop
      vertex -105.000 107.708 18.564
      vertex -105.000 104.755 18.773
      vertex -105.000 104.863 19.129
    endloop
  endfacet
  facet normal 1.000000 0.000000 0.000000
    outer loop
      vertex -67.000 107.435 17.663
      vertex -67.000 107.708 18.564
      vertex -67.000 104.863 19.129
    endloop
  endfacet
  facet normal 1.000000 0.000000 0.000000
    outer loop
      vertex -67.000 107.435 17.663
      vertex -67.000 104.863 19.129
      vertex -67.000 104.755 18.773
    endloop
  endfacet
  facet normal 0.000000 -0.995185 0.098017
    outer loop
      vertex -105.000 107.708 18.564
      vertex -67.000 107.708 18.564
      vertex -67.000 107.800 19.500
    endloop
  endfacet
  facet normal 0.000000 -0.995185 0.098017
    outer loop
      vertex -105.000 107.708 18.564
      vertex -67.000 107.800 19.500
      vertex -105.000 107.800 19.500
    endloop
  endfacet
  facet normal 0.000000 0.995185 -0.098017
    outer loop
      vertex -105.000 104.900 19.500
      vertex -67.000 104.900 19.500
      vertex -67.000 104.863 19.129
    endloop
  endfacet
  facet normal 0.000000 0.995185 -0.098017
    outer loop
      vertex -105.000 104.900 19.500
      vertex -67.000 104.863 19.129
      vertex -105.000 104.863 19.129
    endloop
  endfacet
  facet normal -1.000000 0.000000 0.000000
    outer loop
      vertex -105.000 107.800 19.500
      vertex -105.000 107.708 18.564
      vertex -105.000 104.863 19.129
    endloop
  endfacet
  facet normal -1.000000 0.000000 0.000000
    outer loop
      vertex -105.000 107.800 19.500
      vertex -105.000 104.863 19.129
      vertex -105.000 104.900 19.500
    endloop
  endfacet
  facet normal 1.000000 0.000000 0.000000
    outer loop
      vertex -67.000 107.708 18.564
      vertex -67.000 107.800 19.500
      vertex -67.000 104.900 19.500
    endloop
  endfacet
  facet normal 1.000000 0.000000 0.000000
    outer loop
      vertex -67.000 107.708 18.564
      vertex -67.000 104.900 19.500
      vertex -67.000 104.863 19.129
    endloop
  endfacet
  facet normal 0.000000 -0.995185 -0.098017
    outer loop
      vertex 57.000 107.800 19.500
      vertex 95.000 107.800 19.500
      vertex 95.000 107.708 20.436
    endloop
  endfacet
  facet normal 0.000000 -0.995185 -0.098017
    outer loop
      vertex 57.000 107.800 19.500
      vertex 95.000 107.708 20.436
      vertex 57.000 107.708 20.436
    endloop
  endfacet
  facet normal 0.000000 0.995185 0.098017
    outer loop
      vertex 57.000 104.863 19.871
      vertex 95.000 104.863 19.871
      vertex 95.000 104.900 19.500
    endloop
  endfacet
  facet normal 0.000000 0.995185 0.098017
    outer loop
      vertex 57.000 104.863 19.871
      vertex 95.000 104.900 19.500
      vertex 57.000 104.900 19.500
    endloop
  endfacet
  facet normal -1.000000 0.000000 0.000000
    outer loop
      vertex 57.000 107.708 20.436
      vertex 57.000 107.800 19.500
      vertex 57.000 104.900 19.500
    endloop
  endfacet
  facet normal -1.000000 0.000000 0.000000
    outer loop
      vertex 57.000 107.708 20.436
      vertex 57.000 104.900 19.500
      vertex 57.000 104.863 19.871
    endloop
  endfacet
  facet normal 1.000000 0.000000 0.000000
    outer loop
      vertex 95.000 107.800 19.500
      vertex 95.000 107.708 20.436
      vertex 95.000 104.863 19.871
    endloop
  endfacet
  facet normal 1.000000 0.000000 0.000000
    outer loop
      vertex 95.000 107.800 19.500
      vertex 95.000 104.863 19.871
      vertex 95.000 104.900 19.500
    endloop
  endfacet
  facet normal 0.000000 -0.956940 -0.290285
    outer loop
      vertex 57.000 107.708 20.436
      vertex 95.000 107.708 20.436
      vertex 95.000 107.435 21.337
    endloop
  endfacet
  facet normal 0.000000 -0.956940 -0.290285
    outer loop
      vertex 57.000 107.708 20.436
      vertex 95.000 107.435 21.337
      vertex 57.000 107.435 21.337
    endloop
  endfacet
  facet normal 0.000000 0.956940 0.290285
    outer loop
      vertex 57.000 104.755 20.227
      vertex 95.000 104.755 20.227
      vertex 95.000 104.863 19.871
    endloop
  endfacet
  facet normal 0.000000 0.956940 0.290285
    outer loop
      vertex 57.000 104.755 20.227
      vertex 95.000 104.863 19.871
      vertex 57.000 104.863 19.871
    endloop
  endfacet
  facet normal -1.000000 0.000000 0.000000
    outer loop
      vertex 57.000 107.435 21.337
      vertex 57.000 107.708 20.436
      vertex 57.000 104.863 19.871
    endloop
  endfacet
  facet normal -1.000000 0.000000 0.000000
    outer loop
      vertex 57.000 107.435 21.337
      vertex 57.000 104.863 19.871
      vertex 57.000 104.755 20.227
    endloop
  endfacet
  facet normal 1.000000 0.000000 0.000000
    outer loop
      vertex 95.000 107.708 20.436
      vertex 95.000 107.435 21.337
      vertex 95.000 104.755 20.227
    endloop
  endfacet
  facet normal 1.000000 0.000000 0.000000
    outer loop
      vertex 95.000 107.708 20.436
      vertex 95.000 104.755 20.227
      vertex 95.000 104.863 19.871
    endloop
  endfacet
  facet normal 0.000000 -0.881921 -0.471397
    outer loop
      vertex 57.000 107.435 21.337
      vertex 95.000 107.435 21.337
      vertex 95.000 106.991 22.167
    endloop
  endfacet
  facet normal 0.000000 -0.881921 -0.471397
    outer loop
      vertex 57.000 107.435 21.337
      vertex 95.000 106.991 22.167
      vertex 57.000 106.991 22.167
    endloop
  endfacet
  facet normal 0.000000 0.881921 0.471397
    outer loop
      vertex 57.000 104.580 20.556
      vertex 95.000 104.580 20.556
      vertex 95.000 104.755 20.227
    endloop
  endfacet
  facet normal 0.000000 0.881921 0.471397
    outer loop
      vertex 57.000 104.580 20.556
      vertex 95.000 104.755 20.227
      vertex 57.000 104.755 20.227
    endloop
  endfacet
  facet normal -1.000000 0.000000 0.000000
    outer loop
      vertex 57.000 106.991 22.167
      vertex 57.000 107.435 21.337
      vertex 57.000 104.755 20.227
    endloop
  endfacet
  facet normal -1.000000 0.000000 0.000000
    outer loop
      vertex 57.000 106.991 22.167
      vertex 57.000 104.755 20.227
      vertex 57.000 104.580 20.556
    endloop
  endfacet
  facet normal 1.000000 0.000000 0.000000
    outer loop
      vertex 95.000 107.435 21.337
      vertex 95.000 106.991 22.167
      vertex 95.000 104.580 20.556
    endloop
  endfacet
  facet normal 1.000000 0.000000 0.000000
    outer loop
      vertex 95.000 107.435 21.337
      vertex 95.000 104.580 20.556
      vertex 95.000 104.755 20.227
    endloop
  endfacet
  facet normal 0.000000 -0.773010 -0.634393
    outer loop
      vertex 57.000 106.991 22.167
      vertex 95.000 106.991 22.167
      vertex 95.000 106.394 22.894
    endloop
  endfacet
  facet normal 0.000000 -0.773010 -0.634393
    outer loop
      vertex 57.000 106.991 22.167
      vertex 95.000 106.394 22.894
      vertex 57.000 106.394 22.894
    endloop
  endfacet
  facet normal 0.000000 0.773010 0.634393
    outer loop
      vertex 57.000 104.344 20.844
      vertex 95.000 104.344 20.844
      vertex 95.000 104.580 20.556
    endloop
  endfacet
  facet normal 0.000000 0.773010 0.634393
    outer loop
      vertex 57.000 104.344 20.844
      vertex 95.000 104.580 20.556
      vertex 57.000 104.580 20.556
    endloop
  endfacet
  facet normal -1.000000 0.000000 0.000000
    outer loop
      vertex 57.000 106.394 22.894
      vertex 57.000 106.991 22.167
      vertex 57.000 104.580 20.556
    endloop
  endfacet
  facet normal -1.000000 0.000000 0.000000
    outer loop
      vertex 57.000 106.394 22.894
      vertex 57.000 104.580 20.556
      vertex 57.000 104.344 20.844
    endloop
  endfacet
  facet normal 1.000000 0.000000 0.000000
    outer loop
      vertex 95.000 106.991 22.167
      vertex 95.000 106.394 22.894
      vertex 95.000 104.344 20.844
    endloop
  endfacet
  facet normal 1.000000 0.000000 0.000000
    outer loop
      vertex 95.000 106.991 22.167
      vertex 95.000 104.344 20.844
      vertex 95.000 104.580 20.556
    endloop
  endfacet
  facet normal 0.000000 -0.634393 -0.773010
    outer loop
      vertex 57.000 106.394 22.894
      vertex 95.000 106.394 22.894
      vertex 95.000 105.667 23.491
    endloop
  endfacet
  facet normal 0.000000 -0.634393 -0.773010
    outer loop
      vertex 57.000 106.394 22.894
      vertex 95.000 105.667 23.491
      vertex 57.000 105.667 23.491
    endloop
  endfacet
  facet normal 0.000000 0.634393 0.773010
    outer loop
      vertex 57.000 104.056 21.080
      vertex 95.000 104.056 21.080
      vertex 95.000 104.344 20.844
    endloop
  endfacet
  facet normal 0.000000 0.634393 0.773010
    outer loop
      vertex 57.000 104.056 21.080
      vertex 95.000 104.344 20.844
      vertex 57.000 104.344 20.844
    endloop
  endfacet
  facet normal -1.000000 0.000000 0.000000
    outer loop
      vertex 57.000 105.667 23.491
      vertex 57.000 106.394 22.894
      vertex 57.000 104.344 20.844
    endloop
  endfacet
  facet normal -1.000000 0.000000 0.000000
    outer loop
      vertex 57.000 105.667 23.491
      vertex 57.000 104.344 20.844
      vertex 57.000 104.056 21.080
    endloop
  endfacet
  facet normal 1.000000 0.000000 0.000000
    outer loop
      vertex 95.000 106.394 22.894
      vertex 95.000 105.667 23.491
      vertex 95.000 104.056 21.080
    endloop
  endfacet
  facet normal 1.000000 0.000000 0.000000
    outer loop
      vertex 95.000 106.394 22.894
      vertex 95.000 104.056 21.080
      vertex 95.000 104.344 20.844
    endloop
  endfacet
  facet normal 0.000000 -0.471397 -0.881921
    outer loop
      vertex 57.000 105.667 23.491
      vertex 95.000 105.667 23.491
      vertex 95.000 104.837 23.935
    endloop
  endfacet
  facet normal 0.000000 -0.471397 -0.881921
    outer loop
      vertex 57.000 105.667 23.491
      vertex 95.000 104.837 23.935
      vertex 57.000 104.837 23.935
    endloop
  endfacet
  facet normal 0.000000 0.471397 0.881921
    outer loop
      vertex 57.000 103.727 21.255
      vertex 95.000 103.727 21.255
      vertex 95.000 104.056 21.080
    endloop
  endfacet
  facet normal 0.000000 0.471397 0.881921
    outer loop
      vertex 57.000 103.727 21.255
      vertex 95.000 104.056 21.080
      vertex 57.000 104.056 21.080
    endloop
  endfacet
  facet normal -1.000000 0.000000 0.000000
    outer loop
      vertex 57.000 104.837 23.935
      vertex 57.000 105.667 23.491
      vertex 57.000 104.056 21.080
    endloop
  endfacet
  facet normal -1.000000 0.000000 0.000000
    outer loop
      vertex 57.000 104.837 23.935
      vertex 57.000 104.056 21.080
      vertex 57.000 103.727 21.255
    endloop
  endfacet
  facet normal 1.000000 0.000000 0.000000
    outer loop
      vertex 95.000 105.667 23.491
      vertex 95.000 104.837 23.935
      vertex 95.000 103.727 21.255
    endloop
  endfacet
  facet normal 1.000000 0.000000 0.000000
    outer loop
      vertex 95.000 105.667 23.491
      vertex 95.000 103.727 21.255
      vertex 95.000 104.056 21.080
    endloop
  endfacet
  facet normal 0.000000 -0.290285 -0.956940
    outer loop
      vertex 57.000 104.837 23.935
      vertex 95.000 104.837 23.935
      vertex 95.000 103.936 24.208
    endloop
  endfacet
  facet normal 0.000000 -0.290285 -0.956940
    outer loop
      vertex 57.000 104.837 23.935
      vertex 95.000 103.936 24.208
      vertex 57.000 103.936 24.208
    endloop
  endfacet
  facet normal 0.000000 0.290285 0.956940
    outer loop
      vertex 57.000 103.371 21.363
      vertex 95.000 103.371 21.363
      vertex 95.000 103.727 21.255
    endloop
  endfacet
  facet normal 0.000000 0.290285 0.956940
    outer loop
      vertex 57.000 103.371 21.363
      vertex 95.000 103.727 21.255
      vertex 57.000 103.727 21.255
    endloop
  endfacet
  facet normal -1.000000 0.000000 0.000000
    outer loop
      vertex 57.000 103.936 24.208
      vertex 57.000 104.837 23.935
      vertex 57.000 103.727 21.255
    endloop
  endfacet
  facet normal -1.000000 0.000000 0.000000
    outer loop
      vertex 57.000 103.936 24.208
      vertex 57.000 103.727 21.255
      vertex 57.000 103.371 21.363
    endloop
  endfacet
  facet normal 1.000000 0.000000 0.000000
    outer loop
      vertex 95.000 104.837 23.935
      vertex 95.000 103.936 24.208
      vertex 95.000 103.371 21.363
    endloop
  endfacet
  facet normal 1.000000 0.000000 0.000000
    outer loop
      vertex 95.000 104.837 23.935
      vertex 95.000 103.371 21.363
      vertex 95.000 103.727 21.255
    endloop
  endfacet
  facet normal 0.000000 -0.098017 -0.995185
    outer loop
      vertex 57.000 103.936 24.208
      vertex 95.000 103.936 24.208
      vertex 95.000 103.000 24.300
    endloop
  endfacet
  facet normal 0.000000 -0.098017 -0.995185
    outer loop
      vertex 57.000 103.936 24.208
      vertex 95.000 103.000 24.300
      vertex 57.000 103.000 24.300
    endloop
  endfacet
  facet normal 0.000000 0.098017 0.995185
    outer loop
      vertex 57.000 103.000 21.400
      vertex 95.000 103.000 21.400
      vertex 95.000 103.371 21.363
    endloop
  endfacet
  facet normal 0.000000 0.098017 0.995185
    outer loop
      vertex 57.000 103.000 21.400
      vertex 95.000 103.371 21.363
      vertex 57.000 103.371 21.363
    endloop
  endfacet
  facet normal -1.000000 0.000000 0.000000
    outer loop
      vertex 57.000 103.000 24.300
      vertex 57.000 103.936 24.208
      vertex 57.000 103.371 21.363
    endloop
  endfacet
  facet normal -1.000000 0.000000 0.000000
    outer loop
      vertex 57.000 103.000 24.300
      vertex 57.000 103.371 21.363
      vertex 57.000 103.000 21.400
    endloop
  endfacet
  facet normal 1.000000 0.000000 0.000000
    outer loop
      vertex 95.000 103.936 24.208
      vertex 95.000 103.000 24.300
      vertex 95.000 103.000 21.400
    endloop
  endfacet
  facet normal 1.000000 0.000000 0.000000
    outer loop
      vertex 95.000 103.936 24.208
      vertex 95.000 103.000 21.400
      vertex 95.000 103.371 21.363
    endloop
  endfacet
  facet normal 0.000000 0.098017 -0.995185
    outer loop
      vertex 57.000 103.000 24.300
      vertex 95.000 103.000 24.300
      vertex 95.000 102.064 24.208
    endloop
  endfacet
  facet normal 0.000000 0.098017 -0.995185
    outer loop
      vertex 57.000 103.000 24.300
      vertex 95.000 102.064 24.208
      vertex 57.000 102.064 24.208
    endloop
  endfacet
  facet normal 0.000000 -0.098017 0.995185
    outer loop
      vertex 57.000 102.629 21.363
      vertex 95.000 102.629 21.363
      vertex 95.000 103.000 21.400
    endloop
  endfacet
  facet normal 0.000000 -0.098017 0.995185
    outer loop
      vertex 57.000 102.629 21.363
      vertex 95.000 103.000 21.400
      vertex 57.000 103.000 21.400
    endloop
  endfacet
  facet normal -1.000000 0.000000 0.000000
    outer loop
      vertex 57.000 102.064 24.208
      vertex 57.000 103.000 24.300
      vertex 57.000 103.000 21.400
    endloop
  endfacet
  facet normal -1.000000 0.000000 0.000000
    outer loop
      vertex 57.000 102.064 24.208
      vertex 57.000 103.000 21.400
      vertex 57.000 102.629 21.363
    endloop
  endfacet
  facet normal 1.000000 0.000000 0.000000
    outer loop
      vertex 95.000 103.000 24.300
      vertex 95.000 102.064 24.208
      vertex 95.000 102.629 21.363
    endloop
  endfacet
  facet normal 1.000000 0.000000 0.000000
    outer loop
      vertex 95.000 103.000 24.300
      vertex 95.000 102.629 21.363
      vertex 95.000 103.000 21.400
    endloop
  endfacet
  facet normal 0.000000 0.290285 -0.956940
    outer loop
      vertex 57.000 102.064 24.208
      vertex 95.000 102.064 24.208
      vertex 95.000 101.163 23.935
    endloop
  endfacet
  facet normal 0.000000 0.290285 -0.956940
    outer loop
      vertex 57.000 102.064 24.208
      vertex 95.000 101.163 23.935
      vertex 57.000 101.163 23.935
    endloop
  endfacet
  facet normal 0.000000 -0.290285 0.956940
    outer loop
      vertex 57.000 102.273 21.255
      vertex 95.000 102.273 21.255
      vertex 95.000 102.629 21.363
    endloop
  endfacet
  facet normal 0.000000 -0.290285 0.956940
    outer loop
      vertex 57.000 102.273 21.255
      vertex 95.000 102.629 21.363
      vertex 57.000 102.629 21.363
    endloop
  endfacet
  facet normal -1.000000 0.000000 0.000000
    outer loop
      vertex 57.000 101.163 23.935
      vertex 57.000 102.064 24.208
      vertex 57.000 102.629 21.363
    endloop
  endfacet
  facet normal -1.000000 0.000000 0.000000
    outer loop
      vertex 57.000 101.163 23.935
      vertex 57.000 102.629 21.363
      vertex 57.000 102.273 21.255
    endloop
  endfacet
  facet normal 1.000000 0.000000 0.000000
    outer loop
      vertex 95.000 102.064 24.208
      vertex 95.000 101.163 23.935
      vertex 95.000 102.273 21.255
    endloop
  endfacet
  facet normal 1.000000 0.000000 0.000000
    outer loop
      vertex 95.000 102.064 24.208
      vertex 95.000 102.273 21.255
      vertex 95.000 102.629 21.363
    endloop
  endfacet
  facet normal 0.000000 0.471397 -0.881921
    outer loop
      vertex 57.000 101.163 23.935
      vertex 95.000 101.163 23.935
      vertex 95.000 100.333 23.491
    endloop
  endfacet
  facet normal 0.000000 0.471397 -0.881921
    outer loop
      vertex 57.000 101.163 23.935
      vertex 95.000 100.333 23.491
      vertex 57.000 100.333 23.491
    endloop
  endfacet
  facet normal 0.000000 -0.471397 0.881921
    outer loop
      vertex 57.000 101.944 21.080
      vertex 95.000 101.944 21.080
      vertex 95.000 102.273 21.255
    endloop
  endfacet
  facet normal 0.000000 -0.471397 0.881921
    outer loop
      vertex 57.000 101.944 21.080
      vertex 95.000 102.273 21.255
      vertex 57.000 102.273 21.255
    endloop
  endfacet
  facet normal -1.000000 0.000000 0.000000
    outer loop
      vertex 57.000 100.333 23.491
      vertex 57.000 101.163 23.935
      vertex 57.000 102.273 21.255
    endloop
  endfacet
  facet normal -1.000000 0.000000 0.000000
    outer loop
      vertex 57.000 100.333 23.491
      vertex 57.000 102.273 21.255
      vertex 57.000 101.944 21.080
    endloop
  endfacet
  facet normal 1.000000 0.000000 0.000000
    outer loop
      vertex 95.000 101.163 23.935
      vertex 95.000 100.333 23.491
      vertex 95.000 101.944 21.080
    endloop
  endfacet
  facet normal 1.000000 0.000000 0.000000
    outer loop
      vertex 95.000 101.163 23.935
      vertex 95.000 101.944 21.080
      vertex 95.000 102.273 21.255
    endloop
  endfacet
  facet normal 0.000000 0.634393 -0.773010
    outer loop
      vertex 57.000 100.333 23.491
      vertex 95.000 100.333 23.491
      vertex 95.000 99.606 22.894
    endloop
  endfacet
  facet normal 0.000000 0.634393 -0.773010
    outer loop
      vertex 57.000 100.333 23.491
      vertex 95.000 99.606 22.894
      vertex 57.000 99.606 22.894
    endloop
  endfacet
  facet normal 0.000000 -0.634393 0.773010
    outer loop
      vertex 57.000 101.656 20.844
      vertex 95.000 101.656 20.844
      vertex 95.000 101.944 21.080
    endloop
  endfacet
  facet normal 0.000000 -0.634393 0.773010
    outer loop
      vertex 57.000 101.656 20.844
      vertex 95.000 101.944 21.080
      vertex 57.000 101.944 21.080
    endloop
  endfacet
  facet normal -1.000000 0.000000 0.000000
    outer loop
      vertex 57.000 99.606 22.894
      vertex 57.000 100.333 23.491
      vertex 57.000 101.944 21.080
    endloop
  endfacet
  facet normal -1.000000 0.000000 0.000000
    outer loop
      vertex 57.000 99.606 22.894
      vertex 57.000 101.944 21.080
      vertex 57.000 101.656 20.844
    endloop
  endfacet
  facet normal 1.000000 0.000000 0.000000
    outer loop
      vertex 95.000 100.333 23.491
      vertex 95.000 99.606 22.894
      vertex 95.000 101.656 20.844
    endloop
  endfacet
  facet normal 1.000000 0.000000 0.000000
    outer loop
      vertex 95.000 100.333 23.491
      vertex 95.000 101.656 20.844
      vertex 95.000 101.944 21.080
    endloop
  endfacet
  facet normal 0.000000 0.773010 -0.634393
    outer loop
      vertex 57.000 99.606 22.894
      vertex 95.000 99.606 22.894
      vertex 95.000 99.009 22.167
    endloop
  endfacet
  facet normal 0.000000 0.773010 -0.634393
    outer loop
      vertex 57.000 99.606 22.894
      vertex 95.000 99.009 22.167
      vertex 57.000 99.009 22.167
    endloop
  endfacet
  facet normal 0.000000 -0.773010 0.634393
    outer loop
      vertex 57.000 101.420 20.556
      vertex 95.000 101.420 20.556
      vertex 95.000 101.656 20.844
    endloop
  endfacet
  facet normal 0.000000 -0.773010 0.634393
    outer loop
      vertex 57.000 101.420 20.556
      vertex 95.000 101.656 20.844
      vertex 57.000 101.656 20.844
    endloop
  endfacet
  facet normal -1.000000 0.000000 0.000000
    outer loop
      vertex 57.000 99.009 22.167
      vertex 57.000 99.606 22.894
      vertex 57.000 101.656 20.844
    endloop
  endfacet
  facet normal -1.000000 0.000000 0.000000
    outer loop
      vertex 57.000 99.009 22.167
      vertex 57.000 101.656 20.844
      vertex 57.000 101.420 20.556
    endloop
  endfacet
  facet normal 1.000000 0.000000 0.000000
    outer loop
      vertex 95.000 99.606 22.894
      vertex 95.000 99.009 22.167
      vertex 95.000 101.420 20.556
    endloop
  endfacet
  facet normal 1.000000 0.000000 0.000000
    outer loop
      vertex 95.000 99.606 22.894
      vertex 95.000 101.420 20.556
      vertex 95.000 101.656 20.844
    endloop
  endfacet
  facet normal 0.000000 0.881921 -0.471397
    outer loop
      vertex 57.000 99.009 22.167
      vertex 95.000 99.009 22.167
      vertex 95.000 98.565 21.337
    endloop
  endfacet
  facet normal 0.000000 0.881921 -0.471397
    outer loop
      vertex 57.000 99.009 22.167
      vertex 95.000 98.565 21.337
      vertex 57.000 98.565 21.337
    endloop
  endfacet
  facet normal 0.000000 -0.881921 0.471397
    outer loop
      vertex 57.000 101.245 20.227
      vertex 95.000 101.245 20.227
      vertex 95.000 101.420 20.556
    endloop
  endfacet
  facet normal 0.000000 -0.881921 0.471397
    outer loop
      vertex 57.000 101.245 20.227
      vertex 95.000 101.420 20.556
      vertex 57.000 101.420 20.556
    endloop
  endfacet
  facet normal -1.000000 0.000000 0.000000
    outer loop
      vertex 57.000 98.565 21.337
      vertex 57.000 99.009 22.167
      vertex 57.000 101.420 20.556
    endloop
  endfacet
  facet normal -1.000000 0.000000 0.000000
    outer loop
      vertex 57.000 98.565 21.337
      vertex 57.000 101.420 20.556
      vertex 57.000 101.245 20.227
    endloop
  endfacet
  facet normal 1.000000 0.000000 0.000000
    outer loop
      vertex 95.000 99.009 22.167
      vertex 95.000 98.565 21.337
      vertex 95.000 101.245 20.227
    endloop
  endfacet
  facet normal 1.000000 0.000000 0.000000
    outer loop
      vertex 95.000 99.009 22.167
      vertex 95.000 101.245 20.227
      vertex 95.000 101.420 20.556
    endloop
  endfacet
  facet normal 0.000000 0.956940 -0.290285
    outer loop
      vertex 57.000 98.565 21.337
      vertex 95.000 98.565 21.337
      vertex 95.000 98.292 20.436
    endloop
  endfacet
  facet normal 0.000000 0.956940 -0.290285
    outer loop
      vertex 57.000 98.565 21.337
      vertex 95.000 98.292 20.436
      vertex 57.000 98.292 20.436
    endloop
  endfacet
  facet normal 0.000000 -0.956940 0.290285
    outer loop
      vertex 57.000 101.137 19.871
      vertex 95.000 101.137 19.871
      vertex 95.000 101.245 20.227
    endloop
  endfacet
  facet normal 0.000000 -0.956940 0.290285
    outer loop
      vertex 57.000 101.137 19.871
      vertex 95.000 101.245 20.227
      vertex 57.000 101.245 20.227
    endloop
  endfacet
  facet normal -1.000000 0.000000 0.000000
    outer loop
      vertex 57.000 98.292 20.436
      vertex 57.000 98.565 21.337
      vertex 57.000 101.245 20.227
    endloop
  endfacet
  facet normal -1.000000 0.000000 0.000000
    outer loop
      vertex 57.000 98.292 20.436
      vertex 57.000 101.245 20.227
      vertex 57.000 101.137 19.871
    endloop
  endfacet
  facet normal 1.000000 0.000000 0.000000
    outer loop
      vertex 95.000 98.565 21.337
      vertex 95.000 98.292 20.436
      vertex 95.000 101.137 19.871
    endloop
  endfacet
  facet normal 1.000000 0.000000 0.000000
    outer loop
      vertex 95.000 98.565 21.337
      vertex 95.000 101.137 19.871
      vertex 95.000 101.245 20.227
    endloop
  endfacet
  facet normal 0.000000 0.995185 -0.098017
    outer loop
      vertex 57.000 98.292 20.436
      vertex 95.000 98.292 20.436
      vertex 95.000 98.200 19.500
    endloop
  endfacet
  facet normal 0.000000 0.995185 -0.098017
    outer loop
      vertex 57.000 98.292 20.436
      vertex 95.000 98.200 19.500
      vertex 57.000 98.200 19.500
    endloop
  endfacet
  facet normal 0.000000 -0.995185 0.098017
    outer loop
      vertex 57.000 101.100 19.500
      vertex 95.000 101.100 19.500
      vertex 95.000 101.137 19.871
    endloop
  endfacet
  facet normal 0.000000 -0.995185 0.098017
    outer loop
      vertex 57.000 101.100 19.500
      vertex 95.000 101.137 19.871
      vertex 57.000 101.137 19.871
    endloop
  endfacet
  facet normal -1.000000 0.000000 0.000000
    outer loop
      vertex 57.000 98.200 19.500
      vertex 57.000 98.292 20.436
      vertex 57.000 101.137 19.871
    endloop
  endfacet
  facet normal -1.000000 0.000000 0.000000
    outer loop
      vertex 57.000 98.200 19.500
      vertex 57.000 101.137 19.871
      vertex 57.000 101.100 19.500
    endloop
  endfacet
  facet normal 1.000000 0.000000 0.000000
    outer loop
      vertex 95.000 98.292 20.436
      vertex 95.000 98.200 19.500
      vertex 95.000 101.100 19.500
    endloop
  endfacet
  facet normal 1.000000 0.000000 0.000000
    outer loop
      vertex 95.000 98.292 20.436
      vertex 95.000 101.100 19.500
      vertex 95.000 101.137 19.871
    endloop
  endfacet
  facet normal 0.000000 0.995185 0.098017
    outer loop
      vertex 57.000 98.200 19.500
      vertex 95.000 98.200 19.500
      vertex 95.000 98.292 18.564
    endloop
  endfacet
  facet normal 0.000000 0.995185 0.098017
    outer loop
      vertex 57.000 98.200 19.500
      vertex 95.000 98.292 18.564
      vertex 57.000 98.292 18.564
    endloop
  endfacet
  facet normal 0.000000 -0.995185 -0.098017
    outer loop
      vertex 57.000 101.137 19.129
      vertex 95.000 101.137 19.129
      vertex 95.000 101.100 19.500
    endloop
  endfacet
  facet normal 0.000000 -0.995185 -0.098017
    outer loop
      vertex 57.000 101.137 19.129
      vertex 95.000 101.100 19.500
      vertex 57.000 101.100 19.500
    endloop
  endfacet
  facet normal -1.000000 0.000000 0.000000
    outer loop
      vertex 57.000 98.292 18.564
      vertex 57.000 98.200 19.500
      vertex 57.000 101.100 19.500
    endloop
  endfacet
  facet normal -1.000000 0.000000 0.000000
    outer loop
      vertex 57.000 98.292 18.564
      vertex 57.000 101.100 19.500
      vertex 57.000 101.137 19.129
    endloop
  endfacet
  facet normal 1.000000 0.000000 0.000000
    outer loop
      vertex 95.000 98.200 19.500
      vertex 95.000 98.292 18.564
      vertex 95.000 101.137 19.129
    endloop
  endfacet
  facet normal 1.000000 0.000000 0.000000
    outer loop
      vertex 95.000 98.200 19.500
      vertex 95.000 101.137 19.129
      vertex 95.000 101.100 19.500
    endloop
  endfacet
  facet normal 0.000000 0.956940 0.290285
    outer loop
      vertex 57.000 98.292 18.564
      vertex 95.000 98.292 18.564
      vertex 95.000 98.565 17.663
    endloop
  endfacet
  facet normal 0.000000 0.956940 0.290285
    outer loop
      vertex 57.000 98.292 18.564
      vertex 95.000 98.565 17.663
      vertex 57.000 98.565 17.663
    endloop
  endfacet
  facet normal 0.000000 -0.956940 -0.290285
    outer loop
      vertex 57.000 101.245 18.773
      vertex 95.000 101.245 18.773
      vertex 95.000 101.137 19.129
    endloop
  endfacet
  facet normal 0.000000 -0.956940 -0.290285
    outer loop
      vertex 57.000 101.245 18.773
      vertex 95.000 101.137 19.129
      vertex 57.000 101.137 19.129
    endloop
  endfacet
  facet normal -1.000000 0.000000 0.000000
    outer loop
      vertex 57.000 98.565 17.663
      vertex 57.000 98.292 18.564
      vertex 57.000 101.137 19.129
    endloop
  endfacet
  facet normal -1.000000 0.000000 0.000000
    outer loop
      vertex 57.000 98.565 17.663
      vertex 57.000 101.137 19.129
      vertex 57.000 101.245 18.773
    endloop
  endfacet
  facet normal 1.000000 0.000000 0.000000
    outer loop
      vertex 95.000 98.292 18.564
      vertex 95.000 98.565 17.663
      vertex 95.000 101.245 18.773
    endloop
  endfacet
  facet normal 1.000000 0.000000 0.000000
    outer loop
      vertex 95.000 98.292 18.564
      vertex 95.000 101.245 18.773
      vertex 95.000 101.137 19.129
    endloop
  endfacet
  facet normal 0.000000 0.881921 0.471397
    outer loop
      vertex 57.000 98.565 17.663
      vertex 95.000 98.565 17.663
      vertex 95.000 99.009 16.833
    endloop
  endfacet
  facet normal 0.000000 0.881921 0.471397
    outer loop
      vertex 57.000 98.565 17.663
      vertex 95.000 99.009 16.833
      vertex 57.000 99.009 16.833
    endloop
  endfacet
  facet normal 0.000000 -0.881921 -0.471397
    outer loop
      vertex 57.000 101.420 18.444
      vertex 95.000 101.420 18.444
      vertex 95.000 101.245 18.773
    endloop
  endfacet
  facet normal 0.000000 -0.881921 -0.471397
    outer loop
      vertex 57.000 101.420 18.444
      vertex 95.000 101.245 18.773
      vertex 57.000 101.245 18.773
    endloop
  endfacet
  facet normal -1.000000 0.000000 0.000000
    outer loop
      vertex 57.000 99.009 16.833
      vertex 57.000 98.565 17.663
      vertex 57.000 101.245 18.773
    endloop
  endfacet
  facet normal -1.000000 0.000000 0.000000
    outer loop
      vertex 57.000 99.009 16.833
      vertex 57.000 101.245 18.773
      vertex 57.000 101.420 18.444
    endloop
  endfacet
  facet normal 1.000000 0.000000 0.000000
    outer loop
      vertex 95.000 98.565 17.663
      vertex 95.000 99.009 16.833
      vertex 95.000 101.420 18.444
    endloop
  endfacet
  facet normal 1.000000 0.000000 0.000000
    outer loop
      vertex 95.000 98.565 17.663
      vertex 95.000 101.420 18.444
      vertex 95.000 101.245 18.773
    endloop
  endfacet
  facet normal 0.000000 0.773010 0.634393
    outer loop
      vertex 57.000 99.009 16.833
      vertex 95.000 99.009 16.833
      vertex 95.000 99.606 16.106
    endloop
  endfacet
  facet normal 0.000000 0.773010 0.634393
    outer loop
      vertex 57.000 99.009 16.833
      vertex 95.000 99.606 16.106
      vertex 57.000 99.606 16.106
    endloop
  endfacet
  facet normal 0.000000 -0.773010 -0.634393
    outer loop
      vertex 57.000 101.656 18.156
      vertex 95.000 101.656 18.156
      vertex 95.000 101.420 18.444
    endloop
  endfacet
  facet normal 0.000000 -0.773010 -0.634393
    outer loop
      vertex 57.000 101.656 18.156
      vertex 95.000 101.420 18.444
      vertex 57.000 101.420 18.444
    endloop
  endfacet
  facet normal -1.000000 0.000000 0.000000
    outer loop
      vertex 57.000 99.606 16.106
      vertex 57.000 99.009 16.833
      vertex 57.000 101.420 18.444
    endloop
  endfacet
  facet normal -1.000000 0.000000 0.000000
    outer loop
      vertex 57.000 99.606 16.106
      vertex 57.000 101.420 18.444
      vertex 57.000 101.656 18.156
    endloop
  endfacet
  facet normal 1.000000 0.000000 0.000000
    outer loop
      vertex 95.000 99.009 16.833
      vertex 95.000 99.606 16.106
      vertex 95.000 101.656 18.156
    endloop
  endfacet
  facet normal 1.000000 0.000000 0.000000
    outer loop
      vertex 95.000 99.009 16.833
      vertex 95.000 101.656 18.156
      vertex 95.000 101.420 18.444
    endloop
  endfacet
  facet normal 0.000000 0.634393 0.773010
    outer loop
      vertex 57.000 99.606 16.106
      vertex 95.000 99.606 16.106
      vertex 95.000 100.333 15.509
    endloop
  endfacet
  facet normal 0.000000 0.634393 0.773010
    outer loop
      vertex 57.000 99.606 16.106
      vertex 95.000 100.333 15.509
      vertex 57.000 100.333 15.509
    endloop
  endfacet
  facet normal 0.000000 -0.634393 -0.773010
    outer loop
      vertex 57.000 101.944 17.920
      vertex 95.000 101.944 17.920
      vertex 95.000 101.656 18.156
    endloop
  endfacet
  facet normal 0.000000 -0.634393 -0.773010
    outer loop
      vertex 57.000 101.944 17.920
      vertex 95.000 101.656 18.156
      vertex 57.000 101.656 18.156
    endloop
  endfacet
  facet normal -1.000000 0.000000 0.000000
    outer loop
      vertex 57.000 100.333 15.509
      vertex 57.000 99.606 16.106
      vertex 57.000 101.656 18.156
    endloop
  endfacet
  facet normal -1.000000 0.000000 0.000000
    outer loop
      vertex 57.000 100.333 15.509
      vertex 57.000 101.656 18.156
      vertex 57.000 101.944 17.920
    endloop
  endfacet
  facet normal 1.000000 0.000000 0.000000
    outer loop
      vertex 95.000 99.606 16.106
      vertex 95.000 100.333 15.509
      vertex 95.000 101.944 17.920
    endloop
  endfacet
  facet normal 1.000000 0.000000 0.000000
    outer loop
      vertex 95.000 99.606 16.106
      vertex 95.000 101.944 17.920
      vertex 95.000 101.656 18.156
    endloop
  endfacet
  facet normal 0.000000 0.471397 0.881921
    outer loop
      vertex 57.000 100.333 15.509
      vertex 95.000 100.333 15.509
      vertex 95.000 101.163 15.065
    endloop
  endfacet
  facet normal 0.000000 0.471397 0.881921
    outer loop
      vertex 57.000 100.333 15.509
      vertex 95.000 101.163 15.065
      vertex 57.000 101.163 15.065
    endloop
  endfacet
  facet normal 0.000000 -0.471397 -0.881921
    outer loop
      vertex 57.000 102.273 17.745
      vertex 95.000 102.273 17.745
      vertex 95.000 101.944 17.920
    endloop
  endfacet
  facet normal 0.000000 -0.471397 -0.881921
    outer loop
      vertex 57.000 102.273 17.745
      vertex 95.000 101.944 17.920
      vertex 57.000 101.944 17.920
    endloop
  endfacet
  facet normal -1.000000 0.000000 0.000000
    outer loop
      vertex 57.000 101.163 15.065
      vertex 57.000 100.333 15.509
      vertex 57.000 101.944 17.920
    endloop
  endfacet
  facet normal -1.000000 0.000000 0.000000
    outer loop
      vertex 57.000 101.163 15.065
      vertex 57.000 101.944 17.920
      vertex 57.000 102.273 17.745
    endloop
  endfacet
  facet normal 1.000000 0.000000 0.000000
    outer loop
      vertex 95.000 100.333 15.509
      vertex 95.000 101.163 15.065
      vertex 95.000 102.273 17.745
    endloop
  endfacet
  facet normal 1.000000 0.000000 0.000000
    outer loop
      vertex 95.000 100.333 15.509
      vertex 95.000 102.273 17.745
      vertex 95.000 101.944 17.920
    endloop
  endfacet
  facet normal 0.000000 0.290285 0.956940
    outer loop
      vertex 57.000 101.163 15.065
      vertex 95.000 101.163 15.065
      vertex 95.000 102.064 14.792
    endloop
  endfacet
  facet normal 0.000000 0.290285 0.956940
    outer loop
      vertex 57.000 101.163 15.065
      vertex 95.000 102.064 14.792
      vertex 57.000 102.064 14.792
    endloop
  endfacet
  facet normal 0.000000 -0.290285 -0.956940
    outer loop
      vertex 57.000 102.629 17.637
      vertex 95.000 102.629 17.637
      vertex 95.000 102.273 17.745
    endloop
  endfacet
  facet normal 0.000000 -0.290285 -0.956940
    outer loop
      vertex 57.000 102.629 17.637
      vertex 95.000 102.273 17.745
      vertex 57.000 102.273 17.745
    endloop
  endfacet
  facet normal -1.000000 0.000000 0.000000
    outer loop
      vertex 57.000 102.064 14.792
      vertex 57.000 101.163 15.065
      vertex 57.000 102.273 17.745
    endloop
  endfacet
  facet normal -1.000000 0.000000 0.000000
    outer loop
      vertex 57.000 102.064 14.792
      vertex 57.000 102.273 17.745
      vertex 57.000 102.629 17.637
    endloop
  endfacet
  facet normal 1.000000 0.000000 0.000000
    outer loop
      vertex 95.000 101.163 15.065
      vertex 95.000 102.064 14.792
      vertex 95.000 102.629 17.637
    endloop
  endfacet
  facet normal 1.000000 0.000000 0.000000
    outer loop
      vertex 95.000 101.163 15.065
      vertex 95.000 102.629 17.637
      vertex 95.000 102.273 17.745
    endloop
  endfacet
  facet normal 0.000000 0.098017 0.995185
    outer loop
      vertex 57.000 102.064 14.792
      vertex 95.000 102.064 14.792
      vertex 95.000 103.000 14.700
    endloop
  endfacet
  facet normal 0.000000 0.098017 0.995185
    outer loop
      vertex 57.000 102.064 14.792
      vertex 95.000 103.000 14.700
      vertex 57.000 103.000 14.700
    endloop
  endfacet
  facet normal 0.000000 -0.098017 -0.995185
    outer loop
      vertex 57.000 103.000 17.600
      vertex 95.000 103.000 17.600
      vertex 95.000 102.629 17.637
    endloop
  endfacet
  facet normal 0.000000 -0.098017 -0.995185
    outer loop
      vertex 57.000 103.000 17.600
      vertex 95.000 102.629 17.637
      vertex 57.000 102.629 17.637
    endloop
  endfacet
  facet normal -1.000000 0.000000 0.000000
    outer loop
      vertex 57.000 103.000 14.700
      vertex 57.000 102.064 14.792
      vertex 57.000 102.629 17.637
    endloop
  endfacet
  facet normal -1.000000 0.000000 0.000000
    outer loop
      vertex 57.000 103.000 14.700
      vertex 57.000 102.629 17.637
      vertex 57.000 103.000 17.600
    endloop
  endfacet
  facet normal 1.000000 0.000000 0.000000
    outer loop
      vertex 95.000 102.064 14.792
      vertex 95.000 103.000 14.700
      vertex 95.000 103.000 17.600
    endloop
  endfacet
  facet normal 1.000000 0.000000 0.000000
    outer loop
      vertex 95.000 102.064 14.792
      vertex 95.000 103.000 17.600
      vertex 95.000 102.629 17.637
    endloop
  endfacet
  facet normal 0.000000 -0.098017 0.995185
    outer loop
      vertex 57.000 103.000 14.700
      vertex 95.000 103.000 14.700
      vertex 95.000 103.936 14.792
    endloop
  endfacet
  facet normal 0.000000 -0.098017 0.995185
    outer loop
      vertex 57.000 103.000 14.700
      vertex 95.000 103.936 14.792
      vertex 57.000 103.936 14.792
    endloop
  endfacet
  facet normal 0.000000 0.098017 -0.995185
    outer loop
      vertex 57.000 103.371 17.637
      vertex 95.000 103.371 17.637
      vertex 95.000 103.000 17.600
    endloop
  endfacet
  facet normal 0.000000 0.098017 -0.995185
    outer loop
      vertex 57.000 103.371 17.637
      vertex 95.000 103.000 17.600
      vertex 57.000 103.000 17.600
    endloop
  endfacet
  facet normal -1.000000 0.000000 0.000000
    outer loop
      vertex 57.000 103.936 14.792
      vertex 57.000 103.000 14.700
      vertex 57.000 103.000 17.600
    endloop
  endfacet
  facet normal -1.000000 0.000000 0.000000
    outer loop
      vertex 57.000 103.936 14.792
      vertex 57.000 103.000 17.600
      vertex 57.000 103.371 17.637
    endloop
  endfacet
  facet normal 1.000000 0.000000 0.000000
    outer loop
      vertex 95.000 103.000 14.700
      vertex 95.000 103.936 14.792
      vertex 95.000 103.371 17.637
    endloop
  endfacet
  facet normal 1.000000 0.000000 0.000000
    outer loop
      vertex 95.000 103.000 14.700
      vertex 95.000 103.371 17.637
      vertex 95.000 103.000 17.600
    endloop
  endfacet
  facet normal 0.000000 -0.290285 0.956940
    outer loop
      vertex 57.000 103.936 14.792
      vertex 95.000 103.936 14.792
      vertex 95.000 104.837 15.065
    endloop
  endfacet
  facet normal 0.000000 -0.290285 0.956940
    outer loop
      vertex 57.000 103.936 14.792
      vertex 95.000 104.837 15.065
      vertex 57.000 104.837 15.065
    endloop
  endfacet
  facet normal 0.000000 0.290285 -0.956940
    outer loop
      vertex 57.000 103.727 17.745
      vertex 95.000 103.727 17.745
      vertex 95.000 103.371 17.637
    endloop
  endfacet
  facet normal 0.000000 0.290285 -0.956940
    outer loop
      vertex 57.000 103.727 17.745
      vertex 95.000 103.371 17.637
      vertex 57.000 103.371 17.637
    endloop
  endfacet
  facet normal -1.000000 0.000000 0.000000
    outer loop
      vertex 57.000 104.837 15.065
      vertex 57.000 103.936 14.792
      vertex 57.000 103.371 17.637
    endloop
  endfacet
  facet normal -1.000000 0.000000 0.000000
    outer loop
      vertex 57.000 104.837 15.065
      vertex 57.000 103.371 17.637
      vertex 57.000 103.727 17.745
    endloop
  endfacet
  facet normal 1.000000 0.000000 0.000000
    outer loop
      vertex 95.000 103.936 14.792
      vertex 95.000 104.837 15.065
      vertex 95.000 103.727 17.745
    endloop
  endfacet
  facet normal 1.000000 0.000000 0.000000
    outer loop
      vertex 95.000 103.936 14.792
      vertex 95.000 103.727 17.745
      vertex 95.000 103.371 17.637
    endloop
  endfacet
  facet normal 0.000000 -0.471397 0.881921
    outer loop
      vertex 57.000 104.837 15.065
      vertex 95.000 104.837 15.065
      vertex 95.000 105.667 15.509
    endloop
  endfacet
  facet normal 0.000000 -0.471397 0.881921
    outer loop
      vertex 57.000 104.837 15.065
      vertex 95.000 105.667 15.509
      vertex 57.000 105.667 15.509
    endloop
  endfacet
  facet normal 0.000000 0.471397 -0.881921
    outer loop
      vertex 57.000 104.056 17.920
      vertex 95.000 104.056 17.920
      vertex 95.000 103.727 17.745
    endloop
  endfacet
  facet normal 0.000000 0.471397 -0.881921
    outer loop
      vertex 57.000 104.056 17.920
      vertex 95.000 103.727 17.745
      vertex 57.000 103.727 17.745
    endloop
  endfacet
  facet normal -1.000000 0.000000 0.000000
    outer loop
      vertex 57.000 105.667 15.509
      vertex 57.000 104.837 15.065
      vertex 57.000 103.727 17.745
    endloop
  endfacet
  facet normal -1.000000 0.000000 0.000000
    outer loop
      vertex 57.000 105.667 15.509
      vertex 57.000 103.727 17.745
      vertex 57.000 104.056 17.920
    endloop
  endfacet
  facet normal 1.000000 0.000000 0.000000
    outer loop
      vertex 95.000 104.837 15.065
      vertex 95.000 105.667 15.509
      vertex 95.000 104.056 17.920
    endloop
  endfacet
  facet normal 1.000000 0.000000 0.000000
    outer loop
      vertex 95.000 104.837 15.065
      vertex 95.000 104.056 17.920
      vertex 95.000 103.727 17.745
    endloop
  endfacet
  facet normal 0.000000 -0.634393 0.773010
    outer loop
      vertex 57.000 105.667 15.509
      vertex 95.000 105.667 15.509
      vertex 95.000 106.394 16.106
    endloop
  endfacet
  facet normal 0.000000 -0.634393 0.773010
    outer loop
      vertex 57.000 105.667 15.509
      vertex 95.000 106.394 16.106
      vertex 57.000 106.394 16.106
    endloop
  endfacet
  facet normal 0.000000 0.634393 -0.773010
    outer loop
      vertex 57.000 104.344 18.156
      vertex 95.000 104.344 18.156
      vertex 95.000 104.056 17.920
    endloop
  endfacet
  facet normal 0.000000 0.634393 -0.773010
    outer loop
      vertex 57.000 104.344 18.156
      vertex 95.000 104.056 17.920
      vertex 57.000 104.056 17.920
    endloop
  endfacet
  facet normal -1.000000 0.000000 0.000000
    outer loop
      vertex 57.000 106.394 16.106
      vertex 57.000 105.667 15.509
      vertex 57.000 104.056 17.920
    endloop
  endfacet
  facet normal -1.000000 0.000000 0.000000
    outer loop
      vertex 57.000 106.394 16.106
      vertex 57.000 104.056 17.920
      vertex 57.000 104.344 18.156
    endloop
  endfacet
  facet normal 1.000000 0.000000 0.000000
    outer loop
      vertex 95.000 105.667 15.509
      vertex 95.000 106.394 16.106
      vertex 95.000 104.344 18.156
    endloop
  endfacet
  facet normal 1.000000 0.000000 0.000000
    outer loop
      vertex 95.000 105.667 15.509
      vertex 95.000 104.344 18.156
      vertex 95.000 104.056 17.920
    endloop
  endfacet
  facet normal 0.000000 -0.773010 0.634393
    outer loop
      vertex 57.000 106.394 16.106
      vertex 95.000 106.394 16.106
      vertex 95.000 106.991 16.833
    endloop
  endfacet
  facet normal 0.000000 -0.773010 0.634393
    outer loop
      vertex 57.000 106.394 16.106
      vertex 95.000 106.991 16.833
      vertex 57.000 106.991 16.833
    endloop
  endfacet
  facet normal 0.000000 0.773010 -0.634393
    outer loop
      vertex 57.000 104.580 18.444
      vertex 95.000 104.580 18.444
      vertex 95.000 104.344 18.156
    endloop
  endfacet
  facet normal 0.000000 0.773010 -0.634393
    outer loop
      vertex 57.000 104.580 18.444
      vertex 95.000 104.344 18.156
      vertex 57.000 104.344 18.156
    endloop
  endfacet
  facet normal -1.000000 0.000000 0.000000
    outer loop
      vertex 57.000 106.991 16.833
      vertex 57.000 106.394 16.106
      vertex 57.000 104.344 18.156
    endloop
  endfacet
  facet normal -1.000000 0.000000 0.000000
    outer loop
      vertex 57.000 106.991 16.833
      vertex 57.000 104.344 18.156
      vertex 57.000 104.580 18.444
    endloop
  endfacet
  facet normal 1.000000 0.000000 0.000000
    outer loop
      vertex 95.000 106.394 16.106
      vertex 95.000 106.991 16.833
      vertex 95.000 104.580 18.444
    endloop
  endfacet
  facet normal 1.000000 0.000000 0.000000
    outer loop
      vertex 95.000 106.394 16.106
      vertex 95.000 104.580 18.444
      vertex 95.000 104.344 18.156
    endloop
  endfacet
  facet normal 0.000000 -0.881921 0.471397
    outer loop
      vertex 57.000 106.991 16.833
      vertex 95.000 106.991 16.833
      vertex 95.000 107.435 17.663
    endloop
  endfacet
  facet normal 0.000000 -0.881921 0.471397
    outer loop
      vertex 57.000 106.991 16.833
      vertex 95.000 107.435 17.663
      vertex 57.000 107.435 17.663
    endloop
  endfacet
  facet normal 0.000000 0.881921 -0.471397
    outer loop
      vertex 57.000 104.755 18.773
      vertex 95.000 104.755 18.773
      vertex 95.000 104.580 18.444
    endloop
  endfacet
  facet normal 0.000000 0.881921 -0.471397
    outer loop
      vertex 57.000 104.755 18.773
      vertex 95.000 104.580 18.444
      vertex 57.000 104.580 18.444
    endloop
  endfacet
  facet normal -1.000000 0.000000 0.000000
    outer loop
      vertex 57.000 107.435 17.663
      vertex 57.000 106.991 16.833
      vertex 57.000 104.580 18.444
    endloop
  endfacet
  facet normal -1.000000 0.000000 0.000000
    outer loop
      vertex 57.000 107.435 17.663
      vertex 57.000 104.580 18.444
      vertex 57.000 104.755 18.773
    endloop
  endfacet
  facet normal 1.000000 0.000000 0.000000
    outer loop
      vertex 95.000 106.991 16.833
      vertex 95.000 107.435 17.663
      vertex 95.000 104.755 18.773
    endloop
  endfacet
  facet normal 1.000000 0.000000 0.000000
    outer loop
      vertex 95.000 106.991 16.833
      vertex 95.000 104.755 18.773
      vertex 95.000 104.580 18.444
    endloop
  endfacet
  facet normal 0.000000 -0.956940 0.290285
    outer loop
      vertex 57.000 107.435 17.663
      vertex 95.000 107.435 17.663
      vertex 95.000 107.708 18.564
    endloop
  endfacet
  facet normal 0.000000 -0.956940 0.290285
    outer loop
      vertex 57.000 107.435 17.663
      vertex 95.000 107.708 18.564
      vertex 57.000 107.708 18.564
    endloop
  endfacet
  facet normal 0.000000 0.956940 -0.290285
    outer loop
      vertex 57.000 104.863 19.129
      vertex 95.000 104.863 19.129
      vertex 95.000 104.755 18.773
    endloop
  endfacet
  facet normal 0.000000 0.956940 -0.290285
    outer loop
      vertex 57.000 104.863 19.129
      vertex 95.000 104.755 18.773
      vertex 57.000 104.755 18.773
    endloop
  endfacet
  facet normal -1.000000 0.000000 0.000000
    outer loop
      vertex 57.000 107.708 18.564
      vertex 57.000 107.435 17.663
      vertex 57.000 104.755 18.773
    endloop
  endfacet
  facet normal -1.000000 0.000000 0.000000
    outer loop
      vertex 57.000 107.708 18.564
      vertex 57.000 104.755 18.773
      vertex 57.000 104.863 19.129
    endloop
  endfacet
  facet normal 1.000000 0.000000 0.000000
    outer loop
      vertex 95.000 107.435 17.663
      vertex 95.000 107.708 18.564
      vertex 95.000 104.863 19.129
    endloop
  endfacet
  facet normal 1.000000 0.000000 0.000000
    outer loop
      vertex 95.000 107.435 17.663
      vertex 95.000 104.863 19.129
      vertex 95.000 104.755 18.773
    endloop
  endfacet
  facet normal 0.000000 -0.995185 0.098017
    outer loop
      vertex 57.000 107.708 18.564
      vertex 95.000 107.708 18.564
      vertex 95.000 107.800 19.500
    endloop
  endfacet
  facet normal 0.000000 -0.995185 0.098017
    outer loop
      vertex 57.000 107.708 18.564
      vertex 95.000 107.800 19.500
      vertex 57.000 107.800 19.500
    endloop
  endfacet
  facet normal 0.000000 0.995185 -0.098017
    outer loop
      vertex 57.000 104.900 19.500
      vertex 95.000 104.900 19.500
      vertex 95.000 104.863 19.129
    endloop
  endfacet
  facet normal 0.000000 0.995185 -0.098017
    outer loop
      vertex 57.000 104.900 19.500
      vertex 95.000 104.863 19.129
      vertex 57.000 104.863 19.129
    endloop
  endfacet
  facet normal -1.000000 0.000000 0.000000
    outer loop
      vertex 57.000 107.800 19.500
      vertex 57.000 107.708 18.564
      vertex 57.000 104.863 19.129
    endloop
  endfacet
  facet normal -1.000000 0.000000 0.000000
    outer loop
      vertex 57.000 107.800 19.500
      vertex 57.000 104.863 19.129
      vertex 57.000 104.900 19.500
    endloop
  endfacet
  facet normal 1.000000 0.000000 0.000000
    outer loop
      vertex 95.000 107.708 18.564
      vertex 95.000 107.800 19.500
      vertex 95.000 104.900 19.500
    endloop
  endfacet
  facet normal 1.000000 0.000000 0.000000
    outer loop
      vertex 95.000 107.708 18.564
      vertex 95.000 104.900 19.500
      vertex 95.000 104.863 19.129
    endloop
  endfacet
  facet normal 0.991445 -0.000000 -0.130526
    outer loop
      vertex 104.550 -103.000 1.450
      vertex 104.550 103.000 1.450
      vertex 104.599 103.000 1.825
    endloop
  endfacet
  facet normal 0.991445 -0.000000 -0.130526
    outer loop
      vertex 104.550 -103.000 1.450
      vertex 104.599 103.000 1.825
      vertex 104.599 -103.000 1.825
    endloop
  endfacet
  facet normal 0.923880 -0.000000 -0.382683
    outer loop
      vertex 104.599 -103.000 1.825
      vertex 104.599 103.000 1.825
      vertex 104.744 103.000 2.175
    endloop
  endfacet
  facet normal 0.923880 -0.000000 -0.382683
    outer loop
      vertex 104.599 -103.000 1.825
      vertex 104.744 103.000 2.175
      vertex 104.744 -103.000 2.175
    endloop
  endfacet
  facet normal 0.793353 -0.000000 -0.608761
    outer loop
      vertex 104.744 -103.000 2.175
      vertex 104.744 103.000 2.175
      vertex 104.975 103.000 2.475
    endloop
  endfacet
  facet normal 0.793353 0.000000 -0.608761
    outer loop
      vertex 104.744 -103.000 2.175
      vertex 104.975 103.000 2.475
      vertex 104.975 -103.000 2.475
    endloop
  endfacet
  facet normal 0.608761 0.000000 -0.793353
    outer loop
      vertex 104.975 -103.000 2.475
      vertex 104.975 103.000 2.475
      vertex 105.275 103.000 2.706
    endloop
  endfacet
  facet normal 0.608761 -0.000000 -0.793353
    outer loop
      vertex 104.975 -103.000 2.475
      vertex 105.275 103.000 2.706
      vertex 105.275 -103.000 2.706
    endloop
  endfacet
  facet normal 0.382683 -0.000000 -0.923880
    outer loop
      vertex 105.275 -103.000 2.706
      vertex 105.275 103.000 2.706
      vertex 105.625 103.000 2.851
    endloop
  endfacet
  facet normal 0.382683 -0.000000 -0.923880
    outer loop
      vertex 105.275 -103.000 2.706
      vertex 105.625 103.000 2.851
      vertex 105.625 -103.000 2.851
    endloop
  endfacet
  facet normal 0.130526 -0.000000 -0.991445
    outer loop
      vertex 105.625 -103.000 2.851
      vertex 105.625 103.000 2.851
      vertex 106.000 103.000 2.900
    endloop
  endfacet
  facet normal 0.130526 0.000000 -0.991445
    outer loop
      vertex 105.625 -103.000 2.851
      vertex 106.000 103.000 2.900
      vertex 106.000 -103.000 2.900
    endloop
  endfacet
  facet normal -0.130526 0.000000 -0.991445
    outer loop
      vertex 106.000 -103.000 2.900
      vertex 106.000 103.000 2.900
      vertex 106.375 103.000 2.851
    endloop
  endfacet
  facet normal -0.130526 0.000000 -0.991445
    outer loop
      vertex 106.000 -103.000 2.900
      vertex 106.375 103.000 2.851
      vertex 106.375 -103.000 2.851
    endloop
  endfacet
  facet normal -0.382683 0.000000 -0.923880
    outer loop
      vertex 106.375 -103.000 2.851
      vertex 106.375 103.000 2.851
      vertex 106.725 103.000 2.706
    endloop
  endfacet
  facet normal -0.382683 0.000000 -0.923880
    outer loop
      vertex 106.375 -103.000 2.851
      vertex 106.725 103.000 2.706
      vertex 106.725 -103.000 2.706
    endloop
  endfacet
  facet normal -0.608761 0.000000 -0.793353
    outer loop
      vertex 106.725 -103.000 2.706
      vertex 106.725 103.000 2.706
      vertex 107.025 103.000 2.475
    endloop
  endfacet
  facet normal -0.608761 0.000000 -0.793353
    outer loop
      vertex 106.725 -103.000 2.706
      vertex 107.025 103.000 2.475
      vertex 107.025 -103.000 2.475
    endloop
  endfacet
  facet normal -0.793353 0.000000 -0.608761
    outer loop
      vertex 107.025 -103.000 2.475
      vertex 107.025 103.000 2.475
      vertex 107.256 103.000 2.175
    endloop
  endfacet
  facet normal -0.793353 0.000000 -0.608761
    outer loop
      vertex 107.025 -103.000 2.475
      vertex 107.256 103.000 2.175
      vertex 107.256 -103.000 2.175
    endloop
  endfacet
  facet normal -0.923880 0.000000 -0.382683
    outer loop
      vertex 107.256 -103.000 2.175
      vertex 107.256 103.000 2.175
      vertex 107.401 103.000 1.825
    endloop
  endfacet
  facet normal -0.923880 0.000000 -0.382683
    outer loop
      vertex 107.256 -103.000 2.175
      vertex 107.401 103.000 1.825
      vertex 107.401 -103.000 1.825
    endloop
  endfacet
  facet normal -0.991445 0.000000 -0.130526
    outer loop
      vertex 107.401 -103.000 1.825
      vertex 107.401 103.000 1.825
      vertex 107.450 103.000 1.450
    endloop
  endfacet
  facet normal -0.991445 0.000000 -0.130526
    outer loop
      vertex 107.401 -103.000 1.825
      vertex 107.450 103.000 1.450
      vertex 107.450 -103.000 1.450
    endloop
  endfacet
  facet normal -0.991445 0.000000 0.130526
    outer loop
      vertex 107.450 -103.000 1.450
      vertex 107.450 103.000 1.450
      vertex 107.401 103.000 1.075
    endloop
  endfacet
  facet normal -0.991445 0.000000 0.130526
    outer loop
      vertex 107.450 -103.000 1.450
      vertex 107.401 103.000 1.075
      vertex 107.401 -103.000 1.075
    endloop
  endfacet
  facet normal -0.923880 0.000000 0.382683
    outer loop
      vertex 107.401 -103.000 1.075
      vertex 107.401 103.000 1.075
      vertex 107.256 103.000 0.725
    endloop
  endfacet
  facet normal -0.923880 0.000000 0.382683
    outer loop
      vertex 107.401 -103.000 1.075
      vertex 107.256 103.000 0.725
      vertex 107.256 -103.000 0.725
    endloop
  endfacet
  facet normal -0.793353 0.000000 0.608761
    outer loop
      vertex 107.256 -103.000 0.725
      vertex 107.256 103.000 0.725
      vertex 107.025 103.000 0.425
    endloop
  endfacet
  facet normal -0.793353 0.000000 0.608761
    outer loop
      vertex 107.256 -103.000 0.725
      vertex 107.025 103.000 0.425
      vertex 107.025 -103.000 0.425
    endloop
  endfacet
  facet normal -0.608761 0.000000 0.793353
    outer loop
      vertex 107.025 -103.000 0.425
      vertex 107.025 103.000 0.425
      vertex 106.725 103.000 0.194
    endloop
  endfacet
  facet normal -0.608761 0.000000 0.793353
    outer loop
      vertex 107.025 -103.000 0.425
      vertex 106.725 103.000 0.194
      vertex 106.725 -103.000 0.194
    endloop
  endfacet
  facet normal -0.382683 0.000000 0.923880
    outer loop
      vertex 106.725 -103.000 0.194
      vertex 106.725 103.000 0.194
      vertex 106.375 103.000 0.049
    endloop
  endfacet
  facet normal -0.382683 0.000000 0.923880
    outer loop
      vertex 106.725 -103.000 0.194
      vertex 106.375 103.000 0.049
      vertex 106.375 -103.000 0.049
    endloop
  endfacet
  facet normal -0.130526 0.000000 0.991445
    outer loop
      vertex 106.375 -103.000 0.049
      vertex 106.375 103.000 0.049
      vertex 106.000 103.000 0.000
    endloop
  endfacet
  facet normal -0.130526 0.000000 0.991445
    outer loop
      vertex 106.375 -103.000 0.049
      vertex 106.000 103.000 0.000
      vertex 106.000 -103.000 0.000
    endloop
  endfacet
  facet normal 0.130526 0.000000 0.991445
    outer loop
      vertex 106.000 -103.000 0.000
      vertex 106.000 103.000 0.000
      vertex 105.625 103.000 0.049
    endloop
  endfacet
  facet normal 0.130526 -0.000000 0.991445
    outer loop
      vertex 106.000 -103.000 0.000
      vertex 105.625 103.000 0.049
      vertex 105.625 -103.000 0.049
    endloop
  endfacet
  facet normal 0.382683 -0.000000 0.923880
    outer loop
      vertex 105.625 -103.000 0.049
      vertex 105.625 103.000 0.049
      vertex 105.275 103.000 0.194
    endloop
  endfacet
  facet normal 0.382683 -0.000000 0.923880
    outer loop
      vertex 105.625 -103.000 0.049
      vertex 105.275 103.000 0.194
      vertex 105.275 -103.000 0.194
    endloop
  endfacet
  facet normal 0.608761 -0.000000 0.793353
    outer loop
      vertex 105.275 -103.000 0.194
      vertex 105.275 103.000 0.194
      vertex 104.975 103.000 0.425
    endloop
  endfacet
  facet normal 0.608761 0.000000 0.793353
    outer loop
      vertex 105.275 -103.000 0.194
      vertex 104.975 103.000 0.425
      vertex 104.975 -103.000 0.425
    endloop
  endfacet
  facet normal 0.793353 0.000000 0.608761
    outer loop
      vertex 104.975 -103.000 0.425
      vertex 104.975 103.000 0.425
      vertex 104.744 103.000 0.725
    endloop
  endfacet
  facet normal 0.793353 -0.000000 0.608761
    outer loop
      vertex 104.975 -103.000 0.425
      vertex 104.744 103.000 0.725
      vertex 104.744 -103.000 0.725
    endloop
  endfacet
  facet normal 0.923880 -0.000000 0.382683
    outer loop
      vertex 104.744 -103.000 0.725
      vertex 104.744 103.000 0.725
      vertex 104.599 103.000 1.075
    endloop
  endfacet
  facet normal 0.923880 -0.000000 0.382683
    outer loop
      vertex 104.744 -103.000 0.725
      vertex 104.599 103.000 1.075
      vertex 104.599 -103.000 1.075
    endloop
  endfacet
  facet normal 0.991445 -0.000000 0.130526
    outer loop
      vertex 104.599 -103.000 1.075
      vertex 104.599 103.000 1.075
      vertex 104.550 103.000 1.450
    endloop
  endfacet
  facet normal 0.991445 -0.000000 0.130526
    outer loop
      vertex 104.599 -103.000 1.075
      vertex 104.550 103.000 1.450
      vertex 104.550 -103.000 1.450
    endloop
  endfacet
  facet normal 0.000000 -1.000000 0.000000
    outer loop
      vertex 106.000 -103.000 1.450
      vertex 104.599 -103.000 1.825
      vertex 104.550 -103.000 1.450
    endloop
  endfacet
  facet normal 0.000000 1.000000 0.000000
    outer loop
      vertex 106.000 103.000 1.450
      vertex 104.550 103.000 1.450
      vertex 104.599 103.000 1.825
    endloop
  endfacet
  facet normal 0.000000 -1.000000 0.000000
    outer loop
      vertex 106.000 -103.000 1.450
      vertex 104.744 -103.000 2.175
      vertex 104.599 -103.000 1.825
    endloop
  endfacet
  facet normal 0.000000 1.000000 0.000000
    outer loop
      vertex 106.000 103.000 1.450
      vertex 104.599 103.000 1.825
      vertex 104.744 103.000 2.175
    endloop
  endfacet
  facet normal 0.000000 -1.000000 0.000000
    outer loop
      vertex 106.000 -103.000 1.450
      vertex 104.975 -103.000 2.475
      vertex 104.744 -103.000 2.175
    endloop
  endfacet
  facet normal 0.000000 1.000000 0.000000
    outer loop
      vertex 106.000 103.000 1.450
      vertex 104.744 103.000 2.175
      vertex 104.975 103.000 2.475
    endloop
  endfacet
  facet normal 0.000000 -1.000000 0.000000
    outer loop
      vertex 106.000 -103.000 1.450
      vertex 105.275 -103.000 2.706
      vertex 104.975 -103.000 2.475
    endloop
  endfacet
  facet normal 0.000000 1.000000 0.000000
    outer loop
      vertex 106.000 103.000 1.450
      vertex 104.975 103.000 2.475
      vertex 105.275 103.000 2.706
    endloop
  endfacet
  facet normal 0.000000 -1.000000 0.000000
    outer loop
      vertex 106.000 -103.000 1.450
      vertex 105.625 -103.000 2.851
      vertex 105.275 -103.000 2.706
    endloop
  endfacet
  facet normal 0.000000 1.000000 0.000000
    outer loop
      vertex 106.000 103.000 1.450
      vertex 105.275 103.000 2.706
      vertex 105.625 103.000 2.851
    endloop
  endfacet
  facet normal 0.000000 -1.000000 0.000000
    outer loop
      vertex 106.000 -103.000 1.450
      vertex 106.000 -103.000 2.900
      vertex 105.625 -103.000 2.851
    endloop
  endfacet
  facet normal 0.000000 1.000000 0.000000
    outer loop
      vertex 106.000 103.000 1.450
      vertex 105.625 103.000 2.851
      vertex 106.000 103.000 2.900
    endloop
  endfacet
  facet normal 0.000000 -1.000000 0.000000
    outer loop
      vertex 106.000 -103.000 1.450
      vertex 106.375 -103.000 2.851
      vertex 106.000 -103.000 2.900
    endloop
  endfacet
  facet normal 0.000000 1.000000 0.000000
    outer loop
      vertex 106.000 103.000 1.450
      vertex 106.000 103.000 2.900
      vertex 106.375 103.000 2.851
    endloop
  endfacet
  facet normal 0.000000 -1.000000 0.000000
    outer loop
      vertex 106.000 -103.000 1.450
      vertex 106.725 -103.000 2.706
      vertex 106.375 -103.000 2.851
    endloop
  endfacet
  facet normal 0.000000 1.000000 0.000000
    outer loop
      vertex 106.000 103.000 1.450
      vertex 106.375 103.000 2.851
      vertex 106.725 103.000 2.706
    endloop
  endfacet
  facet normal 0.000000 -1.000000 0.000000
    outer loop
      vertex 106.000 -103.000 1.450
      vertex 107.025 -103.000 2.475
      vertex 106.725 -103.000 2.706
    endloop
  endfacet
  facet normal 0.000000 1.000000 0.000000
    outer loop
      vertex 106.000 103.000 1.450
      vertex 106.725 103.000 2.706
      vertex 107.025 103.000 2.475
    endloop
  endfacet
  facet normal 0.000000 -1.000000 0.000000
    outer loop
      vertex 106.000 -103.000 1.450
      vertex 107.256 -103.000 2.175
      vertex 107.025 -103.000 2.475
    endloop
  endfacet
  facet normal 0.000000 1.000000 0.000000
    outer loop
      vertex 106.000 103.000 1.450
      vertex 107.025 103.000 2.475
      vertex 107.256 103.000 2.175
    endloop
  endfacet
  facet normal 0.000000 -1.000000 0.000000
    outer loop
      vertex 106.000 -103.000 1.450
      vertex 107.401 -103.000 1.825
      vertex 107.256 -103.000 2.175
    endloop
  endfacet
  facet normal 0.000000 1.000000 0.000000
    outer loop
      vertex 106.000 103.000 1.450
      vertex 107.256 103.000 2.175
      vertex 107.401 103.000 1.825
    endloop
  endfacet
  facet normal 0.000000 -1.000000 0.000000
    outer loop
      vertex 106.000 -103.000 1.450
      vertex 107.450 -103.000 1.450
      vertex 107.401 -103.000 1.825
    endloop
  endfacet
  facet normal 0.000000 1.000000 0.000000
    outer loop
      vertex 106.000 103.000 1.450
      vertex 107.401 103.000 1.825
      vertex 107.450 103.000 1.450
    endloop
  endfacet
  facet normal 0.000000 -1.000000 0.000000
    outer loop
      vertex 106.000 -103.000 1.450
      vertex 107.401 -103.000 1.075
      vertex 107.450 -103.000 1.450
    endloop
  endfacet
  facet normal 0.000000 1.000000 0.000000
    outer loop
      vertex 106.000 103.000 1.450
      vertex 107.450 103.000 1.450
      vertex 107.401 103.000 1.075
    endloop
  endfacet
  facet normal 0.000000 -1.000000 0.000000
    outer loop
      vertex 106.000 -103.000 1.450
      vertex 107.256 -103.000 0.725
      vertex 107.401 -103.000 1.075
    endloop
  endfacet
  facet normal 0.000000 1.000000 0.000000
    outer loop
      vertex 106.000 103.000 1.450
      vertex 107.401 103.000 1.075
      vertex 107.256 103.000 0.725
    endloop
  endfacet
  facet normal 0.000000 -1.000000 0.000000
    outer loop
      vertex 106.000 -103.000 1.450
      vertex 107.025 -103.000 0.425
      vertex 107.256 -103.000 0.725
    endloop
  endfacet
  facet normal 0.000000 1.000000 0.000000
    outer loop
      vertex 106.000 103.000 1.450
      vertex 107.256 103.000 0.725
      vertex 107.025 103.000 0.425
    endloop
  endfacet
  facet normal 0.000000 -1.000000 0.000000
    outer loop
      vertex 106.000 -103.000 1.450
      vertex 106.725 -103.000 0.194
      vertex 107.025 -103.000 0.425
    endloop
  endfacet
  facet normal 0.000000 1.000000 0.000000
    outer loop
      vertex 106.000 103.000 1.450
      vertex 107.025 103.000 0.425
      vertex 106.725 103.000 0.194
    endloop
  endfacet
  facet normal 0.000000 -1.000000 0.000000
    outer loop
      vertex 106.000 -103.000 1.450
      vertex 106.375 -103.000 0.049
      vertex 106.725 -103.000 0.194
    endloop
  endfacet
  facet normal 0.000000 1.000000 0.000000
    outer loop
      vertex 106.000 103.000 1.450
      vertex 106.725 103.000 0.194
      vertex 106.375 103.000 0.049
    endloop
  endfacet
  facet normal 0.000000 -1.000000 0.000000
    outer loop
      vertex 106.000 -103.000 1.450
      vertex 106.000 -103.000 0.000
      vertex 106.375 -103.000 0.049
    endloop
  endfacet
  facet normal 0.000000 1.000000 0.000000
    outer loop
      vertex 106.000 103.000 1.450
      vertex 106.375 103.000 0.049
      vertex 106.000 103.000 0.000
    endloop
  endfacet
  facet normal 0.000000 -1.000000 0.000000
    outer loop
      vertex 106.000 -103.000 1.450
      vertex 105.625 -103.000 0.049
      vertex 106.000 -103.000 0.000
    endloop
  endfacet
  facet normal 0.000000 1.000000 0.000000
    outer loop
      vertex 106.000 103.000 1.450
      vertex 106.000 103.000 0.000
      vertex 105.625 103.000 0.049
    endloop
  endfacet
  facet normal 0.000000 -1.000000 0.000000
    outer loop
      vertex 106.000 -103.000 1.450
      vertex 105.275 -103.000 0.194
      vertex 105.625 -103.000 0.049
    endloop
  endfacet
  facet normal 0.000000 1.000000 0.000000
    outer loop
      vertex 106.000 103.000 1.450
      vertex 105.625 103.000 0.049
      vertex 105.275 103.000 0.194
    endloop
  endfacet
  facet normal 0.000000 -1.000000 0.000000
    outer loop
      vertex 106.000 -103.000 1.450
      vertex 104.975 -103.000 0.425
      vertex 105.275 -103.000 0.194
    endloop
  endfacet
  facet normal 0.000000 1.000000 0.000000
    outer loop
      vertex 106.000 103.000 1.450
      vertex 105.275 103.000 0.194
      vertex 104.975 103.000 0.425
    endloop
  endfacet
  facet normal 0.000000 -1.000000 0.000000
    outer loop
      vertex 106.000 -103.000 1.450
      vertex 104.744 -103.000 0.725
      vertex 104.975 -103.000 0.425
    endloop
  endfacet
  facet normal 0.000000 1.000000 0.000000
    outer loop
      vertex 106.000 103.000 1.450
      vertex 104.975 103.000 0.425
      vertex 104.744 103.000 0.725
    endloop
  endfacet
  facet normal 0.000000 -1.000000 0.000000
    outer loop
      vertex 106.000 -103.000 1.450
      vertex 104.599 -103.000 1.075
      vertex 104.744 -103.000 0.725
    endloop
  endfacet
  facet normal 0.000000 1.000000 0.000000
    outer loop
      vertex 106.000 103.000 1.450
      vertex 104.744 103.000 0.725
      vertex 104.599 103.000 1.075
    endloop
  endfacet
  facet normal 0.000000 -1.000000 0.000000
    outer loop
      vertex 106.000 -103.000 1.450
      vertex 104.550 -103.000 1.450
      vertex 104.599 -103.000 1.075
    endloop
  endfacet
  facet normal 0.000000 1.000000 0.000000
    outer loop
      vertex 106.000 103.000 1.450
      vertex 104.599 103.000 1.075
      vertex 104.550 103.000 1.450
    endloop
  endfacet
  facet normal 0.000000 0.000000 1.000000
    outer loop
      vertex 109.500 -108.000 0.000
      vertex 109.500 -103.000 0.000
      vertex 102.500 -103.000 0.000
    endloop
  endfacet
  facet normal 0.000000 0.000000 1.000000
    outer loop
      vertex 109.500 -108.000 0.000
      vertex 102.500 -103.000 0.000
      vertex 102.500 -108.000 0.000
    endloop
  endfacet
  facet normal 0.000000 0.000000 -1.000000
    outer loop
      vertex 109.500 -108.000 2.900
      vertex 102.500 -108.000 2.900
      vertex 102.500 -103.000 2.900
    endloop
  endfacet
  facet normal 0.000000 0.000000 -1.000000
    outer loop
      vertex 109.500 -108.000 2.900
      vertex 102.500 -103.000 2.900
      vertex 109.500 -103.000 2.900
    endloop
  endfacet
  facet normal -1.000000 0.000000 0.000000
    outer loop
      vertex 109.500 -108.000 0.000
      vertex 109.500 -108.000 2.900
      vertex 109.500 -103.000 2.900
    endloop
  endfacet
  facet normal -1.000000 0.000000 0.000000
    outer loop
      vertex 109.500 -108.000 0.000
      vertex 109.500 -103.000 2.900
      vertex 109.500 -103.000 0.000
    endloop
  endfacet
  facet normal 0.000000 -1.000000 0.000000
    outer loop
      vertex 109.500 -103.000 0.000
      vertex 109.500 -103.000 2.900
      vertex 102.500 -103.000 2.900
    endloop
  endfacet
  facet normal 0.000000 -1.000000 0.000000
    outer loop
      vertex 109.500 -103.000 0.000
      vertex 102.500 -103.000 2.900
      vertex 102.500 -103.000 0.000
    endloop
  endfacet
  facet normal 1.000000 0.000000 0.000000
    outer loop
      vertex 102.500 -103.000 0.000
      vertex 102.500 -103.000 2.900
      vertex 102.500 -108.000 2.900
    endloop
  endfacet
  facet normal 1.000000 0.000000 0.000000
    outer loop
      vertex 102.500 -103.000 0.000
      vertex 102.500 -108.000 2.900
      vertex 102.500 -108.000 0.000
    endloop
  endfacet
  facet normal 0.000000 1.000000 0.000000
    outer loop
      vertex 102.500 -108.000 0.000
      vertex 102.500 -108.000 2.900
      vertex 109.500 -108.000 2.900
    endloop
  endfacet
  facet normal 0.000000 1.000000 0.000000
    outer loop
      vertex 102.500 -108.000 0.000
      vertex 109.500 -108.000 2.900
      vertex 109.500 -108.000 0.000
    endloop
  endfacet
  facet normal 0.000000 -0.995185 -0.098017
    outer loop
      vertex 72.000 3.800 3.800
      vertex 80.000 3.800 3.800
      vertex 80.000 3.727 4.541
    endloop
  endfacet
  facet normal 0.000000 -0.995185 -0.098017
    outer loop
      vertex 72.000 3.800 3.800
      vertex 80.000 3.727 4.541
      vertex 72.000 3.727 4.541
    endloop
  endfacet
  facet normal 0.000000 0.995185 0.098017
    outer loop
      vertex 72.000 1.422 4.083
      vertex 80.000 1.422 4.083
      vertex 80.000 1.450 3.800
    endloop
  endfacet
  facet normal 0.000000 0.995185 0.098017
    outer loop
      vertex 72.000 1.422 4.083
      vertex 80.000 1.450 3.800
      vertex 72.000 1.450 3.800
    endloop
  endfacet
  facet normal -1.000000 0.000000 0.000000
    outer loop
      vertex 72.000 3.727 4.541
      vertex 72.000 3.800 3.800
      vertex 72.000 1.450 3.800
    endloop
  endfacet
  facet normal -1.000000 0.000000 0.000000
    outer loop
      vertex 72.000 3.727 4.541
      vertex 72.000 1.450 3.800
      vertex 72.000 1.422 4.083
    endloop
  endfacet
  facet normal 1.000000 0.000000 0.000000
    outer loop
      vertex 80.000 3.800 3.800
      vertex 80.000 3.727 4.541
      vertex 80.000 1.422 4.083
    endloop
  endfacet
  facet normal 1.000000 0.000000 0.000000
    outer loop
      vertex 80.000 3.800 3.800
      vertex 80.000 1.422 4.083
      vertex 80.000 1.450 3.800
    endloop
  endfacet
  facet normal 0.000000 -0.956940 -0.290285
    outer loop
      vertex 72.000 3.727 4.541
      vertex 80.000 3.727 4.541
      vertex 80.000 3.511 5.254
    endloop
  endfacet
  facet normal 0.000000 -0.956940 -0.290285
    outer loop
      vertex 72.000 3.727 4.541
      vertex 80.000 3.511 5.254
      vertex 72.000 3.511 5.254
    endloop
  endfacet
  facet normal 0.000000 0.956940 0.290285
    outer loop
      vertex 72.000 1.340 4.355
      vertex 80.000 1.340 4.355
      vertex 80.000 1.422 4.083
    endloop
  endfacet
  facet normal 0.000000 0.956940 0.290285
    outer loop
      vertex 72.000 1.340 4.355
      vertex 80.000 1.422 4.083
      vertex 72.000 1.422 4.083
    endloop
  endfacet
  facet normal -1.000000 0.000000 0.000000
    outer loop
      vertex 72.000 3.511 5.254
      vertex 72.000 3.727 4.541
      vertex 72.000 1.422 4.083
    endloop
  endfacet
  facet normal -1.000000 0.000000 0.000000
    outer loop
      vertex 72.000 3.511 5.254
      vertex 72.000 1.422 4.083
      vertex 72.000 1.340 4.355
    endloop
  endfacet
  facet normal 1.000000 0.000000 0.000000
    outer loop
      vertex 80.000 3.727 4.541
      vertex 80.000 3.511 5.254
      vertex 80.000 1.340 4.355
    endloop
  endfacet
  facet normal 1.000000 0.000000 0.000000
    outer loop
      vertex 80.000 3.727 4.541
      vertex 80.000 1.340 4.355
      vertex 80.000 1.422 4.083
    endloop
  endfacet
  facet normal 0.000000 -0.881921 -0.471397
    outer loop
      vertex 72.000 3.511 5.254
      vertex 80.000 3.511 5.254
      vertex 80.000 3.160 5.911
    endloop
  endfacet
  facet normal 0.000000 -0.881921 -0.471397
    outer loop
      vertex 72.000 3.511 5.254
      vertex 80.000 3.160 5.911
      vertex 72.000 3.160 5.911
    endloop
  endfacet
  facet normal 0.000000 0.881921 0.471397
    outer loop
      vertex 72.000 1.206 4.606
      vertex 80.000 1.206 4.606
      vertex 80.000 1.340 4.355
    endloop
  endfacet
  facet normal 0.000000 0.881921 0.471397
    outer loop
      vertex 72.000 1.206 4.606
      vertex 80.000 1.340 4.355
      vertex 72.000 1.340 4.355
    endloop
  endfacet
  facet normal -1.000000 0.000000 0.000000
    outer loop
      vertex 72.000 3.160 5.911
      vertex 72.000 3.511 5.254
      vertex 72.000 1.340 4.355
    endloop
  endfacet
  facet normal -1.000000 0.000000 0.000000
    outer loop
      vertex 72.000 3.160 5.911
      vertex 72.000 1.340 4.355
      vertex 72.000 1.206 4.606
    endloop
  endfacet
  facet normal 1.000000 0.000000 0.000000
    outer loop
      vertex 80.000 3.511 5.254
      vertex 80.000 3.160 5.911
      vertex 80.000 1.206 4.606
    endloop
  endfacet
  facet normal 1.000000 0.000000 0.000000
    outer loop
      vertex 80.000 3.511 5.254
      vertex 80.000 1.206 4.606
      vertex 80.000 1.340 4.355
    endloop
  endfacet
  facet normal 0.000000 -0.773010 -0.634393
    outer loop
      vertex 72.000 3.160 5.911
      vertex 80.000 3.160 5.911
      vertex 80.000 2.687 6.487
    endloop
  endfacet
  facet normal 0.000000 -0.773010 -0.634393
    outer loop
      vertex 72.000 3.160 5.911
      vertex 80.000 2.687 6.487
      vertex 72.000 2.687 6.487
    endloop
  endfacet
  facet normal 0.000000 0.773010 0.634393
    outer loop
      vertex 72.000 1.025 4.825
      vertex 80.000 1.025 4.825
      vertex 80.000 1.206 4.606
    endloop
  endfacet
  facet normal 0.000000 0.773010 0.634393
    outer loop
      vertex 72.000 1.025 4.825
      vertex 80.000 1.206 4.606
      vertex 72.000 1.206 4.606
    endloop
  endfacet
  facet normal -1.000000 0.000000 0.000000
    outer loop
      vertex 72.000 2.687 6.487
      vertex 72.000 3.160 5.911
      vertex 72.000 1.206 4.606
    endloop
  endfacet
  facet normal -1.000000 0.000000 0.000000
    outer loop
      vertex 72.000 2.687 6.487
      vertex 72.000 1.206 4.606
      vertex 72.000 1.025 4.825
    endloop
  endfacet
  facet normal 1.000000 0.000000 0.000000
    outer loop
      vertex 80.000 3.160 5.911
      vertex 80.000 2.687 6.487
      vertex 80.000 1.025 4.825
    endloop
  endfacet
  facet normal 1.000000 0.000000 0.000000
    outer loop
      vertex 80.000 3.160 5.911
      vertex 80.000 1.025 4.825
      vertex 80.000 1.206 4.606
    endloop
  endfacet
  facet normal 0.000000 -0.634393 -0.773010
    outer loop
      vertex 72.000 2.687 6.487
      vertex 80.000 2.687 6.487
      vertex 80.000 2.111 6.960
    endloop
  endfacet
  facet normal 0.000000 -0.634393 -0.773010
    outer loop
      vertex 72.000 2.687 6.487
      vertex 80.000 2.111 6.960
      vertex 72.000 2.111 6.960
    endloop
  endfacet
  facet normal 0.000000 0.634393 0.773010
    outer loop
      vertex 72.000 0.806 5.006
      vertex 80.000 0.806 5.006
      vertex 80.000 1.025 4.825
    endloop
  endfacet
  facet normal 0.000000 0.634393 0.773010
    outer loop
      vertex 72.000 0.806 5.006
      vertex 80.000 1.025 4.825
      vertex 72.000 1.025 4.825
    endloop
  endfacet
  facet normal -1.000000 0.000000 0.000000
    outer loop
      vertex 72.000 2.111 6.960
      vertex 72.000 2.687 6.487
      vertex 72.000 1.025 4.825
    endloop
  endfacet
  facet normal -1.000000 0.000000 0.000000
    outer loop
      vertex 72.000 2.111 6.960
      vertex 72.000 1.025 4.825
      vertex 72.000 0.806 5.006
    endloop
  endfacet
  facet normal 1.000000 0.000000 0.000000
    outer loop
      vertex 80.000 2.687 6.487
      vertex 80.000 2.111 6.960
      vertex 80.000 0.806 5.006
    endloop
  endfacet
  facet normal 1.000000 0.000000 0.000000
    outer loop
      vertex 80.000 2.687 6.487
      vertex 80.000 0.806 5.006
      vertex 80.000 1.025 4.825
    endloop
  endfacet
  facet normal 0.000000 -0.471397 -0.881921
    outer loop
      vertex 72.000 2.111 6.960
      vertex 80.000 2.111 6.960
      vertex 80.000 1.454 7.311
    endloop
  endfacet
  facet normal 0.000000 -0.471397 -0.881921
    outer loop
      vertex 72.000 2.111 6.960
      vertex 80.000 1.454 7.311
      vertex 72.000 1.454 7.311
    endloop
  endfacet
  facet normal 0.000000 0.471397 0.881921
    outer loop
      vertex 72.000 0.555 5.140
      vertex 80.000 0.555 5.140
      vertex 80.000 0.806 5.006
    endloop
  endfacet
  facet normal 0.000000 0.471397 0.881921
    outer loop
      vertex 72.000 0.555 5.140
      vertex 80.000 0.806 5.006
      vertex 72.000 0.806 5.006
    endloop
  endfacet
  facet normal -1.000000 0.000000 0.000000
    outer loop
      vertex 72.000 1.454 7.311
      vertex 72.000 2.111 6.960
      vertex 72.000 0.806 5.006
    endloop
  endfacet
  facet normal -1.000000 0.000000 0.000000
    outer loop
      vertex 72.000 1.454 7.311
      vertex 72.000 0.806 5.006
      vertex 72.000 0.555 5.140
    endloop
  endfacet
  facet normal 1.000000 0.000000 0.000000
    outer loop
      vertex 80.000 2.111 6.960
      vertex 80.000 1.454 7.311
      vertex 80.000 0.555 5.140
    endloop
  endfacet
  facet normal 1.000000 0.000000 0.000000
    outer loop
      vertex 80.000 2.111 6.960
      vertex 80.000 0.555 5.140
      vertex 80.000 0.806 5.006
    endloop
  endfacet
  facet normal 0.000000 -0.290285 -0.956940
    outer loop
      vertex 72.000 1.454 7.311
      vertex 80.000 1.454 7.311
      vertex 80.000 0.741 7.527
    endloop
  endfacet
  facet normal 0.000000 -0.290285 -0.956940
    outer loop
      vertex 72.000 1.454 7.311
      vertex 80.000 0.741 7.527
      vertex 72.000 0.741 7.527
    endloop
  endfacet
  facet normal 0.000000 0.290285 0.956940
    outer loop
      vertex 72.000 0.283 5.222
      vertex 80.000 0.283 5.222
      vertex 80.000 0.555 5.140
    endloop
  endfacet
  facet normal 0.000000 0.290285 0.956940
    outer loop
      vertex 72.000 0.283 5.222
      vertex 80.000 0.555 5.140
      vertex 72.000 0.555 5.140
    endloop
  endfacet
  facet normal -1.000000 0.000000 0.000000
    outer loop
      vertex 72.000 0.741 7.527
      vertex 72.000 1.454 7.311
      vertex 72.000 0.555 5.140
    endloop
  endfacet
  facet normal -1.000000 0.000000 0.000000
    outer loop
      vertex 72.000 0.741 7.527
      vertex 72.000 0.555 5.140
      vertex 72.000 0.283 5.222
    endloop
  endfacet
  facet normal 1.000000 0.000000 0.000000
    outer loop
      vertex 80.000 1.454 7.311
      vertex 80.000 0.741 7.527
      vertex 80.000 0.283 5.222
    endloop
  endfacet
  facet normal 1.000000 0.000000 0.000000
    outer loop
      vertex 80.000 1.454 7.311
      vertex 80.000 0.283 5.222
      vertex 80.000 0.555 5.140
    endloop
  endfacet
  facet normal 0.000000 -0.098017 -0.995185
    outer loop
      vertex 72.000 0.741 7.527
      vertex 80.000 0.741 7.527
      vertex 80.000 0.000 7.600
    endloop
  endfacet
  facet normal 0.000000 -0.098017 -0.995185
    outer loop
      vertex 72.000 0.741 7.527
      vertex 80.000 0.000 7.600
      vertex 72.000 0.000 7.600
    endloop
  endfacet
  facet normal 0.000000 0.098017 0.995185
    outer loop
      vertex 72.000 0.000 5.250
      vertex 80.000 0.000 5.250
      vertex 80.000 0.283 5.222
    endloop
  endfacet
  facet normal 0.000000 0.098017 0.995185
    outer loop
      vertex 72.000 0.000 5.250
      vertex 80.000 0.283 5.222
      vertex 72.000 0.283 5.222
    endloop
  endfacet
  facet normal -1.000000 0.000000 0.000000
    outer loop
      vertex 72.000 0.000 7.600
      vertex 72.000 0.741 7.527
      vertex 72.000 0.283 5.222
    endloop
  endfacet
  facet normal -1.000000 0.000000 0.000000
    outer loop
      vertex 72.000 0.000 7.600
      vertex 72.000 0.283 5.222
      vertex 72.000 0.000 5.250
    endloop
  endfacet
  facet normal 1.000000 0.000000 0.000000
    outer loop
      vertex 80.000 0.741 7.527
      vertex 80.000 0.000 7.600
      vertex 80.000 0.000 5.250
    endloop
  endfacet
  facet normal 1.000000 0.000000 0.000000
    outer loop
      vertex 80.000 0.741 7.527
      vertex 80.000 0.000 5.250
      vertex 80.000 0.283 5.222
    endloop
  endfacet
  facet normal 0.000000 0.098017 -0.995185
    outer loop
      vertex 72.000 0.000 7.600
      vertex 80.000 0.000 7.600
      vertex 80.000 -0.741 7.527
    endloop
  endfacet
  facet normal 0.000000 0.098017 -0.995185
    outer loop
      vertex 72.000 0.000 7.600
      vertex 80.000 -0.741 7.527
      vertex 72.000 -0.741 7.527
    endloop
  endfacet
  facet normal 0.000000 -0.098017 0.995185
    outer loop
      vertex 72.000 -0.283 5.222
      vertex 80.000 -0.283 5.222
      vertex 80.000 0.000 5.250
    endloop
  endfacet
  facet normal 0.000000 -0.098017 0.995185
    outer loop
      vertex 72.000 -0.283 5.222
      vertex 80.000 0.000 5.250
      vertex 72.000 0.000 5.250
    endloop
  endfacet
  facet normal -1.000000 0.000000 0.000000
    outer loop
      vertex 72.000 -0.741 7.527
      vertex 72.000 0.000 7.600
      vertex 72.000 0.000 5.250
    endloop
  endfacet
  facet normal -1.000000 0.000000 0.000000
    outer loop
      vertex 72.000 -0.741 7.527
      vertex 72.000 0.000 5.250
      vertex 72.000 -0.283 5.222
    endloop
  endfacet
  facet normal 1.000000 0.000000 0.000000
    outer loop
      vertex 80.000 0.000 7.600
      vertex 80.000 -0.741 7.527
      vertex 80.000 -0.283 5.222
    endloop
  endfacet
  facet normal 1.000000 0.000000 0.000000
    outer loop
      vertex 80.000 0.000 7.600
      vertex 80.000 -0.283 5.222
      vertex 80.000 0.000 5.250
    endloop
  endfacet
  facet normal 0.000000 0.290285 -0.956940
    outer loop
      vertex 72.000 -0.741 7.527
      vertex 80.000 -0.741 7.527
      vertex 80.000 -1.454 7.311
    endloop
  endfacet
  facet normal 0.000000 0.290285 -0.956940
    outer loop
      vertex 72.000 -0.741 7.527
      vertex 80.000 -1.454 7.311
      vertex 72.000 -1.454 7.311
    endloop
  endfacet
  facet normal 0.000000 -0.290285 0.956940
    outer loop
      vertex 72.000 -0.555 5.140
      vertex 80.000 -0.555 5.140
      vertex 80.000 -0.283 5.222
    endloop
  endfacet
  facet normal 0.000000 -0.290285 0.956940
    outer loop
      vertex 72.000 -0.555 5.140
      vertex 80.000 -0.283 5.222
      vertex 72.000 -0.283 5.222
    endloop
  endfacet
  facet normal -1.000000 0.000000 0.000000
    outer loop
      vertex 72.000 -1.454 7.311
      vertex 72.000 -0.741 7.527
      vertex 72.000 -0.283 5.222
    endloop
  endfacet
  facet normal -1.000000 0.000000 0.000000
    outer loop
      vertex 72.000 -1.454 7.311
      vertex 72.000 -0.283 5.222
      vertex 72.000 -0.555 5.140
    endloop
  endfacet
  facet normal 1.000000 0.000000 0.000000
    outer loop
      vertex 80.000 -0.741 7.527
      vertex 80.000 -1.454 7.311
      vertex 80.000 -0.555 5.140
    endloop
  endfacet
  facet normal 1.000000 0.000000 0.000000
    outer loop
      vertex 80.000 -0.741 7.527
      vertex 80.000 -0.555 5.140
      vertex 80.000 -0.283 5.222
    endloop
  endfacet
  facet normal 0.000000 0.471397 -0.881921
    outer loop
      vertex 72.000 -1.454 7.311
      vertex 80.000 -1.454 7.311
      vertex 80.000 -2.111 6.960
    endloop
  endfacet
  facet normal 0.000000 0.471397 -0.881921
    outer loop
      vertex 72.000 -1.454 7.311
      vertex 80.000 -2.111 6.960
      vertex 72.000 -2.111 6.960
    endloop
  endfacet
  facet normal 0.000000 -0.471397 0.881921
    outer loop
      vertex 72.000 -0.806 5.006
      vertex 80.000 -0.806 5.006
      vertex 80.000 -0.555 5.140
    endloop
  endfacet
  facet normal 0.000000 -0.471397 0.881921
    outer loop
      vertex 72.000 -0.806 5.006
      vertex 80.000 -0.555 5.140
      vertex 72.000 -0.555 5.140
    endloop
  endfacet
  facet normal -1.000000 0.000000 0.000000
    outer loop
      vertex 72.000 -2.111 6.960
      vertex 72.000 -1.454 7.311
      vertex 72.000 -0.555 5.140
    endloop
  endfacet
  facet normal -1.000000 0.000000 0.000000
    outer loop
      vertex 72.000 -2.111 6.960
      vertex 72.000 -0.555 5.140
      vertex 72.000 -0.806 5.006
    endloop
  endfacet
  facet normal 1.000000 0.000000 0.000000
    outer loop
      vertex 80.000 -1.454 7.311
      vertex 80.000 -2.111 6.960
      vertex 80.000 -0.806 5.006
    endloop
  endfacet
  facet normal 1.000000 0.000000 0.000000
    outer loop
      vertex 80.000 -1.454 7.311
      vertex 80.000 -0.806 5.006
      vertex 80.000 -0.555 5.140
    endloop
  endfacet
  facet normal 0.000000 0.634393 -0.773010
    outer loop
      vertex 72.000 -2.111 6.960
      vertex 80.000 -2.111 6.960
      vertex 80.000 -2.687 6.487
    endloop
  endfacet
  facet normal 0.000000 0.634393 -0.773010
    outer loop
      vertex 72.000 -2.111 6.960
      vertex 80.000 -2.687 6.487
      vertex 72.000 -2.687 6.487
    endloop
  endfacet
  facet normal 0.000000 -0.634393 0.773010
    outer loop
      vertex 72.000 -1.025 4.825
      vertex 80.000 -1.025 4.825
      vertex 80.000 -0.806 5.006
    endloop
  endfacet
  facet normal 0.000000 -0.634393 0.773010
    outer loop
      vertex 72.000 -1.025 4.825
      vertex 80.000 -0.806 5.006
      vertex 72.000 -0.806 5.006
    endloop
  endfacet
  facet normal -1.000000 0.000000 0.000000
    outer loop
      vertex 72.000 -2.687 6.487
      vertex 72.000 -2.111 6.960
      vertex 72.000 -0.806 5.006
    endloop
  endfacet
  facet normal -1.000000 0.000000 0.000000
    outer loop
      vertex 72.000 -2.687 6.487
      vertex 72.000 -0.806 5.006
      vertex 72.000 -1.025 4.825
    endloop
  endfacet
  facet normal 1.000000 0.000000 0.000000
    outer loop
      vertex 80.000 -2.111 6.960
      vertex 80.000 -2.687 6.487
      vertex 80.000 -1.025 4.825
    endloop
  endfacet
  facet normal 1.000000 0.000000 0.000000
    outer loop
      vertex 80.000 -2.111 6.960
      vertex 80.000 -1.025 4.825
      vertex 80.000 -0.806 5.006
    endloop
  endfacet
  facet normal 0.000000 0.773010 -0.634393
    outer loop
      vertex 72.000 -2.687 6.487
      vertex 80.000 -2.687 6.487
      vertex 80.000 -3.160 5.911
    endloop
  endfacet
  facet normal 0.000000 0.773010 -0.634393
    outer loop
      vertex 72.000 -2.687 6.487
      vertex 80.000 -3.160 5.911
      vertex 72.000 -3.160 5.911
    endloop
  endfacet
  facet normal 0.000000 -0.773010 0.634393
    outer loop
      vertex 72.000 -1.206 4.606
      vertex 80.000 -1.206 4.606
      vertex 80.000 -1.025 4.825
    endloop
  endfacet
  facet normal 0.000000 -0.773010 0.634393
    outer loop
      vertex 72.000 -1.206 4.606
      vertex 80.000 -1.025 4.825
      vertex 72.000 -1.025 4.825
    endloop
  endfacet
  facet normal -1.000000 0.000000 0.000000
    outer loop
      vertex 72.000 -3.160 5.911
      vertex 72.000 -2.687 6.487
      vertex 72.000 -1.025 4.825
    endloop
  endfacet
  facet normal -1.000000 0.000000 0.000000
    outer loop
      vertex 72.000 -3.160 5.911
      vertex 72.000 -1.025 4.825
      vertex 72.000 -1.206 4.606
    endloop
  endfacet
  facet normal 1.000000 0.000000 0.000000
    outer loop
      vertex 80.000 -2.687 6.487
      vertex 80.000 -3.160 5.911
      vertex 80.000 -1.206 4.606
    endloop
  endfacet
  facet normal 1.000000 0.000000 0.000000
    outer loop
      vertex 80.000 -2.687 6.487
      vertex 80.000 -1.206 4.606
      vertex 80.000 -1.025 4.825
    endloop
  endfacet
  facet normal 0.000000 0.881921 -0.471397
    outer loop
      vertex 72.000 -3.160 5.911
      vertex 80.000 -3.160 5.911
      vertex 80.000 -3.511 5.254
    endloop
  endfacet
  facet normal 0.000000 0.881921 -0.471397
    outer loop
      vertex 72.000 -3.160 5.911
      vertex 80.000 -3.511 5.254
      vertex 72.000 -3.511 5.254
    endloop
  endfacet
  facet normal 0.000000 -0.881921 0.471397
    outer loop
      vertex 72.000 -1.340 4.355
      vertex 80.000 -1.340 4.355
      vertex 80.000 -1.206 4.606
    endloop
  endfacet
  facet normal 0.000000 -0.881921 0.471397
    outer loop
      vertex 72.000 -1.340 4.355
      vertex 80.000 -1.206 4.606
      vertex 72.000 -1.206 4.606
    endloop
  endfacet
  facet normal -1.000000 0.000000 0.000000
    outer loop
      vertex 72.000 -3.511 5.254
      vertex 72.000 -3.160 5.911
      vertex 72.000 -1.206 4.606
    endloop
  endfacet
  facet normal -1.000000 0.000000 0.000000
    outer loop
      vertex 72.000 -3.511 5.254
      vertex 72.000 -1.206 4.606
      vertex 72.000 -1.340 4.355
    endloop
  endfacet
  facet normal 1.000000 0.000000 0.000000
    outer loop
      vertex 80.000 -3.160 5.911
      vertex 80.000 -3.511 5.254
      vertex 80.000 -1.340 4.355
    endloop
  endfacet
  facet normal 1.000000 0.000000 0.000000
    outer loop
      vertex 80.000 -3.160 5.911
      vertex 80.000 -1.340 4.355
      vertex 80.000 -1.206 4.606
    endloop
  endfacet
  facet normal 0.000000 0.956940 -0.290285
    outer loop
      vertex 72.000 -3.511 5.254
      vertex 80.000 -3.511 5.254
      vertex 80.000 -3.727 4.541
    endloop
  endfacet
  facet normal 0.000000 0.956940 -0.290285
    outer loop
      vertex 72.000 -3.511 5.254
      vertex 80.000 -3.727 4.541
      vertex 72.000 -3.727 4.541
    endloop
  endfacet
  facet normal 0.000000 -0.956940 0.290285
    outer loop
      vertex 72.000 -1.422 4.083
      vertex 80.000 -1.422 4.083
      vertex 80.000 -1.340 4.355
    endloop
  endfacet
  facet normal 0.000000 -0.956940 0.290285
    outer loop
      vertex 72.000 -1.422 4.083
      vertex 80.000 -1.340 4.355
      vertex 72.000 -1.340 4.355
    endloop
  endfacet
  facet normal -1.000000 0.000000 0.000000
    outer loop
      vertex 72.000 -3.727 4.541
      vertex 72.000 -3.511 5.254
      vertex 72.000 -1.340 4.355
    endloop
  endfacet
  facet normal -1.000000 0.000000 0.000000
    outer loop
      vertex 72.000 -3.727 4.541
      vertex 72.000 -1.340 4.355
      vertex 72.000 -1.422 4.083
    endloop
  endfacet
  facet normal 1.000000 0.000000 0.000000
    outer loop
      vertex 80.000 -3.511 5.254
      vertex 80.000 -3.727 4.541
      vertex 80.000 -1.422 4.083
    endloop
  endfacet
  facet normal 1.000000 0.000000 0.000000
    outer loop
      vertex 80.000 -3.511 5.254
      vertex 80.000 -1.422 4.083
      vertex 80.000 -1.340 4.355
    endloop
  endfacet
  facet normal 0.000000 0.995185 -0.098017
    outer loop
      vertex 72.000 -3.727 4.541
      vertex 80.000 -3.727 4.541
      vertex 80.000 -3.800 3.800
    endloop
  endfacet
  facet normal 0.000000 0.995185 -0.098017
    outer loop
      vertex 72.000 -3.727 4.541
      vertex 80.000 -3.800 3.800
      vertex 72.000 -3.800 3.800
    endloop
  endfacet
  facet normal 0.000000 -0.995185 0.098017
    outer loop
      vertex 72.000 -1.450 3.800
      vertex 80.000 -1.450 3.800
      vertex 80.000 -1.422 4.083
    endloop
  endfacet
  facet normal 0.000000 -0.995185 0.098017
    outer loop
      vertex 72.000 -1.450 3.800
      vertex 80.000 -1.422 4.083
      vertex 72.000 -1.422 4.083
    endloop
  endfacet
  facet normal -1.000000 0.000000 0.000000
    outer loop
      vertex 72.000 -3.800 3.800
      vertex 72.000 -3.727 4.541
      vertex 72.000 -1.422 4.083
    endloop
  endfacet
  facet normal -1.000000 0.000000 0.000000
    outer loop
      vertex 72.000 -3.800 3.800
      vertex 72.000 -1.422 4.083
      vertex 72.000 -1.450 3.800
    endloop
  endfacet
  facet normal 1.000000 0.000000 0.000000
    outer loop
      vertex 80.000 -3.727 4.541
      vertex 80.000 -3.800 3.800
      vertex 80.000 -1.450 3.800
    endloop
  endfacet
  facet normal 1.000000 0.000000 0.000000
    outer loop
      vertex 80.000 -3.727 4.541
      vertex 80.000 -1.450 3.800
      vertex 80.000 -1.422 4.083
    endloop
  endfacet
  facet normal 0.000000 0.995185 0.098017
    outer loop
      vertex 72.000 -3.800 3.800
      vertex 80.000 -3.800 3.800
      vertex 80.000 -3.727 3.059
    endloop
  endfacet
  facet normal 0.000000 0.995185 0.098017
    outer loop
      vertex 72.000 -3.800 3.800
      vertex 80.000 -3.727 3.059
      vertex 72.000 -3.727 3.059
    endloop
  endfacet
  facet normal 0.000000 -0.995185 -0.098017
    outer loop
      vertex 72.000 -1.422 3.517
      vertex 80.000 -1.422 3.517
      vertex 80.000 -1.450 3.800
    endloop
  endfacet
  facet normal 0.000000 -0.995185 -0.098017
    outer loop
      vertex 72.000 -1.422 3.517
      vertex 80.000 -1.450 3.800
      vertex 72.000 -1.450 3.800
    endloop
  endfacet
  facet normal -1.000000 0.000000 0.000000
    outer loop
      vertex 72.000 -3.727 3.059
      vertex 72.000 -3.800 3.800
      vertex 72.000 -1.450 3.800
    endloop
  endfacet
  facet normal -1.000000 0.000000 0.000000
    outer loop
      vertex 72.000 -3.727 3.059
      vertex 72.000 -1.450 3.800
      vertex 72.000 -1.422 3.517
    endloop
  endfacet
  facet normal 1.000000 0.000000 0.000000
    outer loop
      vertex 80.000 -3.800 3.800
      vertex 80.000 -3.727 3.059
      vertex 80.000 -1.422 3.517
    endloop
  endfacet
  facet normal 1.000000 0.000000 0.000000
    outer loop
      vertex 80.000 -3.800 3.800
      vertex 80.000 -1.422 3.517
      vertex 80.000 -1.450 3.800
    endloop
  endfacet
  facet normal 0.000000 0.956940 0.290285
    outer loop
      vertex 72.000 -3.727 3.059
      vertex 80.000 -3.727 3.059
      vertex 80.000 -3.511 2.346
    endloop
  endfacet
  facet normal 0.000000 0.956940 0.290285
    outer loop
      vertex 72.000 -3.727 3.059
      vertex 80.000 -3.511 2.346
      vertex 72.000 -3.511 2.346
    endloop
  endfacet
  facet normal 0.000000 -0.956940 -0.290285
    outer loop
      vertex 72.000 -1.340 3.245
      vertex 80.000 -1.340 3.245
      vertex 80.000 -1.422 3.517
    endloop
  endfacet
  facet normal 0.000000 -0.956940 -0.290285
    outer loop
      vertex 72.000 -1.340 3.245
      vertex 80.000 -1.422 3.517
      vertex 72.000 -1.422 3.517
    endloop
  endfacet
  facet normal -1.000000 0.000000 0.000000
    outer loop
      vertex 72.000 -3.511 2.346
      vertex 72.000 -3.727 3.059
      vertex 72.000 -1.422 3.517
    endloop
  endfacet
  facet normal -1.000000 0.000000 0.000000
    outer loop
      vertex 72.000 -3.511 2.346
      vertex 72.000 -1.422 3.517
      vertex 72.000 -1.340 3.245
    endloop
  endfacet
  facet normal 1.000000 0.000000 0.000000
    outer loop
      vertex 80.000 -3.727 3.059
      vertex 80.000 -3.511 2.346
      vertex 80.000 -1.340 3.245
    endloop
  endfacet
  facet normal 1.000000 0.000000 0.000000
    outer loop
      vertex 80.000 -3.727 3.059
      vertex 80.000 -1.340 3.245
      vertex 80.000 -1.422 3.517
    endloop
  endfacet
  facet normal 0.000000 0.881921 0.471397
    outer loop
      vertex 72.000 -3.511 2.346
      vertex 80.000 -3.511 2.346
      vertex 80.000 -3.160 1.689
    endloop
  endfacet
  facet normal 0.000000 0.881921 0.471397
    outer loop
      vertex 72.000 -3.511 2.346
      vertex 80.000 -3.160 1.689
      vertex 72.000 -3.160 1.689
    endloop
  endfacet
  facet normal 0.000000 -0.881921 -0.471397
    outer loop
      vertex 72.000 -1.206 2.994
      vertex 80.000 -1.206 2.994
      vertex 80.000 -1.340 3.245
    endloop
  endfacet
  facet normal 0.000000 -0.881921 -0.471397
    outer loop
      vertex 72.000 -1.206 2.994
      vertex 80.000 -1.340 3.245
      vertex 72.000 -1.340 3.245
    endloop
  endfacet
  facet normal -1.000000 0.000000 0.000000
    outer loop
      vertex 72.000 -3.160 1.689
      vertex 72.000 -3.511 2.346
      vertex 72.000 -1.340 3.245
    endloop
  endfacet
  facet normal -1.000000 0.000000 0.000000
    outer loop
      vertex 72.000 -3.160 1.689
      vertex 72.000 -1.340 3.245
      vertex 72.000 -1.206 2.994
    endloop
  endfacet
  facet normal 1.000000 0.000000 0.000000
    outer loop
      vertex 80.000 -3.511 2.346
      vertex 80.000 -3.160 1.689
      vertex 80.000 -1.206 2.994
    endloop
  endfacet
  facet normal 1.000000 0.000000 0.000000
    outer loop
      vertex 80.000 -3.511 2.346
      vertex 80.000 -1.206 2.994
      vertex 80.000 -1.340 3.245
    endloop
  endfacet
  facet normal 0.000000 0.773010 0.634393
    outer loop
      vertex 72.000 -3.160 1.689
      vertex 80.000 -3.160 1.689
      vertex 80.000 -2.687 1.113
    endloop
  endfacet
  facet normal 0.000000 0.773010 0.634393
    outer loop
      vertex 72.000 -3.160 1.689
      vertex 80.000 -2.687 1.113
      vertex 72.000 -2.687 1.113
    endloop
  endfacet
  facet normal 0.000000 -0.773010 -0.634393
    outer loop
      vertex 72.000 -1.025 2.775
      vertex 80.000 -1.025 2.775
      vertex 80.000 -1.206 2.994
    endloop
  endfacet
  facet normal 0.000000 -0.773010 -0.634393
    outer loop
      vertex 72.000 -1.025 2.775
      vertex 80.000 -1.206 2.994
      vertex 72.000 -1.206 2.994
    endloop
  endfacet
  facet normal -1.000000 0.000000 0.000000
    outer loop
      vertex 72.000 -2.687 1.113
      vertex 72.000 -3.160 1.689
      vertex 72.000 -1.206 2.994
    endloop
  endfacet
  facet normal -1.000000 0.000000 0.000000
    outer loop
      vertex 72.000 -2.687 1.113
      vertex 72.000 -1.206 2.994
      vertex 72.000 -1.025 2.775
    endloop
  endfacet
  facet normal 1.000000 0.000000 0.000000
    outer loop
      vertex 80.000 -3.160 1.689
      vertex 80.000 -2.687 1.113
      vertex 80.000 -1.025 2.775
    endloop
  endfacet
  facet normal 1.000000 0.000000 0.000000
    outer loop
      vertex 80.000 -3.160 1.689
      vertex 80.000 -1.025 2.775
      vertex 80.000 -1.206 2.994
    endloop
  endfacet
  facet normal 0.000000 0.634393 0.773010
    outer loop
      vertex 72.000 -2.687 1.113
      vertex 80.000 -2.687 1.113
      vertex 80.000 -2.111 0.640
    endloop
  endfacet
  facet normal 0.000000 0.634393 0.773010
    outer loop
      vertex 72.000 -2.687 1.113
      vertex 80.000 -2.111 0.640
      vertex 72.000 -2.111 0.640
    endloop
  endfacet
  facet normal 0.000000 -0.634393 -0.773010
    outer loop
      vertex 72.000 -0.806 2.594
      vertex 80.000 -0.806 2.594
      vertex 80.000 -1.025 2.775
    endloop
  endfacet
  facet normal 0.000000 -0.634393 -0.773010
    outer loop
      vertex 72.000 -0.806 2.594
      vertex 80.000 -1.025 2.775
      vertex 72.000 -1.025 2.775
    endloop
  endfacet
  facet normal -1.000000 0.000000 0.000000
    outer loop
      vertex 72.000 -2.111 0.640
      vertex 72.000 -2.687 1.113
      vertex 72.000 -1.025 2.775
    endloop
  endfacet
  facet normal -1.000000 0.000000 0.000000
    outer loop
      vertex 72.000 -2.111 0.640
      vertex 72.000 -1.025 2.775
      vertex 72.000 -0.806 2.594
    endloop
  endfacet
  facet normal 1.000000 0.000000 0.000000
    outer loop
      vertex 80.000 -2.687 1.113
      vertex 80.000 -2.111 0.640
      vertex 80.000 -0.806 2.594
    endloop
  endfacet
  facet normal 1.000000 0.000000 0.000000
    outer loop
      vertex 80.000 -2.687 1.113
      vertex 80.000 -0.806 2.594
      vertex 80.000 -1.025 2.775
    endloop
  endfacet
  facet normal 0.000000 0.471397 0.881921
    outer loop
      vertex 72.000 -2.111 0.640
      vertex 80.000 -2.111 0.640
      vertex 80.000 -1.454 0.289
    endloop
  endfacet
  facet normal 0.000000 0.471397 0.881921
    outer loop
      vertex 72.000 -2.111 0.640
      vertex 80.000 -1.454 0.289
      vertex 72.000 -1.454 0.289
    endloop
  endfacet
  facet normal 0.000000 -0.471397 -0.881921
    outer loop
      vertex 72.000 -0.555 2.460
      vertex 80.000 -0.555 2.460
      vertex 80.000 -0.806 2.594
    endloop
  endfacet
  facet normal 0.000000 -0.471397 -0.881921
    outer loop
      vertex 72.000 -0.555 2.460
      vertex 80.000 -0.806 2.594
      vertex 72.000 -0.806 2.594
    endloop
  endfacet
  facet normal -1.000000 0.000000 0.000000
    outer loop
      vertex 72.000 -1.454 0.289
      vertex 72.000 -2.111 0.640
      vertex 72.000 -0.806 2.594
    endloop
  endfacet
  facet normal -1.000000 0.000000 0.000000
    outer loop
      vertex 72.000 -1.454 0.289
      vertex 72.000 -0.806 2.594
      vertex 72.000 -0.555 2.460
    endloop
  endfacet
  facet normal 1.000000 0.000000 0.000000
    outer loop
      vertex 80.000 -2.111 0.640
      vertex 80.000 -1.454 0.289
      vertex 80.000 -0.555 2.460
    endloop
  endfacet
  facet normal 1.000000 0.000000 0.000000
    outer loop
      vertex 80.000 -2.111 0.640
      vertex 80.000 -0.555 2.460
      vertex 80.000 -0.806 2.594
    endloop
  endfacet
  facet normal 0.000000 0.290285 0.956940
    outer loop
      vertex 72.000 -1.454 0.289
      vertex 80.000 -1.454 0.289
      vertex 80.000 -0.741 0.073
    endloop
  endfacet
  facet normal 0.000000 0.290285 0.956940
    outer loop
      vertex 72.000 -1.454 0.289
      vertex 80.000 -0.741 0.073
      vertex 72.000 -0.741 0.073
    endloop
  endfacet
  facet normal 0.000000 -0.290285 -0.956940
    outer loop
      vertex 72.000 -0.283 2.378
      vertex 80.000 -0.283 2.378
      vertex 80.000 -0.555 2.460
    endloop
  endfacet
  facet normal 0.000000 -0.290285 -0.956940
    outer loop
      vertex 72.000 -0.283 2.378
      vertex 80.000 -0.555 2.460
      vertex 72.000 -0.555 2.460
    endloop
  endfacet
  facet normal -1.000000 0.000000 0.000000
    outer loop
      vertex 72.000 -0.741 0.073
      vertex 72.000 -1.454 0.289
      vertex 72.000 -0.555 2.460
    endloop
  endfacet
  facet normal -1.000000 0.000000 0.000000
    outer loop
      vertex 72.000 -0.741 0.073
      vertex 72.000 -0.555 2.460
      vertex 72.000 -0.283 2.378
    endloop
  endfacet
  facet normal 1.000000 0.000000 0.000000
    outer loop
      vertex 80.000 -1.454 0.289
      vertex 80.000 -0.741 0.073
      vertex 80.000 -0.283 2.378
    endloop
  endfacet
  facet normal 1.000000 0.000000 0.000000
    outer loop
      vertex 80.000 -1.454 0.289
      vertex 80.000 -0.283 2.378
      vertex 80.000 -0.555 2.460
    endloop
  endfacet
  facet normal 0.000000 0.098017 0.995185
    outer loop
      vertex 72.000 -0.741 0.073
      vertex 80.000 -0.741 0.073
      vertex 80.000 -0.000 0.000
    endloop
  endfacet
  facet normal 0.000000 0.098017 0.995185
    outer loop
      vertex 72.000 -0.741 0.073
      vertex 80.000 -0.000 0.000
      vertex 72.000 -0.000 0.000
    endloop
  endfacet
  facet normal 0.000000 -0.098017 -0.995185
    outer loop
      vertex 72.000 -0.000 2.350
      vertex 80.000 -0.000 2.350
      vertex 80.000 -0.283 2.378
    endloop
  endfacet
  facet normal 0.000000 -0.098017 -0.995185
    outer loop
      vertex 72.000 -0.000 2.350
      vertex 80.000 -0.283 2.378
      vertex 72.000 -0.283 2.378
    endloop
  endfacet
  facet normal -1.000000 0.000000 0.000000
    outer loop
      vertex 72.000 -0.000 0.000
      vertex 72.000 -0.741 0.073
      vertex 72.000 -0.283 2.378
    endloop
  endfacet
  facet normal -1.000000 0.000000 0.000000
    outer loop
      vertex 72.000 -0.000 0.000
      vertex 72.000 -0.283 2.378
      vertex 72.000 -0.000 2.350
    endloop
  endfacet
  facet normal 1.000000 0.000000 0.000000
    outer loop
      vertex 80.000 -0.741 0.073
      vertex 80.000 -0.000 0.000
      vertex 80.000 -0.000 2.350
    endloop
  endfacet
  facet normal 1.000000 0.000000 0.000000
    outer loop
      vertex 80.000 -0.741 0.073
      vertex 80.000 -0.000 2.350
      vertex 80.000 -0.283 2.378
    endloop
  endfacet
  facet normal 0.000000 -0.098017 0.995185
    outer loop
      vertex 72.000 -0.000 0.000
      vertex 80.000 -0.000 0.000
      vertex 80.000 0.741 0.073
    endloop
  endfacet
  facet normal 0.000000 -0.098017 0.995185
    outer loop
      vertex 72.000 -0.000 0.000
      vertex 80.000 0.741 0.073
      vertex 72.000 0.741 0.073
    endloop
  endfacet
  facet normal 0.000000 0.098017 -0.995185
    outer loop
      vertex 72.000 0.283 2.378
      vertex 80.000 0.283 2.378
      vertex 80.000 -0.000 2.350
    endloop
  endfacet
  facet normal 0.000000 0.098017 -0.995185
    outer loop
      vertex 72.000 0.283 2.378
      vertex 80.000 -0.000 2.350
      vertex 72.000 -0.000 2.350
    endloop
  endfacet
  facet normal -1.000000 0.000000 0.000000
    outer loop
      vertex 72.000 0.741 0.073
      vertex 72.000 -0.000 0.000
      vertex 72.000 -0.000 2.350
    endloop
  endfacet
  facet normal -1.000000 0.000000 0.000000
    outer loop
      vertex 72.000 0.741 0.073
      vertex 72.000 -0.000 2.350
      vertex 72.000 0.283 2.378
    endloop
  endfacet
  facet normal 1.000000 0.000000 0.000000
    outer loop
      vertex 80.000 -0.000 0.000
      vertex 80.000 0.741 0.073
      vertex 80.000 0.283 2.378
    endloop
  endfacet
  facet normal 1.000000 0.000000 0.000000
    outer loop
      vertex 80.000 -0.000 0.000
      vertex 80.000 0.283 2.378
      vertex 80.000 -0.000 2.350
    endloop
  endfacet
  facet normal 0.000000 -0.290285 0.956940
    outer loop
      vertex 72.000 0.741 0.073
      vertex 80.000 0.741 0.073
      vertex 80.000 1.454 0.289
    endloop
  endfacet
  facet normal 0.000000 -0.290285 0.956940
    outer loop
      vertex 72.000 0.741 0.073
      vertex 80.000 1.454 0.289
      vertex 72.000 1.454 0.289
    endloop
  endfacet
  facet normal 0.000000 0.290285 -0.956940
    outer loop
      vertex 72.000 0.555 2.460
      vertex 80.000 0.555 2.460
      vertex 80.000 0.283 2.378
    endloop
  endfacet
  facet normal 0.000000 0.290285 -0.956940
    outer loop
      vertex 72.000 0.555 2.460
      vertex 80.000 0.283 2.378
      vertex 72.000 0.283 2.378
    endloop
  endfacet
  facet normal -1.000000 0.000000 0.000000
    outer loop
      vertex 72.000 1.454 0.289
      vertex 72.000 0.741 0.073
      vertex 72.000 0.283 2.378
    endloop
  endfacet
  facet normal -1.000000 0.000000 0.000000
    outer loop
      vertex 72.000 1.454 0.289
      vertex 72.000 0.283 2.378
      vertex 72.000 0.555 2.460
    endloop
  endfacet
  facet normal 1.000000 0.000000 0.000000
    outer loop
      vertex 80.000 0.741 0.073
      vertex 80.000 1.454 0.289
      vertex 80.000 0.555 2.460
    endloop
  endfacet
  facet normal 1.000000 0.000000 0.000000
    outer loop
      vertex 80.000 0.741 0.073
      vertex 80.000 0.555 2.460
      vertex 80.000 0.283 2.378
    endloop
  endfacet
  facet normal 0.000000 -0.471397 0.881921
    outer loop
      vertex 72.000 1.454 0.289
      vertex 80.000 1.454 0.289
      vertex 80.000 2.111 0.640
    endloop
  endfacet
  facet normal 0.000000 -0.471397 0.881921
    outer loop
      vertex 72.000 1.454 0.289
      vertex 80.000 2.111 0.640
      vertex 72.000 2.111 0.640
    endloop
  endfacet
  facet normal 0.000000 0.471397 -0.881921
    outer loop
      vertex 72.000 0.806 2.594
      vertex 80.000 0.806 2.594
      vertex 80.000 0.555 2.460
    endloop
  endfacet
  facet normal 0.000000 0.471397 -0.881921
    outer loop
      vertex 72.000 0.806 2.594
      vertex 80.000 0.555 2.460
      vertex 72.000 0.555 2.460
    endloop
  endfacet
  facet normal -1.000000 0.000000 0.000000
    outer loop
      vertex 72.000 2.111 0.640
      vertex 72.000 1.454 0.289
      vertex 72.000 0.555 2.460
    endloop
  endfacet
  facet normal -1.000000 0.000000 0.000000
    outer loop
      vertex 72.000 2.111 0.640
      vertex 72.000 0.555 2.460
      vertex 72.000 0.806 2.594
    endloop
  endfacet
  facet normal 1.000000 0.000000 0.000000
    outer loop
      vertex 80.000 1.454 0.289
      vertex 80.000 2.111 0.640
      vertex 80.000 0.806 2.594
    endloop
  endfacet
  facet normal 1.000000 0.000000 0.000000
    outer loop
      vertex 80.000 1.454 0.289
      vertex 80.000 0.806 2.594
      vertex 80.000 0.555 2.460
    endloop
  endfacet
  facet normal 0.000000 -0.634393 0.773010
    outer loop
      vertex 72.000 2.111 0.640
      vertex 80.000 2.111 0.640
      vertex 80.000 2.687 1.113
    endloop
  endfacet
  facet normal 0.000000 -0.634393 0.773010
    outer loop
      vertex 72.000 2.111 0.640
      vertex 80.000 2.687 1.113
      vertex 72.000 2.687 1.113
    endloop
  endfacet
  facet normal 0.000000 0.634393 -0.773010
    outer loop
      vertex 72.000 1.025 2.775
      vertex 80.000 1.025 2.775
      vertex 80.000 0.806 2.594
    endloop
  endfacet
  facet normal 0.000000 0.634393 -0.773010
    outer loop
      vertex 72.000 1.025 2.775
      vertex 80.000 0.806 2.594
      vertex 72.000 0.806 2.594
    endloop
  endfacet
  facet normal -1.000000 0.000000 0.000000
    outer loop
      vertex 72.000 2.687 1.113
      vertex 72.000 2.111 0.640
      vertex 72.000 0.806 2.594
    endloop
  endfacet
  facet normal -1.000000 0.000000 0.000000
    outer loop
      vertex 72.000 2.687 1.113
      vertex 72.000 0.806 2.594
      vertex 72.000 1.025 2.775
    endloop
  endfacet
  facet normal 1.000000 0.000000 0.000000
    outer loop
      vertex 80.000 2.111 0.640
      vertex 80.000 2.687 1.113
      vertex 80.000 1.025 2.775
    endloop
  endfacet
  facet normal 1.000000 0.000000 0.000000
    outer loop
      vertex 80.000 2.111 0.640
      vertex 80.000 1.025 2.775
      vertex 80.000 0.806 2.594
    endloop
  endfacet
  facet normal 0.000000 -0.773010 0.634393
    outer loop
      vertex 72.000 2.687 1.113
      vertex 80.000 2.687 1.113
      vertex 80.000 3.160 1.689
    endloop
  endfacet
  facet normal 0.000000 -0.773010 0.634393
    outer loop
      vertex 72.000 2.687 1.113
      vertex 80.000 3.160 1.689
      vertex 72.000 3.160 1.689
    endloop
  endfacet
  facet normal 0.000000 0.773010 -0.634393
    outer loop
      vertex 72.000 1.206 2.994
      vertex 80.000 1.206 2.994
      vertex 80.000 1.025 2.775
    endloop
  endfacet
  facet normal 0.000000 0.773010 -0.634393
    outer loop
      vertex 72.000 1.206 2.994
      vertex 80.000 1.025 2.775
      vertex 72.000 1.025 2.775
    endloop
  endfacet
  facet normal -1.000000 0.000000 0.000000
    outer loop
      vertex 72.000 3.160 1.689
      vertex 72.000 2.687 1.113
      vertex 72.000 1.025 2.775
    endloop
  endfacet
  facet normal -1.000000 0.000000 0.000000
    outer loop
      vertex 72.000 3.160 1.689
      vertex 72.000 1.025 2.775
      vertex 72.000 1.206 2.994
    endloop
  endfacet
  facet normal 1.000000 0.000000 0.000000
    outer loop
      vertex 80.000 2.687 1.113
      vertex 80.000 3.160 1.689
      vertex 80.000 1.206 2.994
    endloop
  endfacet
  facet normal 1.000000 0.000000 0.000000
    outer loop
      vertex 80.000 2.687 1.113
      vertex 80.000 1.206 2.994
      vertex 80.000 1.025 2.775
    endloop
  endfacet
  facet normal 0.000000 -0.881921 0.471397
    outer loop
      vertex 72.000 3.160 1.689
      vertex 80.000 3.160 1.689
      vertex 80.000 3.511 2.346
    endloop
  endfacet
  facet normal 0.000000 -0.881921 0.471397
    outer loop
      vertex 72.000 3.160 1.689
      vertex 80.000 3.511 2.346
      vertex 72.000 3.511 2.346
    endloop
  endfacet
  facet normal 0.000000 0.881921 -0.471397
    outer loop
      vertex 72.000 1.340 3.245
      vertex 80.000 1.340 3.245
      vertex 80.000 1.206 2.994
    endloop
  endfacet
  facet normal 0.000000 0.881921 -0.471397
    outer loop
      vertex 72.000 1.340 3.245
      vertex 80.000 1.206 2.994
      vertex 72.000 1.206 2.994
    endloop
  endfacet
  facet normal -1.000000 0.000000 0.000000
    outer loop
      vertex 72.000 3.511 2.346
      vertex 72.000 3.160 1.689
      vertex 72.000 1.206 2.994
    endloop
  endfacet
  facet normal -1.000000 0.000000 0.000000
    outer loop
      vertex 72.000 3.511 2.346
      vertex 72.000 1.206 2.994
      vertex 72.000 1.340 3.245
    endloop
  endfacet
  facet normal 1.000000 0.000000 0.000000
    outer loop
      vertex 80.000 3.160 1.689
      vertex 80.000 3.511 2.346
      vertex 80.000 1.340 3.245
    endloop
  endfacet
  facet normal 1.000000 0.000000 0.000000
    outer loop
      vertex 80.000 3.160 1.689
      vertex 80.000 1.340 3.245
      vertex 80.000 1.206 2.994
    endloop
  endfacet
  facet normal 0.000000 -0.956940 0.290285
    outer loop
      vertex 72.000 3.511 2.346
      vertex 80.000 3.511 2.346
      vertex 80.000 3.727 3.059
    endloop
  endfacet
  facet normal 0.000000 -0.956940 0.290285
    outer loop
      vertex 72.000 3.511 2.346
      vertex 80.000 3.727 3.059
      vertex 72.000 3.727 3.059
    endloop
  endfacet
  facet normal 0.000000 0.956940 -0.290285
    outer loop
      vertex 72.000 1.422 3.517
      vertex 80.000 1.422 3.517
      vertex 80.000 1.340 3.245
    endloop
  endfacet
  facet normal 0.000000 0.956940 -0.290285
    outer loop
      vertex 72.000 1.422 3.517
      vertex 80.000 1.340 3.245
      vertex 72.000 1.340 3.245
    endloop
  endfacet
  facet normal -1.000000 0.000000 0.000000
    outer loop
      vertex 72.000 3.727 3.059
      vertex 72.000 3.511 2.346
      vertex 72.000 1.340 3.245
    endloop
  endfacet
  facet normal -1.000000 0.000000 0.000000
    outer loop
      vertex 72.000 3.727 3.059
      vertex 72.000 1.340 3.245
      vertex 72.000 1.422 3.517
    endloop
  endfacet
  facet normal 1.000000 0.000000 0.000000
    outer loop
      vertex 80.000 3.511 2.346
      vertex 80.000 3.727 3.059
      vertex 80.000 1.422 3.517
    endloop
  endfacet
  facet normal 1.000000 0.000000 0.000000
    outer loop
      vertex 80.000 3.511 2.346
      vertex 80.000 1.422 3.517
      vertex 80.000 1.340 3.245
    endloop
  endfacet
  facet normal 0.000000 -0.995185 0.098017
    outer loop
      vertex 72.000 3.727 3.059
      vertex 80.000 3.727 3.059
      vertex 80.000 3.800 3.800
    endloop
  endfacet
  facet normal 0.000000 -0.995185 0.098017
    outer loop
      vertex 72.000 3.727 3.059
      vertex 80.000 3.800 3.800
      vertex 72.000 3.800 3.800
    endloop
  endfacet
  facet normal 0.000000 0.995185 -0.098017
    outer loop
      vertex 72.000 1.450 3.800
      vertex 80.000 1.450 3.800
      vertex 80.000 1.422 3.517
    endloop
  endfacet
  facet normal 0.000000 0.995185 -0.098017
    outer loop
      vertex 72.000 1.450 3.800
      vertex 80.000 1.422 3.517
      vertex 72.000 1.422 3.517
    endloop
  endfacet
  facet normal -1.000000 0.000000 0.000000
    outer loop
      vertex 72.000 3.800 3.800
      vertex 72.000 3.727 3.059
      vertex 72.000 1.422 3.517
    endloop
  endfacet
  facet normal -1.000000 0.000000 0.000000
    outer loop
      vertex 72.000 3.800 3.800
      vertex 72.000 1.422 3.517
      vertex 72.000 1.450 3.800
    endloop
  endfacet
  facet normal 1.000000 0.000000 0.000000
    outer loop
      vertex 80.000 3.727 3.059
      vertex 80.000 3.800 3.800
      vertex 80.000 1.450 3.800
    endloop
  endfacet
  facet normal 1.000000 0.000000 0.000000
    outer loop
      vertex 80.000 3.727 3.059
      vertex 80.000 1.450 3.800
      vertex 80.000 1.422 3.517
    endloop
  endfacet
  facet normal 0.000000 0.000000 1.000000
    outer loop
      vertex 72.000 -4.800 2.300
      vertex 80.000 -4.800 2.300
      vertex 80.000 -3.800 2.300
    endloop
  endfacet
  facet normal 0.000000 0.000000 1.000000
    outer loop
      vertex 72.000 -4.800 2.300
      vertex 80.000 -3.800 2.300
      vertex 72.000 -3.800 2.300
    endloop
  endfacet
  facet normal 0.000000 0.000000 -1.000000
    outer loop
      vertex 72.000 -4.800 5.300
      vertex 72.000 -3.800 5.300
      vertex 80.000 -3.800 5.300
    endloop
  endfacet
  facet normal 0.000000 0.000000 -1.000000
    outer loop
      vertex 72.000 -4.800 5.300
      vertex 80.000 -3.800 5.300
      vertex 80.000 -4.800 5.300
    endloop
  endfacet
  facet normal 0.000000 1.000000 0.000000
    outer loop
      vertex 72.000 -4.800 2.300
      vertex 72.000 -4.800 5.300
      vertex 80.000 -4.800 5.300
    endloop
  endfacet
  facet normal 0.000000 1.000000 0.000000
    outer loop
      vertex 72.000 -4.800 2.300
      vertex 80.000 -4.800 5.300
      vertex 80.000 -4.800 2.300
    endloop
  endfacet
  facet normal -1.000000 0.000000 0.000000
    outer loop
      vertex 80.000 -4.800 2.300
      vertex 80.000 -4.800 5.300
      vertex 80.000 -3.800 5.300
    endloop
  endfacet
  facet normal -1.000000 0.000000 0.000000
    outer loop
      vertex 80.000 -4.800 2.300
      vertex 80.000 -3.800 5.300
      vertex 80.000 -3.800 2.300
    endloop
  endfacet
  facet normal 0.000000 -1.000000 0.000000
    outer loop
      vertex 80.000 -3.800 2.300
      vertex 80.000 -3.800 5.300
      vertex 72.000 -3.800 5.300
    endloop
  endfacet
  facet normal 0.000000 -1.000000 0.000000
    outer loop
      vertex 80.000 -3.800 2.300
      vertex 72.000 -3.800 5.300
      vertex 72.000 -3.800 2.300
    endloop
  endfacet
  facet normal 1.000000 0.000000 0.000000
    outer loop
      vertex 72.000 -3.800 2.300
      vertex 72.000 -3.800 5.300
      vertex 72.000 -4.800 5.300
    endloop
  endfacet
  facet normal 1.000000 0.000000 0.000000
    outer loop
      vertex 72.000 -3.800 2.300
      vertex 72.000 -4.800 5.300
      vertex 72.000 -4.800 2.300
    endloop
  endfacet
endsolid food_caddy_k1se_accessories_combined_plate
