solid food_caddy_k1se_rear_hinge_rail_bed_centered
  facet normal 0.000000 0.000000 1.000000
    outer loop
      vertex 12.000 99.100 10.000
      vertex 208.000 99.100 10.000
      vertex 208.000 113.100 10.000
    endloop
  endfacet
  facet normal 0.000000 0.000000 1.000000
    outer loop
      vertex 12.000 99.100 10.000
      vertex 208.000 113.100 10.000
      vertex 12.000 113.100 10.000
    endloop
  endfacet
  facet normal 0.000000 0.000000 -1.000000
    outer loop
      vertex 12.000 99.100 14.000
      vertex 12.000 113.100 14.000
      vertex 208.000 113.100 14.000
    endloop
  endfacet
  facet normal 0.000000 0.000000 -1.000000
    outer loop
      vertex 12.000 99.100 14.000
      vertex 208.000 113.100 14.000
      vertex 208.000 99.100 14.000
    endloop
  endfacet
  facet normal 0.000000 1.000000 0.000000
    outer loop
      vertex 12.000 99.100 10.000
      vertex 12.000 99.100 14.000
      vertex 208.000 99.100 14.000
    endloop
  endfacet
  facet normal 0.000000 1.000000 0.000000
    outer loop
      vertex 12.000 99.100 10.000
      vertex 208.000 99.100 14.000
      vertex 208.000 99.100 10.000
    endloop
  endfacet
  facet normal -1.000000 0.000000 0.000000
    outer loop
      vertex 208.000 99.100 10.000
      vertex 208.000 99.100 14.000
      vertex 208.000 113.100 14.000
    endloop
  endfacet
  facet normal -1.000000 0.000000 0.000000
    outer loop
      vertex 208.000 99.100 10.000
      vertex 208.000 113.100 14.000
      vertex 208.000 113.100 10.000
    endloop
  endfacet
  facet normal 0.000000 -1.000000 0.000000
    outer loop
      vertex 208.000 113.100 10.000
      vertex 208.000 113.100 14.000
      vertex 12.000 113.100 14.000
    endloop
  endfacet
  facet normal 0.000000 -1.000000 0.000000
    outer loop
      vertex 208.000 113.100 10.000
      vertex 12.000 113.100 14.000
      vertex 12.000 113.100 10.000
    endloop
  endfacet
  facet normal 1.000000 0.000000 0.000000
    outer loop
      vertex 12.000 113.100 10.000
      vertex 12.000 113.100 14.000
      vertex 12.000 99.100 14.000
    endloop
  endfacet
  facet normal 1.000000 0.000000 0.000000
    outer loop
      vertex 12.000 113.100 10.000
      vertex 12.000 99.100 14.000
      vertex 12.000 99.100 10.000
    endloop
  endfacet
  facet normal 0.000000 0.000000 1.000000
    outer loop
      vertex 12.000 99.100 0.000
      vertex 208.000 99.100 0.000
      vertex 208.000 103.100 0.000
    endloop
  endfacet
  facet normal 0.000000 0.000000 1.000000
    outer loop
      vertex 12.000 99.100 0.000
      vertex 208.000 103.100 0.000
      vertex 12.000 103.100 0.000
    endloop
  endfacet
  facet normal 0.000000 0.000000 -1.000000
    outer loop
      vertex 12.000 99.100 14.000
      vertex 12.000 103.100 14.000
      vertex 208.000 103.100 14.000
    endloop
  endfacet
  facet normal 0.000000 0.000000 -1.000000
    outer loop
      vertex 12.000 99.100 14.000
      vertex 208.000 103.100 14.000
      vertex 208.000 99.100 14.000
    endloop
  endfacet
  facet normal 0.000000 1.000000 0.000000
    outer loop
      vertex 12.000 99.100 0.000
      vertex 12.000 99.100 14.000
      vertex 208.000 99.100 14.000
    endloop
  endfacet
  facet normal 0.000000 1.000000 0.000000
    outer loop
      vertex 12.000 99.100 0.000
      vertex 208.000 99.100 14.000
      vertex 208.000 99.100 0.000
    endloop
  endfacet
  facet normal -1.000000 0.000000 0.000000
    outer loop
      vertex 208.000 99.100 0.000
      vertex 208.000 99.100 14.000
      vertex 208.000 103.100 14.000
    endloop
  endfacet
  facet normal -1.000000 0.000000 0.000000
    outer loop
      vertex 208.000 99.100 0.000
      vertex 208.000 103.100 14.000
      vertex 208.000 103.100 0.000
    endloop
  endfacet
  facet normal 0.000000 -1.000000 0.000000
    outer loop
      vertex 208.000 103.100 0.000
      vertex 208.000 103.100 14.000
      vertex 12.000 103.100 14.000
    endloop
  endfacet
  facet normal 0.000000 -1.000000 0.000000
    outer loop
      vertex 208.000 103.100 0.000
      vertex 12.000 103.100 14.000
      vertex 12.000 103.100 0.000
    endloop
  endfacet
  facet normal 1.000000 0.000000 0.000000
    outer loop
      vertex 12.000 103.100 0.000
      vertex 12.000 103.100 14.000
      vertex 12.000 99.100 14.000
    endloop
  endfacet
  facet normal 1.000000 0.000000 0.000000
    outer loop
      vertex 12.000 103.100 0.000
      vertex 12.000 99.100 14.000
      vertex 12.000 99.100 0.000
    endloop
  endfacet
  facet normal 0.000000 0.000000 1.000000
    outer loop
      vertex 12.000 109.100 0.000
      vertex 208.000 109.100 0.000
      vertex 208.000 113.100 0.000
    endloop
  endfacet
  facet normal 0.000000 0.000000 1.000000
    outer loop
      vertex 12.000 109.100 0.000
      vertex 208.000 113.100 0.000
      vertex 12.000 113.100 0.000
    endloop
  endfacet
  facet normal 0.000000 0.000000 -1.000000
    outer loop
      vertex 12.000 109.100 14.000
      vertex 12.000 113.100 14.000
      vertex 208.000 113.100 14.000
    endloop
  endfacet
  facet normal 0.000000 0.000000 -1.000000
    outer loop
      vertex 12.000 109.100 14.000
      vertex 208.000 113.100 14.000
      vertex 208.000 109.100 14.000
    endloop
  endfacet
  facet normal 0.000000 1.000000 0.000000
    outer loop
      vertex 12.000 109.100 0.000
      vertex 12.000 109.100 14.000
      vertex 208.000 109.100 14.000
    endloop
  endfacet
  facet normal 0.000000 1.000000 0.000000
    outer loop
      vertex 12.000 109.100 0.000
      vertex 208.000 109.100 14.000
      vertex 208.000 109.100 0.000
    endloop
  endfacet
  facet normal -1.000000 0.000000 0.000000
    outer loop
      vertex 208.000 109.100 0.000
      vertex 208.000 109.100 14.000
      vertex 208.000 113.100 14.000
    endloop
  endfacet
  facet normal -1.000000 0.000000 0.000000
    outer loop
      vertex 208.000 109.100 0.000
      vertex 208.000 113.100 14.000
      vertex 208.000 113.100 0.000
    endloop
  endfacet
  facet normal 0.000000 -1.000000 0.000000
    outer loop
      vertex 208.000 113.100 0.000
      vertex 208.000 113.100 14.000
      vertex 12.000 113.100 14.000
    endloop
  endfacet
  facet normal 0.000000 -1.000000 0.000000
    outer loop
      vertex 208.000 113.100 0.000
      vertex 12.000 113.100 14.000
      vertex 12.000 113.100 0.000
    endloop
  endfacet
  facet normal 1.000000 0.000000 0.000000
    outer loop
      vertex 12.000 113.100 0.000
      vertex 12.000 113.100 14.000
      vertex 12.000 109.100 14.000
    endloop
  endfacet
  facet normal 1.000000 0.000000 0.000000
    outer loop
      vertex 12.000 113.100 0.000
      vertex 12.000 109.100 14.000
      vertex 12.000 109.100 0.000
    endloop
  endfacet
  facet normal 0.000000 0.000000 1.000000
    outer loop
      vertex 22.000 103.100 0.000
      vertex 198.000 103.100 0.000
      vertex 198.000 105.300 0.000
    endloop
  endfacet
  facet normal 0.000000 0.000000 1.000000
    outer loop
      vertex 22.000 103.100 0.000
      vertex 198.000 105.300 0.000
      vertex 22.000 105.300 0.000
    endloop
  endfacet
  facet normal 0.000000 0.000000 -1.000000
    outer loop
      vertex 22.000 103.100 3.000
      vertex 22.000 105.300 3.000
      vertex 198.000 105.300 3.000
    endloop
  endfacet
  facet normal 0.000000 0.000000 -1.000000
    outer loop
      vertex 22.000 103.100 3.000
      vertex 198.000 105.300 3.000
      vertex 198.000 103.100 3.000
    endloop
  endfacet
  facet normal 0.000000 1.000000 0.000000
    outer loop
      vertex 22.000 103.100 0.000
      vertex 22.000 103.100 3.000
      vertex 198.000 103.100 3.000
    endloop
  endfacet
  facet normal 0.000000 1.000000 0.000000
    outer loop
      vertex 22.000 103.100 0.000
      vertex 198.000 103.100 3.000
      vertex 198.000 103.100 0.000
    endloop
  endfacet
  facet normal -1.000000 0.000000 0.000000
    outer loop
      vertex 198.000 103.100 0.000
      vertex 198.000 103.100 3.000
      vertex 198.000 105.300 3.000
    endloop
  endfacet
  facet normal -1.000000 0.000000 0.000000
    outer loop
      vertex 198.000 103.100 0.000
      vertex 198.000 105.300 3.000
      vertex 198.000 105.300 0.000
    endloop
  endfacet
  facet normal 0.000000 -1.000000 0.000000
    outer loop
      vertex 198.000 105.300 0.000
      vertex 198.000 105.300 3.000
      vertex 22.000 105.300 3.000
    endloop
  endfacet
  facet normal 0.000000 -1.000000 0.000000
    outer loop
      vertex 198.000 105.300 0.000
      vertex 22.000 105.300 3.000
      vertex 22.000 105.300 0.000
    endloop
  endfacet
  facet normal 1.000000 0.000000 0.000000
    outer loop
      vertex 22.000 105.300 0.000
      vertex 22.000 105.300 3.000
      vertex 22.000 103.100 3.000
    endloop
  endfacet
  facet normal 1.000000 0.000000 0.000000
    outer loop
      vertex 22.000 105.300 0.000
      vertex 22.000 103.100 3.000
      vertex 22.000 103.100 0.000
    endloop
  endfacet
  facet normal 0.000000 0.000000 1.000000
    outer loop
      vertex 22.000 106.900 0.000
      vertex 198.000 106.900 0.000
      vertex 198.000 109.100 0.000
    endloop
  endfacet
  facet normal 0.000000 0.000000 1.000000
    outer loop
      vertex 22.000 106.900 0.000
      vertex 198.000 109.100 0.000
      vertex 22.000 109.100 0.000
    endloop
  endfacet
  facet normal 0.000000 0.000000 -1.000000
    outer loop
      vertex 22.000 106.900 3.000
      vertex 22.000 109.100 3.000
      vertex 198.000 109.100 3.000
    endloop
  endfacet
  facet normal 0.000000 0.000000 -1.000000
    outer loop
      vertex 22.000 106.900 3.000
      vertex 198.000 109.100 3.000
      vertex 198.000 106.900 3.000
    endloop
  endfacet
  facet normal 0.000000 1.000000 0.000000
    outer loop
      vertex 22.000 106.900 0.000
      vertex 22.000 106.900 3.000
      vertex 198.000 106.900 3.000
    endloop
  endfacet
  facet normal 0.000000 1.000000 0.000000
    outer loop
      vertex 22.000 106.900 0.000
      vertex 198.000 106.900 3.000
      vertex 198.000 106.900 0.000
    endloop
  endfacet
  facet normal -1.000000 0.000000 0.000000
    outer loop
      vertex 198.000 106.900 0.000
      vertex 198.000 106.900 3.000
      vertex 198.000 109.100 3.000
    endloop
  endfacet
  facet normal -1.000000 0.000000 0.000000
    outer loop
      vertex 198.000 106.900 0.000
      vertex 198.000 109.100 3.000
      vertex 198.000 109.100 0.000
    endloop
  endfacet
  facet normal 0.000000 -1.000000 0.000000
    outer loop
      vertex 198.000 109.100 0.000
      vertex 198.000 109.100 3.000
      vertex 22.000 109.100 3.000
    endloop
  endfacet
  facet normal 0.000000 -1.000000 0.000000
    outer loop
      vertex 198.000 109.100 0.000
      vertex 22.000 109.100 3.000
      vertex 22.000 109.100 0.000
    endloop
  endfacet
  facet normal 1.000000 0.000000 0.000000
    outer loop
      vertex 22.000 109.100 0.000
      vertex 22.000 109.100 3.000
      vertex 22.000 106.900 3.000
    endloop
  endfacet
  facet normal 1.000000 0.000000 0.000000
    outer loop
      vertex 22.000 109.100 0.000
      vertex 22.000 106.900 3.000
      vertex 22.000 106.900 0.000
    endloop
  endfacet
  facet normal 0.000000 0.000000 1.000000
    outer loop
      vertex 6.000 112.100 10.000
      vertex 52.000 112.100 10.000
      vertex 52.000 120.100 10.000
    endloop
  endfacet
  facet normal 0.000000 0.000000 1.000000
    outer loop
      vertex 6.000 112.100 10.000
      vertex 52.000 120.100 10.000
      vertex 6.000 120.100 10.000
    endloop
  endfacet
  facet normal 0.000000 0.000000 -1.000000
    outer loop
      vertex 6.000 112.100 18.000
      vertex 6.000 120.100 18.000
      vertex 52.000 120.100 18.000
    endloop
  endfacet
  facet normal 0.000000 0.000000 -1.000000
    outer loop
      vertex 6.000 112.100 18.000
      vertex 52.000 120.100 18.000
      vertex 52.000 112.100 18.000
    endloop
  endfacet
  facet normal 0.000000 1.000000 0.000000
    outer loop
      vertex 6.000 112.100 10.000
      vertex 6.000 112.100 18.000
      vertex 52.000 112.100 18.000
    endloop
  endfacet
  facet normal 0.000000 1.000000 0.000000
    outer loop
      vertex 6.000 112.100 10.000
      vertex 52.000 112.100 18.000
      vertex 52.000 112.100 10.000
    endloop
  endfacet
  facet normal -1.000000 0.000000 0.000000
    outer loop
      vertex 52.000 112.100 10.000
      vertex 52.000 112.100 18.000
      vertex 52.000 120.100 18.000
    endloop
  endfacet
  facet normal -1.000000 0.000000 0.000000
    outer loop
      vertex 52.000 112.100 10.000
      vertex 52.000 120.100 18.000
      vertex 52.000 120.100 10.000
    endloop
  endfacet
  facet normal 0.000000 -1.000000 0.000000
    outer loop
      vertex 52.000 120.100 10.000
      vertex 52.000 120.100 18.000
      vertex 6.000 120.100 18.000
    endloop
  endfacet
  facet normal 0.000000 -1.000000 0.000000
    outer loop
      vertex 52.000 120.100 10.000
      vertex 6.000 120.100 18.000
      vertex 6.000 120.100 10.000
    endloop
  endfacet
  facet normal 1.000000 0.000000 0.000000
    outer loop
      vertex 6.000 120.100 10.000
      vertex 6.000 120.100 18.000
      vertex 6.000 112.100 18.000
    endloop
  endfacet
  facet normal 1.000000 0.000000 0.000000
    outer loop
      vertex 6.000 120.100 10.000
      vertex 6.000 112.100 18.000
      vertex 6.000 112.100 10.000
    endloop
  endfacet
  facet normal 0.000000 0.000000 1.000000
    outer loop
      vertex 168.000 112.100 10.000
      vertex 214.000 112.100 10.000
      vertex 214.000 120.100 10.000
    endloop
  endfacet
  facet normal 0.000000 0.000000 1.000000
    outer loop
      vertex 168.000 112.100 10.000
      vertex 214.000 120.100 10.000
      vertex 168.000 120.100 10.000
    endloop
  endfacet
  facet normal 0.000000 0.000000 -1.000000
    outer loop
      vertex 168.000 112.100 18.000
      vertex 168.000 120.100 18.000
      vertex 214.000 120.100 18.000
    endloop
  endfacet
  facet normal 0.000000 0.000000 -1.000000
    outer loop
      vertex 168.000 112.100 18.000
      vertex 214.000 120.100 18.000
      vertex 214.000 112.100 18.000
    endloop
  endfacet
  facet normal 0.000000 1.000000 0.000000
    outer loop
      vertex 168.000 112.100 10.000
      vertex 168.000 112.100 18.000
      vertex 214.000 112.100 18.000
    endloop
  endfacet
  facet normal 0.000000 1.000000 0.000000
    outer loop
      vertex 168.000 112.100 10.000
      vertex 214.000 112.100 18.000
      vertex 214.000 112.100 10.000
    endloop
  endfacet
  facet normal -1.000000 0.000000 0.000000
    outer loop
      vertex 214.000 112.100 10.000
      vertex 214.000 112.100 18.000
      vertex 214.000 120.100 18.000
    endloop
  endfacet
  facet normal -1.000000 0.000000 0.000000
    outer loop
      vertex 214.000 112.100 10.000
      vertex 214.000 120.100 18.000
      vertex 214.000 120.100 10.000
    endloop
  endfacet
  facet normal 0.000000 -1.000000 0.000000
    outer loop
      vertex 214.000 120.100 10.000
      vertex 214.000 120.100 18.000
      vertex 168.000 120.100 18.000
    endloop
  endfacet
  facet normal 0.000000 -1.000000 0.000000
    outer loop
      vertex 214.000 120.100 10.000
      vertex 168.000 120.100 18.000
      vertex 168.000 120.100 10.000
    endloop
  endfacet
  facet normal 1.000000 0.000000 0.000000
    outer loop
      vertex 168.000 120.100 10.000
      vertex 168.000 120.100 18.000
      vertex 168.000 112.100 18.000
    endloop
  endfacet
  facet normal 1.000000 0.000000 0.000000
    outer loop
      vertex 168.000 120.100 10.000
      vertex 168.000 112.100 18.000
      vertex 168.000 112.100 10.000
    endloop
  endfacet
  facet normal 0.000000 -0.995185 -0.098017
    outer loop
      vertex 10.000 120.900 19.500
      vertex 48.000 120.900 19.500
      vertex 48.000 120.808 20.436
    endloop
  endfacet
  facet normal 0.000000 -0.995185 -0.098017
    outer loop
      vertex 10.000 120.900 19.500
      vertex 48.000 120.808 20.436
      vertex 10.000 120.808 20.436
    endloop
  endfacet
  facet normal 0.000000 0.995185 0.098017
    outer loop
      vertex 10.000 117.963 19.871
      vertex 48.000 117.963 19.871
      vertex 48.000 118.000 19.500
    endloop
  endfacet
  facet normal 0.000000 0.995185 0.098017
    outer loop
      vertex 10.000 117.963 19.871
      vertex 48.000 118.000 19.500
      vertex 10.000 118.000 19.500
    endloop
  endfacet
  facet normal -1.000000 0.000000 0.000000
    outer loop
      vertex 10.000 120.808 20.436
      vertex 10.000 120.900 19.500
      vertex 10.000 118.000 19.500
    endloop
  endfacet
  facet normal -1.000000 0.000000 0.000000
    outer loop
      vertex 10.000 120.808 20.436
      vertex 10.000 118.000 19.500
      vertex 10.000 117.963 19.871
    endloop
  endfacet
  facet normal 1.000000 0.000000 0.000000
    outer loop
      vertex 48.000 120.900 19.500
      vertex 48.000 120.808 20.436
      vertex 48.000 117.963 19.871
    endloop
  endfacet
  facet normal 1.000000 0.000000 0.000000
    outer loop
      vertex 48.000 120.900 19.500
      vertex 48.000 117.963 19.871
      vertex 48.000 118.000 19.500
    endloop
  endfacet
  facet normal 0.000000 -0.956940 -0.290285
    outer loop
      vertex 10.000 120.808 20.436
      vertex 48.000 120.808 20.436
      vertex 48.000 120.535 21.337
    endloop
  endfacet
  facet normal 0.000000 -0.956940 -0.290285
    outer loop
      vertex 10.000 120.808 20.436
      vertex 48.000 120.535 21.337
      vertex 10.000 120.535 21.337
    endloop
  endfacet
  facet normal 0.000000 0.956940 0.290285
    outer loop
      vertex 10.000 117.855 20.227
      vertex 48.000 117.855 20.227
      vertex 48.000 117.963 19.871
    endloop
  endfacet
  facet normal 0.000000 0.956940 0.290285
    outer loop
      vertex 10.000 117.855 20.227
      vertex 48.000 117.963 19.871
      vertex 10.000 117.963 19.871
    endloop
  endfacet
  facet normal -1.000000 0.000000 0.000000
    outer loop
      vertex 10.000 120.535 21.337
      vertex 10.000 120.808 20.436
      vertex 10.000 117.963 19.871
    endloop
  endfacet
  facet normal -1.000000 0.000000 0.000000
    outer loop
      vertex 10.000 120.535 21.337
      vertex 10.000 117.963 19.871
      vertex 10.000 117.855 20.227
    endloop
  endfacet
  facet normal 1.000000 0.000000 0.000000
    outer loop
      vertex 48.000 120.808 20.436
      vertex 48.000 120.535 21.337
      vertex 48.000 117.855 20.227
    endloop
  endfacet
  facet normal 1.000000 0.000000 0.000000
    outer loop
      vertex 48.000 120.808 20.436
      vertex 48.000 117.855 20.227
      vertex 48.000 117.963 19.871
    endloop
  endfacet
  facet normal 0.000000 -0.881921 -0.471397
    outer loop
      vertex 10.000 120.535 21.337
      vertex 48.000 120.535 21.337
      vertex 48.000 120.091 22.167
    endloop
  endfacet
  facet normal 0.000000 -0.881921 -0.471397
    outer loop
      vertex 10.000 120.535 21.337
      vertex 48.000 120.091 22.167
      vertex 10.000 120.091 22.167
    endloop
  endfacet
  facet normal 0.000000 0.881921 0.471397
    outer loop
      vertex 10.000 117.680 20.556
      vertex 48.000 117.680 20.556
      vertex 48.000 117.855 20.227
    endloop
  endfacet
  facet normal 0.000000 0.881921 0.471397
    outer loop
      vertex 10.000 117.680 20.556
      vertex 48.000 117.855 20.227
      vertex 10.000 117.855 20.227
    endloop
  endfacet
  facet normal -1.000000 0.000000 0.000000
    outer loop
      vertex 10.000 120.091 22.167
      vertex 10.000 120.535 21.337
      vertex 10.000 117.855 20.227
    endloop
  endfacet
  facet normal -1.000000 0.000000 0.000000
    outer loop
      vertex 10.000 120.091 22.167
      vertex 10.000 117.855 20.227
      vertex 10.000 117.680 20.556
    endloop
  endfacet
  facet normal 1.000000 0.000000 0.000000
    outer loop
      vertex 48.000 120.535 21.337
      vertex 48.000 120.091 22.167
      vertex 48.000 117.680 20.556
    endloop
  endfacet
  facet normal 1.000000 0.000000 0.000000
    outer loop
      vertex 48.000 120.535 21.337
      vertex 48.000 117.680 20.556
      vertex 48.000 117.855 20.227
    endloop
  endfacet
  facet normal 0.000000 -0.773010 -0.634393
    outer loop
      vertex 10.000 120.091 22.167
      vertex 48.000 120.091 22.167
      vertex 48.000 119.494 22.894
    endloop
  endfacet
  facet normal 0.000000 -0.773010 -0.634393
    outer loop
      vertex 10.000 120.091 22.167
      vertex 48.000 119.494 22.894
      vertex 10.000 119.494 22.894
    endloop
  endfacet
  facet normal 0.000000 0.773010 0.634393
    outer loop
      vertex 10.000 117.444 20.844
      vertex 48.000 117.444 20.844
      vertex 48.000 117.680 20.556
    endloop
  endfacet
  facet normal 0.000000 0.773010 0.634393
    outer loop
      vertex 10.000 117.444 20.844
      vertex 48.000 117.680 20.556
      vertex 10.000 117.680 20.556
    endloop
  endfacet
  facet normal -1.000000 0.000000 0.000000
    outer loop
      vertex 10.000 119.494 22.894
      vertex 10.000 120.091 22.167
      vertex 10.000 117.680 20.556
    endloop
  endfacet
  facet normal -1.000000 0.000000 0.000000
    outer loop
      vertex 10.000 119.494 22.894
      vertex 10.000 117.680 20.556
      vertex 10.000 117.444 20.844
    endloop
  endfacet
  facet normal 1.000000 0.000000 0.000000
    outer loop
      vertex 48.000 120.091 22.167
      vertex 48.000 119.494 22.894
      vertex 48.000 117.444 20.844
    endloop
  endfacet
  facet normal 1.000000 0.000000 0.000000
    outer loop
      vertex 48.000 120.091 22.167
      vertex 48.000 117.444 20.844
      vertex 48.000 117.680 20.556
    endloop
  endfacet
  facet normal 0.000000 -0.634393 -0.773010
    outer loop
      vertex 10.000 119.494 22.894
      vertex 48.000 119.494 22.894
      vertex 48.000 118.767 23.491
    endloop
  endfacet
  facet normal 0.000000 -0.634393 -0.773010
    outer loop
      vertex 10.000 119.494 22.894
      vertex 48.000 118.767 23.491
      vertex 10.000 118.767 23.491
    endloop
  endfacet
  facet normal 0.000000 0.634393 0.773010
    outer loop
      vertex 10.000 117.156 21.080
      vertex 48.000 117.156 21.080
      vertex 48.000 117.444 20.844
    endloop
  endfacet
  facet normal 0.000000 0.634393 0.773010
    outer loop
      vertex 10.000 117.156 21.080
      vertex 48.000 117.444 20.844
      vertex 10.000 117.444 20.844
    endloop
  endfacet
  facet normal -1.000000 0.000000 0.000000
    outer loop
      vertex 10.000 118.767 23.491
      vertex 10.000 119.494 22.894
      vertex 10.000 117.444 20.844
    endloop
  endfacet
  facet normal -1.000000 0.000000 0.000000
    outer loop
      vertex 10.000 118.767 23.491
      vertex 10.000 117.444 20.844
      vertex 10.000 117.156 21.080
    endloop
  endfacet
  facet normal 1.000000 0.000000 0.000000
    outer loop
      vertex 48.000 119.494 22.894
      vertex 48.000 118.767 23.491
      vertex 48.000 117.156 21.080
    endloop
  endfacet
  facet normal 1.000000 0.000000 0.000000
    outer loop
      vertex 48.000 119.494 22.894
      vertex 48.000 117.156 21.080
      vertex 48.000 117.444 20.844
    endloop
  endfacet
  facet normal 0.000000 -0.471397 -0.881921
    outer loop
      vertex 10.000 118.767 23.491
      vertex 48.000 118.767 23.491
      vertex 48.000 117.937 23.935
    endloop
  endfacet
  facet normal 0.000000 -0.471397 -0.881921
    outer loop
      vertex 10.000 118.767 23.491
      vertex 48.000 117.937 23.935
      vertex 10.000 117.937 23.935
    endloop
  endfacet
  facet normal 0.000000 0.471397 0.881921
    outer loop
      vertex 10.000 116.827 21.255
      vertex 48.000 116.827 21.255
      vertex 48.000 117.156 21.080
    endloop
  endfacet
  facet normal 0.000000 0.471397 0.881921
    outer loop
      vertex 10.000 116.827 21.255
      vertex 48.000 117.156 21.080
      vertex 10.000 117.156 21.080
    endloop
  endfacet
  facet normal -1.000000 0.000000 0.000000
    outer loop
      vertex 10.000 117.937 23.935
      vertex 10.000 118.767 23.491
      vertex 10.000 117.156 21.080
    endloop
  endfacet
  facet normal -1.000000 0.000000 0.000000
    outer loop
      vertex 10.000 117.937 23.935
      vertex 10.000 117.156 21.080
      vertex 10.000 116.827 21.255
    endloop
  endfacet
  facet normal 1.000000 0.000000 0.000000
    outer loop
      vertex 48.000 118.767 23.491
      vertex 48.000 117.937 23.935
      vertex 48.000 116.827 21.255
    endloop
  endfacet
  facet normal 1.000000 0.000000 0.000000
    outer loop
      vertex 48.000 118.767 23.491
      vertex 48.000 116.827 21.255
      vertex 48.000 117.156 21.080
    endloop
  endfacet
  facet normal 0.000000 -0.290285 -0.956940
    outer loop
      vertex 10.000 117.937 23.935
      vertex 48.000 117.937 23.935
      vertex 48.000 117.036 24.208
    endloop
  endfacet
  facet normal 0.000000 -0.290285 -0.956940
    outer loop
      vertex 10.000 117.937 23.935
      vertex 48.000 117.036 24.208
      vertex 10.000 117.036 24.208
    endloop
  endfacet
  facet normal 0.000000 0.290285 0.956940
    outer loop
      vertex 10.000 116.471 21.363
      vertex 48.000 116.471 21.363
      vertex 48.000 116.827 21.255
    endloop
  endfacet
  facet normal 0.000000 0.290285 0.956940
    outer loop
      vertex 10.000 116.471 21.363
      vertex 48.000 116.827 21.255
      vertex 10.000 116.827 21.255
    endloop
  endfacet
  facet normal -1.000000 0.000000 0.000000
    outer loop
      vertex 10.000 117.036 24.208
      vertex 10.000 117.937 23.935
      vertex 10.000 116.827 21.255
    endloop
  endfacet
  facet normal -1.000000 0.000000 0.000000
    outer loop
      vertex 10.000 117.036 24.208
      vertex 10.000 116.827 21.255
      vertex 10.000 116.471 21.363
    endloop
  endfacet
  facet normal 1.000000 0.000000 0.000000
    outer loop
      vertex 48.000 117.937 23.935
      vertex 48.000 117.036 24.208
      vertex 48.000 116.471 21.363
    endloop
  endfacet
  facet normal 1.000000 0.000000 0.000000
    outer loop
      vertex 48.000 117.937 23.935
      vertex 48.000 116.471 21.363
      vertex 48.000 116.827 21.255
    endloop
  endfacet
  facet normal 0.000000 -0.098017 -0.995185
    outer loop
      vertex 10.000 117.036 24.208
      vertex 48.000 117.036 24.208
      vertex 48.000 116.100 24.300
    endloop
  endfacet
  facet normal 0.000000 -0.098017 -0.995185
    outer loop
      vertex 10.000 117.036 24.208
      vertex 48.000 116.100 24.300
      vertex 10.000 116.100 24.300
    endloop
  endfacet
  facet normal 0.000000 0.098017 0.995185
    outer loop
      vertex 10.000 116.100 21.400
      vertex 48.000 116.100 21.400
      vertex 48.000 116.471 21.363
    endloop
  endfacet
  facet normal 0.000000 0.098017 0.995185
    outer loop
      vertex 10.000 116.100 21.400
      vertex 48.000 116.471 21.363
      vertex 10.000 116.471 21.363
    endloop
  endfacet
  facet normal -1.000000 0.000000 0.000000
    outer loop
      vertex 10.000 116.100 24.300
      vertex 10.000 117.036 24.208
      vertex 10.000 116.471 21.363
    endloop
  endfacet
  facet normal -1.000000 0.000000 0.000000
    outer loop
      vertex 10.000 116.100 24.300
      vertex 10.000 116.471 21.363
      vertex 10.000 116.100 21.400
    endloop
  endfacet
  facet normal 1.000000 0.000000 0.000000
    outer loop
      vertex 48.000 117.036 24.208
      vertex 48.000 116.100 24.300
      vertex 48.000 116.100 21.400
    endloop
  endfacet
  facet normal 1.000000 0.000000 0.000000
    outer loop
      vertex 48.000 117.036 24.208
      vertex 48.000 116.100 21.400
      vertex 48.000 116.471 21.363
    endloop
  endfacet
  facet normal 0.000000 0.098017 -0.995185
    outer loop
      vertex 10.000 116.100 24.300
      vertex 48.000 116.100 24.300
      vertex 48.000 115.164 24.208
    endloop
  endfacet
  facet normal 0.000000 0.098017 -0.995185
    outer loop
      vertex 10.000 116.100 24.300
      vertex 48.000 115.164 24.208
      vertex 10.000 115.164 24.208
    endloop
  endfacet
  facet normal 0.000000 -0.098017 0.995185
    outer loop
      vertex 10.000 115.729 21.363
      vertex 48.000 115.729 21.363
      vertex 48.000 116.100 21.400
    endloop
  endfacet
  facet normal 0.000000 -0.098017 0.995185
    outer loop
      vertex 10.000 115.729 21.363
      vertex 48.000 116.100 21.400
      vertex 10.000 116.100 21.400
    endloop
  endfacet
  facet normal -1.000000 0.000000 0.000000
    outer loop
      vertex 10.000 115.164 24.208
      vertex 10.000 116.100 24.300
      vertex 10.000 116.100 21.400
    endloop
  endfacet
  facet normal -1.000000 0.000000 0.000000
    outer loop
      vertex 10.000 115.164 24.208
      vertex 10.000 116.100 21.400
      vertex 10.000 115.729 21.363
    endloop
  endfacet
  facet normal 1.000000 0.000000 0.000000
    outer loop
      vertex 48.000 116.100 24.300
      vertex 48.000 115.164 24.208
      vertex 48.000 115.729 21.363
    endloop
  endfacet
  facet normal 1.000000 0.000000 0.000000
    outer loop
      vertex 48.000 116.100 24.300
      vertex 48.000 115.729 21.363
      vertex 48.000 116.100 21.400
    endloop
  endfacet
  facet normal 0.000000 0.290285 -0.956940
    outer loop
      vertex 10.000 115.164 24.208
      vertex 48.000 115.164 24.208
      vertex 48.000 114.263 23.935
    endloop
  endfacet
  facet normal 0.000000 0.290285 -0.956940
    outer loop
      vertex 10.000 115.164 24.208
      vertex 48.000 114.263 23.935
      vertex 10.000 114.263 23.935
    endloop
  endfacet
  facet normal 0.000000 -0.290285 0.956940
    outer loop
      vertex 10.000 115.373 21.255
      vertex 48.000 115.373 21.255
      vertex 48.000 115.729 21.363
    endloop
  endfacet
  facet normal 0.000000 -0.290285 0.956940
    outer loop
      vertex 10.000 115.373 21.255
      vertex 48.000 115.729 21.363
      vertex 10.000 115.729 21.363
    endloop
  endfacet
  facet normal -1.000000 0.000000 0.000000
    outer loop
      vertex 10.000 114.263 23.935
      vertex 10.000 115.164 24.208
      vertex 10.000 115.729 21.363
    endloop
  endfacet
  facet normal -1.000000 0.000000 0.000000
    outer loop
      vertex 10.000 114.263 23.935
      vertex 10.000 115.729 21.363
      vertex 10.000 115.373 21.255
    endloop
  endfacet
  facet normal 1.000000 0.000000 0.000000
    outer loop
      vertex 48.000 115.164 24.208
      vertex 48.000 114.263 23.935
      vertex 48.000 115.373 21.255
    endloop
  endfacet
  facet normal 1.000000 0.000000 0.000000
    outer loop
      vertex 48.000 115.164 24.208
      vertex 48.000 115.373 21.255
      vertex 48.000 115.729 21.363
    endloop
  endfacet
  facet normal 0.000000 0.471397 -0.881921
    outer loop
      vertex 10.000 114.263 23.935
      vertex 48.000 114.263 23.935
      vertex 48.000 113.433 23.491
    endloop
  endfacet
  facet normal 0.000000 0.471397 -0.881921
    outer loop
      vertex 10.000 114.263 23.935
      vertex 48.000 113.433 23.491
      vertex 10.000 113.433 23.491
    endloop
  endfacet
  facet normal 0.000000 -0.471397 0.881921
    outer loop
      vertex 10.000 115.044 21.080
      vertex 48.000 115.044 21.080
      vertex 48.000 115.373 21.255
    endloop
  endfacet
  facet normal 0.000000 -0.471397 0.881921
    outer loop
      vertex 10.000 115.044 21.080
      vertex 48.000 115.373 21.255
      vertex 10.000 115.373 21.255
    endloop
  endfacet
  facet normal -1.000000 0.000000 0.000000
    outer loop
      vertex 10.000 113.433 23.491
      vertex 10.000 114.263 23.935
      vertex 10.000 115.373 21.255
    endloop
  endfacet
  facet normal -1.000000 0.000000 0.000000
    outer loop
      vertex 10.000 113.433 23.491
      vertex 10.000 115.373 21.255
      vertex 10.000 115.044 21.080
    endloop
  endfacet
  facet normal 1.000000 0.000000 0.000000
    outer loop
      vertex 48.000 114.263 23.935
      vertex 48.000 113.433 23.491
      vertex 48.000 115.044 21.080
    endloop
  endfacet
  facet normal 1.000000 0.000000 0.000000
    outer loop
      vertex 48.000 114.263 23.935
      vertex 48.000 115.044 21.080
      vertex 48.000 115.373 21.255
    endloop
  endfacet
  facet normal 0.000000 0.634393 -0.773010
    outer loop
      vertex 10.000 113.433 23.491
      vertex 48.000 113.433 23.491
      vertex 48.000 112.706 22.894
    endloop
  endfacet
  facet normal 0.000000 0.634393 -0.773010
    outer loop
      vertex 10.000 113.433 23.491
      vertex 48.000 112.706 22.894
      vertex 10.000 112.706 22.894
    endloop
  endfacet
  facet normal 0.000000 -0.634393 0.773010
    outer loop
      vertex 10.000 114.756 20.844
      vertex 48.000 114.756 20.844
      vertex 48.000 115.044 21.080
    endloop
  endfacet
  facet normal 0.000000 -0.634393 0.773010
    outer loop
      vertex 10.000 114.756 20.844
      vertex 48.000 115.044 21.080
      vertex 10.000 115.044 21.080
    endloop
  endfacet
  facet normal -1.000000 0.000000 0.000000
    outer loop
      vertex 10.000 112.706 22.894
      vertex 10.000 113.433 23.491
      vertex 10.000 115.044 21.080
    endloop
  endfacet
  facet normal -1.000000 0.000000 0.000000
    outer loop
      vertex 10.000 112.706 22.894
      vertex 10.000 115.044 21.080
      vertex 10.000 114.756 20.844
    endloop
  endfacet
  facet normal 1.000000 0.000000 0.000000
    outer loop
      vertex 48.000 113.433 23.491
      vertex 48.000 112.706 22.894
      vertex 48.000 114.756 20.844
    endloop
  endfacet
  facet normal 1.000000 0.000000 0.000000
    outer loop
      vertex 48.000 113.433 23.491
      vertex 48.000 114.756 20.844
      vertex 48.000 115.044 21.080
    endloop
  endfacet
  facet normal 0.000000 0.773010 -0.634393
    outer loop
      vertex 10.000 112.706 22.894
      vertex 48.000 112.706 22.894
      vertex 48.000 112.109 22.167
    endloop
  endfacet
  facet normal 0.000000 0.773010 -0.634393
    outer loop
      vertex 10.000 112.706 22.894
      vertex 48.000 112.109 22.167
      vertex 10.000 112.109 22.167
    endloop
  endfacet
  facet normal 0.000000 -0.773010 0.634393
    outer loop
      vertex 10.000 114.520 20.556
      vertex 48.000 114.520 20.556
      vertex 48.000 114.756 20.844
    endloop
  endfacet
  facet normal 0.000000 -0.773010 0.634393
    outer loop
      vertex 10.000 114.520 20.556
      vertex 48.000 114.756 20.844
      vertex 10.000 114.756 20.844
    endloop
  endfacet
  facet normal -1.000000 0.000000 0.000000
    outer loop
      vertex 10.000 112.109 22.167
      vertex 10.000 112.706 22.894
      vertex 10.000 114.756 20.844
    endloop
  endfacet
  facet normal -1.000000 0.000000 0.000000
    outer loop
      vertex 10.000 112.109 22.167
      vertex 10.000 114.756 20.844
      vertex 10.000 114.520 20.556
    endloop
  endfacet
  facet normal 1.000000 0.000000 0.000000
    outer loop
      vertex 48.000 112.706 22.894
      vertex 48.000 112.109 22.167
      vertex 48.000 114.520 20.556
    endloop
  endfacet
  facet normal 1.000000 0.000000 0.000000
    outer loop
      vertex 48.000 112.706 22.894
      vertex 48.000 114.520 20.556
      vertex 48.000 114.756 20.844
    endloop
  endfacet
  facet normal 0.000000 0.881921 -0.471397
    outer loop
      vertex 10.000 112.109 22.167
      vertex 48.000 112.109 22.167
      vertex 48.000 111.665 21.337
    endloop
  endfacet
  facet normal 0.000000 0.881921 -0.471397
    outer loop
      vertex 10.000 112.109 22.167
      vertex 48.000 111.665 21.337
      vertex 10.000 111.665 21.337
    endloop
  endfacet
  facet normal 0.000000 -0.881921 0.471397
    outer loop
      vertex 10.000 114.345 20.227
      vertex 48.000 114.345 20.227
      vertex 48.000 114.520 20.556
    endloop
  endfacet
  facet normal 0.000000 -0.881921 0.471397
    outer loop
      vertex 10.000 114.345 20.227
      vertex 48.000 114.520 20.556
      vertex 10.000 114.520 20.556
    endloop
  endfacet
  facet normal -1.000000 0.000000 0.000000
    outer loop
      vertex 10.000 111.665 21.337
      vertex 10.000 112.109 22.167
      vertex 10.000 114.520 20.556
    endloop
  endfacet
  facet normal -1.000000 0.000000 0.000000
    outer loop
      vertex 10.000 111.665 21.337
      vertex 10.000 114.520 20.556
      vertex 10.000 114.345 20.227
    endloop
  endfacet
  facet normal 1.000000 0.000000 0.000000
    outer loop
      vertex 48.000 112.109 22.167
      vertex 48.000 111.665 21.337
      vertex 48.000 114.345 20.227
    endloop
  endfacet
  facet normal 1.000000 0.000000 0.000000
    outer loop
      vertex 48.000 112.109 22.167
      vertex 48.000 114.345 20.227
      vertex 48.000 114.520 20.556
    endloop
  endfacet
  facet normal 0.000000 0.956940 -0.290285
    outer loop
      vertex 10.000 111.665 21.337
      vertex 48.000 111.665 21.337
      vertex 48.000 111.392 20.436
    endloop
  endfacet
  facet normal 0.000000 0.956940 -0.290285
    outer loop
      vertex 10.000 111.665 21.337
      vertex 48.000 111.392 20.436
      vertex 10.000 111.392 20.436
    endloop
  endfacet
  facet normal 0.000000 -0.956940 0.290285
    outer loop
      vertex 10.000 114.237 19.871
      vertex 48.000 114.237 19.871
      vertex 48.000 114.345 20.227
    endloop
  endfacet
  facet normal 0.000000 -0.956940 0.290285
    outer loop
      vertex 10.000 114.237 19.871
      vertex 48.000 114.345 20.227
      vertex 10.000 114.345 20.227
    endloop
  endfacet
  facet normal -1.000000 0.000000 0.000000
    outer loop
      vertex 10.000 111.392 20.436
      vertex 10.000 111.665 21.337
      vertex 10.000 114.345 20.227
    endloop
  endfacet
  facet normal -1.000000 0.000000 0.000000
    outer loop
      vertex 10.000 111.392 20.436
      vertex 10.000 114.345 20.227
      vertex 10.000 114.237 19.871
    endloop
  endfacet
  facet normal 1.000000 0.000000 0.000000
    outer loop
      vertex 48.000 111.665 21.337
      vertex 48.000 111.392 20.436
      vertex 48.000 114.237 19.871
    endloop
  endfacet
  facet normal 1.000000 0.000000 0.000000
    outer loop
      vertex 48.000 111.665 21.337
      vertex 48.000 114.237 19.871
      vertex 48.000 114.345 20.227
    endloop
  endfacet
  facet normal 0.000000 0.995185 -0.098017
    outer loop
      vertex 10.000 111.392 20.436
      vertex 48.000 111.392 20.436
      vertex 48.000 111.300 19.500
    endloop
  endfacet
  facet normal 0.000000 0.995185 -0.098017
    outer loop
      vertex 10.000 111.392 20.436
      vertex 48.000 111.300 19.500
      vertex 10.000 111.300 19.500
    endloop
  endfacet
  facet normal 0.000000 -0.995185 0.098017
    outer loop
      vertex 10.000 114.200 19.500
      vertex 48.000 114.200 19.500
      vertex 48.000 114.237 19.871
    endloop
  endfacet
  facet normal 0.000000 -0.995185 0.098017
    outer loop
      vertex 10.000 114.200 19.500
      vertex 48.000 114.237 19.871
      vertex 10.000 114.237 19.871
    endloop
  endfacet
  facet normal -1.000000 0.000000 0.000000
    outer loop
      vertex 10.000 111.300 19.500
      vertex 10.000 111.392 20.436
      vertex 10.000 114.237 19.871
    endloop
  endfacet
  facet normal -1.000000 0.000000 0.000000
    outer loop
      vertex 10.000 111.300 19.500
      vertex 10.000 114.237 19.871
      vertex 10.000 114.200 19.500
    endloop
  endfacet
  facet normal 1.000000 0.000000 0.000000
    outer loop
      vertex 48.000 111.392 20.436
      vertex 48.000 111.300 19.500
      vertex 48.000 114.200 19.500
    endloop
  endfacet
  facet normal 1.000000 0.000000 0.000000
    outer loop
      vertex 48.000 111.392 20.436
      vertex 48.000 114.200 19.500
      vertex 48.000 114.237 19.871
    endloop
  endfacet
  facet normal 0.000000 0.995185 0.098017
    outer loop
      vertex 10.000 111.300 19.500
      vertex 48.000 111.300 19.500
      vertex 48.000 111.392 18.564
    endloop
  endfacet
  facet normal 0.000000 0.995185 0.098017
    outer loop
      vertex 10.000 111.300 19.500
      vertex 48.000 111.392 18.564
      vertex 10.000 111.392 18.564
    endloop
  endfacet
  facet normal 0.000000 -0.995185 -0.098017
    outer loop
      vertex 10.000 114.237 19.129
      vertex 48.000 114.237 19.129
      vertex 48.000 114.200 19.500
    endloop
  endfacet
  facet normal 0.000000 -0.995185 -0.098017
    outer loop
      vertex 10.000 114.237 19.129
      vertex 48.000 114.200 19.500
      vertex 10.000 114.200 19.500
    endloop
  endfacet
  facet normal -1.000000 0.000000 0.000000
    outer loop
      vertex 10.000 111.392 18.564
      vertex 10.000 111.300 19.500
      vertex 10.000 114.200 19.500
    endloop
  endfacet
  facet normal -1.000000 0.000000 0.000000
    outer loop
      vertex 10.000 111.392 18.564
      vertex 10.000 114.200 19.500
      vertex 10.000 114.237 19.129
    endloop
  endfacet
  facet normal 1.000000 0.000000 0.000000
    outer loop
      vertex 48.000 111.300 19.500
      vertex 48.000 111.392 18.564
      vertex 48.000 114.237 19.129
    endloop
  endfacet
  facet normal 1.000000 0.000000 0.000000
    outer loop
      vertex 48.000 111.300 19.500
      vertex 48.000 114.237 19.129
      vertex 48.000 114.200 19.500
    endloop
  endfacet
  facet normal 0.000000 0.956940 0.290285
    outer loop
      vertex 10.000 111.392 18.564
      vertex 48.000 111.392 18.564
      vertex 48.000 111.665 17.663
    endloop
  endfacet
  facet normal 0.000000 0.956940 0.290285
    outer loop
      vertex 10.000 111.392 18.564
      vertex 48.000 111.665 17.663
      vertex 10.000 111.665 17.663
    endloop
  endfacet
  facet normal 0.000000 -0.956940 -0.290285
    outer loop
      vertex 10.000 114.345 18.773
      vertex 48.000 114.345 18.773
      vertex 48.000 114.237 19.129
    endloop
  endfacet
  facet normal 0.000000 -0.956940 -0.290285
    outer loop
      vertex 10.000 114.345 18.773
      vertex 48.000 114.237 19.129
      vertex 10.000 114.237 19.129
    endloop
  endfacet
  facet normal -1.000000 0.000000 0.000000
    outer loop
      vertex 10.000 111.665 17.663
      vertex 10.000 111.392 18.564
      vertex 10.000 114.237 19.129
    endloop
  endfacet
  facet normal -1.000000 0.000000 0.000000
    outer loop
      vertex 10.000 111.665 17.663
      vertex 10.000 114.237 19.129
      vertex 10.000 114.345 18.773
    endloop
  endfacet
  facet normal 1.000000 0.000000 0.000000
    outer loop
      vertex 48.000 111.392 18.564
      vertex 48.000 111.665 17.663
      vertex 48.000 114.345 18.773
    endloop
  endfacet
  facet normal 1.000000 0.000000 0.000000
    outer loop
      vertex 48.000 111.392 18.564
      vertex 48.000 114.345 18.773
      vertex 48.000 114.237 19.129
    endloop
  endfacet
  facet normal 0.000000 0.881921 0.471397
    outer loop
      vertex 10.000 111.665 17.663
      vertex 48.000 111.665 17.663
      vertex 48.000 112.109 16.833
    endloop
  endfacet
  facet normal 0.000000 0.881921 0.471397
    outer loop
      vertex 10.000 111.665 17.663
      vertex 48.000 112.109 16.833
      vertex 10.000 112.109 16.833
    endloop
  endfacet
  facet normal 0.000000 -0.881921 -0.471397
    outer loop
      vertex 10.000 114.520 18.444
      vertex 48.000 114.520 18.444
      vertex 48.000 114.345 18.773
    endloop
  endfacet
  facet normal 0.000000 -0.881921 -0.471397
    outer loop
      vertex 10.000 114.520 18.444
      vertex 48.000 114.345 18.773
      vertex 10.000 114.345 18.773
    endloop
  endfacet
  facet normal -1.000000 0.000000 0.000000
    outer loop
      vertex 10.000 112.109 16.833
      vertex 10.000 111.665 17.663
      vertex 10.000 114.345 18.773
    endloop
  endfacet
  facet normal -1.000000 0.000000 0.000000
    outer loop
      vertex 10.000 112.109 16.833
      vertex 10.000 114.345 18.773
      vertex 10.000 114.520 18.444
    endloop
  endfacet
  facet normal 1.000000 0.000000 0.000000
    outer loop
      vertex 48.000 111.665 17.663
      vertex 48.000 112.109 16.833
      vertex 48.000 114.520 18.444
    endloop
  endfacet
  facet normal 1.000000 0.000000 0.000000
    outer loop
      vertex 48.000 111.665 17.663
      vertex 48.000 114.520 18.444
      vertex 48.000 114.345 18.773
    endloop
  endfacet
  facet normal 0.000000 0.773010 0.634393
    outer loop
      vertex 10.000 112.109 16.833
      vertex 48.000 112.109 16.833
      vertex 48.000 112.706 16.106
    endloop
  endfacet
  facet normal 0.000000 0.773010 0.634393
    outer loop
      vertex 10.000 112.109 16.833
      vertex 48.000 112.706 16.106
      vertex 10.000 112.706 16.106
    endloop
  endfacet
  facet normal 0.000000 -0.773010 -0.634393
    outer loop
      vertex 10.000 114.756 18.156
      vertex 48.000 114.756 18.156
      vertex 48.000 114.520 18.444
    endloop
  endfacet
  facet normal 0.000000 -0.773010 -0.634393
    outer loop
      vertex 10.000 114.756 18.156
      vertex 48.000 114.520 18.444
      vertex 10.000 114.520 18.444
    endloop
  endfacet
  facet normal -1.000000 0.000000 0.000000
    outer loop
      vertex 10.000 112.706 16.106
      vertex 10.000 112.109 16.833
      vertex 10.000 114.520 18.444
    endloop
  endfacet
  facet normal -1.000000 0.000000 0.000000
    outer loop
      vertex 10.000 112.706 16.106
      vertex 10.000 114.520 18.444
      vertex 10.000 114.756 18.156
    endloop
  endfacet
  facet normal 1.000000 0.000000 0.000000
    outer loop
      vertex 48.000 112.109 16.833
      vertex 48.000 112.706 16.106
      vertex 48.000 114.756 18.156
    endloop
  endfacet
  facet normal 1.000000 0.000000 0.000000
    outer loop
      vertex 48.000 112.109 16.833
      vertex 48.000 114.756 18.156
      vertex 48.000 114.520 18.444
    endloop
  endfacet
  facet normal 0.000000 0.634393 0.773010
    outer loop
      vertex 10.000 112.706 16.106
      vertex 48.000 112.706 16.106
      vertex 48.000 113.433 15.509
    endloop
  endfacet
  facet normal 0.000000 0.634393 0.773010
    outer loop
      vertex 10.000 112.706 16.106
      vertex 48.000 113.433 15.509
      vertex 10.000 113.433 15.509
    endloop
  endfacet
  facet normal 0.000000 -0.634393 -0.773010
    outer loop
      vertex 10.000 115.044 17.920
      vertex 48.000 115.044 17.920
      vertex 48.000 114.756 18.156
    endloop
  endfacet
  facet normal 0.000000 -0.634393 -0.773010
    outer loop
      vertex 10.000 115.044 17.920
      vertex 48.000 114.756 18.156
      vertex 10.000 114.756 18.156
    endloop
  endfacet
  facet normal -1.000000 0.000000 0.000000
    outer loop
      vertex 10.000 113.433 15.509
      vertex 10.000 112.706 16.106
      vertex 10.000 114.756 18.156
    endloop
  endfacet
  facet normal -1.000000 0.000000 0.000000
    outer loop
      vertex 10.000 113.433 15.509
      vertex 10.000 114.756 18.156
      vertex 10.000 115.044 17.920
    endloop
  endfacet
  facet normal 1.000000 0.000000 0.000000
    outer loop
      vertex 48.000 112.706 16.106
      vertex 48.000 113.433 15.509
      vertex 48.000 115.044 17.920
    endloop
  endfacet
  facet normal 1.000000 0.000000 0.000000
    outer loop
      vertex 48.000 112.706 16.106
      vertex 48.000 115.044 17.920
      vertex 48.000 114.756 18.156
    endloop
  endfacet
  facet normal 0.000000 0.471397 0.881921
    outer loop
      vertex 10.000 113.433 15.509
      vertex 48.000 113.433 15.509
      vertex 48.000 114.263 15.065
    endloop
  endfacet
  facet normal 0.000000 0.471397 0.881921
    outer loop
      vertex 10.000 113.433 15.509
      vertex 48.000 114.263 15.065
      vertex 10.000 114.263 15.065
    endloop
  endfacet
  facet normal 0.000000 -0.471397 -0.881921
    outer loop
      vertex 10.000 115.373 17.745
      vertex 48.000 115.373 17.745
      vertex 48.000 115.044 17.920
    endloop
  endfacet
  facet normal 0.000000 -0.471397 -0.881921
    outer loop
      vertex 10.000 115.373 17.745
      vertex 48.000 115.044 17.920
      vertex 10.000 115.044 17.920
    endloop
  endfacet
  facet normal -1.000000 0.000000 0.000000
    outer loop
      vertex 10.000 114.263 15.065
      vertex 10.000 113.433 15.509
      vertex 10.000 115.044 17.920
    endloop
  endfacet
  facet normal -1.000000 0.000000 0.000000
    outer loop
      vertex 10.000 114.263 15.065
      vertex 10.000 115.044 17.920
      vertex 10.000 115.373 17.745
    endloop
  endfacet
  facet normal 1.000000 0.000000 0.000000
    outer loop
      vertex 48.000 113.433 15.509
      vertex 48.000 114.263 15.065
      vertex 48.000 115.373 17.745
    endloop
  endfacet
  facet normal 1.000000 0.000000 0.000000
    outer loop
      vertex 48.000 113.433 15.509
      vertex 48.000 115.373 17.745
      vertex 48.000 115.044 17.920
    endloop
  endfacet
  facet normal 0.000000 0.290285 0.956940
    outer loop
      vertex 10.000 114.263 15.065
      vertex 48.000 114.263 15.065
      vertex 48.000 115.164 14.792
    endloop
  endfacet
  facet normal 0.000000 0.290285 0.956940
    outer loop
      vertex 10.000 114.263 15.065
      vertex 48.000 115.164 14.792
      vertex 10.000 115.164 14.792
    endloop
  endfacet
  facet normal 0.000000 -0.290285 -0.956940
    outer loop
      vertex 10.000 115.729 17.637
      vertex 48.000 115.729 17.637
      vertex 48.000 115.373 17.745
    endloop
  endfacet
  facet normal 0.000000 -0.290285 -0.956940
    outer loop
      vertex 10.000 115.729 17.637
      vertex 48.000 115.373 17.745
      vertex 10.000 115.373 17.745
    endloop
  endfacet
  facet normal -1.000000 0.000000 0.000000
    outer loop
      vertex 10.000 115.164 14.792
      vertex 10.000 114.263 15.065
      vertex 10.000 115.373 17.745
    endloop
  endfacet
  facet normal -1.000000 0.000000 0.000000
    outer loop
      vertex 10.000 115.164 14.792
      vertex 10.000 115.373 17.745
      vertex 10.000 115.729 17.637
    endloop
  endfacet
  facet normal 1.000000 0.000000 0.000000
    outer loop
      vertex 48.000 114.263 15.065
      vertex 48.000 115.164 14.792
      vertex 48.000 115.729 17.637
    endloop
  endfacet
  facet normal 1.000000 0.000000 0.000000
    outer loop
      vertex 48.000 114.263 15.065
      vertex 48.000 115.729 17.637
      vertex 48.000 115.373 17.745
    endloop
  endfacet
  facet normal 0.000000 0.098017 0.995185
    outer loop
      vertex 10.000 115.164 14.792
      vertex 48.000 115.164 14.792
      vertex 48.000 116.100 14.700
    endloop
  endfacet
  facet normal 0.000000 0.098017 0.995185
    outer loop
      vertex 10.000 115.164 14.792
      vertex 48.000 116.100 14.700
      vertex 10.000 116.100 14.700
    endloop
  endfacet
  facet normal 0.000000 -0.098017 -0.995185
    outer loop
      vertex 10.000 116.100 17.600
      vertex 48.000 116.100 17.600
      vertex 48.000 115.729 17.637
    endloop
  endfacet
  facet normal 0.000000 -0.098017 -0.995185
    outer loop
      vertex 10.000 116.100 17.600
      vertex 48.000 115.729 17.637
      vertex 10.000 115.729 17.637
    endloop
  endfacet
  facet normal -1.000000 0.000000 0.000000
    outer loop
      vertex 10.000 116.100 14.700
      vertex 10.000 115.164 14.792
      vertex 10.000 115.729 17.637
    endloop
  endfacet
  facet normal -1.000000 0.000000 0.000000
    outer loop
      vertex 10.000 116.100 14.700
      vertex 10.000 115.729 17.637
      vertex 10.000 116.100 17.600
    endloop
  endfacet
  facet normal 1.000000 0.000000 0.000000
    outer loop
      vertex 48.000 115.164 14.792
      vertex 48.000 116.100 14.700
      vertex 48.000 116.100 17.600
    endloop
  endfacet
  facet normal 1.000000 0.000000 0.000000
    outer loop
      vertex 48.000 115.164 14.792
      vertex 48.000 116.100 17.600
      vertex 48.000 115.729 17.637
    endloop
  endfacet
  facet normal 0.000000 -0.098017 0.995185
    outer loop
      vertex 10.000 116.100 14.700
      vertex 48.000 116.100 14.700
      vertex 48.000 117.036 14.792
    endloop
  endfacet
  facet normal 0.000000 -0.098017 0.995185
    outer loop
      vertex 10.000 116.100 14.700
      vertex 48.000 117.036 14.792
      vertex 10.000 117.036 14.792
    endloop
  endfacet
  facet normal 0.000000 0.098017 -0.995185
    outer loop
      vertex 10.000 116.471 17.637
      vertex 48.000 116.471 17.637
      vertex 48.000 116.100 17.600
    endloop
  endfacet
  facet normal 0.000000 0.098017 -0.995185
    outer loop
      vertex 10.000 116.471 17.637
      vertex 48.000 116.100 17.600
      vertex 10.000 116.100 17.600
    endloop
  endfacet
  facet normal -1.000000 0.000000 0.000000
    outer loop
      vertex 10.000 117.036 14.792
      vertex 10.000 116.100 14.700
      vertex 10.000 116.100 17.600
    endloop
  endfacet
  facet normal -1.000000 0.000000 0.000000
    outer loop
      vertex 10.000 117.036 14.792
      vertex 10.000 116.100 17.600
      vertex 10.000 116.471 17.637
    endloop
  endfacet
  facet normal 1.000000 0.000000 0.000000
    outer loop
      vertex 48.000 116.100 14.700
      vertex 48.000 117.036 14.792
      vertex 48.000 116.471 17.637
    endloop
  endfacet
  facet normal 1.000000 0.000000 0.000000
    outer loop
      vertex 48.000 116.100 14.700
      vertex 48.000 116.471 17.637
      vertex 48.000 116.100 17.600
    endloop
  endfacet
  facet normal 0.000000 -0.290285 0.956940
    outer loop
      vertex 10.000 117.036 14.792
      vertex 48.000 117.036 14.792
      vertex 48.000 117.937 15.065
    endloop
  endfacet
  facet normal 0.000000 -0.290285 0.956940
    outer loop
      vertex 10.000 117.036 14.792
      vertex 48.000 117.937 15.065
      vertex 10.000 117.937 15.065
    endloop
  endfacet
  facet normal 0.000000 0.290285 -0.956940
    outer loop
      vertex 10.000 116.827 17.745
      vertex 48.000 116.827 17.745
      vertex 48.000 116.471 17.637
    endloop
  endfacet
  facet normal 0.000000 0.290285 -0.956940
    outer loop
      vertex 10.000 116.827 17.745
      vertex 48.000 116.471 17.637
      vertex 10.000 116.471 17.637
    endloop
  endfacet
  facet normal -1.000000 0.000000 0.000000
    outer loop
      vertex 10.000 117.937 15.065
      vertex 10.000 117.036 14.792
      vertex 10.000 116.471 17.637
    endloop
  endfacet
  facet normal -1.000000 0.000000 0.000000
    outer loop
      vertex 10.000 117.937 15.065
      vertex 10.000 116.471 17.637
      vertex 10.000 116.827 17.745
    endloop
  endfacet
  facet normal 1.000000 0.000000 0.000000
    outer loop
      vertex 48.000 117.036 14.792
      vertex 48.000 117.937 15.065
      vertex 48.000 116.827 17.745
    endloop
  endfacet
  facet normal 1.000000 0.000000 0.000000
    outer loop
      vertex 48.000 117.036 14.792
      vertex 48.000 116.827 17.745
      vertex 48.000 116.471 17.637
    endloop
  endfacet
  facet normal 0.000000 -0.471397 0.881921
    outer loop
      vertex 10.000 117.937 15.065
      vertex 48.000 117.937 15.065
      vertex 48.000 118.767 15.509
    endloop
  endfacet
  facet normal 0.000000 -0.471397 0.881921
    outer loop
      vertex 10.000 117.937 15.065
      vertex 48.000 118.767 15.509
      vertex 10.000 118.767 15.509
    endloop
  endfacet
  facet normal 0.000000 0.471397 -0.881921
    outer loop
      vertex 10.000 117.156 17.920
      vertex 48.000 117.156 17.920
      vertex 48.000 116.827 17.745
    endloop
  endfacet
  facet normal 0.000000 0.471397 -0.881921
    outer loop
      vertex 10.000 117.156 17.920
      vertex 48.000 116.827 17.745
      vertex 10.000 116.827 17.745
    endloop
  endfacet
  facet normal -1.000000 0.000000 0.000000
    outer loop
      vertex 10.000 118.767 15.509
      vertex 10.000 117.937 15.065
      vertex 10.000 116.827 17.745
    endloop
  endfacet
  facet normal -1.000000 0.000000 0.000000
    outer loop
      vertex 10.000 118.767 15.509
      vertex 10.000 116.827 17.745
      vertex 10.000 117.156 17.920
    endloop
  endfacet
  facet normal 1.000000 0.000000 0.000000
    outer loop
      vertex 48.000 117.937 15.065
      vertex 48.000 118.767 15.509
      vertex 48.000 117.156 17.920
    endloop
  endfacet
  facet normal 1.000000 0.000000 0.000000
    outer loop
      vertex 48.000 117.937 15.065
      vertex 48.000 117.156 17.920
      vertex 48.000 116.827 17.745
    endloop
  endfacet
  facet normal 0.000000 -0.634393 0.773010
    outer loop
      vertex 10.000 118.767 15.509
      vertex 48.000 118.767 15.509
      vertex 48.000 119.494 16.106
    endloop
  endfacet
  facet normal 0.000000 -0.634393 0.773010
    outer loop
      vertex 10.000 118.767 15.509
      vertex 48.000 119.494 16.106
      vertex 10.000 119.494 16.106
    endloop
  endfacet
  facet normal 0.000000 0.634393 -0.773010
    outer loop
      vertex 10.000 117.444 18.156
      vertex 48.000 117.444 18.156
      vertex 48.000 117.156 17.920
    endloop
  endfacet
  facet normal 0.000000 0.634393 -0.773010
    outer loop
      vertex 10.000 117.444 18.156
      vertex 48.000 117.156 17.920
      vertex 10.000 117.156 17.920
    endloop
  endfacet
  facet normal -1.000000 0.000000 0.000000
    outer loop
      vertex 10.000 119.494 16.106
      vertex 10.000 118.767 15.509
      vertex 10.000 117.156 17.920
    endloop
  endfacet
  facet normal -1.000000 0.000000 0.000000
    outer loop
      vertex 10.000 119.494 16.106
      vertex 10.000 117.156 17.920
      vertex 10.000 117.444 18.156
    endloop
  endfacet
  facet normal 1.000000 0.000000 0.000000
    outer loop
      vertex 48.000 118.767 15.509
      vertex 48.000 119.494 16.106
      vertex 48.000 117.444 18.156
    endloop
  endfacet
  facet normal 1.000000 0.000000 0.000000
    outer loop
      vertex 48.000 118.767 15.509
      vertex 48.000 117.444 18.156
      vertex 48.000 117.156 17.920
    endloop
  endfacet
  facet normal 0.000000 -0.773010 0.634393
    outer loop
      vertex 10.000 119.494 16.106
      vertex 48.000 119.494 16.106
      vertex 48.000 120.091 16.833
    endloop
  endfacet
  facet normal 0.000000 -0.773010 0.634393
    outer loop
      vertex 10.000 119.494 16.106
      vertex 48.000 120.091 16.833
      vertex 10.000 120.091 16.833
    endloop
  endfacet
  facet normal 0.000000 0.773010 -0.634393
    outer loop
      vertex 10.000 117.680 18.444
      vertex 48.000 117.680 18.444
      vertex 48.000 117.444 18.156
    endloop
  endfacet
  facet normal 0.000000 0.773010 -0.634393
    outer loop
      vertex 10.000 117.680 18.444
      vertex 48.000 117.444 18.156
      vertex 10.000 117.444 18.156
    endloop
  endfacet
  facet normal -1.000000 0.000000 0.000000
    outer loop
      vertex 10.000 120.091 16.833
      vertex 10.000 119.494 16.106
      vertex 10.000 117.444 18.156
    endloop
  endfacet
  facet normal -1.000000 0.000000 0.000000
    outer loop
      vertex 10.000 120.091 16.833
      vertex 10.000 117.444 18.156
      vertex 10.000 117.680 18.444
    endloop
  endfacet
  facet normal 1.000000 0.000000 0.000000
    outer loop
      vertex 48.000 119.494 16.106
      vertex 48.000 120.091 16.833
      vertex 48.000 117.680 18.444
    endloop
  endfacet
  facet normal 1.000000 0.000000 0.000000
    outer loop
      vertex 48.000 119.494 16.106
      vertex 48.000 117.680 18.444
      vertex 48.000 117.444 18.156
    endloop
  endfacet
  facet normal 0.000000 -0.881921 0.471397
    outer loop
      vertex 10.000 120.091 16.833
      vertex 48.000 120.091 16.833
      vertex 48.000 120.535 17.663
    endloop
  endfacet
  facet normal 0.000000 -0.881921 0.471397
    outer loop
      vertex 10.000 120.091 16.833
      vertex 48.000 120.535 17.663
      vertex 10.000 120.535 17.663
    endloop
  endfacet
  facet normal 0.000000 0.881921 -0.471397
    outer loop
      vertex 10.000 117.855 18.773
      vertex 48.000 117.855 18.773
      vertex 48.000 117.680 18.444
    endloop
  endfacet
  facet normal 0.000000 0.881921 -0.471397
    outer loop
      vertex 10.000 117.855 18.773
      vertex 48.000 117.680 18.444
      vertex 10.000 117.680 18.444
    endloop
  endfacet
  facet normal -1.000000 0.000000 0.000000
    outer loop
      vertex 10.000 120.535 17.663
      vertex 10.000 120.091 16.833
      vertex 10.000 117.680 18.444
    endloop
  endfacet
  facet normal -1.000000 0.000000 0.000000
    outer loop
      vertex 10.000 120.535 17.663
      vertex 10.000 117.680 18.444
      vertex 10.000 117.855 18.773
    endloop
  endfacet
  facet normal 1.000000 0.000000 0.000000
    outer loop
      vertex 48.000 120.091 16.833
      vertex 48.000 120.535 17.663
      vertex 48.000 117.855 18.773
    endloop
  endfacet
  facet normal 1.000000 0.000000 0.000000
    outer loop
      vertex 48.000 120.091 16.833
      vertex 48.000 117.855 18.773
      vertex 48.000 117.680 18.444
    endloop
  endfacet
  facet normal 0.000000 -0.956940 0.290285
    outer loop
      vertex 10.000 120.535 17.663
      vertex 48.000 120.535 17.663
      vertex 48.000 120.808 18.564
    endloop
  endfacet
  facet normal 0.000000 -0.956940 0.290285
    outer loop
      vertex 10.000 120.535 17.663
      vertex 48.000 120.808 18.564
      vertex 10.000 120.808 18.564
    endloop
  endfacet
  facet normal 0.000000 0.956940 -0.290285
    outer loop
      vertex 10.000 117.963 19.129
      vertex 48.000 117.963 19.129
      vertex 48.000 117.855 18.773
    endloop
  endfacet
  facet normal 0.000000 0.956940 -0.290285
    outer loop
      vertex 10.000 117.963 19.129
      vertex 48.000 117.855 18.773
      vertex 10.000 117.855 18.773
    endloop
  endfacet
  facet normal -1.000000 0.000000 0.000000
    outer loop
      vertex 10.000 120.808 18.564
      vertex 10.000 120.535 17.663
      vertex 10.000 117.855 18.773
    endloop
  endfacet
  facet normal -1.000000 0.000000 0.000000
    outer loop
      vertex 10.000 120.808 18.564
      vertex 10.000 117.855 18.773
      vertex 10.000 117.963 19.129
    endloop
  endfacet
  facet normal 1.000000 0.000000 0.000000
    outer loop
      vertex 48.000 120.535 17.663
      vertex 48.000 120.808 18.564
      vertex 48.000 117.963 19.129
    endloop
  endfacet
  facet normal 1.000000 0.000000 0.000000
    outer loop
      vertex 48.000 120.535 17.663
      vertex 48.000 117.963 19.129
      vertex 48.000 117.855 18.773
    endloop
  endfacet
  facet normal 0.000000 -0.995185 0.098017
    outer loop
      vertex 10.000 120.808 18.564
      vertex 48.000 120.808 18.564
      vertex 48.000 120.900 19.500
    endloop
  endfacet
  facet normal 0.000000 -0.995185 0.098017
    outer loop
      vertex 10.000 120.808 18.564
      vertex 48.000 120.900 19.500
      vertex 10.000 120.900 19.500
    endloop
  endfacet
  facet normal 0.000000 0.995185 -0.098017
    outer loop
      vertex 10.000 118.000 19.500
      vertex 48.000 118.000 19.500
      vertex 48.000 117.963 19.129
    endloop
  endfacet
  facet normal 0.000000 0.995185 -0.098017
    outer loop
      vertex 10.000 118.000 19.500
      vertex 48.000 117.963 19.129
      vertex 10.000 117.963 19.129
    endloop
  endfacet
  facet normal -1.000000 0.000000 0.000000
    outer loop
      vertex 10.000 120.900 19.500
      vertex 10.000 120.808 18.564
      vertex 10.000 117.963 19.129
    endloop
  endfacet
  facet normal -1.000000 0.000000 0.000000
    outer loop
      vertex 10.000 120.900 19.500
      vertex 10.000 117.963 19.129
      vertex 10.000 118.000 19.500
    endloop
  endfacet
  facet normal 1.000000 0.000000 0.000000
    outer loop
      vertex 48.000 120.808 18.564
      vertex 48.000 120.900 19.500
      vertex 48.000 118.000 19.500
    endloop
  endfacet
  facet normal 1.000000 0.000000 0.000000
    outer loop
      vertex 48.000 120.808 18.564
      vertex 48.000 118.000 19.500
      vertex 48.000 117.963 19.129
    endloop
  endfacet
  facet normal 0.000000 -0.995185 -0.098017
    outer loop
      vertex 172.000 120.900 19.500
      vertex 210.000 120.900 19.500
      vertex 210.000 120.808 20.436
    endloop
  endfacet
  facet normal 0.000000 -0.995185 -0.098017
    outer loop
      vertex 172.000 120.900 19.500
      vertex 210.000 120.808 20.436
      vertex 172.000 120.808 20.436
    endloop
  endfacet
  facet normal 0.000000 0.995185 0.098017
    outer loop
      vertex 172.000 117.963 19.871
      vertex 210.000 117.963 19.871
      vertex 210.000 118.000 19.500
    endloop
  endfacet
  facet normal 0.000000 0.995185 0.098017
    outer loop
      vertex 172.000 117.963 19.871
      vertex 210.000 118.000 19.500
      vertex 172.000 118.000 19.500
    endloop
  endfacet
  facet normal -1.000000 0.000000 0.000000
    outer loop
      vertex 172.000 120.808 20.436
      vertex 172.000 120.900 19.500
      vertex 172.000 118.000 19.500
    endloop
  endfacet
  facet normal -1.000000 0.000000 0.000000
    outer loop
      vertex 172.000 120.808 20.436
      vertex 172.000 118.000 19.500
      vertex 172.000 117.963 19.871
    endloop
  endfacet
  facet normal 1.000000 0.000000 0.000000
    outer loop
      vertex 210.000 120.900 19.500
      vertex 210.000 120.808 20.436
      vertex 210.000 117.963 19.871
    endloop
  endfacet
  facet normal 1.000000 0.000000 0.000000
    outer loop
      vertex 210.000 120.900 19.500
      vertex 210.000 117.963 19.871
      vertex 210.000 118.000 19.500
    endloop
  endfacet
  facet normal 0.000000 -0.956940 -0.290285
    outer loop
      vertex 172.000 120.808 20.436
      vertex 210.000 120.808 20.436
      vertex 210.000 120.535 21.337
    endloop
  endfacet
  facet normal 0.000000 -0.956940 -0.290285
    outer loop
      vertex 172.000 120.808 20.436
      vertex 210.000 120.535 21.337
      vertex 172.000 120.535 21.337
    endloop
  endfacet
  facet normal 0.000000 0.956940 0.290285
    outer loop
      vertex 172.000 117.855 20.227
      vertex 210.000 117.855 20.227
      vertex 210.000 117.963 19.871
    endloop
  endfacet
  facet normal 0.000000 0.956940 0.290285
    outer loop
      vertex 172.000 117.855 20.227
      vertex 210.000 117.963 19.871
      vertex 172.000 117.963 19.871
    endloop
  endfacet
  facet normal -1.000000 0.000000 0.000000
    outer loop
      vertex 172.000 120.535 21.337
      vertex 172.000 120.808 20.436
      vertex 172.000 117.963 19.871
    endloop
  endfacet
  facet normal -1.000000 0.000000 0.000000
    outer loop
      vertex 172.000 120.535 21.337
      vertex 172.000 117.963 19.871
      vertex 172.000 117.855 20.227
    endloop
  endfacet
  facet normal 1.000000 0.000000 0.000000
    outer loop
      vertex 210.000 120.808 20.436
      vertex 210.000 120.535 21.337
      vertex 210.000 117.855 20.227
    endloop
  endfacet
  facet normal 1.000000 0.000000 0.000000
    outer loop
      vertex 210.000 120.808 20.436
      vertex 210.000 117.855 20.227
      vertex 210.000 117.963 19.871
    endloop
  endfacet
  facet normal 0.000000 -0.881921 -0.471397
    outer loop
      vertex 172.000 120.535 21.337
      vertex 210.000 120.535 21.337
      vertex 210.000 120.091 22.167
    endloop
  endfacet
  facet normal 0.000000 -0.881921 -0.471397
    outer loop
      vertex 172.000 120.535 21.337
      vertex 210.000 120.091 22.167
      vertex 172.000 120.091 22.167
    endloop
  endfacet
  facet normal 0.000000 0.881921 0.471397
    outer loop
      vertex 172.000 117.680 20.556
      vertex 210.000 117.680 20.556
      vertex 210.000 117.855 20.227
    endloop
  endfacet
  facet normal 0.000000 0.881921 0.471397
    outer loop
      vertex 172.000 117.680 20.556
      vertex 210.000 117.855 20.227
      vertex 172.000 117.855 20.227
    endloop
  endfacet
  facet normal -1.000000 0.000000 0.000000
    outer loop
      vertex 172.000 120.091 22.167
      vertex 172.000 120.535 21.337
      vertex 172.000 117.855 20.227
    endloop
  endfacet
  facet normal -1.000000 0.000000 0.000000
    outer loop
      vertex 172.000 120.091 22.167
      vertex 172.000 117.855 20.227
      vertex 172.000 117.680 20.556
    endloop
  endfacet
  facet normal 1.000000 0.000000 0.000000
    outer loop
      vertex 210.000 120.535 21.337
      vertex 210.000 120.091 22.167
      vertex 210.000 117.680 20.556
    endloop
  endfacet
  facet normal 1.000000 0.000000 0.000000
    outer loop
      vertex 210.000 120.535 21.337
      vertex 210.000 117.680 20.556
      vertex 210.000 117.855 20.227
    endloop
  endfacet
  facet normal 0.000000 -0.773010 -0.634393
    outer loop
      vertex 172.000 120.091 22.167
      vertex 210.000 120.091 22.167
      vertex 210.000 119.494 22.894
    endloop
  endfacet
  facet normal 0.000000 -0.773010 -0.634393
    outer loop
      vertex 172.000 120.091 22.167
      vertex 210.000 119.494 22.894
      vertex 172.000 119.494 22.894
    endloop
  endfacet
  facet normal 0.000000 0.773010 0.634393
    outer loop
      vertex 172.000 117.444 20.844
      vertex 210.000 117.444 20.844
      vertex 210.000 117.680 20.556
    endloop
  endfacet
  facet normal 0.000000 0.773010 0.634393
    outer loop
      vertex 172.000 117.444 20.844
      vertex 210.000 117.680 20.556
      vertex 172.000 117.680 20.556
    endloop
  endfacet
  facet normal -1.000000 0.000000 0.000000
    outer loop
      vertex 172.000 119.494 22.894
      vertex 172.000 120.091 22.167
      vertex 172.000 117.680 20.556
    endloop
  endfacet
  facet normal -1.000000 0.000000 0.000000
    outer loop
      vertex 172.000 119.494 22.894
      vertex 172.000 117.680 20.556
      vertex 172.000 117.444 20.844
    endloop
  endfacet
  facet normal 1.000000 0.000000 0.000000
    outer loop
      vertex 210.000 120.091 22.167
      vertex 210.000 119.494 22.894
      vertex 210.000 117.444 20.844
    endloop
  endfacet
  facet normal 1.000000 0.000000 0.000000
    outer loop
      vertex 210.000 120.091 22.167
      vertex 210.000 117.444 20.844
      vertex 210.000 117.680 20.556
    endloop
  endfacet
  facet normal 0.000000 -0.634393 -0.773010
    outer loop
      vertex 172.000 119.494 22.894
      vertex 210.000 119.494 22.894
      vertex 210.000 118.767 23.491
    endloop
  endfacet
  facet normal 0.000000 -0.634393 -0.773010
    outer loop
      vertex 172.000 119.494 22.894
      vertex 210.000 118.767 23.491
      vertex 172.000 118.767 23.491
    endloop
  endfacet
  facet normal 0.000000 0.634393 0.773010
    outer loop
      vertex 172.000 117.156 21.080
      vertex 210.000 117.156 21.080
      vertex 210.000 117.444 20.844
    endloop
  endfacet
  facet normal 0.000000 0.634393 0.773010
    outer loop
      vertex 172.000 117.156 21.080
      vertex 210.000 117.444 20.844
      vertex 172.000 117.444 20.844
    endloop
  endfacet
  facet normal -1.000000 0.000000 0.000000
    outer loop
      vertex 172.000 118.767 23.491
      vertex 172.000 119.494 22.894
      vertex 172.000 117.444 20.844
    endloop
  endfacet
  facet normal -1.000000 0.000000 0.000000
    outer loop
      vertex 172.000 118.767 23.491
      vertex 172.000 117.444 20.844
      vertex 172.000 117.156 21.080
    endloop
  endfacet
  facet normal 1.000000 0.000000 0.000000
    outer loop
      vertex 210.000 119.494 22.894
      vertex 210.000 118.767 23.491
      vertex 210.000 117.156 21.080
    endloop
  endfacet
  facet normal 1.000000 0.000000 0.000000
    outer loop
      vertex 210.000 119.494 22.894
      vertex 210.000 117.156 21.080
      vertex 210.000 117.444 20.844
    endloop
  endfacet
  facet normal 0.000000 -0.471397 -0.881921
    outer loop
      vertex 172.000 118.767 23.491
      vertex 210.000 118.767 23.491
      vertex 210.000 117.937 23.935
    endloop
  endfacet
  facet normal 0.000000 -0.471397 -0.881921
    outer loop
      vertex 172.000 118.767 23.491
      vertex 210.000 117.937 23.935
      vertex 172.000 117.937 23.935
    endloop
  endfacet
  facet normal 0.000000 0.471397 0.881921
    outer loop
      vertex 172.000 116.827 21.255
      vertex 210.000 116.827 21.255
      vertex 210.000 117.156 21.080
    endloop
  endfacet
  facet normal 0.000000 0.471397 0.881921
    outer loop
      vertex 172.000 116.827 21.255
      vertex 210.000 117.156 21.080
      vertex 172.000 117.156 21.080
    endloop
  endfacet
  facet normal -1.000000 0.000000 0.000000
    outer loop
      vertex 172.000 117.937 23.935
      vertex 172.000 118.767 23.491
      vertex 172.000 117.156 21.080
    endloop
  endfacet
  facet normal -1.000000 0.000000 0.000000
    outer loop
      vertex 172.000 117.937 23.935
      vertex 172.000 117.156 21.080
      vertex 172.000 116.827 21.255
    endloop
  endfacet
  facet normal 1.000000 0.000000 0.000000
    outer loop
      vertex 210.000 118.767 23.491
      vertex 210.000 117.937 23.935
      vertex 210.000 116.827 21.255
    endloop
  endfacet
  facet normal 1.000000 0.000000 0.000000
    outer loop
      vertex 210.000 118.767 23.491
      vertex 210.000 116.827 21.255
      vertex 210.000 117.156 21.080
    endloop
  endfacet
  facet normal 0.000000 -0.290285 -0.956940
    outer loop
      vertex 172.000 117.937 23.935
      vertex 210.000 117.937 23.935
      vertex 210.000 117.036 24.208
    endloop
  endfacet
  facet normal 0.000000 -0.290285 -0.956940
    outer loop
      vertex 172.000 117.937 23.935
      vertex 210.000 117.036 24.208
      vertex 172.000 117.036 24.208
    endloop
  endfacet
  facet normal 0.000000 0.290285 0.956940
    outer loop
      vertex 172.000 116.471 21.363
      vertex 210.000 116.471 21.363
      vertex 210.000 116.827 21.255
    endloop
  endfacet
  facet normal 0.000000 0.290285 0.956940
    outer loop
      vertex 172.000 116.471 21.363
      vertex 210.000 116.827 21.255
      vertex 172.000 116.827 21.255
    endloop
  endfacet
  facet normal -1.000000 0.000000 0.000000
    outer loop
      vertex 172.000 117.036 24.208
      vertex 172.000 117.937 23.935
      vertex 172.000 116.827 21.255
    endloop
  endfacet
  facet normal -1.000000 0.000000 0.000000
    outer loop
      vertex 172.000 117.036 24.208
      vertex 172.000 116.827 21.255
      vertex 172.000 116.471 21.363
    endloop
  endfacet
  facet normal 1.000000 0.000000 0.000000
    outer loop
      vertex 210.000 117.937 23.935
      vertex 210.000 117.036 24.208
      vertex 210.000 116.471 21.363
    endloop
  endfacet
  facet normal 1.000000 0.000000 0.000000
    outer loop
      vertex 210.000 117.937 23.935
      vertex 210.000 116.471 21.363
      vertex 210.000 116.827 21.255
    endloop
  endfacet
  facet normal 0.000000 -0.098017 -0.995185
    outer loop
      vertex 172.000 117.036 24.208
      vertex 210.000 117.036 24.208
      vertex 210.000 116.100 24.300
    endloop
  endfacet
  facet normal 0.000000 -0.098017 -0.995185
    outer loop
      vertex 172.000 117.036 24.208
      vertex 210.000 116.100 24.300
      vertex 172.000 116.100 24.300
    endloop
  endfacet
  facet normal 0.000000 0.098017 0.995185
    outer loop
      vertex 172.000 116.100 21.400
      vertex 210.000 116.100 21.400
      vertex 210.000 116.471 21.363
    endloop
  endfacet
  facet normal 0.000000 0.098017 0.995185
    outer loop
      vertex 172.000 116.100 21.400
      vertex 210.000 116.471 21.363
      vertex 172.000 116.471 21.363
    endloop
  endfacet
  facet normal -1.000000 0.000000 0.000000
    outer loop
      vertex 172.000 116.100 24.300
      vertex 172.000 117.036 24.208
      vertex 172.000 116.471 21.363
    endloop
  endfacet
  facet normal -1.000000 0.000000 0.000000
    outer loop
      vertex 172.000 116.100 24.300
      vertex 172.000 116.471 21.363
      vertex 172.000 116.100 21.400
    endloop
  endfacet
  facet normal 1.000000 0.000000 0.000000
    outer loop
      vertex 210.000 117.036 24.208
      vertex 210.000 116.100 24.300
      vertex 210.000 116.100 21.400
    endloop
  endfacet
  facet normal 1.000000 0.000000 0.000000
    outer loop
      vertex 210.000 117.036 24.208
      vertex 210.000 116.100 21.400
      vertex 210.000 116.471 21.363
    endloop
  endfacet
  facet normal 0.000000 0.098017 -0.995185
    outer loop
      vertex 172.000 116.100 24.300
      vertex 210.000 116.100 24.300
      vertex 210.000 115.164 24.208
    endloop
  endfacet
  facet normal 0.000000 0.098017 -0.995185
    outer loop
      vertex 172.000 116.100 24.300
      vertex 210.000 115.164 24.208
      vertex 172.000 115.164 24.208
    endloop
  endfacet
  facet normal 0.000000 -0.098017 0.995185
    outer loop
      vertex 172.000 115.729 21.363
      vertex 210.000 115.729 21.363
      vertex 210.000 116.100 21.400
    endloop
  endfacet
  facet normal 0.000000 -0.098017 0.995185
    outer loop
      vertex 172.000 115.729 21.363
      vertex 210.000 116.100 21.400
      vertex 172.000 116.100 21.400
    endloop
  endfacet
  facet normal -1.000000 0.000000 0.000000
    outer loop
      vertex 172.000 115.164 24.208
      vertex 172.000 116.100 24.300
      vertex 172.000 116.100 21.400
    endloop
  endfacet
  facet normal -1.000000 0.000000 0.000000
    outer loop
      vertex 172.000 115.164 24.208
      vertex 172.000 116.100 21.400
      vertex 172.000 115.729 21.363
    endloop
  endfacet
  facet normal 1.000000 0.000000 0.000000
    outer loop
      vertex 210.000 116.100 24.300
      vertex 210.000 115.164 24.208
      vertex 210.000 115.729 21.363
    endloop
  endfacet
  facet normal 1.000000 0.000000 0.000000
    outer loop
      vertex 210.000 116.100 24.300
      vertex 210.000 115.729 21.363
      vertex 210.000 116.100 21.400
    endloop
  endfacet
  facet normal 0.000000 0.290285 -0.956940
    outer loop
      vertex 172.000 115.164 24.208
      vertex 210.000 115.164 24.208
      vertex 210.000 114.263 23.935
    endloop
  endfacet
  facet normal 0.000000 0.290285 -0.956940
    outer loop
      vertex 172.000 115.164 24.208
      vertex 210.000 114.263 23.935
      vertex 172.000 114.263 23.935
    endloop
  endfacet
  facet normal 0.000000 -0.290285 0.956940
    outer loop
      vertex 172.000 115.373 21.255
      vertex 210.000 115.373 21.255
      vertex 210.000 115.729 21.363
    endloop
  endfacet
  facet normal 0.000000 -0.290285 0.956940
    outer loop
      vertex 172.000 115.373 21.255
      vertex 210.000 115.729 21.363
      vertex 172.000 115.729 21.363
    endloop
  endfacet
  facet normal -1.000000 0.000000 0.000000
    outer loop
      vertex 172.000 114.263 23.935
      vertex 172.000 115.164 24.208
      vertex 172.000 115.729 21.363
    endloop
  endfacet
  facet normal -1.000000 0.000000 0.000000
    outer loop
      vertex 172.000 114.263 23.935
      vertex 172.000 115.729 21.363
      vertex 172.000 115.373 21.255
    endloop
  endfacet
  facet normal 1.000000 0.000000 0.000000
    outer loop
      vertex 210.000 115.164 24.208
      vertex 210.000 114.263 23.935
      vertex 210.000 115.373 21.255
    endloop
  endfacet
  facet normal 1.000000 0.000000 0.000000
    outer loop
      vertex 210.000 115.164 24.208
      vertex 210.000 115.373 21.255
      vertex 210.000 115.729 21.363
    endloop
  endfacet
  facet normal 0.000000 0.471397 -0.881921
    outer loop
      vertex 172.000 114.263 23.935
      vertex 210.000 114.263 23.935
      vertex 210.000 113.433 23.491
    endloop
  endfacet
  facet normal 0.000000 0.471397 -0.881921
    outer loop
      vertex 172.000 114.263 23.935
      vertex 210.000 113.433 23.491
      vertex 172.000 113.433 23.491
    endloop
  endfacet
  facet normal 0.000000 -0.471397 0.881921
    outer loop
      vertex 172.000 115.044 21.080
      vertex 210.000 115.044 21.080
      vertex 210.000 115.373 21.255
    endloop
  endfacet
  facet normal 0.000000 -0.471397 0.881921
    outer loop
      vertex 172.000 115.044 21.080
      vertex 210.000 115.373 21.255
      vertex 172.000 115.373 21.255
    endloop
  endfacet
  facet normal -1.000000 0.000000 0.000000
    outer loop
      vertex 172.000 113.433 23.491
      vertex 172.000 114.263 23.935
      vertex 172.000 115.373 21.255
    endloop
  endfacet
  facet normal -1.000000 0.000000 0.000000
    outer loop
      vertex 172.000 113.433 23.491
      vertex 172.000 115.373 21.255
      vertex 172.000 115.044 21.080
    endloop
  endfacet
  facet normal 1.000000 0.000000 0.000000
    outer loop
      vertex 210.000 114.263 23.935
      vertex 210.000 113.433 23.491
      vertex 210.000 115.044 21.080
    endloop
  endfacet
  facet normal 1.000000 0.000000 0.000000
    outer loop
      vertex 210.000 114.263 23.935
      vertex 210.000 115.044 21.080
      vertex 210.000 115.373 21.255
    endloop
  endfacet
  facet normal 0.000000 0.634393 -0.773010
    outer loop
      vertex 172.000 113.433 23.491
      vertex 210.000 113.433 23.491
      vertex 210.000 112.706 22.894
    endloop
  endfacet
  facet normal 0.000000 0.634393 -0.773010
    outer loop
      vertex 172.000 113.433 23.491
      vertex 210.000 112.706 22.894
      vertex 172.000 112.706 22.894
    endloop
  endfacet
  facet normal 0.000000 -0.634393 0.773010
    outer loop
      vertex 172.000 114.756 20.844
      vertex 210.000 114.756 20.844
      vertex 210.000 115.044 21.080
    endloop
  endfacet
  facet normal 0.000000 -0.634393 0.773010
    outer loop
      vertex 172.000 114.756 20.844
      vertex 210.000 115.044 21.080
      vertex 172.000 115.044 21.080
    endloop
  endfacet
  facet normal -1.000000 0.000000 0.000000
    outer loop
      vertex 172.000 112.706 22.894
      vertex 172.000 113.433 23.491
      vertex 172.000 115.044 21.080
    endloop
  endfacet
  facet normal -1.000000 0.000000 0.000000
    outer loop
      vertex 172.000 112.706 22.894
      vertex 172.000 115.044 21.080
      vertex 172.000 114.756 20.844
    endloop
  endfacet
  facet normal 1.000000 0.000000 0.000000
    outer loop
      vertex 210.000 113.433 23.491
      vertex 210.000 112.706 22.894
      vertex 210.000 114.756 20.844
    endloop
  endfacet
  facet normal 1.000000 0.000000 0.000000
    outer loop
      vertex 210.000 113.433 23.491
      vertex 210.000 114.756 20.844
      vertex 210.000 115.044 21.080
    endloop
  endfacet
  facet normal 0.000000 0.773010 -0.634393
    outer loop
      vertex 172.000 112.706 22.894
      vertex 210.000 112.706 22.894
      vertex 210.000 112.109 22.167
    endloop
  endfacet
  facet normal 0.000000 0.773010 -0.634393
    outer loop
      vertex 172.000 112.706 22.894
      vertex 210.000 112.109 22.167
      vertex 172.000 112.109 22.167
    endloop
  endfacet
  facet normal 0.000000 -0.773010 0.634393
    outer loop
      vertex 172.000 114.520 20.556
      vertex 210.000 114.520 20.556
      vertex 210.000 114.756 20.844
    endloop
  endfacet
  facet normal 0.000000 -0.773010 0.634393
    outer loop
      vertex 172.000 114.520 20.556
      vertex 210.000 114.756 20.844
      vertex 172.000 114.756 20.844
    endloop
  endfacet
  facet normal -1.000000 0.000000 0.000000
    outer loop
      vertex 172.000 112.109 22.167
      vertex 172.000 112.706 22.894
      vertex 172.000 114.756 20.844
    endloop
  endfacet
  facet normal -1.000000 0.000000 0.000000
    outer loop
      vertex 172.000 112.109 22.167
      vertex 172.000 114.756 20.844
      vertex 172.000 114.520 20.556
    endloop
  endfacet
  facet normal 1.000000 0.000000 0.000000
    outer loop
      vertex 210.000 112.706 22.894
      vertex 210.000 112.109 22.167
      vertex 210.000 114.520 20.556
    endloop
  endfacet
  facet normal 1.000000 0.000000 0.000000
    outer loop
      vertex 210.000 112.706 22.894
      vertex 210.000 114.520 20.556
      vertex 210.000 114.756 20.844
    endloop
  endfacet
  facet normal 0.000000 0.881921 -0.471397
    outer loop
      vertex 172.000 112.109 22.167
      vertex 210.000 112.109 22.167
      vertex 210.000 111.665 21.337
    endloop
  endfacet
  facet normal 0.000000 0.881921 -0.471397
    outer loop
      vertex 172.000 112.109 22.167
      vertex 210.000 111.665 21.337
      vertex 172.000 111.665 21.337
    endloop
  endfacet
  facet normal 0.000000 -0.881921 0.471397
    outer loop
      vertex 172.000 114.345 20.227
      vertex 210.000 114.345 20.227
      vertex 210.000 114.520 20.556
    endloop
  endfacet
  facet normal 0.000000 -0.881921 0.471397
    outer loop
      vertex 172.000 114.345 20.227
      vertex 210.000 114.520 20.556
      vertex 172.000 114.520 20.556
    endloop
  endfacet
  facet normal -1.000000 0.000000 0.000000
    outer loop
      vertex 172.000 111.665 21.337
      vertex 172.000 112.109 22.167
      vertex 172.000 114.520 20.556
    endloop
  endfacet
  facet normal -1.000000 0.000000 0.000000
    outer loop
      vertex 172.000 111.665 21.337
      vertex 172.000 114.520 20.556
      vertex 172.000 114.345 20.227
    endloop
  endfacet
  facet normal 1.000000 0.000000 0.000000
    outer loop
      vertex 210.000 112.109 22.167
      vertex 210.000 111.665 21.337
      vertex 210.000 114.345 20.227
    endloop
  endfacet
  facet normal 1.000000 0.000000 0.000000
    outer loop
      vertex 210.000 112.109 22.167
      vertex 210.000 114.345 20.227
      vertex 210.000 114.520 20.556
    endloop
  endfacet
  facet normal 0.000000 0.956940 -0.290285
    outer loop
      vertex 172.000 111.665 21.337
      vertex 210.000 111.665 21.337
      vertex 210.000 111.392 20.436
    endloop
  endfacet
  facet normal 0.000000 0.956940 -0.290285
    outer loop
      vertex 172.000 111.665 21.337
      vertex 210.000 111.392 20.436
      vertex 172.000 111.392 20.436
    endloop
  endfacet
  facet normal 0.000000 -0.956940 0.290285
    outer loop
      vertex 172.000 114.237 19.871
      vertex 210.000 114.237 19.871
      vertex 210.000 114.345 20.227
    endloop
  endfacet
  facet normal 0.000000 -0.956940 0.290285
    outer loop
      vertex 172.000 114.237 19.871
      vertex 210.000 114.345 20.227
      vertex 172.000 114.345 20.227
    endloop
  endfacet
  facet normal -1.000000 0.000000 0.000000
    outer loop
      vertex 172.000 111.392 20.436
      vertex 172.000 111.665 21.337
      vertex 172.000 114.345 20.227
    endloop
  endfacet
  facet normal -1.000000 0.000000 0.000000
    outer loop
      vertex 172.000 111.392 20.436
      vertex 172.000 114.345 20.227
      vertex 172.000 114.237 19.871
    endloop
  endfacet
  facet normal 1.000000 0.000000 0.000000
    outer loop
      vertex 210.000 111.665 21.337
      vertex 210.000 111.392 20.436
      vertex 210.000 114.237 19.871
    endloop
  endfacet
  facet normal 1.000000 0.000000 0.000000
    outer loop
      vertex 210.000 111.665 21.337
      vertex 210.000 114.237 19.871
      vertex 210.000 114.345 20.227
    endloop
  endfacet
  facet normal 0.000000 0.995185 -0.098017
    outer loop
      vertex 172.000 111.392 20.436
      vertex 210.000 111.392 20.436
      vertex 210.000 111.300 19.500
    endloop
  endfacet
  facet normal 0.000000 0.995185 -0.098017
    outer loop
      vertex 172.000 111.392 20.436
      vertex 210.000 111.300 19.500
      vertex 172.000 111.300 19.500
    endloop
  endfacet
  facet normal 0.000000 -0.995185 0.098017
    outer loop
      vertex 172.000 114.200 19.500
      vertex 210.000 114.200 19.500
      vertex 210.000 114.237 19.871
    endloop
  endfacet
  facet normal 0.000000 -0.995185 0.098017
    outer loop
      vertex 172.000 114.200 19.500
      vertex 210.000 114.237 19.871
      vertex 172.000 114.237 19.871
    endloop
  endfacet
  facet normal -1.000000 0.000000 0.000000
    outer loop
      vertex 172.000 111.300 19.500
      vertex 172.000 111.392 20.436
      vertex 172.000 114.237 19.871
    endloop
  endfacet
  facet normal -1.000000 0.000000 0.000000
    outer loop
      vertex 172.000 111.300 19.500
      vertex 172.000 114.237 19.871
      vertex 172.000 114.200 19.500
    endloop
  endfacet
  facet normal 1.000000 0.000000 0.000000
    outer loop
      vertex 210.000 111.392 20.436
      vertex 210.000 111.300 19.500
      vertex 210.000 114.200 19.500
    endloop
  endfacet
  facet normal 1.000000 0.000000 0.000000
    outer loop
      vertex 210.000 111.392 20.436
      vertex 210.000 114.200 19.500
      vertex 210.000 114.237 19.871
    endloop
  endfacet
  facet normal 0.000000 0.995185 0.098017
    outer loop
      vertex 172.000 111.300 19.500
      vertex 210.000 111.300 19.500
      vertex 210.000 111.392 18.564
    endloop
  endfacet
  facet normal 0.000000 0.995185 0.098017
    outer loop
      vertex 172.000 111.300 19.500
      vertex 210.000 111.392 18.564
      vertex 172.000 111.392 18.564
    endloop
  endfacet
  facet normal 0.000000 -0.995185 -0.098017
    outer loop
      vertex 172.000 114.237 19.129
      vertex 210.000 114.237 19.129
      vertex 210.000 114.200 19.500
    endloop
  endfacet
  facet normal 0.000000 -0.995185 -0.098017
    outer loop
      vertex 172.000 114.237 19.129
      vertex 210.000 114.200 19.500
      vertex 172.000 114.200 19.500
    endloop
  endfacet
  facet normal -1.000000 0.000000 0.000000
    outer loop
      vertex 172.000 111.392 18.564
      vertex 172.000 111.300 19.500
      vertex 172.000 114.200 19.500
    endloop
  endfacet
  facet normal -1.000000 0.000000 0.000000
    outer loop
      vertex 172.000 111.392 18.564
      vertex 172.000 114.200 19.500
      vertex 172.000 114.237 19.129
    endloop
  endfacet
  facet normal 1.000000 0.000000 0.000000
    outer loop
      vertex 210.000 111.300 19.500
      vertex 210.000 111.392 18.564
      vertex 210.000 114.237 19.129
    endloop
  endfacet
  facet normal 1.000000 0.000000 0.000000
    outer loop
      vertex 210.000 111.300 19.500
      vertex 210.000 114.237 19.129
      vertex 210.000 114.200 19.500
    endloop
  endfacet
  facet normal 0.000000 0.956940 0.290285
    outer loop
      vertex 172.000 111.392 18.564
      vertex 210.000 111.392 18.564
      vertex 210.000 111.665 17.663
    endloop
  endfacet
  facet normal 0.000000 0.956940 0.290285
    outer loop
      vertex 172.000 111.392 18.564
      vertex 210.000 111.665 17.663
      vertex 172.000 111.665 17.663
    endloop
  endfacet
  facet normal 0.000000 -0.956940 -0.290285
    outer loop
      vertex 172.000 114.345 18.773
      vertex 210.000 114.345 18.773
      vertex 210.000 114.237 19.129
    endloop
  endfacet
  facet normal 0.000000 -0.956940 -0.290285
    outer loop
      vertex 172.000 114.345 18.773
      vertex 210.000 114.237 19.129
      vertex 172.000 114.237 19.129
    endloop
  endfacet
  facet normal -1.000000 0.000000 0.000000
    outer loop
      vertex 172.000 111.665 17.663
      vertex 172.000 111.392 18.564
      vertex 172.000 114.237 19.129
    endloop
  endfacet
  facet normal -1.000000 0.000000 0.000000
    outer loop
      vertex 172.000 111.665 17.663
      vertex 172.000 114.237 19.129
      vertex 172.000 114.345 18.773
    endloop
  endfacet
  facet normal 1.000000 0.000000 0.000000
    outer loop
      vertex 210.000 111.392 18.564
      vertex 210.000 111.665 17.663
      vertex 210.000 114.345 18.773
    endloop
  endfacet
  facet normal 1.000000 0.000000 0.000000
    outer loop
      vertex 210.000 111.392 18.564
      vertex 210.000 114.345 18.773
      vertex 210.000 114.237 19.129
    endloop
  endfacet
  facet normal 0.000000 0.881921 0.471397
    outer loop
      vertex 172.000 111.665 17.663
      vertex 210.000 111.665 17.663
      vertex 210.000 112.109 16.833
    endloop
  endfacet
  facet normal 0.000000 0.881921 0.471397
    outer loop
      vertex 172.000 111.665 17.663
      vertex 210.000 112.109 16.833
      vertex 172.000 112.109 16.833
    endloop
  endfacet
  facet normal 0.000000 -0.881921 -0.471397
    outer loop
      vertex 172.000 114.520 18.444
      vertex 210.000 114.520 18.444
      vertex 210.000 114.345 18.773
    endloop
  endfacet
  facet normal 0.000000 -0.881921 -0.471397
    outer loop
      vertex 172.000 114.520 18.444
      vertex 210.000 114.345 18.773
      vertex 172.000 114.345 18.773
    endloop
  endfacet
  facet normal -1.000000 0.000000 0.000000
    outer loop
      vertex 172.000 112.109 16.833
      vertex 172.000 111.665 17.663
      vertex 172.000 114.345 18.773
    endloop
  endfacet
  facet normal -1.000000 0.000000 0.000000
    outer loop
      vertex 172.000 112.109 16.833
      vertex 172.000 114.345 18.773
      vertex 172.000 114.520 18.444
    endloop
  endfacet
  facet normal 1.000000 0.000000 0.000000
    outer loop
      vertex 210.000 111.665 17.663
      vertex 210.000 112.109 16.833
      vertex 210.000 114.520 18.444
    endloop
  endfacet
  facet normal 1.000000 0.000000 0.000000
    outer loop
      vertex 210.000 111.665 17.663
      vertex 210.000 114.520 18.444
      vertex 210.000 114.345 18.773
    endloop
  endfacet
  facet normal 0.000000 0.773010 0.634393
    outer loop
      vertex 172.000 112.109 16.833
      vertex 210.000 112.109 16.833
      vertex 210.000 112.706 16.106
    endloop
  endfacet
  facet normal 0.000000 0.773010 0.634393
    outer loop
      vertex 172.000 112.109 16.833
      vertex 210.000 112.706 16.106
      vertex 172.000 112.706 16.106
    endloop
  endfacet
  facet normal 0.000000 -0.773010 -0.634393
    outer loop
      vertex 172.000 114.756 18.156
      vertex 210.000 114.756 18.156
      vertex 210.000 114.520 18.444
    endloop
  endfacet
  facet normal 0.000000 -0.773010 -0.634393
    outer loop
      vertex 172.000 114.756 18.156
      vertex 210.000 114.520 18.444
      vertex 172.000 114.520 18.444
    endloop
  endfacet
  facet normal -1.000000 0.000000 0.000000
    outer loop
      vertex 172.000 112.706 16.106
      vertex 172.000 112.109 16.833
      vertex 172.000 114.520 18.444
    endloop
  endfacet
  facet normal -1.000000 0.000000 0.000000
    outer loop
      vertex 172.000 112.706 16.106
      vertex 172.000 114.520 18.444
      vertex 172.000 114.756 18.156
    endloop
  endfacet
  facet normal 1.000000 0.000000 0.000000
    outer loop
      vertex 210.000 112.109 16.833
      vertex 210.000 112.706 16.106
      vertex 210.000 114.756 18.156
    endloop
  endfacet
  facet normal 1.000000 0.000000 0.000000
    outer loop
      vertex 210.000 112.109 16.833
      vertex 210.000 114.756 18.156
      vertex 210.000 114.520 18.444
    endloop
  endfacet
  facet normal 0.000000 0.634393 0.773010
    outer loop
      vertex 172.000 112.706 16.106
      vertex 210.000 112.706 16.106
      vertex 210.000 113.433 15.509
    endloop
  endfacet
  facet normal 0.000000 0.634393 0.773010
    outer loop
      vertex 172.000 112.706 16.106
      vertex 210.000 113.433 15.509
      vertex 172.000 113.433 15.509
    endloop
  endfacet
  facet normal 0.000000 -0.634393 -0.773010
    outer loop
      vertex 172.000 115.044 17.920
      vertex 210.000 115.044 17.920
      vertex 210.000 114.756 18.156
    endloop
  endfacet
  facet normal 0.000000 -0.634393 -0.773010
    outer loop
      vertex 172.000 115.044 17.920
      vertex 210.000 114.756 18.156
      vertex 172.000 114.756 18.156
    endloop
  endfacet
  facet normal -1.000000 0.000000 0.000000
    outer loop
      vertex 172.000 113.433 15.509
      vertex 172.000 112.706 16.106
      vertex 172.000 114.756 18.156
    endloop
  endfacet
  facet normal -1.000000 0.000000 0.000000
    outer loop
      vertex 172.000 113.433 15.509
      vertex 172.000 114.756 18.156
      vertex 172.000 115.044 17.920
    endloop
  endfacet
  facet normal 1.000000 0.000000 0.000000
    outer loop
      vertex 210.000 112.706 16.106
      vertex 210.000 113.433 15.509
      vertex 210.000 115.044 17.920
    endloop
  endfacet
  facet normal 1.000000 0.000000 0.000000
    outer loop
      vertex 210.000 112.706 16.106
      vertex 210.000 115.044 17.920
      vertex 210.000 114.756 18.156
    endloop
  endfacet
  facet normal 0.000000 0.471397 0.881921
    outer loop
      vertex 172.000 113.433 15.509
      vertex 210.000 113.433 15.509
      vertex 210.000 114.263 15.065
    endloop
  endfacet
  facet normal 0.000000 0.471397 0.881921
    outer loop
      vertex 172.000 113.433 15.509
      vertex 210.000 114.263 15.065
      vertex 172.000 114.263 15.065
    endloop
  endfacet
  facet normal 0.000000 -0.471397 -0.881921
    outer loop
      vertex 172.000 115.373 17.745
      vertex 210.000 115.373 17.745
      vertex 210.000 115.044 17.920
    endloop
  endfacet
  facet normal 0.000000 -0.471397 -0.881921
    outer loop
      vertex 172.000 115.373 17.745
      vertex 210.000 115.044 17.920
      vertex 172.000 115.044 17.920
    endloop
  endfacet
  facet normal -1.000000 0.000000 0.000000
    outer loop
      vertex 172.000 114.263 15.065
      vertex 172.000 113.433 15.509
      vertex 172.000 115.044 17.920
    endloop
  endfacet
  facet normal -1.000000 0.000000 0.000000
    outer loop
      vertex 172.000 114.263 15.065
      vertex 172.000 115.044 17.920
      vertex 172.000 115.373 17.745
    endloop
  endfacet
  facet normal 1.000000 0.000000 0.000000
    outer loop
      vertex 210.000 113.433 15.509
      vertex 210.000 114.263 15.065
      vertex 210.000 115.373 17.745
    endloop
  endfacet
  facet normal 1.000000 0.000000 0.000000
    outer loop
      vertex 210.000 113.433 15.509
      vertex 210.000 115.373 17.745
      vertex 210.000 115.044 17.920
    endloop
  endfacet
  facet normal 0.000000 0.290285 0.956940
    outer loop
      vertex 172.000 114.263 15.065
      vertex 210.000 114.263 15.065
      vertex 210.000 115.164 14.792
    endloop
  endfacet
  facet normal 0.000000 0.290285 0.956940
    outer loop
      vertex 172.000 114.263 15.065
      vertex 210.000 115.164 14.792
      vertex 172.000 115.164 14.792
    endloop
  endfacet
  facet normal 0.000000 -0.290285 -0.956940
    outer loop
      vertex 172.000 115.729 17.637
      vertex 210.000 115.729 17.637
      vertex 210.000 115.373 17.745
    endloop
  endfacet
  facet normal 0.000000 -0.290285 -0.956940
    outer loop
      vertex 172.000 115.729 17.637
      vertex 210.000 115.373 17.745
      vertex 172.000 115.373 17.745
    endloop
  endfacet
  facet normal -1.000000 0.000000 0.000000
    outer loop
      vertex 172.000 115.164 14.792
      vertex 172.000 114.263 15.065
      vertex 172.000 115.373 17.745
    endloop
  endfacet
  facet normal -1.000000 0.000000 0.000000
    outer loop
      vertex 172.000 115.164 14.792
      vertex 172.000 115.373 17.745
      vertex 172.000 115.729 17.637
    endloop
  endfacet
  facet normal 1.000000 0.000000 0.000000
    outer loop
      vertex 210.000 114.263 15.065
      vertex 210.000 115.164 14.792
      vertex 210.000 115.729 17.637
    endloop
  endfacet
  facet normal 1.000000 0.000000 0.000000
    outer loop
      vertex 210.000 114.263 15.065
      vertex 210.000 115.729 17.637
      vertex 210.000 115.373 17.745
    endloop
  endfacet
  facet normal 0.000000 0.098017 0.995185
    outer loop
      vertex 172.000 115.164 14.792
      vertex 210.000 115.164 14.792
      vertex 210.000 116.100 14.700
    endloop
  endfacet
  facet normal 0.000000 0.098017 0.995185
    outer loop
      vertex 172.000 115.164 14.792
      vertex 210.000 116.100 14.700
      vertex 172.000 116.100 14.700
    endloop
  endfacet
  facet normal 0.000000 -0.098017 -0.995185
    outer loop
      vertex 172.000 116.100 17.600
      vertex 210.000 116.100 17.600
      vertex 210.000 115.729 17.637
    endloop
  endfacet
  facet normal 0.000000 -0.098017 -0.995185
    outer loop
      vertex 172.000 116.100 17.600
      vertex 210.000 115.729 17.637
      vertex 172.000 115.729 17.637
    endloop
  endfacet
  facet normal -1.000000 0.000000 0.000000
    outer loop
      vertex 172.000 116.100 14.700
      vertex 172.000 115.164 14.792
      vertex 172.000 115.729 17.637
    endloop
  endfacet
  facet normal -1.000000 0.000000 0.000000
    outer loop
      vertex 172.000 116.100 14.700
      vertex 172.000 115.729 17.637
      vertex 172.000 116.100 17.600
    endloop
  endfacet
  facet normal 1.000000 0.000000 0.000000
    outer loop
      vertex 210.000 115.164 14.792
      vertex 210.000 116.100 14.700
      vertex 210.000 116.100 17.600
    endloop
  endfacet
  facet normal 1.000000 0.000000 0.000000
    outer loop
      vertex 210.000 115.164 14.792
      vertex 210.000 116.100 17.600
      vertex 210.000 115.729 17.637
    endloop
  endfacet
  facet normal 0.000000 -0.098017 0.995185
    outer loop
      vertex 172.000 116.100 14.700
      vertex 210.000 116.100 14.700
      vertex 210.000 117.036 14.792
    endloop
  endfacet
  facet normal 0.000000 -0.098017 0.995185
    outer loop
      vertex 172.000 116.100 14.700
      vertex 210.000 117.036 14.792
      vertex 172.000 117.036 14.792
    endloop
  endfacet
  facet normal 0.000000 0.098017 -0.995185
    outer loop
      vertex 172.000 116.471 17.637
      vertex 210.000 116.471 17.637
      vertex 210.000 116.100 17.600
    endloop
  endfacet
  facet normal 0.000000 0.098017 -0.995185
    outer loop
      vertex 172.000 116.471 17.637
      vertex 210.000 116.100 17.600
      vertex 172.000 116.100 17.600
    endloop
  endfacet
  facet normal -1.000000 0.000000 0.000000
    outer loop
      vertex 172.000 117.036 14.792
      vertex 172.000 116.100 14.700
      vertex 172.000 116.100 17.600
    endloop
  endfacet
  facet normal -1.000000 0.000000 0.000000
    outer loop
      vertex 172.000 117.036 14.792
      vertex 172.000 116.100 17.600
      vertex 172.000 116.471 17.637
    endloop
  endfacet
  facet normal 1.000000 0.000000 0.000000
    outer loop
      vertex 210.000 116.100 14.700
      vertex 210.000 117.036 14.792
      vertex 210.000 116.471 17.637
    endloop
  endfacet
  facet normal 1.000000 0.000000 0.000000
    outer loop
      vertex 210.000 116.100 14.700
      vertex 210.000 116.471 17.637
      vertex 210.000 116.100 17.600
    endloop
  endfacet
  facet normal 0.000000 -0.290285 0.956940
    outer loop
      vertex 172.000 117.036 14.792
      vertex 210.000 117.036 14.792
      vertex 210.000 117.937 15.065
    endloop
  endfacet
  facet normal 0.000000 -0.290285 0.956940
    outer loop
      vertex 172.000 117.036 14.792
      vertex 210.000 117.937 15.065
      vertex 172.000 117.937 15.065
    endloop
  endfacet
  facet normal 0.000000 0.290285 -0.956940
    outer loop
      vertex 172.000 116.827 17.745
      vertex 210.000 116.827 17.745
      vertex 210.000 116.471 17.637
    endloop
  endfacet
  facet normal 0.000000 0.290285 -0.956940
    outer loop
      vertex 172.000 116.827 17.745
      vertex 210.000 116.471 17.637
      vertex 172.000 116.471 17.637
    endloop
  endfacet
  facet normal -1.000000 0.000000 0.000000
    outer loop
      vertex 172.000 117.937 15.065
      vertex 172.000 117.036 14.792
      vertex 172.000 116.471 17.637
    endloop
  endfacet
  facet normal -1.000000 0.000000 0.000000
    outer loop
      vertex 172.000 117.937 15.065
      vertex 172.000 116.471 17.637
      vertex 172.000 116.827 17.745
    endloop
  endfacet
  facet normal 1.000000 0.000000 0.000000
    outer loop
      vertex 210.000 117.036 14.792
      vertex 210.000 117.937 15.065
      vertex 210.000 116.827 17.745
    endloop
  endfacet
  facet normal 1.000000 0.000000 0.000000
    outer loop
      vertex 210.000 117.036 14.792
      vertex 210.000 116.827 17.745
      vertex 210.000 116.471 17.637
    endloop
  endfacet
  facet normal 0.000000 -0.471397 0.881921
    outer loop
      vertex 172.000 117.937 15.065
      vertex 210.000 117.937 15.065
      vertex 210.000 118.767 15.509
    endloop
  endfacet
  facet normal 0.000000 -0.471397 0.881921
    outer loop
      vertex 172.000 117.937 15.065
      vertex 210.000 118.767 15.509
      vertex 172.000 118.767 15.509
    endloop
  endfacet
  facet normal 0.000000 0.471397 -0.881921
    outer loop
      vertex 172.000 117.156 17.920
      vertex 210.000 117.156 17.920
      vertex 210.000 116.827 17.745
    endloop
  endfacet
  facet normal 0.000000 0.471397 -0.881921
    outer loop
      vertex 172.000 117.156 17.920
      vertex 210.000 116.827 17.745
      vertex 172.000 116.827 17.745
    endloop
  endfacet
  facet normal -1.000000 0.000000 0.000000
    outer loop
      vertex 172.000 118.767 15.509
      vertex 172.000 117.937 15.065
      vertex 172.000 116.827 17.745
    endloop
  endfacet
  facet normal -1.000000 0.000000 0.000000
    outer loop
      vertex 172.000 118.767 15.509
      vertex 172.000 116.827 17.745
      vertex 172.000 117.156 17.920
    endloop
  endfacet
  facet normal 1.000000 0.000000 0.000000
    outer loop
      vertex 210.000 117.937 15.065
      vertex 210.000 118.767 15.509
      vertex 210.000 117.156 17.920
    endloop
  endfacet
  facet normal 1.000000 0.000000 0.000000
    outer loop
      vertex 210.000 117.937 15.065
      vertex 210.000 117.156 17.920
      vertex 210.000 116.827 17.745
    endloop
  endfacet
  facet normal 0.000000 -0.634393 0.773010
    outer loop
      vertex 172.000 118.767 15.509
      vertex 210.000 118.767 15.509
      vertex 210.000 119.494 16.106
    endloop
  endfacet
  facet normal 0.000000 -0.634393 0.773010
    outer loop
      vertex 172.000 118.767 15.509
      vertex 210.000 119.494 16.106
      vertex 172.000 119.494 16.106
    endloop
  endfacet
  facet normal 0.000000 0.634393 -0.773010
    outer loop
      vertex 172.000 117.444 18.156
      vertex 210.000 117.444 18.156
      vertex 210.000 117.156 17.920
    endloop
  endfacet
  facet normal 0.000000 0.634393 -0.773010
    outer loop
      vertex 172.000 117.444 18.156
      vertex 210.000 117.156 17.920
      vertex 172.000 117.156 17.920
    endloop
  endfacet
  facet normal -1.000000 0.000000 0.000000
    outer loop
      vertex 172.000 119.494 16.106
      vertex 172.000 118.767 15.509
      vertex 172.000 117.156 17.920
    endloop
  endfacet
  facet normal -1.000000 0.000000 0.000000
    outer loop
      vertex 172.000 119.494 16.106
      vertex 172.000 117.156 17.920
      vertex 172.000 117.444 18.156
    endloop
  endfacet
  facet normal 1.000000 0.000000 0.000000
    outer loop
      vertex 210.000 118.767 15.509
      vertex 210.000 119.494 16.106
      vertex 210.000 117.444 18.156
    endloop
  endfacet
  facet normal 1.000000 0.000000 0.000000
    outer loop
      vertex 210.000 118.767 15.509
      vertex 210.000 117.444 18.156
      vertex 210.000 117.156 17.920
    endloop
  endfacet
  facet normal 0.000000 -0.773010 0.634393
    outer loop
      vertex 172.000 119.494 16.106
      vertex 210.000 119.494 16.106
      vertex 210.000 120.091 16.833
    endloop
  endfacet
  facet normal 0.000000 -0.773010 0.634393
    outer loop
      vertex 172.000 119.494 16.106
      vertex 210.000 120.091 16.833
      vertex 172.000 120.091 16.833
    endloop
  endfacet
  facet normal 0.000000 0.773010 -0.634393
    outer loop
      vertex 172.000 117.680 18.444
      vertex 210.000 117.680 18.444
      vertex 210.000 117.444 18.156
    endloop
  endfacet
  facet normal 0.000000 0.773010 -0.634393
    outer loop
      vertex 172.000 117.680 18.444
      vertex 210.000 117.444 18.156
      vertex 172.000 117.444 18.156
    endloop
  endfacet
  facet normal -1.000000 0.000000 0.000000
    outer loop
      vertex 172.000 120.091 16.833
      vertex 172.000 119.494 16.106
      vertex 172.000 117.444 18.156
    endloop
  endfacet
  facet normal -1.000000 0.000000 0.000000
    outer loop
      vertex 172.000 120.091 16.833
      vertex 172.000 117.444 18.156
      vertex 172.000 117.680 18.444
    endloop
  endfacet
  facet normal 1.000000 0.000000 0.000000
    outer loop
      vertex 210.000 119.494 16.106
      vertex 210.000 120.091 16.833
      vertex 210.000 117.680 18.444
    endloop
  endfacet
  facet normal 1.000000 0.000000 0.000000
    outer loop
      vertex 210.000 119.494 16.106
      vertex 210.000 117.680 18.444
      vertex 210.000 117.444 18.156
    endloop
  endfacet
  facet normal 0.000000 -0.881921 0.471397
    outer loop
      vertex 172.000 120.091 16.833
      vertex 210.000 120.091 16.833
      vertex 210.000 120.535 17.663
    endloop
  endfacet
  facet normal 0.000000 -0.881921 0.471397
    outer loop
      vertex 172.000 120.091 16.833
      vertex 210.000 120.535 17.663
      vertex 172.000 120.535 17.663
    endloop
  endfacet
  facet normal 0.000000 0.881921 -0.471397
    outer loop
      vertex 172.000 117.855 18.773
      vertex 210.000 117.855 18.773
      vertex 210.000 117.680 18.444
    endloop
  endfacet
  facet normal 0.000000 0.881921 -0.471397
    outer loop
      vertex 172.000 117.855 18.773
      vertex 210.000 117.680 18.444
      vertex 172.000 117.680 18.444
    endloop
  endfacet
  facet normal -1.000000 0.000000 0.000000
    outer loop
      vertex 172.000 120.535 17.663
      vertex 172.000 120.091 16.833
      vertex 172.000 117.680 18.444
    endloop
  endfacet
  facet normal -1.000000 0.000000 0.000000
    outer loop
      vertex 172.000 120.535 17.663
      vertex 172.000 117.680 18.444
      vertex 172.000 117.855 18.773
    endloop
  endfacet
  facet normal 1.000000 0.000000 0.000000
    outer loop
      vertex 210.000 120.091 16.833
      vertex 210.000 120.535 17.663
      vertex 210.000 117.855 18.773
    endloop
  endfacet
  facet normal 1.000000 0.000000 0.000000
    outer loop
      vertex 210.000 120.091 16.833
      vertex 210.000 117.855 18.773
      vertex 210.000 117.680 18.444
    endloop
  endfacet
  facet normal 0.000000 -0.956940 0.290285
    outer loop
      vertex 172.000 120.535 17.663
      vertex 210.000 120.535 17.663
      vertex 210.000 120.808 18.564
    endloop
  endfacet
  facet normal 0.000000 -0.956940 0.290285
    outer loop
      vertex 172.000 120.535 17.663
      vertex 210.000 120.808 18.564
      vertex 172.000 120.808 18.564
    endloop
  endfacet
  facet normal 0.000000 0.956940 -0.290285
    outer loop
      vertex 172.000 117.963 19.129
      vertex 210.000 117.963 19.129
      vertex 210.000 117.855 18.773
    endloop
  endfacet
  facet normal 0.000000 0.956940 -0.290285
    outer loop
      vertex 172.000 117.963 19.129
      vertex 210.000 117.855 18.773
      vertex 172.000 117.855 18.773
    endloop
  endfacet
  facet normal -1.000000 0.000000 0.000000
    outer loop
      vertex 172.000 120.808 18.564
      vertex 172.000 120.535 17.663
      vertex 172.000 117.855 18.773
    endloop
  endfacet
  facet normal -1.000000 0.000000 0.000000
    outer loop
      vertex 172.000 120.808 18.564
      vertex 172.000 117.855 18.773
      vertex 172.000 117.963 19.129
    endloop
  endfacet
  facet normal 1.000000 0.000000 0.000000
    outer loop
      vertex 210.000 120.535 17.663
      vertex 210.000 120.808 18.564
      vertex 210.000 117.963 19.129
    endloop
  endfacet
  facet normal 1.000000 0.000000 0.000000
    outer loop
      vertex 210.000 120.535 17.663
      vertex 210.000 117.963 19.129
      vertex 210.000 117.855 18.773
    endloop
  endfacet
  facet normal 0.000000 -0.995185 0.098017
    outer loop
      vertex 172.000 120.808 18.564
      vertex 210.000 120.808 18.564
      vertex 210.000 120.900 19.500
    endloop
  endfacet
  facet normal 0.000000 -0.995185 0.098017
    outer loop
      vertex 172.000 120.808 18.564
      vertex 210.000 120.900 19.500
      vertex 172.000 120.900 19.500
    endloop
  endfacet
  facet normal 0.000000 0.995185 -0.098017
    outer loop
      vertex 172.000 118.000 19.500
      vertex 210.000 118.000 19.500
      vertex 210.000 117.963 19.129
    endloop
  endfacet
  facet normal 0.000000 0.995185 -0.098017
    outer loop
      vertex 172.000 118.000 19.500
      vertex 210.000 117.963 19.129
      vertex 172.000 117.963 19.129
    endloop
  endfacet
  facet normal -1.000000 0.000000 0.000000
    outer loop
      vertex 172.000 120.900 19.500
      vertex 172.000 120.808 18.564
      vertex 172.000 117.963 19.129
    endloop
  endfacet
  facet normal -1.000000 0.000000 0.000000
    outer loop
      vertex 172.000 120.900 19.500
      vertex 172.000 117.963 19.129
      vertex 172.000 118.000 19.500
    endloop
  endfacet
  facet normal 1.000000 0.000000 0.000000
    outer loop
      vertex 210.000 120.808 18.564
      vertex 210.000 120.900 19.500
      vertex 210.000 118.000 19.500
    endloop
  endfacet
  facet normal 1.000000 0.000000 0.000000
    outer loop
      vertex 210.000 120.808 18.564
      vertex 210.000 118.000 19.500
      vertex 210.000 117.963 19.129
    endloop
  endfacet
endsolid food_caddy_k1se_rear_hinge_rail_bed_centered
