solid food_caddy_k1se_hinge_kit_plate
  facet normal 0.000000 0.000000 1.000000
    outer loop
      vertex -98.000 29.000 10.000
      vertex 98.000 29.000 10.000
      vertex 98.000 43.000 10.000
    endloop
  endfacet
  facet normal 0.000000 0.000000 1.000000
    outer loop
      vertex -98.000 29.000 10.000
      vertex 98.000 43.000 10.000
      vertex -98.000 43.000 10.000
    endloop
  endfacet
  facet normal 0.000000 0.000000 -1.000000
    outer loop
      vertex -98.000 29.000 14.000
      vertex -98.000 43.000 14.000
      vertex 98.000 43.000 14.000
    endloop
  endfacet
  facet normal 0.000000 0.000000 -1.000000
    outer loop
      vertex -98.000 29.000 14.000
      vertex 98.000 43.000 14.000
      vertex 98.000 29.000 14.000
    endloop
  endfacet
  facet normal 0.000000 1.000000 0.000000
    outer loop
      vertex -98.000 29.000 10.000
      vertex -98.000 29.000 14.000
      vertex 98.000 29.000 14.000
    endloop
  endfacet
  facet normal 0.000000 1.000000 0.000000
    outer loop
      vertex -98.000 29.000 10.000
      vertex 98.000 29.000 14.000
      vertex 98.000 29.000 10.000
    endloop
  endfacet
  facet normal -1.000000 0.000000 0.000000
    outer loop
      vertex 98.000 29.000 10.000
      vertex 98.000 29.000 14.000
      vertex 98.000 43.000 14.000
    endloop
  endfacet
  facet normal -1.000000 0.000000 0.000000
    outer loop
      vertex 98.000 29.000 10.000
      vertex 98.000 43.000 14.000
      vertex 98.000 43.000 10.000
    endloop
  endfacet
  facet normal 0.000000 -1.000000 0.000000
    outer loop
      vertex 98.000 43.000 10.000
      vertex 98.000 43.000 14.000
      vertex -98.000 43.000 14.000
    endloop
  endfacet
  facet normal 0.000000 -1.000000 0.000000
    outer loop
      vertex 98.000 43.000 10.000
      vertex -98.000 43.000 14.000
      vertex -98.000 43.000 10.000
    endloop
  endfacet
  facet normal 1.000000 0.000000 0.000000
    outer loop
      vertex -98.000 43.000 10.000
      vertex -98.000 43.000 14.000
      vertex -98.000 29.000 14.000
    endloop
  endfacet
  facet normal 1.000000 0.000000 0.000000
    outer loop
      vertex -98.000 43.000 10.000
      vertex -98.000 29.000 14.000
      vertex -98.000 29.000 10.000
    endloop
  endfacet
  facet normal 0.000000 0.000000 1.000000
    outer loop
      vertex -98.000 29.000 0.000
      vertex 98.000 29.000 0.000
      vertex 98.000 33.000 0.000
    endloop
  endfacet
  facet normal 0.000000 0.000000 1.000000
    outer loop
      vertex -98.000 29.000 0.000
      vertex 98.000 33.000 0.000
      vertex -98.000 33.000 0.000
    endloop
  endfacet
  facet normal 0.000000 0.000000 -1.000000
    outer loop
      vertex -98.000 29.000 14.000
      vertex -98.000 33.000 14.000
      vertex 98.000 33.000 14.000
    endloop
  endfacet
  facet normal 0.000000 0.000000 -1.000000
    outer loop
      vertex -98.000 29.000 14.000
      vertex 98.000 33.000 14.000
      vertex 98.000 29.000 14.000
    endloop
  endfacet
  facet normal 0.000000 1.000000 0.000000
    outer loop
      vertex -98.000 29.000 0.000
      vertex -98.000 29.000 14.000
      vertex 98.000 29.000 14.000
    endloop
  endfacet
  facet normal 0.000000 1.000000 0.000000
    outer loop
      vertex -98.000 29.000 0.000
      vertex 98.000 29.000 14.000
      vertex 98.000 29.000 0.000
    endloop
  endfacet
  facet normal -1.000000 0.000000 0.000000
    outer loop
      vertex 98.000 29.000 0.000
      vertex 98.000 29.000 14.000
      vertex 98.000 33.000 14.000
    endloop
  endfacet
  facet normal -1.000000 0.000000 0.000000
    outer loop
      vertex 98.000 29.000 0.000
      vertex 98.000 33.000 14.000
      vertex 98.000 33.000 0.000
    endloop
  endfacet
  facet normal 0.000000 -1.000000 0.000000
    outer loop
      vertex 98.000 33.000 0.000
      vertex 98.000 33.000 14.000
      vertex -98.000 33.000 14.000
    endloop
  endfacet
  facet normal 0.000000 -1.000000 0.000000
    outer loop
      vertex 98.000 33.000 0.000
      vertex -98.000 33.000 14.000
      vertex -98.000 33.000 0.000
    endloop
  endfacet
  facet normal 1.000000 0.000000 0.000000
    outer loop
      vertex -98.000 33.000 0.000
      vertex -98.000 33.000 14.000
      vertex -98.000 29.000 14.000
    endloop
  endfacet
  facet normal 1.000000 0.000000 0.000000
    outer loop
      vertex -98.000 33.000 0.000
      vertex -98.000 29.000 14.000
      vertex -98.000 29.000 0.000
    endloop
  endfacet
  facet normal 0.000000 0.000000 1.000000
    outer loop
      vertex -98.000 39.000 0.000
      vertex 98.000 39.000 0.000
      vertex 98.000 43.000 0.000
    endloop
  endfacet
  facet normal 0.000000 0.000000 1.000000
    outer loop
      vertex -98.000 39.000 0.000
      vertex 98.000 43.000 0.000
      vertex -98.000 43.000 0.000
    endloop
  endfacet
  facet normal 0.000000 0.000000 -1.000000
    outer loop
      vertex -98.000 39.000 14.000
      vertex -98.000 43.000 14.000
      vertex 98.000 43.000 14.000
    endloop
  endfacet
  facet normal 0.000000 0.000000 -1.000000
    outer loop
      vertex -98.000 39.000 14.000
      vertex 98.000 43.000 14.000
      vertex 98.000 39.000 14.000
    endloop
  endfacet
  facet normal 0.000000 1.000000 0.000000
    outer loop
      vertex -98.000 39.000 0.000
      vertex -98.000 39.000 14.000
      vertex 98.000 39.000 14.000
    endloop
  endfacet
  facet normal 0.000000 1.000000 0.000000
    outer loop
      vertex -98.000 39.000 0.000
      vertex 98.000 39.000 14.000
      vertex 98.000 39.000 0.000
    endloop
  endfacet
  facet normal -1.000000 0.000000 0.000000
    outer loop
      vertex 98.000 39.000 0.000
      vertex 98.000 39.000 14.000
      vertex 98.000 43.000 14.000
    endloop
  endfacet
  facet normal -1.000000 0.000000 0.000000
    outer loop
      vertex 98.000 39.000 0.000
      vertex 98.000 43.000 14.000
      vertex 98.000 43.000 0.000
    endloop
  endfacet
  facet normal 0.000000 -1.000000 0.000000
    outer loop
      vertex 98.000 43.000 0.000
      vertex 98.000 43.000 14.000
      vertex -98.000 43.000 14.000
    endloop
  endfacet
  facet normal 0.000000 -1.000000 0.000000
    outer loop
      vertex 98.000 43.000 0.000
      vertex -98.000 43.000 14.000
      vertex -98.000 43.000 0.000
    endloop
  endfacet
  facet normal 1.000000 0.000000 0.000000
    outer loop
      vertex -98.000 43.000 0.000
      vertex -98.000 43.000 14.000
      vertex -98.000 39.000 14.000
    endloop
  endfacet
  facet normal 1.000000 0.000000 0.000000
    outer loop
      vertex -98.000 43.000 0.000
      vertex -98.000 39.000 14.000
      vertex -98.000 39.000 0.000
    endloop
  endfacet
  facet normal 0.000000 0.000000 1.000000
    outer loop
      vertex -88.000 33.000 0.000
      vertex 88.000 33.000 0.000
      vertex 88.000 35.200 0.000
    endloop
  endfacet
  facet normal 0.000000 0.000000 1.000000
    outer loop
      vertex -88.000 33.000 0.000
      vertex 88.000 35.200 0.000
      vertex -88.000 35.200 0.000
    endloop
  endfacet
  facet normal 0.000000 0.000000 -1.000000
    outer loop
      vertex -88.000 33.000 3.000
      vertex -88.000 35.200 3.000
      vertex 88.000 35.200 3.000
    endloop
  endfacet
  facet normal 0.000000 0.000000 -1.000000
    outer loop
      vertex -88.000 33.000 3.000
      vertex 88.000 35.200 3.000
      vertex 88.000 33.000 3.000
    endloop
  endfacet
  facet normal 0.000000 1.000000 0.000000
    outer loop
      vertex -88.000 33.000 0.000
      vertex -88.000 33.000 3.000
      vertex 88.000 33.000 3.000
    endloop
  endfacet
  facet normal 0.000000 1.000000 0.000000
    outer loop
      vertex -88.000 33.000 0.000
      vertex 88.000 33.000 3.000
      vertex 88.000 33.000 0.000
    endloop
  endfacet
  facet normal -1.000000 0.000000 0.000000
    outer loop
      vertex 88.000 33.000 0.000
      vertex 88.000 33.000 3.000
      vertex 88.000 35.200 3.000
    endloop
  endfacet
  facet normal -1.000000 0.000000 0.000000
    outer loop
      vertex 88.000 33.000 0.000
      vertex 88.000 35.200 3.000
      vertex 88.000 35.200 0.000
    endloop
  endfacet
  facet normal 0.000000 -1.000000 0.000000
    outer loop
      vertex 88.000 35.200 0.000
      vertex 88.000 35.200 3.000
      vertex -88.000 35.200 3.000
    endloop
  endfacet
  facet normal 0.000000 -1.000000 0.000000
    outer loop
      vertex 88.000 35.200 0.000
      vertex -88.000 35.200 3.000
      vertex -88.000 35.200 0.000
    endloop
  endfacet
  facet normal 1.000000 0.000000 0.000000
    outer loop
      vertex -88.000 35.200 0.000
      vertex -88.000 35.200 3.000
      vertex -88.000 33.000 3.000
    endloop
  endfacet
  facet normal 1.000000 0.000000 0.000000
    outer loop
      vertex -88.000 35.200 0.000
      vertex -88.000 33.000 3.000
      vertex -88.000 33.000 0.000
    endloop
  endfacet
  facet normal 0.000000 0.000000 1.000000
    outer loop
      vertex -88.000 36.800 0.000
      vertex 88.000 36.800 0.000
      vertex 88.000 39.000 0.000
    endloop
  endfacet
  facet normal 0.000000 0.000000 1.000000
    outer loop
      vertex -88.000 36.800 0.000
      vertex 88.000 39.000 0.000
      vertex -88.000 39.000 0.000
    endloop
  endfacet
  facet normal 0.000000 0.000000 -1.000000
    outer loop
      vertex -88.000 36.800 3.000
      vertex -88.000 39.000 3.000
      vertex 88.000 39.000 3.000
    endloop
  endfacet
  facet normal 0.000000 0.000000 -1.000000
    outer loop
      vertex -88.000 36.800 3.000
      vertex 88.000 39.000 3.000
      vertex 88.000 36.800 3.000
    endloop
  endfacet
  facet normal 0.000000 1.000000 0.000000
    outer loop
      vertex -88.000 36.800 0.000
      vertex -88.000 36.800 3.000
      vertex 88.000 36.800 3.000
    endloop
  endfacet
  facet normal 0.000000 1.000000 0.000000
    outer loop
      vertex -88.000 36.800 0.000
      vertex 88.000 36.800 3.000
      vertex 88.000 36.800 0.000
    endloop
  endfacet
  facet normal -1.000000 0.000000 0.000000
    outer loop
      vertex 88.000 36.800 0.000
      vertex 88.000 36.800 3.000
      vertex 88.000 39.000 3.000
    endloop
  endfacet
  facet normal -1.000000 0.000000 0.000000
    outer loop
      vertex 88.000 36.800 0.000
      vertex 88.000 39.000 3.000
      vertex 88.000 39.000 0.000
    endloop
  endfacet
  facet normal 0.000000 -1.000000 0.000000
    outer loop
      vertex 88.000 39.000 0.000
      vertex 88.000 39.000 3.000
      vertex -88.000 39.000 3.000
    endloop
  endfacet
  facet normal 0.000000 -1.000000 0.000000
    outer loop
      vertex 88.000 39.000 0.000
      vertex -88.000 39.000 3.000
      vertex -88.000 39.000 0.000
    endloop
  endfacet
  facet normal 1.000000 0.000000 0.000000
    outer loop
      vertex -88.000 39.000 0.000
      vertex -88.000 39.000 3.000
      vertex -88.000 36.800 3.000
    endloop
  endfacet
  facet normal 1.000000 0.000000 0.000000
    outer loop
      vertex -88.000 39.000 0.000
      vertex -88.000 36.800 3.000
      vertex -88.000 36.800 0.000
    endloop
  endfacet
  facet normal 0.000000 0.000000 1.000000
    outer loop
      vertex -104.000 42.000 10.000
      vertex -58.000 42.000 10.000
      vertex -58.000 50.000 10.000
    endloop
  endfacet
  facet normal 0.000000 0.000000 1.000000
    outer loop
      vertex -104.000 42.000 10.000
      vertex -58.000 50.000 10.000
      vertex -104.000 50.000 10.000
    endloop
  endfacet
  facet normal 0.000000 0.000000 -1.000000
    outer loop
      vertex -104.000 42.000 18.000
      vertex -104.000 50.000 18.000
      vertex -58.000 50.000 18.000
    endloop
  endfacet
  facet normal 0.000000 0.000000 -1.000000
    outer loop
      vertex -104.000 42.000 18.000
      vertex -58.000 50.000 18.000
      vertex -58.000 42.000 18.000
    endloop
  endfacet
  facet normal 0.000000 1.000000 0.000000
    outer loop
      vertex -104.000 42.000 10.000
      vertex -104.000 42.000 18.000
      vertex -58.000 42.000 18.000
    endloop
  endfacet
  facet normal 0.000000 1.000000 0.000000
    outer loop
      vertex -104.000 42.000 10.000
      vertex -58.000 42.000 18.000
      vertex -58.000 42.000 10.000
    endloop
  endfacet
  facet normal -1.000000 0.000000 0.000000
    outer loop
      vertex -58.000 42.000 10.000
      vertex -58.000 42.000 18.000
      vertex -58.000 50.000 18.000
    endloop
  endfacet
  facet normal -1.000000 0.000000 0.000000
    outer loop
      vertex -58.000 42.000 10.000
      vertex -58.000 50.000 18.000
      vertex -58.000 50.000 10.000
    endloop
  endfacet
  facet normal 0.000000 -1.000000 0.000000
    outer loop
      vertex -58.000 50.000 10.000
      vertex -58.000 50.000 18.000
      vertex -104.000 50.000 18.000
    endloop
  endfacet
  facet normal 0.000000 -1.000000 0.000000
    outer loop
      vertex -58.000 50.000 10.000
      vertex -104.000 50.000 18.000
      vertex -104.000 50.000 10.000
    endloop
  endfacet
  facet normal 1.000000 0.000000 0.000000
    outer loop
      vertex -104.000 50.000 10.000
      vertex -104.000 50.000 18.000
      vertex -104.000 42.000 18.000
    endloop
  endfacet
  facet normal 1.000000 0.000000 0.000000
    outer loop
      vertex -104.000 50.000 10.000
      vertex -104.000 42.000 18.000
      vertex -104.000 42.000 10.000
    endloop
  endfacet
  facet normal 0.000000 0.000000 1.000000
    outer loop
      vertex 58.000 42.000 10.000
      vertex 104.000 42.000 10.000
      vertex 104.000 50.000 10.000
    endloop
  endfacet
  facet normal 0.000000 0.000000 1.000000
    outer loop
      vertex 58.000 42.000 10.000
      vertex 104.000 50.000 10.000
      vertex 58.000 50.000 10.000
    endloop
  endfacet
  facet normal 0.000000 0.000000 -1.000000
    outer loop
      vertex 58.000 42.000 18.000
      vertex 58.000 50.000 18.000
      vertex 104.000 50.000 18.000
    endloop
  endfacet
  facet normal 0.000000 0.000000 -1.000000
    outer loop
      vertex 58.000 42.000 18.000
      vertex 104.000 50.000 18.000
      vertex 104.000 42.000 18.000
    endloop
  endfacet
  facet normal 0.000000 1.000000 0.000000
    outer loop
      vertex 58.000 42.000 10.000
      vertex 58.000 42.000 18.000
      vertex 104.000 42.000 18.000
    endloop
  endfacet
  facet normal 0.000000 1.000000 0.000000
    outer loop
      vertex 58.000 42.000 10.000
      vertex 104.000 42.000 18.000
      vertex 104.000 42.000 10.000
    endloop
  endfacet
  facet normal -1.000000 0.000000 0.000000
    outer loop
      vertex 104.000 42.000 10.000
      vertex 104.000 42.000 18.000
      vertex 104.000 50.000 18.000
    endloop
  endfacet
  facet normal -1.000000 0.000000 0.000000
    outer loop
      vertex 104.000 42.000 10.000
      vertex 104.000 50.000 18.000
      vertex 104.000 50.000 10.000
    endloop
  endfacet
  facet normal 0.000000 -1.000000 0.000000
    outer loop
      vertex 104.000 50.000 10.000
      vertex 104.000 50.000 18.000
      vertex 58.000 50.000 18.000
    endloop
  endfacet
  facet normal 0.000000 -1.000000 0.000000
    outer loop
      vertex 104.000 50.000 10.000
      vertex 58.000 50.000 18.000
      vertex 58.000 50.000 10.000
    endloop
  endfacet
  facet normal 1.000000 0.000000 0.000000
    outer loop
      vertex 58.000 50.000 10.000
      vertex 58.000 50.000 18.000
      vertex 58.000 42.000 18.000
    endloop
  endfacet
  facet normal 1.000000 0.000000 0.000000
    outer loop
      vertex 58.000 50.000 10.000
      vertex 58.000 42.000 18.000
      vertex 58.000 42.000 10.000
    endloop
  endfacet
  facet normal 0.000000 -0.995185 -0.098017
    outer loop
      vertex -100.000 50.800 19.500
      vertex -62.000 50.800 19.500
      vertex -62.000 50.708 20.436
    endloop
  endfacet
  facet normal 0.000000 -0.995185 -0.098017
    outer loop
      vertex -100.000 50.800 19.500
      vertex -62.000 50.708 20.436
      vertex -100.000 50.708 20.436
    endloop
  endfacet
  facet normal 0.000000 0.995185 0.098017
    outer loop
      vertex -100.000 47.863 19.871
      vertex -62.000 47.863 19.871
      vertex -62.000 47.900 19.500
    endloop
  endfacet
  facet normal 0.000000 0.995185 0.098017
    outer loop
      vertex -100.000 47.863 19.871
      vertex -62.000 47.900 19.500
      vertex -100.000 47.900 19.500
    endloop
  endfacet
  facet normal -1.000000 0.000000 0.000000
    outer loop
      vertex -100.000 50.708 20.436
      vertex -100.000 50.800 19.500
      vertex -100.000 47.900 19.500
    endloop
  endfacet
  facet normal -1.000000 0.000000 0.000000
    outer loop
      vertex -100.000 50.708 20.436
      vertex -100.000 47.900 19.500
      vertex -100.000 47.863 19.871
    endloop
  endfacet
  facet normal 1.000000 0.000000 0.000000
    outer loop
      vertex -62.000 50.800 19.500
      vertex -62.000 50.708 20.436
      vertex -62.000 47.863 19.871
    endloop
  endfacet
  facet normal 1.000000 0.000000 0.000000
    outer loop
      vertex -62.000 50.800 19.500
      vertex -62.000 47.863 19.871
      vertex -62.000 47.900 19.500
    endloop
  endfacet
  facet normal 0.000000 -0.956940 -0.290285
    outer loop
      vertex -100.000 50.708 20.436
      vertex -62.000 50.708 20.436
      vertex -62.000 50.435 21.337
    endloop
  endfacet
  facet normal 0.000000 -0.956940 -0.290285
    outer loop
      vertex -100.000 50.708 20.436
      vertex -62.000 50.435 21.337
      vertex -100.000 50.435 21.337
    endloop
  endfacet
  facet normal 0.000000 0.956940 0.290285
    outer loop
      vertex -100.000 47.755 20.227
      vertex -62.000 47.755 20.227
      vertex -62.000 47.863 19.871
    endloop
  endfacet
  facet normal 0.000000 0.956940 0.290285
    outer loop
      vertex -100.000 47.755 20.227
      vertex -62.000 47.863 19.871
      vertex -100.000 47.863 19.871
    endloop
  endfacet
  facet normal -1.000000 0.000000 0.000000
    outer loop
      vertex -100.000 50.435 21.337
      vertex -100.000 50.708 20.436
      vertex -100.000 47.863 19.871
    endloop
  endfacet
  facet normal -1.000000 0.000000 0.000000
    outer loop
      vertex -100.000 50.435 21.337
      vertex -100.000 47.863 19.871
      vertex -100.000 47.755 20.227
    endloop
  endfacet
  facet normal 1.000000 0.000000 0.000000
    outer loop
      vertex -62.000 50.708 20.436
      vertex -62.000 50.435 21.337
      vertex -62.000 47.755 20.227
    endloop
  endfacet
  facet normal 1.000000 0.000000 0.000000
    outer loop
      vertex -62.000 50.708 20.436
      vertex -62.000 47.755 20.227
      vertex -62.000 47.863 19.871
    endloop
  endfacet
  facet normal 0.000000 -0.881921 -0.471397
    outer loop
      vertex -100.000 50.435 21.337
      vertex -62.000 50.435 21.337
      vertex -62.000 49.991 22.167
    endloop
  endfacet
  facet normal 0.000000 -0.881921 -0.471397
    outer loop
      vertex -100.000 50.435 21.337
      vertex -62.000 49.991 22.167
      vertex -100.000 49.991 22.167
    endloop
  endfacet
  facet normal 0.000000 0.881921 0.471397
    outer loop
      vertex -100.000 47.580 20.556
      vertex -62.000 47.580 20.556
      vertex -62.000 47.755 20.227
    endloop
  endfacet
  facet normal 0.000000 0.881921 0.471397
    outer loop
      vertex -100.000 47.580 20.556
      vertex -62.000 47.755 20.227
      vertex -100.000 47.755 20.227
    endloop
  endfacet
  facet normal -1.000000 0.000000 0.000000
    outer loop
      vertex -100.000 49.991 22.167
      vertex -100.000 50.435 21.337
      vertex -100.000 47.755 20.227
    endloop
  endfacet
  facet normal -1.000000 0.000000 0.000000
    outer loop
      vertex -100.000 49.991 22.167
      vertex -100.000 47.755 20.227
      vertex -100.000 47.580 20.556
    endloop
  endfacet
  facet normal 1.000000 0.000000 0.000000
    outer loop
      vertex -62.000 50.435 21.337
      vertex -62.000 49.991 22.167
      vertex -62.000 47.580 20.556
    endloop
  endfacet
  facet normal 1.000000 0.000000 0.000000
    outer loop
      vertex -62.000 50.435 21.337
      vertex -62.000 47.580 20.556
      vertex -62.000 47.755 20.227
    endloop
  endfacet
  facet normal 0.000000 -0.773010 -0.634393
    outer loop
      vertex -100.000 49.991 22.167
      vertex -62.000 49.991 22.167
      vertex -62.000 49.394 22.894
    endloop
  endfacet
  facet normal 0.000000 -0.773010 -0.634393
    outer loop
      vertex -100.000 49.991 22.167
      vertex -62.000 49.394 22.894
      vertex -100.000 49.394 22.894
    endloop
  endfacet
  facet normal 0.000000 0.773010 0.634393
    outer loop
      vertex -100.000 47.344 20.844
      vertex -62.000 47.344 20.844
      vertex -62.000 47.580 20.556
    endloop
  endfacet
  facet normal 0.000000 0.773010 0.634393
    outer loop
      vertex -100.000 47.344 20.844
      vertex -62.000 47.580 20.556
      vertex -100.000 47.580 20.556
    endloop
  endfacet
  facet normal -1.000000 0.000000 0.000000
    outer loop
      vertex -100.000 49.394 22.894
      vertex -100.000 49.991 22.167
      vertex -100.000 47.580 20.556
    endloop
  endfacet
  facet normal -1.000000 0.000000 0.000000
    outer loop
      vertex -100.000 49.394 22.894
      vertex -100.000 47.580 20.556
      vertex -100.000 47.344 20.844
    endloop
  endfacet
  facet normal 1.000000 0.000000 0.000000
    outer loop
      vertex -62.000 49.991 22.167
      vertex -62.000 49.394 22.894
      vertex -62.000 47.344 20.844
    endloop
  endfacet
  facet normal 1.000000 0.000000 0.000000
    outer loop
      vertex -62.000 49.991 22.167
      vertex -62.000 47.344 20.844
      vertex -62.000 47.580 20.556
    endloop
  endfacet
  facet normal 0.000000 -0.634393 -0.773010
    outer loop
      vertex -100.000 49.394 22.894
      vertex -62.000 49.394 22.894
      vertex -62.000 48.667 23.491
    endloop
  endfacet
  facet normal 0.000000 -0.634393 -0.773010
    outer loop
      vertex -100.000 49.394 22.894
      vertex -62.000 48.667 23.491
      vertex -100.000 48.667 23.491
    endloop
  endfacet
  facet normal 0.000000 0.634393 0.773010
    outer loop
      vertex -100.000 47.056 21.080
      vertex -62.000 47.056 21.080
      vertex -62.000 47.344 20.844
    endloop
  endfacet
  facet normal 0.000000 0.634393 0.773010
    outer loop
      vertex -100.000 47.056 21.080
      vertex -62.000 47.344 20.844
      vertex -100.000 47.344 20.844
    endloop
  endfacet
  facet normal -1.000000 0.000000 0.000000
    outer loop
      vertex -100.000 48.667 23.491
      vertex -100.000 49.394 22.894
      vertex -100.000 47.344 20.844
    endloop
  endfacet
  facet normal -1.000000 0.000000 0.000000
    outer loop
      vertex -100.000 48.667 23.491
      vertex -100.000 47.344 20.844
      vertex -100.000 47.056 21.080
    endloop
  endfacet
  facet normal 1.000000 0.000000 0.000000
    outer loop
      vertex -62.000 49.394 22.894
      vertex -62.000 48.667 23.491
      vertex -62.000 47.056 21.080
    endloop
  endfacet
  facet normal 1.000000 0.000000 0.000000
    outer loop
      vertex -62.000 49.394 22.894
      vertex -62.000 47.056 21.080
      vertex -62.000 47.344 20.844
    endloop
  endfacet
  facet normal 0.000000 -0.471397 -0.881921
    outer loop
      vertex -100.000 48.667 23.491
      vertex -62.000 48.667 23.491
      vertex -62.000 47.837 23.935
    endloop
  endfacet
  facet normal 0.000000 -0.471397 -0.881921
    outer loop
      vertex -100.000 48.667 23.491
      vertex -62.000 47.837 23.935
      vertex -100.000 47.837 23.935
    endloop
  endfacet
  facet normal 0.000000 0.471397 0.881921
    outer loop
      vertex -100.000 46.727 21.255
      vertex -62.000 46.727 21.255
      vertex -62.000 47.056 21.080
    endloop
  endfacet
  facet normal 0.000000 0.471397 0.881921
    outer loop
      vertex -100.000 46.727 21.255
      vertex -62.000 47.056 21.080
      vertex -100.000 47.056 21.080
    endloop
  endfacet
  facet normal -1.000000 0.000000 0.000000
    outer loop
      vertex -100.000 47.837 23.935
      vertex -100.000 48.667 23.491
      vertex -100.000 47.056 21.080
    endloop
  endfacet
  facet normal -1.000000 0.000000 0.000000
    outer loop
      vertex -100.000 47.837 23.935
      vertex -100.000 47.056 21.080
      vertex -100.000 46.727 21.255
    endloop
  endfacet
  facet normal 1.000000 0.000000 0.000000
    outer loop
      vertex -62.000 48.667 23.491
      vertex -62.000 47.837 23.935
      vertex -62.000 46.727 21.255
    endloop
  endfacet
  facet normal 1.000000 0.000000 0.000000
    outer loop
      vertex -62.000 48.667 23.491
      vertex -62.000 46.727 21.255
      vertex -62.000 47.056 21.080
    endloop
  endfacet
  facet normal 0.000000 -0.290285 -0.956940
    outer loop
      vertex -100.000 47.837 23.935
      vertex -62.000 47.837 23.935
      vertex -62.000 46.936 24.208
    endloop
  endfacet
  facet normal 0.000000 -0.290285 -0.956940
    outer loop
      vertex -100.000 47.837 23.935
      vertex -62.000 46.936 24.208
      vertex -100.000 46.936 24.208
    endloop
  endfacet
  facet normal 0.000000 0.290285 0.956940
    outer loop
      vertex -100.000 46.371 21.363
      vertex -62.000 46.371 21.363
      vertex -62.000 46.727 21.255
    endloop
  endfacet
  facet normal 0.000000 0.290285 0.956940
    outer loop
      vertex -100.000 46.371 21.363
      vertex -62.000 46.727 21.255
      vertex -100.000 46.727 21.255
    endloop
  endfacet
  facet normal -1.000000 0.000000 0.000000
    outer loop
      vertex -100.000 46.936 24.208
      vertex -100.000 47.837 23.935
      vertex -100.000 46.727 21.255
    endloop
  endfacet
  facet normal -1.000000 0.000000 0.000000
    outer loop
      vertex -100.000 46.936 24.208
      vertex -100.000 46.727 21.255
      vertex -100.000 46.371 21.363
    endloop
  endfacet
  facet normal 1.000000 0.000000 0.000000
    outer loop
      vertex -62.000 47.837 23.935
      vertex -62.000 46.936 24.208
      vertex -62.000 46.371 21.363
    endloop
  endfacet
  facet normal 1.000000 0.000000 0.000000
    outer loop
      vertex -62.000 47.837 23.935
      vertex -62.000 46.371 21.363
      vertex -62.000 46.727 21.255
    endloop
  endfacet
  facet normal 0.000000 -0.098017 -0.995185
    outer loop
      vertex -100.000 46.936 24.208
      vertex -62.000 46.936 24.208
      vertex -62.000 46.000 24.300
    endloop
  endfacet
  facet normal 0.000000 -0.098017 -0.995185
    outer loop
      vertex -100.000 46.936 24.208
      vertex -62.000 46.000 24.300
      vertex -100.000 46.000 24.300
    endloop
  endfacet
  facet normal 0.000000 0.098017 0.995185
    outer loop
      vertex -100.000 46.000 21.400
      vertex -62.000 46.000 21.400
      vertex -62.000 46.371 21.363
    endloop
  endfacet
  facet normal 0.000000 0.098017 0.995185
    outer loop
      vertex -100.000 46.000 21.400
      vertex -62.000 46.371 21.363
      vertex -100.000 46.371 21.363
    endloop
  endfacet
  facet normal -1.000000 0.000000 0.000000
    outer loop
      vertex -100.000 46.000 24.300
      vertex -100.000 46.936 24.208
      vertex -100.000 46.371 21.363
    endloop
  endfacet
  facet normal -1.000000 0.000000 0.000000
    outer loop
      vertex -100.000 46.000 24.300
      vertex -100.000 46.371 21.363
      vertex -100.000 46.000 21.400
    endloop
  endfacet
  facet normal 1.000000 0.000000 0.000000
    outer loop
      vertex -62.000 46.936 24.208
      vertex -62.000 46.000 24.300
      vertex -62.000 46.000 21.400
    endloop
  endfacet
  facet normal 1.000000 0.000000 0.000000
    outer loop
      vertex -62.000 46.936 24.208
      vertex -62.000 46.000 21.400
      vertex -62.000 46.371 21.363
    endloop
  endfacet
  facet normal 0.000000 0.098017 -0.995185
    outer loop
      vertex -100.000 46.000 24.300
      vertex -62.000 46.000 24.300
      vertex -62.000 45.064 24.208
    endloop
  endfacet
  facet normal 0.000000 0.098017 -0.995185
    outer loop
      vertex -100.000 46.000 24.300
      vertex -62.000 45.064 24.208
      vertex -100.000 45.064 24.208
    endloop
  endfacet
  facet normal 0.000000 -0.098017 0.995185
    outer loop
      vertex -100.000 45.629 21.363
      vertex -62.000 45.629 21.363
      vertex -62.000 46.000 21.400
    endloop
  endfacet
  facet normal 0.000000 -0.098017 0.995185
    outer loop
      vertex -100.000 45.629 21.363
      vertex -62.000 46.000 21.400
      vertex -100.000 46.000 21.400
    endloop
  endfacet
  facet normal -1.000000 0.000000 0.000000
    outer loop
      vertex -100.000 45.064 24.208
      vertex -100.000 46.000 24.300
      vertex -100.000 46.000 21.400
    endloop
  endfacet
  facet normal -1.000000 0.000000 0.000000
    outer loop
      vertex -100.000 45.064 24.208
      vertex -100.000 46.000 21.400
      vertex -100.000 45.629 21.363
    endloop
  endfacet
  facet normal 1.000000 0.000000 0.000000
    outer loop
      vertex -62.000 46.000 24.300
      vertex -62.000 45.064 24.208
      vertex -62.000 45.629 21.363
    endloop
  endfacet
  facet normal 1.000000 0.000000 0.000000
    outer loop
      vertex -62.000 46.000 24.300
      vertex -62.000 45.629 21.363
      vertex -62.000 46.000 21.400
    endloop
  endfacet
  facet normal 0.000000 0.290285 -0.956940
    outer loop
      vertex -100.000 45.064 24.208
      vertex -62.000 45.064 24.208
      vertex -62.000 44.163 23.935
    endloop
  endfacet
  facet normal 0.000000 0.290285 -0.956940
    outer loop
      vertex -100.000 45.064 24.208
      vertex -62.000 44.163 23.935
      vertex -100.000 44.163 23.935
    endloop
  endfacet
  facet normal 0.000000 -0.290285 0.956940
    outer loop
      vertex -100.000 45.273 21.255
      vertex -62.000 45.273 21.255
      vertex -62.000 45.629 21.363
    endloop
  endfacet
  facet normal 0.000000 -0.290285 0.956940
    outer loop
      vertex -100.000 45.273 21.255
      vertex -62.000 45.629 21.363
      vertex -100.000 45.629 21.363
    endloop
  endfacet
  facet normal -1.000000 0.000000 0.000000
    outer loop
      vertex -100.000 44.163 23.935
      vertex -100.000 45.064 24.208
      vertex -100.000 45.629 21.363
    endloop
  endfacet
  facet normal -1.000000 0.000000 0.000000
    outer loop
      vertex -100.000 44.163 23.935
      vertex -100.000 45.629 21.363
      vertex -100.000 45.273 21.255
    endloop
  endfacet
  facet normal 1.000000 0.000000 0.000000
    outer loop
      vertex -62.000 45.064 24.208
      vertex -62.000 44.163 23.935
      vertex -62.000 45.273 21.255
    endloop
  endfacet
  facet normal 1.000000 0.000000 0.000000
    outer loop
      vertex -62.000 45.064 24.208
      vertex -62.000 45.273 21.255
      vertex -62.000 45.629 21.363
    endloop
  endfacet
  facet normal 0.000000 0.471397 -0.881921
    outer loop
      vertex -100.000 44.163 23.935
      vertex -62.000 44.163 23.935
      vertex -62.000 43.333 23.491
    endloop
  endfacet
  facet normal 0.000000 0.471397 -0.881921
    outer loop
      vertex -100.000 44.163 23.935
      vertex -62.000 43.333 23.491
      vertex -100.000 43.333 23.491
    endloop
  endfacet
  facet normal 0.000000 -0.471397 0.881921
    outer loop
      vertex -100.000 44.944 21.080
      vertex -62.000 44.944 21.080
      vertex -62.000 45.273 21.255
    endloop
  endfacet
  facet normal 0.000000 -0.471397 0.881921
    outer loop
      vertex -100.000 44.944 21.080
      vertex -62.000 45.273 21.255
      vertex -100.000 45.273 21.255
    endloop
  endfacet
  facet normal -1.000000 0.000000 0.000000
    outer loop
      vertex -100.000 43.333 23.491
      vertex -100.000 44.163 23.935
      vertex -100.000 45.273 21.255
    endloop
  endfacet
  facet normal -1.000000 0.000000 0.000000
    outer loop
      vertex -100.000 43.333 23.491
      vertex -100.000 45.273 21.255
      vertex -100.000 44.944 21.080
    endloop
  endfacet
  facet normal 1.000000 0.000000 0.000000
    outer loop
      vertex -62.000 44.163 23.935
      vertex -62.000 43.333 23.491
      vertex -62.000 44.944 21.080
    endloop
  endfacet
  facet normal 1.000000 0.000000 0.000000
    outer loop
      vertex -62.000 44.163 23.935
      vertex -62.000 44.944 21.080
      vertex -62.000 45.273 21.255
    endloop
  endfacet
  facet normal 0.000000 0.634393 -0.773010
    outer loop
      vertex -100.000 43.333 23.491
      vertex -62.000 43.333 23.491
      vertex -62.000 42.606 22.894
    endloop
  endfacet
  facet normal 0.000000 0.634393 -0.773010
    outer loop
      vertex -100.000 43.333 23.491
      vertex -62.000 42.606 22.894
      vertex -100.000 42.606 22.894
    endloop
  endfacet
  facet normal 0.000000 -0.634393 0.773010
    outer loop
      vertex -100.000 44.656 20.844
      vertex -62.000 44.656 20.844
      vertex -62.000 44.944 21.080
    endloop
  endfacet
  facet normal 0.000000 -0.634393 0.773010
    outer loop
      vertex -100.000 44.656 20.844
      vertex -62.000 44.944 21.080
      vertex -100.000 44.944 21.080
    endloop
  endfacet
  facet normal -1.000000 0.000000 0.000000
    outer loop
      vertex -100.000 42.606 22.894
      vertex -100.000 43.333 23.491
      vertex -100.000 44.944 21.080
    endloop
  endfacet
  facet normal -1.000000 0.000000 0.000000
    outer loop
      vertex -100.000 42.606 22.894
      vertex -100.000 44.944 21.080
      vertex -100.000 44.656 20.844
    endloop
  endfacet
  facet normal 1.000000 0.000000 0.000000
    outer loop
      vertex -62.000 43.333 23.491
      vertex -62.000 42.606 22.894
      vertex -62.000 44.656 20.844
    endloop
  endfacet
  facet normal 1.000000 0.000000 0.000000
    outer loop
      vertex -62.000 43.333 23.491
      vertex -62.000 44.656 20.844
      vertex -62.000 44.944 21.080
    endloop
  endfacet
  facet normal 0.000000 0.773010 -0.634393
    outer loop
      vertex -100.000 42.606 22.894
      vertex -62.000 42.606 22.894
      vertex -62.000 42.009 22.167
    endloop
  endfacet
  facet normal 0.000000 0.773010 -0.634393
    outer loop
      vertex -100.000 42.606 22.894
      vertex -62.000 42.009 22.167
      vertex -100.000 42.009 22.167
    endloop
  endfacet
  facet normal 0.000000 -0.773010 0.634393
    outer loop
      vertex -100.000 44.420 20.556
      vertex -62.000 44.420 20.556
      vertex -62.000 44.656 20.844
    endloop
  endfacet
  facet normal 0.000000 -0.773010 0.634393
    outer loop
      vertex -100.000 44.420 20.556
      vertex -62.000 44.656 20.844
      vertex -100.000 44.656 20.844
    endloop
  endfacet
  facet normal -1.000000 0.000000 0.000000
    outer loop
      vertex -100.000 42.009 22.167
      vertex -100.000 42.606 22.894
      vertex -100.000 44.656 20.844
    endloop
  endfacet
  facet normal -1.000000 0.000000 0.000000
    outer loop
      vertex -100.000 42.009 22.167
      vertex -100.000 44.656 20.844
      vertex -100.000 44.420 20.556
    endloop
  endfacet
  facet normal 1.000000 0.000000 0.000000
    outer loop
      vertex -62.000 42.606 22.894
      vertex -62.000 42.009 22.167
      vertex -62.000 44.420 20.556
    endloop
  endfacet
  facet normal 1.000000 0.000000 0.000000
    outer loop
      vertex -62.000 42.606 22.894
      vertex -62.000 44.420 20.556
      vertex -62.000 44.656 20.844
    endloop
  endfacet
  facet normal 0.000000 0.881921 -0.471397
    outer loop
      vertex -100.000 42.009 22.167
      vertex -62.000 42.009 22.167
      vertex -62.000 41.565 21.337
    endloop
  endfacet
  facet normal 0.000000 0.881921 -0.471397
    outer loop
      vertex -100.000 42.009 22.167
      vertex -62.000 41.565 21.337
      vertex -100.000 41.565 21.337
    endloop
  endfacet
  facet normal 0.000000 -0.881921 0.471397
    outer loop
      vertex -100.000 44.245 20.227
      vertex -62.000 44.245 20.227
      vertex -62.000 44.420 20.556
    endloop
  endfacet
  facet normal 0.000000 -0.881921 0.471397
    outer loop
      vertex -100.000 44.245 20.227
      vertex -62.000 44.420 20.556
      vertex -100.000 44.420 20.556
    endloop
  endfacet
  facet normal -1.000000 0.000000 0.000000
    outer loop
      vertex -100.000 41.565 21.337
      vertex -100.000 42.009 22.167
      vertex -100.000 44.420 20.556
    endloop
  endfacet
  facet normal -1.000000 0.000000 0.000000
    outer loop
      vertex -100.000 41.565 21.337
      vertex -100.000 44.420 20.556
      vertex -100.000 44.245 20.227
    endloop
  endfacet
  facet normal 1.000000 0.000000 0.000000
    outer loop
      vertex -62.000 42.009 22.167
      vertex -62.000 41.565 21.337
      vertex -62.000 44.245 20.227
    endloop
  endfacet
  facet normal 1.000000 0.000000 0.000000
    outer loop
      vertex -62.000 42.009 22.167
      vertex -62.000 44.245 20.227
      vertex -62.000 44.420 20.556
    endloop
  endfacet
  facet normal 0.000000 0.956940 -0.290285
    outer loop
      vertex -100.000 41.565 21.337
      vertex -62.000 41.565 21.337
      vertex -62.000 41.292 20.436
    endloop
  endfacet
  facet normal 0.000000 0.956940 -0.290285
    outer loop
      vertex -100.000 41.565 21.337
      vertex -62.000 41.292 20.436
      vertex -100.000 41.292 20.436
    endloop
  endfacet
  facet normal 0.000000 -0.956940 0.290285
    outer loop
      vertex -100.000 44.137 19.871
      vertex -62.000 44.137 19.871
      vertex -62.000 44.245 20.227
    endloop
  endfacet
  facet normal 0.000000 -0.956940 0.290285
    outer loop
      vertex -100.000 44.137 19.871
      vertex -62.000 44.245 20.227
      vertex -100.000 44.245 20.227
    endloop
  endfacet
  facet normal -1.000000 0.000000 0.000000
    outer loop
      vertex -100.000 41.292 20.436
      vertex -100.000 41.565 21.337
      vertex -100.000 44.245 20.227
    endloop
  endfacet
  facet normal -1.000000 0.000000 0.000000
    outer loop
      vertex -100.000 41.292 20.436
      vertex -100.000 44.245 20.227
      vertex -100.000 44.137 19.871
    endloop
  endfacet
  facet normal 1.000000 0.000000 0.000000
    outer loop
      vertex -62.000 41.565 21.337
      vertex -62.000 41.292 20.436
      vertex -62.000 44.137 19.871
    endloop
  endfacet
  facet normal 1.000000 0.000000 0.000000
    outer loop
      vertex -62.000 41.565 21.337
      vertex -62.000 44.137 19.871
      vertex -62.000 44.245 20.227
    endloop
  endfacet
  facet normal 0.000000 0.995185 -0.098017
    outer loop
      vertex -100.000 41.292 20.436
      vertex -62.000 41.292 20.436
      vertex -62.000 41.200 19.500
    endloop
  endfacet
  facet normal 0.000000 0.995185 -0.098017
    outer loop
      vertex -100.000 41.292 20.436
      vertex -62.000 41.200 19.500
      vertex -100.000 41.200 19.500
    endloop
  endfacet
  facet normal 0.000000 -0.995185 0.098017
    outer loop
      vertex -100.000 44.100 19.500
      vertex -62.000 44.100 19.500
      vertex -62.000 44.137 19.871
    endloop
  endfacet
  facet normal 0.000000 -0.995185 0.098017
    outer loop
      vertex -100.000 44.100 19.500
      vertex -62.000 44.137 19.871
      vertex -100.000 44.137 19.871
    endloop
  endfacet
  facet normal -1.000000 0.000000 0.000000
    outer loop
      vertex -100.000 41.200 19.500
      vertex -100.000 41.292 20.436
      vertex -100.000 44.137 19.871
    endloop
  endfacet
  facet normal -1.000000 0.000000 0.000000
    outer loop
      vertex -100.000 41.200 19.500
      vertex -100.000 44.137 19.871
      vertex -100.000 44.100 19.500
    endloop
  endfacet
  facet normal 1.000000 0.000000 0.000000
    outer loop
      vertex -62.000 41.292 20.436
      vertex -62.000 41.200 19.500
      vertex -62.000 44.100 19.500
    endloop
  endfacet
  facet normal 1.000000 0.000000 0.000000
    outer loop
      vertex -62.000 41.292 20.436
      vertex -62.000 44.100 19.500
      vertex -62.000 44.137 19.871
    endloop
  endfacet
  facet normal 0.000000 0.995185 0.098017
    outer loop
      vertex -100.000 41.200 19.500
      vertex -62.000 41.200 19.500
      vertex -62.000 41.292 18.564
    endloop
  endfacet
  facet normal 0.000000 0.995185 0.098017
    outer loop
      vertex -100.000 41.200 19.500
      vertex -62.000 41.292 18.564
      vertex -100.000 41.292 18.564
    endloop
  endfacet
  facet normal 0.000000 -0.995185 -0.098017
    outer loop
      vertex -100.000 44.137 19.129
      vertex -62.000 44.137 19.129
      vertex -62.000 44.100 19.500
    endloop
  endfacet
  facet normal 0.000000 -0.995185 -0.098017
    outer loop
      vertex -100.000 44.137 19.129
      vertex -62.000 44.100 19.500
      vertex -100.000 44.100 19.500
    endloop
  endfacet
  facet normal -1.000000 0.000000 0.000000
    outer loop
      vertex -100.000 41.292 18.564
      vertex -100.000 41.200 19.500
      vertex -100.000 44.100 19.500
    endloop
  endfacet
  facet normal -1.000000 0.000000 0.000000
    outer loop
      vertex -100.000 41.292 18.564
      vertex -100.000 44.100 19.500
      vertex -100.000 44.137 19.129
    endloop
  endfacet
  facet normal 1.000000 0.000000 0.000000
    outer loop
      vertex -62.000 41.200 19.500
      vertex -62.000 41.292 18.564
      vertex -62.000 44.137 19.129
    endloop
  endfacet
  facet normal 1.000000 0.000000 0.000000
    outer loop
      vertex -62.000 41.200 19.500
      vertex -62.000 44.137 19.129
      vertex -62.000 44.100 19.500
    endloop
  endfacet
  facet normal 0.000000 0.956940 0.290285
    outer loop
      vertex -100.000 41.292 18.564
      vertex -62.000 41.292 18.564
      vertex -62.000 41.565 17.663
    endloop
  endfacet
  facet normal 0.000000 0.956940 0.290285
    outer loop
      vertex -100.000 41.292 18.564
      vertex -62.000 41.565 17.663
      vertex -100.000 41.565 17.663
    endloop
  endfacet
  facet normal 0.000000 -0.956940 -0.290285
    outer loop
      vertex -100.000 44.245 18.773
      vertex -62.000 44.245 18.773
      vertex -62.000 44.137 19.129
    endloop
  endfacet
  facet normal 0.000000 -0.956940 -0.290285
    outer loop
      vertex -100.000 44.245 18.773
      vertex -62.000 44.137 19.129
      vertex -100.000 44.137 19.129
    endloop
  endfacet
  facet normal -1.000000 0.000000 0.000000
    outer loop
      vertex -100.000 41.565 17.663
      vertex -100.000 41.292 18.564
      vertex -100.000 44.137 19.129
    endloop
  endfacet
  facet normal -1.000000 0.000000 0.000000
    outer loop
      vertex -100.000 41.565 17.663
      vertex -100.000 44.137 19.129
      vertex -100.000 44.245 18.773
    endloop
  endfacet
  facet normal 1.000000 0.000000 0.000000
    outer loop
      vertex -62.000 41.292 18.564
      vertex -62.000 41.565 17.663
      vertex -62.000 44.245 18.773
    endloop
  endfacet
  facet normal 1.000000 0.000000 0.000000
    outer loop
      vertex -62.000 41.292 18.564
      vertex -62.000 44.245 18.773
      vertex -62.000 44.137 19.129
    endloop
  endfacet
  facet normal 0.000000 0.881921 0.471397
    outer loop
      vertex -100.000 41.565 17.663
      vertex -62.000 41.565 17.663
      vertex -62.000 42.009 16.833
    endloop
  endfacet
  facet normal 0.000000 0.881921 0.471397
    outer loop
      vertex -100.000 41.565 17.663
      vertex -62.000 42.009 16.833
      vertex -100.000 42.009 16.833
    endloop
  endfacet
  facet normal 0.000000 -0.881921 -0.471397
    outer loop
      vertex -100.000 44.420 18.444
      vertex -62.000 44.420 18.444
      vertex -62.000 44.245 18.773
    endloop
  endfacet
  facet normal 0.000000 -0.881921 -0.471397
    outer loop
      vertex -100.000 44.420 18.444
      vertex -62.000 44.245 18.773
      vertex -100.000 44.245 18.773
    endloop
  endfacet
  facet normal -1.000000 0.000000 0.000000
    outer loop
      vertex -100.000 42.009 16.833
      vertex -100.000 41.565 17.663
      vertex -100.000 44.245 18.773
    endloop
  endfacet
  facet normal -1.000000 0.000000 0.000000
    outer loop
      vertex -100.000 42.009 16.833
      vertex -100.000 44.245 18.773
      vertex -100.000 44.420 18.444
    endloop
  endfacet
  facet normal 1.000000 0.000000 0.000000
    outer loop
      vertex -62.000 41.565 17.663
      vertex -62.000 42.009 16.833
      vertex -62.000 44.420 18.444
    endloop
  endfacet
  facet normal 1.000000 0.000000 0.000000
    outer loop
      vertex -62.000 41.565 17.663
      vertex -62.000 44.420 18.444
      vertex -62.000 44.245 18.773
    endloop
  endfacet
  facet normal 0.000000 0.773010 0.634393
    outer loop
      vertex -100.000 42.009 16.833
      vertex -62.000 42.009 16.833
      vertex -62.000 42.606 16.106
    endloop
  endfacet
  facet normal 0.000000 0.773010 0.634393
    outer loop
      vertex -100.000 42.009 16.833
      vertex -62.000 42.606 16.106
      vertex -100.000 42.606 16.106
    endloop
  endfacet
  facet normal 0.000000 -0.773010 -0.634393
    outer loop
      vertex -100.000 44.656 18.156
      vertex -62.000 44.656 18.156
      vertex -62.000 44.420 18.444
    endloop
  endfacet
  facet normal 0.000000 -0.773010 -0.634393
    outer loop
      vertex -100.000 44.656 18.156
      vertex -62.000 44.420 18.444
      vertex -100.000 44.420 18.444
    endloop
  endfacet
  facet normal -1.000000 0.000000 0.000000
    outer loop
      vertex -100.000 42.606 16.106
      vertex -100.000 42.009 16.833
      vertex -100.000 44.420 18.444
    endloop
  endfacet
  facet normal -1.000000 0.000000 0.000000
    outer loop
      vertex -100.000 42.606 16.106
      vertex -100.000 44.420 18.444
      vertex -100.000 44.656 18.156
    endloop
  endfacet
  facet normal 1.000000 0.000000 0.000000
    outer loop
      vertex -62.000 42.009 16.833
      vertex -62.000 42.606 16.106
      vertex -62.000 44.656 18.156
    endloop
  endfacet
  facet normal 1.000000 0.000000 0.000000
    outer loop
      vertex -62.000 42.009 16.833
      vertex -62.000 44.656 18.156
      vertex -62.000 44.420 18.444
    endloop
  endfacet
  facet normal 0.000000 0.634393 0.773010
    outer loop
      vertex -100.000 42.606 16.106
      vertex -62.000 42.606 16.106
      vertex -62.000 43.333 15.509
    endloop
  endfacet
  facet normal 0.000000 0.634393 0.773010
    outer loop
      vertex -100.000 42.606 16.106
      vertex -62.000 43.333 15.509
      vertex -100.000 43.333 15.509
    endloop
  endfacet
  facet normal 0.000000 -0.634393 -0.773010
    outer loop
      vertex -100.000 44.944 17.920
      vertex -62.000 44.944 17.920
      vertex -62.000 44.656 18.156
    endloop
  endfacet
  facet normal 0.000000 -0.634393 -0.773010
    outer loop
      vertex -100.000 44.944 17.920
      vertex -62.000 44.656 18.156
      vertex -100.000 44.656 18.156
    endloop
  endfacet
  facet normal -1.000000 0.000000 0.000000
    outer loop
      vertex -100.000 43.333 15.509
      vertex -100.000 42.606 16.106
      vertex -100.000 44.656 18.156
    endloop
  endfacet
  facet normal -1.000000 0.000000 0.000000
    outer loop
      vertex -100.000 43.333 15.509
      vertex -100.000 44.656 18.156
      vertex -100.000 44.944 17.920
    endloop
  endfacet
  facet normal 1.000000 0.000000 0.000000
    outer loop
      vertex -62.000 42.606 16.106
      vertex -62.000 43.333 15.509
      vertex -62.000 44.944 17.920
    endloop
  endfacet
  facet normal 1.000000 0.000000 0.000000
    outer loop
      vertex -62.000 42.606 16.106
      vertex -62.000 44.944 17.920
      vertex -62.000 44.656 18.156
    endloop
  endfacet
  facet normal 0.000000 0.471397 0.881921
    outer loop
      vertex -100.000 43.333 15.509
      vertex -62.000 43.333 15.509
      vertex -62.000 44.163 15.065
    endloop
  endfacet
  facet normal 0.000000 0.471397 0.881921
    outer loop
      vertex -100.000 43.333 15.509
      vertex -62.000 44.163 15.065
      vertex -100.000 44.163 15.065
    endloop
  endfacet
  facet normal 0.000000 -0.471397 -0.881921
    outer loop
      vertex -100.000 45.273 17.745
      vertex -62.000 45.273 17.745
      vertex -62.000 44.944 17.920
    endloop
  endfacet
  facet normal 0.000000 -0.471397 -0.881921
    outer loop
      vertex -100.000 45.273 17.745
      vertex -62.000 44.944 17.920
      vertex -100.000 44.944 17.920
    endloop
  endfacet
  facet normal -1.000000 0.000000 0.000000
    outer loop
      vertex -100.000 44.163 15.065
      vertex -100.000 43.333 15.509
      vertex -100.000 44.944 17.920
    endloop
  endfacet
  facet normal -1.000000 0.000000 0.000000
    outer loop
      vertex -100.000 44.163 15.065
      vertex -100.000 44.944 17.920
      vertex -100.000 45.273 17.745
    endloop
  endfacet
  facet normal 1.000000 0.000000 0.000000
    outer loop
      vertex -62.000 43.333 15.509
      vertex -62.000 44.163 15.065
      vertex -62.000 45.273 17.745
    endloop
  endfacet
  facet normal 1.000000 0.000000 0.000000
    outer loop
      vertex -62.000 43.333 15.509
      vertex -62.000 45.273 17.745
      vertex -62.000 44.944 17.920
    endloop
  endfacet
  facet normal 0.000000 0.290285 0.956940
    outer loop
      vertex -100.000 44.163 15.065
      vertex -62.000 44.163 15.065
      vertex -62.000 45.064 14.792
    endloop
  endfacet
  facet normal 0.000000 0.290285 0.956940
    outer loop
      vertex -100.000 44.163 15.065
      vertex -62.000 45.064 14.792
      vertex -100.000 45.064 14.792
    endloop
  endfacet
  facet normal 0.000000 -0.290285 -0.956940
    outer loop
      vertex -100.000 45.629 17.637
      vertex -62.000 45.629 17.637
      vertex -62.000 45.273 17.745
    endloop
  endfacet
  facet normal 0.000000 -0.290285 -0.956940
    outer loop
      vertex -100.000 45.629 17.637
      vertex -62.000 45.273 17.745
      vertex -100.000 45.273 17.745
    endloop
  endfacet
  facet normal -1.000000 0.000000 0.000000
    outer loop
      vertex -100.000 45.064 14.792
      vertex -100.000 44.163 15.065
      vertex -100.000 45.273 17.745
    endloop
  endfacet
  facet normal -1.000000 0.000000 0.000000
    outer loop
      vertex -100.000 45.064 14.792
      vertex -100.000 45.273 17.745
      vertex -100.000 45.629 17.637
    endloop
  endfacet
  facet normal 1.000000 0.000000 0.000000
    outer loop
      vertex -62.000 44.163 15.065
      vertex -62.000 45.064 14.792
      vertex -62.000 45.629 17.637
    endloop
  endfacet
  facet normal 1.000000 0.000000 0.000000
    outer loop
      vertex -62.000 44.163 15.065
      vertex -62.000 45.629 17.637
      vertex -62.000 45.273 17.745
    endloop
  endfacet
  facet normal 0.000000 0.098017 0.995185
    outer loop
      vertex -100.000 45.064 14.792
      vertex -62.000 45.064 14.792
      vertex -62.000 46.000 14.700
    endloop
  endfacet
  facet normal 0.000000 0.098017 0.995185
    outer loop
      vertex -100.000 45.064 14.792
      vertex -62.000 46.000 14.700
      vertex -100.000 46.000 14.700
    endloop
  endfacet
  facet normal 0.000000 -0.098017 -0.995185
    outer loop
      vertex -100.000 46.000 17.600
      vertex -62.000 46.000 17.600
      vertex -62.000 45.629 17.637
    endloop
  endfacet
  facet normal 0.000000 -0.098017 -0.995185
    outer loop
      vertex -100.000 46.000 17.600
      vertex -62.000 45.629 17.637
      vertex -100.000 45.629 17.637
    endloop
  endfacet
  facet normal -1.000000 0.000000 0.000000
    outer loop
      vertex -100.000 46.000 14.700
      vertex -100.000 45.064 14.792
      vertex -100.000 45.629 17.637
    endloop
  endfacet
  facet normal -1.000000 0.000000 0.000000
    outer loop
      vertex -100.000 46.000 14.700
      vertex -100.000 45.629 17.637
      vertex -100.000 46.000 17.600
    endloop
  endfacet
  facet normal 1.000000 0.000000 0.000000
    outer loop
      vertex -62.000 45.064 14.792
      vertex -62.000 46.000 14.700
      vertex -62.000 46.000 17.600
    endloop
  endfacet
  facet normal 1.000000 0.000000 0.000000
    outer loop
      vertex -62.000 45.064 14.792
      vertex -62.000 46.000 17.600
      vertex -62.000 45.629 17.637
    endloop
  endfacet
  facet normal 0.000000 -0.098017 0.995185
    outer loop
      vertex -100.000 46.000 14.700
      vertex -62.000 46.000 14.700
      vertex -62.000 46.936 14.792
    endloop
  endfacet
  facet normal 0.000000 -0.098017 0.995185
    outer loop
      vertex -100.000 46.000 14.700
      vertex -62.000 46.936 14.792
      vertex -100.000 46.936 14.792
    endloop
  endfacet
  facet normal 0.000000 0.098017 -0.995185
    outer loop
      vertex -100.000 46.371 17.637
      vertex -62.000 46.371 17.637
      vertex -62.000 46.000 17.600
    endloop
  endfacet
  facet normal 0.000000 0.098017 -0.995185
    outer loop
      vertex -100.000 46.371 17.637
      vertex -62.000 46.000 17.600
      vertex -100.000 46.000 17.600
    endloop
  endfacet
  facet normal -1.000000 0.000000 0.000000
    outer loop
      vertex -100.000 46.936 14.792
      vertex -100.000 46.000 14.700
      vertex -100.000 46.000 17.600
    endloop
  endfacet
  facet normal -1.000000 0.000000 0.000000
    outer loop
      vertex -100.000 46.936 14.792
      vertex -100.000 46.000 17.600
      vertex -100.000 46.371 17.637
    endloop
  endfacet
  facet normal 1.000000 0.000000 0.000000
    outer loop
      vertex -62.000 46.000 14.700
      vertex -62.000 46.936 14.792
      vertex -62.000 46.371 17.637
    endloop
  endfacet
  facet normal 1.000000 0.000000 0.000000
    outer loop
      vertex -62.000 46.000 14.700
      vertex -62.000 46.371 17.637
      vertex -62.000 46.000 17.600
    endloop
  endfacet
  facet normal 0.000000 -0.290285 0.956940
    outer loop
      vertex -100.000 46.936 14.792
      vertex -62.000 46.936 14.792
      vertex -62.000 47.837 15.065
    endloop
  endfacet
  facet normal 0.000000 -0.290285 0.956940
    outer loop
      vertex -100.000 46.936 14.792
      vertex -62.000 47.837 15.065
      vertex -100.000 47.837 15.065
    endloop
  endfacet
  facet normal 0.000000 0.290285 -0.956940
    outer loop
      vertex -100.000 46.727 17.745
      vertex -62.000 46.727 17.745
      vertex -62.000 46.371 17.637
    endloop
  endfacet
  facet normal 0.000000 0.290285 -0.956940
    outer loop
      vertex -100.000 46.727 17.745
      vertex -62.000 46.371 17.637
      vertex -100.000 46.371 17.637
    endloop
  endfacet
  facet normal -1.000000 0.000000 0.000000
    outer loop
      vertex -100.000 47.837 15.065
      vertex -100.000 46.936 14.792
      vertex -100.000 46.371 17.637
    endloop
  endfacet
  facet normal -1.000000 0.000000 0.000000
    outer loop
      vertex -100.000 47.837 15.065
      vertex -100.000 46.371 17.637
      vertex -100.000 46.727 17.745
    endloop
  endfacet
  facet normal 1.000000 0.000000 0.000000
    outer loop
      vertex -62.000 46.936 14.792
      vertex -62.000 47.837 15.065
      vertex -62.000 46.727 17.745
    endloop
  endfacet
  facet normal 1.000000 0.000000 0.000000
    outer loop
      vertex -62.000 46.936 14.792
      vertex -62.000 46.727 17.745
      vertex -62.000 46.371 17.637
    endloop
  endfacet
  facet normal 0.000000 -0.471397 0.881921
    outer loop
      vertex -100.000 47.837 15.065
      vertex -62.000 47.837 15.065
      vertex -62.000 48.667 15.509
    endloop
  endfacet
  facet normal 0.000000 -0.471397 0.881921
    outer loop
      vertex -100.000 47.837 15.065
      vertex -62.000 48.667 15.509
      vertex -100.000 48.667 15.509
    endloop
  endfacet
  facet normal 0.000000 0.471397 -0.881921
    outer loop
      vertex -100.000 47.056 17.920
      vertex -62.000 47.056 17.920
      vertex -62.000 46.727 17.745
    endloop
  endfacet
  facet normal 0.000000 0.471397 -0.881921
    outer loop
      vertex -100.000 47.056 17.920
      vertex -62.000 46.727 17.745
      vertex -100.000 46.727 17.745
    endloop
  endfacet
  facet normal -1.000000 0.000000 0.000000
    outer loop
      vertex -100.000 48.667 15.509
      vertex -100.000 47.837 15.065
      vertex -100.000 46.727 17.745
    endloop
  endfacet
  facet normal -1.000000 0.000000 0.000000
    outer loop
      vertex -100.000 48.667 15.509
      vertex -100.000 46.727 17.745
      vertex -100.000 47.056 17.920
    endloop
  endfacet
  facet normal 1.000000 0.000000 0.000000
    outer loop
      vertex -62.000 47.837 15.065
      vertex -62.000 48.667 15.509
      vertex -62.000 47.056 17.920
    endloop
  endfacet
  facet normal 1.000000 0.000000 0.000000
    outer loop
      vertex -62.000 47.837 15.065
      vertex -62.000 47.056 17.920
      vertex -62.000 46.727 17.745
    endloop
  endfacet
  facet normal 0.000000 -0.634393 0.773010
    outer loop
      vertex -100.000 48.667 15.509
      vertex -62.000 48.667 15.509
      vertex -62.000 49.394 16.106
    endloop
  endfacet
  facet normal 0.000000 -0.634393 0.773010
    outer loop
      vertex -100.000 48.667 15.509
      vertex -62.000 49.394 16.106
      vertex -100.000 49.394 16.106
    endloop
  endfacet
  facet normal 0.000000 0.634393 -0.773010
    outer loop
      vertex -100.000 47.344 18.156
      vertex -62.000 47.344 18.156
      vertex -62.000 47.056 17.920
    endloop
  endfacet
  facet normal 0.000000 0.634393 -0.773010
    outer loop
      vertex -100.000 47.344 18.156
      vertex -62.000 47.056 17.920
      vertex -100.000 47.056 17.920
    endloop
  endfacet
  facet normal -1.000000 0.000000 0.000000
    outer loop
      vertex -100.000 49.394 16.106
      vertex -100.000 48.667 15.509
      vertex -100.000 47.056 17.920
    endloop
  endfacet
  facet normal -1.000000 0.000000 0.000000
    outer loop
      vertex -100.000 49.394 16.106
      vertex -100.000 47.056 17.920
      vertex -100.000 47.344 18.156
    endloop
  endfacet
  facet normal 1.000000 0.000000 0.000000
    outer loop
      vertex -62.000 48.667 15.509
      vertex -62.000 49.394 16.106
      vertex -62.000 47.344 18.156
    endloop
  endfacet
  facet normal 1.000000 0.000000 0.000000
    outer loop
      vertex -62.000 48.667 15.509
      vertex -62.000 47.344 18.156
      vertex -62.000 47.056 17.920
    endloop
  endfacet
  facet normal 0.000000 -0.773010 0.634393
    outer loop
      vertex -100.000 49.394 16.106
      vertex -62.000 49.394 16.106
      vertex -62.000 49.991 16.833
    endloop
  endfacet
  facet normal 0.000000 -0.773010 0.634393
    outer loop
      vertex -100.000 49.394 16.106
      vertex -62.000 49.991 16.833
      vertex -100.000 49.991 16.833
    endloop
  endfacet
  facet normal 0.000000 0.773010 -0.634393
    outer loop
      vertex -100.000 47.580 18.444
      vertex -62.000 47.580 18.444
      vertex -62.000 47.344 18.156
    endloop
  endfacet
  facet normal 0.000000 0.773010 -0.634393
    outer loop
      vertex -100.000 47.580 18.444
      vertex -62.000 47.344 18.156
      vertex -100.000 47.344 18.156
    endloop
  endfacet
  facet normal -1.000000 0.000000 0.000000
    outer loop
      vertex -100.000 49.991 16.833
      vertex -100.000 49.394 16.106
      vertex -100.000 47.344 18.156
    endloop
  endfacet
  facet normal -1.000000 0.000000 0.000000
    outer loop
      vertex -100.000 49.991 16.833
      vertex -100.000 47.344 18.156
      vertex -100.000 47.580 18.444
    endloop
  endfacet
  facet normal 1.000000 0.000000 0.000000
    outer loop
      vertex -62.000 49.394 16.106
      vertex -62.000 49.991 16.833
      vertex -62.000 47.580 18.444
    endloop
  endfacet
  facet normal 1.000000 0.000000 0.000000
    outer loop
      vertex -62.000 49.394 16.106
      vertex -62.000 47.580 18.444
      vertex -62.000 47.344 18.156
    endloop
  endfacet
  facet normal 0.000000 -0.881921 0.471397
    outer loop
      vertex -100.000 49.991 16.833
      vertex -62.000 49.991 16.833
      vertex -62.000 50.435 17.663
    endloop
  endfacet
  facet normal 0.000000 -0.881921 0.471397
    outer loop
      vertex -100.000 49.991 16.833
      vertex -62.000 50.435 17.663
      vertex -100.000 50.435 17.663
    endloop
  endfacet
  facet normal 0.000000 0.881921 -0.471397
    outer loop
      vertex -100.000 47.755 18.773
      vertex -62.000 47.755 18.773
      vertex -62.000 47.580 18.444
    endloop
  endfacet
  facet normal 0.000000 0.881921 -0.471397
    outer loop
      vertex -100.000 47.755 18.773
      vertex -62.000 47.580 18.444
      vertex -100.000 47.580 18.444
    endloop
  endfacet
  facet normal -1.000000 0.000000 0.000000
    outer loop
      vertex -100.000 50.435 17.663
      vertex -100.000 49.991 16.833
      vertex -100.000 47.580 18.444
    endloop
  endfacet
  facet normal -1.000000 0.000000 0.000000
    outer loop
      vertex -100.000 50.435 17.663
      vertex -100.000 47.580 18.444
      vertex -100.000 47.755 18.773
    endloop
  endfacet
  facet normal 1.000000 0.000000 0.000000
    outer loop
      vertex -62.000 49.991 16.833
      vertex -62.000 50.435 17.663
      vertex -62.000 47.755 18.773
    endloop
  endfacet
  facet normal 1.000000 0.000000 0.000000
    outer loop
      vertex -62.000 49.991 16.833
      vertex -62.000 47.755 18.773
      vertex -62.000 47.580 18.444
    endloop
  endfacet
  facet normal 0.000000 -0.956940 0.290285
    outer loop
      vertex -100.000 50.435 17.663
      vertex -62.000 50.435 17.663
      vertex -62.000 50.708 18.564
    endloop
  endfacet
  facet normal 0.000000 -0.956940 0.290285
    outer loop
      vertex -100.000 50.435 17.663
      vertex -62.000 50.708 18.564
      vertex -100.000 50.708 18.564
    endloop
  endfacet
  facet normal 0.000000 0.956940 -0.290285
    outer loop
      vertex -100.000 47.863 19.129
      vertex -62.000 47.863 19.129
      vertex -62.000 47.755 18.773
    endloop
  endfacet
  facet normal 0.000000 0.956940 -0.290285
    outer loop
      vertex -100.000 47.863 19.129
      vertex -62.000 47.755 18.773
      vertex -100.000 47.755 18.773
    endloop
  endfacet
  facet normal -1.000000 0.000000 0.000000
    outer loop
      vertex -100.000 50.708 18.564
      vertex -100.000 50.435 17.663
      vertex -100.000 47.755 18.773
    endloop
  endfacet
  facet normal -1.000000 0.000000 0.000000
    outer loop
      vertex -100.000 50.708 18.564
      vertex -100.000 47.755 18.773
      vertex -100.000 47.863 19.129
    endloop
  endfacet
  facet normal 1.000000 0.000000 0.000000
    outer loop
      vertex -62.000 50.435 17.663
      vertex -62.000 50.708 18.564
      vertex -62.000 47.863 19.129
    endloop
  endfacet
  facet normal 1.000000 0.000000 0.000000
    outer loop
      vertex -62.000 50.435 17.663
      vertex -62.000 47.863 19.129
      vertex -62.000 47.755 18.773
    endloop
  endfacet
  facet normal 0.000000 -0.995185 0.098017
    outer loop
      vertex -100.000 50.708 18.564
      vertex -62.000 50.708 18.564
      vertex -62.000 50.800 19.500
    endloop
  endfacet
  facet normal 0.000000 -0.995185 0.098017
    outer loop
      vertex -100.000 50.708 18.564
      vertex -62.000 50.800 19.500
      vertex -100.000 50.800 19.500
    endloop
  endfacet
  facet normal 0.000000 0.995185 -0.098017
    outer loop
      vertex -100.000 47.900 19.500
      vertex -62.000 47.900 19.500
      vertex -62.000 47.863 19.129
    endloop
  endfacet
  facet normal 0.000000 0.995185 -0.098017
    outer loop
      vertex -100.000 47.900 19.500
      vertex -62.000 47.863 19.129
      vertex -100.000 47.863 19.129
    endloop
  endfacet
  facet normal -1.000000 0.000000 0.000000
    outer loop
      vertex -100.000 50.800 19.500
      vertex -100.000 50.708 18.564
      vertex -100.000 47.863 19.129
    endloop
  endfacet
  facet normal -1.000000 0.000000 0.000000
    outer loop
      vertex -100.000 50.800 19.500
      vertex -100.000 47.863 19.129
      vertex -100.000 47.900 19.500
    endloop
  endfacet
  facet normal 1.000000 0.000000 0.000000
    outer loop
      vertex -62.000 50.708 18.564
      vertex -62.000 50.800 19.500
      vertex -62.000 47.900 19.500
    endloop
  endfacet
  facet normal 1.000000 0.000000 0.000000
    outer loop
      vertex -62.000 50.708 18.564
      vertex -62.000 47.900 19.500
      vertex -62.000 47.863 19.129
    endloop
  endfacet
  facet normal 0.000000 -0.995185 -0.098017
    outer loop
      vertex 62.000 50.800 19.500
      vertex 100.000 50.800 19.500
      vertex 100.000 50.708 20.436
    endloop
  endfacet
  facet normal 0.000000 -0.995185 -0.098017
    outer loop
      vertex 62.000 50.800 19.500
      vertex 100.000 50.708 20.436
      vertex 62.000 50.708 20.436
    endloop
  endfacet
  facet normal 0.000000 0.995185 0.098017
    outer loop
      vertex 62.000 47.863 19.871
      vertex 100.000 47.863 19.871
      vertex 100.000 47.900 19.500
    endloop
  endfacet
  facet normal 0.000000 0.995185 0.098017
    outer loop
      vertex 62.000 47.863 19.871
      vertex 100.000 47.900 19.500
      vertex 62.000 47.900 19.500
    endloop
  endfacet
  facet normal -1.000000 0.000000 0.000000
    outer loop
      vertex 62.000 50.708 20.436
      vertex 62.000 50.800 19.500
      vertex 62.000 47.900 19.500
    endloop
  endfacet
  facet normal -1.000000 0.000000 0.000000
    outer loop
      vertex 62.000 50.708 20.436
      vertex 62.000 47.900 19.500
      vertex 62.000 47.863 19.871
    endloop
  endfacet
  facet normal 1.000000 0.000000 0.000000
    outer loop
      vertex 100.000 50.800 19.500
      vertex 100.000 50.708 20.436
      vertex 100.000 47.863 19.871
    endloop
  endfacet
  facet normal 1.000000 0.000000 0.000000
    outer loop
      vertex 100.000 50.800 19.500
      vertex 100.000 47.863 19.871
      vertex 100.000 47.900 19.500
    endloop
  endfacet
  facet normal 0.000000 -0.956940 -0.290285
    outer loop
      vertex 62.000 50.708 20.436
      vertex 100.000 50.708 20.436
      vertex 100.000 50.435 21.337
    endloop
  endfacet
  facet normal 0.000000 -0.956940 -0.290285
    outer loop
      vertex 62.000 50.708 20.436
      vertex 100.000 50.435 21.337
      vertex 62.000 50.435 21.337
    endloop
  endfacet
  facet normal 0.000000 0.956940 0.290285
    outer loop
      vertex 62.000 47.755 20.227
      vertex 100.000 47.755 20.227
      vertex 100.000 47.863 19.871
    endloop
  endfacet
  facet normal 0.000000 0.956940 0.290285
    outer loop
      vertex 62.000 47.755 20.227
      vertex 100.000 47.863 19.871
      vertex 62.000 47.863 19.871
    endloop
  endfacet
  facet normal -1.000000 0.000000 0.000000
    outer loop
      vertex 62.000 50.435 21.337
      vertex 62.000 50.708 20.436
      vertex 62.000 47.863 19.871
    endloop
  endfacet
  facet normal -1.000000 0.000000 0.000000
    outer loop
      vertex 62.000 50.435 21.337
      vertex 62.000 47.863 19.871
      vertex 62.000 47.755 20.227
    endloop
  endfacet
  facet normal 1.000000 0.000000 0.000000
    outer loop
      vertex 100.000 50.708 20.436
      vertex 100.000 50.435 21.337
      vertex 100.000 47.755 20.227
    endloop
  endfacet
  facet normal 1.000000 0.000000 0.000000
    outer loop
      vertex 100.000 50.708 20.436
      vertex 100.000 47.755 20.227
      vertex 100.000 47.863 19.871
    endloop
  endfacet
  facet normal 0.000000 -0.881921 -0.471397
    outer loop
      vertex 62.000 50.435 21.337
      vertex 100.000 50.435 21.337
      vertex 100.000 49.991 22.167
    endloop
  endfacet
  facet normal 0.000000 -0.881921 -0.471397
    outer loop
      vertex 62.000 50.435 21.337
      vertex 100.000 49.991 22.167
      vertex 62.000 49.991 22.167
    endloop
  endfacet
  facet normal 0.000000 0.881921 0.471397
    outer loop
      vertex 62.000 47.580 20.556
      vertex 100.000 47.580 20.556
      vertex 100.000 47.755 20.227
    endloop
  endfacet
  facet normal 0.000000 0.881921 0.471397
    outer loop
      vertex 62.000 47.580 20.556
      vertex 100.000 47.755 20.227
      vertex 62.000 47.755 20.227
    endloop
  endfacet
  facet normal -1.000000 0.000000 0.000000
    outer loop
      vertex 62.000 49.991 22.167
      vertex 62.000 50.435 21.337
      vertex 62.000 47.755 20.227
    endloop
  endfacet
  facet normal -1.000000 0.000000 0.000000
    outer loop
      vertex 62.000 49.991 22.167
      vertex 62.000 47.755 20.227
      vertex 62.000 47.580 20.556
    endloop
  endfacet
  facet normal 1.000000 0.000000 0.000000
    outer loop
      vertex 100.000 50.435 21.337
      vertex 100.000 49.991 22.167
      vertex 100.000 47.580 20.556
    endloop
  endfacet
  facet normal 1.000000 0.000000 0.000000
    outer loop
      vertex 100.000 50.435 21.337
      vertex 100.000 47.580 20.556
      vertex 100.000 47.755 20.227
    endloop
  endfacet
  facet normal 0.000000 -0.773010 -0.634393
    outer loop
      vertex 62.000 49.991 22.167
      vertex 100.000 49.991 22.167
      vertex 100.000 49.394 22.894
    endloop
  endfacet
  facet normal 0.000000 -0.773010 -0.634393
    outer loop
      vertex 62.000 49.991 22.167
      vertex 100.000 49.394 22.894
      vertex 62.000 49.394 22.894
    endloop
  endfacet
  facet normal 0.000000 0.773010 0.634393
    outer loop
      vertex 62.000 47.344 20.844
      vertex 100.000 47.344 20.844
      vertex 100.000 47.580 20.556
    endloop
  endfacet
  facet normal 0.000000 0.773010 0.634393
    outer loop
      vertex 62.000 47.344 20.844
      vertex 100.000 47.580 20.556
      vertex 62.000 47.580 20.556
    endloop
  endfacet
  facet normal -1.000000 0.000000 0.000000
    outer loop
      vertex 62.000 49.394 22.894
      vertex 62.000 49.991 22.167
      vertex 62.000 47.580 20.556
    endloop
  endfacet
  facet normal -1.000000 0.000000 0.000000
    outer loop
      vertex 62.000 49.394 22.894
      vertex 62.000 47.580 20.556
      vertex 62.000 47.344 20.844
    endloop
  endfacet
  facet normal 1.000000 0.000000 0.000000
    outer loop
      vertex 100.000 49.991 22.167
      vertex 100.000 49.394 22.894
      vertex 100.000 47.344 20.844
    endloop
  endfacet
  facet normal 1.000000 0.000000 0.000000
    outer loop
      vertex 100.000 49.991 22.167
      vertex 100.000 47.344 20.844
      vertex 100.000 47.580 20.556
    endloop
  endfacet
  facet normal 0.000000 -0.634393 -0.773010
    outer loop
      vertex 62.000 49.394 22.894
      vertex 100.000 49.394 22.894
      vertex 100.000 48.667 23.491
    endloop
  endfacet
  facet normal 0.000000 -0.634393 -0.773010
    outer loop
      vertex 62.000 49.394 22.894
      vertex 100.000 48.667 23.491
      vertex 62.000 48.667 23.491
    endloop
  endfacet
  facet normal 0.000000 0.634393 0.773010
    outer loop
      vertex 62.000 47.056 21.080
      vertex 100.000 47.056 21.080
      vertex 100.000 47.344 20.844
    endloop
  endfacet
  facet normal 0.000000 0.634393 0.773010
    outer loop
      vertex 62.000 47.056 21.080
      vertex 100.000 47.344 20.844
      vertex 62.000 47.344 20.844
    endloop
  endfacet
  facet normal -1.000000 0.000000 0.000000
    outer loop
      vertex 62.000 48.667 23.491
      vertex 62.000 49.394 22.894
      vertex 62.000 47.344 20.844
    endloop
  endfacet
  facet normal -1.000000 0.000000 0.000000
    outer loop
      vertex 62.000 48.667 23.491
      vertex 62.000 47.344 20.844
      vertex 62.000 47.056 21.080
    endloop
  endfacet
  facet normal 1.000000 0.000000 0.000000
    outer loop
      vertex 100.000 49.394 22.894
      vertex 100.000 48.667 23.491
      vertex 100.000 47.056 21.080
    endloop
  endfacet
  facet normal 1.000000 0.000000 0.000000
    outer loop
      vertex 100.000 49.394 22.894
      vertex 100.000 47.056 21.080
      vertex 100.000 47.344 20.844
    endloop
  endfacet
  facet normal 0.000000 -0.471397 -0.881921
    outer loop
      vertex 62.000 48.667 23.491
      vertex 100.000 48.667 23.491
      vertex 100.000 47.837 23.935
    endloop
  endfacet
  facet normal 0.000000 -0.471397 -0.881921
    outer loop
      vertex 62.000 48.667 23.491
      vertex 100.000 47.837 23.935
      vertex 62.000 47.837 23.935
    endloop
  endfacet
  facet normal 0.000000 0.471397 0.881921
    outer loop
      vertex 62.000 46.727 21.255
      vertex 100.000 46.727 21.255
      vertex 100.000 47.056 21.080
    endloop
  endfacet
  facet normal 0.000000 0.471397 0.881921
    outer loop
      vertex 62.000 46.727 21.255
      vertex 100.000 47.056 21.080
      vertex 62.000 47.056 21.080
    endloop
  endfacet
  facet normal -1.000000 0.000000 0.000000
    outer loop
      vertex 62.000 47.837 23.935
      vertex 62.000 48.667 23.491
      vertex 62.000 47.056 21.080
    endloop
  endfacet
  facet normal -1.000000 0.000000 0.000000
    outer loop
      vertex 62.000 47.837 23.935
      vertex 62.000 47.056 21.080
      vertex 62.000 46.727 21.255
    endloop
  endfacet
  facet normal 1.000000 0.000000 0.000000
    outer loop
      vertex 100.000 48.667 23.491
      vertex 100.000 47.837 23.935
      vertex 100.000 46.727 21.255
    endloop
  endfacet
  facet normal 1.000000 0.000000 0.000000
    outer loop
      vertex 100.000 48.667 23.491
      vertex 100.000 46.727 21.255
      vertex 100.000 47.056 21.080
    endloop
  endfacet
  facet normal 0.000000 -0.290285 -0.956940
    outer loop
      vertex 62.000 47.837 23.935
      vertex 100.000 47.837 23.935
      vertex 100.000 46.936 24.208
    endloop
  endfacet
  facet normal 0.000000 -0.290285 -0.956940
    outer loop
      vertex 62.000 47.837 23.935
      vertex 100.000 46.936 24.208
      vertex 62.000 46.936 24.208
    endloop
  endfacet
  facet normal 0.000000 0.290285 0.956940
    outer loop
      vertex 62.000 46.371 21.363
      vertex 100.000 46.371 21.363
      vertex 100.000 46.727 21.255
    endloop
  endfacet
  facet normal 0.000000 0.290285 0.956940
    outer loop
      vertex 62.000 46.371 21.363
      vertex 100.000 46.727 21.255
      vertex 62.000 46.727 21.255
    endloop
  endfacet
  facet normal -1.000000 0.000000 0.000000
    outer loop
      vertex 62.000 46.936 24.208
      vertex 62.000 47.837 23.935
      vertex 62.000 46.727 21.255
    endloop
  endfacet
  facet normal -1.000000 0.000000 0.000000
    outer loop
      vertex 62.000 46.936 24.208
      vertex 62.000 46.727 21.255
      vertex 62.000 46.371 21.363
    endloop
  endfacet
  facet normal 1.000000 0.000000 0.000000
    outer loop
      vertex 100.000 47.837 23.935
      vertex 100.000 46.936 24.208
      vertex 100.000 46.371 21.363
    endloop
  endfacet
  facet normal 1.000000 0.000000 0.000000
    outer loop
      vertex 100.000 47.837 23.935
      vertex 100.000 46.371 21.363
      vertex 100.000 46.727 21.255
    endloop
  endfacet
  facet normal 0.000000 -0.098017 -0.995185
    outer loop
      vertex 62.000 46.936 24.208
      vertex 100.000 46.936 24.208
      vertex 100.000 46.000 24.300
    endloop
  endfacet
  facet normal 0.000000 -0.098017 -0.995185
    outer loop
      vertex 62.000 46.936 24.208
      vertex 100.000 46.000 24.300
      vertex 62.000 46.000 24.300
    endloop
  endfacet
  facet normal 0.000000 0.098017 0.995185
    outer loop
      vertex 62.000 46.000 21.400
      vertex 100.000 46.000 21.400
      vertex 100.000 46.371 21.363
    endloop
  endfacet
  facet normal 0.000000 0.098017 0.995185
    outer loop
      vertex 62.000 46.000 21.400
      vertex 100.000 46.371 21.363
      vertex 62.000 46.371 21.363
    endloop
  endfacet
  facet normal -1.000000 0.000000 0.000000
    outer loop
      vertex 62.000 46.000 24.300
      vertex 62.000 46.936 24.208
      vertex 62.000 46.371 21.363
    endloop
  endfacet
  facet normal -1.000000 0.000000 0.000000
    outer loop
      vertex 62.000 46.000 24.300
      vertex 62.000 46.371 21.363
      vertex 62.000 46.000 21.400
    endloop
  endfacet
  facet normal 1.000000 0.000000 0.000000
    outer loop
      vertex 100.000 46.936 24.208
      vertex 100.000 46.000 24.300
      vertex 100.000 46.000 21.400
    endloop
  endfacet
  facet normal 1.000000 0.000000 0.000000
    outer loop
      vertex 100.000 46.936 24.208
      vertex 100.000 46.000 21.400
      vertex 100.000 46.371 21.363
    endloop
  endfacet
  facet normal 0.000000 0.098017 -0.995185
    outer loop
      vertex 62.000 46.000 24.300
      vertex 100.000 46.000 24.300
      vertex 100.000 45.064 24.208
    endloop
  endfacet
  facet normal 0.000000 0.098017 -0.995185
    outer loop
      vertex 62.000 46.000 24.300
      vertex 100.000 45.064 24.208
      vertex 62.000 45.064 24.208
    endloop
  endfacet
  facet normal 0.000000 -0.098017 0.995185
    outer loop
      vertex 62.000 45.629 21.363
      vertex 100.000 45.629 21.363
      vertex 100.000 46.000 21.400
    endloop
  endfacet
  facet normal 0.000000 -0.098017 0.995185
    outer loop
      vertex 62.000 45.629 21.363
      vertex 100.000 46.000 21.400
      vertex 62.000 46.000 21.400
    endloop
  endfacet
  facet normal -1.000000 0.000000 0.000000
    outer loop
      vertex 62.000 45.064 24.208
      vertex 62.000 46.000 24.300
      vertex 62.000 46.000 21.400
    endloop
  endfacet
  facet normal -1.000000 0.000000 0.000000
    outer loop
      vertex 62.000 45.064 24.208
      vertex 62.000 46.000 21.400
      vertex 62.000 45.629 21.363
    endloop
  endfacet
  facet normal 1.000000 0.000000 0.000000
    outer loop
      vertex 100.000 46.000 24.300
      vertex 100.000 45.064 24.208
      vertex 100.000 45.629 21.363
    endloop
  endfacet
  facet normal 1.000000 0.000000 0.000000
    outer loop
      vertex 100.000 46.000 24.300
      vertex 100.000 45.629 21.363
      vertex 100.000 46.000 21.400
    endloop
  endfacet
  facet normal 0.000000 0.290285 -0.956940
    outer loop
      vertex 62.000 45.064 24.208
      vertex 100.000 45.064 24.208
      vertex 100.000 44.163 23.935
    endloop
  endfacet
  facet normal 0.000000 0.290285 -0.956940
    outer loop
      vertex 62.000 45.064 24.208
      vertex 100.000 44.163 23.935
      vertex 62.000 44.163 23.935
    endloop
  endfacet
  facet normal 0.000000 -0.290285 0.956940
    outer loop
      vertex 62.000 45.273 21.255
      vertex 100.000 45.273 21.255
      vertex 100.000 45.629 21.363
    endloop
  endfacet
  facet normal 0.000000 -0.290285 0.956940
    outer loop
      vertex 62.000 45.273 21.255
      vertex 100.000 45.629 21.363
      vertex 62.000 45.629 21.363
    endloop
  endfacet
  facet normal -1.000000 0.000000 0.000000
    outer loop
      vertex 62.000 44.163 23.935
      vertex 62.000 45.064 24.208
      vertex 62.000 45.629 21.363
    endloop
  endfacet
  facet normal -1.000000 0.000000 0.000000
    outer loop
      vertex 62.000 44.163 23.935
      vertex 62.000 45.629 21.363
      vertex 62.000 45.273 21.255
    endloop
  endfacet
  facet normal 1.000000 0.000000 0.000000
    outer loop
      vertex 100.000 45.064 24.208
      vertex 100.000 44.163 23.935
      vertex 100.000 45.273 21.255
    endloop
  endfacet
  facet normal 1.000000 0.000000 0.000000
    outer loop
      vertex 100.000 45.064 24.208
      vertex 100.000 45.273 21.255
      vertex 100.000 45.629 21.363
    endloop
  endfacet
  facet normal 0.000000 0.471397 -0.881921
    outer loop
      vertex 62.000 44.163 23.935
      vertex 100.000 44.163 23.935
      vertex 100.000 43.333 23.491
    endloop
  endfacet
  facet normal 0.000000 0.471397 -0.881921
    outer loop
      vertex 62.000 44.163 23.935
      vertex 100.000 43.333 23.491
      vertex 62.000 43.333 23.491
    endloop
  endfacet
  facet normal 0.000000 -0.471397 0.881921
    outer loop
      vertex 62.000 44.944 21.080
      vertex 100.000 44.944 21.080
      vertex 100.000 45.273 21.255
    endloop
  endfacet
  facet normal 0.000000 -0.471397 0.881921
    outer loop
      vertex 62.000 44.944 21.080
      vertex 100.000 45.273 21.255
      vertex 62.000 45.273 21.255
    endloop
  endfacet
  facet normal -1.000000 0.000000 0.000000
    outer loop
      vertex 62.000 43.333 23.491
      vertex 62.000 44.163 23.935
      vertex 62.000 45.273 21.255
    endloop
  endfacet
  facet normal -1.000000 0.000000 0.000000
    outer loop
      vertex 62.000 43.333 23.491
      vertex 62.000 45.273 21.255
      vertex 62.000 44.944 21.080
    endloop
  endfacet
  facet normal 1.000000 0.000000 0.000000
    outer loop
      vertex 100.000 44.163 23.935
      vertex 100.000 43.333 23.491
      vertex 100.000 44.944 21.080
    endloop
  endfacet
  facet normal 1.000000 0.000000 0.000000
    outer loop
      vertex 100.000 44.163 23.935
      vertex 100.000 44.944 21.080
      vertex 100.000 45.273 21.255
    endloop
  endfacet
  facet normal 0.000000 0.634393 -0.773010
    outer loop
      vertex 62.000 43.333 23.491
      vertex 100.000 43.333 23.491
      vertex 100.000 42.606 22.894
    endloop
  endfacet
  facet normal 0.000000 0.634393 -0.773010
    outer loop
      vertex 62.000 43.333 23.491
      vertex 100.000 42.606 22.894
      vertex 62.000 42.606 22.894
    endloop
  endfacet
  facet normal 0.000000 -0.634393 0.773010
    outer loop
      vertex 62.000 44.656 20.844
      vertex 100.000 44.656 20.844
      vertex 100.000 44.944 21.080
    endloop
  endfacet
  facet normal 0.000000 -0.634393 0.773010
    outer loop
      vertex 62.000 44.656 20.844
      vertex 100.000 44.944 21.080
      vertex 62.000 44.944 21.080
    endloop
  endfacet
  facet normal -1.000000 0.000000 0.000000
    outer loop
      vertex 62.000 42.606 22.894
      vertex 62.000 43.333 23.491
      vertex 62.000 44.944 21.080
    endloop
  endfacet
  facet normal -1.000000 0.000000 0.000000
    outer loop
      vertex 62.000 42.606 22.894
      vertex 62.000 44.944 21.080
      vertex 62.000 44.656 20.844
    endloop
  endfacet
  facet normal 1.000000 0.000000 0.000000
    outer loop
      vertex 100.000 43.333 23.491
      vertex 100.000 42.606 22.894
      vertex 100.000 44.656 20.844
    endloop
  endfacet
  facet normal 1.000000 0.000000 0.000000
    outer loop
      vertex 100.000 43.333 23.491
      vertex 100.000 44.656 20.844
      vertex 100.000 44.944 21.080
    endloop
  endfacet
  facet normal 0.000000 0.773010 -0.634393
    outer loop
      vertex 62.000 42.606 22.894
      vertex 100.000 42.606 22.894
      vertex 100.000 42.009 22.167
    endloop
  endfacet
  facet normal 0.000000 0.773010 -0.634393
    outer loop
      vertex 62.000 42.606 22.894
      vertex 100.000 42.009 22.167
      vertex 62.000 42.009 22.167
    endloop
  endfacet
  facet normal 0.000000 -0.773010 0.634393
    outer loop
      vertex 62.000 44.420 20.556
      vertex 100.000 44.420 20.556
      vertex 100.000 44.656 20.844
    endloop
  endfacet
  facet normal 0.000000 -0.773010 0.634393
    outer loop
      vertex 62.000 44.420 20.556
      vertex 100.000 44.656 20.844
      vertex 62.000 44.656 20.844
    endloop
  endfacet
  facet normal -1.000000 0.000000 0.000000
    outer loop
      vertex 62.000 42.009 22.167
      vertex 62.000 42.606 22.894
      vertex 62.000 44.656 20.844
    endloop
  endfacet
  facet normal -1.000000 0.000000 0.000000
    outer loop
      vertex 62.000 42.009 22.167
      vertex 62.000 44.656 20.844
      vertex 62.000 44.420 20.556
    endloop
  endfacet
  facet normal 1.000000 0.000000 0.000000
    outer loop
      vertex 100.000 42.606 22.894
      vertex 100.000 42.009 22.167
      vertex 100.000 44.420 20.556
    endloop
  endfacet
  facet normal 1.000000 0.000000 0.000000
    outer loop
      vertex 100.000 42.606 22.894
      vertex 100.000 44.420 20.556
      vertex 100.000 44.656 20.844
    endloop
  endfacet
  facet normal 0.000000 0.881921 -0.471397
    outer loop
      vertex 62.000 42.009 22.167
      vertex 100.000 42.009 22.167
      vertex 100.000 41.565 21.337
    endloop
  endfacet
  facet normal 0.000000 0.881921 -0.471397
    outer loop
      vertex 62.000 42.009 22.167
      vertex 100.000 41.565 21.337
      vertex 62.000 41.565 21.337
    endloop
  endfacet
  facet normal 0.000000 -0.881921 0.471397
    outer loop
      vertex 62.000 44.245 20.227
      vertex 100.000 44.245 20.227
      vertex 100.000 44.420 20.556
    endloop
  endfacet
  facet normal 0.000000 -0.881921 0.471397
    outer loop
      vertex 62.000 44.245 20.227
      vertex 100.000 44.420 20.556
      vertex 62.000 44.420 20.556
    endloop
  endfacet
  facet normal -1.000000 0.000000 0.000000
    outer loop
      vertex 62.000 41.565 21.337
      vertex 62.000 42.009 22.167
      vertex 62.000 44.420 20.556
    endloop
  endfacet
  facet normal -1.000000 0.000000 0.000000
    outer loop
      vertex 62.000 41.565 21.337
      vertex 62.000 44.420 20.556
      vertex 62.000 44.245 20.227
    endloop
  endfacet
  facet normal 1.000000 0.000000 0.000000
    outer loop
      vertex 100.000 42.009 22.167
      vertex 100.000 41.565 21.337
      vertex 100.000 44.245 20.227
    endloop
  endfacet
  facet normal 1.000000 0.000000 0.000000
    outer loop
      vertex 100.000 42.009 22.167
      vertex 100.000 44.245 20.227
      vertex 100.000 44.420 20.556
    endloop
  endfacet
  facet normal 0.000000 0.956940 -0.290285
    outer loop
      vertex 62.000 41.565 21.337
      vertex 100.000 41.565 21.337
      vertex 100.000 41.292 20.436
    endloop
  endfacet
  facet normal 0.000000 0.956940 -0.290285
    outer loop
      vertex 62.000 41.565 21.337
      vertex 100.000 41.292 20.436
      vertex 62.000 41.292 20.436
    endloop
  endfacet
  facet normal 0.000000 -0.956940 0.290285
    outer loop
      vertex 62.000 44.137 19.871
      vertex 100.000 44.137 19.871
      vertex 100.000 44.245 20.227
    endloop
  endfacet
  facet normal 0.000000 -0.956940 0.290285
    outer loop
      vertex 62.000 44.137 19.871
      vertex 100.000 44.245 20.227
      vertex 62.000 44.245 20.227
    endloop
  endfacet
  facet normal -1.000000 0.000000 0.000000
    outer loop
      vertex 62.000 41.292 20.436
      vertex 62.000 41.565 21.337
      vertex 62.000 44.245 20.227
    endloop
  endfacet
  facet normal -1.000000 0.000000 0.000000
    outer loop
      vertex 62.000 41.292 20.436
      vertex 62.000 44.245 20.227
      vertex 62.000 44.137 19.871
    endloop
  endfacet
  facet normal 1.000000 0.000000 0.000000
    outer loop
      vertex 100.000 41.565 21.337
      vertex 100.000 41.292 20.436
      vertex 100.000 44.137 19.871
    endloop
  endfacet
  facet normal 1.000000 0.000000 0.000000
    outer loop
      vertex 100.000 41.565 21.337
      vertex 100.000 44.137 19.871
      vertex 100.000 44.245 20.227
    endloop
  endfacet
  facet normal 0.000000 0.995185 -0.098017
    outer loop
      vertex 62.000 41.292 20.436
      vertex 100.000 41.292 20.436
      vertex 100.000 41.200 19.500
    endloop
  endfacet
  facet normal 0.000000 0.995185 -0.098017
    outer loop
      vertex 62.000 41.292 20.436
      vertex 100.000 41.200 19.500
      vertex 62.000 41.200 19.500
    endloop
  endfacet
  facet normal 0.000000 -0.995185 0.098017
    outer loop
      vertex 62.000 44.100 19.500
      vertex 100.000 44.100 19.500
      vertex 100.000 44.137 19.871
    endloop
  endfacet
  facet normal 0.000000 -0.995185 0.098017
    outer loop
      vertex 62.000 44.100 19.500
      vertex 100.000 44.137 19.871
      vertex 62.000 44.137 19.871
    endloop
  endfacet
  facet normal -1.000000 0.000000 0.000000
    outer loop
      vertex 62.000 41.200 19.500
      vertex 62.000 41.292 20.436
      vertex 62.000 44.137 19.871
    endloop
  endfacet
  facet normal -1.000000 0.000000 0.000000
    outer loop
      vertex 62.000 41.200 19.500
      vertex 62.000 44.137 19.871
      vertex 62.000 44.100 19.500
    endloop
  endfacet
  facet normal 1.000000 0.000000 0.000000
    outer loop
      vertex 100.000 41.292 20.436
      vertex 100.000 41.200 19.500
      vertex 100.000 44.100 19.500
    endloop
  endfacet
  facet normal 1.000000 0.000000 0.000000
    outer loop
      vertex 100.000 41.292 20.436
      vertex 100.000 44.100 19.500
      vertex 100.000 44.137 19.871
    endloop
  endfacet
  facet normal 0.000000 0.995185 0.098017
    outer loop
      vertex 62.000 41.200 19.500
      vertex 100.000 41.200 19.500
      vertex 100.000 41.292 18.564
    endloop
  endfacet
  facet normal 0.000000 0.995185 0.098017
    outer loop
      vertex 62.000 41.200 19.500
      vertex 100.000 41.292 18.564
      vertex 62.000 41.292 18.564
    endloop
  endfacet
  facet normal 0.000000 -0.995185 -0.098017
    outer loop
      vertex 62.000 44.137 19.129
      vertex 100.000 44.137 19.129
      vertex 100.000 44.100 19.500
    endloop
  endfacet
  facet normal 0.000000 -0.995185 -0.098017
    outer loop
      vertex 62.000 44.137 19.129
      vertex 100.000 44.100 19.500
      vertex 62.000 44.100 19.500
    endloop
  endfacet
  facet normal -1.000000 0.000000 0.000000
    outer loop
      vertex 62.000 41.292 18.564
      vertex 62.000 41.200 19.500
      vertex 62.000 44.100 19.500
    endloop
  endfacet
  facet normal -1.000000 0.000000 0.000000
    outer loop
      vertex 62.000 41.292 18.564
      vertex 62.000 44.100 19.500
      vertex 62.000 44.137 19.129
    endloop
  endfacet
  facet normal 1.000000 0.000000 0.000000
    outer loop
      vertex 100.000 41.200 19.500
      vertex 100.000 41.292 18.564
      vertex 100.000 44.137 19.129
    endloop
  endfacet
  facet normal 1.000000 0.000000 0.000000
    outer loop
      vertex 100.000 41.200 19.500
      vertex 100.000 44.137 19.129
      vertex 100.000 44.100 19.500
    endloop
  endfacet
  facet normal 0.000000 0.956940 0.290285
    outer loop
      vertex 62.000 41.292 18.564
      vertex 100.000 41.292 18.564
      vertex 100.000 41.565 17.663
    endloop
  endfacet
  facet normal 0.000000 0.956940 0.290285
    outer loop
      vertex 62.000 41.292 18.564
      vertex 100.000 41.565 17.663
      vertex 62.000 41.565 17.663
    endloop
  endfacet
  facet normal 0.000000 -0.956940 -0.290285
    outer loop
      vertex 62.000 44.245 18.773
      vertex 100.000 44.245 18.773
      vertex 100.000 44.137 19.129
    endloop
  endfacet
  facet normal 0.000000 -0.956940 -0.290285
    outer loop
      vertex 62.000 44.245 18.773
      vertex 100.000 44.137 19.129
      vertex 62.000 44.137 19.129
    endloop
  endfacet
  facet normal -1.000000 0.000000 0.000000
    outer loop
      vertex 62.000 41.565 17.663
      vertex 62.000 41.292 18.564
      vertex 62.000 44.137 19.129
    endloop
  endfacet
  facet normal -1.000000 0.000000 0.000000
    outer loop
      vertex 62.000 41.565 17.663
      vertex 62.000 44.137 19.129
      vertex 62.000 44.245 18.773
    endloop
  endfacet
  facet normal 1.000000 0.000000 0.000000
    outer loop
      vertex 100.000 41.292 18.564
      vertex 100.000 41.565 17.663
      vertex 100.000 44.245 18.773
    endloop
  endfacet
  facet normal 1.000000 0.000000 0.000000
    outer loop
      vertex 100.000 41.292 18.564
      vertex 100.000 44.245 18.773
      vertex 100.000 44.137 19.129
    endloop
  endfacet
  facet normal 0.000000 0.881921 0.471397
    outer loop
      vertex 62.000 41.565 17.663
      vertex 100.000 41.565 17.663
      vertex 100.000 42.009 16.833
    endloop
  endfacet
  facet normal 0.000000 0.881921 0.471397
    outer loop
      vertex 62.000 41.565 17.663
      vertex 100.000 42.009 16.833
      vertex 62.000 42.009 16.833
    endloop
  endfacet
  facet normal 0.000000 -0.881921 -0.471397
    outer loop
      vertex 62.000 44.420 18.444
      vertex 100.000 44.420 18.444
      vertex 100.000 44.245 18.773
    endloop
  endfacet
  facet normal 0.000000 -0.881921 -0.471397
    outer loop
      vertex 62.000 44.420 18.444
      vertex 100.000 44.245 18.773
      vertex 62.000 44.245 18.773
    endloop
  endfacet
  facet normal -1.000000 0.000000 0.000000
    outer loop
      vertex 62.000 42.009 16.833
      vertex 62.000 41.565 17.663
      vertex 62.000 44.245 18.773
    endloop
  endfacet
  facet normal -1.000000 0.000000 0.000000
    outer loop
      vertex 62.000 42.009 16.833
      vertex 62.000 44.245 18.773
      vertex 62.000 44.420 18.444
    endloop
  endfacet
  facet normal 1.000000 0.000000 0.000000
    outer loop
      vertex 100.000 41.565 17.663
      vertex 100.000 42.009 16.833
      vertex 100.000 44.420 18.444
    endloop
  endfacet
  facet normal 1.000000 0.000000 0.000000
    outer loop
      vertex 100.000 41.565 17.663
      vertex 100.000 44.420 18.444
      vertex 100.000 44.245 18.773
    endloop
  endfacet
  facet normal 0.000000 0.773010 0.634393
    outer loop
      vertex 62.000 42.009 16.833
      vertex 100.000 42.009 16.833
      vertex 100.000 42.606 16.106
    endloop
  endfacet
  facet normal 0.000000 0.773010 0.634393
    outer loop
      vertex 62.000 42.009 16.833
      vertex 100.000 42.606 16.106
      vertex 62.000 42.606 16.106
    endloop
  endfacet
  facet normal 0.000000 -0.773010 -0.634393
    outer loop
      vertex 62.000 44.656 18.156
      vertex 100.000 44.656 18.156
      vertex 100.000 44.420 18.444
    endloop
  endfacet
  facet normal 0.000000 -0.773010 -0.634393
    outer loop
      vertex 62.000 44.656 18.156
      vertex 100.000 44.420 18.444
      vertex 62.000 44.420 18.444
    endloop
  endfacet
  facet normal -1.000000 0.000000 0.000000
    outer loop
      vertex 62.000 42.606 16.106
      vertex 62.000 42.009 16.833
      vertex 62.000 44.420 18.444
    endloop
  endfacet
  facet normal -1.000000 0.000000 0.000000
    outer loop
      vertex 62.000 42.606 16.106
      vertex 62.000 44.420 18.444
      vertex 62.000 44.656 18.156
    endloop
  endfacet
  facet normal 1.000000 0.000000 0.000000
    outer loop
      vertex 100.000 42.009 16.833
      vertex 100.000 42.606 16.106
      vertex 100.000 44.656 18.156
    endloop
  endfacet
  facet normal 1.000000 0.000000 0.000000
    outer loop
      vertex 100.000 42.009 16.833
      vertex 100.000 44.656 18.156
      vertex 100.000 44.420 18.444
    endloop
  endfacet
  facet normal 0.000000 0.634393 0.773010
    outer loop
      vertex 62.000 42.606 16.106
      vertex 100.000 42.606 16.106
      vertex 100.000 43.333 15.509
    endloop
  endfacet
  facet normal 0.000000 0.634393 0.773010
    outer loop
      vertex 62.000 42.606 16.106
      vertex 100.000 43.333 15.509
      vertex 62.000 43.333 15.509
    endloop
  endfacet
  facet normal 0.000000 -0.634393 -0.773010
    outer loop
      vertex 62.000 44.944 17.920
      vertex 100.000 44.944 17.920
      vertex 100.000 44.656 18.156
    endloop
  endfacet
  facet normal 0.000000 -0.634393 -0.773010
    outer loop
      vertex 62.000 44.944 17.920
      vertex 100.000 44.656 18.156
      vertex 62.000 44.656 18.156
    endloop
  endfacet
  facet normal -1.000000 0.000000 0.000000
    outer loop
      vertex 62.000 43.333 15.509
      vertex 62.000 42.606 16.106
      vertex 62.000 44.656 18.156
    endloop
  endfacet
  facet normal -1.000000 0.000000 0.000000
    outer loop
      vertex 62.000 43.333 15.509
      vertex 62.000 44.656 18.156
      vertex 62.000 44.944 17.920
    endloop
  endfacet
  facet normal 1.000000 0.000000 0.000000
    outer loop
      vertex 100.000 42.606 16.106
      vertex 100.000 43.333 15.509
      vertex 100.000 44.944 17.920
    endloop
  endfacet
  facet normal 1.000000 0.000000 0.000000
    outer loop
      vertex 100.000 42.606 16.106
      vertex 100.000 44.944 17.920
      vertex 100.000 44.656 18.156
    endloop
  endfacet
  facet normal 0.000000 0.471397 0.881921
    outer loop
      vertex 62.000 43.333 15.509
      vertex 100.000 43.333 15.509
      vertex 100.000 44.163 15.065
    endloop
  endfacet
  facet normal 0.000000 0.471397 0.881921
    outer loop
      vertex 62.000 43.333 15.509
      vertex 100.000 44.163 15.065
      vertex 62.000 44.163 15.065
    endloop
  endfacet
  facet normal 0.000000 -0.471397 -0.881921
    outer loop
      vertex 62.000 45.273 17.745
      vertex 100.000 45.273 17.745
      vertex 100.000 44.944 17.920
    endloop
  endfacet
  facet normal 0.000000 -0.471397 -0.881921
    outer loop
      vertex 62.000 45.273 17.745
      vertex 100.000 44.944 17.920
      vertex 62.000 44.944 17.920
    endloop
  endfacet
  facet normal -1.000000 0.000000 0.000000
    outer loop
      vertex 62.000 44.163 15.065
      vertex 62.000 43.333 15.509
      vertex 62.000 44.944 17.920
    endloop
  endfacet
  facet normal -1.000000 0.000000 0.000000
    outer loop
      vertex 62.000 44.163 15.065
      vertex 62.000 44.944 17.920
      vertex 62.000 45.273 17.745
    endloop
  endfacet
  facet normal 1.000000 0.000000 0.000000
    outer loop
      vertex 100.000 43.333 15.509
      vertex 100.000 44.163 15.065
      vertex 100.000 45.273 17.745
    endloop
  endfacet
  facet normal 1.000000 0.000000 0.000000
    outer loop
      vertex 100.000 43.333 15.509
      vertex 100.000 45.273 17.745
      vertex 100.000 44.944 17.920
    endloop
  endfacet
  facet normal 0.000000 0.290285 0.956940
    outer loop
      vertex 62.000 44.163 15.065
      vertex 100.000 44.163 15.065
      vertex 100.000 45.064 14.792
    endloop
  endfacet
  facet normal 0.000000 0.290285 0.956940
    outer loop
      vertex 62.000 44.163 15.065
      vertex 100.000 45.064 14.792
      vertex 62.000 45.064 14.792
    endloop
  endfacet
  facet normal 0.000000 -0.290285 -0.956940
    outer loop
      vertex 62.000 45.629 17.637
      vertex 100.000 45.629 17.637
      vertex 100.000 45.273 17.745
    endloop
  endfacet
  facet normal 0.000000 -0.290285 -0.956940
    outer loop
      vertex 62.000 45.629 17.637
      vertex 100.000 45.273 17.745
      vertex 62.000 45.273 17.745
    endloop
  endfacet
  facet normal -1.000000 0.000000 0.000000
    outer loop
      vertex 62.000 45.064 14.792
      vertex 62.000 44.163 15.065
      vertex 62.000 45.273 17.745
    endloop
  endfacet
  facet normal -1.000000 0.000000 0.000000
    outer loop
      vertex 62.000 45.064 14.792
      vertex 62.000 45.273 17.745
      vertex 62.000 45.629 17.637
    endloop
  endfacet
  facet normal 1.000000 0.000000 0.000000
    outer loop
      vertex 100.000 44.163 15.065
      vertex 100.000 45.064 14.792
      vertex 100.000 45.629 17.637
    endloop
  endfacet
  facet normal 1.000000 0.000000 0.000000
    outer loop
      vertex 100.000 44.163 15.065
      vertex 100.000 45.629 17.637
      vertex 100.000 45.273 17.745
    endloop
  endfacet
  facet normal 0.000000 0.098017 0.995185
    outer loop
      vertex 62.000 45.064 14.792
      vertex 100.000 45.064 14.792
      vertex 100.000 46.000 14.700
    endloop
  endfacet
  facet normal 0.000000 0.098017 0.995185
    outer loop
      vertex 62.000 45.064 14.792
      vertex 100.000 46.000 14.700
      vertex 62.000 46.000 14.700
    endloop
  endfacet
  facet normal 0.000000 -0.098017 -0.995185
    outer loop
      vertex 62.000 46.000 17.600
      vertex 100.000 46.000 17.600
      vertex 100.000 45.629 17.637
    endloop
  endfacet
  facet normal 0.000000 -0.098017 -0.995185
    outer loop
      vertex 62.000 46.000 17.600
      vertex 100.000 45.629 17.637
      vertex 62.000 45.629 17.637
    endloop
  endfacet
  facet normal -1.000000 0.000000 0.000000
    outer loop
      vertex 62.000 46.000 14.700
      vertex 62.000 45.064 14.792
      vertex 62.000 45.629 17.637
    endloop
  endfacet
  facet normal -1.000000 0.000000 0.000000
    outer loop
      vertex 62.000 46.000 14.700
      vertex 62.000 45.629 17.637
      vertex 62.000 46.000 17.600
    endloop
  endfacet
  facet normal 1.000000 0.000000 0.000000
    outer loop
      vertex 100.000 45.064 14.792
      vertex 100.000 46.000 14.700
      vertex 100.000 46.000 17.600
    endloop
  endfacet
  facet normal 1.000000 0.000000 0.000000
    outer loop
      vertex 100.000 45.064 14.792
      vertex 100.000 46.000 17.600
      vertex 100.000 45.629 17.637
    endloop
  endfacet
  facet normal 0.000000 -0.098017 0.995185
    outer loop
      vertex 62.000 46.000 14.700
      vertex 100.000 46.000 14.700
      vertex 100.000 46.936 14.792
    endloop
  endfacet
  facet normal 0.000000 -0.098017 0.995185
    outer loop
      vertex 62.000 46.000 14.700
      vertex 100.000 46.936 14.792
      vertex 62.000 46.936 14.792
    endloop
  endfacet
  facet normal 0.000000 0.098017 -0.995185
    outer loop
      vertex 62.000 46.371 17.637
      vertex 100.000 46.371 17.637
      vertex 100.000 46.000 17.600
    endloop
  endfacet
  facet normal 0.000000 0.098017 -0.995185
    outer loop
      vertex 62.000 46.371 17.637
      vertex 100.000 46.000 17.600
      vertex 62.000 46.000 17.600
    endloop
  endfacet
  facet normal -1.000000 0.000000 0.000000
    outer loop
      vertex 62.000 46.936 14.792
      vertex 62.000 46.000 14.700
      vertex 62.000 46.000 17.600
    endloop
  endfacet
  facet normal -1.000000 0.000000 0.000000
    outer loop
      vertex 62.000 46.936 14.792
      vertex 62.000 46.000 17.600
      vertex 62.000 46.371 17.637
    endloop
  endfacet
  facet normal 1.000000 0.000000 0.000000
    outer loop
      vertex 100.000 46.000 14.700
      vertex 100.000 46.936 14.792
      vertex 100.000 46.371 17.637
    endloop
  endfacet
  facet normal 1.000000 0.000000 0.000000
    outer loop
      vertex 100.000 46.000 14.700
      vertex 100.000 46.371 17.637
      vertex 100.000 46.000 17.600
    endloop
  endfacet
  facet normal 0.000000 -0.290285 0.956940
    outer loop
      vertex 62.000 46.936 14.792
      vertex 100.000 46.936 14.792
      vertex 100.000 47.837 15.065
    endloop
  endfacet
  facet normal 0.000000 -0.290285 0.956940
    outer loop
      vertex 62.000 46.936 14.792
      vertex 100.000 47.837 15.065
      vertex 62.000 47.837 15.065
    endloop
  endfacet
  facet normal 0.000000 0.290285 -0.956940
    outer loop
      vertex 62.000 46.727 17.745
      vertex 100.000 46.727 17.745
      vertex 100.000 46.371 17.637
    endloop
  endfacet
  facet normal 0.000000 0.290285 -0.956940
    outer loop
      vertex 62.000 46.727 17.745
      vertex 100.000 46.371 17.637
      vertex 62.000 46.371 17.637
    endloop
  endfacet
  facet normal -1.000000 0.000000 0.000000
    outer loop
      vertex 62.000 47.837 15.065
      vertex 62.000 46.936 14.792
      vertex 62.000 46.371 17.637
    endloop
  endfacet
  facet normal -1.000000 0.000000 0.000000
    outer loop
      vertex 62.000 47.837 15.065
      vertex 62.000 46.371 17.637
      vertex 62.000 46.727 17.745
    endloop
  endfacet
  facet normal 1.000000 0.000000 0.000000
    outer loop
      vertex 100.000 46.936 14.792
      vertex 100.000 47.837 15.065
      vertex 100.000 46.727 17.745
    endloop
  endfacet
  facet normal 1.000000 0.000000 0.000000
    outer loop
      vertex 100.000 46.936 14.792
      vertex 100.000 46.727 17.745
      vertex 100.000 46.371 17.637
    endloop
  endfacet
  facet normal 0.000000 -0.471397 0.881921
    outer loop
      vertex 62.000 47.837 15.065
      vertex 100.000 47.837 15.065
      vertex 100.000 48.667 15.509
    endloop
  endfacet
  facet normal 0.000000 -0.471397 0.881921
    outer loop
      vertex 62.000 47.837 15.065
      vertex 100.000 48.667 15.509
      vertex 62.000 48.667 15.509
    endloop
  endfacet
  facet normal 0.000000 0.471397 -0.881921
    outer loop
      vertex 62.000 47.056 17.920
      vertex 100.000 47.056 17.920
      vertex 100.000 46.727 17.745
    endloop
  endfacet
  facet normal 0.000000 0.471397 -0.881921
    outer loop
      vertex 62.000 47.056 17.920
      vertex 100.000 46.727 17.745
      vertex 62.000 46.727 17.745
    endloop
  endfacet
  facet normal -1.000000 0.000000 0.000000
    outer loop
      vertex 62.000 48.667 15.509
      vertex 62.000 47.837 15.065
      vertex 62.000 46.727 17.745
    endloop
  endfacet
  facet normal -1.000000 0.000000 0.000000
    outer loop
      vertex 62.000 48.667 15.509
      vertex 62.000 46.727 17.745
      vertex 62.000 47.056 17.920
    endloop
  endfacet
  facet normal 1.000000 0.000000 0.000000
    outer loop
      vertex 100.000 47.837 15.065
      vertex 100.000 48.667 15.509
      vertex 100.000 47.056 17.920
    endloop
  endfacet
  facet normal 1.000000 0.000000 0.000000
    outer loop
      vertex 100.000 47.837 15.065
      vertex 100.000 47.056 17.920
      vertex 100.000 46.727 17.745
    endloop
  endfacet
  facet normal 0.000000 -0.634393 0.773010
    outer loop
      vertex 62.000 48.667 15.509
      vertex 100.000 48.667 15.509
      vertex 100.000 49.394 16.106
    endloop
  endfacet
  facet normal 0.000000 -0.634393 0.773010
    outer loop
      vertex 62.000 48.667 15.509
      vertex 100.000 49.394 16.106
      vertex 62.000 49.394 16.106
    endloop
  endfacet
  facet normal 0.000000 0.634393 -0.773010
    outer loop
      vertex 62.000 47.344 18.156
      vertex 100.000 47.344 18.156
      vertex 100.000 47.056 17.920
    endloop
  endfacet
  facet normal 0.000000 0.634393 -0.773010
    outer loop
      vertex 62.000 47.344 18.156
      vertex 100.000 47.056 17.920
      vertex 62.000 47.056 17.920
    endloop
  endfacet
  facet normal -1.000000 0.000000 0.000000
    outer loop
      vertex 62.000 49.394 16.106
      vertex 62.000 48.667 15.509
      vertex 62.000 47.056 17.920
    endloop
  endfacet
  facet normal -1.000000 0.000000 0.000000
    outer loop
      vertex 62.000 49.394 16.106
      vertex 62.000 47.056 17.920
      vertex 62.000 47.344 18.156
    endloop
  endfacet
  facet normal 1.000000 0.000000 0.000000
    outer loop
      vertex 100.000 48.667 15.509
      vertex 100.000 49.394 16.106
      vertex 100.000 47.344 18.156
    endloop
  endfacet
  facet normal 1.000000 0.000000 0.000000
    outer loop
      vertex 100.000 48.667 15.509
      vertex 100.000 47.344 18.156
      vertex 100.000 47.056 17.920
    endloop
  endfacet
  facet normal 0.000000 -0.773010 0.634393
    outer loop
      vertex 62.000 49.394 16.106
      vertex 100.000 49.394 16.106
      vertex 100.000 49.991 16.833
    endloop
  endfacet
  facet normal 0.000000 -0.773010 0.634393
    outer loop
      vertex 62.000 49.394 16.106
      vertex 100.000 49.991 16.833
      vertex 62.000 49.991 16.833
    endloop
  endfacet
  facet normal 0.000000 0.773010 -0.634393
    outer loop
      vertex 62.000 47.580 18.444
      vertex 100.000 47.580 18.444
      vertex 100.000 47.344 18.156
    endloop
  endfacet
  facet normal 0.000000 0.773010 -0.634393
    outer loop
      vertex 62.000 47.580 18.444
      vertex 100.000 47.344 18.156
      vertex 62.000 47.344 18.156
    endloop
  endfacet
  facet normal -1.000000 0.000000 0.000000
    outer loop
      vertex 62.000 49.991 16.833
      vertex 62.000 49.394 16.106
      vertex 62.000 47.344 18.156
    endloop
  endfacet
  facet normal -1.000000 0.000000 0.000000
    outer loop
      vertex 62.000 49.991 16.833
      vertex 62.000 47.344 18.156
      vertex 62.000 47.580 18.444
    endloop
  endfacet
  facet normal 1.000000 0.000000 0.000000
    outer loop
      vertex 100.000 49.394 16.106
      vertex 100.000 49.991 16.833
      vertex 100.000 47.580 18.444
    endloop
  endfacet
  facet normal 1.000000 0.000000 0.000000
    outer loop
      vertex 100.000 49.394 16.106
      vertex 100.000 47.580 18.444
      vertex 100.000 47.344 18.156
    endloop
  endfacet
  facet normal 0.000000 -0.881921 0.471397
    outer loop
      vertex 62.000 49.991 16.833
      vertex 100.000 49.991 16.833
      vertex 100.000 50.435 17.663
    endloop
  endfacet
  facet normal 0.000000 -0.881921 0.471397
    outer loop
      vertex 62.000 49.991 16.833
      vertex 100.000 50.435 17.663
      vertex 62.000 50.435 17.663
    endloop
  endfacet
  facet normal 0.000000 0.881921 -0.471397
    outer loop
      vertex 62.000 47.755 18.773
      vertex 100.000 47.755 18.773
      vertex 100.000 47.580 18.444
    endloop
  endfacet
  facet normal 0.000000 0.881921 -0.471397
    outer loop
      vertex 62.000 47.755 18.773
      vertex 100.000 47.580 18.444
      vertex 62.000 47.580 18.444
    endloop
  endfacet
  facet normal -1.000000 0.000000 0.000000
    outer loop
      vertex 62.000 50.435 17.663
      vertex 62.000 49.991 16.833
      vertex 62.000 47.580 18.444
    endloop
  endfacet
  facet normal -1.000000 0.000000 0.000000
    outer loop
      vertex 62.000 50.435 17.663
      vertex 62.000 47.580 18.444
      vertex 62.000 47.755 18.773
    endloop
  endfacet
  facet normal 1.000000 0.000000 0.000000
    outer loop
      vertex 100.000 49.991 16.833
      vertex 100.000 50.435 17.663
      vertex 100.000 47.755 18.773
    endloop
  endfacet
  facet normal 1.000000 0.000000 0.000000
    outer loop
      vertex 100.000 49.991 16.833
      vertex 100.000 47.755 18.773
      vertex 100.000 47.580 18.444
    endloop
  endfacet
  facet normal 0.000000 -0.956940 0.290285
    outer loop
      vertex 62.000 50.435 17.663
      vertex 100.000 50.435 17.663
      vertex 100.000 50.708 18.564
    endloop
  endfacet
  facet normal 0.000000 -0.956940 0.290285
    outer loop
      vertex 62.000 50.435 17.663
      vertex 100.000 50.708 18.564
      vertex 62.000 50.708 18.564
    endloop
  endfacet
  facet normal 0.000000 0.956940 -0.290285
    outer loop
      vertex 62.000 47.863 19.129
      vertex 100.000 47.863 19.129
      vertex 100.000 47.755 18.773
    endloop
  endfacet
  facet normal 0.000000 0.956940 -0.290285
    outer loop
      vertex 62.000 47.863 19.129
      vertex 100.000 47.755 18.773
      vertex 62.000 47.755 18.773
    endloop
  endfacet
  facet normal -1.000000 0.000000 0.000000
    outer loop
      vertex 62.000 50.708 18.564
      vertex 62.000 50.435 17.663
      vertex 62.000 47.755 18.773
    endloop
  endfacet
  facet normal -1.000000 0.000000 0.000000
    outer loop
      vertex 62.000 50.708 18.564
      vertex 62.000 47.755 18.773
      vertex 62.000 47.863 19.129
    endloop
  endfacet
  facet normal 1.000000 0.000000 0.000000
    outer loop
      vertex 100.000 50.435 17.663
      vertex 100.000 50.708 18.564
      vertex 100.000 47.863 19.129
    endloop
  endfacet
  facet normal 1.000000 0.000000 0.000000
    outer loop
      vertex 100.000 50.435 17.663
      vertex 100.000 47.863 19.129
      vertex 100.000 47.755 18.773
    endloop
  endfacet
  facet normal 0.000000 -0.995185 0.098017
    outer loop
      vertex 62.000 50.708 18.564
      vertex 100.000 50.708 18.564
      vertex 100.000 50.800 19.500
    endloop
  endfacet
  facet normal 0.000000 -0.995185 0.098017
    outer loop
      vertex 62.000 50.708 18.564
      vertex 100.000 50.800 19.500
      vertex 62.000 50.800 19.500
    endloop
  endfacet
  facet normal 0.000000 0.995185 -0.098017
    outer loop
      vertex 62.000 47.900 19.500
      vertex 100.000 47.900 19.500
      vertex 100.000 47.863 19.129
    endloop
  endfacet
  facet normal 0.000000 0.995185 -0.098017
    outer loop
      vertex 62.000 47.900 19.500
      vertex 100.000 47.863 19.129
      vertex 62.000 47.863 19.129
    endloop
  endfacet
  facet normal -1.000000 0.000000 0.000000
    outer loop
      vertex 62.000 50.800 19.500
      vertex 62.000 50.708 18.564
      vertex 62.000 47.863 19.129
    endloop
  endfacet
  facet normal -1.000000 0.000000 0.000000
    outer loop
      vertex 62.000 50.800 19.500
      vertex 62.000 47.863 19.129
      vertex 62.000 47.900 19.500
    endloop
  endfacet
  facet normal 1.000000 0.000000 0.000000
    outer loop
      vertex 100.000 50.708 18.564
      vertex 100.000 50.800 19.500
      vertex 100.000 47.900 19.500
    endloop
  endfacet
  facet normal 1.000000 0.000000 0.000000
    outer loop
      vertex 100.000 50.708 18.564
      vertex 100.000 47.900 19.500
      vertex 100.000 47.863 19.129
    endloop
  endfacet
  facet normal 0.000000 -0.991445 -0.130526
    outer loop
      vertex -103.000 -33.550 1.450
      vertex 103.000 -33.550 1.450
      vertex 103.000 -33.599 1.825
    endloop
  endfacet
  facet normal 0.000000 -0.991445 -0.130526
    outer loop
      vertex -103.000 -33.550 1.450
      vertex 103.000 -33.599 1.825
      vertex -103.000 -33.599 1.825
    endloop
  endfacet
  facet normal 0.000000 -0.923880 -0.382683
    outer loop
      vertex -103.000 -33.599 1.825
      vertex 103.000 -33.599 1.825
      vertex 103.000 -33.744 2.175
    endloop
  endfacet
  facet normal 0.000000 -0.923880 -0.382683
    outer loop
      vertex -103.000 -33.599 1.825
      vertex 103.000 -33.744 2.175
      vertex -103.000 -33.744 2.175
    endloop
  endfacet
  facet normal 0.000000 -0.793353 -0.608761
    outer loop
      vertex -103.000 -33.744 2.175
      vertex 103.000 -33.744 2.175
      vertex 103.000 -33.975 2.475
    endloop
  endfacet
  facet normal 0.000000 -0.793353 -0.608761
    outer loop
      vertex -103.000 -33.744 2.175
      vertex 103.000 -33.975 2.475
      vertex -103.000 -33.975 2.475
    endloop
  endfacet
  facet normal 0.000000 -0.608761 -0.793353
    outer loop
      vertex -103.000 -33.975 2.475
      vertex 103.000 -33.975 2.475
      vertex 103.000 -34.275 2.706
    endloop
  endfacet
  facet normal 0.000000 -0.608761 -0.793353
    outer loop
      vertex -103.000 -33.975 2.475
      vertex 103.000 -34.275 2.706
      vertex -103.000 -34.275 2.706
    endloop
  endfacet
  facet normal 0.000000 -0.382683 -0.923880
    outer loop
      vertex -103.000 -34.275 2.706
      vertex 103.000 -34.275 2.706
      vertex 103.000 -34.625 2.851
    endloop
  endfacet
  facet normal 0.000000 -0.382683 -0.923880
    outer loop
      vertex -103.000 -34.275 2.706
      vertex 103.000 -34.625 2.851
      vertex -103.000 -34.625 2.851
    endloop
  endfacet
  facet normal 0.000000 -0.130526 -0.991445
    outer loop
      vertex -103.000 -34.625 2.851
      vertex 103.000 -34.625 2.851
      vertex 103.000 -35.000 2.900
    endloop
  endfacet
  facet normal 0.000000 -0.130526 -0.991445
    outer loop
      vertex -103.000 -34.625 2.851
      vertex 103.000 -35.000 2.900
      vertex -103.000 -35.000 2.900
    endloop
  endfacet
  facet normal 0.000000 0.130526 -0.991445
    outer loop
      vertex -103.000 -35.000 2.900
      vertex 103.000 -35.000 2.900
      vertex 103.000 -35.375 2.851
    endloop
  endfacet
  facet normal 0.000000 0.130526 -0.991445
    outer loop
      vertex -103.000 -35.000 2.900
      vertex 103.000 -35.375 2.851
      vertex -103.000 -35.375 2.851
    endloop
  endfacet
  facet normal 0.000000 0.382683 -0.923880
    outer loop
      vertex -103.000 -35.375 2.851
      vertex 103.000 -35.375 2.851
      vertex 103.000 -35.725 2.706
    endloop
  endfacet
  facet normal 0.000000 0.382683 -0.923880
    outer loop
      vertex -103.000 -35.375 2.851
      vertex 103.000 -35.725 2.706
      vertex -103.000 -35.725 2.706
    endloop
  endfacet
  facet normal 0.000000 0.608761 -0.793353
    outer loop
      vertex -103.000 -35.725 2.706
      vertex 103.000 -35.725 2.706
      vertex 103.000 -36.025 2.475
    endloop
  endfacet
  facet normal 0.000000 0.608761 -0.793353
    outer loop
      vertex -103.000 -35.725 2.706
      vertex 103.000 -36.025 2.475
      vertex -103.000 -36.025 2.475
    endloop
  endfacet
  facet normal 0.000000 0.793353 -0.608761
    outer loop
      vertex -103.000 -36.025 2.475
      vertex 103.000 -36.025 2.475
      vertex 103.000 -36.256 2.175
    endloop
  endfacet
  facet normal 0.000000 0.793353 -0.608761
    outer loop
      vertex -103.000 -36.025 2.475
      vertex 103.000 -36.256 2.175
      vertex -103.000 -36.256 2.175
    endloop
  endfacet
  facet normal 0.000000 0.923880 -0.382683
    outer loop
      vertex -103.000 -36.256 2.175
      vertex 103.000 -36.256 2.175
      vertex 103.000 -36.401 1.825
    endloop
  endfacet
  facet normal 0.000000 0.923880 -0.382683
    outer loop
      vertex -103.000 -36.256 2.175
      vertex 103.000 -36.401 1.825
      vertex -103.000 -36.401 1.825
    endloop
  endfacet
  facet normal 0.000000 0.991445 -0.130526
    outer loop
      vertex -103.000 -36.401 1.825
      vertex 103.000 -36.401 1.825
      vertex 103.000 -36.450 1.450
    endloop
  endfacet
  facet normal 0.000000 0.991445 -0.130526
    outer loop
      vertex -103.000 -36.401 1.825
      vertex 103.000 -36.450 1.450
      vertex -103.000 -36.450 1.450
    endloop
  endfacet
  facet normal 0.000000 0.991445 0.130526
    outer loop
      vertex -103.000 -36.450 1.450
      vertex 103.000 -36.450 1.450
      vertex 103.000 -36.401 1.075
    endloop
  endfacet
  facet normal 0.000000 0.991445 0.130526
    outer loop
      vertex -103.000 -36.450 1.450
      vertex 103.000 -36.401 1.075
      vertex -103.000 -36.401 1.075
    endloop
  endfacet
  facet normal 0.000000 0.923880 0.382683
    outer loop
      vertex -103.000 -36.401 1.075
      vertex 103.000 -36.401 1.075
      vertex 103.000 -36.256 0.725
    endloop
  endfacet
  facet normal 0.000000 0.923880 0.382683
    outer loop
      vertex -103.000 -36.401 1.075
      vertex 103.000 -36.256 0.725
      vertex -103.000 -36.256 0.725
    endloop
  endfacet
  facet normal 0.000000 0.793353 0.608761
    outer loop
      vertex -103.000 -36.256 0.725
      vertex 103.000 -36.256 0.725
      vertex 103.000 -36.025 0.425
    endloop
  endfacet
  facet normal 0.000000 0.793353 0.608761
    outer loop
      vertex -103.000 -36.256 0.725
      vertex 103.000 -36.025 0.425
      vertex -103.000 -36.025 0.425
    endloop
  endfacet
  facet normal 0.000000 0.608761 0.793353
    outer loop
      vertex -103.000 -36.025 0.425
      vertex 103.000 -36.025 0.425
      vertex 103.000 -35.725 0.194
    endloop
  endfacet
  facet normal 0.000000 0.608761 0.793353
    outer loop
      vertex -103.000 -36.025 0.425
      vertex 103.000 -35.725 0.194
      vertex -103.000 -35.725 0.194
    endloop
  endfacet
  facet normal 0.000000 0.382683 0.923880
    outer loop
      vertex -103.000 -35.725 0.194
      vertex 103.000 -35.725 0.194
      vertex 103.000 -35.375 0.049
    endloop
  endfacet
  facet normal 0.000000 0.382683 0.923880
    outer loop
      vertex -103.000 -35.725 0.194
      vertex 103.000 -35.375 0.049
      vertex -103.000 -35.375 0.049
    endloop
  endfacet
  facet normal 0.000000 0.130526 0.991445
    outer loop
      vertex -103.000 -35.375 0.049
      vertex 103.000 -35.375 0.049
      vertex 103.000 -35.000 0.000
    endloop
  endfacet
  facet normal 0.000000 0.130526 0.991445
    outer loop
      vertex -103.000 -35.375 0.049
      vertex 103.000 -35.000 0.000
      vertex -103.000 -35.000 0.000
    endloop
  endfacet
  facet normal 0.000000 -0.130526 0.991445
    outer loop
      vertex -103.000 -35.000 0.000
      vertex 103.000 -35.000 0.000
      vertex 103.000 -34.625 0.049
    endloop
  endfacet
  facet normal 0.000000 -0.130526 0.991445
    outer loop
      vertex -103.000 -35.000 0.000
      vertex 103.000 -34.625 0.049
      vertex -103.000 -34.625 0.049
    endloop
  endfacet
  facet normal 0.000000 -0.382683 0.923880
    outer loop
      vertex -103.000 -34.625 0.049
      vertex 103.000 -34.625 0.049
      vertex 103.000 -34.275 0.194
    endloop
  endfacet
  facet normal 0.000000 -0.382683 0.923880
    outer loop
      vertex -103.000 -34.625 0.049
      vertex 103.000 -34.275 0.194
      vertex -103.000 -34.275 0.194
    endloop
  endfacet
  facet normal 0.000000 -0.608761 0.793353
    outer loop
      vertex -103.000 -34.275 0.194
      vertex 103.000 -34.275 0.194
      vertex 103.000 -33.975 0.425
    endloop
  endfacet
  facet normal 0.000000 -0.608761 0.793353
    outer loop
      vertex -103.000 -34.275 0.194
      vertex 103.000 -33.975 0.425
      vertex -103.000 -33.975 0.425
    endloop
  endfacet
  facet normal 0.000000 -0.793353 0.608761
    outer loop
      vertex -103.000 -33.975 0.425
      vertex 103.000 -33.975 0.425
      vertex 103.000 -33.744 0.725
    endloop
  endfacet
  facet normal 0.000000 -0.793353 0.608761
    outer loop
      vertex -103.000 -33.975 0.425
      vertex 103.000 -33.744 0.725
      vertex -103.000 -33.744 0.725
    endloop
  endfacet
  facet normal 0.000000 -0.923880 0.382683
    outer loop
      vertex -103.000 -33.744 0.725
      vertex 103.000 -33.744 0.725
      vertex 103.000 -33.599 1.075
    endloop
  endfacet
  facet normal 0.000000 -0.923880 0.382683
    outer loop
      vertex -103.000 -33.744 0.725
      vertex 103.000 -33.599 1.075
      vertex -103.000 -33.599 1.075
    endloop
  endfacet
  facet normal 0.000000 -0.991445 0.130526
    outer loop
      vertex -103.000 -33.599 1.075
      vertex 103.000 -33.599 1.075
      vertex 103.000 -33.550 1.450
    endloop
  endfacet
  facet normal 0.000000 -0.991445 0.130526
    outer loop
      vertex -103.000 -33.599 1.075
      vertex 103.000 -33.550 1.450
      vertex -103.000 -33.550 1.450
    endloop
  endfacet
  facet normal -1.000000 0.000000 0.000000
    outer loop
      vertex -103.000 -35.000 1.450
      vertex -103.000 -33.599 1.825
      vertex -103.000 -33.550 1.450
    endloop
  endfacet
  facet normal 1.000000 0.000000 0.000000
    outer loop
      vertex 103.000 -35.000 1.450
      vertex 103.000 -33.550 1.450
      vertex 103.000 -33.599 1.825
    endloop
  endfacet
  facet normal -1.000000 0.000000 0.000000
    outer loop
      vertex -103.000 -35.000 1.450
      vertex -103.000 -33.744 2.175
      vertex -103.000 -33.599 1.825
    endloop
  endfacet
  facet normal 1.000000 0.000000 0.000000
    outer loop
      vertex 103.000 -35.000 1.450
      vertex 103.000 -33.599 1.825
      vertex 103.000 -33.744 2.175
    endloop
  endfacet
  facet normal -1.000000 0.000000 0.000000
    outer loop
      vertex -103.000 -35.000 1.450
      vertex -103.000 -33.975 2.475
      vertex -103.000 -33.744 2.175
    endloop
  endfacet
  facet normal 1.000000 0.000000 0.000000
    outer loop
      vertex 103.000 -35.000 1.450
      vertex 103.000 -33.744 2.175
      vertex 103.000 -33.975 2.475
    endloop
  endfacet
  facet normal -1.000000 0.000000 0.000000
    outer loop
      vertex -103.000 -35.000 1.450
      vertex -103.000 -34.275 2.706
      vertex -103.000 -33.975 2.475
    endloop
  endfacet
  facet normal 1.000000 0.000000 0.000000
    outer loop
      vertex 103.000 -35.000 1.450
      vertex 103.000 -33.975 2.475
      vertex 103.000 -34.275 2.706
    endloop
  endfacet
  facet normal -1.000000 0.000000 0.000000
    outer loop
      vertex -103.000 -35.000 1.450
      vertex -103.000 -34.625 2.851
      vertex -103.000 -34.275 2.706
    endloop
  endfacet
  facet normal 1.000000 0.000000 0.000000
    outer loop
      vertex 103.000 -35.000 1.450
      vertex 103.000 -34.275 2.706
      vertex 103.000 -34.625 2.851
    endloop
  endfacet
  facet normal -1.000000 0.000000 0.000000
    outer loop
      vertex -103.000 -35.000 1.450
      vertex -103.000 -35.000 2.900
      vertex -103.000 -34.625 2.851
    endloop
  endfacet
  facet normal 1.000000 0.000000 0.000000
    outer loop
      vertex 103.000 -35.000 1.450
      vertex 103.000 -34.625 2.851
      vertex 103.000 -35.000 2.900
    endloop
  endfacet
  facet normal -1.000000 0.000000 0.000000
    outer loop
      vertex -103.000 -35.000 1.450
      vertex -103.000 -35.375 2.851
      vertex -103.000 -35.000 2.900
    endloop
  endfacet
  facet normal 1.000000 0.000000 0.000000
    outer loop
      vertex 103.000 -35.000 1.450
      vertex 103.000 -35.000 2.900
      vertex 103.000 -35.375 2.851
    endloop
  endfacet
  facet normal -1.000000 0.000000 0.000000
    outer loop
      vertex -103.000 -35.000 1.450
      vertex -103.000 -35.725 2.706
      vertex -103.000 -35.375 2.851
    endloop
  endfacet
  facet normal 1.000000 0.000000 0.000000
    outer loop
      vertex 103.000 -35.000 1.450
      vertex 103.000 -35.375 2.851
      vertex 103.000 -35.725 2.706
    endloop
  endfacet
  facet normal -1.000000 0.000000 0.000000
    outer loop
      vertex -103.000 -35.000 1.450
      vertex -103.000 -36.025 2.475
      vertex -103.000 -35.725 2.706
    endloop
  endfacet
  facet normal 1.000000 0.000000 0.000000
    outer loop
      vertex 103.000 -35.000 1.450
      vertex 103.000 -35.725 2.706
      vertex 103.000 -36.025 2.475
    endloop
  endfacet
  facet normal -1.000000 0.000000 0.000000
    outer loop
      vertex -103.000 -35.000 1.450
      vertex -103.000 -36.256 2.175
      vertex -103.000 -36.025 2.475
    endloop
  endfacet
  facet normal 1.000000 0.000000 0.000000
    outer loop
      vertex 103.000 -35.000 1.450
      vertex 103.000 -36.025 2.475
      vertex 103.000 -36.256 2.175
    endloop
  endfacet
  facet normal -1.000000 0.000000 0.000000
    outer loop
      vertex -103.000 -35.000 1.450
      vertex -103.000 -36.401 1.825
      vertex -103.000 -36.256 2.175
    endloop
  endfacet
  facet normal 1.000000 0.000000 0.000000
    outer loop
      vertex 103.000 -35.000 1.450
      vertex 103.000 -36.256 2.175
      vertex 103.000 -36.401 1.825
    endloop
  endfacet
  facet normal -1.000000 0.000000 0.000000
    outer loop
      vertex -103.000 -35.000 1.450
      vertex -103.000 -36.450 1.450
      vertex -103.000 -36.401 1.825
    endloop
  endfacet
  facet normal 1.000000 0.000000 0.000000
    outer loop
      vertex 103.000 -35.000 1.450
      vertex 103.000 -36.401 1.825
      vertex 103.000 -36.450 1.450
    endloop
  endfacet
  facet normal -1.000000 0.000000 0.000000
    outer loop
      vertex -103.000 -35.000 1.450
      vertex -103.000 -36.401 1.075
      vertex -103.000 -36.450 1.450
    endloop
  endfacet
  facet normal 1.000000 0.000000 0.000000
    outer loop
      vertex 103.000 -35.000 1.450
      vertex 103.000 -36.450 1.450
      vertex 103.000 -36.401 1.075
    endloop
  endfacet
  facet normal -1.000000 0.000000 0.000000
    outer loop
      vertex -103.000 -35.000 1.450
      vertex -103.000 -36.256 0.725
      vertex -103.000 -36.401 1.075
    endloop
  endfacet
  facet normal 1.000000 0.000000 0.000000
    outer loop
      vertex 103.000 -35.000 1.450
      vertex 103.000 -36.401 1.075
      vertex 103.000 -36.256 0.725
    endloop
  endfacet
  facet normal -1.000000 0.000000 0.000000
    outer loop
      vertex -103.000 -35.000 1.450
      vertex -103.000 -36.025 0.425
      vertex -103.000 -36.256 0.725
    endloop
  endfacet
  facet normal 1.000000 0.000000 0.000000
    outer loop
      vertex 103.000 -35.000 1.450
      vertex 103.000 -36.256 0.725
      vertex 103.000 -36.025 0.425
    endloop
  endfacet
  facet normal -1.000000 0.000000 0.000000
    outer loop
      vertex -103.000 -35.000 1.450
      vertex -103.000 -35.725 0.194
      vertex -103.000 -36.025 0.425
    endloop
  endfacet
  facet normal 1.000000 0.000000 0.000000
    outer loop
      vertex 103.000 -35.000 1.450
      vertex 103.000 -36.025 0.425
      vertex 103.000 -35.725 0.194
    endloop
  endfacet
  facet normal -1.000000 0.000000 0.000000
    outer loop
      vertex -103.000 -35.000 1.450
      vertex -103.000 -35.375 0.049
      vertex -103.000 -35.725 0.194
    endloop
  endfacet
  facet normal 1.000000 0.000000 0.000000
    outer loop
      vertex 103.000 -35.000 1.450
      vertex 103.000 -35.725 0.194
      vertex 103.000 -35.375 0.049
    endloop
  endfacet
  facet normal -1.000000 0.000000 0.000000
    outer loop
      vertex -103.000 -35.000 1.450
      vertex -103.000 -35.000 0.000
      vertex -103.000 -35.375 0.049
    endloop
  endfacet
  facet normal 1.000000 0.000000 0.000000
    outer loop
      vertex 103.000 -35.000 1.450
      vertex 103.000 -35.375 0.049
      vertex 103.000 -35.000 0.000
    endloop
  endfacet
  facet normal -1.000000 0.000000 0.000000
    outer loop
      vertex -103.000 -35.000 1.450
      vertex -103.000 -34.625 0.049
      vertex -103.000 -35.000 0.000
    endloop
  endfacet
  facet normal 1.000000 0.000000 0.000000
    outer loop
      vertex 103.000 -35.000 1.450
      vertex 103.000 -35.000 0.000
      vertex 103.000 -34.625 0.049
    endloop
  endfacet
  facet normal -1.000000 0.000000 0.000000
    outer loop
      vertex -103.000 -35.000 1.450
      vertex -103.000 -34.275 0.194
      vertex -103.000 -34.625 0.049
    endloop
  endfacet
  facet normal 1.000000 0.000000 0.000000
    outer loop
      vertex 103.000 -35.000 1.450
      vertex 103.000 -34.625 0.049
      vertex 103.000 -34.275 0.194
    endloop
  endfacet
  facet normal -1.000000 0.000000 0.000000
    outer loop
      vertex -103.000 -35.000 1.450
      vertex -103.000 -33.975 0.425
      vertex -103.000 -34.275 0.194
    endloop
  endfacet
  facet normal 1.000000 0.000000 0.000000
    outer loop
      vertex 103.000 -35.000 1.450
      vertex 103.000 -34.275 0.194
      vertex 103.000 -33.975 0.425
    endloop
  endfacet
  facet normal -1.000000 0.000000 0.000000
    outer loop
      vertex -103.000 -35.000 1.450
      vertex -103.000 -33.744 0.725
      vertex -103.000 -33.975 0.425
    endloop
  endfacet
  facet normal 1.000000 0.000000 0.000000
    outer loop
      vertex 103.000 -35.000 1.450
      vertex 103.000 -33.975 0.425
      vertex 103.000 -33.744 0.725
    endloop
  endfacet
  facet normal -1.000000 0.000000 0.000000
    outer loop
      vertex -103.000 -35.000 1.450
      vertex -103.000 -33.599 1.075
      vertex -103.000 -33.744 0.725
    endloop
  endfacet
  facet normal 1.000000 0.000000 0.000000
    outer loop
      vertex 103.000 -35.000 1.450
      vertex 103.000 -33.744 0.725
      vertex 103.000 -33.599 1.075
    endloop
  endfacet
  facet normal -1.000000 0.000000 0.000000
    outer loop
      vertex -103.000 -35.000 1.450
      vertex -103.000 -33.550 1.450
      vertex -103.000 -33.599 1.075
    endloop
  endfacet
  facet normal 1.000000 0.000000 0.000000
    outer loop
      vertex 103.000 -35.000 1.450
      vertex 103.000 -33.599 1.075
      vertex 103.000 -33.550 1.450
    endloop
  endfacet
  facet normal 0.000000 0.000000 1.000000
    outer loop
      vertex -108.000 -38.500 0.000
      vertex -103.000 -38.500 0.000
      vertex -103.000 -31.500 0.000
    endloop
  endfacet
  facet normal 0.000000 0.000000 1.000000
    outer loop
      vertex -108.000 -38.500 0.000
      vertex -103.000 -31.500 0.000
      vertex -108.000 -31.500 0.000
    endloop
  endfacet
  facet normal 0.000000 0.000000 -1.000000
    outer loop
      vertex -108.000 -38.500 2.900
      vertex -108.000 -31.500 2.900
      vertex -103.000 -31.500 2.900
    endloop
  endfacet
  facet normal 0.000000 0.000000 -1.000000
    outer loop
      vertex -108.000 -38.500 2.900
      vertex -103.000 -31.500 2.900
      vertex -103.000 -38.500 2.900
    endloop
  endfacet
  facet normal 0.000000 1.000000 0.000000
    outer loop
      vertex -108.000 -38.500 0.000
      vertex -108.000 -38.500 2.900
      vertex -103.000 -38.500 2.900
    endloop
  endfacet
  facet normal 0.000000 1.000000 0.000000
    outer loop
      vertex -108.000 -38.500 0.000
      vertex -103.000 -38.500 2.900
      vertex -103.000 -38.500 0.000
    endloop
  endfacet
  facet normal -1.000000 0.000000 0.000000
    outer loop
      vertex -103.000 -38.500 0.000
      vertex -103.000 -38.500 2.900
      vertex -103.000 -31.500 2.900
    endloop
  endfacet
  facet normal -1.000000 0.000000 0.000000
    outer loop
      vertex -103.000 -38.500 0.000
      vertex -103.000 -31.500 2.900
      vertex -103.000 -31.500 0.000
    endloop
  endfacet
  facet normal 0.000000 -1.000000 0.000000
    outer loop
      vertex -103.000 -31.500 0.000
      vertex -103.000 -31.500 2.900
      vertex -108.000 -31.500 2.900
    endloop
  endfacet
  facet normal 0.000000 -1.000000 0.000000
    outer loop
      vertex -103.000 -31.500 0.000
      vertex -108.000 -31.500 2.900
      vertex -108.000 -31.500 0.000
    endloop
  endfacet
  facet normal 1.000000 0.000000 0.000000
    outer loop
      vertex -108.000 -31.500 0.000
      vertex -108.000 -31.500 2.900
      vertex -108.000 -38.500 2.900
    endloop
  endfacet
  facet normal 1.000000 0.000000 0.000000
    outer loop
      vertex -108.000 -31.500 0.000
      vertex -108.000 -38.500 2.900
      vertex -108.000 -38.500 0.000
    endloop
  endfacet
endsolid food_caddy_k1se_hinge_kit_plate
