solid food_caddy_k1se_accessories_combined_plate_bed_centered
  facet normal 0.000000 -1.000000 0.000000
    outer loop
      vertex 26.750 31.100 0.000
      vertex 182.750 31.100 0.000
      vertex 182.750 31.100 2.000
    endloop
  endfacet
  facet normal 0.000000 -1.000000 0.000000
    outer loop
      vertex 26.750 31.100 0.000
      vertex 182.750 31.100 2.000
      vertex 26.750 31.100 2.000
    endloop
  endfacet
  facet normal 0.000000 1.000000 0.000000
    outer loop
      vertex 178.750 38.100 0.000
      vertex 30.750 38.100 0.000
      vertex 30.750 38.100 2.000
    endloop
  endfacet
  facet normal 0.000000 1.000000 0.000000
    outer loop
      vertex 178.750 38.100 0.000
      vertex 30.750 38.100 2.000
      vertex 178.750 38.100 2.000
    endloop
  endfacet
  facet normal 0.000000 0.000000 1.000000
    outer loop
      vertex 26.750 31.100 2.000
      vertex 182.750 31.100 2.000
      vertex 178.750 38.100 2.000
    endloop
  endfacet
  facet normal 0.000000 0.000000 1.000000
    outer loop
      vertex 26.750 31.100 2.000
      vertex 178.750 38.100 2.000
      vertex 30.750 38.100 2.000
    endloop
  endfacet
  facet normal 0.000000 0.000000 -1.000000
    outer loop
      vertex 182.750 31.100 0.000
      vertex 26.750 31.100 0.000
      vertex 30.750 38.100 0.000
    endloop
  endfacet
  facet normal 0.000000 0.000000 -1.000000
    outer loop
      vertex 182.750 31.100 0.000
      vertex 30.750 38.100 0.000
      vertex 178.750 38.100 0.000
    endloop
  endfacet
  facet normal 0.707107 -0.707107 0.000000
    outer loop
      vertex 182.750 31.100 0.000
      vertex 203.750 52.100 0.000
      vertex 203.750 52.100 2.000
    endloop
  endfacet
  facet normal 0.707107 -0.707107 0.000000
    outer loop
      vertex 182.750 31.100 0.000
      vertex 203.750 52.100 2.000
      vertex 182.750 31.100 2.000
    endloop
  endfacet
  facet normal -0.707107 0.707107 0.000000
    outer loop
      vertex 196.750 56.100 0.000
      vertex 178.750 38.100 0.000
      vertex 178.750 38.100 2.000
    endloop
  endfacet
  facet normal -0.707107 0.707107 0.000000
    outer loop
      vertex 196.750 56.100 0.000
      vertex 178.750 38.100 2.000
      vertex 196.750 56.100 2.000
    endloop
  endfacet
  facet normal 0.000000 0.000000 1.000000
    outer loop
      vertex 182.750 31.100 2.000
      vertex 203.750 52.100 2.000
      vertex 196.750 56.100 2.000
    endloop
  endfacet
  facet normal 0.000000 0.000000 1.000000
    outer loop
      vertex 182.750 31.100 2.000
      vertex 196.750 56.100 2.000
      vertex 178.750 38.100 2.000
    endloop
  endfacet
  facet normal 0.000000 0.000000 -1.000000
    outer loop
      vertex 203.750 52.100 0.000
      vertex 182.750 31.100 0.000
      vertex 178.750 38.100 0.000
    endloop
  endfacet
  facet normal 0.000000 0.000000 -1.000000
    outer loop
      vertex 203.750 52.100 0.000
      vertex 178.750 38.100 0.000
      vertex 196.750 56.100 0.000
    endloop
  endfacet
  facet normal 1.000000 0.000000 0.000000
    outer loop
      vertex 203.750 52.100 0.000
      vertex 203.750 168.100 0.000
      vertex 203.750 168.100 2.000
    endloop
  endfacet
  facet normal 1.000000 0.000000 0.000000
    outer loop
      vertex 203.750 52.100 0.000
      vertex 203.750 168.100 2.000
      vertex 203.750 52.100 2.000
    endloop
  endfacet
  facet normal -1.000000 0.000000 0.000000
    outer loop
      vertex 196.750 164.100 0.000
      vertex 196.750 56.100 0.000
      vertex 196.750 56.100 2.000
    endloop
  endfacet
  facet normal -1.000000 0.000000 0.000000
    outer loop
      vertex 196.750 164.100 0.000
      vertex 196.750 56.100 2.000
      vertex 196.750 164.100 2.000
    endloop
  endfacet
  facet normal 0.000000 0.000000 1.000000
    outer loop
      vertex 203.750 52.100 2.000
      vertex 203.750 168.100 2.000
      vertex 196.750 164.100 2.000
    endloop
  endfacet
  facet normal 0.000000 0.000000 1.000000
    outer loop
      vertex 203.750 52.100 2.000
      vertex 196.750 164.100 2.000
      vertex 196.750 56.100 2.000
    endloop
  endfacet
  facet normal 0.000000 0.000000 -1.000000
    outer loop
      vertex 203.750 168.100 0.000
      vertex 203.750 52.100 0.000
      vertex 196.750 56.100 0.000
    endloop
  endfacet
  facet normal 0.000000 0.000000 -1.000000
    outer loop
      vertex 203.750 168.100 0.000
      vertex 196.750 56.100 0.000
      vertex 196.750 164.100 0.000
    endloop
  endfacet
  facet normal 0.707107 0.707107 0.000000
    outer loop
      vertex 203.750 168.100 0.000
      vertex 182.750 189.100 0.000
      vertex 182.750 189.100 2.000
    endloop
  endfacet
  facet normal 0.707107 0.707107 0.000000
    outer loop
      vertex 203.750 168.100 0.000
      vertex 182.750 189.100 2.000
      vertex 203.750 168.100 2.000
    endloop
  endfacet
  facet normal -0.707107 -0.707107 0.000000
    outer loop
      vertex 178.750 182.100 0.000
      vertex 196.750 164.100 0.000
      vertex 196.750 164.100 2.000
    endloop
  endfacet
  facet normal -0.707107 -0.707107 0.000000
    outer loop
      vertex 178.750 182.100 0.000
      vertex 196.750 164.100 2.000
      vertex 178.750 182.100 2.000
    endloop
  endfacet
  facet normal 0.000000 0.000000 1.000000
    outer loop
      vertex 203.750 168.100 2.000
      vertex 182.750 189.100 2.000
      vertex 178.750 182.100 2.000
    endloop
  endfacet
  facet normal 0.000000 0.000000 1.000000
    outer loop
      vertex 203.750 168.100 2.000
      vertex 178.750 182.100 2.000
      vertex 196.750 164.100 2.000
    endloop
  endfacet
  facet normal 0.000000 0.000000 -1.000000
    outer loop
      vertex 182.750 189.100 0.000
      vertex 203.750 168.100 0.000
      vertex 196.750 164.100 0.000
    endloop
  endfacet
  facet normal 0.000000 0.000000 -1.000000
    outer loop
      vertex 182.750 189.100 0.000
      vertex 196.750 164.100 0.000
      vertex 178.750 182.100 0.000
    endloop
  endfacet
  facet normal 0.000000 1.000000 0.000000
    outer loop
      vertex 182.750 189.100 0.000
      vertex 26.750 189.100 0.000
      vertex 26.750 189.100 2.000
    endloop
  endfacet
  facet normal 0.000000 1.000000 0.000000
    outer loop
      vertex 182.750 189.100 0.000
      vertex 26.750 189.100 2.000
      vertex 182.750 189.100 2.000
    endloop
  endfacet
  facet normal 0.000000 -1.000000 0.000000
    outer loop
      vertex 30.750 182.100 0.000
      vertex 178.750 182.100 0.000
      vertex 178.750 182.100 2.000
    endloop
  endfacet
  facet normal 0.000000 -1.000000 0.000000
    outer loop
      vertex 30.750 182.100 0.000
      vertex 178.750 182.100 2.000
      vertex 30.750 182.100 2.000
    endloop
  endfacet
  facet normal 0.000000 0.000000 1.000000
    outer loop
      vertex 182.750 189.100 2.000
      vertex 26.750 189.100 2.000
      vertex 30.750 182.100 2.000
    endloop
  endfacet
  facet normal 0.000000 0.000000 1.000000
    outer loop
      vertex 182.750 189.100 2.000
      vertex 30.750 182.100 2.000
      vertex 178.750 182.100 2.000
    endloop
  endfacet
  facet normal 0.000000 0.000000 -1.000000
    outer loop
      vertex 26.750 189.100 0.000
      vertex 182.750 189.100 0.000
      vertex 178.750 182.100 0.000
    endloop
  endfacet
  facet normal 0.000000 0.000000 -1.000000
    outer loop
      vertex 26.750 189.100 0.000
      vertex 178.750 182.100 0.000
      vertex 30.750 182.100 0.000
    endloop
  endfacet
  facet normal -0.707107 0.707107 0.000000
    outer loop
      vertex 26.750 189.100 0.000
      vertex 5.750 168.100 0.000
      vertex 5.750 168.100 2.000
    endloop
  endfacet
  facet normal -0.707107 0.707107 0.000000
    outer loop
      vertex 26.750 189.100 0.000
      vertex 5.750 168.100 2.000
      vertex 26.750 189.100 2.000
    endloop
  endfacet
  facet normal 0.707107 -0.707107 0.000000
    outer loop
      vertex 12.750 164.100 0.000
      vertex 30.750 182.100 0.000
      vertex 30.750 182.100 2.000
    endloop
  endfacet
  facet normal 0.707107 -0.707107 0.000000
    outer loop
      vertex 12.750 164.100 0.000
      vertex 30.750 182.100 2.000
      vertex 12.750 164.100 2.000
    endloop
  endfacet
  facet normal 0.000000 0.000000 1.000000
    outer loop
      vertex 26.750 189.100 2.000
      vertex 5.750 168.100 2.000
      vertex 12.750 164.100 2.000
    endloop
  endfacet
  facet normal 0.000000 0.000000 1.000000
    outer loop
      vertex 26.750 189.100 2.000
      vertex 12.750 164.100 2.000
      vertex 30.750 182.100 2.000
    endloop
  endfacet
  facet normal 0.000000 0.000000 -1.000000
    outer loop
      vertex 5.750 168.100 0.000
      vertex 26.750 189.100 0.000
      vertex 30.750 182.100 0.000
    endloop
  endfacet
  facet normal 0.000000 0.000000 -1.000000
    outer loop
      vertex 5.750 168.100 0.000
      vertex 30.750 182.100 0.000
      vertex 12.750 164.100 0.000
    endloop
  endfacet
  facet normal -1.000000 0.000000 0.000000
    outer loop
      vertex 5.750 168.100 0.000
      vertex 5.750 52.100 0.000
      vertex 5.750 52.100 2.000
    endloop
  endfacet
  facet normal -1.000000 0.000000 0.000000
    outer loop
      vertex 5.750 168.100 0.000
      vertex 5.750 52.100 2.000
      vertex 5.750 168.100 2.000
    endloop
  endfacet
  facet normal 1.000000 0.000000 0.000000
    outer loop
      vertex 12.750 56.100 0.000
      vertex 12.750 164.100 0.000
      vertex 12.750 164.100 2.000
    endloop
  endfacet
  facet normal 1.000000 0.000000 0.000000
    outer loop
      vertex 12.750 56.100 0.000
      vertex 12.750 164.100 2.000
      vertex 12.750 56.100 2.000
    endloop
  endfacet
  facet normal 0.000000 0.000000 1.000000
    outer loop
      vertex 5.750 168.100 2.000
      vertex 5.750 52.100 2.000
      vertex 12.750 56.100 2.000
    endloop
  endfacet
  facet normal 0.000000 0.000000 1.000000
    outer loop
      vertex 5.750 168.100 2.000
      vertex 12.750 56.100 2.000
      vertex 12.750 164.100 2.000
    endloop
  endfacet
  facet normal 0.000000 0.000000 -1.000000
    outer loop
      vertex 5.750 52.100 0.000
      vertex 5.750 168.100 0.000
      vertex 12.750 164.100 0.000
    endloop
  endfacet
  facet normal 0.000000 0.000000 -1.000000
    outer loop
      vertex 5.750 52.100 0.000
      vertex 12.750 164.100 0.000
      vertex 12.750 56.100 0.000
    endloop
  endfacet
  facet normal -0.707107 -0.707107 0.000000
    outer loop
      vertex 5.750 52.100 0.000
      vertex 26.750 31.100 0.000
      vertex 26.750 31.100 2.000
    endloop
  endfacet
  facet normal -0.707107 -0.707107 0.000000
    outer loop
      vertex 5.750 52.100 0.000
      vertex 26.750 31.100 2.000
      vertex 5.750 52.100 2.000
    endloop
  endfacet
  facet normal 0.707107 0.707107 0.000000
    outer loop
      vertex 30.750 38.100 0.000
      vertex 12.750 56.100 0.000
      vertex 12.750 56.100 2.000
    endloop
  endfacet
  facet normal 0.707107 0.707107 0.000000
    outer loop
      vertex 30.750 38.100 0.000
      vertex 12.750 56.100 2.000
      vertex 30.750 38.100 2.000
    endloop
  endfacet
  facet normal 0.000000 0.000000 1.000000
    outer loop
      vertex 5.750 52.100 2.000
      vertex 26.750 31.100 2.000
      vertex 30.750 38.100 2.000
    endloop
  endfacet
  facet normal 0.000000 0.000000 1.000000
    outer loop
      vertex 5.750 52.100 2.000
      vertex 30.750 38.100 2.000
      vertex 12.750 56.100 2.000
    endloop
  endfacet
  facet normal 0.000000 0.000000 -1.000000
    outer loop
      vertex 26.750 31.100 0.000
      vertex 5.750 52.100 0.000
      vertex 12.750 56.100 0.000
    endloop
  endfacet
  facet normal 0.000000 0.000000 -1.000000
    outer loop
      vertex 26.750 31.100 0.000
      vertex 12.750 56.100 0.000
      vertex 30.750 38.100 0.000
    endloop
  endfacet
  facet normal 0.000000 0.000000 1.000000
    outer loop
      vertex 74.750 28.100 0.000
      vertex 134.750 28.100 0.000
      vertex 134.750 35.100 0.000
    endloop
  endfacet
  facet normal 0.000000 0.000000 1.000000
    outer loop
      vertex 74.750 28.100 0.000
      vertex 134.750 35.100 0.000
      vertex 74.750 35.100 0.000
    endloop
  endfacet
  facet normal 0.000000 0.000000 -1.000000
    outer loop
      vertex 74.750 28.100 4.000
      vertex 74.750 35.100 4.000
      vertex 134.750 35.100 4.000
    endloop
  endfacet
  facet normal 0.000000 0.000000 -1.000000
    outer loop
      vertex 74.750 28.100 4.000
      vertex 134.750 35.100 4.000
      vertex 134.750 28.100 4.000
    endloop
  endfacet
  facet normal 0.000000 1.000000 0.000000
    outer loop
      vertex 74.750 28.100 0.000
      vertex 74.750 28.100 4.000
      vertex 134.750 28.100 4.000
    endloop
  endfacet
  facet normal 0.000000 1.000000 0.000000
    outer loop
      vertex 74.750 28.100 0.000
      vertex 134.750 28.100 4.000
      vertex 134.750 28.100 0.000
    endloop
  endfacet
  facet normal -1.000000 0.000000 0.000000
    outer loop
      vertex 134.750 28.100 0.000
      vertex 134.750 28.100 4.000
      vertex 134.750 35.100 4.000
    endloop
  endfacet
  facet normal -1.000000 0.000000 0.000000
    outer loop
      vertex 134.750 28.100 0.000
      vertex 134.750 35.100 4.000
      vertex 134.750 35.100 0.000
    endloop
  endfacet
  facet normal 0.000000 -1.000000 0.000000
    outer loop
      vertex 134.750 35.100 0.000
      vertex 134.750 35.100 4.000
      vertex 74.750 35.100 4.000
    endloop
  endfacet
  facet normal 0.000000 -1.000000 0.000000
    outer loop
      vertex 134.750 35.100 0.000
      vertex 74.750 35.100 4.000
      vertex 74.750 35.100 0.000
    endloop
  endfacet
  facet normal 1.000000 0.000000 0.000000
    outer loop
      vertex 74.750 35.100 0.000
      vertex 74.750 35.100 4.000
      vertex 74.750 28.100 4.000
    endloop
  endfacet
  facet normal 1.000000 0.000000 0.000000
    outer loop
      vertex 74.750 35.100 0.000
      vertex 74.750 28.100 4.000
      vertex 74.750 28.100 0.000
    endloop
  endfacet
  facet normal 0.000000 0.000000 1.000000
    outer loop
      vertex 74.750 185.100 0.000
      vertex 134.750 185.100 0.000
      vertex 134.750 192.100 0.000
    endloop
  endfacet
  facet normal 0.000000 0.000000 1.000000
    outer loop
      vertex 74.750 185.100 0.000
      vertex 134.750 192.100 0.000
      vertex 74.750 192.100 0.000
    endloop
  endfacet
  facet normal 0.000000 0.000000 -1.000000
    outer loop
      vertex 74.750 185.100 4.000
      vertex 74.750 192.100 4.000
      vertex 134.750 192.100 4.000
    endloop
  endfacet
  facet normal 0.000000 0.000000 -1.000000
    outer loop
      vertex 74.750 185.100 4.000
      vertex 134.750 192.100 4.000
      vertex 134.750 185.100 4.000
    endloop
  endfacet
  facet normal 0.000000 1.000000 0.000000
    outer loop
      vertex 74.750 185.100 0.000
      vertex 74.750 185.100 4.000
      vertex 134.750 185.100 4.000
    endloop
  endfacet
  facet normal 0.000000 1.000000 0.000000
    outer loop
      vertex 74.750 185.100 0.000
      vertex 134.750 185.100 4.000
      vertex 134.750 185.100 0.000
    endloop
  endfacet
  facet normal -1.000000 0.000000 0.000000
    outer loop
      vertex 134.750 185.100 0.000
      vertex 134.750 185.100 4.000
      vertex 134.750 192.100 4.000
    endloop
  endfacet
  facet normal -1.000000 0.000000 0.000000
    outer loop
      vertex 134.750 185.100 0.000
      vertex 134.750 192.100 4.000
      vertex 134.750 192.100 0.000
    endloop
  endfacet
  facet normal 0.000000 -1.000000 0.000000
    outer loop
      vertex 134.750 192.100 0.000
      vertex 134.750 192.100 4.000
      vertex 74.750 192.100 4.000
    endloop
  endfacet
  facet normal 0.000000 -1.000000 0.000000
    outer loop
      vertex 134.750 192.100 0.000
      vertex 74.750 192.100 4.000
      vertex 74.750 192.100 0.000
    endloop
  endfacet
  facet normal 1.000000 0.000000 0.000000
    outer loop
      vertex 74.750 192.100 0.000
      vertex 74.750 192.100 4.000
      vertex 74.750 185.100 4.000
    endloop
  endfacet
  facet normal 1.000000 0.000000 0.000000
    outer loop
      vertex 74.750 192.100 0.000
      vertex 74.750 185.100 4.000
      vertex 74.750 185.100 0.000
    endloop
  endfacet
  facet normal 0.000000 0.000000 1.000000
    outer loop
      vertex 2.750 90.100 0.000
      vertex 9.750 90.100 0.000
      vertex 9.750 130.100 0.000
    endloop
  endfacet
  facet normal 0.000000 0.000000 1.000000
    outer loop
      vertex 2.750 90.100 0.000
      vertex 9.750 130.100 0.000
      vertex 2.750 130.100 0.000
    endloop
  endfacet
  facet normal 0.000000 0.000000 -1.000000
    outer loop
      vertex 2.750 90.100 4.000
      vertex 2.750 130.100 4.000
      vertex 9.750 130.100 4.000
    endloop
  endfacet
  facet normal 0.000000 0.000000 -1.000000
    outer loop
      vertex 2.750 90.100 4.000
      vertex 9.750 130.100 4.000
      vertex 9.750 90.100 4.000
    endloop
  endfacet
  facet normal 0.000000 1.000000 0.000000
    outer loop
      vertex 2.750 90.100 0.000
      vertex 2.750 90.100 4.000
      vertex 9.750 90.100 4.000
    endloop
  endfacet
  facet normal 0.000000 1.000000 0.000000
    outer loop
      vertex 2.750 90.100 0.000
      vertex 9.750 90.100 4.000
      vertex 9.750 90.100 0.000
    endloop
  endfacet
  facet normal -1.000000 0.000000 0.000000
    outer loop
      vertex 9.750 90.100 0.000
      vertex 9.750 90.100 4.000
      vertex 9.750 130.100 4.000
    endloop
  endfacet
  facet normal -1.000000 0.000000 0.000000
    outer loop
      vertex 9.750 90.100 0.000
      vertex 9.750 130.100 4.000
      vertex 9.750 130.100 0.000
    endloop
  endfacet
  facet normal 0.000000 -1.000000 0.000000
    outer loop
      vertex 9.750 130.100 0.000
      vertex 9.750 130.100 4.000
      vertex 2.750 130.100 4.000
    endloop
  endfacet
  facet normal 0.000000 -1.000000 0.000000
    outer loop
      vertex 9.750 130.100 0.000
      vertex 2.750 130.100 4.000
      vertex 2.750 130.100 0.000
    endloop
  endfacet
  facet normal 1.000000 0.000000 0.000000
    outer loop
      vertex 2.750 130.100 0.000
      vertex 2.750 130.100 4.000
      vertex 2.750 90.100 4.000
    endloop
  endfacet
  facet normal 1.000000 0.000000 0.000000
    outer loop
      vertex 2.750 130.100 0.000
      vertex 2.750 90.100 4.000
      vertex 2.750 90.100 0.000
    endloop
  endfacet
  facet normal 0.000000 0.000000 1.000000
    outer loop
      vertex 199.750 90.100 0.000
      vertex 206.750 90.100 0.000
      vertex 206.750 130.100 0.000
    endloop
  endfacet
  facet normal 0.000000 0.000000 1.000000
    outer loop
      vertex 199.750 90.100 0.000
      vertex 206.750 130.100 0.000
      vertex 199.750 130.100 0.000
    endloop
  endfacet
  facet normal 0.000000 0.000000 -1.000000
    outer loop
      vertex 199.750 90.100 4.000
      vertex 199.750 130.100 4.000
      vertex 206.750 130.100 4.000
    endloop
  endfacet
  facet normal 0.000000 0.000000 -1.000000
    outer loop
      vertex 199.750 90.100 4.000
      vertex 206.750 130.100 4.000
      vertex 206.750 90.100 4.000
    endloop
  endfacet
  facet normal 0.000000 1.000000 0.000000
    outer loop
      vertex 199.750 90.100 0.000
      vertex 199.750 90.100 4.000
      vertex 206.750 90.100 4.000
    endloop
  endfacet
  facet normal 0.000000 1.000000 0.000000
    outer loop
      vertex 199.750 90.100 0.000
      vertex 206.750 90.100 4.000
      vertex 206.750 90.100 0.000
    endloop
  endfacet
  facet normal -1.000000 0.000000 0.000000
    outer loop
      vertex 206.750 90.100 0.000
      vertex 206.750 90.100 4.000
      vertex 206.750 130.100 4.000
    endloop
  endfacet
  facet normal -1.000000 0.000000 0.000000
    outer loop
      vertex 206.750 90.100 0.000
      vertex 206.750 130.100 4.000
      vertex 206.750 130.100 0.000
    endloop
  endfacet
  facet normal 0.000000 -1.000000 0.000000
    outer loop
      vertex 206.750 130.100 0.000
      vertex 206.750 130.100 4.000
      vertex 199.750 130.100 4.000
    endloop
  endfacet
  facet normal 0.000000 -1.000000 0.000000
    outer loop
      vertex 206.750 130.100 0.000
      vertex 199.750 130.100 4.000
      vertex 199.750 130.100 0.000
    endloop
  endfacet
  facet normal 1.000000 0.000000 0.000000
    outer loop
      vertex 199.750 130.100 0.000
      vertex 199.750 130.100 4.000
      vertex 199.750 90.100 4.000
    endloop
  endfacet
  facet normal 1.000000 0.000000 0.000000
    outer loop
      vertex 199.750 130.100 0.000
      vertex 199.750 90.100 4.000
      vertex 199.750 90.100 0.000
    endloop
  endfacet
  facet normal 0.000000 0.000000 1.000000
    outer loop
      vertex 69.750 60.100 3.400
      vertex 88.750 60.100 3.400
      vertex 88.750 160.100 3.400
    endloop
  endfacet
  facet normal 0.000000 0.000000 1.000000
    outer loop
      vertex 69.750 60.100 3.400
      vertex 88.750 160.100 3.400
      vertex 69.750 160.100 3.400
    endloop
  endfacet
  facet normal 0.000000 0.000000 -1.000000
    outer loop
      vertex 69.750 60.100 0.000
      vertex 69.750 160.100 0.000
      vertex 88.750 160.100 0.000
    endloop
  endfacet
  facet normal 0.000000 0.000000 -1.000000
    outer loop
      vertex 69.750 60.100 0.000
      vertex 88.750 160.100 0.000
      vertex 88.750 60.100 0.000
    endloop
  endfacet
  facet normal 0.000000 -1.000000 0.000000
    outer loop
      vertex 69.750 60.100 3.400
      vertex 69.750 60.100 0.000
      vertex 88.750 60.100 0.000
    endloop
  endfacet
  facet normal 0.000000 -1.000000 0.000000
    outer loop
      vertex 69.750 60.100 3.400
      vertex 88.750 60.100 0.000
      vertex 88.750 60.100 3.400
    endloop
  endfacet
  facet normal 1.000000 0.000000 0.000000
    outer loop
      vertex 88.750 60.100 3.400
      vertex 88.750 60.100 0.000
      vertex 88.750 160.100 0.000
    endloop
  endfacet
  facet normal 1.000000 0.000000 0.000000
    outer loop
      vertex 88.750 60.100 3.400
      vertex 88.750 160.100 0.000
      vertex 88.750 160.100 3.400
    endloop
  endfacet
  facet normal 0.000000 1.000000 0.000000
    outer loop
      vertex 88.750 160.100 3.400
      vertex 88.750 160.100 0.000
      vertex 69.750 160.100 0.000
    endloop
  endfacet
  facet normal 0.000000 1.000000 0.000000
    outer loop
      vertex 88.750 160.100 3.400
      vertex 69.750 160.100 0.000
      vertex 69.750 160.100 3.400
    endloop
  endfacet
  facet normal -1.000000 0.000000 0.000000
    outer loop
      vertex 69.750 160.100 3.400
      vertex 69.750 160.100 0.000
      vertex 69.750 60.100 0.000
    endloop
  endfacet
  facet normal -1.000000 0.000000 0.000000
    outer loop
      vertex 69.750 160.100 3.400
      vertex 69.750 60.100 0.000
      vertex 69.750 60.100 3.400
    endloop
  endfacet
  facet normal 0.000000 0.000000 1.000000
    outer loop
      vertex 69.750 60.100 12.000
      vertex 72.750 60.100 12.000
      vertex 72.750 160.100 12.000
    endloop
  endfacet
  facet normal 0.000000 0.000000 1.000000
    outer loop
      vertex 69.750 60.100 12.000
      vertex 72.750 160.100 12.000
      vertex 69.750 160.100 12.000
    endloop
  endfacet
  facet normal 0.000000 0.000000 -1.000000
    outer loop
      vertex 69.750 60.100 0.000
      vertex 69.750 160.100 0.000
      vertex 72.750 160.100 0.000
    endloop
  endfacet
  facet normal 0.000000 0.000000 -1.000000
    outer loop
      vertex 69.750 60.100 0.000
      vertex 72.750 160.100 0.000
      vertex 72.750 60.100 0.000
    endloop
  endfacet
  facet normal 0.000000 -1.000000 0.000000
    outer loop
      vertex 69.750 60.100 12.000
      vertex 69.750 60.100 0.000
      vertex 72.750 60.100 0.000
    endloop
  endfacet
  facet normal 0.000000 -1.000000 0.000000
    outer loop
      vertex 69.750 60.100 12.000
      vertex 72.750 60.100 0.000
      vertex 72.750 60.100 12.000
    endloop
  endfacet
  facet normal 1.000000 0.000000 0.000000
    outer loop
      vertex 72.750 60.100 12.000
      vertex 72.750 60.100 0.000
      vertex 72.750 160.100 0.000
    endloop
  endfacet
  facet normal 1.000000 0.000000 0.000000
    outer loop
      vertex 72.750 60.100 12.000
      vertex 72.750 160.100 0.000
      vertex 72.750 160.100 12.000
    endloop
  endfacet
  facet normal 0.000000 1.000000 0.000000
    outer loop
      vertex 72.750 160.100 12.000
      vertex 72.750 160.100 0.000
      vertex 69.750 160.100 0.000
    endloop
  endfacet
  facet normal 0.000000 1.000000 0.000000
    outer loop
      vertex 72.750 160.100 12.000
      vertex 69.750 160.100 0.000
      vertex 69.750 160.100 12.000
    endloop
  endfacet
  facet normal -1.000000 0.000000 0.000000
    outer loop
      vertex 69.750 160.100 12.000
      vertex 69.750 160.100 0.000
      vertex 69.750 60.100 0.000
    endloop
  endfacet
  facet normal -1.000000 0.000000 0.000000
    outer loop
      vertex 69.750 160.100 12.000
      vertex 69.750 60.100 0.000
      vertex 69.750 60.100 12.000
    endloop
  endfacet
  facet normal 0.000000 0.000000 1.000000
    outer loop
      vertex 82.750 60.100 15.000
      vertex 87.750 60.100 15.000
      vertex 87.750 160.100 15.000
    endloop
  endfacet
  facet normal 0.000000 0.000000 1.000000
    outer loop
      vertex 82.750 60.100 15.000
      vertex 87.750 160.100 15.000
      vertex 82.750 160.100 15.000
    endloop
  endfacet
  facet normal 0.000000 0.000000 -1.000000
    outer loop
      vertex 82.750 60.100 11.300
      vertex 82.750 160.100 11.300
      vertex 87.750 160.100 11.300
    endloop
  endfacet
  facet normal 0.000000 0.000000 -1.000000
    outer loop
      vertex 82.750 60.100 11.300
      vertex 87.750 160.100 11.300
      vertex 87.750 60.100 11.300
    endloop
  endfacet
  facet normal 0.000000 -1.000000 0.000000
    outer loop
      vertex 82.750 60.100 15.000
      vertex 82.750 60.100 11.300
      vertex 87.750 60.100 11.300
    endloop
  endfacet
  facet normal 0.000000 -1.000000 0.000000
    outer loop
      vertex 82.750 60.100 15.000
      vertex 87.750 60.100 11.300
      vertex 87.750 60.100 15.000
    endloop
  endfacet
  facet normal 1.000000 0.000000 0.000000
    outer loop
      vertex 87.750 60.100 15.000
      vertex 87.750 60.100 11.300
      vertex 87.750 160.100 11.300
    endloop
  endfacet
  facet normal 1.000000 0.000000 0.000000
    outer loop
      vertex 87.750 60.100 15.000
      vertex 87.750 160.100 11.300
      vertex 87.750 160.100 15.000
    endloop
  endfacet
  facet normal 0.000000 1.000000 0.000000
    outer loop
      vertex 87.750 160.100 15.000
      vertex 87.750 160.100 11.300
      vertex 82.750 160.100 11.300
    endloop
  endfacet
  facet normal 0.000000 1.000000 0.000000
    outer loop
      vertex 87.750 160.100 15.000
      vertex 82.750 160.100 11.300
      vertex 82.750 160.100 15.000
    endloop
  endfacet
  facet normal -1.000000 0.000000 0.000000
    outer loop
      vertex 82.750 160.100 15.000
      vertex 82.750 160.100 11.300
      vertex 82.750 60.100 11.300
    endloop
  endfacet
  facet normal -1.000000 0.000000 0.000000
    outer loop
      vertex 82.750 160.100 15.000
      vertex 82.750 60.100 11.300
      vertex 82.750 60.100 15.000
    endloop
  endfacet
  facet normal 0.969416 0.000000 -0.245422
    outer loop
      vertex 87.550 60.100 11.300
      vertex 85.550 60.100 3.400
      vertex 85.550 160.100 3.400
    endloop
  endfacet
  facet normal 0.969416 0.000000 -0.245422
    outer loop
      vertex 87.550 60.100 11.300
      vertex 85.550 160.100 3.400
      vertex 87.550 160.100 11.300
    endloop
  endfacet
  facet normal 0.000000 0.000000 -1.000000
    outer loop
      vertex 85.550 60.100 3.400
      vertex 83.250 60.100 3.400
      vertex 83.250 160.100 3.400
    endloop
  endfacet
  facet normal 0.000000 0.000000 -1.000000
    outer loop
      vertex 85.550 60.100 3.400
      vertex 83.250 160.100 3.400
      vertex 85.550 160.100 3.400
    endloop
  endfacet
  facet normal -0.969416 0.000000 0.245422
    outer loop
      vertex 83.250 60.100 3.400
      vertex 85.250 60.100 11.300
      vertex 85.250 160.100 11.300
    endloop
  endfacet
  facet normal -0.969416 0.000000 0.245422
    outer loop
      vertex 83.250 60.100 3.400
      vertex 85.250 160.100 11.300
      vertex 83.250 160.100 3.400
    endloop
  endfacet
  facet normal 0.000000 0.000000 1.000000
    outer loop
      vertex 85.250 60.100 11.300
      vertex 87.550 60.100 11.300
      vertex 87.550 160.100 11.300
    endloop
  endfacet
  facet normal 0.000000 0.000000 1.000000
    outer loop
      vertex 85.250 60.100 11.300
      vertex 87.550 160.100 11.300
      vertex 85.250 160.100 11.300
    endloop
  endfacet
  facet normal 0.000000 -1.000000 0.000000
    outer loop
      vertex 85.400 60.100 7.350
      vertex 85.550 60.100 3.400
      vertex 87.550 60.100 11.300
    endloop
  endfacet
  facet normal 0.000000 -1.000000 0.000000
    outer loop
      vertex 85.400 60.100 7.350
      vertex 83.250 60.100 3.400
      vertex 85.550 60.100 3.400
    endloop
  endfacet
  facet normal 0.000000 -1.000000 0.000000
    outer loop
      vertex 85.400 60.100 7.350
      vertex 85.250 60.100 11.300
      vertex 83.250 60.100 3.400
    endloop
  endfacet
  facet normal 0.000000 -1.000000 0.000000
    outer loop
      vertex 85.400 60.100 7.350
      vertex 87.550 60.100 11.300
      vertex 85.250 60.100 11.300
    endloop
  endfacet
  facet normal 0.000000 1.000000 0.000000
    outer loop
      vertex 85.400 160.100 7.350
      vertex 87.550 160.100 11.300
      vertex 85.550 160.100 3.400
    endloop
  endfacet
  facet normal 0.000000 1.000000 0.000000
    outer loop
      vertex 85.400 160.100 7.350
      vertex 85.550 160.100 3.400
      vertex 83.250 160.100 3.400
    endloop
  endfacet
  facet normal 0.000000 1.000000 0.000000
    outer loop
      vertex 85.400 160.100 7.350
      vertex 83.250 160.100 3.400
      vertex 85.250 160.100 11.300
    endloop
  endfacet
  facet normal 0.000000 1.000000 0.000000
    outer loop
      vertex 85.400 160.100 7.350
      vertex 85.250 160.100 11.300
      vertex 87.550 160.100 11.300
    endloop
  endfacet
  facet normal 0.000000 0.000000 1.000000
    outer loop
      vertex 120.750 60.100 3.400
      vertex 139.750 60.100 3.400
      vertex 139.750 160.100 3.400
    endloop
  endfacet
  facet normal 0.000000 0.000000 1.000000
    outer loop
      vertex 120.750 60.100 3.400
      vertex 139.750 160.100 3.400
      vertex 120.750 160.100 3.400
    endloop
  endfacet
  facet normal 0.000000 0.000000 -1.000000
    outer loop
      vertex 120.750 60.100 0.000
      vertex 120.750 160.100 0.000
      vertex 139.750 160.100 0.000
    endloop
  endfacet
  facet normal 0.000000 0.000000 -1.000000
    outer loop
      vertex 120.750 60.100 0.000
      vertex 139.750 160.100 0.000
      vertex 139.750 60.100 0.000
    endloop
  endfacet
  facet normal 0.000000 -1.000000 0.000000
    outer loop
      vertex 120.750 60.100 3.400
      vertex 120.750 60.100 0.000
      vertex 139.750 60.100 0.000
    endloop
  endfacet
  facet normal 0.000000 -1.000000 0.000000
    outer loop
      vertex 120.750 60.100 3.400
      vertex 139.750 60.100 0.000
      vertex 139.750 60.100 3.400
    endloop
  endfacet
  facet normal 1.000000 0.000000 0.000000
    outer loop
      vertex 139.750 60.100 3.400
      vertex 139.750 60.100 0.000
      vertex 139.750 160.100 0.000
    endloop
  endfacet
  facet normal 1.000000 0.000000 0.000000
    outer loop
      vertex 139.750 60.100 3.400
      vertex 139.750 160.100 0.000
      vertex 139.750 160.100 3.400
    endloop
  endfacet
  facet normal 0.000000 1.000000 0.000000
    outer loop
      vertex 139.750 160.100 3.400
      vertex 139.750 160.100 0.000
      vertex 120.750 160.100 0.000
    endloop
  endfacet
  facet normal 0.000000 1.000000 0.000000
    outer loop
      vertex 139.750 160.100 3.400
      vertex 120.750 160.100 0.000
      vertex 120.750 160.100 3.400
    endloop
  endfacet
  facet normal -1.000000 0.000000 0.000000
    outer loop
      vertex 120.750 160.100 3.400
      vertex 120.750 160.100 0.000
      vertex 120.750 60.100 0.000
    endloop
  endfacet
  facet normal -1.000000 0.000000 0.000000
    outer loop
      vertex 120.750 160.100 3.400
      vertex 120.750 60.100 0.000
      vertex 120.750 60.100 3.400
    endloop
  endfacet
  facet normal 0.000000 0.000000 1.000000
    outer loop
      vertex 136.750 60.100 12.000
      vertex 139.750 60.100 12.000
      vertex 139.750 160.100 12.000
    endloop
  endfacet
  facet normal 0.000000 0.000000 1.000000
    outer loop
      vertex 136.750 60.100 12.000
      vertex 139.750 160.100 12.000
      vertex 136.750 160.100 12.000
    endloop
  endfacet
  facet normal 0.000000 0.000000 -1.000000
    outer loop
      vertex 136.750 60.100 0.000
      vertex 136.750 160.100 0.000
      vertex 139.750 160.100 0.000
    endloop
  endfacet
  facet normal 0.000000 0.000000 -1.000000
    outer loop
      vertex 136.750 60.100 0.000
      vertex 139.750 160.100 0.000
      vertex 139.750 60.100 0.000
    endloop
  endfacet
  facet normal 0.000000 -1.000000 0.000000
    outer loop
      vertex 136.750 60.100 12.000
      vertex 136.750 60.100 0.000
      vertex 139.750 60.100 0.000
    endloop
  endfacet
  facet normal 0.000000 -1.000000 0.000000
    outer loop
      vertex 136.750 60.100 12.000
      vertex 139.750 60.100 0.000
      vertex 139.750 60.100 12.000
    endloop
  endfacet
  facet normal 1.000000 0.000000 0.000000
    outer loop
      vertex 139.750 60.100 12.000
      vertex 139.750 60.100 0.000
      vertex 139.750 160.100 0.000
    endloop
  endfacet
  facet normal 1.000000 0.000000 0.000000
    outer loop
      vertex 139.750 60.100 12.000
      vertex 139.750 160.100 0.000
      vertex 139.750 160.100 12.000
    endloop
  endfacet
  facet normal 0.000000 1.000000 0.000000
    outer loop
      vertex 139.750 160.100 12.000
      vertex 139.750 160.100 0.000
      vertex 136.750 160.100 0.000
    endloop
  endfacet
  facet normal 0.000000 1.000000 0.000000
    outer loop
      vertex 139.750 160.100 12.000
      vertex 136.750 160.100 0.000
      vertex 136.750 160.100 12.000
    endloop
  endfacet
  facet normal -1.000000 0.000000 0.000000
    outer loop
      vertex 136.750 160.100 12.000
      vertex 136.750 160.100 0.000
      vertex 136.750 60.100 0.000
    endloop
  endfacet
  facet normal -1.000000 0.000000 0.000000
    outer loop
      vertex 136.750 160.100 12.000
      vertex 136.750 60.100 0.000
      vertex 136.750 60.100 12.000
    endloop
  endfacet
  facet normal 0.000000 0.000000 1.000000
    outer loop
      vertex 121.750 60.100 15.000
      vertex 126.750 60.100 15.000
      vertex 126.750 160.100 15.000
    endloop
  endfacet
  facet normal 0.000000 0.000000 1.000000
    outer loop
      vertex 121.750 60.100 15.000
      vertex 126.750 160.100 15.000
      vertex 121.750 160.100 15.000
    endloop
  endfacet
  facet normal 0.000000 0.000000 -1.000000
    outer loop
      vertex 121.750 60.100 11.300
      vertex 121.750 160.100 11.300
      vertex 126.750 160.100 11.300
    endloop
  endfacet
  facet normal 0.000000 0.000000 -1.000000
    outer loop
      vertex 121.750 60.100 11.300
      vertex 126.750 160.100 11.300
      vertex 126.750 60.100 11.300
    endloop
  endfacet
  facet normal 0.000000 -1.000000 0.000000
    outer loop
      vertex 121.750 60.100 15.000
      vertex 121.750 60.100 11.300
      vertex 126.750 60.100 11.300
    endloop
  endfacet
  facet normal 0.000000 -1.000000 0.000000
    outer loop
      vertex 121.750 60.100 15.000
      vertex 126.750 60.100 11.300
      vertex 126.750 60.100 15.000
    endloop
  endfacet
  facet normal 1.000000 0.000000 0.000000
    outer loop
      vertex 126.750 60.100 15.000
      vertex 126.750 60.100 11.300
      vertex 126.750 160.100 11.300
    endloop
  endfacet
  facet normal 1.000000 0.000000 0.000000
    outer loop
      vertex 126.750 60.100 15.000
      vertex 126.750 160.100 11.300
      vertex 126.750 160.100 15.000
    endloop
  endfacet
  facet normal 0.000000 1.000000 0.000000
    outer loop
      vertex 126.750 160.100 15.000
      vertex 126.750 160.100 11.300
      vertex 121.750 160.100 11.300
    endloop
  endfacet
  facet normal 0.000000 1.000000 0.000000
    outer loop
      vertex 126.750 160.100 15.000
      vertex 121.750 160.100 11.300
      vertex 121.750 160.100 15.000
    endloop
  endfacet
  facet normal -1.000000 0.000000 0.000000
    outer loop
      vertex 121.750 160.100 15.000
      vertex 121.750 160.100 11.300
      vertex 121.750 60.100 11.300
    endloop
  endfacet
  facet normal -1.000000 0.000000 0.000000
    outer loop
      vertex 121.750 160.100 15.000
      vertex 121.750 60.100 11.300
      vertex 121.750 60.100 15.000
    endloop
  endfacet
  facet normal 0.969416 0.000000 0.245422
    outer loop
      vertex 121.950 60.100 11.300
      vertex 123.950 60.100 3.400
      vertex 123.950 160.100 3.400
    endloop
  endfacet
  facet normal 0.969416 0.000000 0.245422
    outer loop
      vertex 121.950 60.100 11.300
      vertex 123.950 160.100 3.400
      vertex 121.950 160.100 11.300
    endloop
  endfacet
  facet normal 0.000000 0.000000 1.000000
    outer loop
      vertex 123.950 60.100 3.400
      vertex 126.250 60.100 3.400
      vertex 126.250 160.100 3.400
    endloop
  endfacet
  facet normal 0.000000 0.000000 1.000000
    outer loop
      vertex 123.950 60.100 3.400
      vertex 126.250 160.100 3.400
      vertex 123.950 160.100 3.400
    endloop
  endfacet
  facet normal -0.969416 0.000000 -0.245422
    outer loop
      vertex 126.250 60.100 3.400
      vertex 124.250 60.100 11.300
      vertex 124.250 160.100 11.300
    endloop
  endfacet
  facet normal -0.969416 0.000000 -0.245422
    outer loop
      vertex 126.250 60.100 3.400
      vertex 124.250 160.100 11.300
      vertex 126.250 160.100 3.400
    endloop
  endfacet
  facet normal 0.000000 0.000000 -1.000000
    outer loop
      vertex 124.250 60.100 11.300
      vertex 121.950 60.100 11.300
      vertex 121.950 160.100 11.300
    endloop
  endfacet
  facet normal 0.000000 0.000000 -1.000000
    outer loop
      vertex 124.250 60.100 11.300
      vertex 121.950 160.100 11.300
      vertex 124.250 160.100 11.300
    endloop
  endfacet
  facet normal 0.000000 1.000000 0.000000
    outer loop
      vertex 124.100 60.100 7.350
      vertex 123.950 60.100 3.400
      vertex 121.950 60.100 11.300
    endloop
  endfacet
  facet normal 0.000000 1.000000 0.000000
    outer loop
      vertex 124.100 60.100 7.350
      vertex 126.250 60.100 3.400
      vertex 123.950 60.100 3.400
    endloop
  endfacet
  facet normal 0.000000 1.000000 0.000000
    outer loop
      vertex 124.100 60.100 7.350
      vertex 124.250 60.100 11.300
      vertex 126.250 60.100 3.400
    endloop
  endfacet
  facet normal 0.000000 1.000000 0.000000
    outer loop
      vertex 124.100 60.100 7.350
      vertex 121.950 60.100 11.300
      vertex 124.250 60.100 11.300
    endloop
  endfacet
  facet normal 0.000000 -1.000000 0.000000
    outer loop
      vertex 124.100 160.100 7.350
      vertex 121.950 160.100 11.300
      vertex 123.950 160.100 3.400
    endloop
  endfacet
  facet normal 0.000000 -1.000000 0.000000
    outer loop
      vertex 124.100 160.100 7.350
      vertex 123.950 160.100 3.400
      vertex 126.250 160.100 3.400
    endloop
  endfacet
  facet normal 0.000000 -1.000000 0.000000
    outer loop
      vertex 124.100 160.100 7.350
      vertex 126.250 160.100 3.400
      vertex 124.250 160.100 11.300
    endloop
  endfacet
  facet normal 0.000000 -1.000000 0.000000
    outer loop
      vertex 124.100 160.100 7.350
      vertex 124.250 160.100 11.300
      vertex 121.950 160.100 11.300
    endloop
  endfacet
  facet normal 0.000000 0.000000 1.000000
    outer loop
      vertex 6.750 196.100 10.000
      vertex 202.750 196.100 10.000
      vertex 202.750 210.100 10.000
    endloop
  endfacet
  facet normal 0.000000 0.000000 1.000000
    outer loop
      vertex 6.750 196.100 10.000
      vertex 202.750 210.100 10.000
      vertex 6.750 210.100 10.000
    endloop
  endfacet
  facet normal 0.000000 0.000000 -1.000000
    outer loop
      vertex 6.750 196.100 14.000
      vertex 6.750 210.100 14.000
      vertex 202.750 210.100 14.000
    endloop
  endfacet
  facet normal 0.000000 0.000000 -1.000000
    outer loop
      vertex 6.750 196.100 14.000
      vertex 202.750 210.100 14.000
      vertex 202.750 196.100 14.000
    endloop
  endfacet
  facet normal 0.000000 1.000000 0.000000
    outer loop
      vertex 6.750 196.100 10.000
      vertex 6.750 196.100 14.000
      vertex 202.750 196.100 14.000
    endloop
  endfacet
  facet normal 0.000000 1.000000 0.000000
    outer loop
      vertex 6.750 196.100 10.000
      vertex 202.750 196.100 14.000
      vertex 202.750 196.100 10.000
    endloop
  endfacet
  facet normal -1.000000 0.000000 0.000000
    outer loop
      vertex 202.750 196.100 10.000
      vertex 202.750 196.100 14.000
      vertex 202.750 210.100 14.000
    endloop
  endfacet
  facet normal -1.000000 0.000000 0.000000
    outer loop
      vertex 202.750 196.100 10.000
      vertex 202.750 210.100 14.000
      vertex 202.750 210.100 10.000
    endloop
  endfacet
  facet normal 0.000000 -1.000000 0.000000
    outer loop
      vertex 202.750 210.100 10.000
      vertex 202.750 210.100 14.000
      vertex 6.750 210.100 14.000
    endloop
  endfacet
  facet normal 0.000000 -1.000000 0.000000
    outer loop
      vertex 202.750 210.100 10.000
      vertex 6.750 210.100 14.000
      vertex 6.750 210.100 10.000
    endloop
  endfacet
  facet normal 1.000000 0.000000 0.000000
    outer loop
      vertex 6.750 210.100 10.000
      vertex 6.750 210.100 14.000
      vertex 6.750 196.100 14.000
    endloop
  endfacet
  facet normal 1.000000 0.000000 0.000000
    outer loop
      vertex 6.750 210.100 10.000
      vertex 6.750 196.100 14.000
      vertex 6.750 196.100 10.000
    endloop
  endfacet
  facet normal 0.000000 0.000000 1.000000
    outer loop
      vertex 6.750 196.100 0.000
      vertex 202.750 196.100 0.000
      vertex 202.750 200.100 0.000
    endloop
  endfacet
  facet normal 0.000000 0.000000 1.000000
    outer loop
      vertex 6.750 196.100 0.000
      vertex 202.750 200.100 0.000
      vertex 6.750 200.100 0.000
    endloop
  endfacet
  facet normal 0.000000 0.000000 -1.000000
    outer loop
      vertex 6.750 196.100 14.000
      vertex 6.750 200.100 14.000
      vertex 202.750 200.100 14.000
    endloop
  endfacet
  facet normal 0.000000 0.000000 -1.000000
    outer loop
      vertex 6.750 196.100 14.000
      vertex 202.750 200.100 14.000
      vertex 202.750 196.100 14.000
    endloop
  endfacet
  facet normal 0.000000 1.000000 0.000000
    outer loop
      vertex 6.750 196.100 0.000
      vertex 6.750 196.100 14.000
      vertex 202.750 196.100 14.000
    endloop
  endfacet
  facet normal 0.000000 1.000000 0.000000
    outer loop
      vertex 6.750 196.100 0.000
      vertex 202.750 196.100 14.000
      vertex 202.750 196.100 0.000
    endloop
  endfacet
  facet normal -1.000000 0.000000 0.000000
    outer loop
      vertex 202.750 196.100 0.000
      vertex 202.750 196.100 14.000
      vertex 202.750 200.100 14.000
    endloop
  endfacet
  facet normal -1.000000 0.000000 0.000000
    outer loop
      vertex 202.750 196.100 0.000
      vertex 202.750 200.100 14.000
      vertex 202.750 200.100 0.000
    endloop
  endfacet
  facet normal 0.000000 -1.000000 0.000000
    outer loop
      vertex 202.750 200.100 0.000
      vertex 202.750 200.100 14.000
      vertex 6.750 200.100 14.000
    endloop
  endfacet
  facet normal 0.000000 -1.000000 0.000000
    outer loop
      vertex 202.750 200.100 0.000
      vertex 6.750 200.100 14.000
      vertex 6.750 200.100 0.000
    endloop
  endfacet
  facet normal 1.000000 0.000000 0.000000
    outer loop
      vertex 6.750 200.100 0.000
      vertex 6.750 200.100 14.000
      vertex 6.750 196.100 14.000
    endloop
  endfacet
  facet normal 1.000000 0.000000 0.000000
    outer loop
      vertex 6.750 200.100 0.000
      vertex 6.750 196.100 14.000
      vertex 6.750 196.100 0.000
    endloop
  endfacet
  facet normal 0.000000 0.000000 1.000000
    outer loop
      vertex 6.750 206.100 0.000
      vertex 202.750 206.100 0.000
      vertex 202.750 210.100 0.000
    endloop
  endfacet
  facet normal 0.000000 0.000000 1.000000
    outer loop
      vertex 6.750 206.100 0.000
      vertex 202.750 210.100 0.000
      vertex 6.750 210.100 0.000
    endloop
  endfacet
  facet normal 0.000000 0.000000 -1.000000
    outer loop
      vertex 6.750 206.100 14.000
      vertex 6.750 210.100 14.000
      vertex 202.750 210.100 14.000
    endloop
  endfacet
  facet normal 0.000000 0.000000 -1.000000
    outer loop
      vertex 6.750 206.100 14.000
      vertex 202.750 210.100 14.000
      vertex 202.750 206.100 14.000
    endloop
  endfacet
  facet normal 0.000000 1.000000 0.000000
    outer loop
      vertex 6.750 206.100 0.000
      vertex 6.750 206.100 14.000
      vertex 202.750 206.100 14.000
    endloop
  endfacet
  facet normal 0.000000 1.000000 0.000000
    outer loop
      vertex 6.750 206.100 0.000
      vertex 202.750 206.100 14.000
      vertex 202.750 206.100 0.000
    endloop
  endfacet
  facet normal -1.000000 0.000000 0.000000
    outer loop
      vertex 202.750 206.100 0.000
      vertex 202.750 206.100 14.000
      vertex 202.750 210.100 14.000
    endloop
  endfacet
  facet normal -1.000000 0.000000 0.000000
    outer loop
      vertex 202.750 206.100 0.000
      vertex 202.750 210.100 14.000
      vertex 202.750 210.100 0.000
    endloop
  endfacet
  facet normal 0.000000 -1.000000 0.000000
    outer loop
      vertex 202.750 210.100 0.000
      vertex 202.750 210.100 14.000
      vertex 6.750 210.100 14.000
    endloop
  endfacet
  facet normal 0.000000 -1.000000 0.000000
    outer loop
      vertex 202.750 210.100 0.000
      vertex 6.750 210.100 14.000
      vertex 6.750 210.100 0.000
    endloop
  endfacet
  facet normal 1.000000 0.000000 0.000000
    outer loop
      vertex 6.750 210.100 0.000
      vertex 6.750 210.100 14.000
      vertex 6.750 206.100 14.000
    endloop
  endfacet
  facet normal 1.000000 0.000000 0.000000
    outer loop
      vertex 6.750 210.100 0.000
      vertex 6.750 206.100 14.000
      vertex 6.750 206.100 0.000
    endloop
  endfacet
  facet normal 0.000000 0.000000 1.000000
    outer loop
      vertex 16.750 200.100 0.000
      vertex 192.750 200.100 0.000
      vertex 192.750 202.300 0.000
    endloop
  endfacet
  facet normal 0.000000 0.000000 1.000000
    outer loop
      vertex 16.750 200.100 0.000
      vertex 192.750 202.300 0.000
      vertex 16.750 202.300 0.000
    endloop
  endfacet
  facet normal 0.000000 0.000000 -1.000000
    outer loop
      vertex 16.750 200.100 3.000
      vertex 16.750 202.300 3.000
      vertex 192.750 202.300 3.000
    endloop
  endfacet
  facet normal 0.000000 0.000000 -1.000000
    outer loop
      vertex 16.750 200.100 3.000
      vertex 192.750 202.300 3.000
      vertex 192.750 200.100 3.000
    endloop
  endfacet
  facet normal 0.000000 1.000000 0.000000
    outer loop
      vertex 16.750 200.100 0.000
      vertex 16.750 200.100 3.000
      vertex 192.750 200.100 3.000
    endloop
  endfacet
  facet normal 0.000000 1.000000 0.000000
    outer loop
      vertex 16.750 200.100 0.000
      vertex 192.750 200.100 3.000
      vertex 192.750 200.100 0.000
    endloop
  endfacet
  facet normal -1.000000 0.000000 0.000000
    outer loop
      vertex 192.750 200.100 0.000
      vertex 192.750 200.100 3.000
      vertex 192.750 202.300 3.000
    endloop
  endfacet
  facet normal -1.000000 0.000000 0.000000
    outer loop
      vertex 192.750 200.100 0.000
      vertex 192.750 202.300 3.000
      vertex 192.750 202.300 0.000
    endloop
  endfacet
  facet normal 0.000000 -1.000000 0.000000
    outer loop
      vertex 192.750 202.300 0.000
      vertex 192.750 202.300 3.000
      vertex 16.750 202.300 3.000
    endloop
  endfacet
  facet normal 0.000000 -1.000000 0.000000
    outer loop
      vertex 192.750 202.300 0.000
      vertex 16.750 202.300 3.000
      vertex 16.750 202.300 0.000
    endloop
  endfacet
  facet normal 1.000000 0.000000 0.000000
    outer loop
      vertex 16.750 202.300 0.000
      vertex 16.750 202.300 3.000
      vertex 16.750 200.100 3.000
    endloop
  endfacet
  facet normal 1.000000 0.000000 0.000000
    outer loop
      vertex 16.750 202.300 0.000
      vertex 16.750 200.100 3.000
      vertex 16.750 200.100 0.000
    endloop
  endfacet
  facet normal 0.000000 0.000000 1.000000
    outer loop
      vertex 16.750 203.900 0.000
      vertex 192.750 203.900 0.000
      vertex 192.750 206.100 0.000
    endloop
  endfacet
  facet normal 0.000000 0.000000 1.000000
    outer loop
      vertex 16.750 203.900 0.000
      vertex 192.750 206.100 0.000
      vertex 16.750 206.100 0.000
    endloop
  endfacet
  facet normal 0.000000 0.000000 -1.000000
    outer loop
      vertex 16.750 203.900 3.000
      vertex 16.750 206.100 3.000
      vertex 192.750 206.100 3.000
    endloop
  endfacet
  facet normal 0.000000 0.000000 -1.000000
    outer loop
      vertex 16.750 203.900 3.000
      vertex 192.750 206.100 3.000
      vertex 192.750 203.900 3.000
    endloop
  endfacet
  facet normal 0.000000 1.000000 0.000000
    outer loop
      vertex 16.750 203.900 0.000
      vertex 16.750 203.900 3.000
      vertex 192.750 203.900 3.000
    endloop
  endfacet
  facet normal 0.000000 1.000000 0.000000
    outer loop
      vertex 16.750 203.900 0.000
      vertex 192.750 203.900 3.000
      vertex 192.750 203.900 0.000
    endloop
  endfacet
  facet normal -1.000000 0.000000 0.000000
    outer loop
      vertex 192.750 203.900 0.000
      vertex 192.750 203.900 3.000
      vertex 192.750 206.100 3.000
    endloop
  endfacet
  facet normal -1.000000 0.000000 0.000000
    outer loop
      vertex 192.750 203.900 0.000
      vertex 192.750 206.100 3.000
      vertex 192.750 206.100 0.000
    endloop
  endfacet
  facet normal 0.000000 -1.000000 0.000000
    outer loop
      vertex 192.750 206.100 0.000
      vertex 192.750 206.100 3.000
      vertex 16.750 206.100 3.000
    endloop
  endfacet
  facet normal 0.000000 -1.000000 0.000000
    outer loop
      vertex 192.750 206.100 0.000
      vertex 16.750 206.100 3.000
      vertex 16.750 206.100 0.000
    endloop
  endfacet
  facet normal 1.000000 0.000000 0.000000
    outer loop
      vertex 16.750 206.100 0.000
      vertex 16.750 206.100 3.000
      vertex 16.750 203.900 3.000
    endloop
  endfacet
  facet normal 1.000000 0.000000 0.000000
    outer loop
      vertex 16.750 206.100 0.000
      vertex 16.750 203.900 3.000
      vertex 16.750 203.900 0.000
    endloop
  endfacet
  facet normal 0.000000 0.000000 1.000000
    outer loop
      vertex 0.750 209.100 10.000
      vertex 46.750 209.100 10.000
      vertex 46.750 217.100 10.000
    endloop
  endfacet
  facet normal 0.000000 0.000000 1.000000
    outer loop
      vertex 0.750 209.100 10.000
      vertex 46.750 217.100 10.000
      vertex 0.750 217.100 10.000
    endloop
  endfacet
  facet normal 0.000000 0.000000 -1.000000
    outer loop
      vertex 0.750 209.100 18.000
      vertex 0.750 217.100 18.000
      vertex 46.750 217.100 18.000
    endloop
  endfacet
  facet normal 0.000000 0.000000 -1.000000
    outer loop
      vertex 0.750 209.100 18.000
      vertex 46.750 217.100 18.000
      vertex 46.750 209.100 18.000
    endloop
  endfacet
  facet normal 0.000000 1.000000 0.000000
    outer loop
      vertex 0.750 209.100 10.000
      vertex 0.750 209.100 18.000
      vertex 46.750 209.100 18.000
    endloop
  endfacet
  facet normal 0.000000 1.000000 0.000000
    outer loop
      vertex 0.750 209.100 10.000
      vertex 46.750 209.100 18.000
      vertex 46.750 209.100 10.000
    endloop
  endfacet
  facet normal -1.000000 0.000000 0.000000
    outer loop
      vertex 46.750 209.100 10.000
      vertex 46.750 209.100 18.000
      vertex 46.750 217.100 18.000
    endloop
  endfacet
  facet normal -1.000000 0.000000 0.000000
    outer loop
      vertex 46.750 209.100 10.000
      vertex 46.750 217.100 18.000
      vertex 46.750 217.100 10.000
    endloop
  endfacet
  facet normal 0.000000 -1.000000 0.000000
    outer loop
      vertex 46.750 217.100 10.000
      vertex 46.750 217.100 18.000
      vertex 0.750 217.100 18.000
    endloop
  endfacet
  facet normal 0.000000 -1.000000 0.000000
    outer loop
      vertex 46.750 217.100 10.000
      vertex 0.750 217.100 18.000
      vertex 0.750 217.100 10.000
    endloop
  endfacet
  facet normal 1.000000 0.000000 0.000000
    outer loop
      vertex 0.750 217.100 10.000
      vertex 0.750 217.100 18.000
      vertex 0.750 209.100 18.000
    endloop
  endfacet
  facet normal 1.000000 0.000000 0.000000
    outer loop
      vertex 0.750 217.100 10.000
      vertex 0.750 209.100 18.000
      vertex 0.750 209.100 10.000
    endloop
  endfacet
  facet normal 0.000000 0.000000 1.000000
    outer loop
      vertex 162.750 209.100 10.000
      vertex 208.750 209.100 10.000
      vertex 208.750 217.100 10.000
    endloop
  endfacet
  facet normal 0.000000 0.000000 1.000000
    outer loop
      vertex 162.750 209.100 10.000
      vertex 208.750 217.100 10.000
      vertex 162.750 217.100 10.000
    endloop
  endfacet
  facet normal 0.000000 0.000000 -1.000000
    outer loop
      vertex 162.750 209.100 18.000
      vertex 162.750 217.100 18.000
      vertex 208.750 217.100 18.000
    endloop
  endfacet
  facet normal 0.000000 0.000000 -1.000000
    outer loop
      vertex 162.750 209.100 18.000
      vertex 208.750 217.100 18.000
      vertex 208.750 209.100 18.000
    endloop
  endfacet
  facet normal 0.000000 1.000000 0.000000
    outer loop
      vertex 162.750 209.100 10.000
      vertex 162.750 209.100 18.000
      vertex 208.750 209.100 18.000
    endloop
  endfacet
  facet normal 0.000000 1.000000 0.000000
    outer loop
      vertex 162.750 209.100 10.000
      vertex 208.750 209.100 18.000
      vertex 208.750 209.100 10.000
    endloop
  endfacet
  facet normal -1.000000 0.000000 0.000000
    outer loop
      vertex 208.750 209.100 10.000
      vertex 208.750 209.100 18.000
      vertex 208.750 217.100 18.000
    endloop
  endfacet
  facet normal -1.000000 0.000000 0.000000
    outer loop
      vertex 208.750 209.100 10.000
      vertex 208.750 217.100 18.000
      vertex 208.750 217.100 10.000
    endloop
  endfacet
  facet normal 0.000000 -1.000000 0.000000
    outer loop
      vertex 208.750 217.100 10.000
      vertex 208.750 217.100 18.000
      vertex 162.750 217.100 18.000
    endloop
  endfacet
  facet normal 0.000000 -1.000000 0.000000
    outer loop
      vertex 208.750 217.100 10.000
      vertex 162.750 217.100 18.000
      vertex 162.750 217.100 10.000
    endloop
  endfacet
  facet normal 1.000000 0.000000 0.000000
    outer loop
      vertex 162.750 217.100 10.000
      vertex 162.750 217.100 18.000
      vertex 162.750 209.100 18.000
    endloop
  endfacet
  facet normal 1.000000 0.000000 0.000000
    outer loop
      vertex 162.750 217.100 10.000
      vertex 162.750 209.100 18.000
      vertex 162.750 209.100 10.000
    endloop
  endfacet
  facet normal 0.000000 -0.995185 -0.098017
    outer loop
      vertex 4.750 217.900 19.500
      vertex 42.750 217.900 19.500
      vertex 42.750 217.808 20.436
    endloop
  endfacet
  facet normal 0.000000 -0.995185 -0.098017
    outer loop
      vertex 4.750 217.900 19.500
      vertex 42.750 217.808 20.436
      vertex 4.750 217.808 20.436
    endloop
  endfacet
  facet normal 0.000000 0.995185 0.098017
    outer loop
      vertex 4.750 214.963 19.871
      vertex 42.750 214.963 19.871
      vertex 42.750 215.000 19.500
    endloop
  endfacet
  facet normal 0.000000 0.995185 0.098017
    outer loop
      vertex 4.750 214.963 19.871
      vertex 42.750 215.000 19.500
      vertex 4.750 215.000 19.500
    endloop
  endfacet
  facet normal -1.000000 0.000000 0.000000
    outer loop
      vertex 4.750 217.808 20.436
      vertex 4.750 217.900 19.500
      vertex 4.750 215.000 19.500
    endloop
  endfacet
  facet normal -1.000000 0.000000 0.000000
    outer loop
      vertex 4.750 217.808 20.436
      vertex 4.750 215.000 19.500
      vertex 4.750 214.963 19.871
    endloop
  endfacet
  facet normal 1.000000 0.000000 0.000000
    outer loop
      vertex 42.750 217.900 19.500
      vertex 42.750 217.808 20.436
      vertex 42.750 214.963 19.871
    endloop
  endfacet
  facet normal 1.000000 0.000000 0.000000
    outer loop
      vertex 42.750 217.900 19.500
      vertex 42.750 214.963 19.871
      vertex 42.750 215.000 19.500
    endloop
  endfacet
  facet normal 0.000000 -0.956940 -0.290285
    outer loop
      vertex 4.750 217.808 20.436
      vertex 42.750 217.808 20.436
      vertex 42.750 217.535 21.337
    endloop
  endfacet
  facet normal 0.000000 -0.956940 -0.290285
    outer loop
      vertex 4.750 217.808 20.436
      vertex 42.750 217.535 21.337
      vertex 4.750 217.535 21.337
    endloop
  endfacet
  facet normal 0.000000 0.956940 0.290285
    outer loop
      vertex 4.750 214.855 20.227
      vertex 42.750 214.855 20.227
      vertex 42.750 214.963 19.871
    endloop
  endfacet
  facet normal 0.000000 0.956940 0.290285
    outer loop
      vertex 4.750 214.855 20.227
      vertex 42.750 214.963 19.871
      vertex 4.750 214.963 19.871
    endloop
  endfacet
  facet normal -1.000000 0.000000 0.000000
    outer loop
      vertex 4.750 217.535 21.337
      vertex 4.750 217.808 20.436
      vertex 4.750 214.963 19.871
    endloop
  endfacet
  facet normal -1.000000 0.000000 0.000000
    outer loop
      vertex 4.750 217.535 21.337
      vertex 4.750 214.963 19.871
      vertex 4.750 214.855 20.227
    endloop
  endfacet
  facet normal 1.000000 0.000000 0.000000
    outer loop
      vertex 42.750 217.808 20.436
      vertex 42.750 217.535 21.337
      vertex 42.750 214.855 20.227
    endloop
  endfacet
  facet normal 1.000000 0.000000 0.000000
    outer loop
      vertex 42.750 217.808 20.436
      vertex 42.750 214.855 20.227
      vertex 42.750 214.963 19.871
    endloop
  endfacet
  facet normal 0.000000 -0.881921 -0.471397
    outer loop
      vertex 4.750 217.535 21.337
      vertex 42.750 217.535 21.337
      vertex 42.750 217.091 22.167
    endloop
  endfacet
  facet normal 0.000000 -0.881921 -0.471397
    outer loop
      vertex 4.750 217.535 21.337
      vertex 42.750 217.091 22.167
      vertex 4.750 217.091 22.167
    endloop
  endfacet
  facet normal 0.000000 0.881921 0.471397
    outer loop
      vertex 4.750 214.680 20.556
      vertex 42.750 214.680 20.556
      vertex 42.750 214.855 20.227
    endloop
  endfacet
  facet normal 0.000000 0.881921 0.471397
    outer loop
      vertex 4.750 214.680 20.556
      vertex 42.750 214.855 20.227
      vertex 4.750 214.855 20.227
    endloop
  endfacet
  facet normal -1.000000 0.000000 0.000000
    outer loop
      vertex 4.750 217.091 22.167
      vertex 4.750 217.535 21.337
      vertex 4.750 214.855 20.227
    endloop
  endfacet
  facet normal -1.000000 0.000000 0.000000
    outer loop
      vertex 4.750 217.091 22.167
      vertex 4.750 214.855 20.227
      vertex 4.750 214.680 20.556
    endloop
  endfacet
  facet normal 1.000000 0.000000 0.000000
    outer loop
      vertex 42.750 217.535 21.337
      vertex 42.750 217.091 22.167
      vertex 42.750 214.680 20.556
    endloop
  endfacet
  facet normal 1.000000 0.000000 0.000000
    outer loop
      vertex 42.750 217.535 21.337
      vertex 42.750 214.680 20.556
      vertex 42.750 214.855 20.227
    endloop
  endfacet
  facet normal 0.000000 -0.773010 -0.634393
    outer loop
      vertex 4.750 217.091 22.167
      vertex 42.750 217.091 22.167
      vertex 42.750 216.494 22.894
    endloop
  endfacet
  facet normal 0.000000 -0.773010 -0.634393
    outer loop
      vertex 4.750 217.091 22.167
      vertex 42.750 216.494 22.894
      vertex 4.750 216.494 22.894
    endloop
  endfacet
  facet normal 0.000000 0.773010 0.634393
    outer loop
      vertex 4.750 214.444 20.844
      vertex 42.750 214.444 20.844
      vertex 42.750 214.680 20.556
    endloop
  endfacet
  facet normal 0.000000 0.773010 0.634393
    outer loop
      vertex 4.750 214.444 20.844
      vertex 42.750 214.680 20.556
      vertex 4.750 214.680 20.556
    endloop
  endfacet
  facet normal -1.000000 0.000000 0.000000
    outer loop
      vertex 4.750 216.494 22.894
      vertex 4.750 217.091 22.167
      vertex 4.750 214.680 20.556
    endloop
  endfacet
  facet normal -1.000000 0.000000 0.000000
    outer loop
      vertex 4.750 216.494 22.894
      vertex 4.750 214.680 20.556
      vertex 4.750 214.444 20.844
    endloop
  endfacet
  facet normal 1.000000 0.000000 0.000000
    outer loop
      vertex 42.750 217.091 22.167
      vertex 42.750 216.494 22.894
      vertex 42.750 214.444 20.844
    endloop
  endfacet
  facet normal 1.000000 0.000000 0.000000
    outer loop
      vertex 42.750 217.091 22.167
      vertex 42.750 214.444 20.844
      vertex 42.750 214.680 20.556
    endloop
  endfacet
  facet normal 0.000000 -0.634393 -0.773010
    outer loop
      vertex 4.750 216.494 22.894
      vertex 42.750 216.494 22.894
      vertex 42.750 215.767 23.491
    endloop
  endfacet
  facet normal 0.000000 -0.634393 -0.773010
    outer loop
      vertex 4.750 216.494 22.894
      vertex 42.750 215.767 23.491
      vertex 4.750 215.767 23.491
    endloop
  endfacet
  facet normal 0.000000 0.634393 0.773010
    outer loop
      vertex 4.750 214.156 21.080
      vertex 42.750 214.156 21.080
      vertex 42.750 214.444 20.844
    endloop
  endfacet
  facet normal 0.000000 0.634393 0.773010
    outer loop
      vertex 4.750 214.156 21.080
      vertex 42.750 214.444 20.844
      vertex 4.750 214.444 20.844
    endloop
  endfacet
  facet normal -1.000000 0.000000 0.000000
    outer loop
      vertex 4.750 215.767 23.491
      vertex 4.750 216.494 22.894
      vertex 4.750 214.444 20.844
    endloop
  endfacet
  facet normal -1.000000 0.000000 0.000000
    outer loop
      vertex 4.750 215.767 23.491
      vertex 4.750 214.444 20.844
      vertex 4.750 214.156 21.080
    endloop
  endfacet
  facet normal 1.000000 0.000000 0.000000
    outer loop
      vertex 42.750 216.494 22.894
      vertex 42.750 215.767 23.491
      vertex 42.750 214.156 21.080
    endloop
  endfacet
  facet normal 1.000000 0.000000 0.000000
    outer loop
      vertex 42.750 216.494 22.894
      vertex 42.750 214.156 21.080
      vertex 42.750 214.444 20.844
    endloop
  endfacet
  facet normal 0.000000 -0.471397 -0.881921
    outer loop
      vertex 4.750 215.767 23.491
      vertex 42.750 215.767 23.491
      vertex 42.750 214.937 23.935
    endloop
  endfacet
  facet normal 0.000000 -0.471397 -0.881921
    outer loop
      vertex 4.750 215.767 23.491
      vertex 42.750 214.937 23.935
      vertex 4.750 214.937 23.935
    endloop
  endfacet
  facet normal 0.000000 0.471397 0.881921
    outer loop
      vertex 4.750 213.827 21.255
      vertex 42.750 213.827 21.255
      vertex 42.750 214.156 21.080
    endloop
  endfacet
  facet normal 0.000000 0.471397 0.881921
    outer loop
      vertex 4.750 213.827 21.255
      vertex 42.750 214.156 21.080
      vertex 4.750 214.156 21.080
    endloop
  endfacet
  facet normal -1.000000 0.000000 0.000000
    outer loop
      vertex 4.750 214.937 23.935
      vertex 4.750 215.767 23.491
      vertex 4.750 214.156 21.080
    endloop
  endfacet
  facet normal -1.000000 0.000000 0.000000
    outer loop
      vertex 4.750 214.937 23.935
      vertex 4.750 214.156 21.080
      vertex 4.750 213.827 21.255
    endloop
  endfacet
  facet normal 1.000000 0.000000 0.000000
    outer loop
      vertex 42.750 215.767 23.491
      vertex 42.750 214.937 23.935
      vertex 42.750 213.827 21.255
    endloop
  endfacet
  facet normal 1.000000 0.000000 0.000000
    outer loop
      vertex 42.750 215.767 23.491
      vertex 42.750 213.827 21.255
      vertex 42.750 214.156 21.080
    endloop
  endfacet
  facet normal 0.000000 -0.290285 -0.956940
    outer loop
      vertex 4.750 214.937 23.935
      vertex 42.750 214.937 23.935
      vertex 42.750 214.036 24.208
    endloop
  endfacet
  facet normal 0.000000 -0.290285 -0.956940
    outer loop
      vertex 4.750 214.937 23.935
      vertex 42.750 214.036 24.208
      vertex 4.750 214.036 24.208
    endloop
  endfacet
  facet normal 0.000000 0.290285 0.956940
    outer loop
      vertex 4.750 213.471 21.363
      vertex 42.750 213.471 21.363
      vertex 42.750 213.827 21.255
    endloop
  endfacet
  facet normal 0.000000 0.290285 0.956940
    outer loop
      vertex 4.750 213.471 21.363
      vertex 42.750 213.827 21.255
      vertex 4.750 213.827 21.255
    endloop
  endfacet
  facet normal -1.000000 0.000000 0.000000
    outer loop
      vertex 4.750 214.036 24.208
      vertex 4.750 214.937 23.935
      vertex 4.750 213.827 21.255
    endloop
  endfacet
  facet normal -1.000000 0.000000 0.000000
    outer loop
      vertex 4.750 214.036 24.208
      vertex 4.750 213.827 21.255
      vertex 4.750 213.471 21.363
    endloop
  endfacet
  facet normal 1.000000 0.000000 0.000000
    outer loop
      vertex 42.750 214.937 23.935
      vertex 42.750 214.036 24.208
      vertex 42.750 213.471 21.363
    endloop
  endfacet
  facet normal 1.000000 0.000000 0.000000
    outer loop
      vertex 42.750 214.937 23.935
      vertex 42.750 213.471 21.363
      vertex 42.750 213.827 21.255
    endloop
  endfacet
  facet normal 0.000000 -0.098017 -0.995185
    outer loop
      vertex 4.750 214.036 24.208
      vertex 42.750 214.036 24.208
      vertex 42.750 213.100 24.300
    endloop
  endfacet
  facet normal 0.000000 -0.098017 -0.995185
    outer loop
      vertex 4.750 214.036 24.208
      vertex 42.750 213.100 24.300
      vertex 4.750 213.100 24.300
    endloop
  endfacet
  facet normal 0.000000 0.098017 0.995185
    outer loop
      vertex 4.750 213.100 21.400
      vertex 42.750 213.100 21.400
      vertex 42.750 213.471 21.363
    endloop
  endfacet
  facet normal 0.000000 0.098017 0.995185
    outer loop
      vertex 4.750 213.100 21.400
      vertex 42.750 213.471 21.363
      vertex 4.750 213.471 21.363
    endloop
  endfacet
  facet normal -1.000000 0.000000 0.000000
    outer loop
      vertex 4.750 213.100 24.300
      vertex 4.750 214.036 24.208
      vertex 4.750 213.471 21.363
    endloop
  endfacet
  facet normal -1.000000 0.000000 0.000000
    outer loop
      vertex 4.750 213.100 24.300
      vertex 4.750 213.471 21.363
      vertex 4.750 213.100 21.400
    endloop
  endfacet
  facet normal 1.000000 0.000000 0.000000
    outer loop
      vertex 42.750 214.036 24.208
      vertex 42.750 213.100 24.300
      vertex 42.750 213.100 21.400
    endloop
  endfacet
  facet normal 1.000000 0.000000 0.000000
    outer loop
      vertex 42.750 214.036 24.208
      vertex 42.750 213.100 21.400
      vertex 42.750 213.471 21.363
    endloop
  endfacet
  facet normal 0.000000 0.098017 -0.995185
    outer loop
      vertex 4.750 213.100 24.300
      vertex 42.750 213.100 24.300
      vertex 42.750 212.164 24.208
    endloop
  endfacet
  facet normal 0.000000 0.098017 -0.995185
    outer loop
      vertex 4.750 213.100 24.300
      vertex 42.750 212.164 24.208
      vertex 4.750 212.164 24.208
    endloop
  endfacet
  facet normal 0.000000 -0.098017 0.995185
    outer loop
      vertex 4.750 212.729 21.363
      vertex 42.750 212.729 21.363
      vertex 42.750 213.100 21.400
    endloop
  endfacet
  facet normal 0.000000 -0.098017 0.995185
    outer loop
      vertex 4.750 212.729 21.363
      vertex 42.750 213.100 21.400
      vertex 4.750 213.100 21.400
    endloop
  endfacet
  facet normal -1.000000 0.000000 0.000000
    outer loop
      vertex 4.750 212.164 24.208
      vertex 4.750 213.100 24.300
      vertex 4.750 213.100 21.400
    endloop
  endfacet
  facet normal -1.000000 0.000000 0.000000
    outer loop
      vertex 4.750 212.164 24.208
      vertex 4.750 213.100 21.400
      vertex 4.750 212.729 21.363
    endloop
  endfacet
  facet normal 1.000000 0.000000 0.000000
    outer loop
      vertex 42.750 213.100 24.300
      vertex 42.750 212.164 24.208
      vertex 42.750 212.729 21.363
    endloop
  endfacet
  facet normal 1.000000 0.000000 0.000000
    outer loop
      vertex 42.750 213.100 24.300
      vertex 42.750 212.729 21.363
      vertex 42.750 213.100 21.400
    endloop
  endfacet
  facet normal 0.000000 0.290285 -0.956940
    outer loop
      vertex 4.750 212.164 24.208
      vertex 42.750 212.164 24.208
      vertex 42.750 211.263 23.935
    endloop
  endfacet
  facet normal 0.000000 0.290285 -0.956940
    outer loop
      vertex 4.750 212.164 24.208
      vertex 42.750 211.263 23.935
      vertex 4.750 211.263 23.935
    endloop
  endfacet
  facet normal 0.000000 -0.290285 0.956940
    outer loop
      vertex 4.750 212.373 21.255
      vertex 42.750 212.373 21.255
      vertex 42.750 212.729 21.363
    endloop
  endfacet
  facet normal 0.000000 -0.290285 0.956940
    outer loop
      vertex 4.750 212.373 21.255
      vertex 42.750 212.729 21.363
      vertex 4.750 212.729 21.363
    endloop
  endfacet
  facet normal -1.000000 0.000000 0.000000
    outer loop
      vertex 4.750 211.263 23.935
      vertex 4.750 212.164 24.208
      vertex 4.750 212.729 21.363
    endloop
  endfacet
  facet normal -1.000000 0.000000 0.000000
    outer loop
      vertex 4.750 211.263 23.935
      vertex 4.750 212.729 21.363
      vertex 4.750 212.373 21.255
    endloop
  endfacet
  facet normal 1.000000 0.000000 0.000000
    outer loop
      vertex 42.750 212.164 24.208
      vertex 42.750 211.263 23.935
      vertex 42.750 212.373 21.255
    endloop
  endfacet
  facet normal 1.000000 0.000000 0.000000
    outer loop
      vertex 42.750 212.164 24.208
      vertex 42.750 212.373 21.255
      vertex 42.750 212.729 21.363
    endloop
  endfacet
  facet normal 0.000000 0.471397 -0.881921
    outer loop
      vertex 4.750 211.263 23.935
      vertex 42.750 211.263 23.935
      vertex 42.750 210.433 23.491
    endloop
  endfacet
  facet normal 0.000000 0.471397 -0.881921
    outer loop
      vertex 4.750 211.263 23.935
      vertex 42.750 210.433 23.491
      vertex 4.750 210.433 23.491
    endloop
  endfacet
  facet normal 0.000000 -0.471397 0.881921
    outer loop
      vertex 4.750 212.044 21.080
      vertex 42.750 212.044 21.080
      vertex 42.750 212.373 21.255
    endloop
  endfacet
  facet normal 0.000000 -0.471397 0.881921
    outer loop
      vertex 4.750 212.044 21.080
      vertex 42.750 212.373 21.255
      vertex 4.750 212.373 21.255
    endloop
  endfacet
  facet normal -1.000000 0.000000 0.000000
    outer loop
      vertex 4.750 210.433 23.491
      vertex 4.750 211.263 23.935
      vertex 4.750 212.373 21.255
    endloop
  endfacet
  facet normal -1.000000 0.000000 0.000000
    outer loop
      vertex 4.750 210.433 23.491
      vertex 4.750 212.373 21.255
      vertex 4.750 212.044 21.080
    endloop
  endfacet
  facet normal 1.000000 0.000000 0.000000
    outer loop
      vertex 42.750 211.263 23.935
      vertex 42.750 210.433 23.491
      vertex 42.750 212.044 21.080
    endloop
  endfacet
  facet normal 1.000000 0.000000 0.000000
    outer loop
      vertex 42.750 211.263 23.935
      vertex 42.750 212.044 21.080
      vertex 42.750 212.373 21.255
    endloop
  endfacet
  facet normal 0.000000 0.634393 -0.773010
    outer loop
      vertex 4.750 210.433 23.491
      vertex 42.750 210.433 23.491
      vertex 42.750 209.706 22.894
    endloop
  endfacet
  facet normal 0.000000 0.634393 -0.773010
    outer loop
      vertex 4.750 210.433 23.491
      vertex 42.750 209.706 22.894
      vertex 4.750 209.706 22.894
    endloop
  endfacet
  facet normal 0.000000 -0.634393 0.773010
    outer loop
      vertex 4.750 211.756 20.844
      vertex 42.750 211.756 20.844
      vertex 42.750 212.044 21.080
    endloop
  endfacet
  facet normal 0.000000 -0.634393 0.773010
    outer loop
      vertex 4.750 211.756 20.844
      vertex 42.750 212.044 21.080
      vertex 4.750 212.044 21.080
    endloop
  endfacet
  facet normal -1.000000 0.000000 0.000000
    outer loop
      vertex 4.750 209.706 22.894
      vertex 4.750 210.433 23.491
      vertex 4.750 212.044 21.080
    endloop
  endfacet
  facet normal -1.000000 0.000000 0.000000
    outer loop
      vertex 4.750 209.706 22.894
      vertex 4.750 212.044 21.080
      vertex 4.750 211.756 20.844
    endloop
  endfacet
  facet normal 1.000000 0.000000 0.000000
    outer loop
      vertex 42.750 210.433 23.491
      vertex 42.750 209.706 22.894
      vertex 42.750 211.756 20.844
    endloop
  endfacet
  facet normal 1.000000 0.000000 0.000000
    outer loop
      vertex 42.750 210.433 23.491
      vertex 42.750 211.756 20.844
      vertex 42.750 212.044 21.080
    endloop
  endfacet
  facet normal 0.000000 0.773010 -0.634393
    outer loop
      vertex 4.750 209.706 22.894
      vertex 42.750 209.706 22.894
      vertex 42.750 209.109 22.167
    endloop
  endfacet
  facet normal 0.000000 0.773010 -0.634393
    outer loop
      vertex 4.750 209.706 22.894
      vertex 42.750 209.109 22.167
      vertex 4.750 209.109 22.167
    endloop
  endfacet
  facet normal 0.000000 -0.773010 0.634393
    outer loop
      vertex 4.750 211.520 20.556
      vertex 42.750 211.520 20.556
      vertex 42.750 211.756 20.844
    endloop
  endfacet
  facet normal 0.000000 -0.773010 0.634393
    outer loop
      vertex 4.750 211.520 20.556
      vertex 42.750 211.756 20.844
      vertex 4.750 211.756 20.844
    endloop
  endfacet
  facet normal -1.000000 0.000000 0.000000
    outer loop
      vertex 4.750 209.109 22.167
      vertex 4.750 209.706 22.894
      vertex 4.750 211.756 20.844
    endloop
  endfacet
  facet normal -1.000000 0.000000 0.000000
    outer loop
      vertex 4.750 209.109 22.167
      vertex 4.750 211.756 20.844
      vertex 4.750 211.520 20.556
    endloop
  endfacet
  facet normal 1.000000 0.000000 0.000000
    outer loop
      vertex 42.750 209.706 22.894
      vertex 42.750 209.109 22.167
      vertex 42.750 211.520 20.556
    endloop
  endfacet
  facet normal 1.000000 0.000000 0.000000
    outer loop
      vertex 42.750 209.706 22.894
      vertex 42.750 211.520 20.556
      vertex 42.750 211.756 20.844
    endloop
  endfacet
  facet normal 0.000000 0.881921 -0.471397
    outer loop
      vertex 4.750 209.109 22.167
      vertex 42.750 209.109 22.167
      vertex 42.750 208.665 21.337
    endloop
  endfacet
  facet normal 0.000000 0.881921 -0.471397
    outer loop
      vertex 4.750 209.109 22.167
      vertex 42.750 208.665 21.337
      vertex 4.750 208.665 21.337
    endloop
  endfacet
  facet normal 0.000000 -0.881921 0.471397
    outer loop
      vertex 4.750 211.345 20.227
      vertex 42.750 211.345 20.227
      vertex 42.750 211.520 20.556
    endloop
  endfacet
  facet normal 0.000000 -0.881921 0.471397
    outer loop
      vertex 4.750 211.345 20.227
      vertex 42.750 211.520 20.556
      vertex 4.750 211.520 20.556
    endloop
  endfacet
  facet normal -1.000000 0.000000 0.000000
    outer loop
      vertex 4.750 208.665 21.337
      vertex 4.750 209.109 22.167
      vertex 4.750 211.520 20.556
    endloop
  endfacet
  facet normal -1.000000 0.000000 0.000000
    outer loop
      vertex 4.750 208.665 21.337
      vertex 4.750 211.520 20.556
      vertex 4.750 211.345 20.227
    endloop
  endfacet
  facet normal 1.000000 0.000000 0.000000
    outer loop
      vertex 42.750 209.109 22.167
      vertex 42.750 208.665 21.337
      vertex 42.750 211.345 20.227
    endloop
  endfacet
  facet normal 1.000000 0.000000 0.000000
    outer loop
      vertex 42.750 209.109 22.167
      vertex 42.750 211.345 20.227
      vertex 42.750 211.520 20.556
    endloop
  endfacet
  facet normal 0.000000 0.956940 -0.290285
    outer loop
      vertex 4.750 208.665 21.337
      vertex 42.750 208.665 21.337
      vertex 42.750 208.392 20.436
    endloop
  endfacet
  facet normal 0.000000 0.956940 -0.290285
    outer loop
      vertex 4.750 208.665 21.337
      vertex 42.750 208.392 20.436
      vertex 4.750 208.392 20.436
    endloop
  endfacet
  facet normal 0.000000 -0.956940 0.290285
    outer loop
      vertex 4.750 211.237 19.871
      vertex 42.750 211.237 19.871
      vertex 42.750 211.345 20.227
    endloop
  endfacet
  facet normal 0.000000 -0.956940 0.290285
    outer loop
      vertex 4.750 211.237 19.871
      vertex 42.750 211.345 20.227
      vertex 4.750 211.345 20.227
    endloop
  endfacet
  facet normal -1.000000 0.000000 0.000000
    outer loop
      vertex 4.750 208.392 20.436
      vertex 4.750 208.665 21.337
      vertex 4.750 211.345 20.227
    endloop
  endfacet
  facet normal -1.000000 0.000000 0.000000
    outer loop
      vertex 4.750 208.392 20.436
      vertex 4.750 211.345 20.227
      vertex 4.750 211.237 19.871
    endloop
  endfacet
  facet normal 1.000000 0.000000 0.000000
    outer loop
      vertex 42.750 208.665 21.337
      vertex 42.750 208.392 20.436
      vertex 42.750 211.237 19.871
    endloop
  endfacet
  facet normal 1.000000 0.000000 0.000000
    outer loop
      vertex 42.750 208.665 21.337
      vertex 42.750 211.237 19.871
      vertex 42.750 211.345 20.227
    endloop
  endfacet
  facet normal 0.000000 0.995185 -0.098017
    outer loop
      vertex 4.750 208.392 20.436
      vertex 42.750 208.392 20.436
      vertex 42.750 208.300 19.500
    endloop
  endfacet
  facet normal 0.000000 0.995185 -0.098017
    outer loop
      vertex 4.750 208.392 20.436
      vertex 42.750 208.300 19.500
      vertex 4.750 208.300 19.500
    endloop
  endfacet
  facet normal 0.000000 -0.995185 0.098017
    outer loop
      vertex 4.750 211.200 19.500
      vertex 42.750 211.200 19.500
      vertex 42.750 211.237 19.871
    endloop
  endfacet
  facet normal 0.000000 -0.995185 0.098017
    outer loop
      vertex 4.750 211.200 19.500
      vertex 42.750 211.237 19.871
      vertex 4.750 211.237 19.871
    endloop
  endfacet
  facet normal -1.000000 0.000000 0.000000
    outer loop
      vertex 4.750 208.300 19.500
      vertex 4.750 208.392 20.436
      vertex 4.750 211.237 19.871
    endloop
  endfacet
  facet normal -1.000000 0.000000 0.000000
    outer loop
      vertex 4.750 208.300 19.500
      vertex 4.750 211.237 19.871
      vertex 4.750 211.200 19.500
    endloop
  endfacet
  facet normal 1.000000 0.000000 0.000000
    outer loop
      vertex 42.750 208.392 20.436
      vertex 42.750 208.300 19.500
      vertex 42.750 211.200 19.500
    endloop
  endfacet
  facet normal 1.000000 0.000000 0.000000
    outer loop
      vertex 42.750 208.392 20.436
      vertex 42.750 211.200 19.500
      vertex 42.750 211.237 19.871
    endloop
  endfacet
  facet normal 0.000000 0.995185 0.098017
    outer loop
      vertex 4.750 208.300 19.500
      vertex 42.750 208.300 19.500
      vertex 42.750 208.392 18.564
    endloop
  endfacet
  facet normal 0.000000 0.995185 0.098017
    outer loop
      vertex 4.750 208.300 19.500
      vertex 42.750 208.392 18.564
      vertex 4.750 208.392 18.564
    endloop
  endfacet
  facet normal 0.000000 -0.995185 -0.098017
    outer loop
      vertex 4.750 211.237 19.129
      vertex 42.750 211.237 19.129
      vertex 42.750 211.200 19.500
    endloop
  endfacet
  facet normal 0.000000 -0.995185 -0.098017
    outer loop
      vertex 4.750 211.237 19.129
      vertex 42.750 211.200 19.500
      vertex 4.750 211.200 19.500
    endloop
  endfacet
  facet normal -1.000000 0.000000 0.000000
    outer loop
      vertex 4.750 208.392 18.564
      vertex 4.750 208.300 19.500
      vertex 4.750 211.200 19.500
    endloop
  endfacet
  facet normal -1.000000 0.000000 0.000000
    outer loop
      vertex 4.750 208.392 18.564
      vertex 4.750 211.200 19.500
      vertex 4.750 211.237 19.129
    endloop
  endfacet
  facet normal 1.000000 0.000000 0.000000
    outer loop
      vertex 42.750 208.300 19.500
      vertex 42.750 208.392 18.564
      vertex 42.750 211.237 19.129
    endloop
  endfacet
  facet normal 1.000000 0.000000 0.000000
    outer loop
      vertex 42.750 208.300 19.500
      vertex 42.750 211.237 19.129
      vertex 42.750 211.200 19.500
    endloop
  endfacet
  facet normal 0.000000 0.956940 0.290285
    outer loop
      vertex 4.750 208.392 18.564
      vertex 42.750 208.392 18.564
      vertex 42.750 208.665 17.663
    endloop
  endfacet
  facet normal 0.000000 0.956940 0.290285
    outer loop
      vertex 4.750 208.392 18.564
      vertex 42.750 208.665 17.663
      vertex 4.750 208.665 17.663
    endloop
  endfacet
  facet normal 0.000000 -0.956940 -0.290285
    outer loop
      vertex 4.750 211.345 18.773
      vertex 42.750 211.345 18.773
      vertex 42.750 211.237 19.129
    endloop
  endfacet
  facet normal 0.000000 -0.956940 -0.290285
    outer loop
      vertex 4.750 211.345 18.773
      vertex 42.750 211.237 19.129
      vertex 4.750 211.237 19.129
    endloop
  endfacet
  facet normal -1.000000 0.000000 0.000000
    outer loop
      vertex 4.750 208.665 17.663
      vertex 4.750 208.392 18.564
      vertex 4.750 211.237 19.129
    endloop
  endfacet
  facet normal -1.000000 0.000000 0.000000
    outer loop
      vertex 4.750 208.665 17.663
      vertex 4.750 211.237 19.129
      vertex 4.750 211.345 18.773
    endloop
  endfacet
  facet normal 1.000000 0.000000 0.000000
    outer loop
      vertex 42.750 208.392 18.564
      vertex 42.750 208.665 17.663
      vertex 42.750 211.345 18.773
    endloop
  endfacet
  facet normal 1.000000 0.000000 0.000000
    outer loop
      vertex 42.750 208.392 18.564
      vertex 42.750 211.345 18.773
      vertex 42.750 211.237 19.129
    endloop
  endfacet
  facet normal 0.000000 0.881921 0.471397
    outer loop
      vertex 4.750 208.665 17.663
      vertex 42.750 208.665 17.663
      vertex 42.750 209.109 16.833
    endloop
  endfacet
  facet normal 0.000000 0.881921 0.471397
    outer loop
      vertex 4.750 208.665 17.663
      vertex 42.750 209.109 16.833
      vertex 4.750 209.109 16.833
    endloop
  endfacet
  facet normal 0.000000 -0.881921 -0.471397
    outer loop
      vertex 4.750 211.520 18.444
      vertex 42.750 211.520 18.444
      vertex 42.750 211.345 18.773
    endloop
  endfacet
  facet normal 0.000000 -0.881921 -0.471397
    outer loop
      vertex 4.750 211.520 18.444
      vertex 42.750 211.345 18.773
      vertex 4.750 211.345 18.773
    endloop
  endfacet
  facet normal -1.000000 0.000000 0.000000
    outer loop
      vertex 4.750 209.109 16.833
      vertex 4.750 208.665 17.663
      vertex 4.750 211.345 18.773
    endloop
  endfacet
  facet normal -1.000000 0.000000 0.000000
    outer loop
      vertex 4.750 209.109 16.833
      vertex 4.750 211.345 18.773
      vertex 4.750 211.520 18.444
    endloop
  endfacet
  facet normal 1.000000 0.000000 0.000000
    outer loop
      vertex 42.750 208.665 17.663
      vertex 42.750 209.109 16.833
      vertex 42.750 211.520 18.444
    endloop
  endfacet
  facet normal 1.000000 0.000000 0.000000
    outer loop
      vertex 42.750 208.665 17.663
      vertex 42.750 211.520 18.444
      vertex 42.750 211.345 18.773
    endloop
  endfacet
  facet normal 0.000000 0.773010 0.634393
    outer loop
      vertex 4.750 209.109 16.833
      vertex 42.750 209.109 16.833
      vertex 42.750 209.706 16.106
    endloop
  endfacet
  facet normal 0.000000 0.773010 0.634393
    outer loop
      vertex 4.750 209.109 16.833
      vertex 42.750 209.706 16.106
      vertex 4.750 209.706 16.106
    endloop
  endfacet
  facet normal 0.000000 -0.773010 -0.634393
    outer loop
      vertex 4.750 211.756 18.156
      vertex 42.750 211.756 18.156
      vertex 42.750 211.520 18.444
    endloop
  endfacet
  facet normal 0.000000 -0.773010 -0.634393
    outer loop
      vertex 4.750 211.756 18.156
      vertex 42.750 211.520 18.444
      vertex 4.750 211.520 18.444
    endloop
  endfacet
  facet normal -1.000000 0.000000 0.000000
    outer loop
      vertex 4.750 209.706 16.106
      vertex 4.750 209.109 16.833
      vertex 4.750 211.520 18.444
    endloop
  endfacet
  facet normal -1.000000 0.000000 0.000000
    outer loop
      vertex 4.750 209.706 16.106
      vertex 4.750 211.520 18.444
      vertex 4.750 211.756 18.156
    endloop
  endfacet
  facet normal 1.000000 0.000000 0.000000
    outer loop
      vertex 42.750 209.109 16.833
      vertex 42.750 209.706 16.106
      vertex 42.750 211.756 18.156
    endloop
  endfacet
  facet normal 1.000000 0.000000 0.000000
    outer loop
      vertex 42.750 209.109 16.833
      vertex 42.750 211.756 18.156
      vertex 42.750 211.520 18.444
    endloop
  endfacet
  facet normal 0.000000 0.634393 0.773010
    outer loop
      vertex 4.750 209.706 16.106
      vertex 42.750 209.706 16.106
      vertex 42.750 210.433 15.509
    endloop
  endfacet
  facet normal 0.000000 0.634393 0.773010
    outer loop
      vertex 4.750 209.706 16.106
      vertex 42.750 210.433 15.509
      vertex 4.750 210.433 15.509
    endloop
  endfacet
  facet normal 0.000000 -0.634393 -0.773010
    outer loop
      vertex 4.750 212.044 17.920
      vertex 42.750 212.044 17.920
      vertex 42.750 211.756 18.156
    endloop
  endfacet
  facet normal 0.000000 -0.634393 -0.773010
    outer loop
      vertex 4.750 212.044 17.920
      vertex 42.750 211.756 18.156
      vertex 4.750 211.756 18.156
    endloop
  endfacet
  facet normal -1.000000 0.000000 0.000000
    outer loop
      vertex 4.750 210.433 15.509
      vertex 4.750 209.706 16.106
      vertex 4.750 211.756 18.156
    endloop
  endfacet
  facet normal -1.000000 0.000000 0.000000
    outer loop
      vertex 4.750 210.433 15.509
      vertex 4.750 211.756 18.156
      vertex 4.750 212.044 17.920
    endloop
  endfacet
  facet normal 1.000000 0.000000 0.000000
    outer loop
      vertex 42.750 209.706 16.106
      vertex 42.750 210.433 15.509
      vertex 42.750 212.044 17.920
    endloop
  endfacet
  facet normal 1.000000 0.000000 0.000000
    outer loop
      vertex 42.750 209.706 16.106
      vertex 42.750 212.044 17.920
      vertex 42.750 211.756 18.156
    endloop
  endfacet
  facet normal 0.000000 0.471397 0.881921
    outer loop
      vertex 4.750 210.433 15.509
      vertex 42.750 210.433 15.509
      vertex 42.750 211.263 15.065
    endloop
  endfacet
  facet normal 0.000000 0.471397 0.881921
    outer loop
      vertex 4.750 210.433 15.509
      vertex 42.750 211.263 15.065
      vertex 4.750 211.263 15.065
    endloop
  endfacet
  facet normal 0.000000 -0.471397 -0.881921
    outer loop
      vertex 4.750 212.373 17.745
      vertex 42.750 212.373 17.745
      vertex 42.750 212.044 17.920
    endloop
  endfacet
  facet normal 0.000000 -0.471397 -0.881921
    outer loop
      vertex 4.750 212.373 17.745
      vertex 42.750 212.044 17.920
      vertex 4.750 212.044 17.920
    endloop
  endfacet
  facet normal -1.000000 0.000000 0.000000
    outer loop
      vertex 4.750 211.263 15.065
      vertex 4.750 210.433 15.509
      vertex 4.750 212.044 17.920
    endloop
  endfacet
  facet normal -1.000000 0.000000 0.000000
    outer loop
      vertex 4.750 211.263 15.065
      vertex 4.750 212.044 17.920
      vertex 4.750 212.373 17.745
    endloop
  endfacet
  facet normal 1.000000 0.000000 0.000000
    outer loop
      vertex 42.750 210.433 15.509
      vertex 42.750 211.263 15.065
      vertex 42.750 212.373 17.745
    endloop
  endfacet
  facet normal 1.000000 0.000000 0.000000
    outer loop
      vertex 42.750 210.433 15.509
      vertex 42.750 212.373 17.745
      vertex 42.750 212.044 17.920
    endloop
  endfacet
  facet normal 0.000000 0.290285 0.956940
    outer loop
      vertex 4.750 211.263 15.065
      vertex 42.750 211.263 15.065
      vertex 42.750 212.164 14.792
    endloop
  endfacet
  facet normal 0.000000 0.290285 0.956940
    outer loop
      vertex 4.750 211.263 15.065
      vertex 42.750 212.164 14.792
      vertex 4.750 212.164 14.792
    endloop
  endfacet
  facet normal 0.000000 -0.290285 -0.956940
    outer loop
      vertex 4.750 212.729 17.637
      vertex 42.750 212.729 17.637
      vertex 42.750 212.373 17.745
    endloop
  endfacet
  facet normal 0.000000 -0.290285 -0.956940
    outer loop
      vertex 4.750 212.729 17.637
      vertex 42.750 212.373 17.745
      vertex 4.750 212.373 17.745
    endloop
  endfacet
  facet normal -1.000000 0.000000 0.000000
    outer loop
      vertex 4.750 212.164 14.792
      vertex 4.750 211.263 15.065
      vertex 4.750 212.373 17.745
    endloop
  endfacet
  facet normal -1.000000 0.000000 0.000000
    outer loop
      vertex 4.750 212.164 14.792
      vertex 4.750 212.373 17.745
      vertex 4.750 212.729 17.637
    endloop
  endfacet
  facet normal 1.000000 0.000000 0.000000
    outer loop
      vertex 42.750 211.263 15.065
      vertex 42.750 212.164 14.792
      vertex 42.750 212.729 17.637
    endloop
  endfacet
  facet normal 1.000000 0.000000 0.000000
    outer loop
      vertex 42.750 211.263 15.065
      vertex 42.750 212.729 17.637
      vertex 42.750 212.373 17.745
    endloop
  endfacet
  facet normal 0.000000 0.098017 0.995185
    outer loop
      vertex 4.750 212.164 14.792
      vertex 42.750 212.164 14.792
      vertex 42.750 213.100 14.700
    endloop
  endfacet
  facet normal 0.000000 0.098017 0.995185
    outer loop
      vertex 4.750 212.164 14.792
      vertex 42.750 213.100 14.700
      vertex 4.750 213.100 14.700
    endloop
  endfacet
  facet normal 0.000000 -0.098017 -0.995185
    outer loop
      vertex 4.750 213.100 17.600
      vertex 42.750 213.100 17.600
      vertex 42.750 212.729 17.637
    endloop
  endfacet
  facet normal 0.000000 -0.098017 -0.995185
    outer loop
      vertex 4.750 213.100 17.600
      vertex 42.750 212.729 17.637
      vertex 4.750 212.729 17.637
    endloop
  endfacet
  facet normal -1.000000 0.000000 0.000000
    outer loop
      vertex 4.750 213.100 14.700
      vertex 4.750 212.164 14.792
      vertex 4.750 212.729 17.637
    endloop
  endfacet
  facet normal -1.000000 0.000000 0.000000
    outer loop
      vertex 4.750 213.100 14.700
      vertex 4.750 212.729 17.637
      vertex 4.750 213.100 17.600
    endloop
  endfacet
  facet normal 1.000000 0.000000 0.000000
    outer loop
      vertex 42.750 212.164 14.792
      vertex 42.750 213.100 14.700
      vertex 42.750 213.100 17.600
    endloop
  endfacet
  facet normal 1.000000 0.000000 0.000000
    outer loop
      vertex 42.750 212.164 14.792
      vertex 42.750 213.100 17.600
      vertex 42.750 212.729 17.637
    endloop
  endfacet
  facet normal 0.000000 -0.098017 0.995185
    outer loop
      vertex 4.750 213.100 14.700
      vertex 42.750 213.100 14.700
      vertex 42.750 214.036 14.792
    endloop
  endfacet
  facet normal 0.000000 -0.098017 0.995185
    outer loop
      vertex 4.750 213.100 14.700
      vertex 42.750 214.036 14.792
      vertex 4.750 214.036 14.792
    endloop
  endfacet
  facet normal 0.000000 0.098017 -0.995185
    outer loop
      vertex 4.750 213.471 17.637
      vertex 42.750 213.471 17.637
      vertex 42.750 213.100 17.600
    endloop
  endfacet
  facet normal 0.000000 0.098017 -0.995185
    outer loop
      vertex 4.750 213.471 17.637
      vertex 42.750 213.100 17.600
      vertex 4.750 213.100 17.600
    endloop
  endfacet
  facet normal -1.000000 0.000000 0.000000
    outer loop
      vertex 4.750 214.036 14.792
      vertex 4.750 213.100 14.700
      vertex 4.750 213.100 17.600
    endloop
  endfacet
  facet normal -1.000000 0.000000 0.000000
    outer loop
      vertex 4.750 214.036 14.792
      vertex 4.750 213.100 17.600
      vertex 4.750 213.471 17.637
    endloop
  endfacet
  facet normal 1.000000 0.000000 0.000000
    outer loop
      vertex 42.750 213.100 14.700
      vertex 42.750 214.036 14.792
      vertex 42.750 213.471 17.637
    endloop
  endfacet
  facet normal 1.000000 0.000000 0.000000
    outer loop
      vertex 42.750 213.100 14.700
      vertex 42.750 213.471 17.637
      vertex 42.750 213.100 17.600
    endloop
  endfacet
  facet normal 0.000000 -0.290285 0.956940
    outer loop
      vertex 4.750 214.036 14.792
      vertex 42.750 214.036 14.792
      vertex 42.750 214.937 15.065
    endloop
  endfacet
  facet normal 0.000000 -0.290285 0.956940
    outer loop
      vertex 4.750 214.036 14.792
      vertex 42.750 214.937 15.065
      vertex 4.750 214.937 15.065
    endloop
  endfacet
  facet normal 0.000000 0.290285 -0.956940
    outer loop
      vertex 4.750 213.827 17.745
      vertex 42.750 213.827 17.745
      vertex 42.750 213.471 17.637
    endloop
  endfacet
  facet normal 0.000000 0.290285 -0.956940
    outer loop
      vertex 4.750 213.827 17.745
      vertex 42.750 213.471 17.637
      vertex 4.750 213.471 17.637
    endloop
  endfacet
  facet normal -1.000000 0.000000 0.000000
    outer loop
      vertex 4.750 214.937 15.065
      vertex 4.750 214.036 14.792
      vertex 4.750 213.471 17.637
    endloop
  endfacet
  facet normal -1.000000 0.000000 0.000000
    outer loop
      vertex 4.750 214.937 15.065
      vertex 4.750 213.471 17.637
      vertex 4.750 213.827 17.745
    endloop
  endfacet
  facet normal 1.000000 0.000000 0.000000
    outer loop
      vertex 42.750 214.036 14.792
      vertex 42.750 214.937 15.065
      vertex 42.750 213.827 17.745
    endloop
  endfacet
  facet normal 1.000000 0.000000 0.000000
    outer loop
      vertex 42.750 214.036 14.792
      vertex 42.750 213.827 17.745
      vertex 42.750 213.471 17.637
    endloop
  endfacet
  facet normal 0.000000 -0.471397 0.881921
    outer loop
      vertex 4.750 214.937 15.065
      vertex 42.750 214.937 15.065
      vertex 42.750 215.767 15.509
    endloop
  endfacet
  facet normal 0.000000 -0.471397 0.881921
    outer loop
      vertex 4.750 214.937 15.065
      vertex 42.750 215.767 15.509
      vertex 4.750 215.767 15.509
    endloop
  endfacet
  facet normal 0.000000 0.471397 -0.881921
    outer loop
      vertex 4.750 214.156 17.920
      vertex 42.750 214.156 17.920
      vertex 42.750 213.827 17.745
    endloop
  endfacet
  facet normal 0.000000 0.471397 -0.881921
    outer loop
      vertex 4.750 214.156 17.920
      vertex 42.750 213.827 17.745
      vertex 4.750 213.827 17.745
    endloop
  endfacet
  facet normal -1.000000 0.000000 0.000000
    outer loop
      vertex 4.750 215.767 15.509
      vertex 4.750 214.937 15.065
      vertex 4.750 213.827 17.745
    endloop
  endfacet
  facet normal -1.000000 0.000000 0.000000
    outer loop
      vertex 4.750 215.767 15.509
      vertex 4.750 213.827 17.745
      vertex 4.750 214.156 17.920
    endloop
  endfacet
  facet normal 1.000000 0.000000 0.000000
    outer loop
      vertex 42.750 214.937 15.065
      vertex 42.750 215.767 15.509
      vertex 42.750 214.156 17.920
    endloop
  endfacet
  facet normal 1.000000 0.000000 0.000000
    outer loop
      vertex 42.750 214.937 15.065
      vertex 42.750 214.156 17.920
      vertex 42.750 213.827 17.745
    endloop
  endfacet
  facet normal 0.000000 -0.634393 0.773010
    outer loop
      vertex 4.750 215.767 15.509
      vertex 42.750 215.767 15.509
      vertex 42.750 216.494 16.106
    endloop
  endfacet
  facet normal 0.000000 -0.634393 0.773010
    outer loop
      vertex 4.750 215.767 15.509
      vertex 42.750 216.494 16.106
      vertex 4.750 216.494 16.106
    endloop
  endfacet
  facet normal 0.000000 0.634393 -0.773010
    outer loop
      vertex 4.750 214.444 18.156
      vertex 42.750 214.444 18.156
      vertex 42.750 214.156 17.920
    endloop
  endfacet
  facet normal 0.000000 0.634393 -0.773010
    outer loop
      vertex 4.750 214.444 18.156
      vertex 42.750 214.156 17.920
      vertex 4.750 214.156 17.920
    endloop
  endfacet
  facet normal -1.000000 0.000000 0.000000
    outer loop
      vertex 4.750 216.494 16.106
      vertex 4.750 215.767 15.509
      vertex 4.750 214.156 17.920
    endloop
  endfacet
  facet normal -1.000000 0.000000 0.000000
    outer loop
      vertex 4.750 216.494 16.106
      vertex 4.750 214.156 17.920
      vertex 4.750 214.444 18.156
    endloop
  endfacet
  facet normal 1.000000 0.000000 0.000000
    outer loop
      vertex 42.750 215.767 15.509
      vertex 42.750 216.494 16.106
      vertex 42.750 214.444 18.156
    endloop
  endfacet
  facet normal 1.000000 0.000000 0.000000
    outer loop
      vertex 42.750 215.767 15.509
      vertex 42.750 214.444 18.156
      vertex 42.750 214.156 17.920
    endloop
  endfacet
  facet normal 0.000000 -0.773010 0.634393
    outer loop
      vertex 4.750 216.494 16.106
      vertex 42.750 216.494 16.106
      vertex 42.750 217.091 16.833
    endloop
  endfacet
  facet normal 0.000000 -0.773010 0.634393
    outer loop
      vertex 4.750 216.494 16.106
      vertex 42.750 217.091 16.833
      vertex 4.750 217.091 16.833
    endloop
  endfacet
  facet normal 0.000000 0.773010 -0.634393
    outer loop
      vertex 4.750 214.680 18.444
      vertex 42.750 214.680 18.444
      vertex 42.750 214.444 18.156
    endloop
  endfacet
  facet normal 0.000000 0.773010 -0.634393
    outer loop
      vertex 4.750 214.680 18.444
      vertex 42.750 214.444 18.156
      vertex 4.750 214.444 18.156
    endloop
  endfacet
  facet normal -1.000000 0.000000 0.000000
    outer loop
      vertex 4.750 217.091 16.833
      vertex 4.750 216.494 16.106
      vertex 4.750 214.444 18.156
    endloop
  endfacet
  facet normal -1.000000 0.000000 0.000000
    outer loop
      vertex 4.750 217.091 16.833
      vertex 4.750 214.444 18.156
      vertex 4.750 214.680 18.444
    endloop
  endfacet
  facet normal 1.000000 0.000000 0.000000
    outer loop
      vertex 42.750 216.494 16.106
      vertex 42.750 217.091 16.833
      vertex 42.750 214.680 18.444
    endloop
  endfacet
  facet normal 1.000000 0.000000 0.000000
    outer loop
      vertex 42.750 216.494 16.106
      vertex 42.750 214.680 18.444
      vertex 42.750 214.444 18.156
    endloop
  endfacet
  facet normal 0.000000 -0.881921 0.471397
    outer loop
      vertex 4.750 217.091 16.833
      vertex 42.750 217.091 16.833
      vertex 42.750 217.535 17.663
    endloop
  endfacet
  facet normal 0.000000 -0.881921 0.471397
    outer loop
      vertex 4.750 217.091 16.833
      vertex 42.750 217.535 17.663
      vertex 4.750 217.535 17.663
    endloop
  endfacet
  facet normal 0.000000 0.881921 -0.471397
    outer loop
      vertex 4.750 214.855 18.773
      vertex 42.750 214.855 18.773
      vertex 42.750 214.680 18.444
    endloop
  endfacet
  facet normal 0.000000 0.881921 -0.471397
    outer loop
      vertex 4.750 214.855 18.773
      vertex 42.750 214.680 18.444
      vertex 4.750 214.680 18.444
    endloop
  endfacet
  facet normal -1.000000 0.000000 0.000000
    outer loop
      vertex 4.750 217.535 17.663
      vertex 4.750 217.091 16.833
      vertex 4.750 214.680 18.444
    endloop
  endfacet
  facet normal -1.000000 0.000000 0.000000
    outer loop
      vertex 4.750 217.535 17.663
      vertex 4.750 214.680 18.444
      vertex 4.750 214.855 18.773
    endloop
  endfacet
  facet normal 1.000000 0.000000 0.000000
    outer loop
      vertex 42.750 217.091 16.833
      vertex 42.750 217.535 17.663
      vertex 42.750 214.855 18.773
    endloop
  endfacet
  facet normal 1.000000 0.000000 0.000000
    outer loop
      vertex 42.750 217.091 16.833
      vertex 42.750 214.855 18.773
      vertex 42.750 214.680 18.444
    endloop
  endfacet
  facet normal 0.000000 -0.956940 0.290285
    outer loop
      vertex 4.750 217.535 17.663
      vertex 42.750 217.535 17.663
      vertex 42.750 217.808 18.564
    endloop
  endfacet
  facet normal 0.000000 -0.956940 0.290285
    outer loop
      vertex 4.750 217.535 17.663
      vertex 42.750 217.808 18.564
      vertex 4.750 217.808 18.564
    endloop
  endfacet
  facet normal 0.000000 0.956940 -0.290285
    outer loop
      vertex 4.750 214.963 19.129
      vertex 42.750 214.963 19.129
      vertex 42.750 214.855 18.773
    endloop
  endfacet
  facet normal 0.000000 0.956940 -0.290285
    outer loop
      vertex 4.750 214.963 19.129
      vertex 42.750 214.855 18.773
      vertex 4.750 214.855 18.773
    endloop
  endfacet
  facet normal -1.000000 0.000000 0.000000
    outer loop
      vertex 4.750 217.808 18.564
      vertex 4.750 217.535 17.663
      vertex 4.750 214.855 18.773
    endloop
  endfacet
  facet normal -1.000000 0.000000 0.000000
    outer loop
      vertex 4.750 217.808 18.564
      vertex 4.750 214.855 18.773
      vertex 4.750 214.963 19.129
    endloop
  endfacet
  facet normal 1.000000 0.000000 0.000000
    outer loop
      vertex 42.750 217.535 17.663
      vertex 42.750 217.808 18.564
      vertex 42.750 214.963 19.129
    endloop
  endfacet
  facet normal 1.000000 0.000000 0.000000
    outer loop
      vertex 42.750 217.535 17.663
      vertex 42.750 214.963 19.129
      vertex 42.750 214.855 18.773
    endloop
  endfacet
  facet normal 0.000000 -0.995185 0.098017
    outer loop
      vertex 4.750 217.808 18.564
      vertex 42.750 217.808 18.564
      vertex 42.750 217.900 19.500
    endloop
  endfacet
  facet normal 0.000000 -0.995185 0.098017
    outer loop
      vertex 4.750 217.808 18.564
      vertex 42.750 217.900 19.500
      vertex 4.750 217.900 19.500
    endloop
  endfacet
  facet normal 0.000000 0.995185 -0.098017
    outer loop
      vertex 4.750 215.000 19.500
      vertex 42.750 215.000 19.500
      vertex 42.750 214.963 19.129
    endloop
  endfacet
  facet normal 0.000000 0.995185 -0.098017
    outer loop
      vertex 4.750 215.000 19.500
      vertex 42.750 214.963 19.129
      vertex 4.750 214.963 19.129
    endloop
  endfacet
  facet normal -1.000000 0.000000 0.000000
    outer loop
      vertex 4.750 217.900 19.500
      vertex 4.750 217.808 18.564
      vertex 4.750 214.963 19.129
    endloop
  endfacet
  facet normal -1.000000 0.000000 0.000000
    outer loop
      vertex 4.750 217.900 19.500
      vertex 4.750 214.963 19.129
      vertex 4.750 215.000 19.500
    endloop
  endfacet
  facet normal 1.000000 0.000000 0.000000
    outer loop
      vertex 42.750 217.808 18.564
      vertex 42.750 217.900 19.500
      vertex 42.750 215.000 19.500
    endloop
  endfacet
  facet normal 1.000000 0.000000 0.000000
    outer loop
      vertex 42.750 217.808 18.564
      vertex 42.750 215.000 19.500
      vertex 42.750 214.963 19.129
    endloop
  endfacet
  facet normal 0.000000 -0.995185 -0.098017
    outer loop
      vertex 166.750 217.900 19.500
      vertex 204.750 217.900 19.500
      vertex 204.750 217.808 20.436
    endloop
  endfacet
  facet normal 0.000000 -0.995185 -0.098017
    outer loop
      vertex 166.750 217.900 19.500
      vertex 204.750 217.808 20.436
      vertex 166.750 217.808 20.436
    endloop
  endfacet
  facet normal 0.000000 0.995185 0.098017
    outer loop
      vertex 166.750 214.963 19.871
      vertex 204.750 214.963 19.871
      vertex 204.750 215.000 19.500
    endloop
  endfacet
  facet normal 0.000000 0.995185 0.098017
    outer loop
      vertex 166.750 214.963 19.871
      vertex 204.750 215.000 19.500
      vertex 166.750 215.000 19.500
    endloop
  endfacet
  facet normal -1.000000 0.000000 0.000000
    outer loop
      vertex 166.750 217.808 20.436
      vertex 166.750 217.900 19.500
      vertex 166.750 215.000 19.500
    endloop
  endfacet
  facet normal -1.000000 0.000000 0.000000
    outer loop
      vertex 166.750 217.808 20.436
      vertex 166.750 215.000 19.500
      vertex 166.750 214.963 19.871
    endloop
  endfacet
  facet normal 1.000000 0.000000 0.000000
    outer loop
      vertex 204.750 217.900 19.500
      vertex 204.750 217.808 20.436
      vertex 204.750 214.963 19.871
    endloop
  endfacet
  facet normal 1.000000 0.000000 0.000000
    outer loop
      vertex 204.750 217.900 19.500
      vertex 204.750 214.963 19.871
      vertex 204.750 215.000 19.500
    endloop
  endfacet
  facet normal 0.000000 -0.956940 -0.290285
    outer loop
      vertex 166.750 217.808 20.436
      vertex 204.750 217.808 20.436
      vertex 204.750 217.535 21.337
    endloop
  endfacet
  facet normal 0.000000 -0.956940 -0.290285
    outer loop
      vertex 166.750 217.808 20.436
      vertex 204.750 217.535 21.337
      vertex 166.750 217.535 21.337
    endloop
  endfacet
  facet normal 0.000000 0.956940 0.290285
    outer loop
      vertex 166.750 214.855 20.227
      vertex 204.750 214.855 20.227
      vertex 204.750 214.963 19.871
    endloop
  endfacet
  facet normal 0.000000 0.956940 0.290285
    outer loop
      vertex 166.750 214.855 20.227
      vertex 204.750 214.963 19.871
      vertex 166.750 214.963 19.871
    endloop
  endfacet
  facet normal -1.000000 0.000000 0.000000
    outer loop
      vertex 166.750 217.535 21.337
      vertex 166.750 217.808 20.436
      vertex 166.750 214.963 19.871
    endloop
  endfacet
  facet normal -1.000000 0.000000 0.000000
    outer loop
      vertex 166.750 217.535 21.337
      vertex 166.750 214.963 19.871
      vertex 166.750 214.855 20.227
    endloop
  endfacet
  facet normal 1.000000 0.000000 0.000000
    outer loop
      vertex 204.750 217.808 20.436
      vertex 204.750 217.535 21.337
      vertex 204.750 214.855 20.227
    endloop
  endfacet
  facet normal 1.000000 0.000000 0.000000
    outer loop
      vertex 204.750 217.808 20.436
      vertex 204.750 214.855 20.227
      vertex 204.750 214.963 19.871
    endloop
  endfacet
  facet normal 0.000000 -0.881921 -0.471397
    outer loop
      vertex 166.750 217.535 21.337
      vertex 204.750 217.535 21.337
      vertex 204.750 217.091 22.167
    endloop
  endfacet
  facet normal 0.000000 -0.881921 -0.471397
    outer loop
      vertex 166.750 217.535 21.337
      vertex 204.750 217.091 22.167
      vertex 166.750 217.091 22.167
    endloop
  endfacet
  facet normal 0.000000 0.881921 0.471397
    outer loop
      vertex 166.750 214.680 20.556
      vertex 204.750 214.680 20.556
      vertex 204.750 214.855 20.227
    endloop
  endfacet
  facet normal 0.000000 0.881921 0.471397
    outer loop
      vertex 166.750 214.680 20.556
      vertex 204.750 214.855 20.227
      vertex 166.750 214.855 20.227
    endloop
  endfacet
  facet normal -1.000000 0.000000 0.000000
    outer loop
      vertex 166.750 217.091 22.167
      vertex 166.750 217.535 21.337
      vertex 166.750 214.855 20.227
    endloop
  endfacet
  facet normal -1.000000 0.000000 0.000000
    outer loop
      vertex 166.750 217.091 22.167
      vertex 166.750 214.855 20.227
      vertex 166.750 214.680 20.556
    endloop
  endfacet
  facet normal 1.000000 0.000000 0.000000
    outer loop
      vertex 204.750 217.535 21.337
      vertex 204.750 217.091 22.167
      vertex 204.750 214.680 20.556
    endloop
  endfacet
  facet normal 1.000000 0.000000 0.000000
    outer loop
      vertex 204.750 217.535 21.337
      vertex 204.750 214.680 20.556
      vertex 204.750 214.855 20.227
    endloop
  endfacet
  facet normal 0.000000 -0.773010 -0.634393
    outer loop
      vertex 166.750 217.091 22.167
      vertex 204.750 217.091 22.167
      vertex 204.750 216.494 22.894
    endloop
  endfacet
  facet normal 0.000000 -0.773010 -0.634393
    outer loop
      vertex 166.750 217.091 22.167
      vertex 204.750 216.494 22.894
      vertex 166.750 216.494 22.894
    endloop
  endfacet
  facet normal 0.000000 0.773010 0.634393
    outer loop
      vertex 166.750 214.444 20.844
      vertex 204.750 214.444 20.844
      vertex 204.750 214.680 20.556
    endloop
  endfacet
  facet normal 0.000000 0.773010 0.634393
    outer loop
      vertex 166.750 214.444 20.844
      vertex 204.750 214.680 20.556
      vertex 166.750 214.680 20.556
    endloop
  endfacet
  facet normal -1.000000 0.000000 0.000000
    outer loop
      vertex 166.750 216.494 22.894
      vertex 166.750 217.091 22.167
      vertex 166.750 214.680 20.556
    endloop
  endfacet
  facet normal -1.000000 0.000000 0.000000
    outer loop
      vertex 166.750 216.494 22.894
      vertex 166.750 214.680 20.556
      vertex 166.750 214.444 20.844
    endloop
  endfacet
  facet normal 1.000000 0.000000 0.000000
    outer loop
      vertex 204.750 217.091 22.167
      vertex 204.750 216.494 22.894
      vertex 204.750 214.444 20.844
    endloop
  endfacet
  facet normal 1.000000 0.000000 0.000000
    outer loop
      vertex 204.750 217.091 22.167
      vertex 204.750 214.444 20.844
      vertex 204.750 214.680 20.556
    endloop
  endfacet
  facet normal 0.000000 -0.634393 -0.773010
    outer loop
      vertex 166.750 216.494 22.894
      vertex 204.750 216.494 22.894
      vertex 204.750 215.767 23.491
    endloop
  endfacet
  facet normal 0.000000 -0.634393 -0.773010
    outer loop
      vertex 166.750 216.494 22.894
      vertex 204.750 215.767 23.491
      vertex 166.750 215.767 23.491
    endloop
  endfacet
  facet normal 0.000000 0.634393 0.773010
    outer loop
      vertex 166.750 214.156 21.080
      vertex 204.750 214.156 21.080
      vertex 204.750 214.444 20.844
    endloop
  endfacet
  facet normal 0.000000 0.634393 0.773010
    outer loop
      vertex 166.750 214.156 21.080
      vertex 204.750 214.444 20.844
      vertex 166.750 214.444 20.844
    endloop
  endfacet
  facet normal -1.000000 0.000000 0.000000
    outer loop
      vertex 166.750 215.767 23.491
      vertex 166.750 216.494 22.894
      vertex 166.750 214.444 20.844
    endloop
  endfacet
  facet normal -1.000000 0.000000 0.000000
    outer loop
      vertex 166.750 215.767 23.491
      vertex 166.750 214.444 20.844
      vertex 166.750 214.156 21.080
    endloop
  endfacet
  facet normal 1.000000 0.000000 0.000000
    outer loop
      vertex 204.750 216.494 22.894
      vertex 204.750 215.767 23.491
      vertex 204.750 214.156 21.080
    endloop
  endfacet
  facet normal 1.000000 0.000000 0.000000
    outer loop
      vertex 204.750 216.494 22.894
      vertex 204.750 214.156 21.080
      vertex 204.750 214.444 20.844
    endloop
  endfacet
  facet normal 0.000000 -0.471397 -0.881921
    outer loop
      vertex 166.750 215.767 23.491
      vertex 204.750 215.767 23.491
      vertex 204.750 214.937 23.935
    endloop
  endfacet
  facet normal 0.000000 -0.471397 -0.881921
    outer loop
      vertex 166.750 215.767 23.491
      vertex 204.750 214.937 23.935
      vertex 166.750 214.937 23.935
    endloop
  endfacet
  facet normal 0.000000 0.471397 0.881921
    outer loop
      vertex 166.750 213.827 21.255
      vertex 204.750 213.827 21.255
      vertex 204.750 214.156 21.080
    endloop
  endfacet
  facet normal 0.000000 0.471397 0.881921
    outer loop
      vertex 166.750 213.827 21.255
      vertex 204.750 214.156 21.080
      vertex 166.750 214.156 21.080
    endloop
  endfacet
  facet normal -1.000000 0.000000 0.000000
    outer loop
      vertex 166.750 214.937 23.935
      vertex 166.750 215.767 23.491
      vertex 166.750 214.156 21.080
    endloop
  endfacet
  facet normal -1.000000 0.000000 0.000000
    outer loop
      vertex 166.750 214.937 23.935
      vertex 166.750 214.156 21.080
      vertex 166.750 213.827 21.255
    endloop
  endfacet
  facet normal 1.000000 0.000000 0.000000
    outer loop
      vertex 204.750 215.767 23.491
      vertex 204.750 214.937 23.935
      vertex 204.750 213.827 21.255
    endloop
  endfacet
  facet normal 1.000000 0.000000 0.000000
    outer loop
      vertex 204.750 215.767 23.491
      vertex 204.750 213.827 21.255
      vertex 204.750 214.156 21.080
    endloop
  endfacet
  facet normal 0.000000 -0.290285 -0.956940
    outer loop
      vertex 166.750 214.937 23.935
      vertex 204.750 214.937 23.935
      vertex 204.750 214.036 24.208
    endloop
  endfacet
  facet normal 0.000000 -0.290285 -0.956940
    outer loop
      vertex 166.750 214.937 23.935
      vertex 204.750 214.036 24.208
      vertex 166.750 214.036 24.208
    endloop
  endfacet
  facet normal 0.000000 0.290285 0.956940
    outer loop
      vertex 166.750 213.471 21.363
      vertex 204.750 213.471 21.363
      vertex 204.750 213.827 21.255
    endloop
  endfacet
  facet normal 0.000000 0.290285 0.956940
    outer loop
      vertex 166.750 213.471 21.363
      vertex 204.750 213.827 21.255
      vertex 166.750 213.827 21.255
    endloop
  endfacet
  facet normal -1.000000 0.000000 0.000000
    outer loop
      vertex 166.750 214.036 24.208
      vertex 166.750 214.937 23.935
      vertex 166.750 213.827 21.255
    endloop
  endfacet
  facet normal -1.000000 0.000000 0.000000
    outer loop
      vertex 166.750 214.036 24.208
      vertex 166.750 213.827 21.255
      vertex 166.750 213.471 21.363
    endloop
  endfacet
  facet normal 1.000000 0.000000 0.000000
    outer loop
      vertex 204.750 214.937 23.935
      vertex 204.750 214.036 24.208
      vertex 204.750 213.471 21.363
    endloop
  endfacet
  facet normal 1.000000 0.000000 0.000000
    outer loop
      vertex 204.750 214.937 23.935
      vertex 204.750 213.471 21.363
      vertex 204.750 213.827 21.255
    endloop
  endfacet
  facet normal 0.000000 -0.098017 -0.995185
    outer loop
      vertex 166.750 214.036 24.208
      vertex 204.750 214.036 24.208
      vertex 204.750 213.100 24.300
    endloop
  endfacet
  facet normal 0.000000 -0.098017 -0.995185
    outer loop
      vertex 166.750 214.036 24.208
      vertex 204.750 213.100 24.300
      vertex 166.750 213.100 24.300
    endloop
  endfacet
  facet normal 0.000000 0.098017 0.995185
    outer loop
      vertex 166.750 213.100 21.400
      vertex 204.750 213.100 21.400
      vertex 204.750 213.471 21.363
    endloop
  endfacet
  facet normal 0.000000 0.098017 0.995185
    outer loop
      vertex 166.750 213.100 21.400
      vertex 204.750 213.471 21.363
      vertex 166.750 213.471 21.363
    endloop
  endfacet
  facet normal -1.000000 0.000000 0.000000
    outer loop
      vertex 166.750 213.100 24.300
      vertex 166.750 214.036 24.208
      vertex 166.750 213.471 21.363
    endloop
  endfacet
  facet normal -1.000000 0.000000 0.000000
    outer loop
      vertex 166.750 213.100 24.300
      vertex 166.750 213.471 21.363
      vertex 166.750 213.100 21.400
    endloop
  endfacet
  facet normal 1.000000 0.000000 0.000000
    outer loop
      vertex 204.750 214.036 24.208
      vertex 204.750 213.100 24.300
      vertex 204.750 213.100 21.400
    endloop
  endfacet
  facet normal 1.000000 0.000000 0.000000
    outer loop
      vertex 204.750 214.036 24.208
      vertex 204.750 213.100 21.400
      vertex 204.750 213.471 21.363
    endloop
  endfacet
  facet normal 0.000000 0.098017 -0.995185
    outer loop
      vertex 166.750 213.100 24.300
      vertex 204.750 213.100 24.300
      vertex 204.750 212.164 24.208
    endloop
  endfacet
  facet normal 0.000000 0.098017 -0.995185
    outer loop
      vertex 166.750 213.100 24.300
      vertex 204.750 212.164 24.208
      vertex 166.750 212.164 24.208
    endloop
  endfacet
  facet normal 0.000000 -0.098017 0.995185
    outer loop
      vertex 166.750 212.729 21.363
      vertex 204.750 212.729 21.363
      vertex 204.750 213.100 21.400
    endloop
  endfacet
  facet normal 0.000000 -0.098017 0.995185
    outer loop
      vertex 166.750 212.729 21.363
      vertex 204.750 213.100 21.400
      vertex 166.750 213.100 21.400
    endloop
  endfacet
  facet normal -1.000000 0.000000 0.000000
    outer loop
      vertex 166.750 212.164 24.208
      vertex 166.750 213.100 24.300
      vertex 166.750 213.100 21.400
    endloop
  endfacet
  facet normal -1.000000 0.000000 0.000000
    outer loop
      vertex 166.750 212.164 24.208
      vertex 166.750 213.100 21.400
      vertex 166.750 212.729 21.363
    endloop
  endfacet
  facet normal 1.000000 0.000000 0.000000
    outer loop
      vertex 204.750 213.100 24.300
      vertex 204.750 212.164 24.208
      vertex 204.750 212.729 21.363
    endloop
  endfacet
  facet normal 1.000000 0.000000 0.000000
    outer loop
      vertex 204.750 213.100 24.300
      vertex 204.750 212.729 21.363
      vertex 204.750 213.100 21.400
    endloop
  endfacet
  facet normal 0.000000 0.290285 -0.956940
    outer loop
      vertex 166.750 212.164 24.208
      vertex 204.750 212.164 24.208
      vertex 204.750 211.263 23.935
    endloop
  endfacet
  facet normal 0.000000 0.290285 -0.956940
    outer loop
      vertex 166.750 212.164 24.208
      vertex 204.750 211.263 23.935
      vertex 166.750 211.263 23.935
    endloop
  endfacet
  facet normal 0.000000 -0.290285 0.956940
    outer loop
      vertex 166.750 212.373 21.255
      vertex 204.750 212.373 21.255
      vertex 204.750 212.729 21.363
    endloop
  endfacet
  facet normal 0.000000 -0.290285 0.956940
    outer loop
      vertex 166.750 212.373 21.255
      vertex 204.750 212.729 21.363
      vertex 166.750 212.729 21.363
    endloop
  endfacet
  facet normal -1.000000 0.000000 0.000000
    outer loop
      vertex 166.750 211.263 23.935
      vertex 166.750 212.164 24.208
      vertex 166.750 212.729 21.363
    endloop
  endfacet
  facet normal -1.000000 0.000000 0.000000
    outer loop
      vertex 166.750 211.263 23.935
      vertex 166.750 212.729 21.363
      vertex 166.750 212.373 21.255
    endloop
  endfacet
  facet normal 1.000000 0.000000 0.000000
    outer loop
      vertex 204.750 212.164 24.208
      vertex 204.750 211.263 23.935
      vertex 204.750 212.373 21.255
    endloop
  endfacet
  facet normal 1.000000 0.000000 0.000000
    outer loop
      vertex 204.750 212.164 24.208
      vertex 204.750 212.373 21.255
      vertex 204.750 212.729 21.363
    endloop
  endfacet
  facet normal 0.000000 0.471397 -0.881921
    outer loop
      vertex 166.750 211.263 23.935
      vertex 204.750 211.263 23.935
      vertex 204.750 210.433 23.491
    endloop
  endfacet
  facet normal 0.000000 0.471397 -0.881921
    outer loop
      vertex 166.750 211.263 23.935
      vertex 204.750 210.433 23.491
      vertex 166.750 210.433 23.491
    endloop
  endfacet
  facet normal 0.000000 -0.471397 0.881921
    outer loop
      vertex 166.750 212.044 21.080
      vertex 204.750 212.044 21.080
      vertex 204.750 212.373 21.255
    endloop
  endfacet
  facet normal 0.000000 -0.471397 0.881921
    outer loop
      vertex 166.750 212.044 21.080
      vertex 204.750 212.373 21.255
      vertex 166.750 212.373 21.255
    endloop
  endfacet
  facet normal -1.000000 0.000000 0.000000
    outer loop
      vertex 166.750 210.433 23.491
      vertex 166.750 211.263 23.935
      vertex 166.750 212.373 21.255
    endloop
  endfacet
  facet normal -1.000000 0.000000 0.000000
    outer loop
      vertex 166.750 210.433 23.491
      vertex 166.750 212.373 21.255
      vertex 166.750 212.044 21.080
    endloop
  endfacet
  facet normal 1.000000 0.000000 0.000000
    outer loop
      vertex 204.750 211.263 23.935
      vertex 204.750 210.433 23.491
      vertex 204.750 212.044 21.080
    endloop
  endfacet
  facet normal 1.000000 0.000000 0.000000
    outer loop
      vertex 204.750 211.263 23.935
      vertex 204.750 212.044 21.080
      vertex 204.750 212.373 21.255
    endloop
  endfacet
  facet normal 0.000000 0.634393 -0.773010
    outer loop
      vertex 166.750 210.433 23.491
      vertex 204.750 210.433 23.491
      vertex 204.750 209.706 22.894
    endloop
  endfacet
  facet normal 0.000000 0.634393 -0.773010
    outer loop
      vertex 166.750 210.433 23.491
      vertex 204.750 209.706 22.894
      vertex 166.750 209.706 22.894
    endloop
  endfacet
  facet normal 0.000000 -0.634393 0.773010
    outer loop
      vertex 166.750 211.756 20.844
      vertex 204.750 211.756 20.844
      vertex 204.750 212.044 21.080
    endloop
  endfacet
  facet normal 0.000000 -0.634393 0.773010
    outer loop
      vertex 166.750 211.756 20.844
      vertex 204.750 212.044 21.080
      vertex 166.750 212.044 21.080
    endloop
  endfacet
  facet normal -1.000000 0.000000 0.000000
    outer loop
      vertex 166.750 209.706 22.894
      vertex 166.750 210.433 23.491
      vertex 166.750 212.044 21.080
    endloop
  endfacet
  facet normal -1.000000 0.000000 0.000000
    outer loop
      vertex 166.750 209.706 22.894
      vertex 166.750 212.044 21.080
      vertex 166.750 211.756 20.844
    endloop
  endfacet
  facet normal 1.000000 0.000000 0.000000
    outer loop
      vertex 204.750 210.433 23.491
      vertex 204.750 209.706 22.894
      vertex 204.750 211.756 20.844
    endloop
  endfacet
  facet normal 1.000000 0.000000 0.000000
    outer loop
      vertex 204.750 210.433 23.491
      vertex 204.750 211.756 20.844
      vertex 204.750 212.044 21.080
    endloop
  endfacet
  facet normal 0.000000 0.773010 -0.634393
    outer loop
      vertex 166.750 209.706 22.894
      vertex 204.750 209.706 22.894
      vertex 204.750 209.109 22.167
    endloop
  endfacet
  facet normal 0.000000 0.773010 -0.634393
    outer loop
      vertex 166.750 209.706 22.894
      vertex 204.750 209.109 22.167
      vertex 166.750 209.109 22.167
    endloop
  endfacet
  facet normal 0.000000 -0.773010 0.634393
    outer loop
      vertex 166.750 211.520 20.556
      vertex 204.750 211.520 20.556
      vertex 204.750 211.756 20.844
    endloop
  endfacet
  facet normal 0.000000 -0.773010 0.634393
    outer loop
      vertex 166.750 211.520 20.556
      vertex 204.750 211.756 20.844
      vertex 166.750 211.756 20.844
    endloop
  endfacet
  facet normal -1.000000 0.000000 0.000000
    outer loop
      vertex 166.750 209.109 22.167
      vertex 166.750 209.706 22.894
      vertex 166.750 211.756 20.844
    endloop
  endfacet
  facet normal -1.000000 0.000000 0.000000
    outer loop
      vertex 166.750 209.109 22.167
      vertex 166.750 211.756 20.844
      vertex 166.750 211.520 20.556
    endloop
  endfacet
  facet normal 1.000000 0.000000 0.000000
    outer loop
      vertex 204.750 209.706 22.894
      vertex 204.750 209.109 22.167
      vertex 204.750 211.520 20.556
    endloop
  endfacet
  facet normal 1.000000 0.000000 0.000000
    outer loop
      vertex 204.750 209.706 22.894
      vertex 204.750 211.520 20.556
      vertex 204.750 211.756 20.844
    endloop
  endfacet
  facet normal 0.000000 0.881921 -0.471397
    outer loop
      vertex 166.750 209.109 22.167
      vertex 204.750 209.109 22.167
      vertex 204.750 208.665 21.337
    endloop
  endfacet
  facet normal 0.000000 0.881921 -0.471397
    outer loop
      vertex 166.750 209.109 22.167
      vertex 204.750 208.665 21.337
      vertex 166.750 208.665 21.337
    endloop
  endfacet
  facet normal 0.000000 -0.881921 0.471397
    outer loop
      vertex 166.750 211.345 20.227
      vertex 204.750 211.345 20.227
      vertex 204.750 211.520 20.556
    endloop
  endfacet
  facet normal 0.000000 -0.881921 0.471397
    outer loop
      vertex 166.750 211.345 20.227
      vertex 204.750 211.520 20.556
      vertex 166.750 211.520 20.556
    endloop
  endfacet
  facet normal -1.000000 0.000000 0.000000
    outer loop
      vertex 166.750 208.665 21.337
      vertex 166.750 209.109 22.167
      vertex 166.750 211.520 20.556
    endloop
  endfacet
  facet normal -1.000000 0.000000 0.000000
    outer loop
      vertex 166.750 208.665 21.337
      vertex 166.750 211.520 20.556
      vertex 166.750 211.345 20.227
    endloop
  endfacet
  facet normal 1.000000 0.000000 0.000000
    outer loop
      vertex 204.750 209.109 22.167
      vertex 204.750 208.665 21.337
      vertex 204.750 211.345 20.227
    endloop
  endfacet
  facet normal 1.000000 0.000000 0.000000
    outer loop
      vertex 204.750 209.109 22.167
      vertex 204.750 211.345 20.227
      vertex 204.750 211.520 20.556
    endloop
  endfacet
  facet normal 0.000000 0.956940 -0.290285
    outer loop
      vertex 166.750 208.665 21.337
      vertex 204.750 208.665 21.337
      vertex 204.750 208.392 20.436
    endloop
  endfacet
  facet normal 0.000000 0.956940 -0.290285
    outer loop
      vertex 166.750 208.665 21.337
      vertex 204.750 208.392 20.436
      vertex 166.750 208.392 20.436
    endloop
  endfacet
  facet normal 0.000000 -0.956940 0.290285
    outer loop
      vertex 166.750 211.237 19.871
      vertex 204.750 211.237 19.871
      vertex 204.750 211.345 20.227
    endloop
  endfacet
  facet normal 0.000000 -0.956940 0.290285
    outer loop
      vertex 166.750 211.237 19.871
      vertex 204.750 211.345 20.227
      vertex 166.750 211.345 20.227
    endloop
  endfacet
  facet normal -1.000000 0.000000 0.000000
    outer loop
      vertex 166.750 208.392 20.436
      vertex 166.750 208.665 21.337
      vertex 166.750 211.345 20.227
    endloop
  endfacet
  facet normal -1.000000 0.000000 0.000000
    outer loop
      vertex 166.750 208.392 20.436
      vertex 166.750 211.345 20.227
      vertex 166.750 211.237 19.871
    endloop
  endfacet
  facet normal 1.000000 0.000000 0.000000
    outer loop
      vertex 204.750 208.665 21.337
      vertex 204.750 208.392 20.436
      vertex 204.750 211.237 19.871
    endloop
  endfacet
  facet normal 1.000000 0.000000 0.000000
    outer loop
      vertex 204.750 208.665 21.337
      vertex 204.750 211.237 19.871
      vertex 204.750 211.345 20.227
    endloop
  endfacet
  facet normal 0.000000 0.995185 -0.098017
    outer loop
      vertex 166.750 208.392 20.436
      vertex 204.750 208.392 20.436
      vertex 204.750 208.300 19.500
    endloop
  endfacet
  facet normal 0.000000 0.995185 -0.098017
    outer loop
      vertex 166.750 208.392 20.436
      vertex 204.750 208.300 19.500
      vertex 166.750 208.300 19.500
    endloop
  endfacet
  facet normal 0.000000 -0.995185 0.098017
    outer loop
      vertex 166.750 211.200 19.500
      vertex 204.750 211.200 19.500
      vertex 204.750 211.237 19.871
    endloop
  endfacet
  facet normal 0.000000 -0.995185 0.098017
    outer loop
      vertex 166.750 211.200 19.500
      vertex 204.750 211.237 19.871
      vertex 166.750 211.237 19.871
    endloop
  endfacet
  facet normal -1.000000 0.000000 0.000000
    outer loop
      vertex 166.750 208.300 19.500
      vertex 166.750 208.392 20.436
      vertex 166.750 211.237 19.871
    endloop
  endfacet
  facet normal -1.000000 0.000000 0.000000
    outer loop
      vertex 166.750 208.300 19.500
      vertex 166.750 211.237 19.871
      vertex 166.750 211.200 19.500
    endloop
  endfacet
  facet normal 1.000000 0.000000 0.000000
    outer loop
      vertex 204.750 208.392 20.436
      vertex 204.750 208.300 19.500
      vertex 204.750 211.200 19.500
    endloop
  endfacet
  facet normal 1.000000 0.000000 0.000000
    outer loop
      vertex 204.750 208.392 20.436
      vertex 204.750 211.200 19.500
      vertex 204.750 211.237 19.871
    endloop
  endfacet
  facet normal 0.000000 0.995185 0.098017
    outer loop
      vertex 166.750 208.300 19.500
      vertex 204.750 208.300 19.500
      vertex 204.750 208.392 18.564
    endloop
  endfacet
  facet normal 0.000000 0.995185 0.098017
    outer loop
      vertex 166.750 208.300 19.500
      vertex 204.750 208.392 18.564
      vertex 166.750 208.392 18.564
    endloop
  endfacet
  facet normal 0.000000 -0.995185 -0.098017
    outer loop
      vertex 166.750 211.237 19.129
      vertex 204.750 211.237 19.129
      vertex 204.750 211.200 19.500
    endloop
  endfacet
  facet normal 0.000000 -0.995185 -0.098017
    outer loop
      vertex 166.750 211.237 19.129
      vertex 204.750 211.200 19.500
      vertex 166.750 211.200 19.500
    endloop
  endfacet
  facet normal -1.000000 0.000000 0.000000
    outer loop
      vertex 166.750 208.392 18.564
      vertex 166.750 208.300 19.500
      vertex 166.750 211.200 19.500
    endloop
  endfacet
  facet normal -1.000000 0.000000 0.000000
    outer loop
      vertex 166.750 208.392 18.564
      vertex 166.750 211.200 19.500
      vertex 166.750 211.237 19.129
    endloop
  endfacet
  facet normal 1.000000 0.000000 0.000000
    outer loop
      vertex 204.750 208.300 19.500
      vertex 204.750 208.392 18.564
      vertex 204.750 211.237 19.129
    endloop
  endfacet
  facet normal 1.000000 0.000000 0.000000
    outer loop
      vertex 204.750 208.300 19.500
      vertex 204.750 211.237 19.129
      vertex 204.750 211.200 19.500
    endloop
  endfacet
  facet normal 0.000000 0.956940 0.290285
    outer loop
      vertex 166.750 208.392 18.564
      vertex 204.750 208.392 18.564
      vertex 204.750 208.665 17.663
    endloop
  endfacet
  facet normal 0.000000 0.956940 0.290285
    outer loop
      vertex 166.750 208.392 18.564
      vertex 204.750 208.665 17.663
      vertex 166.750 208.665 17.663
    endloop
  endfacet
  facet normal 0.000000 -0.956940 -0.290285
    outer loop
      vertex 166.750 211.345 18.773
      vertex 204.750 211.345 18.773
      vertex 204.750 211.237 19.129
    endloop
  endfacet
  facet normal 0.000000 -0.956940 -0.290285
    outer loop
      vertex 166.750 211.345 18.773
      vertex 204.750 211.237 19.129
      vertex 166.750 211.237 19.129
    endloop
  endfacet
  facet normal -1.000000 0.000000 0.000000
    outer loop
      vertex 166.750 208.665 17.663
      vertex 166.750 208.392 18.564
      vertex 166.750 211.237 19.129
    endloop
  endfacet
  facet normal -1.000000 0.000000 0.000000
    outer loop
      vertex 166.750 208.665 17.663
      vertex 166.750 211.237 19.129
      vertex 166.750 211.345 18.773
    endloop
  endfacet
  facet normal 1.000000 0.000000 0.000000
    outer loop
      vertex 204.750 208.392 18.564
      vertex 204.750 208.665 17.663
      vertex 204.750 211.345 18.773
    endloop
  endfacet
  facet normal 1.000000 0.000000 0.000000
    outer loop
      vertex 204.750 208.392 18.564
      vertex 204.750 211.345 18.773
      vertex 204.750 211.237 19.129
    endloop
  endfacet
  facet normal 0.000000 0.881921 0.471397
    outer loop
      vertex 166.750 208.665 17.663
      vertex 204.750 208.665 17.663
      vertex 204.750 209.109 16.833
    endloop
  endfacet
  facet normal 0.000000 0.881921 0.471397
    outer loop
      vertex 166.750 208.665 17.663
      vertex 204.750 209.109 16.833
      vertex 166.750 209.109 16.833
    endloop
  endfacet
  facet normal 0.000000 -0.881921 -0.471397
    outer loop
      vertex 166.750 211.520 18.444
      vertex 204.750 211.520 18.444
      vertex 204.750 211.345 18.773
    endloop
  endfacet
  facet normal 0.000000 -0.881921 -0.471397
    outer loop
      vertex 166.750 211.520 18.444
      vertex 204.750 211.345 18.773
      vertex 166.750 211.345 18.773
    endloop
  endfacet
  facet normal -1.000000 0.000000 0.000000
    outer loop
      vertex 166.750 209.109 16.833
      vertex 166.750 208.665 17.663
      vertex 166.750 211.345 18.773
    endloop
  endfacet
  facet normal -1.000000 0.000000 0.000000
    outer loop
      vertex 166.750 209.109 16.833
      vertex 166.750 211.345 18.773
      vertex 166.750 211.520 18.444
    endloop
  endfacet
  facet normal 1.000000 0.000000 0.000000
    outer loop
      vertex 204.750 208.665 17.663
      vertex 204.750 209.109 16.833
      vertex 204.750 211.520 18.444
    endloop
  endfacet
  facet normal 1.000000 0.000000 0.000000
    outer loop
      vertex 204.750 208.665 17.663
      vertex 204.750 211.520 18.444
      vertex 204.750 211.345 18.773
    endloop
  endfacet
  facet normal 0.000000 0.773010 0.634393
    outer loop
      vertex 166.750 209.109 16.833
      vertex 204.750 209.109 16.833
      vertex 204.750 209.706 16.106
    endloop
  endfacet
  facet normal 0.000000 0.773010 0.634393
    outer loop
      vertex 166.750 209.109 16.833
      vertex 204.750 209.706 16.106
      vertex 166.750 209.706 16.106
    endloop
  endfacet
  facet normal 0.000000 -0.773010 -0.634393
    outer loop
      vertex 166.750 211.756 18.156
      vertex 204.750 211.756 18.156
      vertex 204.750 211.520 18.444
    endloop
  endfacet
  facet normal 0.000000 -0.773010 -0.634393
    outer loop
      vertex 166.750 211.756 18.156
      vertex 204.750 211.520 18.444
      vertex 166.750 211.520 18.444
    endloop
  endfacet
  facet normal -1.000000 0.000000 0.000000
    outer loop
      vertex 166.750 209.706 16.106
      vertex 166.750 209.109 16.833
      vertex 166.750 211.520 18.444
    endloop
  endfacet
  facet normal -1.000000 0.000000 0.000000
    outer loop
      vertex 166.750 209.706 16.106
      vertex 166.750 211.520 18.444
      vertex 166.750 211.756 18.156
    endloop
  endfacet
  facet normal 1.000000 0.000000 0.000000
    outer loop
      vertex 204.750 209.109 16.833
      vertex 204.750 209.706 16.106
      vertex 204.750 211.756 18.156
    endloop
  endfacet
  facet normal 1.000000 0.000000 0.000000
    outer loop
      vertex 204.750 209.109 16.833
      vertex 204.750 211.756 18.156
      vertex 204.750 211.520 18.444
    endloop
  endfacet
  facet normal 0.000000 0.634393 0.773010
    outer loop
      vertex 166.750 209.706 16.106
      vertex 204.750 209.706 16.106
      vertex 204.750 210.433 15.509
    endloop
  endfacet
  facet normal 0.000000 0.634393 0.773010
    outer loop
      vertex 166.750 209.706 16.106
      vertex 204.750 210.433 15.509
      vertex 166.750 210.433 15.509
    endloop
  endfacet
  facet normal 0.000000 -0.634393 -0.773010
    outer loop
      vertex 166.750 212.044 17.920
      vertex 204.750 212.044 17.920
      vertex 204.750 211.756 18.156
    endloop
  endfacet
  facet normal 0.000000 -0.634393 -0.773010
    outer loop
      vertex 166.750 212.044 17.920
      vertex 204.750 211.756 18.156
      vertex 166.750 211.756 18.156
    endloop
  endfacet
  facet normal -1.000000 0.000000 0.000000
    outer loop
      vertex 166.750 210.433 15.509
      vertex 166.750 209.706 16.106
      vertex 166.750 211.756 18.156
    endloop
  endfacet
  facet normal -1.000000 0.000000 0.000000
    outer loop
      vertex 166.750 210.433 15.509
      vertex 166.750 211.756 18.156
      vertex 166.750 212.044 17.920
    endloop
  endfacet
  facet normal 1.000000 0.000000 0.000000
    outer loop
      vertex 204.750 209.706 16.106
      vertex 204.750 210.433 15.509
      vertex 204.750 212.044 17.920
    endloop
  endfacet
  facet normal 1.000000 0.000000 0.000000
    outer loop
      vertex 204.750 209.706 16.106
      vertex 204.750 212.044 17.920
      vertex 204.750 211.756 18.156
    endloop
  endfacet
  facet normal 0.000000 0.471397 0.881921
    outer loop
      vertex 166.750 210.433 15.509
      vertex 204.750 210.433 15.509
      vertex 204.750 211.263 15.065
    endloop
  endfacet
  facet normal 0.000000 0.471397 0.881921
    outer loop
      vertex 166.750 210.433 15.509
      vertex 204.750 211.263 15.065
      vertex 166.750 211.263 15.065
    endloop
  endfacet
  facet normal 0.000000 -0.471397 -0.881921
    outer loop
      vertex 166.750 212.373 17.745
      vertex 204.750 212.373 17.745
      vertex 204.750 212.044 17.920
    endloop
  endfacet
  facet normal 0.000000 -0.471397 -0.881921
    outer loop
      vertex 166.750 212.373 17.745
      vertex 204.750 212.044 17.920
      vertex 166.750 212.044 17.920
    endloop
  endfacet
  facet normal -1.000000 0.000000 0.000000
    outer loop
      vertex 166.750 211.263 15.065
      vertex 166.750 210.433 15.509
      vertex 166.750 212.044 17.920
    endloop
  endfacet
  facet normal -1.000000 0.000000 0.000000
    outer loop
      vertex 166.750 211.263 15.065
      vertex 166.750 212.044 17.920
      vertex 166.750 212.373 17.745
    endloop
  endfacet
  facet normal 1.000000 0.000000 0.000000
    outer loop
      vertex 204.750 210.433 15.509
      vertex 204.750 211.263 15.065
      vertex 204.750 212.373 17.745
    endloop
  endfacet
  facet normal 1.000000 0.000000 0.000000
    outer loop
      vertex 204.750 210.433 15.509
      vertex 204.750 212.373 17.745
      vertex 204.750 212.044 17.920
    endloop
  endfacet
  facet normal 0.000000 0.290285 0.956940
    outer loop
      vertex 166.750 211.263 15.065
      vertex 204.750 211.263 15.065
      vertex 204.750 212.164 14.792
    endloop
  endfacet
  facet normal 0.000000 0.290285 0.956940
    outer loop
      vertex 166.750 211.263 15.065
      vertex 204.750 212.164 14.792
      vertex 166.750 212.164 14.792
    endloop
  endfacet
  facet normal 0.000000 -0.290285 -0.956940
    outer loop
      vertex 166.750 212.729 17.637
      vertex 204.750 212.729 17.637
      vertex 204.750 212.373 17.745
    endloop
  endfacet
  facet normal 0.000000 -0.290285 -0.956940
    outer loop
      vertex 166.750 212.729 17.637
      vertex 204.750 212.373 17.745
      vertex 166.750 212.373 17.745
    endloop
  endfacet
  facet normal -1.000000 0.000000 0.000000
    outer loop
      vertex 166.750 212.164 14.792
      vertex 166.750 211.263 15.065
      vertex 166.750 212.373 17.745
    endloop
  endfacet
  facet normal -1.000000 0.000000 0.000000
    outer loop
      vertex 166.750 212.164 14.792
      vertex 166.750 212.373 17.745
      vertex 166.750 212.729 17.637
    endloop
  endfacet
  facet normal 1.000000 0.000000 0.000000
    outer loop
      vertex 204.750 211.263 15.065
      vertex 204.750 212.164 14.792
      vertex 204.750 212.729 17.637
    endloop
  endfacet
  facet normal 1.000000 0.000000 0.000000
    outer loop
      vertex 204.750 211.263 15.065
      vertex 204.750 212.729 17.637
      vertex 204.750 212.373 17.745
    endloop
  endfacet
  facet normal 0.000000 0.098017 0.995185
    outer loop
      vertex 166.750 212.164 14.792
      vertex 204.750 212.164 14.792
      vertex 204.750 213.100 14.700
    endloop
  endfacet
  facet normal 0.000000 0.098017 0.995185
    outer loop
      vertex 166.750 212.164 14.792
      vertex 204.750 213.100 14.700
      vertex 166.750 213.100 14.700
    endloop
  endfacet
  facet normal 0.000000 -0.098017 -0.995185
    outer loop
      vertex 166.750 213.100 17.600
      vertex 204.750 213.100 17.600
      vertex 204.750 212.729 17.637
    endloop
  endfacet
  facet normal 0.000000 -0.098017 -0.995185
    outer loop
      vertex 166.750 213.100 17.600
      vertex 204.750 212.729 17.637
      vertex 166.750 212.729 17.637
    endloop
  endfacet
  facet normal -1.000000 0.000000 0.000000
    outer loop
      vertex 166.750 213.100 14.700
      vertex 166.750 212.164 14.792
      vertex 166.750 212.729 17.637
    endloop
  endfacet
  facet normal -1.000000 0.000000 0.000000
    outer loop
      vertex 166.750 213.100 14.700
      vertex 166.750 212.729 17.637
      vertex 166.750 213.100 17.600
    endloop
  endfacet
  facet normal 1.000000 0.000000 0.000000
    outer loop
      vertex 204.750 212.164 14.792
      vertex 204.750 213.100 14.700
      vertex 204.750 213.100 17.600
    endloop
  endfacet
  facet normal 1.000000 0.000000 0.000000
    outer loop
      vertex 204.750 212.164 14.792
      vertex 204.750 213.100 17.600
      vertex 204.750 212.729 17.637
    endloop
  endfacet
  facet normal 0.000000 -0.098017 0.995185
    outer loop
      vertex 166.750 213.100 14.700
      vertex 204.750 213.100 14.700
      vertex 204.750 214.036 14.792
    endloop
  endfacet
  facet normal 0.000000 -0.098017 0.995185
    outer loop
      vertex 166.750 213.100 14.700
      vertex 204.750 214.036 14.792
      vertex 166.750 214.036 14.792
    endloop
  endfacet
  facet normal 0.000000 0.098017 -0.995185
    outer loop
      vertex 166.750 213.471 17.637
      vertex 204.750 213.471 17.637
      vertex 204.750 213.100 17.600
    endloop
  endfacet
  facet normal 0.000000 0.098017 -0.995185
    outer loop
      vertex 166.750 213.471 17.637
      vertex 204.750 213.100 17.600
      vertex 166.750 213.100 17.600
    endloop
  endfacet
  facet normal -1.000000 0.000000 0.000000
    outer loop
      vertex 166.750 214.036 14.792
      vertex 166.750 213.100 14.700
      vertex 166.750 213.100 17.600
    endloop
  endfacet
  facet normal -1.000000 0.000000 0.000000
    outer loop
      vertex 166.750 214.036 14.792
      vertex 166.750 213.100 17.600
      vertex 166.750 213.471 17.637
    endloop
  endfacet
  facet normal 1.000000 0.000000 0.000000
    outer loop
      vertex 204.750 213.100 14.700
      vertex 204.750 214.036 14.792
      vertex 204.750 213.471 17.637
    endloop
  endfacet
  facet normal 1.000000 0.000000 0.000000
    outer loop
      vertex 204.750 213.100 14.700
      vertex 204.750 213.471 17.637
      vertex 204.750 213.100 17.600
    endloop
  endfacet
  facet normal 0.000000 -0.290285 0.956940
    outer loop
      vertex 166.750 214.036 14.792
      vertex 204.750 214.036 14.792
      vertex 204.750 214.937 15.065
    endloop
  endfacet
  facet normal 0.000000 -0.290285 0.956940
    outer loop
      vertex 166.750 214.036 14.792
      vertex 204.750 214.937 15.065
      vertex 166.750 214.937 15.065
    endloop
  endfacet
  facet normal 0.000000 0.290285 -0.956940
    outer loop
      vertex 166.750 213.827 17.745
      vertex 204.750 213.827 17.745
      vertex 204.750 213.471 17.637
    endloop
  endfacet
  facet normal 0.000000 0.290285 -0.956940
    outer loop
      vertex 166.750 213.827 17.745
      vertex 204.750 213.471 17.637
      vertex 166.750 213.471 17.637
    endloop
  endfacet
  facet normal -1.000000 0.000000 0.000000
    outer loop
      vertex 166.750 214.937 15.065
      vertex 166.750 214.036 14.792
      vertex 166.750 213.471 17.637
    endloop
  endfacet
  facet normal -1.000000 0.000000 0.000000
    outer loop
      vertex 166.750 214.937 15.065
      vertex 166.750 213.471 17.637
      vertex 166.750 213.827 17.745
    endloop
  endfacet
  facet normal 1.000000 0.000000 0.000000
    outer loop
      vertex 204.750 214.036 14.792
      vertex 204.750 214.937 15.065
      vertex 204.750 213.827 17.745
    endloop
  endfacet
  facet normal 1.000000 0.000000 0.000000
    outer loop
      vertex 204.750 214.036 14.792
      vertex 204.750 213.827 17.745
      vertex 204.750 213.471 17.637
    endloop
  endfacet
  facet normal 0.000000 -0.471397 0.881921
    outer loop
      vertex 166.750 214.937 15.065
      vertex 204.750 214.937 15.065
      vertex 204.750 215.767 15.509
    endloop
  endfacet
  facet normal 0.000000 -0.471397 0.881921
    outer loop
      vertex 166.750 214.937 15.065
      vertex 204.750 215.767 15.509
      vertex 166.750 215.767 15.509
    endloop
  endfacet
  facet normal 0.000000 0.471397 -0.881921
    outer loop
      vertex 166.750 214.156 17.920
      vertex 204.750 214.156 17.920
      vertex 204.750 213.827 17.745
    endloop
  endfacet
  facet normal 0.000000 0.471397 -0.881921
    outer loop
      vertex 166.750 214.156 17.920
      vertex 204.750 213.827 17.745
      vertex 166.750 213.827 17.745
    endloop
  endfacet
  facet normal -1.000000 0.000000 0.000000
    outer loop
      vertex 166.750 215.767 15.509
      vertex 166.750 214.937 15.065
      vertex 166.750 213.827 17.745
    endloop
  endfacet
  facet normal -1.000000 0.000000 0.000000
    outer loop
      vertex 166.750 215.767 15.509
      vertex 166.750 213.827 17.745
      vertex 166.750 214.156 17.920
    endloop
  endfacet
  facet normal 1.000000 0.000000 0.000000
    outer loop
      vertex 204.750 214.937 15.065
      vertex 204.750 215.767 15.509
      vertex 204.750 214.156 17.920
    endloop
  endfacet
  facet normal 1.000000 0.000000 0.000000
    outer loop
      vertex 204.750 214.937 15.065
      vertex 204.750 214.156 17.920
      vertex 204.750 213.827 17.745
    endloop
  endfacet
  facet normal 0.000000 -0.634393 0.773010
    outer loop
      vertex 166.750 215.767 15.509
      vertex 204.750 215.767 15.509
      vertex 204.750 216.494 16.106
    endloop
  endfacet
  facet normal 0.000000 -0.634393 0.773010
    outer loop
      vertex 166.750 215.767 15.509
      vertex 204.750 216.494 16.106
      vertex 166.750 216.494 16.106
    endloop
  endfacet
  facet normal 0.000000 0.634393 -0.773010
    outer loop
      vertex 166.750 214.444 18.156
      vertex 204.750 214.444 18.156
      vertex 204.750 214.156 17.920
    endloop
  endfacet
  facet normal 0.000000 0.634393 -0.773010
    outer loop
      vertex 166.750 214.444 18.156
      vertex 204.750 214.156 17.920
      vertex 166.750 214.156 17.920
    endloop
  endfacet
  facet normal -1.000000 0.000000 0.000000
    outer loop
      vertex 166.750 216.494 16.106
      vertex 166.750 215.767 15.509
      vertex 166.750 214.156 17.920
    endloop
  endfacet
  facet normal -1.000000 0.000000 0.000000
    outer loop
      vertex 166.750 216.494 16.106
      vertex 166.750 214.156 17.920
      vertex 166.750 214.444 18.156
    endloop
  endfacet
  facet normal 1.000000 0.000000 0.000000
    outer loop
      vertex 204.750 215.767 15.509
      vertex 204.750 216.494 16.106
      vertex 204.750 214.444 18.156
    endloop
  endfacet
  facet normal 1.000000 0.000000 0.000000
    outer loop
      vertex 204.750 215.767 15.509
      vertex 204.750 214.444 18.156
      vertex 204.750 214.156 17.920
    endloop
  endfacet
  facet normal 0.000000 -0.773010 0.634393
    outer loop
      vertex 166.750 216.494 16.106
      vertex 204.750 216.494 16.106
      vertex 204.750 217.091 16.833
    endloop
  endfacet
  facet normal 0.000000 -0.773010 0.634393
    outer loop
      vertex 166.750 216.494 16.106
      vertex 204.750 217.091 16.833
      vertex 166.750 217.091 16.833
    endloop
  endfacet
  facet normal 0.000000 0.773010 -0.634393
    outer loop
      vertex 166.750 214.680 18.444
      vertex 204.750 214.680 18.444
      vertex 204.750 214.444 18.156
    endloop
  endfacet
  facet normal 0.000000 0.773010 -0.634393
    outer loop
      vertex 166.750 214.680 18.444
      vertex 204.750 214.444 18.156
      vertex 166.750 214.444 18.156
    endloop
  endfacet
  facet normal -1.000000 0.000000 0.000000
    outer loop
      vertex 166.750 217.091 16.833
      vertex 166.750 216.494 16.106
      vertex 166.750 214.444 18.156
    endloop
  endfacet
  facet normal -1.000000 0.000000 0.000000
    outer loop
      vertex 166.750 217.091 16.833
      vertex 166.750 214.444 18.156
      vertex 166.750 214.680 18.444
    endloop
  endfacet
  facet normal 1.000000 0.000000 0.000000
    outer loop
      vertex 204.750 216.494 16.106
      vertex 204.750 217.091 16.833
      vertex 204.750 214.680 18.444
    endloop
  endfacet
  facet normal 1.000000 0.000000 0.000000
    outer loop
      vertex 204.750 216.494 16.106
      vertex 204.750 214.680 18.444
      vertex 204.750 214.444 18.156
    endloop
  endfacet
  facet normal 0.000000 -0.881921 0.471397
    outer loop
      vertex 166.750 217.091 16.833
      vertex 204.750 217.091 16.833
      vertex 204.750 217.535 17.663
    endloop
  endfacet
  facet normal 0.000000 -0.881921 0.471397
    outer loop
      vertex 166.750 217.091 16.833
      vertex 204.750 217.535 17.663
      vertex 166.750 217.535 17.663
    endloop
  endfacet
  facet normal 0.000000 0.881921 -0.471397
    outer loop
      vertex 166.750 214.855 18.773
      vertex 204.750 214.855 18.773
      vertex 204.750 214.680 18.444
    endloop
  endfacet
  facet normal 0.000000 0.881921 -0.471397
    outer loop
      vertex 166.750 214.855 18.773
      vertex 204.750 214.680 18.444
      vertex 166.750 214.680 18.444
    endloop
  endfacet
  facet normal -1.000000 0.000000 0.000000
    outer loop
      vertex 166.750 217.535 17.663
      vertex 166.750 217.091 16.833
      vertex 166.750 214.680 18.444
    endloop
  endfacet
  facet normal -1.000000 0.000000 0.000000
    outer loop
      vertex 166.750 217.535 17.663
      vertex 166.750 214.680 18.444
      vertex 166.750 214.855 18.773
    endloop
  endfacet
  facet normal 1.000000 0.000000 0.000000
    outer loop
      vertex 204.750 217.091 16.833
      vertex 204.750 217.535 17.663
      vertex 204.750 214.855 18.773
    endloop
  endfacet
  facet normal 1.000000 0.000000 0.000000
    outer loop
      vertex 204.750 217.091 16.833
      vertex 204.750 214.855 18.773
      vertex 204.750 214.680 18.444
    endloop
  endfacet
  facet normal 0.000000 -0.956940 0.290285
    outer loop
      vertex 166.750 217.535 17.663
      vertex 204.750 217.535 17.663
      vertex 204.750 217.808 18.564
    endloop
  endfacet
  facet normal 0.000000 -0.956940 0.290285
    outer loop
      vertex 166.750 217.535 17.663
      vertex 204.750 217.808 18.564
      vertex 166.750 217.808 18.564
    endloop
  endfacet
  facet normal 0.000000 0.956940 -0.290285
    outer loop
      vertex 166.750 214.963 19.129
      vertex 204.750 214.963 19.129
      vertex 204.750 214.855 18.773
    endloop
  endfacet
  facet normal 0.000000 0.956940 -0.290285
    outer loop
      vertex 166.750 214.963 19.129
      vertex 204.750 214.855 18.773
      vertex 166.750 214.855 18.773
    endloop
  endfacet
  facet normal -1.000000 0.000000 0.000000
    outer loop
      vertex 166.750 217.808 18.564
      vertex 166.750 217.535 17.663
      vertex 166.750 214.855 18.773
    endloop
  endfacet
  facet normal -1.000000 0.000000 0.000000
    outer loop
      vertex 166.750 217.808 18.564
      vertex 166.750 214.855 18.773
      vertex 166.750 214.963 19.129
    endloop
  endfacet
  facet normal 1.000000 0.000000 0.000000
    outer loop
      vertex 204.750 217.535 17.663
      vertex 204.750 217.808 18.564
      vertex 204.750 214.963 19.129
    endloop
  endfacet
  facet normal 1.000000 0.000000 0.000000
    outer loop
      vertex 204.750 217.535 17.663
      vertex 204.750 214.963 19.129
      vertex 204.750 214.855 18.773
    endloop
  endfacet
  facet normal 0.000000 -0.995185 0.098017
    outer loop
      vertex 166.750 217.808 18.564
      vertex 204.750 217.808 18.564
      vertex 204.750 217.900 19.500
    endloop
  endfacet
  facet normal 0.000000 -0.995185 0.098017
    outer loop
      vertex 166.750 217.808 18.564
      vertex 204.750 217.900 19.500
      vertex 166.750 217.900 19.500
    endloop
  endfacet
  facet normal 0.000000 0.995185 -0.098017
    outer loop
      vertex 166.750 215.000 19.500
      vertex 204.750 215.000 19.500
      vertex 204.750 214.963 19.129
    endloop
  endfacet
  facet normal 0.000000 0.995185 -0.098017
    outer loop
      vertex 166.750 215.000 19.500
      vertex 204.750 214.963 19.129
      vertex 166.750 214.963 19.129
    endloop
  endfacet
  facet normal -1.000000 0.000000 0.000000
    outer loop
      vertex 166.750 217.900 19.500
      vertex 166.750 217.808 18.564
      vertex 166.750 214.963 19.129
    endloop
  endfacet
  facet normal -1.000000 0.000000 0.000000
    outer loop
      vertex 166.750 217.900 19.500
      vertex 166.750 214.963 19.129
      vertex 166.750 215.000 19.500
    endloop
  endfacet
  facet normal 1.000000 0.000000 0.000000
    outer loop
      vertex 204.750 217.808 18.564
      vertex 204.750 217.900 19.500
      vertex 204.750 215.000 19.500
    endloop
  endfacet
  facet normal 1.000000 0.000000 0.000000
    outer loop
      vertex 204.750 217.808 18.564
      vertex 204.750 215.000 19.500
      vertex 204.750 214.963 19.129
    endloop
  endfacet
  facet normal 0.991445 0.000000 -0.130526
    outer loop
      vertex 214.300 7.100 1.450
      vertex 214.300 213.100 1.450
      vertex 214.349 213.100 1.825
    endloop
  endfacet
  facet normal 0.991445 0.000000 -0.130526
    outer loop
      vertex 214.300 7.100 1.450
      vertex 214.349 213.100 1.825
      vertex 214.349 7.100 1.825
    endloop
  endfacet
  facet normal 0.923880 0.000000 -0.382683
    outer loop
      vertex 214.349 7.100 1.825
      vertex 214.349 213.100 1.825
      vertex 214.494 213.100 2.175
    endloop
  endfacet
  facet normal 0.923880 0.000000 -0.382683
    outer loop
      vertex 214.349 7.100 1.825
      vertex 214.494 213.100 2.175
      vertex 214.494 7.100 2.175
    endloop
  endfacet
  facet normal 0.793353 0.000000 -0.608761
    outer loop
      vertex 214.494 7.100 2.175
      vertex 214.494 213.100 2.175
      vertex 214.725 213.100 2.475
    endloop
  endfacet
  facet normal 0.793353 0.000000 -0.608761
    outer loop
      vertex 214.494 7.100 2.175
      vertex 214.725 213.100 2.475
      vertex 214.725 7.100 2.475
    endloop
  endfacet
  facet normal 0.608761 0.000000 -0.793353
    outer loop
      vertex 214.725 7.100 2.475
      vertex 214.725 213.100 2.475
      vertex 215.025 213.100 2.706
    endloop
  endfacet
  facet normal 0.608761 -0.000000 -0.793353
    outer loop
      vertex 214.725 7.100 2.475
      vertex 215.025 213.100 2.706
      vertex 215.025 7.100 2.706
    endloop
  endfacet
  facet normal 0.382683 -0.000000 -0.923880
    outer loop
      vertex 215.025 7.100 2.706
      vertex 215.025 213.100 2.706
      vertex 215.375 213.100 2.851
    endloop
  endfacet
  facet normal 0.382683 -0.000000 -0.923880
    outer loop
      vertex 215.025 7.100 2.706
      vertex 215.375 213.100 2.851
      vertex 215.375 7.100 2.851
    endloop
  endfacet
  facet normal 0.130526 -0.000000 -0.991445
    outer loop
      vertex 215.375 7.100 2.851
      vertex 215.375 213.100 2.851
      vertex 215.750 213.100 2.900
    endloop
  endfacet
  facet normal 0.130526 0.000000 -0.991445
    outer loop
      vertex 215.375 7.100 2.851
      vertex 215.750 213.100 2.900
      vertex 215.750 7.100 2.900
    endloop
  endfacet
  facet normal -0.130526 0.000000 -0.991445
    outer loop
      vertex 215.750 7.100 2.900
      vertex 215.750 213.100 2.900
      vertex 216.125 213.100 2.851
    endloop
  endfacet
  facet normal -0.130526 0.000000 -0.991445
    outer loop
      vertex 215.750 7.100 2.900
      vertex 216.125 213.100 2.851
      vertex 216.125 7.100 2.851
    endloop
  endfacet
  facet normal -0.382683 0.000000 -0.923880
    outer loop
      vertex 216.125 7.100 2.851
      vertex 216.125 213.100 2.851
      vertex 216.475 213.100 2.706
    endloop
  endfacet
  facet normal -0.382683 0.000000 -0.923880
    outer loop
      vertex 216.125 7.100 2.851
      vertex 216.475 213.100 2.706
      vertex 216.475 7.100 2.706
    endloop
  endfacet
  facet normal -0.608761 0.000000 -0.793353
    outer loop
      vertex 216.475 7.100 2.706
      vertex 216.475 213.100 2.706
      vertex 216.775 213.100 2.475
    endloop
  endfacet
  facet normal -0.608761 0.000000 -0.793353
    outer loop
      vertex 216.475 7.100 2.706
      vertex 216.775 213.100 2.475
      vertex 216.775 7.100 2.475
    endloop
  endfacet
  facet normal -0.793353 0.000000 -0.608761
    outer loop
      vertex 216.775 7.100 2.475
      vertex 216.775 213.100 2.475
      vertex 217.006 213.100 2.175
    endloop
  endfacet
  facet normal -0.793353 0.000000 -0.608761
    outer loop
      vertex 216.775 7.100 2.475
      vertex 217.006 213.100 2.175
      vertex 217.006 7.100 2.175
    endloop
  endfacet
  facet normal -0.923880 0.000000 -0.382683
    outer loop
      vertex 217.006 7.100 2.175
      vertex 217.006 213.100 2.175
      vertex 217.151 213.100 1.825
    endloop
  endfacet
  facet normal -0.923880 0.000000 -0.382683
    outer loop
      vertex 217.006 7.100 2.175
      vertex 217.151 213.100 1.825
      vertex 217.151 7.100 1.825
    endloop
  endfacet
  facet normal -0.991445 0.000000 -0.130526
    outer loop
      vertex 217.151 7.100 1.825
      vertex 217.151 213.100 1.825
      vertex 217.200 213.100 1.450
    endloop
  endfacet
  facet normal -0.991445 0.000000 -0.130526
    outer loop
      vertex 217.151 7.100 1.825
      vertex 217.200 213.100 1.450
      vertex 217.200 7.100 1.450
    endloop
  endfacet
  facet normal -0.991445 0.000000 0.130526
    outer loop
      vertex 217.200 7.100 1.450
      vertex 217.200 213.100 1.450
      vertex 217.151 213.100 1.075
    endloop
  endfacet
  facet normal -0.991445 0.000000 0.130526
    outer loop
      vertex 217.200 7.100 1.450
      vertex 217.151 213.100 1.075
      vertex 217.151 7.100 1.075
    endloop
  endfacet
  facet normal -0.923880 0.000000 0.382683
    outer loop
      vertex 217.151 7.100 1.075
      vertex 217.151 213.100 1.075
      vertex 217.006 213.100 0.725
    endloop
  endfacet
  facet normal -0.923880 0.000000 0.382683
    outer loop
      vertex 217.151 7.100 1.075
      vertex 217.006 213.100 0.725
      vertex 217.006 7.100 0.725
    endloop
  endfacet
  facet normal -0.793353 0.000000 0.608761
    outer loop
      vertex 217.006 7.100 0.725
      vertex 217.006 213.100 0.725
      vertex 216.775 213.100 0.425
    endloop
  endfacet
  facet normal -0.793353 0.000000 0.608761
    outer loop
      vertex 217.006 7.100 0.725
      vertex 216.775 213.100 0.425
      vertex 216.775 7.100 0.425
    endloop
  endfacet
  facet normal -0.608761 0.000000 0.793353
    outer loop
      vertex 216.775 7.100 0.425
      vertex 216.775 213.100 0.425
      vertex 216.475 213.100 0.194
    endloop
  endfacet
  facet normal -0.608761 0.000000 0.793353
    outer loop
      vertex 216.775 7.100 0.425
      vertex 216.475 213.100 0.194
      vertex 216.475 7.100 0.194
    endloop
  endfacet
  facet normal -0.382683 0.000000 0.923880
    outer loop
      vertex 216.475 7.100 0.194
      vertex 216.475 213.100 0.194
      vertex 216.125 213.100 0.049
    endloop
  endfacet
  facet normal -0.382683 0.000000 0.923880
    outer loop
      vertex 216.475 7.100 0.194
      vertex 216.125 213.100 0.049
      vertex 216.125 7.100 0.049
    endloop
  endfacet
  facet normal -0.130526 0.000000 0.991445
    outer loop
      vertex 216.125 7.100 0.049
      vertex 216.125 213.100 0.049
      vertex 215.750 213.100 0.000
    endloop
  endfacet
  facet normal -0.130526 0.000000 0.991445
    outer loop
      vertex 216.125 7.100 0.049
      vertex 215.750 213.100 0.000
      vertex 215.750 7.100 0.000
    endloop
  endfacet
  facet normal 0.130526 0.000000 0.991445
    outer loop
      vertex 215.750 7.100 0.000
      vertex 215.750 213.100 0.000
      vertex 215.375 213.100 0.049
    endloop
  endfacet
  facet normal 0.130526 -0.000000 0.991445
    outer loop
      vertex 215.750 7.100 0.000
      vertex 215.375 213.100 0.049
      vertex 215.375 7.100 0.049
    endloop
  endfacet
  facet normal 0.382683 -0.000000 0.923880
    outer loop
      vertex 215.375 7.100 0.049
      vertex 215.375 213.100 0.049
      vertex 215.025 213.100 0.194
    endloop
  endfacet
  facet normal 0.382683 -0.000000 0.923880
    outer loop
      vertex 215.375 7.100 0.049
      vertex 215.025 213.100 0.194
      vertex 215.025 7.100 0.194
    endloop
  endfacet
  facet normal 0.608761 -0.000000 0.793353
    outer loop
      vertex 215.025 7.100 0.194
      vertex 215.025 213.100 0.194
      vertex 214.725 213.100 0.425
    endloop
  endfacet
  facet normal 0.608761 0.000000 0.793353
    outer loop
      vertex 215.025 7.100 0.194
      vertex 214.725 213.100 0.425
      vertex 214.725 7.100 0.425
    endloop
  endfacet
  facet normal 0.793353 0.000000 0.608761
    outer loop
      vertex 214.725 7.100 0.425
      vertex 214.725 213.100 0.425
      vertex 214.494 213.100 0.725
    endloop
  endfacet
  facet normal 0.793353 0.000000 0.608761
    outer loop
      vertex 214.725 7.100 0.425
      vertex 214.494 213.100 0.725
      vertex 214.494 7.100 0.725
    endloop
  endfacet
  facet normal 0.923880 0.000000 0.382683
    outer loop
      vertex 214.494 7.100 0.725
      vertex 214.494 213.100 0.725
      vertex 214.349 213.100 1.075
    endloop
  endfacet
  facet normal 0.923880 0.000000 0.382683
    outer loop
      vertex 214.494 7.100 0.725
      vertex 214.349 213.100 1.075
      vertex 214.349 7.100 1.075
    endloop
  endfacet
  facet normal 0.991445 0.000000 0.130526
    outer loop
      vertex 214.349 7.100 1.075
      vertex 214.349 213.100 1.075
      vertex 214.300 213.100 1.450
    endloop
  endfacet
  facet normal 0.991445 0.000000 0.130526
    outer loop
      vertex 214.349 7.100 1.075
      vertex 214.300 213.100 1.450
      vertex 214.300 7.100 1.450
    endloop
  endfacet
  facet normal 0.000000 -1.000000 0.000000
    outer loop
      vertex 215.750 7.100 1.450
      vertex 214.349 7.100 1.825
      vertex 214.300 7.100 1.450
    endloop
  endfacet
  facet normal 0.000000 1.000000 0.000000
    outer loop
      vertex 215.750 213.100 1.450
      vertex 214.300 213.100 1.450
      vertex 214.349 213.100 1.825
    endloop
  endfacet
  facet normal 0.000000 -1.000000 0.000000
    outer loop
      vertex 215.750 7.100 1.450
      vertex 214.494 7.100 2.175
      vertex 214.349 7.100 1.825
    endloop
  endfacet
  facet normal 0.000000 1.000000 0.000000
    outer loop
      vertex 215.750 213.100 1.450
      vertex 214.349 213.100 1.825
      vertex 214.494 213.100 2.175
    endloop
  endfacet
  facet normal 0.000000 -1.000000 0.000000
    outer loop
      vertex 215.750 7.100 1.450
      vertex 214.725 7.100 2.475
      vertex 214.494 7.100 2.175
    endloop
  endfacet
  facet normal 0.000000 1.000000 0.000000
    outer loop
      vertex 215.750 213.100 1.450
      vertex 214.494 213.100 2.175
      vertex 214.725 213.100 2.475
    endloop
  endfacet
  facet normal 0.000000 -1.000000 0.000000
    outer loop
      vertex 215.750 7.100 1.450
      vertex 215.025 7.100 2.706
      vertex 214.725 7.100 2.475
    endloop
  endfacet
  facet normal 0.000000 1.000000 0.000000
    outer loop
      vertex 215.750 213.100 1.450
      vertex 214.725 213.100 2.475
      vertex 215.025 213.100 2.706
    endloop
  endfacet
  facet normal 0.000000 -1.000000 0.000000
    outer loop
      vertex 215.750 7.100 1.450
      vertex 215.375 7.100 2.851
      vertex 215.025 7.100 2.706
    endloop
  endfacet
  facet normal 0.000000 1.000000 0.000000
    outer loop
      vertex 215.750 213.100 1.450
      vertex 215.025 213.100 2.706
      vertex 215.375 213.100 2.851
    endloop
  endfacet
  facet normal 0.000000 -1.000000 0.000000
    outer loop
      vertex 215.750 7.100 1.450
      vertex 215.750 7.100 2.900
      vertex 215.375 7.100 2.851
    endloop
  endfacet
  facet normal 0.000000 1.000000 0.000000
    outer loop
      vertex 215.750 213.100 1.450
      vertex 215.375 213.100 2.851
      vertex 215.750 213.100 2.900
    endloop
  endfacet
  facet normal 0.000000 -1.000000 0.000000
    outer loop
      vertex 215.750 7.100 1.450
      vertex 216.125 7.100 2.851
      vertex 215.750 7.100 2.900
    endloop
  endfacet
  facet normal 0.000000 1.000000 0.000000
    outer loop
      vertex 215.750 213.100 1.450
      vertex 215.750 213.100 2.900
      vertex 216.125 213.100 2.851
    endloop
  endfacet
  facet normal 0.000000 -1.000000 0.000000
    outer loop
      vertex 215.750 7.100 1.450
      vertex 216.475 7.100 2.706
      vertex 216.125 7.100 2.851
    endloop
  endfacet
  facet normal 0.000000 1.000000 0.000000
    outer loop
      vertex 215.750 213.100 1.450
      vertex 216.125 213.100 2.851
      vertex 216.475 213.100 2.706
    endloop
  endfacet
  facet normal 0.000000 -1.000000 0.000000
    outer loop
      vertex 215.750 7.100 1.450
      vertex 216.775 7.100 2.475
      vertex 216.475 7.100 2.706
    endloop
  endfacet
  facet normal 0.000000 1.000000 0.000000
    outer loop
      vertex 215.750 213.100 1.450
      vertex 216.475 213.100 2.706
      vertex 216.775 213.100 2.475
    endloop
  endfacet
  facet normal 0.000000 -1.000000 0.000000
    outer loop
      vertex 215.750 7.100 1.450
      vertex 217.006 7.100 2.175
      vertex 216.775 7.100 2.475
    endloop
  endfacet
  facet normal 0.000000 1.000000 0.000000
    outer loop
      vertex 215.750 213.100 1.450
      vertex 216.775 213.100 2.475
      vertex 217.006 213.100 2.175
    endloop
  endfacet
  facet normal 0.000000 -1.000000 0.000000
    outer loop
      vertex 215.750 7.100 1.450
      vertex 217.151 7.100 1.825
      vertex 217.006 7.100 2.175
    endloop
  endfacet
  facet normal 0.000000 1.000000 0.000000
    outer loop
      vertex 215.750 213.100 1.450
      vertex 217.006 213.100 2.175
      vertex 217.151 213.100 1.825
    endloop
  endfacet
  facet normal 0.000000 -1.000000 0.000000
    outer loop
      vertex 215.750 7.100 1.450
      vertex 217.200 7.100 1.450
      vertex 217.151 7.100 1.825
    endloop
  endfacet
  facet normal 0.000000 1.000000 0.000000
    outer loop
      vertex 215.750 213.100 1.450
      vertex 217.151 213.100 1.825
      vertex 217.200 213.100 1.450
    endloop
  endfacet
  facet normal 0.000000 -1.000000 0.000000
    outer loop
      vertex 215.750 7.100 1.450
      vertex 217.151 7.100 1.075
      vertex 217.200 7.100 1.450
    endloop
  endfacet
  facet normal 0.000000 1.000000 0.000000
    outer loop
      vertex 215.750 213.100 1.450
      vertex 217.200 213.100 1.450
      vertex 217.151 213.100 1.075
    endloop
  endfacet
  facet normal 0.000000 -1.000000 0.000000
    outer loop
      vertex 215.750 7.100 1.450
      vertex 217.006 7.100 0.725
      vertex 217.151 7.100 1.075
    endloop
  endfacet
  facet normal 0.000000 1.000000 0.000000
    outer loop
      vertex 215.750 213.100 1.450
      vertex 217.151 213.100 1.075
      vertex 217.006 213.100 0.725
    endloop
  endfacet
  facet normal 0.000000 -1.000000 0.000000
    outer loop
      vertex 215.750 7.100 1.450
      vertex 216.775 7.100 0.425
      vertex 217.006 7.100 0.725
    endloop
  endfacet
  facet normal 0.000000 1.000000 0.000000
    outer loop
      vertex 215.750 213.100 1.450
      vertex 217.006 213.100 0.725
      vertex 216.775 213.100 0.425
    endloop
  endfacet
  facet normal 0.000000 -1.000000 0.000000
    outer loop
      vertex 215.750 7.100 1.450
      vertex 216.475 7.100 0.194
      vertex 216.775 7.100 0.425
    endloop
  endfacet
  facet normal 0.000000 1.000000 0.000000
    outer loop
      vertex 215.750 213.100 1.450
      vertex 216.775 213.100 0.425
      vertex 216.475 213.100 0.194
    endloop
  endfacet
  facet normal 0.000000 -1.000000 0.000000
    outer loop
      vertex 215.750 7.100 1.450
      vertex 216.125 7.100 0.049
      vertex 216.475 7.100 0.194
    endloop
  endfacet
  facet normal 0.000000 1.000000 0.000000
    outer loop
      vertex 215.750 213.100 1.450
      vertex 216.475 213.100 0.194
      vertex 216.125 213.100 0.049
    endloop
  endfacet
  facet normal 0.000000 -1.000000 0.000000
    outer loop
      vertex 215.750 7.100 1.450
      vertex 215.750 7.100 0.000
      vertex 216.125 7.100 0.049
    endloop
  endfacet
  facet normal 0.000000 1.000000 0.000000
    outer loop
      vertex 215.750 213.100 1.450
      vertex 216.125 213.100 0.049
      vertex 215.750 213.100 0.000
    endloop
  endfacet
  facet normal 0.000000 -1.000000 0.000000
    outer loop
      vertex 215.750 7.100 1.450
      vertex 215.375 7.100 0.049
      vertex 215.750 7.100 0.000
    endloop
  endfacet
  facet normal 0.000000 1.000000 0.000000
    outer loop
      vertex 215.750 213.100 1.450
      vertex 215.750 213.100 0.000
      vertex 215.375 213.100 0.049
    endloop
  endfacet
  facet normal 0.000000 -1.000000 0.000000
    outer loop
      vertex 215.750 7.100 1.450
      vertex 215.025 7.100 0.194
      vertex 215.375 7.100 0.049
    endloop
  endfacet
  facet normal 0.000000 1.000000 0.000000
    outer loop
      vertex 215.750 213.100 1.450
      vertex 215.375 213.100 0.049
      vertex 215.025 213.100 0.194
    endloop
  endfacet
  facet normal 0.000000 -1.000000 0.000000
    outer loop
      vertex 215.750 7.100 1.450
      vertex 214.725 7.100 0.425
      vertex 215.025 7.100 0.194
    endloop
  endfacet
  facet normal 0.000000 1.000000 0.000000
    outer loop
      vertex 215.750 213.100 1.450
      vertex 215.025 213.100 0.194
      vertex 214.725 213.100 0.425
    endloop
  endfacet
  facet normal 0.000000 -1.000000 0.000000
    outer loop
      vertex 215.750 7.100 1.450
      vertex 214.494 7.100 0.725
      vertex 214.725 7.100 0.425
    endloop
  endfacet
  facet normal 0.000000 1.000000 0.000000
    outer loop
      vertex 215.750 213.100 1.450
      vertex 214.725 213.100 0.425
      vertex 214.494 213.100 0.725
    endloop
  endfacet
  facet normal 0.000000 -1.000000 0.000000
    outer loop
      vertex 215.750 7.100 1.450
      vertex 214.349 7.100 1.075
      vertex 214.494 7.100 0.725
    endloop
  endfacet
  facet normal 0.000000 1.000000 0.000000
    outer loop
      vertex 215.750 213.100 1.450
      vertex 214.494 213.100 0.725
      vertex 214.349 213.100 1.075
    endloop
  endfacet
  facet normal 0.000000 -1.000000 0.000000
    outer loop
      vertex 215.750 7.100 1.450
      vertex 214.300 7.100 1.450
      vertex 214.349 7.100 1.075
    endloop
  endfacet
  facet normal 0.000000 1.000000 0.000000
    outer loop
      vertex 215.750 213.100 1.450
      vertex 214.349 213.100 1.075
      vertex 214.300 213.100 1.450
    endloop
  endfacet
  facet normal 0.000000 0.000000 1.000000
    outer loop
      vertex 219.250 2.100 0.000
      vertex 219.250 7.100 0.000
      vertex 212.250 7.100 0.000
    endloop
  endfacet
  facet normal 0.000000 0.000000 1.000000
    outer loop
      vertex 219.250 2.100 0.000
      vertex 212.250 7.100 0.000
      vertex 212.250 2.100 0.000
    endloop
  endfacet
  facet normal 0.000000 0.000000 -1.000000
    outer loop
      vertex 219.250 2.100 2.900
      vertex 212.250 2.100 2.900
      vertex 212.250 7.100 2.900
    endloop
  endfacet
  facet normal 0.000000 0.000000 -1.000000
    outer loop
      vertex 219.250 2.100 2.900
      vertex 212.250 7.100 2.900
      vertex 219.250 7.100 2.900
    endloop
  endfacet
  facet normal -1.000000 0.000000 0.000000
    outer loop
      vertex 219.250 2.100 0.000
      vertex 219.250 2.100 2.900
      vertex 219.250 7.100 2.900
    endloop
  endfacet
  facet normal -1.000000 0.000000 0.000000
    outer loop
      vertex 219.250 2.100 0.000
      vertex 219.250 7.100 2.900
      vertex 219.250 7.100 0.000
    endloop
  endfacet
  facet normal 0.000000 -1.000000 0.000000
    outer loop
      vertex 219.250 7.100 0.000
      vertex 219.250 7.100 2.900
      vertex 212.250 7.100 2.900
    endloop
  endfacet
  facet normal 0.000000 -1.000000 0.000000
    outer loop
      vertex 219.250 7.100 0.000
      vertex 212.250 7.100 2.900
      vertex 212.250 7.100 0.000
    endloop
  endfacet
  facet normal 1.000000 0.000000 0.000000
    outer loop
      vertex 212.250 7.100 0.000
      vertex 212.250 7.100 2.900
      vertex 212.250 2.100 2.900
    endloop
  endfacet
  facet normal 1.000000 0.000000 0.000000
    outer loop
      vertex 212.250 7.100 0.000
      vertex 212.250 2.100 2.900
      vertex 212.250 2.100 0.000
    endloop
  endfacet
  facet normal 0.000000 1.000000 0.000000
    outer loop
      vertex 212.250 2.100 0.000
      vertex 212.250 2.100 2.900
      vertex 219.250 2.100 2.900
    endloop
  endfacet
  facet normal 0.000000 1.000000 0.000000
    outer loop
      vertex 212.250 2.100 0.000
      vertex 219.250 2.100 2.900
      vertex 219.250 2.100 0.000
    endloop
  endfacet
  facet normal 0.000000 -0.995185 -0.098017
    outer loop
      vertex 181.750 113.900 3.800
      vertex 189.750 113.900 3.800
      vertex 189.750 113.827 4.541
    endloop
  endfacet
  facet normal 0.000000 -0.995185 -0.098017
    outer loop
      vertex 181.750 113.900 3.800
      vertex 189.750 113.827 4.541
      vertex 181.750 113.827 4.541
    endloop
  endfacet
  facet normal 0.000000 0.995185 0.098017
    outer loop
      vertex 181.750 111.522 4.083
      vertex 189.750 111.522 4.083
      vertex 189.750 111.550 3.800
    endloop
  endfacet
  facet normal 0.000000 0.995185 0.098017
    outer loop
      vertex 181.750 111.522 4.083
      vertex 189.750 111.550 3.800
      vertex 181.750 111.550 3.800
    endloop
  endfacet
  facet normal -1.000000 0.000000 0.000000
    outer loop
      vertex 181.750 113.827 4.541
      vertex 181.750 113.900 3.800
      vertex 181.750 111.550 3.800
    endloop
  endfacet
  facet normal -1.000000 0.000000 0.000000
    outer loop
      vertex 181.750 113.827 4.541
      vertex 181.750 111.550 3.800
      vertex 181.750 111.522 4.083
    endloop
  endfacet
  facet normal 1.000000 0.000000 0.000000
    outer loop
      vertex 189.750 113.900 3.800
      vertex 189.750 113.827 4.541
      vertex 189.750 111.522 4.083
    endloop
  endfacet
  facet normal 1.000000 0.000000 0.000000
    outer loop
      vertex 189.750 113.900 3.800
      vertex 189.750 111.522 4.083
      vertex 189.750 111.550 3.800
    endloop
  endfacet
  facet normal 0.000000 -0.956940 -0.290285
    outer loop
      vertex 181.750 113.827 4.541
      vertex 189.750 113.827 4.541
      vertex 189.750 113.611 5.254
    endloop
  endfacet
  facet normal 0.000000 -0.956940 -0.290285
    outer loop
      vertex 181.750 113.827 4.541
      vertex 189.750 113.611 5.254
      vertex 181.750 113.611 5.254
    endloop
  endfacet
  facet normal 0.000000 0.956940 0.290285
    outer loop
      vertex 181.750 111.440 4.355
      vertex 189.750 111.440 4.355
      vertex 189.750 111.522 4.083
    endloop
  endfacet
  facet normal 0.000000 0.956940 0.290285
    outer loop
      vertex 181.750 111.440 4.355
      vertex 189.750 111.522 4.083
      vertex 181.750 111.522 4.083
    endloop
  endfacet
  facet normal -1.000000 0.000000 0.000000
    outer loop
      vertex 181.750 113.611 5.254
      vertex 181.750 113.827 4.541
      vertex 181.750 111.522 4.083
    endloop
  endfacet
  facet normal -1.000000 0.000000 0.000000
    outer loop
      vertex 181.750 113.611 5.254
      vertex 181.750 111.522 4.083
      vertex 181.750 111.440 4.355
    endloop
  endfacet
  facet normal 1.000000 0.000000 0.000000
    outer loop
      vertex 189.750 113.827 4.541
      vertex 189.750 113.611 5.254
      vertex 189.750 111.440 4.355
    endloop
  endfacet
  facet normal 1.000000 0.000000 0.000000
    outer loop
      vertex 189.750 113.827 4.541
      vertex 189.750 111.440 4.355
      vertex 189.750 111.522 4.083
    endloop
  endfacet
  facet normal 0.000000 -0.881921 -0.471397
    outer loop
      vertex 181.750 113.611 5.254
      vertex 189.750 113.611 5.254
      vertex 189.750 113.260 5.911
    endloop
  endfacet
  facet normal 0.000000 -0.881921 -0.471397
    outer loop
      vertex 181.750 113.611 5.254
      vertex 189.750 113.260 5.911
      vertex 181.750 113.260 5.911
    endloop
  endfacet
  facet normal 0.000000 0.881921 0.471397
    outer loop
      vertex 181.750 111.306 4.606
      vertex 189.750 111.306 4.606
      vertex 189.750 111.440 4.355
    endloop
  endfacet
  facet normal 0.000000 0.881921 0.471397
    outer loop
      vertex 181.750 111.306 4.606
      vertex 189.750 111.440 4.355
      vertex 181.750 111.440 4.355
    endloop
  endfacet
  facet normal -1.000000 0.000000 0.000000
    outer loop
      vertex 181.750 113.260 5.911
      vertex 181.750 113.611 5.254
      vertex 181.750 111.440 4.355
    endloop
  endfacet
  facet normal -1.000000 0.000000 0.000000
    outer loop
      vertex 181.750 113.260 5.911
      vertex 181.750 111.440 4.355
      vertex 181.750 111.306 4.606
    endloop
  endfacet
  facet normal 1.000000 0.000000 0.000000
    outer loop
      vertex 189.750 113.611 5.254
      vertex 189.750 113.260 5.911
      vertex 189.750 111.306 4.606
    endloop
  endfacet
  facet normal 1.000000 0.000000 0.000000
    outer loop
      vertex 189.750 113.611 5.254
      vertex 189.750 111.306 4.606
      vertex 189.750 111.440 4.355
    endloop
  endfacet
  facet normal 0.000000 -0.773010 -0.634393
    outer loop
      vertex 181.750 113.260 5.911
      vertex 189.750 113.260 5.911
      vertex 189.750 112.787 6.487
    endloop
  endfacet
  facet normal 0.000000 -0.773010 -0.634393
    outer loop
      vertex 181.750 113.260 5.911
      vertex 189.750 112.787 6.487
      vertex 181.750 112.787 6.487
    endloop
  endfacet
  facet normal 0.000000 0.773010 0.634393
    outer loop
      vertex 181.750 111.125 4.825
      vertex 189.750 111.125 4.825
      vertex 189.750 111.306 4.606
    endloop
  endfacet
  facet normal 0.000000 0.773010 0.634393
    outer loop
      vertex 181.750 111.125 4.825
      vertex 189.750 111.306 4.606
      vertex 181.750 111.306 4.606
    endloop
  endfacet
  facet normal -1.000000 0.000000 0.000000
    outer loop
      vertex 181.750 112.787 6.487
      vertex 181.750 113.260 5.911
      vertex 181.750 111.306 4.606
    endloop
  endfacet
  facet normal -1.000000 0.000000 0.000000
    outer loop
      vertex 181.750 112.787 6.487
      vertex 181.750 111.306 4.606
      vertex 181.750 111.125 4.825
    endloop
  endfacet
  facet normal 1.000000 0.000000 0.000000
    outer loop
      vertex 189.750 113.260 5.911
      vertex 189.750 112.787 6.487
      vertex 189.750 111.125 4.825
    endloop
  endfacet
  facet normal 1.000000 0.000000 0.000000
    outer loop
      vertex 189.750 113.260 5.911
      vertex 189.750 111.125 4.825
      vertex 189.750 111.306 4.606
    endloop
  endfacet
  facet normal 0.000000 -0.634393 -0.773010
    outer loop
      vertex 181.750 112.787 6.487
      vertex 189.750 112.787 6.487
      vertex 189.750 112.211 6.960
    endloop
  endfacet
  facet normal 0.000000 -0.634393 -0.773010
    outer loop
      vertex 181.750 112.787 6.487
      vertex 189.750 112.211 6.960
      vertex 181.750 112.211 6.960
    endloop
  endfacet
  facet normal 0.000000 0.634393 0.773010
    outer loop
      vertex 181.750 110.906 5.006
      vertex 189.750 110.906 5.006
      vertex 189.750 111.125 4.825
    endloop
  endfacet
  facet normal 0.000000 0.634393 0.773010
    outer loop
      vertex 181.750 110.906 5.006
      vertex 189.750 111.125 4.825
      vertex 181.750 111.125 4.825
    endloop
  endfacet
  facet normal -1.000000 0.000000 0.000000
    outer loop
      vertex 181.750 112.211 6.960
      vertex 181.750 112.787 6.487
      vertex 181.750 111.125 4.825
    endloop
  endfacet
  facet normal -1.000000 0.000000 0.000000
    outer loop
      vertex 181.750 112.211 6.960
      vertex 181.750 111.125 4.825
      vertex 181.750 110.906 5.006
    endloop
  endfacet
  facet normal 1.000000 0.000000 0.000000
    outer loop
      vertex 189.750 112.787 6.487
      vertex 189.750 112.211 6.960
      vertex 189.750 110.906 5.006
    endloop
  endfacet
  facet normal 1.000000 0.000000 0.000000
    outer loop
      vertex 189.750 112.787 6.487
      vertex 189.750 110.906 5.006
      vertex 189.750 111.125 4.825
    endloop
  endfacet
  facet normal 0.000000 -0.471397 -0.881921
    outer loop
      vertex 181.750 112.211 6.960
      vertex 189.750 112.211 6.960
      vertex 189.750 111.554 7.311
    endloop
  endfacet
  facet normal 0.000000 -0.471397 -0.881921
    outer loop
      vertex 181.750 112.211 6.960
      vertex 189.750 111.554 7.311
      vertex 181.750 111.554 7.311
    endloop
  endfacet
  facet normal 0.000000 0.471397 0.881921
    outer loop
      vertex 181.750 110.655 5.140
      vertex 189.750 110.655 5.140
      vertex 189.750 110.906 5.006
    endloop
  endfacet
  facet normal 0.000000 0.471397 0.881921
    outer loop
      vertex 181.750 110.655 5.140
      vertex 189.750 110.906 5.006
      vertex 181.750 110.906 5.006
    endloop
  endfacet
  facet normal -1.000000 0.000000 0.000000
    outer loop
      vertex 181.750 111.554 7.311
      vertex 181.750 112.211 6.960
      vertex 181.750 110.906 5.006
    endloop
  endfacet
  facet normal -1.000000 0.000000 0.000000
    outer loop
      vertex 181.750 111.554 7.311
      vertex 181.750 110.906 5.006
      vertex 181.750 110.655 5.140
    endloop
  endfacet
  facet normal 1.000000 0.000000 0.000000
    outer loop
      vertex 189.750 112.211 6.960
      vertex 189.750 111.554 7.311
      vertex 189.750 110.655 5.140
    endloop
  endfacet
  facet normal 1.000000 0.000000 0.000000
    outer loop
      vertex 189.750 112.211 6.960
      vertex 189.750 110.655 5.140
      vertex 189.750 110.906 5.006
    endloop
  endfacet
  facet normal 0.000000 -0.290285 -0.956940
    outer loop
      vertex 181.750 111.554 7.311
      vertex 189.750 111.554 7.311
      vertex 189.750 110.841 7.527
    endloop
  endfacet
  facet normal 0.000000 -0.290285 -0.956940
    outer loop
      vertex 181.750 111.554 7.311
      vertex 189.750 110.841 7.527
      vertex 181.750 110.841 7.527
    endloop
  endfacet
  facet normal 0.000000 0.290285 0.956940
    outer loop
      vertex 181.750 110.383 5.222
      vertex 189.750 110.383 5.222
      vertex 189.750 110.655 5.140
    endloop
  endfacet
  facet normal 0.000000 0.290285 0.956940
    outer loop
      vertex 181.750 110.383 5.222
      vertex 189.750 110.655 5.140
      vertex 181.750 110.655 5.140
    endloop
  endfacet
  facet normal -1.000000 0.000000 0.000000
    outer loop
      vertex 181.750 110.841 7.527
      vertex 181.750 111.554 7.311
      vertex 181.750 110.655 5.140
    endloop
  endfacet
  facet normal -1.000000 0.000000 0.000000
    outer loop
      vertex 181.750 110.841 7.527
      vertex 181.750 110.655 5.140
      vertex 181.750 110.383 5.222
    endloop
  endfacet
  facet normal 1.000000 0.000000 0.000000
    outer loop
      vertex 189.750 111.554 7.311
      vertex 189.750 110.841 7.527
      vertex 189.750 110.383 5.222
    endloop
  endfacet
  facet normal 1.000000 0.000000 0.000000
    outer loop
      vertex 189.750 111.554 7.311
      vertex 189.750 110.383 5.222
      vertex 189.750 110.655 5.140
    endloop
  endfacet
  facet normal 0.000000 -0.098017 -0.995185
    outer loop
      vertex 181.750 110.841 7.527
      vertex 189.750 110.841 7.527
      vertex 189.750 110.100 7.600
    endloop
  endfacet
  facet normal 0.000000 -0.098017 -0.995185
    outer loop
      vertex 181.750 110.841 7.527
      vertex 189.750 110.100 7.600
      vertex 181.750 110.100 7.600
    endloop
  endfacet
  facet normal 0.000000 0.098017 0.995185
    outer loop
      vertex 181.750 110.100 5.250
      vertex 189.750 110.100 5.250
      vertex 189.750 110.383 5.222
    endloop
  endfacet
  facet normal 0.000000 0.098017 0.995185
    outer loop
      vertex 181.750 110.100 5.250
      vertex 189.750 110.383 5.222
      vertex 181.750 110.383 5.222
    endloop
  endfacet
  facet normal -1.000000 0.000000 0.000000
    outer loop
      vertex 181.750 110.100 7.600
      vertex 181.750 110.841 7.527
      vertex 181.750 110.383 5.222
    endloop
  endfacet
  facet normal -1.000000 0.000000 0.000000
    outer loop
      vertex 181.750 110.100 7.600
      vertex 181.750 110.383 5.222
      vertex 181.750 110.100 5.250
    endloop
  endfacet
  facet normal 1.000000 0.000000 0.000000
    outer loop
      vertex 189.750 110.841 7.527
      vertex 189.750 110.100 7.600
      vertex 189.750 110.100 5.250
    endloop
  endfacet
  facet normal 1.000000 0.000000 0.000000
    outer loop
      vertex 189.750 110.841 7.527
      vertex 189.750 110.100 5.250
      vertex 189.750 110.383 5.222
    endloop
  endfacet
  facet normal 0.000000 0.098017 -0.995185
    outer loop
      vertex 181.750 110.100 7.600
      vertex 189.750 110.100 7.600
      vertex 189.750 109.359 7.527
    endloop
  endfacet
  facet normal 0.000000 0.098017 -0.995185
    outer loop
      vertex 181.750 110.100 7.600
      vertex 189.750 109.359 7.527
      vertex 181.750 109.359 7.527
    endloop
  endfacet
  facet normal 0.000000 -0.098017 0.995185
    outer loop
      vertex 181.750 109.817 5.222
      vertex 189.750 109.817 5.222
      vertex 189.750 110.100 5.250
    endloop
  endfacet
  facet normal 0.000000 -0.098017 0.995185
    outer loop
      vertex 181.750 109.817 5.222
      vertex 189.750 110.100 5.250
      vertex 181.750 110.100 5.250
    endloop
  endfacet
  facet normal -1.000000 0.000000 0.000000
    outer loop
      vertex 181.750 109.359 7.527
      vertex 181.750 110.100 7.600
      vertex 181.750 110.100 5.250
    endloop
  endfacet
  facet normal -1.000000 0.000000 0.000000
    outer loop
      vertex 181.750 109.359 7.527
      vertex 181.750 110.100 5.250
      vertex 181.750 109.817 5.222
    endloop
  endfacet
  facet normal 1.000000 0.000000 0.000000
    outer loop
      vertex 189.750 110.100 7.600
      vertex 189.750 109.359 7.527
      vertex 189.750 109.817 5.222
    endloop
  endfacet
  facet normal 1.000000 0.000000 0.000000
    outer loop
      vertex 189.750 110.100 7.600
      vertex 189.750 109.817 5.222
      vertex 189.750 110.100 5.250
    endloop
  endfacet
  facet normal 0.000000 0.290285 -0.956940
    outer loop
      vertex 181.750 109.359 7.527
      vertex 189.750 109.359 7.527
      vertex 189.750 108.646 7.311
    endloop
  endfacet
  facet normal 0.000000 0.290285 -0.956940
    outer loop
      vertex 181.750 109.359 7.527
      vertex 189.750 108.646 7.311
      vertex 181.750 108.646 7.311
    endloop
  endfacet
  facet normal 0.000000 -0.290285 0.956940
    outer loop
      vertex 181.750 109.545 5.140
      vertex 189.750 109.545 5.140
      vertex 189.750 109.817 5.222
    endloop
  endfacet
  facet normal 0.000000 -0.290285 0.956940
    outer loop
      vertex 181.750 109.545 5.140
      vertex 189.750 109.817 5.222
      vertex 181.750 109.817 5.222
    endloop
  endfacet
  facet normal -1.000000 0.000000 0.000000
    outer loop
      vertex 181.750 108.646 7.311
      vertex 181.750 109.359 7.527
      vertex 181.750 109.817 5.222
    endloop
  endfacet
  facet normal -1.000000 0.000000 0.000000
    outer loop
      vertex 181.750 108.646 7.311
      vertex 181.750 109.817 5.222
      vertex 181.750 109.545 5.140
    endloop
  endfacet
  facet normal 1.000000 0.000000 0.000000
    outer loop
      vertex 189.750 109.359 7.527
      vertex 189.750 108.646 7.311
      vertex 189.750 109.545 5.140
    endloop
  endfacet
  facet normal 1.000000 0.000000 0.000000
    outer loop
      vertex 189.750 109.359 7.527
      vertex 189.750 109.545 5.140
      vertex 189.750 109.817 5.222
    endloop
  endfacet
  facet normal 0.000000 0.471397 -0.881921
    outer loop
      vertex 181.750 108.646 7.311
      vertex 189.750 108.646 7.311
      vertex 189.750 107.989 6.960
    endloop
  endfacet
  facet normal 0.000000 0.471397 -0.881921
    outer loop
      vertex 181.750 108.646 7.311
      vertex 189.750 107.989 6.960
      vertex 181.750 107.989 6.960
    endloop
  endfacet
  facet normal 0.000000 -0.471397 0.881921
    outer loop
      vertex 181.750 109.294 5.006
      vertex 189.750 109.294 5.006
      vertex 189.750 109.545 5.140
    endloop
  endfacet
  facet normal 0.000000 -0.471397 0.881921
    outer loop
      vertex 181.750 109.294 5.006
      vertex 189.750 109.545 5.140
      vertex 181.750 109.545 5.140
    endloop
  endfacet
  facet normal -1.000000 0.000000 0.000000
    outer loop
      vertex 181.750 107.989 6.960
      vertex 181.750 108.646 7.311
      vertex 181.750 109.545 5.140
    endloop
  endfacet
  facet normal -1.000000 0.000000 0.000000
    outer loop
      vertex 181.750 107.989 6.960
      vertex 181.750 109.545 5.140
      vertex 181.750 109.294 5.006
    endloop
  endfacet
  facet normal 1.000000 0.000000 0.000000
    outer loop
      vertex 189.750 108.646 7.311
      vertex 189.750 107.989 6.960
      vertex 189.750 109.294 5.006
    endloop
  endfacet
  facet normal 1.000000 0.000000 0.000000
    outer loop
      vertex 189.750 108.646 7.311
      vertex 189.750 109.294 5.006
      vertex 189.750 109.545 5.140
    endloop
  endfacet
  facet normal 0.000000 0.634393 -0.773010
    outer loop
      vertex 181.750 107.989 6.960
      vertex 189.750 107.989 6.960
      vertex 189.750 107.413 6.487
    endloop
  endfacet
  facet normal 0.000000 0.634393 -0.773010
    outer loop
      vertex 181.750 107.989 6.960
      vertex 189.750 107.413 6.487
      vertex 181.750 107.413 6.487
    endloop
  endfacet
  facet normal 0.000000 -0.634393 0.773010
    outer loop
      vertex 181.750 109.075 4.825
      vertex 189.750 109.075 4.825
      vertex 189.750 109.294 5.006
    endloop
  endfacet
  facet normal 0.000000 -0.634393 0.773010
    outer loop
      vertex 181.750 109.075 4.825
      vertex 189.750 109.294 5.006
      vertex 181.750 109.294 5.006
    endloop
  endfacet
  facet normal -1.000000 0.000000 0.000000
    outer loop
      vertex 181.750 107.413 6.487
      vertex 181.750 107.989 6.960
      vertex 181.750 109.294 5.006
    endloop
  endfacet
  facet normal -1.000000 0.000000 0.000000
    outer loop
      vertex 181.750 107.413 6.487
      vertex 181.750 109.294 5.006
      vertex 181.750 109.075 4.825
    endloop
  endfacet
  facet normal 1.000000 0.000000 0.000000
    outer loop
      vertex 189.750 107.989 6.960
      vertex 189.750 107.413 6.487
      vertex 189.750 109.075 4.825
    endloop
  endfacet
  facet normal 1.000000 0.000000 0.000000
    outer loop
      vertex 189.750 107.989 6.960
      vertex 189.750 109.075 4.825
      vertex 189.750 109.294 5.006
    endloop
  endfacet
  facet normal 0.000000 0.773010 -0.634393
    outer loop
      vertex 181.750 107.413 6.487
      vertex 189.750 107.413 6.487
      vertex 189.750 106.940 5.911
    endloop
  endfacet
  facet normal 0.000000 0.773010 -0.634393
    outer loop
      vertex 181.750 107.413 6.487
      vertex 189.750 106.940 5.911
      vertex 181.750 106.940 5.911
    endloop
  endfacet
  facet normal 0.000000 -0.773010 0.634393
    outer loop
      vertex 181.750 108.894 4.606
      vertex 189.750 108.894 4.606
      vertex 189.750 109.075 4.825
    endloop
  endfacet
  facet normal 0.000000 -0.773010 0.634393
    outer loop
      vertex 181.750 108.894 4.606
      vertex 189.750 109.075 4.825
      vertex 181.750 109.075 4.825
    endloop
  endfacet
  facet normal -1.000000 0.000000 0.000000
    outer loop
      vertex 181.750 106.940 5.911
      vertex 181.750 107.413 6.487
      vertex 181.750 109.075 4.825
    endloop
  endfacet
  facet normal -1.000000 0.000000 0.000000
    outer loop
      vertex 181.750 106.940 5.911
      vertex 181.750 109.075 4.825
      vertex 181.750 108.894 4.606
    endloop
  endfacet
  facet normal 1.000000 0.000000 0.000000
    outer loop
      vertex 189.750 107.413 6.487
      vertex 189.750 106.940 5.911
      vertex 189.750 108.894 4.606
    endloop
  endfacet
  facet normal 1.000000 0.000000 0.000000
    outer loop
      vertex 189.750 107.413 6.487
      vertex 189.750 108.894 4.606
      vertex 189.750 109.075 4.825
    endloop
  endfacet
  facet normal 0.000000 0.881921 -0.471397
    outer loop
      vertex 181.750 106.940 5.911
      vertex 189.750 106.940 5.911
      vertex 189.750 106.589 5.254
    endloop
  endfacet
  facet normal 0.000000 0.881921 -0.471397
    outer loop
      vertex 181.750 106.940 5.911
      vertex 189.750 106.589 5.254
      vertex 181.750 106.589 5.254
    endloop
  endfacet
  facet normal 0.000000 -0.881921 0.471397
    outer loop
      vertex 181.750 108.760 4.355
      vertex 189.750 108.760 4.355
      vertex 189.750 108.894 4.606
    endloop
  endfacet
  facet normal 0.000000 -0.881921 0.471397
    outer loop
      vertex 181.750 108.760 4.355
      vertex 189.750 108.894 4.606
      vertex 181.750 108.894 4.606
    endloop
  endfacet
  facet normal -1.000000 0.000000 0.000000
    outer loop
      vertex 181.750 106.589 5.254
      vertex 181.750 106.940 5.911
      vertex 181.750 108.894 4.606
    endloop
  endfacet
  facet normal -1.000000 0.000000 0.000000
    outer loop
      vertex 181.750 106.589 5.254
      vertex 181.750 108.894 4.606
      vertex 181.750 108.760 4.355
    endloop
  endfacet
  facet normal 1.000000 0.000000 0.000000
    outer loop
      vertex 189.750 106.940 5.911
      vertex 189.750 106.589 5.254
      vertex 189.750 108.760 4.355
    endloop
  endfacet
  facet normal 1.000000 0.000000 0.000000
    outer loop
      vertex 189.750 106.940 5.911
      vertex 189.750 108.760 4.355
      vertex 189.750 108.894 4.606
    endloop
  endfacet
  facet normal 0.000000 0.956940 -0.290285
    outer loop
      vertex 181.750 106.589 5.254
      vertex 189.750 106.589 5.254
      vertex 189.750 106.373 4.541
    endloop
  endfacet
  facet normal 0.000000 0.956940 -0.290285
    outer loop
      vertex 181.750 106.589 5.254
      vertex 189.750 106.373 4.541
      vertex 181.750 106.373 4.541
    endloop
  endfacet
  facet normal 0.000000 -0.956940 0.290285
    outer loop
      vertex 181.750 108.678 4.083
      vertex 189.750 108.678 4.083
      vertex 189.750 108.760 4.355
    endloop
  endfacet
  facet normal 0.000000 -0.956940 0.290285
    outer loop
      vertex 181.750 108.678 4.083
      vertex 189.750 108.760 4.355
      vertex 181.750 108.760 4.355
    endloop
  endfacet
  facet normal -1.000000 0.000000 0.000000
    outer loop
      vertex 181.750 106.373 4.541
      vertex 181.750 106.589 5.254
      vertex 181.750 108.760 4.355
    endloop
  endfacet
  facet normal -1.000000 0.000000 0.000000
    outer loop
      vertex 181.750 106.373 4.541
      vertex 181.750 108.760 4.355
      vertex 181.750 108.678 4.083
    endloop
  endfacet
  facet normal 1.000000 0.000000 0.000000
    outer loop
      vertex 189.750 106.589 5.254
      vertex 189.750 106.373 4.541
      vertex 189.750 108.678 4.083
    endloop
  endfacet
  facet normal 1.000000 0.000000 0.000000
    outer loop
      vertex 189.750 106.589 5.254
      vertex 189.750 108.678 4.083
      vertex 189.750 108.760 4.355
    endloop
  endfacet
  facet normal 0.000000 0.995185 -0.098017
    outer loop
      vertex 181.750 106.373 4.541
      vertex 189.750 106.373 4.541
      vertex 189.750 106.300 3.800
    endloop
  endfacet
  facet normal 0.000000 0.995185 -0.098017
    outer loop
      vertex 181.750 106.373 4.541
      vertex 189.750 106.300 3.800
      vertex 181.750 106.300 3.800
    endloop
  endfacet
  facet normal 0.000000 -0.995185 0.098017
    outer loop
      vertex 181.750 108.650 3.800
      vertex 189.750 108.650 3.800
      vertex 189.750 108.678 4.083
    endloop
  endfacet
  facet normal 0.000000 -0.995185 0.098017
    outer loop
      vertex 181.750 108.650 3.800
      vertex 189.750 108.678 4.083
      vertex 181.750 108.678 4.083
    endloop
  endfacet
  facet normal -1.000000 0.000000 0.000000
    outer loop
      vertex 181.750 106.300 3.800
      vertex 181.750 106.373 4.541
      vertex 181.750 108.678 4.083
    endloop
  endfacet
  facet normal -1.000000 0.000000 0.000000
    outer loop
      vertex 181.750 106.300 3.800
      vertex 181.750 108.678 4.083
      vertex 181.750 108.650 3.800
    endloop
  endfacet
  facet normal 1.000000 0.000000 0.000000
    outer loop
      vertex 189.750 106.373 4.541
      vertex 189.750 106.300 3.800
      vertex 189.750 108.650 3.800
    endloop
  endfacet
  facet normal 1.000000 0.000000 0.000000
    outer loop
      vertex 189.750 106.373 4.541
      vertex 189.750 108.650 3.800
      vertex 189.750 108.678 4.083
    endloop
  endfacet
  facet normal 0.000000 0.995185 0.098017
    outer loop
      vertex 181.750 106.300 3.800
      vertex 189.750 106.300 3.800
      vertex 189.750 106.373 3.059
    endloop
  endfacet
  facet normal 0.000000 0.995185 0.098017
    outer loop
      vertex 181.750 106.300 3.800
      vertex 189.750 106.373 3.059
      vertex 181.750 106.373 3.059
    endloop
  endfacet
  facet normal 0.000000 -0.995185 -0.098017
    outer loop
      vertex 181.750 108.678 3.517
      vertex 189.750 108.678 3.517
      vertex 189.750 108.650 3.800
    endloop
  endfacet
  facet normal 0.000000 -0.995185 -0.098017
    outer loop
      vertex 181.750 108.678 3.517
      vertex 189.750 108.650 3.800
      vertex 181.750 108.650 3.800
    endloop
  endfacet
  facet normal -1.000000 0.000000 0.000000
    outer loop
      vertex 181.750 106.373 3.059
      vertex 181.750 106.300 3.800
      vertex 181.750 108.650 3.800
    endloop
  endfacet
  facet normal -1.000000 0.000000 0.000000
    outer loop
      vertex 181.750 106.373 3.059
      vertex 181.750 108.650 3.800
      vertex 181.750 108.678 3.517
    endloop
  endfacet
  facet normal 1.000000 0.000000 0.000000
    outer loop
      vertex 189.750 106.300 3.800
      vertex 189.750 106.373 3.059
      vertex 189.750 108.678 3.517
    endloop
  endfacet
  facet normal 1.000000 0.000000 0.000000
    outer loop
      vertex 189.750 106.300 3.800
      vertex 189.750 108.678 3.517
      vertex 189.750 108.650 3.800
    endloop
  endfacet
  facet normal 0.000000 0.956940 0.290285
    outer loop
      vertex 181.750 106.373 3.059
      vertex 189.750 106.373 3.059
      vertex 189.750 106.589 2.346
    endloop
  endfacet
  facet normal 0.000000 0.956940 0.290285
    outer loop
      vertex 181.750 106.373 3.059
      vertex 189.750 106.589 2.346
      vertex 181.750 106.589 2.346
    endloop
  endfacet
  facet normal 0.000000 -0.956940 -0.290285
    outer loop
      vertex 181.750 108.760 3.245
      vertex 189.750 108.760 3.245
      vertex 189.750 108.678 3.517
    endloop
  endfacet
  facet normal 0.000000 -0.956940 -0.290285
    outer loop
      vertex 181.750 108.760 3.245
      vertex 189.750 108.678 3.517
      vertex 181.750 108.678 3.517
    endloop
  endfacet
  facet normal -1.000000 0.000000 0.000000
    outer loop
      vertex 181.750 106.589 2.346
      vertex 181.750 106.373 3.059
      vertex 181.750 108.678 3.517
    endloop
  endfacet
  facet normal -1.000000 0.000000 0.000000
    outer loop
      vertex 181.750 106.589 2.346
      vertex 181.750 108.678 3.517
      vertex 181.750 108.760 3.245
    endloop
  endfacet
  facet normal 1.000000 0.000000 0.000000
    outer loop
      vertex 189.750 106.373 3.059
      vertex 189.750 106.589 2.346
      vertex 189.750 108.760 3.245
    endloop
  endfacet
  facet normal 1.000000 0.000000 0.000000
    outer loop
      vertex 189.750 106.373 3.059
      vertex 189.750 108.760 3.245
      vertex 189.750 108.678 3.517
    endloop
  endfacet
  facet normal 0.000000 0.881921 0.471397
    outer loop
      vertex 181.750 106.589 2.346
      vertex 189.750 106.589 2.346
      vertex 189.750 106.940 1.689
    endloop
  endfacet
  facet normal 0.000000 0.881921 0.471397
    outer loop
      vertex 181.750 106.589 2.346
      vertex 189.750 106.940 1.689
      vertex 181.750 106.940 1.689
    endloop
  endfacet
  facet normal 0.000000 -0.881921 -0.471397
    outer loop
      vertex 181.750 108.894 2.994
      vertex 189.750 108.894 2.994
      vertex 189.750 108.760 3.245
    endloop
  endfacet
  facet normal 0.000000 -0.881921 -0.471397
    outer loop
      vertex 181.750 108.894 2.994
      vertex 189.750 108.760 3.245
      vertex 181.750 108.760 3.245
    endloop
  endfacet
  facet normal -1.000000 0.000000 0.000000
    outer loop
      vertex 181.750 106.940 1.689
      vertex 181.750 106.589 2.346
      vertex 181.750 108.760 3.245
    endloop
  endfacet
  facet normal -1.000000 0.000000 0.000000
    outer loop
      vertex 181.750 106.940 1.689
      vertex 181.750 108.760 3.245
      vertex 181.750 108.894 2.994
    endloop
  endfacet
  facet normal 1.000000 0.000000 0.000000
    outer loop
      vertex 189.750 106.589 2.346
      vertex 189.750 106.940 1.689
      vertex 189.750 108.894 2.994
    endloop
  endfacet
  facet normal 1.000000 0.000000 0.000000
    outer loop
      vertex 189.750 106.589 2.346
      vertex 189.750 108.894 2.994
      vertex 189.750 108.760 3.245
    endloop
  endfacet
  facet normal 0.000000 0.773010 0.634393
    outer loop
      vertex 181.750 106.940 1.689
      vertex 189.750 106.940 1.689
      vertex 189.750 107.413 1.113
    endloop
  endfacet
  facet normal 0.000000 0.773010 0.634393
    outer loop
      vertex 181.750 106.940 1.689
      vertex 189.750 107.413 1.113
      vertex 181.750 107.413 1.113
    endloop
  endfacet
  facet normal 0.000000 -0.773010 -0.634393
    outer loop
      vertex 181.750 109.075 2.775
      vertex 189.750 109.075 2.775
      vertex 189.750 108.894 2.994
    endloop
  endfacet
  facet normal 0.000000 -0.773010 -0.634393
    outer loop
      vertex 181.750 109.075 2.775
      vertex 189.750 108.894 2.994
      vertex 181.750 108.894 2.994
    endloop
  endfacet
  facet normal -1.000000 0.000000 0.000000
    outer loop
      vertex 181.750 107.413 1.113
      vertex 181.750 106.940 1.689
      vertex 181.750 108.894 2.994
    endloop
  endfacet
  facet normal -1.000000 0.000000 0.000000
    outer loop
      vertex 181.750 107.413 1.113
      vertex 181.750 108.894 2.994
      vertex 181.750 109.075 2.775
    endloop
  endfacet
  facet normal 1.000000 0.000000 0.000000
    outer loop
      vertex 189.750 106.940 1.689
      vertex 189.750 107.413 1.113
      vertex 189.750 109.075 2.775
    endloop
  endfacet
  facet normal 1.000000 0.000000 0.000000
    outer loop
      vertex 189.750 106.940 1.689
      vertex 189.750 109.075 2.775
      vertex 189.750 108.894 2.994
    endloop
  endfacet
  facet normal 0.000000 0.634393 0.773010
    outer loop
      vertex 181.750 107.413 1.113
      vertex 189.750 107.413 1.113
      vertex 189.750 107.989 0.640
    endloop
  endfacet
  facet normal 0.000000 0.634393 0.773010
    outer loop
      vertex 181.750 107.413 1.113
      vertex 189.750 107.989 0.640
      vertex 181.750 107.989 0.640
    endloop
  endfacet
  facet normal 0.000000 -0.634393 -0.773010
    outer loop
      vertex 181.750 109.294 2.594
      vertex 189.750 109.294 2.594
      vertex 189.750 109.075 2.775
    endloop
  endfacet
  facet normal 0.000000 -0.634393 -0.773010
    outer loop
      vertex 181.750 109.294 2.594
      vertex 189.750 109.075 2.775
      vertex 181.750 109.075 2.775
    endloop
  endfacet
  facet normal -1.000000 0.000000 0.000000
    outer loop
      vertex 181.750 107.989 0.640
      vertex 181.750 107.413 1.113
      vertex 181.750 109.075 2.775
    endloop
  endfacet
  facet normal -1.000000 0.000000 0.000000
    outer loop
      vertex 181.750 107.989 0.640
      vertex 181.750 109.075 2.775
      vertex 181.750 109.294 2.594
    endloop
  endfacet
  facet normal 1.000000 0.000000 0.000000
    outer loop
      vertex 189.750 107.413 1.113
      vertex 189.750 107.989 0.640
      vertex 189.750 109.294 2.594
    endloop
  endfacet
  facet normal 1.000000 0.000000 0.000000
    outer loop
      vertex 189.750 107.413 1.113
      vertex 189.750 109.294 2.594
      vertex 189.750 109.075 2.775
    endloop
  endfacet
  facet normal 0.000000 0.471397 0.881921
    outer loop
      vertex 181.750 107.989 0.640
      vertex 189.750 107.989 0.640
      vertex 189.750 108.646 0.289
    endloop
  endfacet
  facet normal 0.000000 0.471397 0.881921
    outer loop
      vertex 181.750 107.989 0.640
      vertex 189.750 108.646 0.289
      vertex 181.750 108.646 0.289
    endloop
  endfacet
  facet normal 0.000000 -0.471397 -0.881921
    outer loop
      vertex 181.750 109.545 2.460
      vertex 189.750 109.545 2.460
      vertex 189.750 109.294 2.594
    endloop
  endfacet
  facet normal 0.000000 -0.471397 -0.881921
    outer loop
      vertex 181.750 109.545 2.460
      vertex 189.750 109.294 2.594
      vertex 181.750 109.294 2.594
    endloop
  endfacet
  facet normal -1.000000 0.000000 0.000000
    outer loop
      vertex 181.750 108.646 0.289
      vertex 181.750 107.989 0.640
      vertex 181.750 109.294 2.594
    endloop
  endfacet
  facet normal -1.000000 0.000000 0.000000
    outer loop
      vertex 181.750 108.646 0.289
      vertex 181.750 109.294 2.594
      vertex 181.750 109.545 2.460
    endloop
  endfacet
  facet normal 1.000000 0.000000 0.000000
    outer loop
      vertex 189.750 107.989 0.640
      vertex 189.750 108.646 0.289
      vertex 189.750 109.545 2.460
    endloop
  endfacet
  facet normal 1.000000 0.000000 0.000000
    outer loop
      vertex 189.750 107.989 0.640
      vertex 189.750 109.545 2.460
      vertex 189.750 109.294 2.594
    endloop
  endfacet
  facet normal 0.000000 0.290285 0.956940
    outer loop
      vertex 181.750 108.646 0.289
      vertex 189.750 108.646 0.289
      vertex 189.750 109.359 0.073
    endloop
  endfacet
  facet normal 0.000000 0.290285 0.956940
    outer loop
      vertex 181.750 108.646 0.289
      vertex 189.750 109.359 0.073
      vertex 181.750 109.359 0.073
    endloop
  endfacet
  facet normal 0.000000 -0.290285 -0.956940
    outer loop
      vertex 181.750 109.817 2.378
      vertex 189.750 109.817 2.378
      vertex 189.750 109.545 2.460
    endloop
  endfacet
  facet normal 0.000000 -0.290285 -0.956940
    outer loop
      vertex 181.750 109.817 2.378
      vertex 189.750 109.545 2.460
      vertex 181.750 109.545 2.460
    endloop
  endfacet
  facet normal -1.000000 0.000000 0.000000
    outer loop
      vertex 181.750 109.359 0.073
      vertex 181.750 108.646 0.289
      vertex 181.750 109.545 2.460
    endloop
  endfacet
  facet normal -1.000000 0.000000 0.000000
    outer loop
      vertex 181.750 109.359 0.073
      vertex 181.750 109.545 2.460
      vertex 181.750 109.817 2.378
    endloop
  endfacet
  facet normal 1.000000 0.000000 0.000000
    outer loop
      vertex 189.750 108.646 0.289
      vertex 189.750 109.359 0.073
      vertex 189.750 109.817 2.378
    endloop
  endfacet
  facet normal 1.000000 0.000000 0.000000
    outer loop
      vertex 189.750 108.646 0.289
      vertex 189.750 109.817 2.378
      vertex 189.750 109.545 2.460
    endloop
  endfacet
  facet normal 0.000000 0.098017 0.995185
    outer loop
      vertex 181.750 109.359 0.073
      vertex 189.750 109.359 0.073
      vertex 189.750 110.100 0.000
    endloop
  endfacet
  facet normal 0.000000 0.098017 0.995185
    outer loop
      vertex 181.750 109.359 0.073
      vertex 189.750 110.100 0.000
      vertex 181.750 110.100 0.000
    endloop
  endfacet
  facet normal 0.000000 -0.098017 -0.995185
    outer loop
      vertex 181.750 110.100 2.350
      vertex 189.750 110.100 2.350
      vertex 189.750 109.817 2.378
    endloop
  endfacet
  facet normal 0.000000 -0.098017 -0.995185
    outer loop
      vertex 181.750 110.100 2.350
      vertex 189.750 109.817 2.378
      vertex 181.750 109.817 2.378
    endloop
  endfacet
  facet normal -1.000000 0.000000 0.000000
    outer loop
      vertex 181.750 110.100 0.000
      vertex 181.750 109.359 0.073
      vertex 181.750 109.817 2.378
    endloop
  endfacet
  facet normal -1.000000 0.000000 0.000000
    outer loop
      vertex 181.750 110.100 0.000
      vertex 181.750 109.817 2.378
      vertex 181.750 110.100 2.350
    endloop
  endfacet
  facet normal 1.000000 0.000000 0.000000
    outer loop
      vertex 189.750 109.359 0.073
      vertex 189.750 110.100 0.000
      vertex 189.750 110.100 2.350
    endloop
  endfacet
  facet normal 1.000000 0.000000 0.000000
    outer loop
      vertex 189.750 109.359 0.073
      vertex 189.750 110.100 2.350
      vertex 189.750 109.817 2.378
    endloop
  endfacet
  facet normal 0.000000 -0.098017 0.995185
    outer loop
      vertex 181.750 110.100 0.000
      vertex 189.750 110.100 0.000
      vertex 189.750 110.841 0.073
    endloop
  endfacet
  facet normal 0.000000 -0.098017 0.995185
    outer loop
      vertex 181.750 110.100 0.000
      vertex 189.750 110.841 0.073
      vertex 181.750 110.841 0.073
    endloop
  endfacet
  facet normal 0.000000 0.098017 -0.995185
    outer loop
      vertex 181.750 110.383 2.378
      vertex 189.750 110.383 2.378
      vertex 189.750 110.100 2.350
    endloop
  endfacet
  facet normal 0.000000 0.098017 -0.995185
    outer loop
      vertex 181.750 110.383 2.378
      vertex 189.750 110.100 2.350
      vertex 181.750 110.100 2.350
    endloop
  endfacet
  facet normal -1.000000 0.000000 0.000000
    outer loop
      vertex 181.750 110.841 0.073
      vertex 181.750 110.100 0.000
      vertex 181.750 110.100 2.350
    endloop
  endfacet
  facet normal -1.000000 0.000000 0.000000
    outer loop
      vertex 181.750 110.841 0.073
      vertex 181.750 110.100 2.350
      vertex 181.750 110.383 2.378
    endloop
  endfacet
  facet normal 1.000000 0.000000 0.000000
    outer loop
      vertex 189.750 110.100 0.000
      vertex 189.750 110.841 0.073
      vertex 189.750 110.383 2.378
    endloop
  endfacet
  facet normal 1.000000 0.000000 0.000000
    outer loop
      vertex 189.750 110.100 0.000
      vertex 189.750 110.383 2.378
      vertex 189.750 110.100 2.350
    endloop
  endfacet
  facet normal 0.000000 -0.290285 0.956940
    outer loop
      vertex 181.750 110.841 0.073
      vertex 189.750 110.841 0.073
      vertex 189.750 111.554 0.289
    endloop
  endfacet
  facet normal 0.000000 -0.290285 0.956940
    outer loop
      vertex 181.750 110.841 0.073
      vertex 189.750 111.554 0.289
      vertex 181.750 111.554 0.289
    endloop
  endfacet
  facet normal 0.000000 0.290285 -0.956940
    outer loop
      vertex 181.750 110.655 2.460
      vertex 189.750 110.655 2.460
      vertex 189.750 110.383 2.378
    endloop
  endfacet
  facet normal 0.000000 0.290285 -0.956940
    outer loop
      vertex 181.750 110.655 2.460
      vertex 189.750 110.383 2.378
      vertex 181.750 110.383 2.378
    endloop
  endfacet
  facet normal -1.000000 0.000000 0.000000
    outer loop
      vertex 181.750 111.554 0.289
      vertex 181.750 110.841 0.073
      vertex 181.750 110.383 2.378
    endloop
  endfacet
  facet normal -1.000000 0.000000 0.000000
    outer loop
      vertex 181.750 111.554 0.289
      vertex 181.750 110.383 2.378
      vertex 181.750 110.655 2.460
    endloop
  endfacet
  facet normal 1.000000 0.000000 0.000000
    outer loop
      vertex 189.750 110.841 0.073
      vertex 189.750 111.554 0.289
      vertex 189.750 110.655 2.460
    endloop
  endfacet
  facet normal 1.000000 0.000000 0.000000
    outer loop
      vertex 189.750 110.841 0.073
      vertex 189.750 110.655 2.460
      vertex 189.750 110.383 2.378
    endloop
  endfacet
  facet normal 0.000000 -0.471397 0.881921
    outer loop
      vertex 181.750 111.554 0.289
      vertex 189.750 111.554 0.289
      vertex 189.750 112.211 0.640
    endloop
  endfacet
  facet normal 0.000000 -0.471397 0.881921
    outer loop
      vertex 181.750 111.554 0.289
      vertex 189.750 112.211 0.640
      vertex 181.750 112.211 0.640
    endloop
  endfacet
  facet normal 0.000000 0.471397 -0.881921
    outer loop
      vertex 181.750 110.906 2.594
      vertex 189.750 110.906 2.594
      vertex 189.750 110.655 2.460
    endloop
  endfacet
  facet normal 0.000000 0.471397 -0.881921
    outer loop
      vertex 181.750 110.906 2.594
      vertex 189.750 110.655 2.460
      vertex 181.750 110.655 2.460
    endloop
  endfacet
  facet normal -1.000000 0.000000 0.000000
    outer loop
      vertex 181.750 112.211 0.640
      vertex 181.750 111.554 0.289
      vertex 181.750 110.655 2.460
    endloop
  endfacet
  facet normal -1.000000 0.000000 0.000000
    outer loop
      vertex 181.750 112.211 0.640
      vertex 181.750 110.655 2.460
      vertex 181.750 110.906 2.594
    endloop
  endfacet
  facet normal 1.000000 0.000000 0.000000
    outer loop
      vertex 189.750 111.554 0.289
      vertex 189.750 112.211 0.640
      vertex 189.750 110.906 2.594
    endloop
  endfacet
  facet normal 1.000000 0.000000 0.000000
    outer loop
      vertex 189.750 111.554 0.289
      vertex 189.750 110.906 2.594
      vertex 189.750 110.655 2.460
    endloop
  endfacet
  facet normal 0.000000 -0.634393 0.773010
    outer loop
      vertex 181.750 112.211 0.640
      vertex 189.750 112.211 0.640
      vertex 189.750 112.787 1.113
    endloop
  endfacet
  facet normal 0.000000 -0.634393 0.773010
    outer loop
      vertex 181.750 112.211 0.640
      vertex 189.750 112.787 1.113
      vertex 181.750 112.787 1.113
    endloop
  endfacet
  facet normal 0.000000 0.634393 -0.773010
    outer loop
      vertex 181.750 111.125 2.775
      vertex 189.750 111.125 2.775
      vertex 189.750 110.906 2.594
    endloop
  endfacet
  facet normal 0.000000 0.634393 -0.773010
    outer loop
      vertex 181.750 111.125 2.775
      vertex 189.750 110.906 2.594
      vertex 181.750 110.906 2.594
    endloop
  endfacet
  facet normal -1.000000 0.000000 0.000000
    outer loop
      vertex 181.750 112.787 1.113
      vertex 181.750 112.211 0.640
      vertex 181.750 110.906 2.594
    endloop
  endfacet
  facet normal -1.000000 0.000000 0.000000
    outer loop
      vertex 181.750 112.787 1.113
      vertex 181.750 110.906 2.594
      vertex 181.750 111.125 2.775
    endloop
  endfacet
  facet normal 1.000000 0.000000 0.000000
    outer loop
      vertex 189.750 112.211 0.640
      vertex 189.750 112.787 1.113
      vertex 189.750 111.125 2.775
    endloop
  endfacet
  facet normal 1.000000 0.000000 0.000000
    outer loop
      vertex 189.750 112.211 0.640
      vertex 189.750 111.125 2.775
      vertex 189.750 110.906 2.594
    endloop
  endfacet
  facet normal 0.000000 -0.773010 0.634393
    outer loop
      vertex 181.750 112.787 1.113
      vertex 189.750 112.787 1.113
      vertex 189.750 113.260 1.689
    endloop
  endfacet
  facet normal 0.000000 -0.773010 0.634393
    outer loop
      vertex 181.750 112.787 1.113
      vertex 189.750 113.260 1.689
      vertex 181.750 113.260 1.689
    endloop
  endfacet
  facet normal 0.000000 0.773010 -0.634393
    outer loop
      vertex 181.750 111.306 2.994
      vertex 189.750 111.306 2.994
      vertex 189.750 111.125 2.775
    endloop
  endfacet
  facet normal 0.000000 0.773010 -0.634393
    outer loop
      vertex 181.750 111.306 2.994
      vertex 189.750 111.125 2.775
      vertex 181.750 111.125 2.775
    endloop
  endfacet
  facet normal -1.000000 0.000000 0.000000
    outer loop
      vertex 181.750 113.260 1.689
      vertex 181.750 112.787 1.113
      vertex 181.750 111.125 2.775
    endloop
  endfacet
  facet normal -1.000000 0.000000 0.000000
    outer loop
      vertex 181.750 113.260 1.689
      vertex 181.750 111.125 2.775
      vertex 181.750 111.306 2.994
    endloop
  endfacet
  facet normal 1.000000 0.000000 0.000000
    outer loop
      vertex 189.750 112.787 1.113
      vertex 189.750 113.260 1.689
      vertex 189.750 111.306 2.994
    endloop
  endfacet
  facet normal 1.000000 0.000000 0.000000
    outer loop
      vertex 189.750 112.787 1.113
      vertex 189.750 111.306 2.994
      vertex 189.750 111.125 2.775
    endloop
  endfacet
  facet normal 0.000000 -0.881921 0.471397
    outer loop
      vertex 181.750 113.260 1.689
      vertex 189.750 113.260 1.689
      vertex 189.750 113.611 2.346
    endloop
  endfacet
  facet normal 0.000000 -0.881921 0.471397
    outer loop
      vertex 181.750 113.260 1.689
      vertex 189.750 113.611 2.346
      vertex 181.750 113.611 2.346
    endloop
  endfacet
  facet normal 0.000000 0.881921 -0.471397
    outer loop
      vertex 181.750 111.440 3.245
      vertex 189.750 111.440 3.245
      vertex 189.750 111.306 2.994
    endloop
  endfacet
  facet normal 0.000000 0.881921 -0.471397
    outer loop
      vertex 181.750 111.440 3.245
      vertex 189.750 111.306 2.994
      vertex 181.750 111.306 2.994
    endloop
  endfacet
  facet normal -1.000000 0.000000 0.000000
    outer loop
      vertex 181.750 113.611 2.346
      vertex 181.750 113.260 1.689
      vertex 181.750 111.306 2.994
    endloop
  endfacet
  facet normal -1.000000 0.000000 0.000000
    outer loop
      vertex 181.750 113.611 2.346
      vertex 181.750 111.306 2.994
      vertex 181.750 111.440 3.245
    endloop
  endfacet
  facet normal 1.000000 0.000000 0.000000
    outer loop
      vertex 189.750 113.260 1.689
      vertex 189.750 113.611 2.346
      vertex 189.750 111.440 3.245
    endloop
  endfacet
  facet normal 1.000000 0.000000 0.000000
    outer loop
      vertex 189.750 113.260 1.689
      vertex 189.750 111.440 3.245
      vertex 189.750 111.306 2.994
    endloop
  endfacet
  facet normal 0.000000 -0.956940 0.290285
    outer loop
      vertex 181.750 113.611 2.346
      vertex 189.750 113.611 2.346
      vertex 189.750 113.827 3.059
    endloop
  endfacet
  facet normal 0.000000 -0.956940 0.290285
    outer loop
      vertex 181.750 113.611 2.346
      vertex 189.750 113.827 3.059
      vertex 181.750 113.827 3.059
    endloop
  endfacet
  facet normal 0.000000 0.956940 -0.290285
    outer loop
      vertex 181.750 111.522 3.517
      vertex 189.750 111.522 3.517
      vertex 189.750 111.440 3.245
    endloop
  endfacet
  facet normal 0.000000 0.956940 -0.290285
    outer loop
      vertex 181.750 111.522 3.517
      vertex 189.750 111.440 3.245
      vertex 181.750 111.440 3.245
    endloop
  endfacet
  facet normal -1.000000 0.000000 0.000000
    outer loop
      vertex 181.750 113.827 3.059
      vertex 181.750 113.611 2.346
      vertex 181.750 111.440 3.245
    endloop
  endfacet
  facet normal -1.000000 0.000000 0.000000
    outer loop
      vertex 181.750 113.827 3.059
      vertex 181.750 111.440 3.245
      vertex 181.750 111.522 3.517
    endloop
  endfacet
  facet normal 1.000000 0.000000 0.000000
    outer loop
      vertex 189.750 113.611 2.346
      vertex 189.750 113.827 3.059
      vertex 189.750 111.522 3.517
    endloop
  endfacet
  facet normal 1.000000 0.000000 0.000000
    outer loop
      vertex 189.750 113.611 2.346
      vertex 189.750 111.522 3.517
      vertex 189.750 111.440 3.245
    endloop
  endfacet
  facet normal 0.000000 -0.995185 0.098017
    outer loop
      vertex 181.750 113.827 3.059
      vertex 189.750 113.827 3.059
      vertex 189.750 113.900 3.800
    endloop
  endfacet
  facet normal 0.000000 -0.995185 0.098017
    outer loop
      vertex 181.750 113.827 3.059
      vertex 189.750 113.900 3.800
      vertex 181.750 113.900 3.800
    endloop
  endfacet
  facet normal 0.000000 0.995185 -0.098017
    outer loop
      vertex 181.750 111.550 3.800
      vertex 189.750 111.550 3.800
      vertex 189.750 111.522 3.517
    endloop
  endfacet
  facet normal 0.000000 0.995185 -0.098017
    outer loop
      vertex 181.750 111.550 3.800
      vertex 189.750 111.522 3.517
      vertex 181.750 111.522 3.517
    endloop
  endfacet
  facet normal -1.000000 0.000000 0.000000
    outer loop
      vertex 181.750 113.900 3.800
      vertex 181.750 113.827 3.059
      vertex 181.750 111.522 3.517
    endloop
  endfacet
  facet normal -1.000000 0.000000 0.000000
    outer loop
      vertex 181.750 113.900 3.800
      vertex 181.750 111.522 3.517
      vertex 181.750 111.550 3.800
    endloop
  endfacet
  facet normal 1.000000 0.000000 0.000000
    outer loop
      vertex 189.750 113.827 3.059
      vertex 189.750 113.900 3.800
      vertex 189.750 111.550 3.800
    endloop
  endfacet
  facet normal 1.000000 0.000000 0.000000
    outer loop
      vertex 189.750 113.827 3.059
      vertex 189.750 111.550 3.800
      vertex 189.750 111.522 3.517
    endloop
  endfacet
  facet normal 0.000000 0.000000 1.000000
    outer loop
      vertex 181.750 105.300 2.300
      vertex 189.750 105.300 2.300
      vertex 189.750 106.300 2.300
    endloop
  endfacet
  facet normal 0.000000 0.000000 1.000000
    outer loop
      vertex 181.750 105.300 2.300
      vertex 189.750 106.300 2.300
      vertex 181.750 106.300 2.300
    endloop
  endfacet
  facet normal 0.000000 0.000000 -1.000000
    outer loop
      vertex 181.750 105.300 5.300
      vertex 181.750 106.300 5.300
      vertex 189.750 106.300 5.300
    endloop
  endfacet
  facet normal 0.000000 0.000000 -1.000000
    outer loop
      vertex 181.750 105.300 5.300
      vertex 189.750 106.300 5.300
      vertex 189.750 105.300 5.300
    endloop
  endfacet
  facet normal 0.000000 1.000000 0.000000
    outer loop
      vertex 181.750 105.300 2.300
      vertex 181.750 105.300 5.300
      vertex 189.750 105.300 5.300
    endloop
  endfacet
  facet normal 0.000000 1.000000 0.000000
    outer loop
      vertex 181.750 105.300 2.300
      vertex 189.750 105.300 5.300
      vertex 189.750 105.300 2.300
    endloop
  endfacet
  facet normal -1.000000 0.000000 0.000000
    outer loop
      vertex 189.750 105.300 2.300
      vertex 189.750 105.300 5.300
      vertex 189.750 106.300 5.300
    endloop
  endfacet
  facet normal -1.000000 0.000000 0.000000
    outer loop
      vertex 189.750 105.300 2.300
      vertex 189.750 106.300 5.300
      vertex 189.750 106.300 2.300
    endloop
  endfacet
  facet normal 0.000000 -1.000000 0.000000
    outer loop
      vertex 189.750 106.300 2.300
      vertex 189.750 106.300 5.300
      vertex 181.750 106.300 5.300
    endloop
  endfacet
  facet normal 0.000000 -1.000000 0.000000
    outer loop
      vertex 189.750 106.300 2.300
      vertex 181.750 106.300 5.300
      vertex 181.750 106.300 2.300
    endloop
  endfacet
  facet normal 1.000000 0.000000 0.000000
    outer loop
      vertex 181.750 106.300 2.300
      vertex 181.750 106.300 5.300
      vertex 181.750 105.300 5.300
    endloop
  endfacet
  facet normal 1.000000 0.000000 0.000000
    outer loop
      vertex 181.750 106.300 2.300
      vertex 181.750 105.300 5.300
      vertex 181.750 105.300 2.300
    endloop
  endfacet
endsolid food_caddy_k1se_accessories_combined_plate_bed_centered
