solid food_caddy_k1se_hinge_kit_plate_bed_centered
  facet normal 0.000000 0.000000 1.000000
    outer loop
      vertex 14.000 132.850 10.000
      vertex 210.000 132.850 10.000
      vertex 210.000 146.850 10.000
    endloop
  endfacet
  facet normal 0.000000 0.000000 1.000000
    outer loop
      vertex 14.000 132.850 10.000
      vertex 210.000 146.850 10.000
      vertex 14.000 146.850 10.000
    endloop
  endfacet
  facet normal 0.000000 0.000000 -1.000000
    outer loop
      vertex 14.000 132.850 14.000
      vertex 14.000 146.850 14.000
      vertex 210.000 146.850 14.000
    endloop
  endfacet
  facet normal 0.000000 0.000000 -1.000000
    outer loop
      vertex 14.000 132.850 14.000
      vertex 210.000 146.850 14.000
      vertex 210.000 132.850 14.000
    endloop
  endfacet
  facet normal 0.000000 1.000000 0.000000
    outer loop
      vertex 14.000 132.850 10.000
      vertex 14.000 132.850 14.000
      vertex 210.000 132.850 14.000
    endloop
  endfacet
  facet normal 0.000000 1.000000 0.000000
    outer loop
      vertex 14.000 132.850 10.000
      vertex 210.000 132.850 14.000
      vertex 210.000 132.850 10.000
    endloop
  endfacet
  facet normal -1.000000 0.000000 0.000000
    outer loop
      vertex 210.000 132.850 10.000
      vertex 210.000 132.850 14.000
      vertex 210.000 146.850 14.000
    endloop
  endfacet
  facet normal -1.000000 0.000000 0.000000
    outer loop
      vertex 210.000 132.850 10.000
      vertex 210.000 146.850 14.000
      vertex 210.000 146.850 10.000
    endloop
  endfacet
  facet normal 0.000000 -1.000000 0.000000
    outer loop
      vertex 210.000 146.850 10.000
      vertex 210.000 146.850 14.000
      vertex 14.000 146.850 14.000
    endloop
  endfacet
  facet normal 0.000000 -1.000000 0.000000
    outer loop
      vertex 210.000 146.850 10.000
      vertex 14.000 146.850 14.000
      vertex 14.000 146.850 10.000
    endloop
  endfacet
  facet normal 1.000000 0.000000 0.000000
    outer loop
      vertex 14.000 146.850 10.000
      vertex 14.000 146.850 14.000
      vertex 14.000 132.850 14.000
    endloop
  endfacet
  facet normal 1.000000 0.000000 0.000000
    outer loop
      vertex 14.000 146.850 10.000
      vertex 14.000 132.850 14.000
      vertex 14.000 132.850 10.000
    endloop
  endfacet
  facet normal 0.000000 0.000000 1.000000
    outer loop
      vertex 14.000 132.850 0.000
      vertex 210.000 132.850 0.000
      vertex 210.000 136.850 0.000
    endloop
  endfacet
  facet normal 0.000000 0.000000 1.000000
    outer loop
      vertex 14.000 132.850 0.000
      vertex 210.000 136.850 0.000
      vertex 14.000 136.850 0.000
    endloop
  endfacet
  facet normal 0.000000 0.000000 -1.000000
    outer loop
      vertex 14.000 132.850 14.000
      vertex 14.000 136.850 14.000
      vertex 210.000 136.850 14.000
    endloop
  endfacet
  facet normal 0.000000 0.000000 -1.000000
    outer loop
      vertex 14.000 132.850 14.000
      vertex 210.000 136.850 14.000
      vertex 210.000 132.850 14.000
    endloop
  endfacet
  facet normal 0.000000 1.000000 0.000000
    outer loop
      vertex 14.000 132.850 0.000
      vertex 14.000 132.850 14.000
      vertex 210.000 132.850 14.000
    endloop
  endfacet
  facet normal 0.000000 1.000000 0.000000
    outer loop
      vertex 14.000 132.850 0.000
      vertex 210.000 132.850 14.000
      vertex 210.000 132.850 0.000
    endloop
  endfacet
  facet normal -1.000000 0.000000 0.000000
    outer loop
      vertex 210.000 132.850 0.000
      vertex 210.000 132.850 14.000
      vertex 210.000 136.850 14.000
    endloop
  endfacet
  facet normal -1.000000 0.000000 0.000000
    outer loop
      vertex 210.000 132.850 0.000
      vertex 210.000 136.850 14.000
      vertex 210.000 136.850 0.000
    endloop
  endfacet
  facet normal 0.000000 -1.000000 0.000000
    outer loop
      vertex 210.000 136.850 0.000
      vertex 210.000 136.850 14.000
      vertex 14.000 136.850 14.000
    endloop
  endfacet
  facet normal 0.000000 -1.000000 0.000000
    outer loop
      vertex 210.000 136.850 0.000
      vertex 14.000 136.850 14.000
      vertex 14.000 136.850 0.000
    endloop
  endfacet
  facet normal 1.000000 0.000000 0.000000
    outer loop
      vertex 14.000 136.850 0.000
      vertex 14.000 136.850 14.000
      vertex 14.000 132.850 14.000
    endloop
  endfacet
  facet normal 1.000000 0.000000 0.000000
    outer loop
      vertex 14.000 136.850 0.000
      vertex 14.000 132.850 14.000
      vertex 14.000 132.850 0.000
    endloop
  endfacet
  facet normal 0.000000 0.000000 1.000000
    outer loop
      vertex 14.000 142.850 0.000
      vertex 210.000 142.850 0.000
      vertex 210.000 146.850 0.000
    endloop
  endfacet
  facet normal 0.000000 0.000000 1.000000
    outer loop
      vertex 14.000 142.850 0.000
      vertex 210.000 146.850 0.000
      vertex 14.000 146.850 0.000
    endloop
  endfacet
  facet normal 0.000000 0.000000 -1.000000
    outer loop
      vertex 14.000 142.850 14.000
      vertex 14.000 146.850 14.000
      vertex 210.000 146.850 14.000
    endloop
  endfacet
  facet normal 0.000000 0.000000 -1.000000
    outer loop
      vertex 14.000 142.850 14.000
      vertex 210.000 146.850 14.000
      vertex 210.000 142.850 14.000
    endloop
  endfacet
  facet normal 0.000000 1.000000 0.000000
    outer loop
      vertex 14.000 142.850 0.000
      vertex 14.000 142.850 14.000
      vertex 210.000 142.850 14.000
    endloop
  endfacet
  facet normal 0.000000 1.000000 0.000000
    outer loop
      vertex 14.000 142.850 0.000
      vertex 210.000 142.850 14.000
      vertex 210.000 142.850 0.000
    endloop
  endfacet
  facet normal -1.000000 0.000000 0.000000
    outer loop
      vertex 210.000 142.850 0.000
      vertex 210.000 142.850 14.000
      vertex 210.000 146.850 14.000
    endloop
  endfacet
  facet normal -1.000000 0.000000 0.000000
    outer loop
      vertex 210.000 142.850 0.000
      vertex 210.000 146.850 14.000
      vertex 210.000 146.850 0.000
    endloop
  endfacet
  facet normal 0.000000 -1.000000 0.000000
    outer loop
      vertex 210.000 146.850 0.000
      vertex 210.000 146.850 14.000
      vertex 14.000 146.850 14.000
    endloop
  endfacet
  facet normal 0.000000 -1.000000 0.000000
    outer loop
      vertex 210.000 146.850 0.000
      vertex 14.000 146.850 14.000
      vertex 14.000 146.850 0.000
    endloop
  endfacet
  facet normal 1.000000 0.000000 0.000000
    outer loop
      vertex 14.000 146.850 0.000
      vertex 14.000 146.850 14.000
      vertex 14.000 142.850 14.000
    endloop
  endfacet
  facet normal 1.000000 0.000000 0.000000
    outer loop
      vertex 14.000 146.850 0.000
      vertex 14.000 142.850 14.000
      vertex 14.000 142.850 0.000
    endloop
  endfacet
  facet normal 0.000000 0.000000 1.000000
    outer loop
      vertex 24.000 136.850 0.000
      vertex 200.000 136.850 0.000
      vertex 200.000 139.050 0.000
    endloop
  endfacet
  facet normal 0.000000 0.000000 1.000000
    outer loop
      vertex 24.000 136.850 0.000
      vertex 200.000 139.050 0.000
      vertex 24.000 139.050 0.000
    endloop
  endfacet
  facet normal 0.000000 0.000000 -1.000000
    outer loop
      vertex 24.000 136.850 3.000
      vertex 24.000 139.050 3.000
      vertex 200.000 139.050 3.000
    endloop
  endfacet
  facet normal 0.000000 0.000000 -1.000000
    outer loop
      vertex 24.000 136.850 3.000
      vertex 200.000 139.050 3.000
      vertex 200.000 136.850 3.000
    endloop
  endfacet
  facet normal 0.000000 1.000000 0.000000
    outer loop
      vertex 24.000 136.850 0.000
      vertex 24.000 136.850 3.000
      vertex 200.000 136.850 3.000
    endloop
  endfacet
  facet normal 0.000000 1.000000 0.000000
    outer loop
      vertex 24.000 136.850 0.000
      vertex 200.000 136.850 3.000
      vertex 200.000 136.850 0.000
    endloop
  endfacet
  facet normal -1.000000 0.000000 0.000000
    outer loop
      vertex 200.000 136.850 0.000
      vertex 200.000 136.850 3.000
      vertex 200.000 139.050 3.000
    endloop
  endfacet
  facet normal -1.000000 0.000000 0.000000
    outer loop
      vertex 200.000 136.850 0.000
      vertex 200.000 139.050 3.000
      vertex 200.000 139.050 0.000
    endloop
  endfacet
  facet normal 0.000000 -1.000000 0.000000
    outer loop
      vertex 200.000 139.050 0.000
      vertex 200.000 139.050 3.000
      vertex 24.000 139.050 3.000
    endloop
  endfacet
  facet normal 0.000000 -1.000000 0.000000
    outer loop
      vertex 200.000 139.050 0.000
      vertex 24.000 139.050 3.000
      vertex 24.000 139.050 0.000
    endloop
  endfacet
  facet normal 1.000000 0.000000 0.000000
    outer loop
      vertex 24.000 139.050 0.000
      vertex 24.000 139.050 3.000
      vertex 24.000 136.850 3.000
    endloop
  endfacet
  facet normal 1.000000 0.000000 0.000000
    outer loop
      vertex 24.000 139.050 0.000
      vertex 24.000 136.850 3.000
      vertex 24.000 136.850 0.000
    endloop
  endfacet
  facet normal 0.000000 0.000000 1.000000
    outer loop
      vertex 24.000 140.650 0.000
      vertex 200.000 140.650 0.000
      vertex 200.000 142.850 0.000
    endloop
  endfacet
  facet normal 0.000000 0.000000 1.000000
    outer loop
      vertex 24.000 140.650 0.000
      vertex 200.000 142.850 0.000
      vertex 24.000 142.850 0.000
    endloop
  endfacet
  facet normal 0.000000 0.000000 -1.000000
    outer loop
      vertex 24.000 140.650 3.000
      vertex 24.000 142.850 3.000
      vertex 200.000 142.850 3.000
    endloop
  endfacet
  facet normal 0.000000 0.000000 -1.000000
    outer loop
      vertex 24.000 140.650 3.000
      vertex 200.000 142.850 3.000
      vertex 200.000 140.650 3.000
    endloop
  endfacet
  facet normal 0.000000 1.000000 0.000000
    outer loop
      vertex 24.000 140.650 0.000
      vertex 24.000 140.650 3.000
      vertex 200.000 140.650 3.000
    endloop
  endfacet
  facet normal 0.000000 1.000000 0.000000
    outer loop
      vertex 24.000 140.650 0.000
      vertex 200.000 140.650 3.000
      vertex 200.000 140.650 0.000
    endloop
  endfacet
  facet normal -1.000000 0.000000 0.000000
    outer loop
      vertex 200.000 140.650 0.000
      vertex 200.000 140.650 3.000
      vertex 200.000 142.850 3.000
    endloop
  endfacet
  facet normal -1.000000 0.000000 0.000000
    outer loop
      vertex 200.000 140.650 0.000
      vertex 200.000 142.850 3.000
      vertex 200.000 142.850 0.000
    endloop
  endfacet
  facet normal 0.000000 -1.000000 0.000000
    outer loop
      vertex 200.000 142.850 0.000
      vertex 200.000 142.850 3.000
      vertex 24.000 142.850 3.000
    endloop
  endfacet
  facet normal 0.000000 -1.000000 0.000000
    outer loop
      vertex 200.000 142.850 0.000
      vertex 24.000 142.850 3.000
      vertex 24.000 142.850 0.000
    endloop
  endfacet
  facet normal 1.000000 0.000000 0.000000
    outer loop
      vertex 24.000 142.850 0.000
      vertex 24.000 142.850 3.000
      vertex 24.000 140.650 3.000
    endloop
  endfacet
  facet normal 1.000000 0.000000 0.000000
    outer loop
      vertex 24.000 142.850 0.000
      vertex 24.000 140.650 3.000
      vertex 24.000 140.650 0.000
    endloop
  endfacet
  facet normal 0.000000 0.000000 1.000000
    outer loop
      vertex 8.000 145.850 10.000
      vertex 54.000 145.850 10.000
      vertex 54.000 153.850 10.000
    endloop
  endfacet
  facet normal 0.000000 0.000000 1.000000
    outer loop
      vertex 8.000 145.850 10.000
      vertex 54.000 153.850 10.000
      vertex 8.000 153.850 10.000
    endloop
  endfacet
  facet normal 0.000000 0.000000 -1.000000
    outer loop
      vertex 8.000 145.850 18.000
      vertex 8.000 153.850 18.000
      vertex 54.000 153.850 18.000
    endloop
  endfacet
  facet normal 0.000000 0.000000 -1.000000
    outer loop
      vertex 8.000 145.850 18.000
      vertex 54.000 153.850 18.000
      vertex 54.000 145.850 18.000
    endloop
  endfacet
  facet normal 0.000000 1.000000 0.000000
    outer loop
      vertex 8.000 145.850 10.000
      vertex 8.000 145.850 18.000
      vertex 54.000 145.850 18.000
    endloop
  endfacet
  facet normal 0.000000 1.000000 0.000000
    outer loop
      vertex 8.000 145.850 10.000
      vertex 54.000 145.850 18.000
      vertex 54.000 145.850 10.000
    endloop
  endfacet
  facet normal -1.000000 0.000000 0.000000
    outer loop
      vertex 54.000 145.850 10.000
      vertex 54.000 145.850 18.000
      vertex 54.000 153.850 18.000
    endloop
  endfacet
  facet normal -1.000000 0.000000 0.000000
    outer loop
      vertex 54.000 145.850 10.000
      vertex 54.000 153.850 18.000
      vertex 54.000 153.850 10.000
    endloop
  endfacet
  facet normal 0.000000 -1.000000 0.000000
    outer loop
      vertex 54.000 153.850 10.000
      vertex 54.000 153.850 18.000
      vertex 8.000 153.850 18.000
    endloop
  endfacet
  facet normal 0.000000 -1.000000 0.000000
    outer loop
      vertex 54.000 153.850 10.000
      vertex 8.000 153.850 18.000
      vertex 8.000 153.850 10.000
    endloop
  endfacet
  facet normal 1.000000 0.000000 0.000000
    outer loop
      vertex 8.000 153.850 10.000
      vertex 8.000 153.850 18.000
      vertex 8.000 145.850 18.000
    endloop
  endfacet
  facet normal 1.000000 0.000000 0.000000
    outer loop
      vertex 8.000 153.850 10.000
      vertex 8.000 145.850 18.000
      vertex 8.000 145.850 10.000
    endloop
  endfacet
  facet normal 0.000000 0.000000 1.000000
    outer loop
      vertex 170.000 145.850 10.000
      vertex 216.000 145.850 10.000
      vertex 216.000 153.850 10.000
    endloop
  endfacet
  facet normal 0.000000 0.000000 1.000000
    outer loop
      vertex 170.000 145.850 10.000
      vertex 216.000 153.850 10.000
      vertex 170.000 153.850 10.000
    endloop
  endfacet
  facet normal 0.000000 0.000000 -1.000000
    outer loop
      vertex 170.000 145.850 18.000
      vertex 170.000 153.850 18.000
      vertex 216.000 153.850 18.000
    endloop
  endfacet
  facet normal 0.000000 0.000000 -1.000000
    outer loop
      vertex 170.000 145.850 18.000
      vertex 216.000 153.850 18.000
      vertex 216.000 145.850 18.000
    endloop
  endfacet
  facet normal 0.000000 1.000000 0.000000
    outer loop
      vertex 170.000 145.850 10.000
      vertex 170.000 145.850 18.000
      vertex 216.000 145.850 18.000
    endloop
  endfacet
  facet normal 0.000000 1.000000 0.000000
    outer loop
      vertex 170.000 145.850 10.000
      vertex 216.000 145.850 18.000
      vertex 216.000 145.850 10.000
    endloop
  endfacet
  facet normal -1.000000 0.000000 0.000000
    outer loop
      vertex 216.000 145.850 10.000
      vertex 216.000 145.850 18.000
      vertex 216.000 153.850 18.000
    endloop
  endfacet
  facet normal -1.000000 0.000000 0.000000
    outer loop
      vertex 216.000 145.850 10.000
      vertex 216.000 153.850 18.000
      vertex 216.000 153.850 10.000
    endloop
  endfacet
  facet normal 0.000000 -1.000000 0.000000
    outer loop
      vertex 216.000 153.850 10.000
      vertex 216.000 153.850 18.000
      vertex 170.000 153.850 18.000
    endloop
  endfacet
  facet normal 0.000000 -1.000000 0.000000
    outer loop
      vertex 216.000 153.850 10.000
      vertex 170.000 153.850 18.000
      vertex 170.000 153.850 10.000
    endloop
  endfacet
  facet normal 1.000000 0.000000 0.000000
    outer loop
      vertex 170.000 153.850 10.000
      vertex 170.000 153.850 18.000
      vertex 170.000 145.850 18.000
    endloop
  endfacet
  facet normal 1.000000 0.000000 0.000000
    outer loop
      vertex 170.000 153.850 10.000
      vertex 170.000 145.850 18.000
      vertex 170.000 145.850 10.000
    endloop
  endfacet
  facet normal 0.000000 -0.995185 -0.098017
    outer loop
      vertex 12.000 154.650 19.500
      vertex 50.000 154.650 19.500
      vertex 50.000 154.558 20.436
    endloop
  endfacet
  facet normal 0.000000 -0.995185 -0.098017
    outer loop
      vertex 12.000 154.650 19.500
      vertex 50.000 154.558 20.436
      vertex 12.000 154.558 20.436
    endloop
  endfacet
  facet normal 0.000000 0.995185 0.098017
    outer loop
      vertex 12.000 151.713 19.871
      vertex 50.000 151.713 19.871
      vertex 50.000 151.750 19.500
    endloop
  endfacet
  facet normal 0.000000 0.995185 0.098017
    outer loop
      vertex 12.000 151.713 19.871
      vertex 50.000 151.750 19.500
      vertex 12.000 151.750 19.500
    endloop
  endfacet
  facet normal -1.000000 0.000000 0.000000
    outer loop
      vertex 12.000 154.558 20.436
      vertex 12.000 154.650 19.500
      vertex 12.000 151.750 19.500
    endloop
  endfacet
  facet normal -1.000000 0.000000 0.000000
    outer loop
      vertex 12.000 154.558 20.436
      vertex 12.000 151.750 19.500
      vertex 12.000 151.713 19.871
    endloop
  endfacet
  facet normal 1.000000 0.000000 0.000000
    outer loop
      vertex 50.000 154.650 19.500
      vertex 50.000 154.558 20.436
      vertex 50.000 151.713 19.871
    endloop
  endfacet
  facet normal 1.000000 0.000000 0.000000
    outer loop
      vertex 50.000 154.650 19.500
      vertex 50.000 151.713 19.871
      vertex 50.000 151.750 19.500
    endloop
  endfacet
  facet normal 0.000000 -0.956940 -0.290285
    outer loop
      vertex 12.000 154.558 20.436
      vertex 50.000 154.558 20.436
      vertex 50.000 154.285 21.337
    endloop
  endfacet
  facet normal 0.000000 -0.956940 -0.290285
    outer loop
      vertex 12.000 154.558 20.436
      vertex 50.000 154.285 21.337
      vertex 12.000 154.285 21.337
    endloop
  endfacet
  facet normal 0.000000 0.956940 0.290285
    outer loop
      vertex 12.000 151.605 20.227
      vertex 50.000 151.605 20.227
      vertex 50.000 151.713 19.871
    endloop
  endfacet
  facet normal 0.000000 0.956940 0.290285
    outer loop
      vertex 12.000 151.605 20.227
      vertex 50.000 151.713 19.871
      vertex 12.000 151.713 19.871
    endloop
  endfacet
  facet normal -1.000000 0.000000 0.000000
    outer loop
      vertex 12.000 154.285 21.337
      vertex 12.000 154.558 20.436
      vertex 12.000 151.713 19.871
    endloop
  endfacet
  facet normal -1.000000 0.000000 0.000000
    outer loop
      vertex 12.000 154.285 21.337
      vertex 12.000 151.713 19.871
      vertex 12.000 151.605 20.227
    endloop
  endfacet
  facet normal 1.000000 0.000000 0.000000
    outer loop
      vertex 50.000 154.558 20.436
      vertex 50.000 154.285 21.337
      vertex 50.000 151.605 20.227
    endloop
  endfacet
  facet normal 1.000000 0.000000 0.000000
    outer loop
      vertex 50.000 154.558 20.436
      vertex 50.000 151.605 20.227
      vertex 50.000 151.713 19.871
    endloop
  endfacet
  facet normal 0.000000 -0.881921 -0.471397
    outer loop
      vertex 12.000 154.285 21.337
      vertex 50.000 154.285 21.337
      vertex 50.000 153.841 22.167
    endloop
  endfacet
  facet normal 0.000000 -0.881921 -0.471397
    outer loop
      vertex 12.000 154.285 21.337
      vertex 50.000 153.841 22.167
      vertex 12.000 153.841 22.167
    endloop
  endfacet
  facet normal 0.000000 0.881921 0.471397
    outer loop
      vertex 12.000 151.430 20.556
      vertex 50.000 151.430 20.556
      vertex 50.000 151.605 20.227
    endloop
  endfacet
  facet normal 0.000000 0.881921 0.471397
    outer loop
      vertex 12.000 151.430 20.556
      vertex 50.000 151.605 20.227
      vertex 12.000 151.605 20.227
    endloop
  endfacet
  facet normal -1.000000 0.000000 0.000000
    outer loop
      vertex 12.000 153.841 22.167
      vertex 12.000 154.285 21.337
      vertex 12.000 151.605 20.227
    endloop
  endfacet
  facet normal -1.000000 0.000000 0.000000
    outer loop
      vertex 12.000 153.841 22.167
      vertex 12.000 151.605 20.227
      vertex 12.000 151.430 20.556
    endloop
  endfacet
  facet normal 1.000000 0.000000 0.000000
    outer loop
      vertex 50.000 154.285 21.337
      vertex 50.000 153.841 22.167
      vertex 50.000 151.430 20.556
    endloop
  endfacet
  facet normal 1.000000 0.000000 0.000000
    outer loop
      vertex 50.000 154.285 21.337
      vertex 50.000 151.430 20.556
      vertex 50.000 151.605 20.227
    endloop
  endfacet
  facet normal 0.000000 -0.773010 -0.634393
    outer loop
      vertex 12.000 153.841 22.167
      vertex 50.000 153.841 22.167
      vertex 50.000 153.244 22.894
    endloop
  endfacet
  facet normal 0.000000 -0.773010 -0.634393
    outer loop
      vertex 12.000 153.841 22.167
      vertex 50.000 153.244 22.894
      vertex 12.000 153.244 22.894
    endloop
  endfacet
  facet normal 0.000000 0.773010 0.634393
    outer loop
      vertex 12.000 151.194 20.844
      vertex 50.000 151.194 20.844
      vertex 50.000 151.430 20.556
    endloop
  endfacet
  facet normal 0.000000 0.773010 0.634393
    outer loop
      vertex 12.000 151.194 20.844
      vertex 50.000 151.430 20.556
      vertex 12.000 151.430 20.556
    endloop
  endfacet
  facet normal -1.000000 0.000000 0.000000
    outer loop
      vertex 12.000 153.244 22.894
      vertex 12.000 153.841 22.167
      vertex 12.000 151.430 20.556
    endloop
  endfacet
  facet normal -1.000000 0.000000 0.000000
    outer loop
      vertex 12.000 153.244 22.894
      vertex 12.000 151.430 20.556
      vertex 12.000 151.194 20.844
    endloop
  endfacet
  facet normal 1.000000 0.000000 0.000000
    outer loop
      vertex 50.000 153.841 22.167
      vertex 50.000 153.244 22.894
      vertex 50.000 151.194 20.844
    endloop
  endfacet
  facet normal 1.000000 0.000000 0.000000
    outer loop
      vertex 50.000 153.841 22.167
      vertex 50.000 151.194 20.844
      vertex 50.000 151.430 20.556
    endloop
  endfacet
  facet normal 0.000000 -0.634393 -0.773010
    outer loop
      vertex 12.000 153.244 22.894
      vertex 50.000 153.244 22.894
      vertex 50.000 152.517 23.491
    endloop
  endfacet
  facet normal 0.000000 -0.634393 -0.773010
    outer loop
      vertex 12.000 153.244 22.894
      vertex 50.000 152.517 23.491
      vertex 12.000 152.517 23.491
    endloop
  endfacet
  facet normal 0.000000 0.634393 0.773010
    outer loop
      vertex 12.000 150.906 21.080
      vertex 50.000 150.906 21.080
      vertex 50.000 151.194 20.844
    endloop
  endfacet
  facet normal 0.000000 0.634393 0.773010
    outer loop
      vertex 12.000 150.906 21.080
      vertex 50.000 151.194 20.844
      vertex 12.000 151.194 20.844
    endloop
  endfacet
  facet normal -1.000000 0.000000 0.000000
    outer loop
      vertex 12.000 152.517 23.491
      vertex 12.000 153.244 22.894
      vertex 12.000 151.194 20.844
    endloop
  endfacet
  facet normal -1.000000 0.000000 0.000000
    outer loop
      vertex 12.000 152.517 23.491
      vertex 12.000 151.194 20.844
      vertex 12.000 150.906 21.080
    endloop
  endfacet
  facet normal 1.000000 0.000000 0.000000
    outer loop
      vertex 50.000 153.244 22.894
      vertex 50.000 152.517 23.491
      vertex 50.000 150.906 21.080
    endloop
  endfacet
  facet normal 1.000000 0.000000 0.000000
    outer loop
      vertex 50.000 153.244 22.894
      vertex 50.000 150.906 21.080
      vertex 50.000 151.194 20.844
    endloop
  endfacet
  facet normal 0.000000 -0.471397 -0.881921
    outer loop
      vertex 12.000 152.517 23.491
      vertex 50.000 152.517 23.491
      vertex 50.000 151.687 23.935
    endloop
  endfacet
  facet normal 0.000000 -0.471397 -0.881921
    outer loop
      vertex 12.000 152.517 23.491
      vertex 50.000 151.687 23.935
      vertex 12.000 151.687 23.935
    endloop
  endfacet
  facet normal 0.000000 0.471397 0.881921
    outer loop
      vertex 12.000 150.577 21.255
      vertex 50.000 150.577 21.255
      vertex 50.000 150.906 21.080
    endloop
  endfacet
  facet normal 0.000000 0.471397 0.881921
    outer loop
      vertex 12.000 150.577 21.255
      vertex 50.000 150.906 21.080
      vertex 12.000 150.906 21.080
    endloop
  endfacet
  facet normal -1.000000 0.000000 0.000000
    outer loop
      vertex 12.000 151.687 23.935
      vertex 12.000 152.517 23.491
      vertex 12.000 150.906 21.080
    endloop
  endfacet
  facet normal -1.000000 0.000000 0.000000
    outer loop
      vertex 12.000 151.687 23.935
      vertex 12.000 150.906 21.080
      vertex 12.000 150.577 21.255
    endloop
  endfacet
  facet normal 1.000000 0.000000 0.000000
    outer loop
      vertex 50.000 152.517 23.491
      vertex 50.000 151.687 23.935
      vertex 50.000 150.577 21.255
    endloop
  endfacet
  facet normal 1.000000 0.000000 0.000000
    outer loop
      vertex 50.000 152.517 23.491
      vertex 50.000 150.577 21.255
      vertex 50.000 150.906 21.080
    endloop
  endfacet
  facet normal 0.000000 -0.290285 -0.956940
    outer loop
      vertex 12.000 151.687 23.935
      vertex 50.000 151.687 23.935
      vertex 50.000 150.786 24.208
    endloop
  endfacet
  facet normal 0.000000 -0.290285 -0.956940
    outer loop
      vertex 12.000 151.687 23.935
      vertex 50.000 150.786 24.208
      vertex 12.000 150.786 24.208
    endloop
  endfacet
  facet normal 0.000000 0.290285 0.956940
    outer loop
      vertex 12.000 150.221 21.363
      vertex 50.000 150.221 21.363
      vertex 50.000 150.577 21.255
    endloop
  endfacet
  facet normal 0.000000 0.290285 0.956940
    outer loop
      vertex 12.000 150.221 21.363
      vertex 50.000 150.577 21.255
      vertex 12.000 150.577 21.255
    endloop
  endfacet
  facet normal -1.000000 0.000000 0.000000
    outer loop
      vertex 12.000 150.786 24.208
      vertex 12.000 151.687 23.935
      vertex 12.000 150.577 21.255
    endloop
  endfacet
  facet normal -1.000000 0.000000 0.000000
    outer loop
      vertex 12.000 150.786 24.208
      vertex 12.000 150.577 21.255
      vertex 12.000 150.221 21.363
    endloop
  endfacet
  facet normal 1.000000 0.000000 0.000000
    outer loop
      vertex 50.000 151.687 23.935
      vertex 50.000 150.786 24.208
      vertex 50.000 150.221 21.363
    endloop
  endfacet
  facet normal 1.000000 0.000000 0.000000
    outer loop
      vertex 50.000 151.687 23.935
      vertex 50.000 150.221 21.363
      vertex 50.000 150.577 21.255
    endloop
  endfacet
  facet normal 0.000000 -0.098017 -0.995185
    outer loop
      vertex 12.000 150.786 24.208
      vertex 50.000 150.786 24.208
      vertex 50.000 149.850 24.300
    endloop
  endfacet
  facet normal 0.000000 -0.098017 -0.995185
    outer loop
      vertex 12.000 150.786 24.208
      vertex 50.000 149.850 24.300
      vertex 12.000 149.850 24.300
    endloop
  endfacet
  facet normal 0.000000 0.098017 0.995185
    outer loop
      vertex 12.000 149.850 21.400
      vertex 50.000 149.850 21.400
      vertex 50.000 150.221 21.363
    endloop
  endfacet
  facet normal 0.000000 0.098017 0.995185
    outer loop
      vertex 12.000 149.850 21.400
      vertex 50.000 150.221 21.363
      vertex 12.000 150.221 21.363
    endloop
  endfacet
  facet normal -1.000000 0.000000 0.000000
    outer loop
      vertex 12.000 149.850 24.300
      vertex 12.000 150.786 24.208
      vertex 12.000 150.221 21.363
    endloop
  endfacet
  facet normal -1.000000 0.000000 0.000000
    outer loop
      vertex 12.000 149.850 24.300
      vertex 12.000 150.221 21.363
      vertex 12.000 149.850 21.400
    endloop
  endfacet
  facet normal 1.000000 0.000000 0.000000
    outer loop
      vertex 50.000 150.786 24.208
      vertex 50.000 149.850 24.300
      vertex 50.000 149.850 21.400
    endloop
  endfacet
  facet normal 1.000000 0.000000 0.000000
    outer loop
      vertex 50.000 150.786 24.208
      vertex 50.000 149.850 21.400
      vertex 50.000 150.221 21.363
    endloop
  endfacet
  facet normal 0.000000 0.098017 -0.995185
    outer loop
      vertex 12.000 149.850 24.300
      vertex 50.000 149.850 24.300
      vertex 50.000 148.914 24.208
    endloop
  endfacet
  facet normal 0.000000 0.098017 -0.995185
    outer loop
      vertex 12.000 149.850 24.300
      vertex 50.000 148.914 24.208
      vertex 12.000 148.914 24.208
    endloop
  endfacet
  facet normal 0.000000 -0.098017 0.995185
    outer loop
      vertex 12.000 149.479 21.363
      vertex 50.000 149.479 21.363
      vertex 50.000 149.850 21.400
    endloop
  endfacet
  facet normal 0.000000 -0.098017 0.995185
    outer loop
      vertex 12.000 149.479 21.363
      vertex 50.000 149.850 21.400
      vertex 12.000 149.850 21.400
    endloop
  endfacet
  facet normal -1.000000 0.000000 0.000000
    outer loop
      vertex 12.000 148.914 24.208
      vertex 12.000 149.850 24.300
      vertex 12.000 149.850 21.400
    endloop
  endfacet
  facet normal -1.000000 0.000000 0.000000
    outer loop
      vertex 12.000 148.914 24.208
      vertex 12.000 149.850 21.400
      vertex 12.000 149.479 21.363
    endloop
  endfacet
  facet normal 1.000000 0.000000 0.000000
    outer loop
      vertex 50.000 149.850 24.300
      vertex 50.000 148.914 24.208
      vertex 50.000 149.479 21.363
    endloop
  endfacet
  facet normal 1.000000 0.000000 0.000000
    outer loop
      vertex 50.000 149.850 24.300
      vertex 50.000 149.479 21.363
      vertex 50.000 149.850 21.400
    endloop
  endfacet
  facet normal 0.000000 0.290285 -0.956940
    outer loop
      vertex 12.000 148.914 24.208
      vertex 50.000 148.914 24.208
      vertex 50.000 148.013 23.935
    endloop
  endfacet
  facet normal 0.000000 0.290285 -0.956940
    outer loop
      vertex 12.000 148.914 24.208
      vertex 50.000 148.013 23.935
      vertex 12.000 148.013 23.935
    endloop
  endfacet
  facet normal 0.000000 -0.290285 0.956940
    outer loop
      vertex 12.000 149.123 21.255
      vertex 50.000 149.123 21.255
      vertex 50.000 149.479 21.363
    endloop
  endfacet
  facet normal 0.000000 -0.290285 0.956940
    outer loop
      vertex 12.000 149.123 21.255
      vertex 50.000 149.479 21.363
      vertex 12.000 149.479 21.363
    endloop
  endfacet
  facet normal -1.000000 0.000000 0.000000
    outer loop
      vertex 12.000 148.013 23.935
      vertex 12.000 148.914 24.208
      vertex 12.000 149.479 21.363
    endloop
  endfacet
  facet normal -1.000000 0.000000 0.000000
    outer loop
      vertex 12.000 148.013 23.935
      vertex 12.000 149.479 21.363
      vertex 12.000 149.123 21.255
    endloop
  endfacet
  facet normal 1.000000 0.000000 0.000000
    outer loop
      vertex 50.000 148.914 24.208
      vertex 50.000 148.013 23.935
      vertex 50.000 149.123 21.255
    endloop
  endfacet
  facet normal 1.000000 0.000000 0.000000
    outer loop
      vertex 50.000 148.914 24.208
      vertex 50.000 149.123 21.255
      vertex 50.000 149.479 21.363
    endloop
  endfacet
  facet normal 0.000000 0.471397 -0.881921
    outer loop
      vertex 12.000 148.013 23.935
      vertex 50.000 148.013 23.935
      vertex 50.000 147.183 23.491
    endloop
  endfacet
  facet normal 0.000000 0.471397 -0.881921
    outer loop
      vertex 12.000 148.013 23.935
      vertex 50.000 147.183 23.491
      vertex 12.000 147.183 23.491
    endloop
  endfacet
  facet normal 0.000000 -0.471397 0.881921
    outer loop
      vertex 12.000 148.794 21.080
      vertex 50.000 148.794 21.080
      vertex 50.000 149.123 21.255
    endloop
  endfacet
  facet normal 0.000000 -0.471397 0.881921
    outer loop
      vertex 12.000 148.794 21.080
      vertex 50.000 149.123 21.255
      vertex 12.000 149.123 21.255
    endloop
  endfacet
  facet normal -1.000000 0.000000 0.000000
    outer loop
      vertex 12.000 147.183 23.491
      vertex 12.000 148.013 23.935
      vertex 12.000 149.123 21.255
    endloop
  endfacet
  facet normal -1.000000 0.000000 0.000000
    outer loop
      vertex 12.000 147.183 23.491
      vertex 12.000 149.123 21.255
      vertex 12.000 148.794 21.080
    endloop
  endfacet
  facet normal 1.000000 0.000000 0.000000
    outer loop
      vertex 50.000 148.013 23.935
      vertex 50.000 147.183 23.491
      vertex 50.000 148.794 21.080
    endloop
  endfacet
  facet normal 1.000000 0.000000 0.000000
    outer loop
      vertex 50.000 148.013 23.935
      vertex 50.000 148.794 21.080
      vertex 50.000 149.123 21.255
    endloop
  endfacet
  facet normal 0.000000 0.634393 -0.773010
    outer loop
      vertex 12.000 147.183 23.491
      vertex 50.000 147.183 23.491
      vertex 50.000 146.456 22.894
    endloop
  endfacet
  facet normal 0.000000 0.634393 -0.773010
    outer loop
      vertex 12.000 147.183 23.491
      vertex 50.000 146.456 22.894
      vertex 12.000 146.456 22.894
    endloop
  endfacet
  facet normal 0.000000 -0.634393 0.773010
    outer loop
      vertex 12.000 148.506 20.844
      vertex 50.000 148.506 20.844
      vertex 50.000 148.794 21.080
    endloop
  endfacet
  facet normal 0.000000 -0.634393 0.773010
    outer loop
      vertex 12.000 148.506 20.844
      vertex 50.000 148.794 21.080
      vertex 12.000 148.794 21.080
    endloop
  endfacet
  facet normal -1.000000 0.000000 0.000000
    outer loop
      vertex 12.000 146.456 22.894
      vertex 12.000 147.183 23.491
      vertex 12.000 148.794 21.080
    endloop
  endfacet
  facet normal -1.000000 0.000000 0.000000
    outer loop
      vertex 12.000 146.456 22.894
      vertex 12.000 148.794 21.080
      vertex 12.000 148.506 20.844
    endloop
  endfacet
  facet normal 1.000000 0.000000 0.000000
    outer loop
      vertex 50.000 147.183 23.491
      vertex 50.000 146.456 22.894
      vertex 50.000 148.506 20.844
    endloop
  endfacet
  facet normal 1.000000 0.000000 0.000000
    outer loop
      vertex 50.000 147.183 23.491
      vertex 50.000 148.506 20.844
      vertex 50.000 148.794 21.080
    endloop
  endfacet
  facet normal 0.000000 0.773010 -0.634393
    outer loop
      vertex 12.000 146.456 22.894
      vertex 50.000 146.456 22.894
      vertex 50.000 145.859 22.167
    endloop
  endfacet
  facet normal 0.000000 0.773010 -0.634393
    outer loop
      vertex 12.000 146.456 22.894
      vertex 50.000 145.859 22.167
      vertex 12.000 145.859 22.167
    endloop
  endfacet
  facet normal 0.000000 -0.773010 0.634393
    outer loop
      vertex 12.000 148.270 20.556
      vertex 50.000 148.270 20.556
      vertex 50.000 148.506 20.844
    endloop
  endfacet
  facet normal 0.000000 -0.773010 0.634393
    outer loop
      vertex 12.000 148.270 20.556
      vertex 50.000 148.506 20.844
      vertex 12.000 148.506 20.844
    endloop
  endfacet
  facet normal -1.000000 0.000000 0.000000
    outer loop
      vertex 12.000 145.859 22.167
      vertex 12.000 146.456 22.894
      vertex 12.000 148.506 20.844
    endloop
  endfacet
  facet normal -1.000000 0.000000 0.000000
    outer loop
      vertex 12.000 145.859 22.167
      vertex 12.000 148.506 20.844
      vertex 12.000 148.270 20.556
    endloop
  endfacet
  facet normal 1.000000 0.000000 0.000000
    outer loop
      vertex 50.000 146.456 22.894
      vertex 50.000 145.859 22.167
      vertex 50.000 148.270 20.556
    endloop
  endfacet
  facet normal 1.000000 0.000000 0.000000
    outer loop
      vertex 50.000 146.456 22.894
      vertex 50.000 148.270 20.556
      vertex 50.000 148.506 20.844
    endloop
  endfacet
  facet normal 0.000000 0.881921 -0.471397
    outer loop
      vertex 12.000 145.859 22.167
      vertex 50.000 145.859 22.167
      vertex 50.000 145.415 21.337
    endloop
  endfacet
  facet normal 0.000000 0.881921 -0.471397
    outer loop
      vertex 12.000 145.859 22.167
      vertex 50.000 145.415 21.337
      vertex 12.000 145.415 21.337
    endloop
  endfacet
  facet normal 0.000000 -0.881921 0.471397
    outer loop
      vertex 12.000 148.095 20.227
      vertex 50.000 148.095 20.227
      vertex 50.000 148.270 20.556
    endloop
  endfacet
  facet normal 0.000000 -0.881921 0.471397
    outer loop
      vertex 12.000 148.095 20.227
      vertex 50.000 148.270 20.556
      vertex 12.000 148.270 20.556
    endloop
  endfacet
  facet normal -1.000000 0.000000 0.000000
    outer loop
      vertex 12.000 145.415 21.337
      vertex 12.000 145.859 22.167
      vertex 12.000 148.270 20.556
    endloop
  endfacet
  facet normal -1.000000 0.000000 0.000000
    outer loop
      vertex 12.000 145.415 21.337
      vertex 12.000 148.270 20.556
      vertex 12.000 148.095 20.227
    endloop
  endfacet
  facet normal 1.000000 0.000000 0.000000
    outer loop
      vertex 50.000 145.859 22.167
      vertex 50.000 145.415 21.337
      vertex 50.000 148.095 20.227
    endloop
  endfacet
  facet normal 1.000000 0.000000 0.000000
    outer loop
      vertex 50.000 145.859 22.167
      vertex 50.000 148.095 20.227
      vertex 50.000 148.270 20.556
    endloop
  endfacet
  facet normal 0.000000 0.956940 -0.290285
    outer loop
      vertex 12.000 145.415 21.337
      vertex 50.000 145.415 21.337
      vertex 50.000 145.142 20.436
    endloop
  endfacet
  facet normal 0.000000 0.956940 -0.290285
    outer loop
      vertex 12.000 145.415 21.337
      vertex 50.000 145.142 20.436
      vertex 12.000 145.142 20.436
    endloop
  endfacet
  facet normal 0.000000 -0.956940 0.290285
    outer loop
      vertex 12.000 147.987 19.871
      vertex 50.000 147.987 19.871
      vertex 50.000 148.095 20.227
    endloop
  endfacet
  facet normal 0.000000 -0.956940 0.290285
    outer loop
      vertex 12.000 147.987 19.871
      vertex 50.000 148.095 20.227
      vertex 12.000 148.095 20.227
    endloop
  endfacet
  facet normal -1.000000 0.000000 0.000000
    outer loop
      vertex 12.000 145.142 20.436
      vertex 12.000 145.415 21.337
      vertex 12.000 148.095 20.227
    endloop
  endfacet
  facet normal -1.000000 0.000000 0.000000
    outer loop
      vertex 12.000 145.142 20.436
      vertex 12.000 148.095 20.227
      vertex 12.000 147.987 19.871
    endloop
  endfacet
  facet normal 1.000000 0.000000 0.000000
    outer loop
      vertex 50.000 145.415 21.337
      vertex 50.000 145.142 20.436
      vertex 50.000 147.987 19.871
    endloop
  endfacet
  facet normal 1.000000 0.000000 0.000000
    outer loop
      vertex 50.000 145.415 21.337
      vertex 50.000 147.987 19.871
      vertex 50.000 148.095 20.227
    endloop
  endfacet
  facet normal 0.000000 0.995185 -0.098017
    outer loop
      vertex 12.000 145.142 20.436
      vertex 50.000 145.142 20.436
      vertex 50.000 145.050 19.500
    endloop
  endfacet
  facet normal 0.000000 0.995185 -0.098017
    outer loop
      vertex 12.000 145.142 20.436
      vertex 50.000 145.050 19.500
      vertex 12.000 145.050 19.500
    endloop
  endfacet
  facet normal 0.000000 -0.995185 0.098017
    outer loop
      vertex 12.000 147.950 19.500
      vertex 50.000 147.950 19.500
      vertex 50.000 147.987 19.871
    endloop
  endfacet
  facet normal 0.000000 -0.995185 0.098017
    outer loop
      vertex 12.000 147.950 19.500
      vertex 50.000 147.987 19.871
      vertex 12.000 147.987 19.871
    endloop
  endfacet
  facet normal -1.000000 0.000000 0.000000
    outer loop
      vertex 12.000 145.050 19.500
      vertex 12.000 145.142 20.436
      vertex 12.000 147.987 19.871
    endloop
  endfacet
  facet normal -1.000000 0.000000 0.000000
    outer loop
      vertex 12.000 145.050 19.500
      vertex 12.000 147.987 19.871
      vertex 12.000 147.950 19.500
    endloop
  endfacet
  facet normal 1.000000 0.000000 0.000000
    outer loop
      vertex 50.000 145.142 20.436
      vertex 50.000 145.050 19.500
      vertex 50.000 147.950 19.500
    endloop
  endfacet
  facet normal 1.000000 0.000000 0.000000
    outer loop
      vertex 50.000 145.142 20.436
      vertex 50.000 147.950 19.500
      vertex 50.000 147.987 19.871
    endloop
  endfacet
  facet normal 0.000000 0.995185 0.098017
    outer loop
      vertex 12.000 145.050 19.500
      vertex 50.000 145.050 19.500
      vertex 50.000 145.142 18.564
    endloop
  endfacet
  facet normal 0.000000 0.995185 0.098017
    outer loop
      vertex 12.000 145.050 19.500
      vertex 50.000 145.142 18.564
      vertex 12.000 145.142 18.564
    endloop
  endfacet
  facet normal 0.000000 -0.995185 -0.098017
    outer loop
      vertex 12.000 147.987 19.129
      vertex 50.000 147.987 19.129
      vertex 50.000 147.950 19.500
    endloop
  endfacet
  facet normal 0.000000 -0.995185 -0.098017
    outer loop
      vertex 12.000 147.987 19.129
      vertex 50.000 147.950 19.500
      vertex 12.000 147.950 19.500
    endloop
  endfacet
  facet normal -1.000000 0.000000 0.000000
    outer loop
      vertex 12.000 145.142 18.564
      vertex 12.000 145.050 19.500
      vertex 12.000 147.950 19.500
    endloop
  endfacet
  facet normal -1.000000 0.000000 0.000000
    outer loop
      vertex 12.000 145.142 18.564
      vertex 12.000 147.950 19.500
      vertex 12.000 147.987 19.129
    endloop
  endfacet
  facet normal 1.000000 0.000000 0.000000
    outer loop
      vertex 50.000 145.050 19.500
      vertex 50.000 145.142 18.564
      vertex 50.000 147.987 19.129
    endloop
  endfacet
  facet normal 1.000000 0.000000 0.000000
    outer loop
      vertex 50.000 145.050 19.500
      vertex 50.000 147.987 19.129
      vertex 50.000 147.950 19.500
    endloop
  endfacet
  facet normal 0.000000 0.956940 0.290285
    outer loop
      vertex 12.000 145.142 18.564
      vertex 50.000 145.142 18.564
      vertex 50.000 145.415 17.663
    endloop
  endfacet
  facet normal 0.000000 0.956940 0.290285
    outer loop
      vertex 12.000 145.142 18.564
      vertex 50.000 145.415 17.663
      vertex 12.000 145.415 17.663
    endloop
  endfacet
  facet normal 0.000000 -0.956940 -0.290285
    outer loop
      vertex 12.000 148.095 18.773
      vertex 50.000 148.095 18.773
      vertex 50.000 147.987 19.129
    endloop
  endfacet
  facet normal 0.000000 -0.956940 -0.290285
    outer loop
      vertex 12.000 148.095 18.773
      vertex 50.000 147.987 19.129
      vertex 12.000 147.987 19.129
    endloop
  endfacet
  facet normal -1.000000 0.000000 0.000000
    outer loop
      vertex 12.000 145.415 17.663
      vertex 12.000 145.142 18.564
      vertex 12.000 147.987 19.129
    endloop
  endfacet
  facet normal -1.000000 0.000000 0.000000
    outer loop
      vertex 12.000 145.415 17.663
      vertex 12.000 147.987 19.129
      vertex 12.000 148.095 18.773
    endloop
  endfacet
  facet normal 1.000000 0.000000 0.000000
    outer loop
      vertex 50.000 145.142 18.564
      vertex 50.000 145.415 17.663
      vertex 50.000 148.095 18.773
    endloop
  endfacet
  facet normal 1.000000 0.000000 0.000000
    outer loop
      vertex 50.000 145.142 18.564
      vertex 50.000 148.095 18.773
      vertex 50.000 147.987 19.129
    endloop
  endfacet
  facet normal 0.000000 0.881921 0.471397
    outer loop
      vertex 12.000 145.415 17.663
      vertex 50.000 145.415 17.663
      vertex 50.000 145.859 16.833
    endloop
  endfacet
  facet normal 0.000000 0.881921 0.471397
    outer loop
      vertex 12.000 145.415 17.663
      vertex 50.000 145.859 16.833
      vertex 12.000 145.859 16.833
    endloop
  endfacet
  facet normal 0.000000 -0.881921 -0.471397
    outer loop
      vertex 12.000 148.270 18.444
      vertex 50.000 148.270 18.444
      vertex 50.000 148.095 18.773
    endloop
  endfacet
  facet normal 0.000000 -0.881921 -0.471397
    outer loop
      vertex 12.000 148.270 18.444
      vertex 50.000 148.095 18.773
      vertex 12.000 148.095 18.773
    endloop
  endfacet
  facet normal -1.000000 0.000000 0.000000
    outer loop
      vertex 12.000 145.859 16.833
      vertex 12.000 145.415 17.663
      vertex 12.000 148.095 18.773
    endloop
  endfacet
  facet normal -1.000000 0.000000 0.000000
    outer loop
      vertex 12.000 145.859 16.833
      vertex 12.000 148.095 18.773
      vertex 12.000 148.270 18.444
    endloop
  endfacet
  facet normal 1.000000 0.000000 0.000000
    outer loop
      vertex 50.000 145.415 17.663
      vertex 50.000 145.859 16.833
      vertex 50.000 148.270 18.444
    endloop
  endfacet
  facet normal 1.000000 0.000000 0.000000
    outer loop
      vertex 50.000 145.415 17.663
      vertex 50.000 148.270 18.444
      vertex 50.000 148.095 18.773
    endloop
  endfacet
  facet normal 0.000000 0.773010 0.634393
    outer loop
      vertex 12.000 145.859 16.833
      vertex 50.000 145.859 16.833
      vertex 50.000 146.456 16.106
    endloop
  endfacet
  facet normal 0.000000 0.773010 0.634393
    outer loop
      vertex 12.000 145.859 16.833
      vertex 50.000 146.456 16.106
      vertex 12.000 146.456 16.106
    endloop
  endfacet
  facet normal 0.000000 -0.773010 -0.634393
    outer loop
      vertex 12.000 148.506 18.156
      vertex 50.000 148.506 18.156
      vertex 50.000 148.270 18.444
    endloop
  endfacet
  facet normal 0.000000 -0.773010 -0.634393
    outer loop
      vertex 12.000 148.506 18.156
      vertex 50.000 148.270 18.444
      vertex 12.000 148.270 18.444
    endloop
  endfacet
  facet normal -1.000000 0.000000 0.000000
    outer loop
      vertex 12.000 146.456 16.106
      vertex 12.000 145.859 16.833
      vertex 12.000 148.270 18.444
    endloop
  endfacet
  facet normal -1.000000 0.000000 0.000000
    outer loop
      vertex 12.000 146.456 16.106
      vertex 12.000 148.270 18.444
      vertex 12.000 148.506 18.156
    endloop
  endfacet
  facet normal 1.000000 0.000000 0.000000
    outer loop
      vertex 50.000 145.859 16.833
      vertex 50.000 146.456 16.106
      vertex 50.000 148.506 18.156
    endloop
  endfacet
  facet normal 1.000000 0.000000 0.000000
    outer loop
      vertex 50.000 145.859 16.833
      vertex 50.000 148.506 18.156
      vertex 50.000 148.270 18.444
    endloop
  endfacet
  facet normal 0.000000 0.634393 0.773010
    outer loop
      vertex 12.000 146.456 16.106
      vertex 50.000 146.456 16.106
      vertex 50.000 147.183 15.509
    endloop
  endfacet
  facet normal 0.000000 0.634393 0.773010
    outer loop
      vertex 12.000 146.456 16.106
      vertex 50.000 147.183 15.509
      vertex 12.000 147.183 15.509
    endloop
  endfacet
  facet normal 0.000000 -0.634393 -0.773010
    outer loop
      vertex 12.000 148.794 17.920
      vertex 50.000 148.794 17.920
      vertex 50.000 148.506 18.156
    endloop
  endfacet
  facet normal 0.000000 -0.634393 -0.773010
    outer loop
      vertex 12.000 148.794 17.920
      vertex 50.000 148.506 18.156
      vertex 12.000 148.506 18.156
    endloop
  endfacet
  facet normal -1.000000 0.000000 0.000000
    outer loop
      vertex 12.000 147.183 15.509
      vertex 12.000 146.456 16.106
      vertex 12.000 148.506 18.156
    endloop
  endfacet
  facet normal -1.000000 0.000000 0.000000
    outer loop
      vertex 12.000 147.183 15.509
      vertex 12.000 148.506 18.156
      vertex 12.000 148.794 17.920
    endloop
  endfacet
  facet normal 1.000000 0.000000 0.000000
    outer loop
      vertex 50.000 146.456 16.106
      vertex 50.000 147.183 15.509
      vertex 50.000 148.794 17.920
    endloop
  endfacet
  facet normal 1.000000 0.000000 0.000000
    outer loop
      vertex 50.000 146.456 16.106
      vertex 50.000 148.794 17.920
      vertex 50.000 148.506 18.156
    endloop
  endfacet
  facet normal 0.000000 0.471397 0.881921
    outer loop
      vertex 12.000 147.183 15.509
      vertex 50.000 147.183 15.509
      vertex 50.000 148.013 15.065
    endloop
  endfacet
  facet normal 0.000000 0.471397 0.881921
    outer loop
      vertex 12.000 147.183 15.509
      vertex 50.000 148.013 15.065
      vertex 12.000 148.013 15.065
    endloop
  endfacet
  facet normal 0.000000 -0.471397 -0.881921
    outer loop
      vertex 12.000 149.123 17.745
      vertex 50.000 149.123 17.745
      vertex 50.000 148.794 17.920
    endloop
  endfacet
  facet normal 0.000000 -0.471397 -0.881921
    outer loop
      vertex 12.000 149.123 17.745
      vertex 50.000 148.794 17.920
      vertex 12.000 148.794 17.920
    endloop
  endfacet
  facet normal -1.000000 0.000000 0.000000
    outer loop
      vertex 12.000 148.013 15.065
      vertex 12.000 147.183 15.509
      vertex 12.000 148.794 17.920
    endloop
  endfacet
  facet normal -1.000000 0.000000 0.000000
    outer loop
      vertex 12.000 148.013 15.065
      vertex 12.000 148.794 17.920
      vertex 12.000 149.123 17.745
    endloop
  endfacet
  facet normal 1.000000 0.000000 0.000000
    outer loop
      vertex 50.000 147.183 15.509
      vertex 50.000 148.013 15.065
      vertex 50.000 149.123 17.745
    endloop
  endfacet
  facet normal 1.000000 0.000000 0.000000
    outer loop
      vertex 50.000 147.183 15.509
      vertex 50.000 149.123 17.745
      vertex 50.000 148.794 17.920
    endloop
  endfacet
  facet normal 0.000000 0.290285 0.956940
    outer loop
      vertex 12.000 148.013 15.065
      vertex 50.000 148.013 15.065
      vertex 50.000 148.914 14.792
    endloop
  endfacet
  facet normal 0.000000 0.290285 0.956940
    outer loop
      vertex 12.000 148.013 15.065
      vertex 50.000 148.914 14.792
      vertex 12.000 148.914 14.792
    endloop
  endfacet
  facet normal 0.000000 -0.290285 -0.956940
    outer loop
      vertex 12.000 149.479 17.637
      vertex 50.000 149.479 17.637
      vertex 50.000 149.123 17.745
    endloop
  endfacet
  facet normal 0.000000 -0.290285 -0.956940
    outer loop
      vertex 12.000 149.479 17.637
      vertex 50.000 149.123 17.745
      vertex 12.000 149.123 17.745
    endloop
  endfacet
  facet normal -1.000000 0.000000 0.000000
    outer loop
      vertex 12.000 148.914 14.792
      vertex 12.000 148.013 15.065
      vertex 12.000 149.123 17.745
    endloop
  endfacet
  facet normal -1.000000 0.000000 0.000000
    outer loop
      vertex 12.000 148.914 14.792
      vertex 12.000 149.123 17.745
      vertex 12.000 149.479 17.637
    endloop
  endfacet
  facet normal 1.000000 0.000000 0.000000
    outer loop
      vertex 50.000 148.013 15.065
      vertex 50.000 148.914 14.792
      vertex 50.000 149.479 17.637
    endloop
  endfacet
  facet normal 1.000000 0.000000 0.000000
    outer loop
      vertex 50.000 148.013 15.065
      vertex 50.000 149.479 17.637
      vertex 50.000 149.123 17.745
    endloop
  endfacet
  facet normal 0.000000 0.098017 0.995185
    outer loop
      vertex 12.000 148.914 14.792
      vertex 50.000 148.914 14.792
      vertex 50.000 149.850 14.700
    endloop
  endfacet
  facet normal 0.000000 0.098017 0.995185
    outer loop
      vertex 12.000 148.914 14.792
      vertex 50.000 149.850 14.700
      vertex 12.000 149.850 14.700
    endloop
  endfacet
  facet normal 0.000000 -0.098017 -0.995185
    outer loop
      vertex 12.000 149.850 17.600
      vertex 50.000 149.850 17.600
      vertex 50.000 149.479 17.637
    endloop
  endfacet
  facet normal 0.000000 -0.098017 -0.995185
    outer loop
      vertex 12.000 149.850 17.600
      vertex 50.000 149.479 17.637
      vertex 12.000 149.479 17.637
    endloop
  endfacet
  facet normal -1.000000 0.000000 0.000000
    outer loop
      vertex 12.000 149.850 14.700
      vertex 12.000 148.914 14.792
      vertex 12.000 149.479 17.637
    endloop
  endfacet
  facet normal -1.000000 0.000000 0.000000
    outer loop
      vertex 12.000 149.850 14.700
      vertex 12.000 149.479 17.637
      vertex 12.000 149.850 17.600
    endloop
  endfacet
  facet normal 1.000000 0.000000 0.000000
    outer loop
      vertex 50.000 148.914 14.792
      vertex 50.000 149.850 14.700
      vertex 50.000 149.850 17.600
    endloop
  endfacet
  facet normal 1.000000 0.000000 0.000000
    outer loop
      vertex 50.000 148.914 14.792
      vertex 50.000 149.850 17.600
      vertex 50.000 149.479 17.637
    endloop
  endfacet
  facet normal 0.000000 -0.098017 0.995185
    outer loop
      vertex 12.000 149.850 14.700
      vertex 50.000 149.850 14.700
      vertex 50.000 150.786 14.792
    endloop
  endfacet
  facet normal 0.000000 -0.098017 0.995185
    outer loop
      vertex 12.000 149.850 14.700
      vertex 50.000 150.786 14.792
      vertex 12.000 150.786 14.792
    endloop
  endfacet
  facet normal 0.000000 0.098017 -0.995185
    outer loop
      vertex 12.000 150.221 17.637
      vertex 50.000 150.221 17.637
      vertex 50.000 149.850 17.600
    endloop
  endfacet
  facet normal 0.000000 0.098017 -0.995185
    outer loop
      vertex 12.000 150.221 17.637
      vertex 50.000 149.850 17.600
      vertex 12.000 149.850 17.600
    endloop
  endfacet
  facet normal -1.000000 0.000000 0.000000
    outer loop
      vertex 12.000 150.786 14.792
      vertex 12.000 149.850 14.700
      vertex 12.000 149.850 17.600
    endloop
  endfacet
  facet normal -1.000000 0.000000 0.000000
    outer loop
      vertex 12.000 150.786 14.792
      vertex 12.000 149.850 17.600
      vertex 12.000 150.221 17.637
    endloop
  endfacet
  facet normal 1.000000 0.000000 0.000000
    outer loop
      vertex 50.000 149.850 14.700
      vertex 50.000 150.786 14.792
      vertex 50.000 150.221 17.637
    endloop
  endfacet
  facet normal 1.000000 0.000000 0.000000
    outer loop
      vertex 50.000 149.850 14.700
      vertex 50.000 150.221 17.637
      vertex 50.000 149.850 17.600
    endloop
  endfacet
  facet normal 0.000000 -0.290285 0.956940
    outer loop
      vertex 12.000 150.786 14.792
      vertex 50.000 150.786 14.792
      vertex 50.000 151.687 15.065
    endloop
  endfacet
  facet normal 0.000000 -0.290285 0.956940
    outer loop
      vertex 12.000 150.786 14.792
      vertex 50.000 151.687 15.065
      vertex 12.000 151.687 15.065
    endloop
  endfacet
  facet normal 0.000000 0.290285 -0.956940
    outer loop
      vertex 12.000 150.577 17.745
      vertex 50.000 150.577 17.745
      vertex 50.000 150.221 17.637
    endloop
  endfacet
  facet normal 0.000000 0.290285 -0.956940
    outer loop
      vertex 12.000 150.577 17.745
      vertex 50.000 150.221 17.637
      vertex 12.000 150.221 17.637
    endloop
  endfacet
  facet normal -1.000000 0.000000 0.000000
    outer loop
      vertex 12.000 151.687 15.065
      vertex 12.000 150.786 14.792
      vertex 12.000 150.221 17.637
    endloop
  endfacet
  facet normal -1.000000 0.000000 0.000000
    outer loop
      vertex 12.000 151.687 15.065
      vertex 12.000 150.221 17.637
      vertex 12.000 150.577 17.745
    endloop
  endfacet
  facet normal 1.000000 0.000000 0.000000
    outer loop
      vertex 50.000 150.786 14.792
      vertex 50.000 151.687 15.065
      vertex 50.000 150.577 17.745
    endloop
  endfacet
  facet normal 1.000000 0.000000 0.000000
    outer loop
      vertex 50.000 150.786 14.792
      vertex 50.000 150.577 17.745
      vertex 50.000 150.221 17.637
    endloop
  endfacet
  facet normal 0.000000 -0.471397 0.881921
    outer loop
      vertex 12.000 151.687 15.065
      vertex 50.000 151.687 15.065
      vertex 50.000 152.517 15.509
    endloop
  endfacet
  facet normal 0.000000 -0.471397 0.881921
    outer loop
      vertex 12.000 151.687 15.065
      vertex 50.000 152.517 15.509
      vertex 12.000 152.517 15.509
    endloop
  endfacet
  facet normal 0.000000 0.471397 -0.881921
    outer loop
      vertex 12.000 150.906 17.920
      vertex 50.000 150.906 17.920
      vertex 50.000 150.577 17.745
    endloop
  endfacet
  facet normal 0.000000 0.471397 -0.881921
    outer loop
      vertex 12.000 150.906 17.920
      vertex 50.000 150.577 17.745
      vertex 12.000 150.577 17.745
    endloop
  endfacet
  facet normal -1.000000 0.000000 0.000000
    outer loop
      vertex 12.000 152.517 15.509
      vertex 12.000 151.687 15.065
      vertex 12.000 150.577 17.745
    endloop
  endfacet
  facet normal -1.000000 0.000000 0.000000
    outer loop
      vertex 12.000 152.517 15.509
      vertex 12.000 150.577 17.745
      vertex 12.000 150.906 17.920
    endloop
  endfacet
  facet normal 1.000000 0.000000 0.000000
    outer loop
      vertex 50.000 151.687 15.065
      vertex 50.000 152.517 15.509
      vertex 50.000 150.906 17.920
    endloop
  endfacet
  facet normal 1.000000 0.000000 0.000000
    outer loop
      vertex 50.000 151.687 15.065
      vertex 50.000 150.906 17.920
      vertex 50.000 150.577 17.745
    endloop
  endfacet
  facet normal 0.000000 -0.634393 0.773010
    outer loop
      vertex 12.000 152.517 15.509
      vertex 50.000 152.517 15.509
      vertex 50.000 153.244 16.106
    endloop
  endfacet
  facet normal 0.000000 -0.634393 0.773010
    outer loop
      vertex 12.000 152.517 15.509
      vertex 50.000 153.244 16.106
      vertex 12.000 153.244 16.106
    endloop
  endfacet
  facet normal 0.000000 0.634393 -0.773010
    outer loop
      vertex 12.000 151.194 18.156
      vertex 50.000 151.194 18.156
      vertex 50.000 150.906 17.920
    endloop
  endfacet
  facet normal 0.000000 0.634393 -0.773010
    outer loop
      vertex 12.000 151.194 18.156
      vertex 50.000 150.906 17.920
      vertex 12.000 150.906 17.920
    endloop
  endfacet
  facet normal -1.000000 0.000000 0.000000
    outer loop
      vertex 12.000 153.244 16.106
      vertex 12.000 152.517 15.509
      vertex 12.000 150.906 17.920
    endloop
  endfacet
  facet normal -1.000000 0.000000 0.000000
    outer loop
      vertex 12.000 153.244 16.106
      vertex 12.000 150.906 17.920
      vertex 12.000 151.194 18.156
    endloop
  endfacet
  facet normal 1.000000 0.000000 0.000000
    outer loop
      vertex 50.000 152.517 15.509
      vertex 50.000 153.244 16.106
      vertex 50.000 151.194 18.156
    endloop
  endfacet
  facet normal 1.000000 0.000000 0.000000
    outer loop
      vertex 50.000 152.517 15.509
      vertex 50.000 151.194 18.156
      vertex 50.000 150.906 17.920
    endloop
  endfacet
  facet normal 0.000000 -0.773010 0.634393
    outer loop
      vertex 12.000 153.244 16.106
      vertex 50.000 153.244 16.106
      vertex 50.000 153.841 16.833
    endloop
  endfacet
  facet normal 0.000000 -0.773010 0.634393
    outer loop
      vertex 12.000 153.244 16.106
      vertex 50.000 153.841 16.833
      vertex 12.000 153.841 16.833
    endloop
  endfacet
  facet normal 0.000000 0.773010 -0.634393
    outer loop
      vertex 12.000 151.430 18.444
      vertex 50.000 151.430 18.444
      vertex 50.000 151.194 18.156
    endloop
  endfacet
  facet normal 0.000000 0.773010 -0.634393
    outer loop
      vertex 12.000 151.430 18.444
      vertex 50.000 151.194 18.156
      vertex 12.000 151.194 18.156
    endloop
  endfacet
  facet normal -1.000000 0.000000 0.000000
    outer loop
      vertex 12.000 153.841 16.833
      vertex 12.000 153.244 16.106
      vertex 12.000 151.194 18.156
    endloop
  endfacet
  facet normal -1.000000 0.000000 0.000000
    outer loop
      vertex 12.000 153.841 16.833
      vertex 12.000 151.194 18.156
      vertex 12.000 151.430 18.444
    endloop
  endfacet
  facet normal 1.000000 0.000000 0.000000
    outer loop
      vertex 50.000 153.244 16.106
      vertex 50.000 153.841 16.833
      vertex 50.000 151.430 18.444
    endloop
  endfacet
  facet normal 1.000000 0.000000 0.000000
    outer loop
      vertex 50.000 153.244 16.106
      vertex 50.000 151.430 18.444
      vertex 50.000 151.194 18.156
    endloop
  endfacet
  facet normal 0.000000 -0.881921 0.471397
    outer loop
      vertex 12.000 153.841 16.833
      vertex 50.000 153.841 16.833
      vertex 50.000 154.285 17.663
    endloop
  endfacet
  facet normal 0.000000 -0.881921 0.471397
    outer loop
      vertex 12.000 153.841 16.833
      vertex 50.000 154.285 17.663
      vertex 12.000 154.285 17.663
    endloop
  endfacet
  facet normal 0.000000 0.881921 -0.471397
    outer loop
      vertex 12.000 151.605 18.773
      vertex 50.000 151.605 18.773
      vertex 50.000 151.430 18.444
    endloop
  endfacet
  facet normal 0.000000 0.881921 -0.471397
    outer loop
      vertex 12.000 151.605 18.773
      vertex 50.000 151.430 18.444
      vertex 12.000 151.430 18.444
    endloop
  endfacet
  facet normal -1.000000 0.000000 0.000000
    outer loop
      vertex 12.000 154.285 17.663
      vertex 12.000 153.841 16.833
      vertex 12.000 151.430 18.444
    endloop
  endfacet
  facet normal -1.000000 0.000000 0.000000
    outer loop
      vertex 12.000 154.285 17.663
      vertex 12.000 151.430 18.444
      vertex 12.000 151.605 18.773
    endloop
  endfacet
  facet normal 1.000000 0.000000 0.000000
    outer loop
      vertex 50.000 153.841 16.833
      vertex 50.000 154.285 17.663
      vertex 50.000 151.605 18.773
    endloop
  endfacet
  facet normal 1.000000 0.000000 0.000000
    outer loop
      vertex 50.000 153.841 16.833
      vertex 50.000 151.605 18.773
      vertex 50.000 151.430 18.444
    endloop
  endfacet
  facet normal 0.000000 -0.956940 0.290285
    outer loop
      vertex 12.000 154.285 17.663
      vertex 50.000 154.285 17.663
      vertex 50.000 154.558 18.564
    endloop
  endfacet
  facet normal 0.000000 -0.956940 0.290285
    outer loop
      vertex 12.000 154.285 17.663
      vertex 50.000 154.558 18.564
      vertex 12.000 154.558 18.564
    endloop
  endfacet
  facet normal 0.000000 0.956940 -0.290285
    outer loop
      vertex 12.000 151.713 19.129
      vertex 50.000 151.713 19.129
      vertex 50.000 151.605 18.773
    endloop
  endfacet
  facet normal 0.000000 0.956940 -0.290285
    outer loop
      vertex 12.000 151.713 19.129
      vertex 50.000 151.605 18.773
      vertex 12.000 151.605 18.773
    endloop
  endfacet
  facet normal -1.000000 0.000000 0.000000
    outer loop
      vertex 12.000 154.558 18.564
      vertex 12.000 154.285 17.663
      vertex 12.000 151.605 18.773
    endloop
  endfacet
  facet normal -1.000000 0.000000 0.000000
    outer loop
      vertex 12.000 154.558 18.564
      vertex 12.000 151.605 18.773
      vertex 12.000 151.713 19.129
    endloop
  endfacet
  facet normal 1.000000 0.000000 0.000000
    outer loop
      vertex 50.000 154.285 17.663
      vertex 50.000 154.558 18.564
      vertex 50.000 151.713 19.129
    endloop
  endfacet
  facet normal 1.000000 0.000000 0.000000
    outer loop
      vertex 50.000 154.285 17.663
      vertex 50.000 151.713 19.129
      vertex 50.000 151.605 18.773
    endloop
  endfacet
  facet normal 0.000000 -0.995185 0.098017
    outer loop
      vertex 12.000 154.558 18.564
      vertex 50.000 154.558 18.564
      vertex 50.000 154.650 19.500
    endloop
  endfacet
  facet normal 0.000000 -0.995185 0.098017
    outer loop
      vertex 12.000 154.558 18.564
      vertex 50.000 154.650 19.500
      vertex 12.000 154.650 19.500
    endloop
  endfacet
  facet normal 0.000000 0.995185 -0.098017
    outer loop
      vertex 12.000 151.750 19.500
      vertex 50.000 151.750 19.500
      vertex 50.000 151.713 19.129
    endloop
  endfacet
  facet normal 0.000000 0.995185 -0.098017
    outer loop
      vertex 12.000 151.750 19.500
      vertex 50.000 151.713 19.129
      vertex 12.000 151.713 19.129
    endloop
  endfacet
  facet normal -1.000000 0.000000 0.000000
    outer loop
      vertex 12.000 154.650 19.500
      vertex 12.000 154.558 18.564
      vertex 12.000 151.713 19.129
    endloop
  endfacet
  facet normal -1.000000 0.000000 0.000000
    outer loop
      vertex 12.000 154.650 19.500
      vertex 12.000 151.713 19.129
      vertex 12.000 151.750 19.500
    endloop
  endfacet
  facet normal 1.000000 0.000000 0.000000
    outer loop
      vertex 50.000 154.558 18.564
      vertex 50.000 154.650 19.500
      vertex 50.000 151.750 19.500
    endloop
  endfacet
  facet normal 1.000000 0.000000 0.000000
    outer loop
      vertex 50.000 154.558 18.564
      vertex 50.000 151.750 19.500
      vertex 50.000 151.713 19.129
    endloop
  endfacet
  facet normal 0.000000 -0.995185 -0.098017
    outer loop
      vertex 174.000 154.650 19.500
      vertex 212.000 154.650 19.500
      vertex 212.000 154.558 20.436
    endloop
  endfacet
  facet normal 0.000000 -0.995185 -0.098017
    outer loop
      vertex 174.000 154.650 19.500
      vertex 212.000 154.558 20.436
      vertex 174.000 154.558 20.436
    endloop
  endfacet
  facet normal 0.000000 0.995185 0.098017
    outer loop
      vertex 174.000 151.713 19.871
      vertex 212.000 151.713 19.871
      vertex 212.000 151.750 19.500
    endloop
  endfacet
  facet normal 0.000000 0.995185 0.098017
    outer loop
      vertex 174.000 151.713 19.871
      vertex 212.000 151.750 19.500
      vertex 174.000 151.750 19.500
    endloop
  endfacet
  facet normal -1.000000 0.000000 0.000000
    outer loop
      vertex 174.000 154.558 20.436
      vertex 174.000 154.650 19.500
      vertex 174.000 151.750 19.500
    endloop
  endfacet
  facet normal -1.000000 0.000000 0.000000
    outer loop
      vertex 174.000 154.558 20.436
      vertex 174.000 151.750 19.500
      vertex 174.000 151.713 19.871
    endloop
  endfacet
  facet normal 1.000000 0.000000 0.000000
    outer loop
      vertex 212.000 154.650 19.500
      vertex 212.000 154.558 20.436
      vertex 212.000 151.713 19.871
    endloop
  endfacet
  facet normal 1.000000 0.000000 0.000000
    outer loop
      vertex 212.000 154.650 19.500
      vertex 212.000 151.713 19.871
      vertex 212.000 151.750 19.500
    endloop
  endfacet
  facet normal 0.000000 -0.956940 -0.290285
    outer loop
      vertex 174.000 154.558 20.436
      vertex 212.000 154.558 20.436
      vertex 212.000 154.285 21.337
    endloop
  endfacet
  facet normal 0.000000 -0.956940 -0.290285
    outer loop
      vertex 174.000 154.558 20.436
      vertex 212.000 154.285 21.337
      vertex 174.000 154.285 21.337
    endloop
  endfacet
  facet normal 0.000000 0.956940 0.290285
    outer loop
      vertex 174.000 151.605 20.227
      vertex 212.000 151.605 20.227
      vertex 212.000 151.713 19.871
    endloop
  endfacet
  facet normal 0.000000 0.956940 0.290285
    outer loop
      vertex 174.000 151.605 20.227
      vertex 212.000 151.713 19.871
      vertex 174.000 151.713 19.871
    endloop
  endfacet
  facet normal -1.000000 0.000000 0.000000
    outer loop
      vertex 174.000 154.285 21.337
      vertex 174.000 154.558 20.436
      vertex 174.000 151.713 19.871
    endloop
  endfacet
  facet normal -1.000000 0.000000 0.000000
    outer loop
      vertex 174.000 154.285 21.337
      vertex 174.000 151.713 19.871
      vertex 174.000 151.605 20.227
    endloop
  endfacet
  facet normal 1.000000 0.000000 0.000000
    outer loop
      vertex 212.000 154.558 20.436
      vertex 212.000 154.285 21.337
      vertex 212.000 151.605 20.227
    endloop
  endfacet
  facet normal 1.000000 0.000000 0.000000
    outer loop
      vertex 212.000 154.558 20.436
      vertex 212.000 151.605 20.227
      vertex 212.000 151.713 19.871
    endloop
  endfacet
  facet normal 0.000000 -0.881921 -0.471397
    outer loop
      vertex 174.000 154.285 21.337
      vertex 212.000 154.285 21.337
      vertex 212.000 153.841 22.167
    endloop
  endfacet
  facet normal 0.000000 -0.881921 -0.471397
    outer loop
      vertex 174.000 154.285 21.337
      vertex 212.000 153.841 22.167
      vertex 174.000 153.841 22.167
    endloop
  endfacet
  facet normal 0.000000 0.881921 0.471397
    outer loop
      vertex 174.000 151.430 20.556
      vertex 212.000 151.430 20.556
      vertex 212.000 151.605 20.227
    endloop
  endfacet
  facet normal 0.000000 0.881921 0.471397
    outer loop
      vertex 174.000 151.430 20.556
      vertex 212.000 151.605 20.227
      vertex 174.000 151.605 20.227
    endloop
  endfacet
  facet normal -1.000000 0.000000 0.000000
    outer loop
      vertex 174.000 153.841 22.167
      vertex 174.000 154.285 21.337
      vertex 174.000 151.605 20.227
    endloop
  endfacet
  facet normal -1.000000 0.000000 0.000000
    outer loop
      vertex 174.000 153.841 22.167
      vertex 174.000 151.605 20.227
      vertex 174.000 151.430 20.556
    endloop
  endfacet
  facet normal 1.000000 0.000000 0.000000
    outer loop
      vertex 212.000 154.285 21.337
      vertex 212.000 153.841 22.167
      vertex 212.000 151.430 20.556
    endloop
  endfacet
  facet normal 1.000000 0.000000 0.000000
    outer loop
      vertex 212.000 154.285 21.337
      vertex 212.000 151.430 20.556
      vertex 212.000 151.605 20.227
    endloop
  endfacet
  facet normal 0.000000 -0.773010 -0.634393
    outer loop
      vertex 174.000 153.841 22.167
      vertex 212.000 153.841 22.167
      vertex 212.000 153.244 22.894
    endloop
  endfacet
  facet normal 0.000000 -0.773010 -0.634393
    outer loop
      vertex 174.000 153.841 22.167
      vertex 212.000 153.244 22.894
      vertex 174.000 153.244 22.894
    endloop
  endfacet
  facet normal 0.000000 0.773010 0.634393
    outer loop
      vertex 174.000 151.194 20.844
      vertex 212.000 151.194 20.844
      vertex 212.000 151.430 20.556
    endloop
  endfacet
  facet normal 0.000000 0.773010 0.634393
    outer loop
      vertex 174.000 151.194 20.844
      vertex 212.000 151.430 20.556
      vertex 174.000 151.430 20.556
    endloop
  endfacet
  facet normal -1.000000 0.000000 0.000000
    outer loop
      vertex 174.000 153.244 22.894
      vertex 174.000 153.841 22.167
      vertex 174.000 151.430 20.556
    endloop
  endfacet
  facet normal -1.000000 0.000000 0.000000
    outer loop
      vertex 174.000 153.244 22.894
      vertex 174.000 151.430 20.556
      vertex 174.000 151.194 20.844
    endloop
  endfacet
  facet normal 1.000000 0.000000 0.000000
    outer loop
      vertex 212.000 153.841 22.167
      vertex 212.000 153.244 22.894
      vertex 212.000 151.194 20.844
    endloop
  endfacet
  facet normal 1.000000 0.000000 0.000000
    outer loop
      vertex 212.000 153.841 22.167
      vertex 212.000 151.194 20.844
      vertex 212.000 151.430 20.556
    endloop
  endfacet
  facet normal 0.000000 -0.634393 -0.773010
    outer loop
      vertex 174.000 153.244 22.894
      vertex 212.000 153.244 22.894
      vertex 212.000 152.517 23.491
    endloop
  endfacet
  facet normal 0.000000 -0.634393 -0.773010
    outer loop
      vertex 174.000 153.244 22.894
      vertex 212.000 152.517 23.491
      vertex 174.000 152.517 23.491
    endloop
  endfacet
  facet normal 0.000000 0.634393 0.773010
    outer loop
      vertex 174.000 150.906 21.080
      vertex 212.000 150.906 21.080
      vertex 212.000 151.194 20.844
    endloop
  endfacet
  facet normal 0.000000 0.634393 0.773010
    outer loop
      vertex 174.000 150.906 21.080
      vertex 212.000 151.194 20.844
      vertex 174.000 151.194 20.844
    endloop
  endfacet
  facet normal -1.000000 0.000000 0.000000
    outer loop
      vertex 174.000 152.517 23.491
      vertex 174.000 153.244 22.894
      vertex 174.000 151.194 20.844
    endloop
  endfacet
  facet normal -1.000000 0.000000 0.000000
    outer loop
      vertex 174.000 152.517 23.491
      vertex 174.000 151.194 20.844
      vertex 174.000 150.906 21.080
    endloop
  endfacet
  facet normal 1.000000 0.000000 0.000000
    outer loop
      vertex 212.000 153.244 22.894
      vertex 212.000 152.517 23.491
      vertex 212.000 150.906 21.080
    endloop
  endfacet
  facet normal 1.000000 0.000000 0.000000
    outer loop
      vertex 212.000 153.244 22.894
      vertex 212.000 150.906 21.080
      vertex 212.000 151.194 20.844
    endloop
  endfacet
  facet normal 0.000000 -0.471397 -0.881921
    outer loop
      vertex 174.000 152.517 23.491
      vertex 212.000 152.517 23.491
      vertex 212.000 151.687 23.935
    endloop
  endfacet
  facet normal 0.000000 -0.471397 -0.881921
    outer loop
      vertex 174.000 152.517 23.491
      vertex 212.000 151.687 23.935
      vertex 174.000 151.687 23.935
    endloop
  endfacet
  facet normal 0.000000 0.471397 0.881921
    outer loop
      vertex 174.000 150.577 21.255
      vertex 212.000 150.577 21.255
      vertex 212.000 150.906 21.080
    endloop
  endfacet
  facet normal 0.000000 0.471397 0.881921
    outer loop
      vertex 174.000 150.577 21.255
      vertex 212.000 150.906 21.080
      vertex 174.000 150.906 21.080
    endloop
  endfacet
  facet normal -1.000000 0.000000 0.000000
    outer loop
      vertex 174.000 151.687 23.935
      vertex 174.000 152.517 23.491
      vertex 174.000 150.906 21.080
    endloop
  endfacet
  facet normal -1.000000 0.000000 0.000000
    outer loop
      vertex 174.000 151.687 23.935
      vertex 174.000 150.906 21.080
      vertex 174.000 150.577 21.255
    endloop
  endfacet
  facet normal 1.000000 0.000000 0.000000
    outer loop
      vertex 212.000 152.517 23.491
      vertex 212.000 151.687 23.935
      vertex 212.000 150.577 21.255
    endloop
  endfacet
  facet normal 1.000000 0.000000 0.000000
    outer loop
      vertex 212.000 152.517 23.491
      vertex 212.000 150.577 21.255
      vertex 212.000 150.906 21.080
    endloop
  endfacet
  facet normal 0.000000 -0.290285 -0.956940
    outer loop
      vertex 174.000 151.687 23.935
      vertex 212.000 151.687 23.935
      vertex 212.000 150.786 24.208
    endloop
  endfacet
  facet normal 0.000000 -0.290285 -0.956940
    outer loop
      vertex 174.000 151.687 23.935
      vertex 212.000 150.786 24.208
      vertex 174.000 150.786 24.208
    endloop
  endfacet
  facet normal 0.000000 0.290285 0.956940
    outer loop
      vertex 174.000 150.221 21.363
      vertex 212.000 150.221 21.363
      vertex 212.000 150.577 21.255
    endloop
  endfacet
  facet normal 0.000000 0.290285 0.956940
    outer loop
      vertex 174.000 150.221 21.363
      vertex 212.000 150.577 21.255
      vertex 174.000 150.577 21.255
    endloop
  endfacet
  facet normal -1.000000 0.000000 0.000000
    outer loop
      vertex 174.000 150.786 24.208
      vertex 174.000 151.687 23.935
      vertex 174.000 150.577 21.255
    endloop
  endfacet
  facet normal -1.000000 0.000000 0.000000
    outer loop
      vertex 174.000 150.786 24.208
      vertex 174.000 150.577 21.255
      vertex 174.000 150.221 21.363
    endloop
  endfacet
  facet normal 1.000000 0.000000 0.000000
    outer loop
      vertex 212.000 151.687 23.935
      vertex 212.000 150.786 24.208
      vertex 212.000 150.221 21.363
    endloop
  endfacet
  facet normal 1.000000 0.000000 0.000000
    outer loop
      vertex 212.000 151.687 23.935
      vertex 212.000 150.221 21.363
      vertex 212.000 150.577 21.255
    endloop
  endfacet
  facet normal 0.000000 -0.098017 -0.995185
    outer loop
      vertex 174.000 150.786 24.208
      vertex 212.000 150.786 24.208
      vertex 212.000 149.850 24.300
    endloop
  endfacet
  facet normal 0.000000 -0.098017 -0.995185
    outer loop
      vertex 174.000 150.786 24.208
      vertex 212.000 149.850 24.300
      vertex 174.000 149.850 24.300
    endloop
  endfacet
  facet normal 0.000000 0.098017 0.995185
    outer loop
      vertex 174.000 149.850 21.400
      vertex 212.000 149.850 21.400
      vertex 212.000 150.221 21.363
    endloop
  endfacet
  facet normal 0.000000 0.098017 0.995185
    outer loop
      vertex 174.000 149.850 21.400
      vertex 212.000 150.221 21.363
      vertex 174.000 150.221 21.363
    endloop
  endfacet
  facet normal -1.000000 0.000000 0.000000
    outer loop
      vertex 174.000 149.850 24.300
      vertex 174.000 150.786 24.208
      vertex 174.000 150.221 21.363
    endloop
  endfacet
  facet normal -1.000000 0.000000 0.000000
    outer loop
      vertex 174.000 149.850 24.300
      vertex 174.000 150.221 21.363
      vertex 174.000 149.850 21.400
    endloop
  endfacet
  facet normal 1.000000 0.000000 0.000000
    outer loop
      vertex 212.000 150.786 24.208
      vertex 212.000 149.850 24.300
      vertex 212.000 149.850 21.400
    endloop
  endfacet
  facet normal 1.000000 0.000000 0.000000
    outer loop
      vertex 212.000 150.786 24.208
      vertex 212.000 149.850 21.400
      vertex 212.000 150.221 21.363
    endloop
  endfacet
  facet normal 0.000000 0.098017 -0.995185
    outer loop
      vertex 174.000 149.850 24.300
      vertex 212.000 149.850 24.300
      vertex 212.000 148.914 24.208
    endloop
  endfacet
  facet normal 0.000000 0.098017 -0.995185
    outer loop
      vertex 174.000 149.850 24.300
      vertex 212.000 148.914 24.208
      vertex 174.000 148.914 24.208
    endloop
  endfacet
  facet normal 0.000000 -0.098017 0.995185
    outer loop
      vertex 174.000 149.479 21.363
      vertex 212.000 149.479 21.363
      vertex 212.000 149.850 21.400
    endloop
  endfacet
  facet normal 0.000000 -0.098017 0.995185
    outer loop
      vertex 174.000 149.479 21.363
      vertex 212.000 149.850 21.400
      vertex 174.000 149.850 21.400
    endloop
  endfacet
  facet normal -1.000000 0.000000 0.000000
    outer loop
      vertex 174.000 148.914 24.208
      vertex 174.000 149.850 24.300
      vertex 174.000 149.850 21.400
    endloop
  endfacet
  facet normal -1.000000 0.000000 0.000000
    outer loop
      vertex 174.000 148.914 24.208
      vertex 174.000 149.850 21.400
      vertex 174.000 149.479 21.363
    endloop
  endfacet
  facet normal 1.000000 0.000000 0.000000
    outer loop
      vertex 212.000 149.850 24.300
      vertex 212.000 148.914 24.208
      vertex 212.000 149.479 21.363
    endloop
  endfacet
  facet normal 1.000000 0.000000 0.000000
    outer loop
      vertex 212.000 149.850 24.300
      vertex 212.000 149.479 21.363
      vertex 212.000 149.850 21.400
    endloop
  endfacet
  facet normal 0.000000 0.290285 -0.956940
    outer loop
      vertex 174.000 148.914 24.208
      vertex 212.000 148.914 24.208
      vertex 212.000 148.013 23.935
    endloop
  endfacet
  facet normal 0.000000 0.290285 -0.956940
    outer loop
      vertex 174.000 148.914 24.208
      vertex 212.000 148.013 23.935
      vertex 174.000 148.013 23.935
    endloop
  endfacet
  facet normal 0.000000 -0.290285 0.956940
    outer loop
      vertex 174.000 149.123 21.255
      vertex 212.000 149.123 21.255
      vertex 212.000 149.479 21.363
    endloop
  endfacet
  facet normal 0.000000 -0.290285 0.956940
    outer loop
      vertex 174.000 149.123 21.255
      vertex 212.000 149.479 21.363
      vertex 174.000 149.479 21.363
    endloop
  endfacet
  facet normal -1.000000 0.000000 0.000000
    outer loop
      vertex 174.000 148.013 23.935
      vertex 174.000 148.914 24.208
      vertex 174.000 149.479 21.363
    endloop
  endfacet
  facet normal -1.000000 0.000000 0.000000
    outer loop
      vertex 174.000 148.013 23.935
      vertex 174.000 149.479 21.363
      vertex 174.000 149.123 21.255
    endloop
  endfacet
  facet normal 1.000000 0.000000 0.000000
    outer loop
      vertex 212.000 148.914 24.208
      vertex 212.000 148.013 23.935
      vertex 212.000 149.123 21.255
    endloop
  endfacet
  facet normal 1.000000 0.000000 0.000000
    outer loop
      vertex 212.000 148.914 24.208
      vertex 212.000 149.123 21.255
      vertex 212.000 149.479 21.363
    endloop
  endfacet
  facet normal 0.000000 0.471397 -0.881921
    outer loop
      vertex 174.000 148.013 23.935
      vertex 212.000 148.013 23.935
      vertex 212.000 147.183 23.491
    endloop
  endfacet
  facet normal 0.000000 0.471397 -0.881921
    outer loop
      vertex 174.000 148.013 23.935
      vertex 212.000 147.183 23.491
      vertex 174.000 147.183 23.491
    endloop
  endfacet
  facet normal 0.000000 -0.471397 0.881921
    outer loop
      vertex 174.000 148.794 21.080
      vertex 212.000 148.794 21.080
      vertex 212.000 149.123 21.255
    endloop
  endfacet
  facet normal 0.000000 -0.471397 0.881921
    outer loop
      vertex 174.000 148.794 21.080
      vertex 212.000 149.123 21.255
      vertex 174.000 149.123 21.255
    endloop
  endfacet
  facet normal -1.000000 0.000000 0.000000
    outer loop
      vertex 174.000 147.183 23.491
      vertex 174.000 148.013 23.935
      vertex 174.000 149.123 21.255
    endloop
  endfacet
  facet normal -1.000000 0.000000 0.000000
    outer loop
      vertex 174.000 147.183 23.491
      vertex 174.000 149.123 21.255
      vertex 174.000 148.794 21.080
    endloop
  endfacet
  facet normal 1.000000 0.000000 0.000000
    outer loop
      vertex 212.000 148.013 23.935
      vertex 212.000 147.183 23.491
      vertex 212.000 148.794 21.080
    endloop
  endfacet
  facet normal 1.000000 0.000000 0.000000
    outer loop
      vertex 212.000 148.013 23.935
      vertex 212.000 148.794 21.080
      vertex 212.000 149.123 21.255
    endloop
  endfacet
  facet normal 0.000000 0.634393 -0.773010
    outer loop
      vertex 174.000 147.183 23.491
      vertex 212.000 147.183 23.491
      vertex 212.000 146.456 22.894
    endloop
  endfacet
  facet normal 0.000000 0.634393 -0.773010
    outer loop
      vertex 174.000 147.183 23.491
      vertex 212.000 146.456 22.894
      vertex 174.000 146.456 22.894
    endloop
  endfacet
  facet normal 0.000000 -0.634393 0.773010
    outer loop
      vertex 174.000 148.506 20.844
      vertex 212.000 148.506 20.844
      vertex 212.000 148.794 21.080
    endloop
  endfacet
  facet normal 0.000000 -0.634393 0.773010
    outer loop
      vertex 174.000 148.506 20.844
      vertex 212.000 148.794 21.080
      vertex 174.000 148.794 21.080
    endloop
  endfacet
  facet normal -1.000000 0.000000 0.000000
    outer loop
      vertex 174.000 146.456 22.894
      vertex 174.000 147.183 23.491
      vertex 174.000 148.794 21.080
    endloop
  endfacet
  facet normal -1.000000 0.000000 0.000000
    outer loop
      vertex 174.000 146.456 22.894
      vertex 174.000 148.794 21.080
      vertex 174.000 148.506 20.844
    endloop
  endfacet
  facet normal 1.000000 0.000000 0.000000
    outer loop
      vertex 212.000 147.183 23.491
      vertex 212.000 146.456 22.894
      vertex 212.000 148.506 20.844
    endloop
  endfacet
  facet normal 1.000000 0.000000 0.000000
    outer loop
      vertex 212.000 147.183 23.491
      vertex 212.000 148.506 20.844
      vertex 212.000 148.794 21.080
    endloop
  endfacet
  facet normal 0.000000 0.773010 -0.634393
    outer loop
      vertex 174.000 146.456 22.894
      vertex 212.000 146.456 22.894
      vertex 212.000 145.859 22.167
    endloop
  endfacet
  facet normal 0.000000 0.773010 -0.634393
    outer loop
      vertex 174.000 146.456 22.894
      vertex 212.000 145.859 22.167
      vertex 174.000 145.859 22.167
    endloop
  endfacet
  facet normal 0.000000 -0.773010 0.634393
    outer loop
      vertex 174.000 148.270 20.556
      vertex 212.000 148.270 20.556
      vertex 212.000 148.506 20.844
    endloop
  endfacet
  facet normal 0.000000 -0.773010 0.634393
    outer loop
      vertex 174.000 148.270 20.556
      vertex 212.000 148.506 20.844
      vertex 174.000 148.506 20.844
    endloop
  endfacet
  facet normal -1.000000 0.000000 0.000000
    outer loop
      vertex 174.000 145.859 22.167
      vertex 174.000 146.456 22.894
      vertex 174.000 148.506 20.844
    endloop
  endfacet
  facet normal -1.000000 0.000000 0.000000
    outer loop
      vertex 174.000 145.859 22.167
      vertex 174.000 148.506 20.844
      vertex 174.000 148.270 20.556
    endloop
  endfacet
  facet normal 1.000000 0.000000 0.000000
    outer loop
      vertex 212.000 146.456 22.894
      vertex 212.000 145.859 22.167
      vertex 212.000 148.270 20.556
    endloop
  endfacet
  facet normal 1.000000 0.000000 0.000000
    outer loop
      vertex 212.000 146.456 22.894
      vertex 212.000 148.270 20.556
      vertex 212.000 148.506 20.844
    endloop
  endfacet
  facet normal 0.000000 0.881921 -0.471397
    outer loop
      vertex 174.000 145.859 22.167
      vertex 212.000 145.859 22.167
      vertex 212.000 145.415 21.337
    endloop
  endfacet
  facet normal 0.000000 0.881921 -0.471397
    outer loop
      vertex 174.000 145.859 22.167
      vertex 212.000 145.415 21.337
      vertex 174.000 145.415 21.337
    endloop
  endfacet
  facet normal 0.000000 -0.881921 0.471397
    outer loop
      vertex 174.000 148.095 20.227
      vertex 212.000 148.095 20.227
      vertex 212.000 148.270 20.556
    endloop
  endfacet
  facet normal 0.000000 -0.881921 0.471397
    outer loop
      vertex 174.000 148.095 20.227
      vertex 212.000 148.270 20.556
      vertex 174.000 148.270 20.556
    endloop
  endfacet
  facet normal -1.000000 0.000000 0.000000
    outer loop
      vertex 174.000 145.415 21.337
      vertex 174.000 145.859 22.167
      vertex 174.000 148.270 20.556
    endloop
  endfacet
  facet normal -1.000000 0.000000 0.000000
    outer loop
      vertex 174.000 145.415 21.337
      vertex 174.000 148.270 20.556
      vertex 174.000 148.095 20.227
    endloop
  endfacet
  facet normal 1.000000 0.000000 0.000000
    outer loop
      vertex 212.000 145.859 22.167
      vertex 212.000 145.415 21.337
      vertex 212.000 148.095 20.227
    endloop
  endfacet
  facet normal 1.000000 0.000000 0.000000
    outer loop
      vertex 212.000 145.859 22.167
      vertex 212.000 148.095 20.227
      vertex 212.000 148.270 20.556
    endloop
  endfacet
  facet normal 0.000000 0.956940 -0.290285
    outer loop
      vertex 174.000 145.415 21.337
      vertex 212.000 145.415 21.337
      vertex 212.000 145.142 20.436
    endloop
  endfacet
  facet normal 0.000000 0.956940 -0.290285
    outer loop
      vertex 174.000 145.415 21.337
      vertex 212.000 145.142 20.436
      vertex 174.000 145.142 20.436
    endloop
  endfacet
  facet normal 0.000000 -0.956940 0.290285
    outer loop
      vertex 174.000 147.987 19.871
      vertex 212.000 147.987 19.871
      vertex 212.000 148.095 20.227
    endloop
  endfacet
  facet normal 0.000000 -0.956940 0.290285
    outer loop
      vertex 174.000 147.987 19.871
      vertex 212.000 148.095 20.227
      vertex 174.000 148.095 20.227
    endloop
  endfacet
  facet normal -1.000000 0.000000 0.000000
    outer loop
      vertex 174.000 145.142 20.436
      vertex 174.000 145.415 21.337
      vertex 174.000 148.095 20.227
    endloop
  endfacet
  facet normal -1.000000 0.000000 0.000000
    outer loop
      vertex 174.000 145.142 20.436
      vertex 174.000 148.095 20.227
      vertex 174.000 147.987 19.871
    endloop
  endfacet
  facet normal 1.000000 0.000000 0.000000
    outer loop
      vertex 212.000 145.415 21.337
      vertex 212.000 145.142 20.436
      vertex 212.000 147.987 19.871
    endloop
  endfacet
  facet normal 1.000000 0.000000 0.000000
    outer loop
      vertex 212.000 145.415 21.337
      vertex 212.000 147.987 19.871
      vertex 212.000 148.095 20.227
    endloop
  endfacet
  facet normal 0.000000 0.995185 -0.098017
    outer loop
      vertex 174.000 145.142 20.436
      vertex 212.000 145.142 20.436
      vertex 212.000 145.050 19.500
    endloop
  endfacet
  facet normal 0.000000 0.995185 -0.098017
    outer loop
      vertex 174.000 145.142 20.436
      vertex 212.000 145.050 19.500
      vertex 174.000 145.050 19.500
    endloop
  endfacet
  facet normal 0.000000 -0.995185 0.098017
    outer loop
      vertex 174.000 147.950 19.500
      vertex 212.000 147.950 19.500
      vertex 212.000 147.987 19.871
    endloop
  endfacet
  facet normal 0.000000 -0.995185 0.098017
    outer loop
      vertex 174.000 147.950 19.500
      vertex 212.000 147.987 19.871
      vertex 174.000 147.987 19.871
    endloop
  endfacet
  facet normal -1.000000 0.000000 0.000000
    outer loop
      vertex 174.000 145.050 19.500
      vertex 174.000 145.142 20.436
      vertex 174.000 147.987 19.871
    endloop
  endfacet
  facet normal -1.000000 0.000000 0.000000
    outer loop
      vertex 174.000 145.050 19.500
      vertex 174.000 147.987 19.871
      vertex 174.000 147.950 19.500
    endloop
  endfacet
  facet normal 1.000000 0.000000 0.000000
    outer loop
      vertex 212.000 145.142 20.436
      vertex 212.000 145.050 19.500
      vertex 212.000 147.950 19.500
    endloop
  endfacet
  facet normal 1.000000 0.000000 0.000000
    outer loop
      vertex 212.000 145.142 20.436
      vertex 212.000 147.950 19.500
      vertex 212.000 147.987 19.871
    endloop
  endfacet
  facet normal 0.000000 0.995185 0.098017
    outer loop
      vertex 174.000 145.050 19.500
      vertex 212.000 145.050 19.500
      vertex 212.000 145.142 18.564
    endloop
  endfacet
  facet normal 0.000000 0.995185 0.098017
    outer loop
      vertex 174.000 145.050 19.500
      vertex 212.000 145.142 18.564
      vertex 174.000 145.142 18.564
    endloop
  endfacet
  facet normal 0.000000 -0.995185 -0.098017
    outer loop
      vertex 174.000 147.987 19.129
      vertex 212.000 147.987 19.129
      vertex 212.000 147.950 19.500
    endloop
  endfacet
  facet normal 0.000000 -0.995185 -0.098017
    outer loop
      vertex 174.000 147.987 19.129
      vertex 212.000 147.950 19.500
      vertex 174.000 147.950 19.500
    endloop
  endfacet
  facet normal -1.000000 0.000000 0.000000
    outer loop
      vertex 174.000 145.142 18.564
      vertex 174.000 145.050 19.500
      vertex 174.000 147.950 19.500
    endloop
  endfacet
  facet normal -1.000000 0.000000 0.000000
    outer loop
      vertex 174.000 145.142 18.564
      vertex 174.000 147.950 19.500
      vertex 174.000 147.987 19.129
    endloop
  endfacet
  facet normal 1.000000 0.000000 0.000000
    outer loop
      vertex 212.000 145.050 19.500
      vertex 212.000 145.142 18.564
      vertex 212.000 147.987 19.129
    endloop
  endfacet
  facet normal 1.000000 0.000000 0.000000
    outer loop
      vertex 212.000 145.050 19.500
      vertex 212.000 147.987 19.129
      vertex 212.000 147.950 19.500
    endloop
  endfacet
  facet normal 0.000000 0.956940 0.290285
    outer loop
      vertex 174.000 145.142 18.564
      vertex 212.000 145.142 18.564
      vertex 212.000 145.415 17.663
    endloop
  endfacet
  facet normal 0.000000 0.956940 0.290285
    outer loop
      vertex 174.000 145.142 18.564
      vertex 212.000 145.415 17.663
      vertex 174.000 145.415 17.663
    endloop
  endfacet
  facet normal 0.000000 -0.956940 -0.290285
    outer loop
      vertex 174.000 148.095 18.773
      vertex 212.000 148.095 18.773
      vertex 212.000 147.987 19.129
    endloop
  endfacet
  facet normal 0.000000 -0.956940 -0.290285
    outer loop
      vertex 174.000 148.095 18.773
      vertex 212.000 147.987 19.129
      vertex 174.000 147.987 19.129
    endloop
  endfacet
  facet normal -1.000000 0.000000 0.000000
    outer loop
      vertex 174.000 145.415 17.663
      vertex 174.000 145.142 18.564
      vertex 174.000 147.987 19.129
    endloop
  endfacet
  facet normal -1.000000 0.000000 0.000000
    outer loop
      vertex 174.000 145.415 17.663
      vertex 174.000 147.987 19.129
      vertex 174.000 148.095 18.773
    endloop
  endfacet
  facet normal 1.000000 0.000000 0.000000
    outer loop
      vertex 212.000 145.142 18.564
      vertex 212.000 145.415 17.663
      vertex 212.000 148.095 18.773
    endloop
  endfacet
  facet normal 1.000000 0.000000 0.000000
    outer loop
      vertex 212.000 145.142 18.564
      vertex 212.000 148.095 18.773
      vertex 212.000 147.987 19.129
    endloop
  endfacet
  facet normal 0.000000 0.881921 0.471397
    outer loop
      vertex 174.000 145.415 17.663
      vertex 212.000 145.415 17.663
      vertex 212.000 145.859 16.833
    endloop
  endfacet
  facet normal 0.000000 0.881921 0.471397
    outer loop
      vertex 174.000 145.415 17.663
      vertex 212.000 145.859 16.833
      vertex 174.000 145.859 16.833
    endloop
  endfacet
  facet normal 0.000000 -0.881921 -0.471397
    outer loop
      vertex 174.000 148.270 18.444
      vertex 212.000 148.270 18.444
      vertex 212.000 148.095 18.773
    endloop
  endfacet
  facet normal 0.000000 -0.881921 -0.471397
    outer loop
      vertex 174.000 148.270 18.444
      vertex 212.000 148.095 18.773
      vertex 174.000 148.095 18.773
    endloop
  endfacet
  facet normal -1.000000 0.000000 0.000000
    outer loop
      vertex 174.000 145.859 16.833
      vertex 174.000 145.415 17.663
      vertex 174.000 148.095 18.773
    endloop
  endfacet
  facet normal -1.000000 0.000000 0.000000
    outer loop
      vertex 174.000 145.859 16.833
      vertex 174.000 148.095 18.773
      vertex 174.000 148.270 18.444
    endloop
  endfacet
  facet normal 1.000000 0.000000 0.000000
    outer loop
      vertex 212.000 145.415 17.663
      vertex 212.000 145.859 16.833
      vertex 212.000 148.270 18.444
    endloop
  endfacet
  facet normal 1.000000 0.000000 0.000000
    outer loop
      vertex 212.000 145.415 17.663
      vertex 212.000 148.270 18.444
      vertex 212.000 148.095 18.773
    endloop
  endfacet
  facet normal 0.000000 0.773010 0.634393
    outer loop
      vertex 174.000 145.859 16.833
      vertex 212.000 145.859 16.833
      vertex 212.000 146.456 16.106
    endloop
  endfacet
  facet normal 0.000000 0.773010 0.634393
    outer loop
      vertex 174.000 145.859 16.833
      vertex 212.000 146.456 16.106
      vertex 174.000 146.456 16.106
    endloop
  endfacet
  facet normal 0.000000 -0.773010 -0.634393
    outer loop
      vertex 174.000 148.506 18.156
      vertex 212.000 148.506 18.156
      vertex 212.000 148.270 18.444
    endloop
  endfacet
  facet normal 0.000000 -0.773010 -0.634393
    outer loop
      vertex 174.000 148.506 18.156
      vertex 212.000 148.270 18.444
      vertex 174.000 148.270 18.444
    endloop
  endfacet
  facet normal -1.000000 0.000000 0.000000
    outer loop
      vertex 174.000 146.456 16.106
      vertex 174.000 145.859 16.833
      vertex 174.000 148.270 18.444
    endloop
  endfacet
  facet normal -1.000000 0.000000 0.000000
    outer loop
      vertex 174.000 146.456 16.106
      vertex 174.000 148.270 18.444
      vertex 174.000 148.506 18.156
    endloop
  endfacet
  facet normal 1.000000 0.000000 0.000000
    outer loop
      vertex 212.000 145.859 16.833
      vertex 212.000 146.456 16.106
      vertex 212.000 148.506 18.156
    endloop
  endfacet
  facet normal 1.000000 0.000000 0.000000
    outer loop
      vertex 212.000 145.859 16.833
      vertex 212.000 148.506 18.156
      vertex 212.000 148.270 18.444
    endloop
  endfacet
  facet normal 0.000000 0.634393 0.773010
    outer loop
      vertex 174.000 146.456 16.106
      vertex 212.000 146.456 16.106
      vertex 212.000 147.183 15.509
    endloop
  endfacet
  facet normal 0.000000 0.634393 0.773010
    outer loop
      vertex 174.000 146.456 16.106
      vertex 212.000 147.183 15.509
      vertex 174.000 147.183 15.509
    endloop
  endfacet
  facet normal 0.000000 -0.634393 -0.773010
    outer loop
      vertex 174.000 148.794 17.920
      vertex 212.000 148.794 17.920
      vertex 212.000 148.506 18.156
    endloop
  endfacet
  facet normal 0.000000 -0.634393 -0.773010
    outer loop
      vertex 174.000 148.794 17.920
      vertex 212.000 148.506 18.156
      vertex 174.000 148.506 18.156
    endloop
  endfacet
  facet normal -1.000000 0.000000 0.000000
    outer loop
      vertex 174.000 147.183 15.509
      vertex 174.000 146.456 16.106
      vertex 174.000 148.506 18.156
    endloop
  endfacet
  facet normal -1.000000 0.000000 0.000000
    outer loop
      vertex 174.000 147.183 15.509
      vertex 174.000 148.506 18.156
      vertex 174.000 148.794 17.920
    endloop
  endfacet
  facet normal 1.000000 0.000000 0.000000
    outer loop
      vertex 212.000 146.456 16.106
      vertex 212.000 147.183 15.509
      vertex 212.000 148.794 17.920
    endloop
  endfacet
  facet normal 1.000000 0.000000 0.000000
    outer loop
      vertex 212.000 146.456 16.106
      vertex 212.000 148.794 17.920
      vertex 212.000 148.506 18.156
    endloop
  endfacet
  facet normal 0.000000 0.471397 0.881921
    outer loop
      vertex 174.000 147.183 15.509
      vertex 212.000 147.183 15.509
      vertex 212.000 148.013 15.065
    endloop
  endfacet
  facet normal 0.000000 0.471397 0.881921
    outer loop
      vertex 174.000 147.183 15.509
      vertex 212.000 148.013 15.065
      vertex 174.000 148.013 15.065
    endloop
  endfacet
  facet normal 0.000000 -0.471397 -0.881921
    outer loop
      vertex 174.000 149.123 17.745
      vertex 212.000 149.123 17.745
      vertex 212.000 148.794 17.920
    endloop
  endfacet
  facet normal 0.000000 -0.471397 -0.881921
    outer loop
      vertex 174.000 149.123 17.745
      vertex 212.000 148.794 17.920
      vertex 174.000 148.794 17.920
    endloop
  endfacet
  facet normal -1.000000 0.000000 0.000000
    outer loop
      vertex 174.000 148.013 15.065
      vertex 174.000 147.183 15.509
      vertex 174.000 148.794 17.920
    endloop
  endfacet
  facet normal -1.000000 0.000000 0.000000
    outer loop
      vertex 174.000 148.013 15.065
      vertex 174.000 148.794 17.920
      vertex 174.000 149.123 17.745
    endloop
  endfacet
  facet normal 1.000000 0.000000 0.000000
    outer loop
      vertex 212.000 147.183 15.509
      vertex 212.000 148.013 15.065
      vertex 212.000 149.123 17.745
    endloop
  endfacet
  facet normal 1.000000 0.000000 0.000000
    outer loop
      vertex 212.000 147.183 15.509
      vertex 212.000 149.123 17.745
      vertex 212.000 148.794 17.920
    endloop
  endfacet
  facet normal 0.000000 0.290285 0.956940
    outer loop
      vertex 174.000 148.013 15.065
      vertex 212.000 148.013 15.065
      vertex 212.000 148.914 14.792
    endloop
  endfacet
  facet normal 0.000000 0.290285 0.956940
    outer loop
      vertex 174.000 148.013 15.065
      vertex 212.000 148.914 14.792
      vertex 174.000 148.914 14.792
    endloop
  endfacet
  facet normal 0.000000 -0.290285 -0.956940
    outer loop
      vertex 174.000 149.479 17.637
      vertex 212.000 149.479 17.637
      vertex 212.000 149.123 17.745
    endloop
  endfacet
  facet normal 0.000000 -0.290285 -0.956940
    outer loop
      vertex 174.000 149.479 17.637
      vertex 212.000 149.123 17.745
      vertex 174.000 149.123 17.745
    endloop
  endfacet
  facet normal -1.000000 0.000000 0.000000
    outer loop
      vertex 174.000 148.914 14.792
      vertex 174.000 148.013 15.065
      vertex 174.000 149.123 17.745
    endloop
  endfacet
  facet normal -1.000000 0.000000 0.000000
    outer loop
      vertex 174.000 148.914 14.792
      vertex 174.000 149.123 17.745
      vertex 174.000 149.479 17.637
    endloop
  endfacet
  facet normal 1.000000 0.000000 0.000000
    outer loop
      vertex 212.000 148.013 15.065
      vertex 212.000 148.914 14.792
      vertex 212.000 149.479 17.637
    endloop
  endfacet
  facet normal 1.000000 0.000000 0.000000
    outer loop
      vertex 212.000 148.013 15.065
      vertex 212.000 149.479 17.637
      vertex 212.000 149.123 17.745
    endloop
  endfacet
  facet normal 0.000000 0.098017 0.995185
    outer loop
      vertex 174.000 148.914 14.792
      vertex 212.000 148.914 14.792
      vertex 212.000 149.850 14.700
    endloop
  endfacet
  facet normal 0.000000 0.098017 0.995185
    outer loop
      vertex 174.000 148.914 14.792
      vertex 212.000 149.850 14.700
      vertex 174.000 149.850 14.700
    endloop
  endfacet
  facet normal 0.000000 -0.098017 -0.995185
    outer loop
      vertex 174.000 149.850 17.600
      vertex 212.000 149.850 17.600
      vertex 212.000 149.479 17.637
    endloop
  endfacet
  facet normal 0.000000 -0.098017 -0.995185
    outer loop
      vertex 174.000 149.850 17.600
      vertex 212.000 149.479 17.637
      vertex 174.000 149.479 17.637
    endloop
  endfacet
  facet normal -1.000000 0.000000 0.000000
    outer loop
      vertex 174.000 149.850 14.700
      vertex 174.000 148.914 14.792
      vertex 174.000 149.479 17.637
    endloop
  endfacet
  facet normal -1.000000 0.000000 0.000000
    outer loop
      vertex 174.000 149.850 14.700
      vertex 174.000 149.479 17.637
      vertex 174.000 149.850 17.600
    endloop
  endfacet
  facet normal 1.000000 0.000000 0.000000
    outer loop
      vertex 212.000 148.914 14.792
      vertex 212.000 149.850 14.700
      vertex 212.000 149.850 17.600
    endloop
  endfacet
  facet normal 1.000000 0.000000 0.000000
    outer loop
      vertex 212.000 148.914 14.792
      vertex 212.000 149.850 17.600
      vertex 212.000 149.479 17.637
    endloop
  endfacet
  facet normal 0.000000 -0.098017 0.995185
    outer loop
      vertex 174.000 149.850 14.700
      vertex 212.000 149.850 14.700
      vertex 212.000 150.786 14.792
    endloop
  endfacet
  facet normal 0.000000 -0.098017 0.995185
    outer loop
      vertex 174.000 149.850 14.700
      vertex 212.000 150.786 14.792
      vertex 174.000 150.786 14.792
    endloop
  endfacet
  facet normal 0.000000 0.098017 -0.995185
    outer loop
      vertex 174.000 150.221 17.637
      vertex 212.000 150.221 17.637
      vertex 212.000 149.850 17.600
    endloop
  endfacet
  facet normal 0.000000 0.098017 -0.995185
    outer loop
      vertex 174.000 150.221 17.637
      vertex 212.000 149.850 17.600
      vertex 174.000 149.850 17.600
    endloop
  endfacet
  facet normal -1.000000 0.000000 0.000000
    outer loop
      vertex 174.000 150.786 14.792
      vertex 174.000 149.850 14.700
      vertex 174.000 149.850 17.600
    endloop
  endfacet
  facet normal -1.000000 0.000000 0.000000
    outer loop
      vertex 174.000 150.786 14.792
      vertex 174.000 149.850 17.600
      vertex 174.000 150.221 17.637
    endloop
  endfacet
  facet normal 1.000000 0.000000 0.000000
    outer loop
      vertex 212.000 149.850 14.700
      vertex 212.000 150.786 14.792
      vertex 212.000 150.221 17.637
    endloop
  endfacet
  facet normal 1.000000 0.000000 0.000000
    outer loop
      vertex 212.000 149.850 14.700
      vertex 212.000 150.221 17.637
      vertex 212.000 149.850 17.600
    endloop
  endfacet
  facet normal 0.000000 -0.290285 0.956940
    outer loop
      vertex 174.000 150.786 14.792
      vertex 212.000 150.786 14.792
      vertex 212.000 151.687 15.065
    endloop
  endfacet
  facet normal 0.000000 -0.290285 0.956940
    outer loop
      vertex 174.000 150.786 14.792
      vertex 212.000 151.687 15.065
      vertex 174.000 151.687 15.065
    endloop
  endfacet
  facet normal 0.000000 0.290285 -0.956940
    outer loop
      vertex 174.000 150.577 17.745
      vertex 212.000 150.577 17.745
      vertex 212.000 150.221 17.637
    endloop
  endfacet
  facet normal 0.000000 0.290285 -0.956940
    outer loop
      vertex 174.000 150.577 17.745
      vertex 212.000 150.221 17.637
      vertex 174.000 150.221 17.637
    endloop
  endfacet
  facet normal -1.000000 0.000000 0.000000
    outer loop
      vertex 174.000 151.687 15.065
      vertex 174.000 150.786 14.792
      vertex 174.000 150.221 17.637
    endloop
  endfacet
  facet normal -1.000000 0.000000 0.000000
    outer loop
      vertex 174.000 151.687 15.065
      vertex 174.000 150.221 17.637
      vertex 174.000 150.577 17.745
    endloop
  endfacet
  facet normal 1.000000 0.000000 0.000000
    outer loop
      vertex 212.000 150.786 14.792
      vertex 212.000 151.687 15.065
      vertex 212.000 150.577 17.745
    endloop
  endfacet
  facet normal 1.000000 0.000000 0.000000
    outer loop
      vertex 212.000 150.786 14.792
      vertex 212.000 150.577 17.745
      vertex 212.000 150.221 17.637
    endloop
  endfacet
  facet normal 0.000000 -0.471397 0.881921
    outer loop
      vertex 174.000 151.687 15.065
      vertex 212.000 151.687 15.065
      vertex 212.000 152.517 15.509
    endloop
  endfacet
  facet normal 0.000000 -0.471397 0.881921
    outer loop
      vertex 174.000 151.687 15.065
      vertex 212.000 152.517 15.509
      vertex 174.000 152.517 15.509
    endloop
  endfacet
  facet normal 0.000000 0.471397 -0.881921
    outer loop
      vertex 174.000 150.906 17.920
      vertex 212.000 150.906 17.920
      vertex 212.000 150.577 17.745
    endloop
  endfacet
  facet normal 0.000000 0.471397 -0.881921
    outer loop
      vertex 174.000 150.906 17.920
      vertex 212.000 150.577 17.745
      vertex 174.000 150.577 17.745
    endloop
  endfacet
  facet normal -1.000000 0.000000 0.000000
    outer loop
      vertex 174.000 152.517 15.509
      vertex 174.000 151.687 15.065
      vertex 174.000 150.577 17.745
    endloop
  endfacet
  facet normal -1.000000 0.000000 0.000000
    outer loop
      vertex 174.000 152.517 15.509
      vertex 174.000 150.577 17.745
      vertex 174.000 150.906 17.920
    endloop
  endfacet
  facet normal 1.000000 0.000000 0.000000
    outer loop
      vertex 212.000 151.687 15.065
      vertex 212.000 152.517 15.509
      vertex 212.000 150.906 17.920
    endloop
  endfacet
  facet normal 1.000000 0.000000 0.000000
    outer loop
      vertex 212.000 151.687 15.065
      vertex 212.000 150.906 17.920
      vertex 212.000 150.577 17.745
    endloop
  endfacet
  facet normal 0.000000 -0.634393 0.773010
    outer loop
      vertex 174.000 152.517 15.509
      vertex 212.000 152.517 15.509
      vertex 212.000 153.244 16.106
    endloop
  endfacet
  facet normal 0.000000 -0.634393 0.773010
    outer loop
      vertex 174.000 152.517 15.509
      vertex 212.000 153.244 16.106
      vertex 174.000 153.244 16.106
    endloop
  endfacet
  facet normal 0.000000 0.634393 -0.773010
    outer loop
      vertex 174.000 151.194 18.156
      vertex 212.000 151.194 18.156
      vertex 212.000 150.906 17.920
    endloop
  endfacet
  facet normal 0.000000 0.634393 -0.773010
    outer loop
      vertex 174.000 151.194 18.156
      vertex 212.000 150.906 17.920
      vertex 174.000 150.906 17.920
    endloop
  endfacet
  facet normal -1.000000 0.000000 0.000000
    outer loop
      vertex 174.000 153.244 16.106
      vertex 174.000 152.517 15.509
      vertex 174.000 150.906 17.920
    endloop
  endfacet
  facet normal -1.000000 0.000000 0.000000
    outer loop
      vertex 174.000 153.244 16.106
      vertex 174.000 150.906 17.920
      vertex 174.000 151.194 18.156
    endloop
  endfacet
  facet normal 1.000000 0.000000 0.000000
    outer loop
      vertex 212.000 152.517 15.509
      vertex 212.000 153.244 16.106
      vertex 212.000 151.194 18.156
    endloop
  endfacet
  facet normal 1.000000 0.000000 0.000000
    outer loop
      vertex 212.000 152.517 15.509
      vertex 212.000 151.194 18.156
      vertex 212.000 150.906 17.920
    endloop
  endfacet
  facet normal 0.000000 -0.773010 0.634393
    outer loop
      vertex 174.000 153.244 16.106
      vertex 212.000 153.244 16.106
      vertex 212.000 153.841 16.833
    endloop
  endfacet
  facet normal 0.000000 -0.773010 0.634393
    outer loop
      vertex 174.000 153.244 16.106
      vertex 212.000 153.841 16.833
      vertex 174.000 153.841 16.833
    endloop
  endfacet
  facet normal 0.000000 0.773010 -0.634393
    outer loop
      vertex 174.000 151.430 18.444
      vertex 212.000 151.430 18.444
      vertex 212.000 151.194 18.156
    endloop
  endfacet
  facet normal 0.000000 0.773010 -0.634393
    outer loop
      vertex 174.000 151.430 18.444
      vertex 212.000 151.194 18.156
      vertex 174.000 151.194 18.156
    endloop
  endfacet
  facet normal -1.000000 0.000000 0.000000
    outer loop
      vertex 174.000 153.841 16.833
      vertex 174.000 153.244 16.106
      vertex 174.000 151.194 18.156
    endloop
  endfacet
  facet normal -1.000000 0.000000 0.000000
    outer loop
      vertex 174.000 153.841 16.833
      vertex 174.000 151.194 18.156
      vertex 174.000 151.430 18.444
    endloop
  endfacet
  facet normal 1.000000 0.000000 0.000000
    outer loop
      vertex 212.000 153.244 16.106
      vertex 212.000 153.841 16.833
      vertex 212.000 151.430 18.444
    endloop
  endfacet
  facet normal 1.000000 0.000000 0.000000
    outer loop
      vertex 212.000 153.244 16.106
      vertex 212.000 151.430 18.444
      vertex 212.000 151.194 18.156
    endloop
  endfacet
  facet normal 0.000000 -0.881921 0.471397
    outer loop
      vertex 174.000 153.841 16.833
      vertex 212.000 153.841 16.833
      vertex 212.000 154.285 17.663
    endloop
  endfacet
  facet normal 0.000000 -0.881921 0.471397
    outer loop
      vertex 174.000 153.841 16.833
      vertex 212.000 154.285 17.663
      vertex 174.000 154.285 17.663
    endloop
  endfacet
  facet normal 0.000000 0.881921 -0.471397
    outer loop
      vertex 174.000 151.605 18.773
      vertex 212.000 151.605 18.773
      vertex 212.000 151.430 18.444
    endloop
  endfacet
  facet normal 0.000000 0.881921 -0.471397
    outer loop
      vertex 174.000 151.605 18.773
      vertex 212.000 151.430 18.444
      vertex 174.000 151.430 18.444
    endloop
  endfacet
  facet normal -1.000000 0.000000 0.000000
    outer loop
      vertex 174.000 154.285 17.663
      vertex 174.000 153.841 16.833
      vertex 174.000 151.430 18.444
    endloop
  endfacet
  facet normal -1.000000 0.000000 0.000000
    outer loop
      vertex 174.000 154.285 17.663
      vertex 174.000 151.430 18.444
      vertex 174.000 151.605 18.773
    endloop
  endfacet
  facet normal 1.000000 0.000000 0.000000
    outer loop
      vertex 212.000 153.841 16.833
      vertex 212.000 154.285 17.663
      vertex 212.000 151.605 18.773
    endloop
  endfacet
  facet normal 1.000000 0.000000 0.000000
    outer loop
      vertex 212.000 153.841 16.833
      vertex 212.000 151.605 18.773
      vertex 212.000 151.430 18.444
    endloop
  endfacet
  facet normal 0.000000 -0.956940 0.290285
    outer loop
      vertex 174.000 154.285 17.663
      vertex 212.000 154.285 17.663
      vertex 212.000 154.558 18.564
    endloop
  endfacet
  facet normal 0.000000 -0.956940 0.290285
    outer loop
      vertex 174.000 154.285 17.663
      vertex 212.000 154.558 18.564
      vertex 174.000 154.558 18.564
    endloop
  endfacet
  facet normal 0.000000 0.956940 -0.290285
    outer loop
      vertex 174.000 151.713 19.129
      vertex 212.000 151.713 19.129
      vertex 212.000 151.605 18.773
    endloop
  endfacet
  facet normal 0.000000 0.956940 -0.290285
    outer loop
      vertex 174.000 151.713 19.129
      vertex 212.000 151.605 18.773
      vertex 174.000 151.605 18.773
    endloop
  endfacet
  facet normal -1.000000 0.000000 0.000000
    outer loop
      vertex 174.000 154.558 18.564
      vertex 174.000 154.285 17.663
      vertex 174.000 151.605 18.773
    endloop
  endfacet
  facet normal -1.000000 0.000000 0.000000
    outer loop
      vertex 174.000 154.558 18.564
      vertex 174.000 151.605 18.773
      vertex 174.000 151.713 19.129
    endloop
  endfacet
  facet normal 1.000000 0.000000 0.000000
    outer loop
      vertex 212.000 154.285 17.663
      vertex 212.000 154.558 18.564
      vertex 212.000 151.713 19.129
    endloop
  endfacet
  facet normal 1.000000 0.000000 0.000000
    outer loop
      vertex 212.000 154.285 17.663
      vertex 212.000 151.713 19.129
      vertex 212.000 151.605 18.773
    endloop
  endfacet
  facet normal 0.000000 -0.995185 0.098017
    outer loop
      vertex 174.000 154.558 18.564
      vertex 212.000 154.558 18.564
      vertex 212.000 154.650 19.500
    endloop
  endfacet
  facet normal 0.000000 -0.995185 0.098017
    outer loop
      vertex 174.000 154.558 18.564
      vertex 212.000 154.650 19.500
      vertex 174.000 154.650 19.500
    endloop
  endfacet
  facet normal 0.000000 0.995185 -0.098017
    outer loop
      vertex 174.000 151.750 19.500
      vertex 212.000 151.750 19.500
      vertex 212.000 151.713 19.129
    endloop
  endfacet
  facet normal 0.000000 0.995185 -0.098017
    outer loop
      vertex 174.000 151.750 19.500
      vertex 212.000 151.713 19.129
      vertex 174.000 151.713 19.129
    endloop
  endfacet
  facet normal -1.000000 0.000000 0.000000
    outer loop
      vertex 174.000 154.650 19.500
      vertex 174.000 154.558 18.564
      vertex 174.000 151.713 19.129
    endloop
  endfacet
  facet normal -1.000000 0.000000 0.000000
    outer loop
      vertex 174.000 154.650 19.500
      vertex 174.000 151.713 19.129
      vertex 174.000 151.750 19.500
    endloop
  endfacet
  facet normal 1.000000 0.000000 0.000000
    outer loop
      vertex 212.000 154.558 18.564
      vertex 212.000 154.650 19.500
      vertex 212.000 151.750 19.500
    endloop
  endfacet
  facet normal 1.000000 0.000000 0.000000
    outer loop
      vertex 212.000 154.558 18.564
      vertex 212.000 151.750 19.500
      vertex 212.000 151.713 19.129
    endloop
  endfacet
  facet normal 0.000000 -0.991445 -0.130526
    outer loop
      vertex 9.000 70.300 1.450
      vertex 215.000 70.300 1.450
      vertex 215.000 70.251 1.825
    endloop
  endfacet
  facet normal 0.000000 -0.991445 -0.130526
    outer loop
      vertex 9.000 70.300 1.450
      vertex 215.000 70.251 1.825
      vertex 9.000 70.251 1.825
    endloop
  endfacet
  facet normal 0.000000 -0.923880 -0.382683
    outer loop
      vertex 9.000 70.251 1.825
      vertex 215.000 70.251 1.825
      vertex 215.000 70.106 2.175
    endloop
  endfacet
  facet normal 0.000000 -0.923880 -0.382683
    outer loop
      vertex 9.000 70.251 1.825
      vertex 215.000 70.106 2.175
      vertex 9.000 70.106 2.175
    endloop
  endfacet
  facet normal 0.000000 -0.793353 -0.608761
    outer loop
      vertex 9.000 70.106 2.175
      vertex 215.000 70.106 2.175
      vertex 215.000 69.875 2.475
    endloop
  endfacet
  facet normal 0.000000 -0.793353 -0.608761
    outer loop
      vertex 9.000 70.106 2.175
      vertex 215.000 69.875 2.475
      vertex 9.000 69.875 2.475
    endloop
  endfacet
  facet normal 0.000000 -0.608761 -0.793353
    outer loop
      vertex 9.000 69.875 2.475
      vertex 215.000 69.875 2.475
      vertex 215.000 69.575 2.706
    endloop
  endfacet
  facet normal 0.000000 -0.608761 -0.793353
    outer loop
      vertex 9.000 69.875 2.475
      vertex 215.000 69.575 2.706
      vertex 9.000 69.575 2.706
    endloop
  endfacet
  facet normal 0.000000 -0.382683 -0.923880
    outer loop
      vertex 9.000 69.575 2.706
      vertex 215.000 69.575 2.706
      vertex 215.000 69.225 2.851
    endloop
  endfacet
  facet normal 0.000000 -0.382683 -0.923880
    outer loop
      vertex 9.000 69.575 2.706
      vertex 215.000 69.225 2.851
      vertex 9.000 69.225 2.851
    endloop
  endfacet
  facet normal 0.000000 -0.130526 -0.991445
    outer loop
      vertex 9.000 69.225 2.851
      vertex 215.000 69.225 2.851
      vertex 215.000 68.850 2.900
    endloop
  endfacet
  facet normal 0.000000 -0.130526 -0.991445
    outer loop
      vertex 9.000 69.225 2.851
      vertex 215.000 68.850 2.900
      vertex 9.000 68.850 2.900
    endloop
  endfacet
  facet normal 0.000000 0.130526 -0.991445
    outer loop
      vertex 9.000 68.850 2.900
      vertex 215.000 68.850 2.900
      vertex 215.000 68.475 2.851
    endloop
  endfacet
  facet normal 0.000000 0.130526 -0.991445
    outer loop
      vertex 9.000 68.850 2.900
      vertex 215.000 68.475 2.851
      vertex 9.000 68.475 2.851
    endloop
  endfacet
  facet normal 0.000000 0.382683 -0.923880
    outer loop
      vertex 9.000 68.475 2.851
      vertex 215.000 68.475 2.851
      vertex 215.000 68.125 2.706
    endloop
  endfacet
  facet normal 0.000000 0.382683 -0.923880
    outer loop
      vertex 9.000 68.475 2.851
      vertex 215.000 68.125 2.706
      vertex 9.000 68.125 2.706
    endloop
  endfacet
  facet normal 0.000000 0.608761 -0.793353
    outer loop
      vertex 9.000 68.125 2.706
      vertex 215.000 68.125 2.706
      vertex 215.000 67.825 2.475
    endloop
  endfacet
  facet normal 0.000000 0.608761 -0.793353
    outer loop
      vertex 9.000 68.125 2.706
      vertex 215.000 67.825 2.475
      vertex 9.000 67.825 2.475
    endloop
  endfacet
  facet normal 0.000000 0.793353 -0.608761
    outer loop
      vertex 9.000 67.825 2.475
      vertex 215.000 67.825 2.475
      vertex 215.000 67.594 2.175
    endloop
  endfacet
  facet normal 0.000000 0.793353 -0.608761
    outer loop
      vertex 9.000 67.825 2.475
      vertex 215.000 67.594 2.175
      vertex 9.000 67.594 2.175
    endloop
  endfacet
  facet normal 0.000000 0.923880 -0.382683
    outer loop
      vertex 9.000 67.594 2.175
      vertex 215.000 67.594 2.175
      vertex 215.000 67.449 1.825
    endloop
  endfacet
  facet normal 0.000000 0.923880 -0.382683
    outer loop
      vertex 9.000 67.594 2.175
      vertex 215.000 67.449 1.825
      vertex 9.000 67.449 1.825
    endloop
  endfacet
  facet normal 0.000000 0.991445 -0.130526
    outer loop
      vertex 9.000 67.449 1.825
      vertex 215.000 67.449 1.825
      vertex 215.000 67.400 1.450
    endloop
  endfacet
  facet normal 0.000000 0.991445 -0.130526
    outer loop
      vertex 9.000 67.449 1.825
      vertex 215.000 67.400 1.450
      vertex 9.000 67.400 1.450
    endloop
  endfacet
  facet normal 0.000000 0.991445 0.130526
    outer loop
      vertex 9.000 67.400 1.450
      vertex 215.000 67.400 1.450
      vertex 215.000 67.449 1.075
    endloop
  endfacet
  facet normal 0.000000 0.991445 0.130526
    outer loop
      vertex 9.000 67.400 1.450
      vertex 215.000 67.449 1.075
      vertex 9.000 67.449 1.075
    endloop
  endfacet
  facet normal 0.000000 0.923880 0.382683
    outer loop
      vertex 9.000 67.449 1.075
      vertex 215.000 67.449 1.075
      vertex 215.000 67.594 0.725
    endloop
  endfacet
  facet normal 0.000000 0.923880 0.382683
    outer loop
      vertex 9.000 67.449 1.075
      vertex 215.000 67.594 0.725
      vertex 9.000 67.594 0.725
    endloop
  endfacet
  facet normal 0.000000 0.793353 0.608761
    outer loop
      vertex 9.000 67.594 0.725
      vertex 215.000 67.594 0.725
      vertex 215.000 67.825 0.425
    endloop
  endfacet
  facet normal 0.000000 0.793353 0.608761
    outer loop
      vertex 9.000 67.594 0.725
      vertex 215.000 67.825 0.425
      vertex 9.000 67.825 0.425
    endloop
  endfacet
  facet normal 0.000000 0.608761 0.793353
    outer loop
      vertex 9.000 67.825 0.425
      vertex 215.000 67.825 0.425
      vertex 215.000 68.125 0.194
    endloop
  endfacet
  facet normal 0.000000 0.608761 0.793353
    outer loop
      vertex 9.000 67.825 0.425
      vertex 215.000 68.125 0.194
      vertex 9.000 68.125 0.194
    endloop
  endfacet
  facet normal 0.000000 0.382683 0.923880
    outer loop
      vertex 9.000 68.125 0.194
      vertex 215.000 68.125 0.194
      vertex 215.000 68.475 0.049
    endloop
  endfacet
  facet normal 0.000000 0.382683 0.923880
    outer loop
      vertex 9.000 68.125 0.194
      vertex 215.000 68.475 0.049
      vertex 9.000 68.475 0.049
    endloop
  endfacet
  facet normal 0.000000 0.130526 0.991445
    outer loop
      vertex 9.000 68.475 0.049
      vertex 215.000 68.475 0.049
      vertex 215.000 68.850 0.000
    endloop
  endfacet
  facet normal 0.000000 0.130526 0.991445
    outer loop
      vertex 9.000 68.475 0.049
      vertex 215.000 68.850 0.000
      vertex 9.000 68.850 0.000
    endloop
  endfacet
  facet normal 0.000000 -0.130526 0.991445
    outer loop
      vertex 9.000 68.850 0.000
      vertex 215.000 68.850 0.000
      vertex 215.000 69.225 0.049
    endloop
  endfacet
  facet normal 0.000000 -0.130526 0.991445
    outer loop
      vertex 9.000 68.850 0.000
      vertex 215.000 69.225 0.049
      vertex 9.000 69.225 0.049
    endloop
  endfacet
  facet normal 0.000000 -0.382683 0.923880
    outer loop
      vertex 9.000 69.225 0.049
      vertex 215.000 69.225 0.049
      vertex 215.000 69.575 0.194
    endloop
  endfacet
  facet normal 0.000000 -0.382683 0.923880
    outer loop
      vertex 9.000 69.225 0.049
      vertex 215.000 69.575 0.194
      vertex 9.000 69.575 0.194
    endloop
  endfacet
  facet normal 0.000000 -0.608761 0.793353
    outer loop
      vertex 9.000 69.575 0.194
      vertex 215.000 69.575 0.194
      vertex 215.000 69.875 0.425
    endloop
  endfacet
  facet normal 0.000000 -0.608761 0.793353
    outer loop
      vertex 9.000 69.575 0.194
      vertex 215.000 69.875 0.425
      vertex 9.000 69.875 0.425
    endloop
  endfacet
  facet normal 0.000000 -0.793353 0.608761
    outer loop
      vertex 9.000 69.875 0.425
      vertex 215.000 69.875 0.425
      vertex 215.000 70.106 0.725
    endloop
  endfacet
  facet normal 0.000000 -0.793353 0.608761
    outer loop
      vertex 9.000 69.875 0.425
      vertex 215.000 70.106 0.725
      vertex 9.000 70.106 0.725
    endloop
  endfacet
  facet normal 0.000000 -0.923880 0.382683
    outer loop
      vertex 9.000 70.106 0.725
      vertex 215.000 70.106 0.725
      vertex 215.000 70.251 1.075
    endloop
  endfacet
  facet normal 0.000000 -0.923880 0.382683
    outer loop
      vertex 9.000 70.106 0.725
      vertex 215.000 70.251 1.075
      vertex 9.000 70.251 1.075
    endloop
  endfacet
  facet normal 0.000000 -0.991445 0.130526
    outer loop
      vertex 9.000 70.251 1.075
      vertex 215.000 70.251 1.075
      vertex 215.000 70.300 1.450
    endloop
  endfacet
  facet normal 0.000000 -0.991445 0.130526
    outer loop
      vertex 9.000 70.251 1.075
      vertex 215.000 70.300 1.450
      vertex 9.000 70.300 1.450
    endloop
  endfacet
  facet normal -1.000000 0.000000 0.000000
    outer loop
      vertex 9.000 68.850 1.450
      vertex 9.000 70.251 1.825
      vertex 9.000 70.300 1.450
    endloop
  endfacet
  facet normal 1.000000 0.000000 0.000000
    outer loop
      vertex 215.000 68.850 1.450
      vertex 215.000 70.300 1.450
      vertex 215.000 70.251 1.825
    endloop
  endfacet
  facet normal -1.000000 0.000000 0.000000
    outer loop
      vertex 9.000 68.850 1.450
      vertex 9.000 70.106 2.175
      vertex 9.000 70.251 1.825
    endloop
  endfacet
  facet normal 1.000000 0.000000 0.000000
    outer loop
      vertex 215.000 68.850 1.450
      vertex 215.000 70.251 1.825
      vertex 215.000 70.106 2.175
    endloop
  endfacet
  facet normal -1.000000 0.000000 0.000000
    outer loop
      vertex 9.000 68.850 1.450
      vertex 9.000 69.875 2.475
      vertex 9.000 70.106 2.175
    endloop
  endfacet
  facet normal 1.000000 0.000000 0.000000
    outer loop
      vertex 215.000 68.850 1.450
      vertex 215.000 70.106 2.175
      vertex 215.000 69.875 2.475
    endloop
  endfacet
  facet normal -1.000000 0.000000 0.000000
    outer loop
      vertex 9.000 68.850 1.450
      vertex 9.000 69.575 2.706
      vertex 9.000 69.875 2.475
    endloop
  endfacet
  facet normal 1.000000 0.000000 0.000000
    outer loop
      vertex 215.000 68.850 1.450
      vertex 215.000 69.875 2.475
      vertex 215.000 69.575 2.706
    endloop
  endfacet
  facet normal -1.000000 0.000000 0.000000
    outer loop
      vertex 9.000 68.850 1.450
      vertex 9.000 69.225 2.851
      vertex 9.000 69.575 2.706
    endloop
  endfacet
  facet normal 1.000000 0.000000 0.000000
    outer loop
      vertex 215.000 68.850 1.450
      vertex 215.000 69.575 2.706
      vertex 215.000 69.225 2.851
    endloop
  endfacet
  facet normal -1.000000 0.000000 0.000000
    outer loop
      vertex 9.000 68.850 1.450
      vertex 9.000 68.850 2.900
      vertex 9.000 69.225 2.851
    endloop
  endfacet
  facet normal 1.000000 0.000000 0.000000
    outer loop
      vertex 215.000 68.850 1.450
      vertex 215.000 69.225 2.851
      vertex 215.000 68.850 2.900
    endloop
  endfacet
  facet normal -1.000000 0.000000 0.000000
    outer loop
      vertex 9.000 68.850 1.450
      vertex 9.000 68.475 2.851
      vertex 9.000 68.850 2.900
    endloop
  endfacet
  facet normal 1.000000 0.000000 0.000000
    outer loop
      vertex 215.000 68.850 1.450
      vertex 215.000 68.850 2.900
      vertex 215.000 68.475 2.851
    endloop
  endfacet
  facet normal -1.000000 0.000000 0.000000
    outer loop
      vertex 9.000 68.850 1.450
      vertex 9.000 68.125 2.706
      vertex 9.000 68.475 2.851
    endloop
  endfacet
  facet normal 1.000000 0.000000 0.000000
    outer loop
      vertex 215.000 68.850 1.450
      vertex 215.000 68.475 2.851
      vertex 215.000 68.125 2.706
    endloop
  endfacet
  facet normal -1.000000 0.000000 0.000000
    outer loop
      vertex 9.000 68.850 1.450
      vertex 9.000 67.825 2.475
      vertex 9.000 68.125 2.706
    endloop
  endfacet
  facet normal 1.000000 0.000000 0.000000
    outer loop
      vertex 215.000 68.850 1.450
      vertex 215.000 68.125 2.706
      vertex 215.000 67.825 2.475
    endloop
  endfacet
  facet normal -1.000000 0.000000 0.000000
    outer loop
      vertex 9.000 68.850 1.450
      vertex 9.000 67.594 2.175
      vertex 9.000 67.825 2.475
    endloop
  endfacet
  facet normal 1.000000 0.000000 0.000000
    outer loop
      vertex 215.000 68.850 1.450
      vertex 215.000 67.825 2.475
      vertex 215.000 67.594 2.175
    endloop
  endfacet
  facet normal -1.000000 0.000000 0.000000
    outer loop
      vertex 9.000 68.850 1.450
      vertex 9.000 67.449 1.825
      vertex 9.000 67.594 2.175
    endloop
  endfacet
  facet normal 1.000000 0.000000 0.000000
    outer loop
      vertex 215.000 68.850 1.450
      vertex 215.000 67.594 2.175
      vertex 215.000 67.449 1.825
    endloop
  endfacet
  facet normal -1.000000 0.000000 0.000000
    outer loop
      vertex 9.000 68.850 1.450
      vertex 9.000 67.400 1.450
      vertex 9.000 67.449 1.825
    endloop
  endfacet
  facet normal 1.000000 0.000000 0.000000
    outer loop
      vertex 215.000 68.850 1.450
      vertex 215.000 67.449 1.825
      vertex 215.000 67.400 1.450
    endloop
  endfacet
  facet normal -1.000000 0.000000 0.000000
    outer loop
      vertex 9.000 68.850 1.450
      vertex 9.000 67.449 1.075
      vertex 9.000 67.400 1.450
    endloop
  endfacet
  facet normal 1.000000 0.000000 0.000000
    outer loop
      vertex 215.000 68.850 1.450
      vertex 215.000 67.400 1.450
      vertex 215.000 67.449 1.075
    endloop
  endfacet
  facet normal -1.000000 0.000000 0.000000
    outer loop
      vertex 9.000 68.850 1.450
      vertex 9.000 67.594 0.725
      vertex 9.000 67.449 1.075
    endloop
  endfacet
  facet normal 1.000000 0.000000 0.000000
    outer loop
      vertex 215.000 68.850 1.450
      vertex 215.000 67.449 1.075
      vertex 215.000 67.594 0.725
    endloop
  endfacet
  facet normal -1.000000 0.000000 0.000000
    outer loop
      vertex 9.000 68.850 1.450
      vertex 9.000 67.825 0.425
      vertex 9.000 67.594 0.725
    endloop
  endfacet
  facet normal 1.000000 0.000000 0.000000
    outer loop
      vertex 215.000 68.850 1.450
      vertex 215.000 67.594 0.725
      vertex 215.000 67.825 0.425
    endloop
  endfacet
  facet normal -1.000000 0.000000 0.000000
    outer loop
      vertex 9.000 68.850 1.450
      vertex 9.000 68.125 0.194
      vertex 9.000 67.825 0.425
    endloop
  endfacet
  facet normal 1.000000 0.000000 0.000000
    outer loop
      vertex 215.000 68.850 1.450
      vertex 215.000 67.825 0.425
      vertex 215.000 68.125 0.194
    endloop
  endfacet
  facet normal -1.000000 0.000000 0.000000
    outer loop
      vertex 9.000 68.850 1.450
      vertex 9.000 68.475 0.049
      vertex 9.000 68.125 0.194
    endloop
  endfacet
  facet normal 1.000000 0.000000 0.000000
    outer loop
      vertex 215.000 68.850 1.450
      vertex 215.000 68.125 0.194
      vertex 215.000 68.475 0.049
    endloop
  endfacet
  facet normal -1.000000 0.000000 0.000000
    outer loop
      vertex 9.000 68.850 1.450
      vertex 9.000 68.850 0.000
      vertex 9.000 68.475 0.049
    endloop
  endfacet
  facet normal 1.000000 0.000000 0.000000
    outer loop
      vertex 215.000 68.850 1.450
      vertex 215.000 68.475 0.049
      vertex 215.000 68.850 0.000
    endloop
  endfacet
  facet normal -1.000000 0.000000 0.000000
    outer loop
      vertex 9.000 68.850 1.450
      vertex 9.000 69.225 0.049
      vertex 9.000 68.850 0.000
    endloop
  endfacet
  facet normal 1.000000 0.000000 0.000000
    outer loop
      vertex 215.000 68.850 1.450
      vertex 215.000 68.850 0.000
      vertex 215.000 69.225 0.049
    endloop
  endfacet
  facet normal -1.000000 0.000000 0.000000
    outer loop
      vertex 9.000 68.850 1.450
      vertex 9.000 69.575 0.194
      vertex 9.000 69.225 0.049
    endloop
  endfacet
  facet normal 1.000000 0.000000 0.000000
    outer loop
      vertex 215.000 68.850 1.450
      vertex 215.000 69.225 0.049
      vertex 215.000 69.575 0.194
    endloop
  endfacet
  facet normal -1.000000 0.000000 0.000000
    outer loop
      vertex 9.000 68.850 1.450
      vertex 9.000 69.875 0.425
      vertex 9.000 69.575 0.194
    endloop
  endfacet
  facet normal 1.000000 0.000000 0.000000
    outer loop
      vertex 215.000 68.850 1.450
      vertex 215.000 69.575 0.194
      vertex 215.000 69.875 0.425
    endloop
  endfacet
  facet normal -1.000000 0.000000 0.000000
    outer loop
      vertex 9.000 68.850 1.450
      vertex 9.000 70.106 0.725
      vertex 9.000 69.875 0.425
    endloop
  endfacet
  facet normal 1.000000 0.000000 0.000000
    outer loop
      vertex 215.000 68.850 1.450
      vertex 215.000 69.875 0.425
      vertex 215.000 70.106 0.725
    endloop
  endfacet
  facet normal -1.000000 0.000000 0.000000
    outer loop
      vertex 9.000 68.850 1.450
      vertex 9.000 70.251 1.075
      vertex 9.000 70.106 0.725
    endloop
  endfacet
  facet normal 1.000000 0.000000 0.000000
    outer loop
      vertex 215.000 68.850 1.450
      vertex 215.000 70.106 0.725
      vertex 215.000 70.251 1.075
    endloop
  endfacet
  facet normal -1.000000 0.000000 0.000000
    outer loop
      vertex 9.000 68.850 1.450
      vertex 9.000 70.300 1.450
      vertex 9.000 70.251 1.075
    endloop
  endfacet
  facet normal 1.000000 0.000000 0.000000
    outer loop
      vertex 215.000 68.850 1.450
      vertex 215.000 70.251 1.075
      vertex 215.000 70.300 1.450
    endloop
  endfacet
  facet normal 0.000000 0.000000 1.000000
    outer loop
      vertex 4.000 65.350 0.000
      vertex 9.000 65.350 0.000
      vertex 9.000 72.350 0.000
    endloop
  endfacet
  facet normal 0.000000 0.000000 1.000000
    outer loop
      vertex 4.000 65.350 0.000
      vertex 9.000 72.350 0.000
      vertex 4.000 72.350 0.000
    endloop
  endfacet
  facet normal 0.000000 0.000000 -1.000000
    outer loop
      vertex 4.000 65.350 2.900
      vertex 4.000 72.350 2.900
      vertex 9.000 72.350 2.900
    endloop
  endfacet
  facet normal 0.000000 0.000000 -1.000000
    outer loop
      vertex 4.000 65.350 2.900
      vertex 9.000 72.350 2.900
      vertex 9.000 65.350 2.900
    endloop
  endfacet
  facet normal 0.000000 1.000000 0.000000
    outer loop
      vertex 4.000 65.350 0.000
      vertex 4.000 65.350 2.900
      vertex 9.000 65.350 2.900
    endloop
  endfacet
  facet normal 0.000000 1.000000 0.000000
    outer loop
      vertex 4.000 65.350 0.000
      vertex 9.000 65.350 2.900
      vertex 9.000 65.350 0.000
    endloop
  endfacet
  facet normal -1.000000 0.000000 0.000000
    outer loop
      vertex 9.000 65.350 0.000
      vertex 9.000 65.350 2.900
      vertex 9.000 72.350 2.900
    endloop
  endfacet
  facet normal -1.000000 0.000000 0.000000
    outer loop
      vertex 9.000 65.350 0.000
      vertex 9.000 72.350 2.900
      vertex 9.000 72.350 0.000
    endloop
  endfacet
  facet normal 0.000000 -1.000000 0.000000
    outer loop
      vertex 9.000 72.350 0.000
      vertex 9.000 72.350 2.900
      vertex 4.000 72.350 2.900
    endloop
  endfacet
  facet normal 0.000000 -1.000000 0.000000
    outer loop
      vertex 9.000 72.350 0.000
      vertex 4.000 72.350 2.900
      vertex 4.000 72.350 0.000
    endloop
  endfacet
  facet normal 1.000000 0.000000 0.000000
    outer loop
      vertex 4.000 72.350 0.000
      vertex 4.000 72.350 2.900
      vertex 4.000 65.350 2.900
    endloop
  endfacet
  facet normal 1.000000 0.000000 0.000000
    outer loop
      vertex 4.000 72.350 0.000
      vertex 4.000 65.350 2.900
      vertex 4.000 65.350 0.000
    endloop
  endfacet
endsolid food_caddy_k1se_hinge_kit_plate_bed_centered
