solid food_caddy_k1se_accessories_everything_v2
  facet normal 0.000000 -1.000000 0.000000
    outer loop
      vertex -78.000 -79.000 0.000
      vertex 78.000 -79.000 0.000
      vertex 78.000 -79.000 2.800
    endloop
  endfacet
  facet normal 0.000000 -1.000000 0.000000
    outer loop
      vertex -78.000 -79.000 0.000
      vertex 78.000 -79.000 2.800
      vertex -78.000 -79.000 2.800
    endloop
  endfacet
  facet normal 0.000000 1.000000 0.000000
    outer loop
      vertex 74.000 -72.000 0.000
      vertex -74.000 -72.000 0.000
      vertex -74.000 -72.000 2.800
    endloop
  endfacet
  facet normal 0.000000 1.000000 0.000000
    outer loop
      vertex 74.000 -72.000 0.000
      vertex -74.000 -72.000 2.800
      vertex 74.000 -72.000 2.800
    endloop
  endfacet
  facet normal 0.000000 0.000000 1.000000
    outer loop
      vertex -78.000 -79.000 2.800
      vertex 78.000 -79.000 2.800
      vertex 74.000 -72.000 2.800
    endloop
  endfacet
  facet normal 0.000000 0.000000 1.000000
    outer loop
      vertex -78.000 -79.000 2.800
      vertex 74.000 -72.000 2.800
      vertex -74.000 -72.000 2.800
    endloop
  endfacet
  facet normal 0.000000 0.000000 -1.000000
    outer loop
      vertex 78.000 -79.000 0.000
      vertex -78.000 -79.000 0.000
      vertex -74.000 -72.000 0.000
    endloop
  endfacet
  facet normal 0.000000 0.000000 -1.000000
    outer loop
      vertex 78.000 -79.000 0.000
      vertex -74.000 -72.000 0.000
      vertex 74.000 -72.000 0.000
    endloop
  endfacet
  facet normal 0.707107 -0.707107 0.000000
    outer loop
      vertex 78.000 -79.000 0.000
      vertex 99.000 -58.000 0.000
      vertex 99.000 -58.000 2.800
    endloop
  endfacet
  facet normal 0.707107 -0.707107 0.000000
    outer loop
      vertex 78.000 -79.000 0.000
      vertex 99.000 -58.000 2.800
      vertex 78.000 -79.000 2.800
    endloop
  endfacet
  facet normal -0.707107 0.707107 0.000000
    outer loop
      vertex 92.000 -54.000 0.000
      vertex 74.000 -72.000 0.000
      vertex 74.000 -72.000 2.800
    endloop
  endfacet
  facet normal -0.707107 0.707107 0.000000
    outer loop
      vertex 92.000 -54.000 0.000
      vertex 74.000 -72.000 2.800
      vertex 92.000 -54.000 2.800
    endloop
  endfacet
  facet normal 0.000000 0.000000 1.000000
    outer loop
      vertex 78.000 -79.000 2.800
      vertex 99.000 -58.000 2.800
      vertex 92.000 -54.000 2.800
    endloop
  endfacet
  facet normal 0.000000 0.000000 1.000000
    outer loop
      vertex 78.000 -79.000 2.800
      vertex 92.000 -54.000 2.800
      vertex 74.000 -72.000 2.800
    endloop
  endfacet
  facet normal 0.000000 0.000000 -1.000000
    outer loop
      vertex 99.000 -58.000 0.000
      vertex 78.000 -79.000 0.000
      vertex 74.000 -72.000 0.000
    endloop
  endfacet
  facet normal 0.000000 0.000000 -1.000000
    outer loop
      vertex 99.000 -58.000 0.000
      vertex 74.000 -72.000 0.000
      vertex 92.000 -54.000 0.000
    endloop
  endfacet
  facet normal 1.000000 0.000000 0.000000
    outer loop
      vertex 99.000 -58.000 0.000
      vertex 99.000 58.000 0.000
      vertex 99.000 58.000 2.800
    endloop
  endfacet
  facet normal 1.000000 0.000000 0.000000
    outer loop
      vertex 99.000 -58.000 0.000
      vertex 99.000 58.000 2.800
      vertex 99.000 -58.000 2.800
    endloop
  endfacet
  facet normal -1.000000 0.000000 0.000000
    outer loop
      vertex 92.000 54.000 0.000
      vertex 92.000 -54.000 0.000
      vertex 92.000 -54.000 2.800
    endloop
  endfacet
  facet normal -1.000000 0.000000 0.000000
    outer loop
      vertex 92.000 54.000 0.000
      vertex 92.000 -54.000 2.800
      vertex 92.000 54.000 2.800
    endloop
  endfacet
  facet normal 0.000000 0.000000 1.000000
    outer loop
      vertex 99.000 -58.000 2.800
      vertex 99.000 58.000 2.800
      vertex 92.000 54.000 2.800
    endloop
  endfacet
  facet normal 0.000000 0.000000 1.000000
    outer loop
      vertex 99.000 -58.000 2.800
      vertex 92.000 54.000 2.800
      vertex 92.000 -54.000 2.800
    endloop
  endfacet
  facet normal 0.000000 0.000000 -1.000000
    outer loop
      vertex 99.000 58.000 0.000
      vertex 99.000 -58.000 0.000
      vertex 92.000 -54.000 0.000
    endloop
  endfacet
  facet normal 0.000000 0.000000 -1.000000
    outer loop
      vertex 99.000 58.000 0.000
      vertex 92.000 -54.000 0.000
      vertex 92.000 54.000 0.000
    endloop
  endfacet
  facet normal 0.707107 0.707107 0.000000
    outer loop
      vertex 99.000 58.000 0.000
      vertex 78.000 79.000 0.000
      vertex 78.000 79.000 2.800
    endloop
  endfacet
  facet normal 0.707107 0.707107 0.000000
    outer loop
      vertex 99.000 58.000 0.000
      vertex 78.000 79.000 2.800
      vertex 99.000 58.000 2.800
    endloop
  endfacet
  facet normal -0.707107 -0.707107 0.000000
    outer loop
      vertex 74.000 72.000 0.000
      vertex 92.000 54.000 0.000
      vertex 92.000 54.000 2.800
    endloop
  endfacet
  facet normal -0.707107 -0.707107 0.000000
    outer loop
      vertex 74.000 72.000 0.000
      vertex 92.000 54.000 2.800
      vertex 74.000 72.000 2.800
    endloop
  endfacet
  facet normal 0.000000 0.000000 1.000000
    outer loop
      vertex 99.000 58.000 2.800
      vertex 78.000 79.000 2.800
      vertex 74.000 72.000 2.800
    endloop
  endfacet
  facet normal 0.000000 0.000000 1.000000
    outer loop
      vertex 99.000 58.000 2.800
      vertex 74.000 72.000 2.800
      vertex 92.000 54.000 2.800
    endloop
  endfacet
  facet normal 0.000000 0.000000 -1.000000
    outer loop
      vertex 78.000 79.000 0.000
      vertex 99.000 58.000 0.000
      vertex 92.000 54.000 0.000
    endloop
  endfacet
  facet normal 0.000000 0.000000 -1.000000
    outer loop
      vertex 78.000 79.000 0.000
      vertex 92.000 54.000 0.000
      vertex 74.000 72.000 0.000
    endloop
  endfacet
  facet normal 0.000000 1.000000 0.000000
    outer loop
      vertex 78.000 79.000 0.000
      vertex -78.000 79.000 0.000
      vertex -78.000 79.000 2.800
    endloop
  endfacet
  facet normal 0.000000 1.000000 0.000000
    outer loop
      vertex 78.000 79.000 0.000
      vertex -78.000 79.000 2.800
      vertex 78.000 79.000 2.800
    endloop
  endfacet
  facet normal 0.000000 -1.000000 0.000000
    outer loop
      vertex -74.000 72.000 0.000
      vertex 74.000 72.000 0.000
      vertex 74.000 72.000 2.800
    endloop
  endfacet
  facet normal 0.000000 -1.000000 0.000000
    outer loop
      vertex -74.000 72.000 0.000
      vertex 74.000 72.000 2.800
      vertex -74.000 72.000 2.800
    endloop
  endfacet
  facet normal 0.000000 0.000000 1.000000
    outer loop
      vertex 78.000 79.000 2.800
      vertex -78.000 79.000 2.800
      vertex -74.000 72.000 2.800
    endloop
  endfacet
  facet normal 0.000000 0.000000 1.000000
    outer loop
      vertex 78.000 79.000 2.800
      vertex -74.000 72.000 2.800
      vertex 74.000 72.000 2.800
    endloop
  endfacet
  facet normal 0.000000 0.000000 -1.000000
    outer loop
      vertex -78.000 79.000 0.000
      vertex 78.000 79.000 0.000
      vertex 74.000 72.000 0.000
    endloop
  endfacet
  facet normal 0.000000 0.000000 -1.000000
    outer loop
      vertex -78.000 79.000 0.000
      vertex 74.000 72.000 0.000
      vertex -74.000 72.000 0.000
    endloop
  endfacet
  facet normal -0.707107 0.707107 0.000000
    outer loop
      vertex -78.000 79.000 0.000
      vertex -99.000 58.000 0.000
      vertex -99.000 58.000 2.800
    endloop
  endfacet
  facet normal -0.707107 0.707107 0.000000
    outer loop
      vertex -78.000 79.000 0.000
      vertex -99.000 58.000 2.800
      vertex -78.000 79.000 2.800
    endloop
  endfacet
  facet normal 0.707107 -0.707107 0.000000
    outer loop
      vertex -92.000 54.000 0.000
      vertex -74.000 72.000 0.000
      vertex -74.000 72.000 2.800
    endloop
  endfacet
  facet normal 0.707107 -0.707107 0.000000
    outer loop
      vertex -92.000 54.000 0.000
      vertex -74.000 72.000 2.800
      vertex -92.000 54.000 2.800
    endloop
  endfacet
  facet normal 0.000000 0.000000 1.000000
    outer loop
      vertex -78.000 79.000 2.800
      vertex -99.000 58.000 2.800
      vertex -92.000 54.000 2.800
    endloop
  endfacet
  facet normal 0.000000 0.000000 1.000000
    outer loop
      vertex -78.000 79.000 2.800
      vertex -92.000 54.000 2.800
      vertex -74.000 72.000 2.800
    endloop
  endfacet
  facet normal 0.000000 0.000000 -1.000000
    outer loop
      vertex -99.000 58.000 0.000
      vertex -78.000 79.000 0.000
      vertex -74.000 72.000 0.000
    endloop
  endfacet
  facet normal 0.000000 0.000000 -1.000000
    outer loop
      vertex -99.000 58.000 0.000
      vertex -74.000 72.000 0.000
      vertex -92.000 54.000 0.000
    endloop
  endfacet
  facet normal -1.000000 0.000000 0.000000
    outer loop
      vertex -99.000 58.000 0.000
      vertex -99.000 -58.000 0.000
      vertex -99.000 -58.000 2.800
    endloop
  endfacet
  facet normal -1.000000 0.000000 0.000000
    outer loop
      vertex -99.000 58.000 0.000
      vertex -99.000 -58.000 2.800
      vertex -99.000 58.000 2.800
    endloop
  endfacet
  facet normal 1.000000 0.000000 0.000000
    outer loop
      vertex -92.000 -54.000 0.000
      vertex -92.000 54.000 0.000
      vertex -92.000 54.000 2.800
    endloop
  endfacet
  facet normal 1.000000 0.000000 0.000000
    outer loop
      vertex -92.000 -54.000 0.000
      vertex -92.000 54.000 2.800
      vertex -92.000 -54.000 2.800
    endloop
  endfacet
  facet normal 0.000000 0.000000 1.000000
    outer loop
      vertex -99.000 58.000 2.800
      vertex -99.000 -58.000 2.800
      vertex -92.000 -54.000 2.800
    endloop
  endfacet
  facet normal 0.000000 0.000000 1.000000
    outer loop
      vertex -99.000 58.000 2.800
      vertex -92.000 -54.000 2.800
      vertex -92.000 54.000 2.800
    endloop
  endfacet
  facet normal 0.000000 0.000000 -1.000000
    outer loop
      vertex -99.000 -58.000 0.000
      vertex -99.000 58.000 0.000
      vertex -92.000 54.000 0.000
    endloop
  endfacet
  facet normal 0.000000 0.000000 -1.000000
    outer loop
      vertex -99.000 -58.000 0.000
      vertex -92.000 54.000 0.000
      vertex -92.000 -54.000 0.000
    endloop
  endfacet
  facet normal -0.707107 -0.707107 0.000000
    outer loop
      vertex -99.000 -58.000 0.000
      vertex -78.000 -79.000 0.000
      vertex -78.000 -79.000 2.800
    endloop
  endfacet
  facet normal -0.707107 -0.707107 0.000000
    outer loop
      vertex -99.000 -58.000 0.000
      vertex -78.000 -79.000 2.800
      vertex -99.000 -58.000 2.800
    endloop
  endfacet
  facet normal 0.707107 0.707107 0.000000
    outer loop
      vertex -74.000 -72.000 0.000
      vertex -92.000 -54.000 0.000
      vertex -92.000 -54.000 2.800
    endloop
  endfacet
  facet normal 0.707107 0.707107 0.000000
    outer loop
      vertex -74.000 -72.000 0.000
      vertex -92.000 -54.000 2.800
      vertex -74.000 -72.000 2.800
    endloop
  endfacet
  facet normal 0.000000 0.000000 1.000000
    outer loop
      vertex -99.000 -58.000 2.800
      vertex -78.000 -79.000 2.800
      vertex -74.000 -72.000 2.800
    endloop
  endfacet
  facet normal 0.000000 0.000000 1.000000
    outer loop
      vertex -99.000 -58.000 2.800
      vertex -74.000 -72.000 2.800
      vertex -92.000 -54.000 2.800
    endloop
  endfacet
  facet normal 0.000000 0.000000 -1.000000
    outer loop
      vertex -78.000 -79.000 0.000
      vertex -99.000 -58.000 0.000
      vertex -92.000 -54.000 0.000
    endloop
  endfacet
  facet normal 0.000000 0.000000 -1.000000
    outer loop
      vertex -78.000 -79.000 0.000
      vertex -92.000 -54.000 0.000
      vertex -74.000 -72.000 0.000
    endloop
  endfacet
  facet normal 0.000000 0.000000 1.000000
    outer loop
      vertex -30.000 -82.000 0.000
      vertex 30.000 -82.000 0.000
      vertex 30.000 -75.000 0.000
    endloop
  endfacet
  facet normal 0.000000 0.000000 1.000000
    outer loop
      vertex -30.000 -82.000 0.000
      vertex 30.000 -75.000 0.000
      vertex -30.000 -75.000 0.000
    endloop
  endfacet
  facet normal 0.000000 0.000000 -1.000000
    outer loop
      vertex -30.000 -82.000 2.800
      vertex -30.000 -75.000 2.800
      vertex 30.000 -75.000 2.800
    endloop
  endfacet
  facet normal 0.000000 0.000000 -1.000000
    outer loop
      vertex -30.000 -82.000 2.800
      vertex 30.000 -75.000 2.800
      vertex 30.000 -82.000 2.800
    endloop
  endfacet
  facet normal 0.000000 1.000000 0.000000
    outer loop
      vertex -30.000 -82.000 0.000
      vertex -30.000 -82.000 2.800
      vertex 30.000 -82.000 2.800
    endloop
  endfacet
  facet normal 0.000000 1.000000 0.000000
    outer loop
      vertex -30.000 -82.000 0.000
      vertex 30.000 -82.000 2.800
      vertex 30.000 -82.000 0.000
    endloop
  endfacet
  facet normal -1.000000 0.000000 0.000000
    outer loop
      vertex 30.000 -82.000 0.000
      vertex 30.000 -82.000 2.800
      vertex 30.000 -75.000 2.800
    endloop
  endfacet
  facet normal -1.000000 0.000000 0.000000
    outer loop
      vertex 30.000 -82.000 0.000
      vertex 30.000 -75.000 2.800
      vertex 30.000 -75.000 0.000
    endloop
  endfacet
  facet normal 0.000000 -1.000000 0.000000
    outer loop
      vertex 30.000 -75.000 0.000
      vertex 30.000 -75.000 2.800
      vertex -30.000 -75.000 2.800
    endloop
  endfacet
  facet normal 0.000000 -1.000000 0.000000
    outer loop
      vertex 30.000 -75.000 0.000
      vertex -30.000 -75.000 2.800
      vertex -30.000 -75.000 0.000
    endloop
  endfacet
  facet normal 1.000000 0.000000 0.000000
    outer loop
      vertex -30.000 -75.000 0.000
      vertex -30.000 -75.000 2.800
      vertex -30.000 -82.000 2.800
    endloop
  endfacet
  facet normal 1.000000 0.000000 0.000000
    outer loop
      vertex -30.000 -75.000 0.000
      vertex -30.000 -82.000 2.800
      vertex -30.000 -82.000 0.000
    endloop
  endfacet
  facet normal 0.000000 0.000000 1.000000
    outer loop
      vertex -30.000 75.000 0.000
      vertex 30.000 75.000 0.000
      vertex 30.000 82.000 0.000
    endloop
  endfacet
  facet normal 0.000000 0.000000 1.000000
    outer loop
      vertex -30.000 75.000 0.000
      vertex 30.000 82.000 0.000
      vertex -30.000 82.000 0.000
    endloop
  endfacet
  facet normal 0.000000 0.000000 -1.000000
    outer loop
      vertex -30.000 75.000 2.800
      vertex -30.000 82.000 2.800
      vertex 30.000 82.000 2.800
    endloop
  endfacet
  facet normal 0.000000 0.000000 -1.000000
    outer loop
      vertex -30.000 75.000 2.800
      vertex 30.000 82.000 2.800
      vertex 30.000 75.000 2.800
    endloop
  endfacet
  facet normal 0.000000 1.000000 0.000000
    outer loop
      vertex -30.000 75.000 0.000
      vertex -30.000 75.000 2.800
      vertex 30.000 75.000 2.800
    endloop
  endfacet
  facet normal 0.000000 1.000000 0.000000
    outer loop
      vertex -30.000 75.000 0.000
      vertex 30.000 75.000 2.800
      vertex 30.000 75.000 0.000
    endloop
  endfacet
  facet normal -1.000000 0.000000 0.000000
    outer loop
      vertex 30.000 75.000 0.000
      vertex 30.000 75.000 2.800
      vertex 30.000 82.000 2.800
    endloop
  endfacet
  facet normal -1.000000 0.000000 0.000000
    outer loop
      vertex 30.000 75.000 0.000
      vertex 30.000 82.000 2.800
      vertex 30.000 82.000 0.000
    endloop
  endfacet
  facet normal 0.000000 -1.000000 0.000000
    outer loop
      vertex 30.000 82.000 0.000
      vertex 30.000 82.000 2.800
      vertex -30.000 82.000 2.800
    endloop
  endfacet
  facet normal 0.000000 -1.000000 0.000000
    outer loop
      vertex 30.000 82.000 0.000
      vertex -30.000 82.000 2.800
      vertex -30.000 82.000 0.000
    endloop
  endfacet
  facet normal 1.000000 0.000000 0.000000
    outer loop
      vertex -30.000 82.000 0.000
      vertex -30.000 82.000 2.800
      vertex -30.000 75.000 2.800
    endloop
  endfacet
  facet normal 1.000000 0.000000 0.000000
    outer loop
      vertex -30.000 82.000 0.000
      vertex -30.000 75.000 2.800
      vertex -30.000 75.000 0.000
    endloop
  endfacet
  facet normal 0.000000 0.000000 1.000000
    outer loop
      vertex -102.000 -20.000 0.000
      vertex -95.000 -20.000 0.000
      vertex -95.000 20.000 0.000
    endloop
  endfacet
  facet normal 0.000000 0.000000 1.000000
    outer loop
      vertex -102.000 -20.000 0.000
      vertex -95.000 20.000 0.000
      vertex -102.000 20.000 0.000
    endloop
  endfacet
  facet normal 0.000000 0.000000 -1.000000
    outer loop
      vertex -102.000 -20.000 2.800
      vertex -102.000 20.000 2.800
      vertex -95.000 20.000 2.800
    endloop
  endfacet
  facet normal 0.000000 0.000000 -1.000000
    outer loop
      vertex -102.000 -20.000 2.800
      vertex -95.000 20.000 2.800
      vertex -95.000 -20.000 2.800
    endloop
  endfacet
  facet normal 0.000000 1.000000 0.000000
    outer loop
      vertex -102.000 -20.000 0.000
      vertex -102.000 -20.000 2.800
      vertex -95.000 -20.000 2.800
    endloop
  endfacet
  facet normal 0.000000 1.000000 0.000000
    outer loop
      vertex -102.000 -20.000 0.000
      vertex -95.000 -20.000 2.800
      vertex -95.000 -20.000 0.000
    endloop
  endfacet
  facet normal -1.000000 0.000000 0.000000
    outer loop
      vertex -95.000 -20.000 0.000
      vertex -95.000 -20.000 2.800
      vertex -95.000 20.000 2.800
    endloop
  endfacet
  facet normal -1.000000 0.000000 0.000000
    outer loop
      vertex -95.000 -20.000 0.000
      vertex -95.000 20.000 2.800
      vertex -95.000 20.000 0.000
    endloop
  endfacet
  facet normal 0.000000 -1.000000 0.000000
    outer loop
      vertex -95.000 20.000 0.000
      vertex -95.000 20.000 2.800
      vertex -102.000 20.000 2.800
    endloop
  endfacet
  facet normal 0.000000 -1.000000 0.000000
    outer loop
      vertex -95.000 20.000 0.000
      vertex -102.000 20.000 2.800
      vertex -102.000 20.000 0.000
    endloop
  endfacet
  facet normal 1.000000 0.000000 0.000000
    outer loop
      vertex -102.000 20.000 0.000
      vertex -102.000 20.000 2.800
      vertex -102.000 -20.000 2.800
    endloop
  endfacet
  facet normal 1.000000 0.000000 0.000000
    outer loop
      vertex -102.000 20.000 0.000
      vertex -102.000 -20.000 2.800
      vertex -102.000 -20.000 0.000
    endloop
  endfacet
  facet normal 0.000000 0.000000 1.000000
    outer loop
      vertex 95.000 -20.000 0.000
      vertex 102.000 -20.000 0.000
      vertex 102.000 20.000 0.000
    endloop
  endfacet
  facet normal 0.000000 0.000000 1.000000
    outer loop
      vertex 95.000 -20.000 0.000
      vertex 102.000 20.000 0.000
      vertex 95.000 20.000 0.000
    endloop
  endfacet
  facet normal 0.000000 0.000000 -1.000000
    outer loop
      vertex 95.000 -20.000 2.800
      vertex 95.000 20.000 2.800
      vertex 102.000 20.000 2.800
    endloop
  endfacet
  facet normal 0.000000 0.000000 -1.000000
    outer loop
      vertex 95.000 -20.000 2.800
      vertex 102.000 20.000 2.800
      vertex 102.000 -20.000 2.800
    endloop
  endfacet
  facet normal 0.000000 1.000000 0.000000
    outer loop
      vertex 95.000 -20.000 0.000
      vertex 95.000 -20.000 2.800
      vertex 102.000 -20.000 2.800
    endloop
  endfacet
  facet normal 0.000000 1.000000 0.000000
    outer loop
      vertex 95.000 -20.000 0.000
      vertex 102.000 -20.000 2.800
      vertex 102.000 -20.000 0.000
    endloop
  endfacet
  facet normal -1.000000 0.000000 0.000000
    outer loop
      vertex 102.000 -20.000 0.000
      vertex 102.000 -20.000 2.800
      vertex 102.000 20.000 2.800
    endloop
  endfacet
  facet normal -1.000000 0.000000 0.000000
    outer loop
      vertex 102.000 -20.000 0.000
      vertex 102.000 20.000 2.800
      vertex 102.000 20.000 0.000
    endloop
  endfacet
  facet normal 0.000000 -1.000000 0.000000
    outer loop
      vertex 102.000 20.000 0.000
      vertex 102.000 20.000 2.800
      vertex 95.000 20.000 2.800
    endloop
  endfacet
  facet normal 0.000000 -1.000000 0.000000
    outer loop
      vertex 102.000 20.000 0.000
      vertex 95.000 20.000 2.800
      vertex 95.000 20.000 0.000
    endloop
  endfacet
  facet normal 1.000000 0.000000 0.000000
    outer loop
      vertex 95.000 20.000 0.000
      vertex 95.000 20.000 2.800
      vertex 95.000 -20.000 2.800
    endloop
  endfacet
  facet normal 1.000000 0.000000 0.000000
    outer loop
      vertex 95.000 20.000 0.000
      vertex 95.000 -20.000 2.800
      vertex 95.000 -20.000 0.000
    endloop
  endfacet
  facet normal 0.000000 0.000000 1.000000
    outer loop
      vertex -35.000 -50.000 3.400
      vertex -16.000 -50.000 3.400
      vertex -16.000 50.000 3.400
    endloop
  endfacet
  facet normal 0.000000 0.000000 1.000000
    outer loop
      vertex -35.000 -50.000 3.400
      vertex -16.000 50.000 3.400
      vertex -35.000 50.000 3.400
    endloop
  endfacet
  facet normal 0.000000 0.000000 -1.000000
    outer loop
      vertex -35.000 -50.000 0.000
      vertex -35.000 50.000 0.000
      vertex -16.000 50.000 0.000
    endloop
  endfacet
  facet normal 0.000000 0.000000 -1.000000
    outer loop
      vertex -35.000 -50.000 0.000
      vertex -16.000 50.000 0.000
      vertex -16.000 -50.000 0.000
    endloop
  endfacet
  facet normal 0.000000 -1.000000 0.000000
    outer loop
      vertex -35.000 -50.000 3.400
      vertex -35.000 -50.000 0.000
      vertex -16.000 -50.000 0.000
    endloop
  endfacet
  facet normal 0.000000 -1.000000 0.000000
    outer loop
      vertex -35.000 -50.000 3.400
      vertex -16.000 -50.000 0.000
      vertex -16.000 -50.000 3.400
    endloop
  endfacet
  facet normal 1.000000 0.000000 0.000000
    outer loop
      vertex -16.000 -50.000 3.400
      vertex -16.000 -50.000 0.000
      vertex -16.000 50.000 0.000
    endloop
  endfacet
  facet normal 1.000000 0.000000 0.000000
    outer loop
      vertex -16.000 -50.000 3.400
      vertex -16.000 50.000 0.000
      vertex -16.000 50.000 3.400
    endloop
  endfacet
  facet normal 0.000000 1.000000 0.000000
    outer loop
      vertex -16.000 50.000 3.400
      vertex -16.000 50.000 0.000
      vertex -35.000 50.000 0.000
    endloop
  endfacet
  facet normal 0.000000 1.000000 0.000000
    outer loop
      vertex -16.000 50.000 3.400
      vertex -35.000 50.000 0.000
      vertex -35.000 50.000 3.400
    endloop
  endfacet
  facet normal -1.000000 0.000000 0.000000
    outer loop
      vertex -35.000 50.000 3.400
      vertex -35.000 50.000 0.000
      vertex -35.000 -50.000 0.000
    endloop
  endfacet
  facet normal -1.000000 0.000000 0.000000
    outer loop
      vertex -35.000 50.000 3.400
      vertex -35.000 -50.000 0.000
      vertex -35.000 -50.000 3.400
    endloop
  endfacet
  facet normal 0.000000 0.000000 1.000000
    outer loop
      vertex -35.000 -50.000 12.000
      vertex -32.000 -50.000 12.000
      vertex -32.000 50.000 12.000
    endloop
  endfacet
  facet normal 0.000000 0.000000 1.000000
    outer loop
      vertex -35.000 -50.000 12.000
      vertex -32.000 50.000 12.000
      vertex -35.000 50.000 12.000
    endloop
  endfacet
  facet normal 0.000000 0.000000 -1.000000
    outer loop
      vertex -35.000 -50.000 0.000
      vertex -35.000 50.000 0.000
      vertex -32.000 50.000 0.000
    endloop
  endfacet
  facet normal 0.000000 0.000000 -1.000000
    outer loop
      vertex -35.000 -50.000 0.000
      vertex -32.000 50.000 0.000
      vertex -32.000 -50.000 0.000
    endloop
  endfacet
  facet normal 0.000000 -1.000000 0.000000
    outer loop
      vertex -35.000 -50.000 12.000
      vertex -35.000 -50.000 0.000
      vertex -32.000 -50.000 0.000
    endloop
  endfacet
  facet normal 0.000000 -1.000000 0.000000
    outer loop
      vertex -35.000 -50.000 12.000
      vertex -32.000 -50.000 0.000
      vertex -32.000 -50.000 12.000
    endloop
  endfacet
  facet normal 1.000000 0.000000 0.000000
    outer loop
      vertex -32.000 -50.000 12.000
      vertex -32.000 -50.000 0.000
      vertex -32.000 50.000 0.000
    endloop
  endfacet
  facet normal 1.000000 0.000000 0.000000
    outer loop
      vertex -32.000 -50.000 12.000
      vertex -32.000 50.000 0.000
      vertex -32.000 50.000 12.000
    endloop
  endfacet
  facet normal 0.000000 1.000000 0.000000
    outer loop
      vertex -32.000 50.000 12.000
      vertex -32.000 50.000 0.000
      vertex -35.000 50.000 0.000
    endloop
  endfacet
  facet normal 0.000000 1.000000 0.000000
    outer loop
      vertex -32.000 50.000 12.000
      vertex -35.000 50.000 0.000
      vertex -35.000 50.000 12.000
    endloop
  endfacet
  facet normal -1.000000 0.000000 0.000000
    outer loop
      vertex -35.000 50.000 12.000
      vertex -35.000 50.000 0.000
      vertex -35.000 -50.000 0.000
    endloop
  endfacet
  facet normal -1.000000 0.000000 0.000000
    outer loop
      vertex -35.000 50.000 12.000
      vertex -35.000 -50.000 0.000
      vertex -35.000 -50.000 12.000
    endloop
  endfacet
  facet normal 0.000000 0.000000 1.000000
    outer loop
      vertex -22.000 -50.000 15.000
      vertex -17.000 -50.000 15.000
      vertex -17.000 50.000 15.000
    endloop
  endfacet
  facet normal 0.000000 0.000000 1.000000
    outer loop
      vertex -22.000 -50.000 15.000
      vertex -17.000 50.000 15.000
      vertex -22.000 50.000 15.000
    endloop
  endfacet
  facet normal 0.000000 0.000000 -1.000000
    outer loop
      vertex -22.000 -50.000 11.300
      vertex -22.000 50.000 11.300
      vertex -17.000 50.000 11.300
    endloop
  endfacet
  facet normal 0.000000 0.000000 -1.000000
    outer loop
      vertex -22.000 -50.000 11.300
      vertex -17.000 50.000 11.300
      vertex -17.000 -50.000 11.300
    endloop
  endfacet
  facet normal 0.000000 -1.000000 0.000000
    outer loop
      vertex -22.000 -50.000 15.000
      vertex -22.000 -50.000 11.300
      vertex -17.000 -50.000 11.300
    endloop
  endfacet
  facet normal 0.000000 -1.000000 0.000000
    outer loop
      vertex -22.000 -50.000 15.000
      vertex -17.000 -50.000 11.300
      vertex -17.000 -50.000 15.000
    endloop
  endfacet
  facet normal 1.000000 0.000000 0.000000
    outer loop
      vertex -17.000 -50.000 15.000
      vertex -17.000 -50.000 11.300
      vertex -17.000 50.000 11.300
    endloop
  endfacet
  facet normal 1.000000 0.000000 0.000000
    outer loop
      vertex -17.000 -50.000 15.000
      vertex -17.000 50.000 11.300
      vertex -17.000 50.000 15.000
    endloop
  endfacet
  facet normal 0.000000 1.000000 0.000000
    outer loop
      vertex -17.000 50.000 15.000
      vertex -17.000 50.000 11.300
      vertex -22.000 50.000 11.300
    endloop
  endfacet
  facet normal 0.000000 1.000000 0.000000
    outer loop
      vertex -17.000 50.000 15.000
      vertex -22.000 50.000 11.300
      vertex -22.000 50.000 15.000
    endloop
  endfacet
  facet normal -1.000000 0.000000 0.000000
    outer loop
      vertex -22.000 50.000 15.000
      vertex -22.000 50.000 11.300
      vertex -22.000 -50.000 11.300
    endloop
  endfacet
  facet normal -1.000000 0.000000 0.000000
    outer loop
      vertex -22.000 50.000 15.000
      vertex -22.000 -50.000 11.300
      vertex -22.000 -50.000 15.000
    endloop
  endfacet
  facet normal 0.969416 0.000000 -0.245422
    outer loop
      vertex -17.200 -50.000 11.300
      vertex -19.200 -50.000 3.400
      vertex -19.200 50.000 3.400
    endloop
  endfacet
  facet normal 0.969416 0.000000 -0.245422
    outer loop
      vertex -17.200 -50.000 11.300
      vertex -19.200 50.000 3.400
      vertex -17.200 50.000 11.300
    endloop
  endfacet
  facet normal 0.000000 0.000000 -1.000000
    outer loop
      vertex -19.200 -50.000 3.400
      vertex -21.500 -50.000 3.400
      vertex -21.500 50.000 3.400
    endloop
  endfacet
  facet normal 0.000000 0.000000 -1.000000
    outer loop
      vertex -19.200 -50.000 3.400
      vertex -21.500 50.000 3.400
      vertex -19.200 50.000 3.400
    endloop
  endfacet
  facet normal -0.969416 0.000000 0.245422
    outer loop
      vertex -21.500 -50.000 3.400
      vertex -19.500 -50.000 11.300
      vertex -19.500 50.000 11.300
    endloop
  endfacet
  facet normal -0.969416 0.000000 0.245422
    outer loop
      vertex -21.500 -50.000 3.400
      vertex -19.500 50.000 11.300
      vertex -21.500 50.000 3.400
    endloop
  endfacet
  facet normal 0.000000 0.000000 1.000000
    outer loop
      vertex -19.500 -50.000 11.300
      vertex -17.200 -50.000 11.300
      vertex -17.200 50.000 11.300
    endloop
  endfacet
  facet normal 0.000000 0.000000 1.000000
    outer loop
      vertex -19.500 -50.000 11.300
      vertex -17.200 50.000 11.300
      vertex -19.500 50.000 11.300
    endloop
  endfacet
  facet normal 0.000000 -1.000000 0.000000
    outer loop
      vertex -19.350 -50.000 7.350
      vertex -19.200 -50.000 3.400
      vertex -17.200 -50.000 11.300
    endloop
  endfacet
  facet normal 0.000000 -1.000000 0.000000
    outer loop
      vertex -19.350 -50.000 7.350
      vertex -21.500 -50.000 3.400
      vertex -19.200 -50.000 3.400
    endloop
  endfacet
  facet normal 0.000000 -1.000000 0.000000
    outer loop
      vertex -19.350 -50.000 7.350
      vertex -19.500 -50.000 11.300
      vertex -21.500 -50.000 3.400
    endloop
  endfacet
  facet normal 0.000000 -1.000000 0.000000
    outer loop
      vertex -19.350 -50.000 7.350
      vertex -17.200 -50.000 11.300
      vertex -19.500 -50.000 11.300
    endloop
  endfacet
  facet normal 0.000000 1.000000 0.000000
    outer loop
      vertex -19.350 50.000 7.350
      vertex -17.200 50.000 11.300
      vertex -19.200 50.000 3.400
    endloop
  endfacet
  facet normal 0.000000 1.000000 0.000000
    outer loop
      vertex -19.350 50.000 7.350
      vertex -19.200 50.000 3.400
      vertex -21.500 50.000 3.400
    endloop
  endfacet
  facet normal 0.000000 1.000000 0.000000
    outer loop
      vertex -19.350 50.000 7.350
      vertex -21.500 50.000 3.400
      vertex -19.500 50.000 11.300
    endloop
  endfacet
  facet normal 0.000000 1.000000 0.000000
    outer loop
      vertex -19.350 50.000 7.350
      vertex -19.500 50.000 11.300
      vertex -17.200 50.000 11.300
    endloop
  endfacet
  facet normal 0.000000 0.000000 1.000000
    outer loop
      vertex 16.000 -50.000 3.400
      vertex 35.000 -50.000 3.400
      vertex 35.000 50.000 3.400
    endloop
  endfacet
  facet normal 0.000000 0.000000 1.000000
    outer loop
      vertex 16.000 -50.000 3.400
      vertex 35.000 50.000 3.400
      vertex 16.000 50.000 3.400
    endloop
  endfacet
  facet normal 0.000000 0.000000 -1.000000
    outer loop
      vertex 16.000 -50.000 0.000
      vertex 16.000 50.000 0.000
      vertex 35.000 50.000 0.000
    endloop
  endfacet
  facet normal 0.000000 0.000000 -1.000000
    outer loop
      vertex 16.000 -50.000 0.000
      vertex 35.000 50.000 0.000
      vertex 35.000 -50.000 0.000
    endloop
  endfacet
  facet normal 0.000000 -1.000000 0.000000
    outer loop
      vertex 16.000 -50.000 3.400
      vertex 16.000 -50.000 0.000
      vertex 35.000 -50.000 0.000
    endloop
  endfacet
  facet normal 0.000000 -1.000000 0.000000
    outer loop
      vertex 16.000 -50.000 3.400
      vertex 35.000 -50.000 0.000
      vertex 35.000 -50.000 3.400
    endloop
  endfacet
  facet normal 1.000000 0.000000 0.000000
    outer loop
      vertex 35.000 -50.000 3.400
      vertex 35.000 -50.000 0.000
      vertex 35.000 50.000 0.000
    endloop
  endfacet
  facet normal 1.000000 0.000000 0.000000
    outer loop
      vertex 35.000 -50.000 3.400
      vertex 35.000 50.000 0.000
      vertex 35.000 50.000 3.400
    endloop
  endfacet
  facet normal 0.000000 1.000000 0.000000
    outer loop
      vertex 35.000 50.000 3.400
      vertex 35.000 50.000 0.000
      vertex 16.000 50.000 0.000
    endloop
  endfacet
  facet normal 0.000000 1.000000 0.000000
    outer loop
      vertex 35.000 50.000 3.400
      vertex 16.000 50.000 0.000
      vertex 16.000 50.000 3.400
    endloop
  endfacet
  facet normal -1.000000 0.000000 0.000000
    outer loop
      vertex 16.000 50.000 3.400
      vertex 16.000 50.000 0.000
      vertex 16.000 -50.000 0.000
    endloop
  endfacet
  facet normal -1.000000 0.000000 0.000000
    outer loop
      vertex 16.000 50.000 3.400
      vertex 16.000 -50.000 0.000
      vertex 16.000 -50.000 3.400
    endloop
  endfacet
  facet normal 0.000000 0.000000 1.000000
    outer loop
      vertex 32.000 -50.000 12.000
      vertex 35.000 -50.000 12.000
      vertex 35.000 50.000 12.000
    endloop
  endfacet
  facet normal 0.000000 0.000000 1.000000
    outer loop
      vertex 32.000 -50.000 12.000
      vertex 35.000 50.000 12.000
      vertex 32.000 50.000 12.000
    endloop
  endfacet
  facet normal 0.000000 0.000000 -1.000000
    outer loop
      vertex 32.000 -50.000 0.000
      vertex 32.000 50.000 0.000
      vertex 35.000 50.000 0.000
    endloop
  endfacet
  facet normal 0.000000 0.000000 -1.000000
    outer loop
      vertex 32.000 -50.000 0.000
      vertex 35.000 50.000 0.000
      vertex 35.000 -50.000 0.000
    endloop
  endfacet
  facet normal 0.000000 -1.000000 0.000000
    outer loop
      vertex 32.000 -50.000 12.000
      vertex 32.000 -50.000 0.000
      vertex 35.000 -50.000 0.000
    endloop
  endfacet
  facet normal 0.000000 -1.000000 0.000000
    outer loop
      vertex 32.000 -50.000 12.000
      vertex 35.000 -50.000 0.000
      vertex 35.000 -50.000 12.000
    endloop
  endfacet
  facet normal 1.000000 0.000000 0.000000
    outer loop
      vertex 35.000 -50.000 12.000
      vertex 35.000 -50.000 0.000
      vertex 35.000 50.000 0.000
    endloop
  endfacet
  facet normal 1.000000 0.000000 0.000000
    outer loop
      vertex 35.000 -50.000 12.000
      vertex 35.000 50.000 0.000
      vertex 35.000 50.000 12.000
    endloop
  endfacet
  facet normal 0.000000 1.000000 0.000000
    outer loop
      vertex 35.000 50.000 12.000
      vertex 35.000 50.000 0.000
      vertex 32.000 50.000 0.000
    endloop
  endfacet
  facet normal 0.000000 1.000000 0.000000
    outer loop
      vertex 35.000 50.000 12.000
      vertex 32.000 50.000 0.000
      vertex 32.000 50.000 12.000
    endloop
  endfacet
  facet normal -1.000000 0.000000 0.000000
    outer loop
      vertex 32.000 50.000 12.000
      vertex 32.000 50.000 0.000
      vertex 32.000 -50.000 0.000
    endloop
  endfacet
  facet normal -1.000000 0.000000 0.000000
    outer loop
      vertex 32.000 50.000 12.000
      vertex 32.000 -50.000 0.000
      vertex 32.000 -50.000 12.000
    endloop
  endfacet
  facet normal 0.000000 0.000000 1.000000
    outer loop
      vertex 17.000 -50.000 15.000
      vertex 22.000 -50.000 15.000
      vertex 22.000 50.000 15.000
    endloop
  endfacet
  facet normal 0.000000 0.000000 1.000000
    outer loop
      vertex 17.000 -50.000 15.000
      vertex 22.000 50.000 15.000
      vertex 17.000 50.000 15.000
    endloop
  endfacet
  facet normal 0.000000 0.000000 -1.000000
    outer loop
      vertex 17.000 -50.000 11.300
      vertex 17.000 50.000 11.300
      vertex 22.000 50.000 11.300
    endloop
  endfacet
  facet normal 0.000000 0.000000 -1.000000
    outer loop
      vertex 17.000 -50.000 11.300
      vertex 22.000 50.000 11.300
      vertex 22.000 -50.000 11.300
    endloop
  endfacet
  facet normal 0.000000 -1.000000 0.000000
    outer loop
      vertex 17.000 -50.000 15.000
      vertex 17.000 -50.000 11.300
      vertex 22.000 -50.000 11.300
    endloop
  endfacet
  facet normal 0.000000 -1.000000 0.000000
    outer loop
      vertex 17.000 -50.000 15.000
      vertex 22.000 -50.000 11.300
      vertex 22.000 -50.000 15.000
    endloop
  endfacet
  facet normal 1.000000 0.000000 0.000000
    outer loop
      vertex 22.000 -50.000 15.000
      vertex 22.000 -50.000 11.300
      vertex 22.000 50.000 11.300
    endloop
  endfacet
  facet normal 1.000000 0.000000 0.000000
    outer loop
      vertex 22.000 -50.000 15.000
      vertex 22.000 50.000 11.300
      vertex 22.000 50.000 15.000
    endloop
  endfacet
  facet normal 0.000000 1.000000 0.000000
    outer loop
      vertex 22.000 50.000 15.000
      vertex 22.000 50.000 11.300
      vertex 17.000 50.000 11.300
    endloop
  endfacet
  facet normal 0.000000 1.000000 0.000000
    outer loop
      vertex 22.000 50.000 15.000
      vertex 17.000 50.000 11.300
      vertex 17.000 50.000 15.000
    endloop
  endfacet
  facet normal -1.000000 0.000000 0.000000
    outer loop
      vertex 17.000 50.000 15.000
      vertex 17.000 50.000 11.300
      vertex 17.000 -50.000 11.300
    endloop
  endfacet
  facet normal -1.000000 0.000000 0.000000
    outer loop
      vertex 17.000 50.000 15.000
      vertex 17.000 -50.000 11.300
      vertex 17.000 -50.000 15.000
    endloop
  endfacet
  facet normal 0.969416 0.000000 0.245422
    outer loop
      vertex 17.200 -50.000 11.300
      vertex 19.200 -50.000 3.400
      vertex 19.200 50.000 3.400
    endloop
  endfacet
  facet normal 0.969416 0.000000 0.245422
    outer loop
      vertex 17.200 -50.000 11.300
      vertex 19.200 50.000 3.400
      vertex 17.200 50.000 11.300
    endloop
  endfacet
  facet normal 0.000000 0.000000 1.000000
    outer loop
      vertex 19.200 -50.000 3.400
      vertex 21.500 -50.000 3.400
      vertex 21.500 50.000 3.400
    endloop
  endfacet
  facet normal 0.000000 0.000000 1.000000
    outer loop
      vertex 19.200 -50.000 3.400
      vertex 21.500 50.000 3.400
      vertex 19.200 50.000 3.400
    endloop
  endfacet
  facet normal -0.969416 0.000000 -0.245422
    outer loop
      vertex 21.500 -50.000 3.400
      vertex 19.500 -50.000 11.300
      vertex 19.500 50.000 11.300
    endloop
  endfacet
  facet normal -0.969416 0.000000 -0.245422
    outer loop
      vertex 21.500 -50.000 3.400
      vertex 19.500 50.000 11.300
      vertex 21.500 50.000 3.400
    endloop
  endfacet
  facet normal 0.000000 0.000000 -1.000000
    outer loop
      vertex 19.500 -50.000 11.300
      vertex 17.200 -50.000 11.300
      vertex 17.200 50.000 11.300
    endloop
  endfacet
  facet normal 0.000000 0.000000 -1.000000
    outer loop
      vertex 19.500 -50.000 11.300
      vertex 17.200 50.000 11.300
      vertex 19.500 50.000 11.300
    endloop
  endfacet
  facet normal 0.000000 1.000000 0.000000
    outer loop
      vertex 19.350 -50.000 7.350
      vertex 19.200 -50.000 3.400
      vertex 17.200 -50.000 11.300
    endloop
  endfacet
  facet normal 0.000000 1.000000 0.000000
    outer loop
      vertex 19.350 -50.000 7.350
      vertex 21.500 -50.000 3.400
      vertex 19.200 -50.000 3.400
    endloop
  endfacet
  facet normal 0.000000 1.000000 0.000000
    outer loop
      vertex 19.350 -50.000 7.350
      vertex 19.500 -50.000 11.300
      vertex 21.500 -50.000 3.400
    endloop
  endfacet
  facet normal 0.000000 1.000000 0.000000
    outer loop
      vertex 19.350 -50.000 7.350
      vertex 17.200 -50.000 11.300
      vertex 19.500 -50.000 11.300
    endloop
  endfacet
  facet normal 0.000000 -1.000000 0.000000
    outer loop
      vertex 19.350 50.000 7.350
      vertex 17.200 50.000 11.300
      vertex 19.200 50.000 3.400
    endloop
  endfacet
  facet normal 0.000000 -1.000000 0.000000
    outer loop
      vertex 19.350 50.000 7.350
      vertex 19.200 50.000 3.400
      vertex 21.500 50.000 3.400
    endloop
  endfacet
  facet normal 0.000000 -1.000000 0.000000
    outer loop
      vertex 19.350 50.000 7.350
      vertex 21.500 50.000 3.400
      vertex 19.500 50.000 11.300
    endloop
  endfacet
  facet normal 0.000000 -1.000000 0.000000
    outer loop
      vertex 19.350 50.000 7.350
      vertex 19.500 50.000 11.300
      vertex 17.200 50.000 11.300
    endloop
  endfacet
  facet normal 0.000000 0.000000 1.000000
    outer loop
      vertex -98.000 88.000 10.000
      vertex 98.000 88.000 10.000
      vertex 98.000 102.000 10.000
    endloop
  endfacet
  facet normal 0.000000 0.000000 1.000000
    outer loop
      vertex -98.000 88.000 10.000
      vertex 98.000 102.000 10.000
      vertex -98.000 102.000 10.000
    endloop
  endfacet
  facet normal 0.000000 0.000000 -1.000000
    outer loop
      vertex -98.000 88.000 14.000
      vertex -98.000 102.000 14.000
      vertex 98.000 102.000 14.000
    endloop
  endfacet
  facet normal 0.000000 0.000000 -1.000000
    outer loop
      vertex -98.000 88.000 14.000
      vertex 98.000 102.000 14.000
      vertex 98.000 88.000 14.000
    endloop
  endfacet
  facet normal 0.000000 1.000000 0.000000
    outer loop
      vertex -98.000 88.000 10.000
      vertex -98.000 88.000 14.000
      vertex 98.000 88.000 14.000
    endloop
  endfacet
  facet normal 0.000000 1.000000 0.000000
    outer loop
      vertex -98.000 88.000 10.000
      vertex 98.000 88.000 14.000
      vertex 98.000 88.000 10.000
    endloop
  endfacet
  facet normal -1.000000 0.000000 0.000000
    outer loop
      vertex 98.000 88.000 10.000
      vertex 98.000 88.000 14.000
      vertex 98.000 102.000 14.000
    endloop
  endfacet
  facet normal -1.000000 0.000000 0.000000
    outer loop
      vertex 98.000 88.000 10.000
      vertex 98.000 102.000 14.000
      vertex 98.000 102.000 10.000
    endloop
  endfacet
  facet normal 0.000000 -1.000000 0.000000
    outer loop
      vertex 98.000 102.000 10.000
      vertex 98.000 102.000 14.000
      vertex -98.000 102.000 14.000
    endloop
  endfacet
  facet normal 0.000000 -1.000000 0.000000
    outer loop
      vertex 98.000 102.000 10.000
      vertex -98.000 102.000 14.000
      vertex -98.000 102.000 10.000
    endloop
  endfacet
  facet normal 1.000000 0.000000 0.000000
    outer loop
      vertex -98.000 102.000 10.000
      vertex -98.000 102.000 14.000
      vertex -98.000 88.000 14.000
    endloop
  endfacet
  facet normal 1.000000 0.000000 0.000000
    outer loop
      vertex -98.000 102.000 10.000
      vertex -98.000 88.000 14.000
      vertex -98.000 88.000 10.000
    endloop
  endfacet
  facet normal 0.000000 0.000000 1.000000
    outer loop
      vertex -98.000 88.000 0.000
      vertex 98.000 88.000 0.000
      vertex 98.000 92.000 0.000
    endloop
  endfacet
  facet normal 0.000000 0.000000 1.000000
    outer loop
      vertex -98.000 88.000 0.000
      vertex 98.000 92.000 0.000
      vertex -98.000 92.000 0.000
    endloop
  endfacet
  facet normal 0.000000 0.000000 -1.000000
    outer loop
      vertex -98.000 88.000 14.000
      vertex -98.000 92.000 14.000
      vertex 98.000 92.000 14.000
    endloop
  endfacet
  facet normal 0.000000 0.000000 -1.000000
    outer loop
      vertex -98.000 88.000 14.000
      vertex 98.000 92.000 14.000
      vertex 98.000 88.000 14.000
    endloop
  endfacet
  facet normal 0.000000 1.000000 0.000000
    outer loop
      vertex -98.000 88.000 0.000
      vertex -98.000 88.000 14.000
      vertex 98.000 88.000 14.000
    endloop
  endfacet
  facet normal 0.000000 1.000000 0.000000
    outer loop
      vertex -98.000 88.000 0.000
      vertex 98.000 88.000 14.000
      vertex 98.000 88.000 0.000
    endloop
  endfacet
  facet normal -1.000000 0.000000 0.000000
    outer loop
      vertex 98.000 88.000 0.000
      vertex 98.000 88.000 14.000
      vertex 98.000 92.000 14.000
    endloop
  endfacet
  facet normal -1.000000 0.000000 0.000000
    outer loop
      vertex 98.000 88.000 0.000
      vertex 98.000 92.000 14.000
      vertex 98.000 92.000 0.000
    endloop
  endfacet
  facet normal 0.000000 -1.000000 0.000000
    outer loop
      vertex 98.000 92.000 0.000
      vertex 98.000 92.000 14.000
      vertex -98.000 92.000 14.000
    endloop
  endfacet
  facet normal 0.000000 -1.000000 0.000000
    outer loop
      vertex 98.000 92.000 0.000
      vertex -98.000 92.000 14.000
      vertex -98.000 92.000 0.000
    endloop
  endfacet
  facet normal 1.000000 0.000000 0.000000
    outer loop
      vertex -98.000 92.000 0.000
      vertex -98.000 92.000 14.000
      vertex -98.000 88.000 14.000
    endloop
  endfacet
  facet normal 1.000000 0.000000 0.000000
    outer loop
      vertex -98.000 92.000 0.000
      vertex -98.000 88.000 14.000
      vertex -98.000 88.000 0.000
    endloop
  endfacet
  facet normal 0.000000 0.000000 1.000000
    outer loop
      vertex -98.000 98.000 0.000
      vertex 98.000 98.000 0.000
      vertex 98.000 102.000 0.000
    endloop
  endfacet
  facet normal 0.000000 0.000000 1.000000
    outer loop
      vertex -98.000 98.000 0.000
      vertex 98.000 102.000 0.000
      vertex -98.000 102.000 0.000
    endloop
  endfacet
  facet normal 0.000000 0.000000 -1.000000
    outer loop
      vertex -98.000 98.000 14.000
      vertex -98.000 102.000 14.000
      vertex 98.000 102.000 14.000
    endloop
  endfacet
  facet normal 0.000000 0.000000 -1.000000
    outer loop
      vertex -98.000 98.000 14.000
      vertex 98.000 102.000 14.000
      vertex 98.000 98.000 14.000
    endloop
  endfacet
  facet normal 0.000000 1.000000 0.000000
    outer loop
      vertex -98.000 98.000 0.000
      vertex -98.000 98.000 14.000
      vertex 98.000 98.000 14.000
    endloop
  endfacet
  facet normal 0.000000 1.000000 0.000000
    outer loop
      vertex -98.000 98.000 0.000
      vertex 98.000 98.000 14.000
      vertex 98.000 98.000 0.000
    endloop
  endfacet
  facet normal -1.000000 0.000000 0.000000
    outer loop
      vertex 98.000 98.000 0.000
      vertex 98.000 98.000 14.000
      vertex 98.000 102.000 14.000
    endloop
  endfacet
  facet normal -1.000000 0.000000 0.000000
    outer loop
      vertex 98.000 98.000 0.000
      vertex 98.000 102.000 14.000
      vertex 98.000 102.000 0.000
    endloop
  endfacet
  facet normal 0.000000 -1.000000 0.000000
    outer loop
      vertex 98.000 102.000 0.000
      vertex 98.000 102.000 14.000
      vertex -98.000 102.000 14.000
    endloop
  endfacet
  facet normal 0.000000 -1.000000 0.000000
    outer loop
      vertex 98.000 102.000 0.000
      vertex -98.000 102.000 14.000
      vertex -98.000 102.000 0.000
    endloop
  endfacet
  facet normal 1.000000 0.000000 0.000000
    outer loop
      vertex -98.000 102.000 0.000
      vertex -98.000 102.000 14.000
      vertex -98.000 98.000 14.000
    endloop
  endfacet
  facet normal 1.000000 0.000000 0.000000
    outer loop
      vertex -98.000 102.000 0.000
      vertex -98.000 98.000 14.000
      vertex -98.000 98.000 0.000
    endloop
  endfacet
  facet normal 0.000000 0.000000 1.000000
    outer loop
      vertex -88.000 92.000 0.000
      vertex 88.000 92.000 0.000
      vertex 88.000 94.200 0.000
    endloop
  endfacet
  facet normal 0.000000 0.000000 1.000000
    outer loop
      vertex -88.000 92.000 0.000
      vertex 88.000 94.200 0.000
      vertex -88.000 94.200 0.000
    endloop
  endfacet
  facet normal 0.000000 0.000000 -1.000000
    outer loop
      vertex -88.000 92.000 3.000
      vertex -88.000 94.200 3.000
      vertex 88.000 94.200 3.000
    endloop
  endfacet
  facet normal 0.000000 0.000000 -1.000000
    outer loop
      vertex -88.000 92.000 3.000
      vertex 88.000 94.200 3.000
      vertex 88.000 92.000 3.000
    endloop
  endfacet
  facet normal 0.000000 1.000000 0.000000
    outer loop
      vertex -88.000 92.000 0.000
      vertex -88.000 92.000 3.000
      vertex 88.000 92.000 3.000
    endloop
  endfacet
  facet normal 0.000000 1.000000 0.000000
    outer loop
      vertex -88.000 92.000 0.000
      vertex 88.000 92.000 3.000
      vertex 88.000 92.000 0.000
    endloop
  endfacet
  facet normal -1.000000 0.000000 0.000000
    outer loop
      vertex 88.000 92.000 0.000
      vertex 88.000 92.000 3.000
      vertex 88.000 94.200 3.000
    endloop
  endfacet
  facet normal -1.000000 0.000000 0.000000
    outer loop
      vertex 88.000 92.000 0.000
      vertex 88.000 94.200 3.000
      vertex 88.000 94.200 0.000
    endloop
  endfacet
  facet normal 0.000000 -1.000000 0.000000
    outer loop
      vertex 88.000 94.200 0.000
      vertex 88.000 94.200 3.000
      vertex -88.000 94.200 3.000
    endloop
  endfacet
  facet normal 0.000000 -1.000000 0.000000
    outer loop
      vertex 88.000 94.200 0.000
      vertex -88.000 94.200 3.000
      vertex -88.000 94.200 0.000
    endloop
  endfacet
  facet normal 1.000000 0.000000 0.000000
    outer loop
      vertex -88.000 94.200 0.000
      vertex -88.000 94.200 3.000
      vertex -88.000 92.000 3.000
    endloop
  endfacet
  facet normal 1.000000 0.000000 0.000000
    outer loop
      vertex -88.000 94.200 0.000
      vertex -88.000 92.000 3.000
      vertex -88.000 92.000 0.000
    endloop
  endfacet
  facet normal 0.000000 0.000000 1.000000
    outer loop
      vertex -88.000 95.800 0.000
      vertex 88.000 95.800 0.000
      vertex 88.000 98.000 0.000
    endloop
  endfacet
  facet normal 0.000000 0.000000 1.000000
    outer loop
      vertex -88.000 95.800 0.000
      vertex 88.000 98.000 0.000
      vertex -88.000 98.000 0.000
    endloop
  endfacet
  facet normal 0.000000 0.000000 -1.000000
    outer loop
      vertex -88.000 95.800 3.000
      vertex -88.000 98.000 3.000
      vertex 88.000 98.000 3.000
    endloop
  endfacet
  facet normal 0.000000 0.000000 -1.000000
    outer loop
      vertex -88.000 95.800 3.000
      vertex 88.000 98.000 3.000
      vertex 88.000 95.800 3.000
    endloop
  endfacet
  facet normal 0.000000 1.000000 0.000000
    outer loop
      vertex -88.000 95.800 0.000
      vertex -88.000 95.800 3.000
      vertex 88.000 95.800 3.000
    endloop
  endfacet
  facet normal 0.000000 1.000000 0.000000
    outer loop
      vertex -88.000 95.800 0.000
      vertex 88.000 95.800 3.000
      vertex 88.000 95.800 0.000
    endloop
  endfacet
  facet normal -1.000000 0.000000 0.000000
    outer loop
      vertex 88.000 95.800 0.000
      vertex 88.000 95.800 3.000
      vertex 88.000 98.000 3.000
    endloop
  endfacet
  facet normal -1.000000 0.000000 0.000000
    outer loop
      vertex 88.000 95.800 0.000
      vertex 88.000 98.000 3.000
      vertex 88.000 98.000 0.000
    endloop
  endfacet
  facet normal 0.000000 -1.000000 0.000000
    outer loop
      vertex 88.000 98.000 0.000
      vertex 88.000 98.000 3.000
      vertex -88.000 98.000 3.000
    endloop
  endfacet
  facet normal 0.000000 -1.000000 0.000000
    outer loop
      vertex 88.000 98.000 0.000
      vertex -88.000 98.000 3.000
      vertex -88.000 98.000 0.000
    endloop
  endfacet
  facet normal 1.000000 0.000000 0.000000
    outer loop
      vertex -88.000 98.000 0.000
      vertex -88.000 98.000 3.000
      vertex -88.000 95.800 3.000
    endloop
  endfacet
  facet normal 1.000000 0.000000 0.000000
    outer loop
      vertex -88.000 98.000 0.000
      vertex -88.000 95.800 3.000
      vertex -88.000 95.800 0.000
    endloop
  endfacet
  facet normal 0.000000 0.000000 1.000000
    outer loop
      vertex -104.000 101.000 10.000
      vertex -58.000 101.000 10.000
      vertex -58.000 109.000 10.000
    endloop
  endfacet
  facet normal 0.000000 0.000000 1.000000
    outer loop
      vertex -104.000 101.000 10.000
      vertex -58.000 109.000 10.000
      vertex -104.000 109.000 10.000
    endloop
  endfacet
  facet normal 0.000000 0.000000 -1.000000
    outer loop
      vertex -104.000 101.000 18.000
      vertex -104.000 109.000 18.000
      vertex -58.000 109.000 18.000
    endloop
  endfacet
  facet normal 0.000000 0.000000 -1.000000
    outer loop
      vertex -104.000 101.000 18.000
      vertex -58.000 109.000 18.000
      vertex -58.000 101.000 18.000
    endloop
  endfacet
  facet normal 0.000000 1.000000 0.000000
    outer loop
      vertex -104.000 101.000 10.000
      vertex -104.000 101.000 18.000
      vertex -58.000 101.000 18.000
    endloop
  endfacet
  facet normal 0.000000 1.000000 0.000000
    outer loop
      vertex -104.000 101.000 10.000
      vertex -58.000 101.000 18.000
      vertex -58.000 101.000 10.000
    endloop
  endfacet
  facet normal -1.000000 0.000000 0.000000
    outer loop
      vertex -58.000 101.000 10.000
      vertex -58.000 101.000 18.000
      vertex -58.000 109.000 18.000
    endloop
  endfacet
  facet normal -1.000000 0.000000 0.000000
    outer loop
      vertex -58.000 101.000 10.000
      vertex -58.000 109.000 18.000
      vertex -58.000 109.000 10.000
    endloop
  endfacet
  facet normal 0.000000 -1.000000 0.000000
    outer loop
      vertex -58.000 109.000 10.000
      vertex -58.000 109.000 18.000
      vertex -104.000 109.000 18.000
    endloop
  endfacet
  facet normal 0.000000 -1.000000 0.000000
    outer loop
      vertex -58.000 109.000 10.000
      vertex -104.000 109.000 18.000
      vertex -104.000 109.000 10.000
    endloop
  endfacet
  facet normal 1.000000 0.000000 0.000000
    outer loop
      vertex -104.000 109.000 10.000
      vertex -104.000 109.000 18.000
      vertex -104.000 101.000 18.000
    endloop
  endfacet
  facet normal 1.000000 0.000000 0.000000
    outer loop
      vertex -104.000 109.000 10.000
      vertex -104.000 101.000 18.000
      vertex -104.000 101.000 10.000
    endloop
  endfacet
  facet normal 0.000000 0.000000 1.000000
    outer loop
      vertex 58.000 101.000 10.000
      vertex 104.000 101.000 10.000
      vertex 104.000 109.000 10.000
    endloop
  endfacet
  facet normal 0.000000 0.000000 1.000000
    outer loop
      vertex 58.000 101.000 10.000
      vertex 104.000 109.000 10.000
      vertex 58.000 109.000 10.000
    endloop
  endfacet
  facet normal 0.000000 0.000000 -1.000000
    outer loop
      vertex 58.000 101.000 18.000
      vertex 58.000 109.000 18.000
      vertex 104.000 109.000 18.000
    endloop
  endfacet
  facet normal 0.000000 0.000000 -1.000000
    outer loop
      vertex 58.000 101.000 18.000
      vertex 104.000 109.000 18.000
      vertex 104.000 101.000 18.000
    endloop
  endfacet
  facet normal 0.000000 1.000000 0.000000
    outer loop
      vertex 58.000 101.000 10.000
      vertex 58.000 101.000 18.000
      vertex 104.000 101.000 18.000
    endloop
  endfacet
  facet normal 0.000000 1.000000 0.000000
    outer loop
      vertex 58.000 101.000 10.000
      vertex 104.000 101.000 18.000
      vertex 104.000 101.000 10.000
    endloop
  endfacet
  facet normal -1.000000 0.000000 0.000000
    outer loop
      vertex 104.000 101.000 10.000
      vertex 104.000 101.000 18.000
      vertex 104.000 109.000 18.000
    endloop
  endfacet
  facet normal -1.000000 0.000000 0.000000
    outer loop
      vertex 104.000 101.000 10.000
      vertex 104.000 109.000 18.000
      vertex 104.000 109.000 10.000
    endloop
  endfacet
  facet normal 0.000000 -1.000000 0.000000
    outer loop
      vertex 104.000 109.000 10.000
      vertex 104.000 109.000 18.000
      vertex 58.000 109.000 18.000
    endloop
  endfacet
  facet normal 0.000000 -1.000000 0.000000
    outer loop
      vertex 104.000 109.000 10.000
      vertex 58.000 109.000 18.000
      vertex 58.000 109.000 10.000
    endloop
  endfacet
  facet normal 1.000000 0.000000 0.000000
    outer loop
      vertex 58.000 109.000 10.000
      vertex 58.000 109.000 18.000
      vertex 58.000 101.000 18.000
    endloop
  endfacet
  facet normal 1.000000 0.000000 0.000000
    outer loop
      vertex 58.000 109.000 10.000
      vertex 58.000 101.000 18.000
      vertex 58.000 101.000 10.000
    endloop
  endfacet
  facet normal 0.000000 -0.995185 -0.098017
    outer loop
      vertex -100.000 109.800 19.500
      vertex -62.000 109.800 19.500
      vertex -62.000 109.708 20.436
    endloop
  endfacet
  facet normal 0.000000 -0.995185 -0.098017
    outer loop
      vertex -100.000 109.800 19.500
      vertex -62.000 109.708 20.436
      vertex -100.000 109.708 20.436
    endloop
  endfacet
  facet normal 0.000000 0.995185 0.098017
    outer loop
      vertex -100.000 106.863 19.871
      vertex -62.000 106.863 19.871
      vertex -62.000 106.900 19.500
    endloop
  endfacet
  facet normal 0.000000 0.995185 0.098017
    outer loop
      vertex -100.000 106.863 19.871
      vertex -62.000 106.900 19.500
      vertex -100.000 106.900 19.500
    endloop
  endfacet
  facet normal -1.000000 0.000000 0.000000
    outer loop
      vertex -100.000 109.708 20.436
      vertex -100.000 109.800 19.500
      vertex -100.000 106.900 19.500
    endloop
  endfacet
  facet normal -1.000000 0.000000 0.000000
    outer loop
      vertex -100.000 109.708 20.436
      vertex -100.000 106.900 19.500
      vertex -100.000 106.863 19.871
    endloop
  endfacet
  facet normal 1.000000 0.000000 0.000000
    outer loop
      vertex -62.000 109.800 19.500
      vertex -62.000 109.708 20.436
      vertex -62.000 106.863 19.871
    endloop
  endfacet
  facet normal 1.000000 0.000000 0.000000
    outer loop
      vertex -62.000 109.800 19.500
      vertex -62.000 106.863 19.871
      vertex -62.000 106.900 19.500
    endloop
  endfacet
  facet normal 0.000000 -0.956940 -0.290285
    outer loop
      vertex -100.000 109.708 20.436
      vertex -62.000 109.708 20.436
      vertex -62.000 109.435 21.337
    endloop
  endfacet
  facet normal 0.000000 -0.956940 -0.290285
    outer loop
      vertex -100.000 109.708 20.436
      vertex -62.000 109.435 21.337
      vertex -100.000 109.435 21.337
    endloop
  endfacet
  facet normal 0.000000 0.956940 0.290285
    outer loop
      vertex -100.000 106.755 20.227
      vertex -62.000 106.755 20.227
      vertex -62.000 106.863 19.871
    endloop
  endfacet
  facet normal 0.000000 0.956940 0.290285
    outer loop
      vertex -100.000 106.755 20.227
      vertex -62.000 106.863 19.871
      vertex -100.000 106.863 19.871
    endloop
  endfacet
  facet normal -1.000000 0.000000 0.000000
    outer loop
      vertex -100.000 109.435 21.337
      vertex -100.000 109.708 20.436
      vertex -100.000 106.863 19.871
    endloop
  endfacet
  facet normal -1.000000 0.000000 0.000000
    outer loop
      vertex -100.000 109.435 21.337
      vertex -100.000 106.863 19.871
      vertex -100.000 106.755 20.227
    endloop
  endfacet
  facet normal 1.000000 0.000000 0.000000
    outer loop
      vertex -62.000 109.708 20.436
      vertex -62.000 109.435 21.337
      vertex -62.000 106.755 20.227
    endloop
  endfacet
  facet normal 1.000000 0.000000 0.000000
    outer loop
      vertex -62.000 109.708 20.436
      vertex -62.000 106.755 20.227
      vertex -62.000 106.863 19.871
    endloop
  endfacet
  facet normal 0.000000 -0.881921 -0.471397
    outer loop
      vertex -100.000 109.435 21.337
      vertex -62.000 109.435 21.337
      vertex -62.000 108.991 22.167
    endloop
  endfacet
  facet normal 0.000000 -0.881921 -0.471397
    outer loop
      vertex -100.000 109.435 21.337
      vertex -62.000 108.991 22.167
      vertex -100.000 108.991 22.167
    endloop
  endfacet
  facet normal 0.000000 0.881921 0.471397
    outer loop
      vertex -100.000 106.580 20.556
      vertex -62.000 106.580 20.556
      vertex -62.000 106.755 20.227
    endloop
  endfacet
  facet normal 0.000000 0.881921 0.471397
    outer loop
      vertex -100.000 106.580 20.556
      vertex -62.000 106.755 20.227
      vertex -100.000 106.755 20.227
    endloop
  endfacet
  facet normal -1.000000 0.000000 0.000000
    outer loop
      vertex -100.000 108.991 22.167
      vertex -100.000 109.435 21.337
      vertex -100.000 106.755 20.227
    endloop
  endfacet
  facet normal -1.000000 0.000000 0.000000
    outer loop
      vertex -100.000 108.991 22.167
      vertex -100.000 106.755 20.227
      vertex -100.000 106.580 20.556
    endloop
  endfacet
  facet normal 1.000000 0.000000 0.000000
    outer loop
      vertex -62.000 109.435 21.337
      vertex -62.000 108.991 22.167
      vertex -62.000 106.580 20.556
    endloop
  endfacet
  facet normal 1.000000 0.000000 0.000000
    outer loop
      vertex -62.000 109.435 21.337
      vertex -62.000 106.580 20.556
      vertex -62.000 106.755 20.227
    endloop
  endfacet
  facet normal 0.000000 -0.773010 -0.634393
    outer loop
      vertex -100.000 108.991 22.167
      vertex -62.000 108.991 22.167
      vertex -62.000 108.394 22.894
    endloop
  endfacet
  facet normal 0.000000 -0.773010 -0.634393
    outer loop
      vertex -100.000 108.991 22.167
      vertex -62.000 108.394 22.894
      vertex -100.000 108.394 22.894
    endloop
  endfacet
  facet normal 0.000000 0.773010 0.634393
    outer loop
      vertex -100.000 106.344 20.844
      vertex -62.000 106.344 20.844
      vertex -62.000 106.580 20.556
    endloop
  endfacet
  facet normal 0.000000 0.773010 0.634393
    outer loop
      vertex -100.000 106.344 20.844
      vertex -62.000 106.580 20.556
      vertex -100.000 106.580 20.556
    endloop
  endfacet
  facet normal -1.000000 0.000000 0.000000
    outer loop
      vertex -100.000 108.394 22.894
      vertex -100.000 108.991 22.167
      vertex -100.000 106.580 20.556
    endloop
  endfacet
  facet normal -1.000000 0.000000 0.000000
    outer loop
      vertex -100.000 108.394 22.894
      vertex -100.000 106.580 20.556
      vertex -100.000 106.344 20.844
    endloop
  endfacet
  facet normal 1.000000 0.000000 0.000000
    outer loop
      vertex -62.000 108.991 22.167
      vertex -62.000 108.394 22.894
      vertex -62.000 106.344 20.844
    endloop
  endfacet
  facet normal 1.000000 0.000000 0.000000
    outer loop
      vertex -62.000 108.991 22.167
      vertex -62.000 106.344 20.844
      vertex -62.000 106.580 20.556
    endloop
  endfacet
  facet normal 0.000000 -0.634393 -0.773010
    outer loop
      vertex -100.000 108.394 22.894
      vertex -62.000 108.394 22.894
      vertex -62.000 107.667 23.491
    endloop
  endfacet
  facet normal 0.000000 -0.634393 -0.773010
    outer loop
      vertex -100.000 108.394 22.894
      vertex -62.000 107.667 23.491
      vertex -100.000 107.667 23.491
    endloop
  endfacet
  facet normal 0.000000 0.634393 0.773010
    outer loop
      vertex -100.000 106.056 21.080
      vertex -62.000 106.056 21.080
      vertex -62.000 106.344 20.844
    endloop
  endfacet
  facet normal 0.000000 0.634393 0.773010
    outer loop
      vertex -100.000 106.056 21.080
      vertex -62.000 106.344 20.844
      vertex -100.000 106.344 20.844
    endloop
  endfacet
  facet normal -1.000000 0.000000 0.000000
    outer loop
      vertex -100.000 107.667 23.491
      vertex -100.000 108.394 22.894
      vertex -100.000 106.344 20.844
    endloop
  endfacet
  facet normal -1.000000 0.000000 0.000000
    outer loop
      vertex -100.000 107.667 23.491
      vertex -100.000 106.344 20.844
      vertex -100.000 106.056 21.080
    endloop
  endfacet
  facet normal 1.000000 0.000000 0.000000
    outer loop
      vertex -62.000 108.394 22.894
      vertex -62.000 107.667 23.491
      vertex -62.000 106.056 21.080
    endloop
  endfacet
  facet normal 1.000000 0.000000 0.000000
    outer loop
      vertex -62.000 108.394 22.894
      vertex -62.000 106.056 21.080
      vertex -62.000 106.344 20.844
    endloop
  endfacet
  facet normal 0.000000 -0.471397 -0.881921
    outer loop
      vertex -100.000 107.667 23.491
      vertex -62.000 107.667 23.491
      vertex -62.000 106.837 23.935
    endloop
  endfacet
  facet normal 0.000000 -0.471397 -0.881921
    outer loop
      vertex -100.000 107.667 23.491
      vertex -62.000 106.837 23.935
      vertex -100.000 106.837 23.935
    endloop
  endfacet
  facet normal 0.000000 0.471397 0.881921
    outer loop
      vertex -100.000 105.727 21.255
      vertex -62.000 105.727 21.255
      vertex -62.000 106.056 21.080
    endloop
  endfacet
  facet normal 0.000000 0.471397 0.881921
    outer loop
      vertex -100.000 105.727 21.255
      vertex -62.000 106.056 21.080
      vertex -100.000 106.056 21.080
    endloop
  endfacet
  facet normal -1.000000 0.000000 0.000000
    outer loop
      vertex -100.000 106.837 23.935
      vertex -100.000 107.667 23.491
      vertex -100.000 106.056 21.080
    endloop
  endfacet
  facet normal -1.000000 0.000000 0.000000
    outer loop
      vertex -100.000 106.837 23.935
      vertex -100.000 106.056 21.080
      vertex -100.000 105.727 21.255
    endloop
  endfacet
  facet normal 1.000000 0.000000 0.000000
    outer loop
      vertex -62.000 107.667 23.491
      vertex -62.000 106.837 23.935
      vertex -62.000 105.727 21.255
    endloop
  endfacet
  facet normal 1.000000 0.000000 0.000000
    outer loop
      vertex -62.000 107.667 23.491
      vertex -62.000 105.727 21.255
      vertex -62.000 106.056 21.080
    endloop
  endfacet
  facet normal 0.000000 -0.290285 -0.956940
    outer loop
      vertex -100.000 106.837 23.935
      vertex -62.000 106.837 23.935
      vertex -62.000 105.936 24.208
    endloop
  endfacet
  facet normal 0.000000 -0.290285 -0.956940
    outer loop
      vertex -100.000 106.837 23.935
      vertex -62.000 105.936 24.208
      vertex -100.000 105.936 24.208
    endloop
  endfacet
  facet normal 0.000000 0.290285 0.956940
    outer loop
      vertex -100.000 105.371 21.363
      vertex -62.000 105.371 21.363
      vertex -62.000 105.727 21.255
    endloop
  endfacet
  facet normal 0.000000 0.290285 0.956940
    outer loop
      vertex -100.000 105.371 21.363
      vertex -62.000 105.727 21.255
      vertex -100.000 105.727 21.255
    endloop
  endfacet
  facet normal -1.000000 0.000000 0.000000
    outer loop
      vertex -100.000 105.936 24.208
      vertex -100.000 106.837 23.935
      vertex -100.000 105.727 21.255
    endloop
  endfacet
  facet normal -1.000000 0.000000 0.000000
    outer loop
      vertex -100.000 105.936 24.208
      vertex -100.000 105.727 21.255
      vertex -100.000 105.371 21.363
    endloop
  endfacet
  facet normal 1.000000 0.000000 0.000000
    outer loop
      vertex -62.000 106.837 23.935
      vertex -62.000 105.936 24.208
      vertex -62.000 105.371 21.363
    endloop
  endfacet
  facet normal 1.000000 0.000000 0.000000
    outer loop
      vertex -62.000 106.837 23.935
      vertex -62.000 105.371 21.363
      vertex -62.000 105.727 21.255
    endloop
  endfacet
  facet normal 0.000000 -0.098017 -0.995185
    outer loop
      vertex -100.000 105.936 24.208
      vertex -62.000 105.936 24.208
      vertex -62.000 105.000 24.300
    endloop
  endfacet
  facet normal 0.000000 -0.098017 -0.995185
    outer loop
      vertex -100.000 105.936 24.208
      vertex -62.000 105.000 24.300
      vertex -100.000 105.000 24.300
    endloop
  endfacet
  facet normal 0.000000 0.098017 0.995185
    outer loop
      vertex -100.000 105.000 21.400
      vertex -62.000 105.000 21.400
      vertex -62.000 105.371 21.363
    endloop
  endfacet
  facet normal 0.000000 0.098017 0.995185
    outer loop
      vertex -100.000 105.000 21.400
      vertex -62.000 105.371 21.363
      vertex -100.000 105.371 21.363
    endloop
  endfacet
  facet normal -1.000000 0.000000 0.000000
    outer loop
      vertex -100.000 105.000 24.300
      vertex -100.000 105.936 24.208
      vertex -100.000 105.371 21.363
    endloop
  endfacet
  facet normal -1.000000 0.000000 0.000000
    outer loop
      vertex -100.000 105.000 24.300
      vertex -100.000 105.371 21.363
      vertex -100.000 105.000 21.400
    endloop
  endfacet
  facet normal 1.000000 0.000000 0.000000
    outer loop
      vertex -62.000 105.936 24.208
      vertex -62.000 105.000 24.300
      vertex -62.000 105.000 21.400
    endloop
  endfacet
  facet normal 1.000000 0.000000 0.000000
    outer loop
      vertex -62.000 105.936 24.208
      vertex -62.000 105.000 21.400
      vertex -62.000 105.371 21.363
    endloop
  endfacet
  facet normal 0.000000 0.098017 -0.995185
    outer loop
      vertex -100.000 105.000 24.300
      vertex -62.000 105.000 24.300
      vertex -62.000 104.064 24.208
    endloop
  endfacet
  facet normal 0.000000 0.098017 -0.995185
    outer loop
      vertex -100.000 105.000 24.300
      vertex -62.000 104.064 24.208
      vertex -100.000 104.064 24.208
    endloop
  endfacet
  facet normal 0.000000 -0.098017 0.995185
    outer loop
      vertex -100.000 104.629 21.363
      vertex -62.000 104.629 21.363
      vertex -62.000 105.000 21.400
    endloop
  endfacet
  facet normal 0.000000 -0.098017 0.995185
    outer loop
      vertex -100.000 104.629 21.363
      vertex -62.000 105.000 21.400
      vertex -100.000 105.000 21.400
    endloop
  endfacet
  facet normal -1.000000 0.000000 0.000000
    outer loop
      vertex -100.000 104.064 24.208
      vertex -100.000 105.000 24.300
      vertex -100.000 105.000 21.400
    endloop
  endfacet
  facet normal -1.000000 0.000000 0.000000
    outer loop
      vertex -100.000 104.064 24.208
      vertex -100.000 105.000 21.400
      vertex -100.000 104.629 21.363
    endloop
  endfacet
  facet normal 1.000000 0.000000 0.000000
    outer loop
      vertex -62.000 105.000 24.300
      vertex -62.000 104.064 24.208
      vertex -62.000 104.629 21.363
    endloop
  endfacet
  facet normal 1.000000 0.000000 0.000000
    outer loop
      vertex -62.000 105.000 24.300
      vertex -62.000 104.629 21.363
      vertex -62.000 105.000 21.400
    endloop
  endfacet
  facet normal 0.000000 0.290285 -0.956940
    outer loop
      vertex -100.000 104.064 24.208
      vertex -62.000 104.064 24.208
      vertex -62.000 103.163 23.935
    endloop
  endfacet
  facet normal 0.000000 0.290285 -0.956940
    outer loop
      vertex -100.000 104.064 24.208
      vertex -62.000 103.163 23.935
      vertex -100.000 103.163 23.935
    endloop
  endfacet
  facet normal 0.000000 -0.290285 0.956940
    outer loop
      vertex -100.000 104.273 21.255
      vertex -62.000 104.273 21.255
      vertex -62.000 104.629 21.363
    endloop
  endfacet
  facet normal 0.000000 -0.290285 0.956940
    outer loop
      vertex -100.000 104.273 21.255
      vertex -62.000 104.629 21.363
      vertex -100.000 104.629 21.363
    endloop
  endfacet
  facet normal -1.000000 0.000000 0.000000
    outer loop
      vertex -100.000 103.163 23.935
      vertex -100.000 104.064 24.208
      vertex -100.000 104.629 21.363
    endloop
  endfacet
  facet normal -1.000000 0.000000 0.000000
    outer loop
      vertex -100.000 103.163 23.935
      vertex -100.000 104.629 21.363
      vertex -100.000 104.273 21.255
    endloop
  endfacet
  facet normal 1.000000 0.000000 0.000000
    outer loop
      vertex -62.000 104.064 24.208
      vertex -62.000 103.163 23.935
      vertex -62.000 104.273 21.255
    endloop
  endfacet
  facet normal 1.000000 0.000000 0.000000
    outer loop
      vertex -62.000 104.064 24.208
      vertex -62.000 104.273 21.255
      vertex -62.000 104.629 21.363
    endloop
  endfacet
  facet normal 0.000000 0.471397 -0.881921
    outer loop
      vertex -100.000 103.163 23.935
      vertex -62.000 103.163 23.935
      vertex -62.000 102.333 23.491
    endloop
  endfacet
  facet normal 0.000000 0.471397 -0.881921
    outer loop
      vertex -100.000 103.163 23.935
      vertex -62.000 102.333 23.491
      vertex -100.000 102.333 23.491
    endloop
  endfacet
  facet normal 0.000000 -0.471397 0.881921
    outer loop
      vertex -100.000 103.944 21.080
      vertex -62.000 103.944 21.080
      vertex -62.000 104.273 21.255
    endloop
  endfacet
  facet normal 0.000000 -0.471397 0.881921
    outer loop
      vertex -100.000 103.944 21.080
      vertex -62.000 104.273 21.255
      vertex -100.000 104.273 21.255
    endloop
  endfacet
  facet normal -1.000000 0.000000 0.000000
    outer loop
      vertex -100.000 102.333 23.491
      vertex -100.000 103.163 23.935
      vertex -100.000 104.273 21.255
    endloop
  endfacet
  facet normal -1.000000 0.000000 0.000000
    outer loop
      vertex -100.000 102.333 23.491
      vertex -100.000 104.273 21.255
      vertex -100.000 103.944 21.080
    endloop
  endfacet
  facet normal 1.000000 0.000000 0.000000
    outer loop
      vertex -62.000 103.163 23.935
      vertex -62.000 102.333 23.491
      vertex -62.000 103.944 21.080
    endloop
  endfacet
  facet normal 1.000000 0.000000 0.000000
    outer loop
      vertex -62.000 103.163 23.935
      vertex -62.000 103.944 21.080
      vertex -62.000 104.273 21.255
    endloop
  endfacet
  facet normal 0.000000 0.634393 -0.773010
    outer loop
      vertex -100.000 102.333 23.491
      vertex -62.000 102.333 23.491
      vertex -62.000 101.606 22.894
    endloop
  endfacet
  facet normal 0.000000 0.634393 -0.773010
    outer loop
      vertex -100.000 102.333 23.491
      vertex -62.000 101.606 22.894
      vertex -100.000 101.606 22.894
    endloop
  endfacet
  facet normal 0.000000 -0.634393 0.773010
    outer loop
      vertex -100.000 103.656 20.844
      vertex -62.000 103.656 20.844
      vertex -62.000 103.944 21.080
    endloop
  endfacet
  facet normal 0.000000 -0.634393 0.773010
    outer loop
      vertex -100.000 103.656 20.844
      vertex -62.000 103.944 21.080
      vertex -100.000 103.944 21.080
    endloop
  endfacet
  facet normal -1.000000 0.000000 0.000000
    outer loop
      vertex -100.000 101.606 22.894
      vertex -100.000 102.333 23.491
      vertex -100.000 103.944 21.080
    endloop
  endfacet
  facet normal -1.000000 0.000000 0.000000
    outer loop
      vertex -100.000 101.606 22.894
      vertex -100.000 103.944 21.080
      vertex -100.000 103.656 20.844
    endloop
  endfacet
  facet normal 1.000000 0.000000 0.000000
    outer loop
      vertex -62.000 102.333 23.491
      vertex -62.000 101.606 22.894
      vertex -62.000 103.656 20.844
    endloop
  endfacet
  facet normal 1.000000 0.000000 0.000000
    outer loop
      vertex -62.000 102.333 23.491
      vertex -62.000 103.656 20.844
      vertex -62.000 103.944 21.080
    endloop
  endfacet
  facet normal 0.000000 0.773010 -0.634393
    outer loop
      vertex -100.000 101.606 22.894
      vertex -62.000 101.606 22.894
      vertex -62.000 101.009 22.167
    endloop
  endfacet
  facet normal 0.000000 0.773010 -0.634393
    outer loop
      vertex -100.000 101.606 22.894
      vertex -62.000 101.009 22.167
      vertex -100.000 101.009 22.167
    endloop
  endfacet
  facet normal 0.000000 -0.773010 0.634393
    outer loop
      vertex -100.000 103.420 20.556
      vertex -62.000 103.420 20.556
      vertex -62.000 103.656 20.844
    endloop
  endfacet
  facet normal 0.000000 -0.773010 0.634393
    outer loop
      vertex -100.000 103.420 20.556
      vertex -62.000 103.656 20.844
      vertex -100.000 103.656 20.844
    endloop
  endfacet
  facet normal -1.000000 0.000000 0.000000
    outer loop
      vertex -100.000 101.009 22.167
      vertex -100.000 101.606 22.894
      vertex -100.000 103.656 20.844
    endloop
  endfacet
  facet normal -1.000000 0.000000 0.000000
    outer loop
      vertex -100.000 101.009 22.167
      vertex -100.000 103.656 20.844
      vertex -100.000 103.420 20.556
    endloop
  endfacet
  facet normal 1.000000 0.000000 0.000000
    outer loop
      vertex -62.000 101.606 22.894
      vertex -62.000 101.009 22.167
      vertex -62.000 103.420 20.556
    endloop
  endfacet
  facet normal 1.000000 0.000000 0.000000
    outer loop
      vertex -62.000 101.606 22.894
      vertex -62.000 103.420 20.556
      vertex -62.000 103.656 20.844
    endloop
  endfacet
  facet normal 0.000000 0.881921 -0.471397
    outer loop
      vertex -100.000 101.009 22.167
      vertex -62.000 101.009 22.167
      vertex -62.000 100.565 21.337
    endloop
  endfacet
  facet normal 0.000000 0.881921 -0.471397
    outer loop
      vertex -100.000 101.009 22.167
      vertex -62.000 100.565 21.337
      vertex -100.000 100.565 21.337
    endloop
  endfacet
  facet normal 0.000000 -0.881921 0.471397
    outer loop
      vertex -100.000 103.245 20.227
      vertex -62.000 103.245 20.227
      vertex -62.000 103.420 20.556
    endloop
  endfacet
  facet normal 0.000000 -0.881921 0.471397
    outer loop
      vertex -100.000 103.245 20.227
      vertex -62.000 103.420 20.556
      vertex -100.000 103.420 20.556
    endloop
  endfacet
  facet normal -1.000000 0.000000 0.000000
    outer loop
      vertex -100.000 100.565 21.337
      vertex -100.000 101.009 22.167
      vertex -100.000 103.420 20.556
    endloop
  endfacet
  facet normal -1.000000 0.000000 0.000000
    outer loop
      vertex -100.000 100.565 21.337
      vertex -100.000 103.420 20.556
      vertex -100.000 103.245 20.227
    endloop
  endfacet
  facet normal 1.000000 0.000000 0.000000
    outer loop
      vertex -62.000 101.009 22.167
      vertex -62.000 100.565 21.337
      vertex -62.000 103.245 20.227
    endloop
  endfacet
  facet normal 1.000000 0.000000 0.000000
    outer loop
      vertex -62.000 101.009 22.167
      vertex -62.000 103.245 20.227
      vertex -62.000 103.420 20.556
    endloop
  endfacet
  facet normal 0.000000 0.956940 -0.290285
    outer loop
      vertex -100.000 100.565 21.337
      vertex -62.000 100.565 21.337
      vertex -62.000 100.292 20.436
    endloop
  endfacet
  facet normal 0.000000 0.956940 -0.290285
    outer loop
      vertex -100.000 100.565 21.337
      vertex -62.000 100.292 20.436
      vertex -100.000 100.292 20.436
    endloop
  endfacet
  facet normal 0.000000 -0.956940 0.290285
    outer loop
      vertex -100.000 103.137 19.871
      vertex -62.000 103.137 19.871
      vertex -62.000 103.245 20.227
    endloop
  endfacet
  facet normal 0.000000 -0.956940 0.290285
    outer loop
      vertex -100.000 103.137 19.871
      vertex -62.000 103.245 20.227
      vertex -100.000 103.245 20.227
    endloop
  endfacet
  facet normal -1.000000 0.000000 0.000000
    outer loop
      vertex -100.000 100.292 20.436
      vertex -100.000 100.565 21.337
      vertex -100.000 103.245 20.227
    endloop
  endfacet
  facet normal -1.000000 0.000000 0.000000
    outer loop
      vertex -100.000 100.292 20.436
      vertex -100.000 103.245 20.227
      vertex -100.000 103.137 19.871
    endloop
  endfacet
  facet normal 1.000000 0.000000 0.000000
    outer loop
      vertex -62.000 100.565 21.337
      vertex -62.000 100.292 20.436
      vertex -62.000 103.137 19.871
    endloop
  endfacet
  facet normal 1.000000 0.000000 0.000000
    outer loop
      vertex -62.000 100.565 21.337
      vertex -62.000 103.137 19.871
      vertex -62.000 103.245 20.227
    endloop
  endfacet
  facet normal 0.000000 0.995185 -0.098017
    outer loop
      vertex -100.000 100.292 20.436
      vertex -62.000 100.292 20.436
      vertex -62.000 100.200 19.500
    endloop
  endfacet
  facet normal 0.000000 0.995185 -0.098017
    outer loop
      vertex -100.000 100.292 20.436
      vertex -62.000 100.200 19.500
      vertex -100.000 100.200 19.500
    endloop
  endfacet
  facet normal 0.000000 -0.995185 0.098017
    outer loop
      vertex -100.000 103.100 19.500
      vertex -62.000 103.100 19.500
      vertex -62.000 103.137 19.871
    endloop
  endfacet
  facet normal 0.000000 -0.995185 0.098017
    outer loop
      vertex -100.000 103.100 19.500
      vertex -62.000 103.137 19.871
      vertex -100.000 103.137 19.871
    endloop
  endfacet
  facet normal -1.000000 0.000000 0.000000
    outer loop
      vertex -100.000 100.200 19.500
      vertex -100.000 100.292 20.436
      vertex -100.000 103.137 19.871
    endloop
  endfacet
  facet normal -1.000000 0.000000 0.000000
    outer loop
      vertex -100.000 100.200 19.500
      vertex -100.000 103.137 19.871
      vertex -100.000 103.100 19.500
    endloop
  endfacet
  facet normal 1.000000 0.000000 0.000000
    outer loop
      vertex -62.000 100.292 20.436
      vertex -62.000 100.200 19.500
      vertex -62.000 103.100 19.500
    endloop
  endfacet
  facet normal 1.000000 0.000000 0.000000
    outer loop
      vertex -62.000 100.292 20.436
      vertex -62.000 103.100 19.500
      vertex -62.000 103.137 19.871
    endloop
  endfacet
  facet normal 0.000000 0.995185 0.098017
    outer loop
      vertex -100.000 100.200 19.500
      vertex -62.000 100.200 19.500
      vertex -62.000 100.292 18.564
    endloop
  endfacet
  facet normal 0.000000 0.995185 0.098017
    outer loop
      vertex -100.000 100.200 19.500
      vertex -62.000 100.292 18.564
      vertex -100.000 100.292 18.564
    endloop
  endfacet
  facet normal 0.000000 -0.995185 -0.098017
    outer loop
      vertex -100.000 103.137 19.129
      vertex -62.000 103.137 19.129
      vertex -62.000 103.100 19.500
    endloop
  endfacet
  facet normal 0.000000 -0.995185 -0.098017
    outer loop
      vertex -100.000 103.137 19.129
      vertex -62.000 103.100 19.500
      vertex -100.000 103.100 19.500
    endloop
  endfacet
  facet normal -1.000000 0.000000 0.000000
    outer loop
      vertex -100.000 100.292 18.564
      vertex -100.000 100.200 19.500
      vertex -100.000 103.100 19.500
    endloop
  endfacet
  facet normal -1.000000 0.000000 0.000000
    outer loop
      vertex -100.000 100.292 18.564
      vertex -100.000 103.100 19.500
      vertex -100.000 103.137 19.129
    endloop
  endfacet
  facet normal 1.000000 0.000000 0.000000
    outer loop
      vertex -62.000 100.200 19.500
      vertex -62.000 100.292 18.564
      vertex -62.000 103.137 19.129
    endloop
  endfacet
  facet normal 1.000000 0.000000 0.000000
    outer loop
      vertex -62.000 100.200 19.500
      vertex -62.000 103.137 19.129
      vertex -62.000 103.100 19.500
    endloop
  endfacet
  facet normal 0.000000 0.956940 0.290285
    outer loop
      vertex -100.000 100.292 18.564
      vertex -62.000 100.292 18.564
      vertex -62.000 100.565 17.663
    endloop
  endfacet
  facet normal 0.000000 0.956940 0.290285
    outer loop
      vertex -100.000 100.292 18.564
      vertex -62.000 100.565 17.663
      vertex -100.000 100.565 17.663
    endloop
  endfacet
  facet normal 0.000000 -0.956940 -0.290285
    outer loop
      vertex -100.000 103.245 18.773
      vertex -62.000 103.245 18.773
      vertex -62.000 103.137 19.129
    endloop
  endfacet
  facet normal 0.000000 -0.956940 -0.290285
    outer loop
      vertex -100.000 103.245 18.773
      vertex -62.000 103.137 19.129
      vertex -100.000 103.137 19.129
    endloop
  endfacet
  facet normal -1.000000 0.000000 0.000000
    outer loop
      vertex -100.000 100.565 17.663
      vertex -100.000 100.292 18.564
      vertex -100.000 103.137 19.129
    endloop
  endfacet
  facet normal -1.000000 0.000000 0.000000
    outer loop
      vertex -100.000 100.565 17.663
      vertex -100.000 103.137 19.129
      vertex -100.000 103.245 18.773
    endloop
  endfacet
  facet normal 1.000000 0.000000 0.000000
    outer loop
      vertex -62.000 100.292 18.564
      vertex -62.000 100.565 17.663
      vertex -62.000 103.245 18.773
    endloop
  endfacet
  facet normal 1.000000 0.000000 0.000000
    outer loop
      vertex -62.000 100.292 18.564
      vertex -62.000 103.245 18.773
      vertex -62.000 103.137 19.129
    endloop
  endfacet
  facet normal 0.000000 0.881921 0.471397
    outer loop
      vertex -100.000 100.565 17.663
      vertex -62.000 100.565 17.663
      vertex -62.000 101.009 16.833
    endloop
  endfacet
  facet normal 0.000000 0.881921 0.471397
    outer loop
      vertex -100.000 100.565 17.663
      vertex -62.000 101.009 16.833
      vertex -100.000 101.009 16.833
    endloop
  endfacet
  facet normal 0.000000 -0.881921 -0.471397
    outer loop
      vertex -100.000 103.420 18.444
      vertex -62.000 103.420 18.444
      vertex -62.000 103.245 18.773
    endloop
  endfacet
  facet normal 0.000000 -0.881921 -0.471397
    outer loop
      vertex -100.000 103.420 18.444
      vertex -62.000 103.245 18.773
      vertex -100.000 103.245 18.773
    endloop
  endfacet
  facet normal -1.000000 0.000000 0.000000
    outer loop
      vertex -100.000 101.009 16.833
      vertex -100.000 100.565 17.663
      vertex -100.000 103.245 18.773
    endloop
  endfacet
  facet normal -1.000000 0.000000 0.000000
    outer loop
      vertex -100.000 101.009 16.833
      vertex -100.000 103.245 18.773
      vertex -100.000 103.420 18.444
    endloop
  endfacet
  facet normal 1.000000 0.000000 0.000000
    outer loop
      vertex -62.000 100.565 17.663
      vertex -62.000 101.009 16.833
      vertex -62.000 103.420 18.444
    endloop
  endfacet
  facet normal 1.000000 0.000000 0.000000
    outer loop
      vertex -62.000 100.565 17.663
      vertex -62.000 103.420 18.444
      vertex -62.000 103.245 18.773
    endloop
  endfacet
  facet normal 0.000000 0.773010 0.634393
    outer loop
      vertex -100.000 101.009 16.833
      vertex -62.000 101.009 16.833
      vertex -62.000 101.606 16.106
    endloop
  endfacet
  facet normal 0.000000 0.773010 0.634393
    outer loop
      vertex -100.000 101.009 16.833
      vertex -62.000 101.606 16.106
      vertex -100.000 101.606 16.106
    endloop
  endfacet
  facet normal 0.000000 -0.773010 -0.634393
    outer loop
      vertex -100.000 103.656 18.156
      vertex -62.000 103.656 18.156
      vertex -62.000 103.420 18.444
    endloop
  endfacet
  facet normal 0.000000 -0.773010 -0.634393
    outer loop
      vertex -100.000 103.656 18.156
      vertex -62.000 103.420 18.444
      vertex -100.000 103.420 18.444
    endloop
  endfacet
  facet normal -1.000000 0.000000 0.000000
    outer loop
      vertex -100.000 101.606 16.106
      vertex -100.000 101.009 16.833
      vertex -100.000 103.420 18.444
    endloop
  endfacet
  facet normal -1.000000 0.000000 0.000000
    outer loop
      vertex -100.000 101.606 16.106
      vertex -100.000 103.420 18.444
      vertex -100.000 103.656 18.156
    endloop
  endfacet
  facet normal 1.000000 0.000000 0.000000
    outer loop
      vertex -62.000 101.009 16.833
      vertex -62.000 101.606 16.106
      vertex -62.000 103.656 18.156
    endloop
  endfacet
  facet normal 1.000000 0.000000 0.000000
    outer loop
      vertex -62.000 101.009 16.833
      vertex -62.000 103.656 18.156
      vertex -62.000 103.420 18.444
    endloop
  endfacet
  facet normal 0.000000 0.634393 0.773010
    outer loop
      vertex -100.000 101.606 16.106
      vertex -62.000 101.606 16.106
      vertex -62.000 102.333 15.509
    endloop
  endfacet
  facet normal 0.000000 0.634393 0.773010
    outer loop
      vertex -100.000 101.606 16.106
      vertex -62.000 102.333 15.509
      vertex -100.000 102.333 15.509
    endloop
  endfacet
  facet normal 0.000000 -0.634393 -0.773010
    outer loop
      vertex -100.000 103.944 17.920
      vertex -62.000 103.944 17.920
      vertex -62.000 103.656 18.156
    endloop
  endfacet
  facet normal 0.000000 -0.634393 -0.773010
    outer loop
      vertex -100.000 103.944 17.920
      vertex -62.000 103.656 18.156
      vertex -100.000 103.656 18.156
    endloop
  endfacet
  facet normal -1.000000 0.000000 0.000000
    outer loop
      vertex -100.000 102.333 15.509
      vertex -100.000 101.606 16.106
      vertex -100.000 103.656 18.156
    endloop
  endfacet
  facet normal -1.000000 0.000000 0.000000
    outer loop
      vertex -100.000 102.333 15.509
      vertex -100.000 103.656 18.156
      vertex -100.000 103.944 17.920
    endloop
  endfacet
  facet normal 1.000000 0.000000 0.000000
    outer loop
      vertex -62.000 101.606 16.106
      vertex -62.000 102.333 15.509
      vertex -62.000 103.944 17.920
    endloop
  endfacet
  facet normal 1.000000 0.000000 0.000000
    outer loop
      vertex -62.000 101.606 16.106
      vertex -62.000 103.944 17.920
      vertex -62.000 103.656 18.156
    endloop
  endfacet
  facet normal 0.000000 0.471397 0.881921
    outer loop
      vertex -100.000 102.333 15.509
      vertex -62.000 102.333 15.509
      vertex -62.000 103.163 15.065
    endloop
  endfacet
  facet normal 0.000000 0.471397 0.881921
    outer loop
      vertex -100.000 102.333 15.509
      vertex -62.000 103.163 15.065
      vertex -100.000 103.163 15.065
    endloop
  endfacet
  facet normal 0.000000 -0.471397 -0.881921
    outer loop
      vertex -100.000 104.273 17.745
      vertex -62.000 104.273 17.745
      vertex -62.000 103.944 17.920
    endloop
  endfacet
  facet normal 0.000000 -0.471397 -0.881921
    outer loop
      vertex -100.000 104.273 17.745
      vertex -62.000 103.944 17.920
      vertex -100.000 103.944 17.920
    endloop
  endfacet
  facet normal -1.000000 0.000000 0.000000
    outer loop
      vertex -100.000 103.163 15.065
      vertex -100.000 102.333 15.509
      vertex -100.000 103.944 17.920
    endloop
  endfacet
  facet normal -1.000000 0.000000 0.000000
    outer loop
      vertex -100.000 103.163 15.065
      vertex -100.000 103.944 17.920
      vertex -100.000 104.273 17.745
    endloop
  endfacet
  facet normal 1.000000 0.000000 0.000000
    outer loop
      vertex -62.000 102.333 15.509
      vertex -62.000 103.163 15.065
      vertex -62.000 104.273 17.745
    endloop
  endfacet
  facet normal 1.000000 0.000000 0.000000
    outer loop
      vertex -62.000 102.333 15.509
      vertex -62.000 104.273 17.745
      vertex -62.000 103.944 17.920
    endloop
  endfacet
  facet normal 0.000000 0.290285 0.956940
    outer loop
      vertex -100.000 103.163 15.065
      vertex -62.000 103.163 15.065
      vertex -62.000 104.064 14.792
    endloop
  endfacet
  facet normal 0.000000 0.290285 0.956940
    outer loop
      vertex -100.000 103.163 15.065
      vertex -62.000 104.064 14.792
      vertex -100.000 104.064 14.792
    endloop
  endfacet
  facet normal 0.000000 -0.290285 -0.956940
    outer loop
      vertex -100.000 104.629 17.637
      vertex -62.000 104.629 17.637
      vertex -62.000 104.273 17.745
    endloop
  endfacet
  facet normal 0.000000 -0.290285 -0.956940
    outer loop
      vertex -100.000 104.629 17.637
      vertex -62.000 104.273 17.745
      vertex -100.000 104.273 17.745
    endloop
  endfacet
  facet normal -1.000000 0.000000 0.000000
    outer loop
      vertex -100.000 104.064 14.792
      vertex -100.000 103.163 15.065
      vertex -100.000 104.273 17.745
    endloop
  endfacet
  facet normal -1.000000 0.000000 0.000000
    outer loop
      vertex -100.000 104.064 14.792
      vertex -100.000 104.273 17.745
      vertex -100.000 104.629 17.637
    endloop
  endfacet
  facet normal 1.000000 0.000000 0.000000
    outer loop
      vertex -62.000 103.163 15.065
      vertex -62.000 104.064 14.792
      vertex -62.000 104.629 17.637
    endloop
  endfacet
  facet normal 1.000000 0.000000 0.000000
    outer loop
      vertex -62.000 103.163 15.065
      vertex -62.000 104.629 17.637
      vertex -62.000 104.273 17.745
    endloop
  endfacet
  facet normal 0.000000 0.098017 0.995185
    outer loop
      vertex -100.000 104.064 14.792
      vertex -62.000 104.064 14.792
      vertex -62.000 105.000 14.700
    endloop
  endfacet
  facet normal 0.000000 0.098017 0.995185
    outer loop
      vertex -100.000 104.064 14.792
      vertex -62.000 105.000 14.700
      vertex -100.000 105.000 14.700
    endloop
  endfacet
  facet normal 0.000000 -0.098017 -0.995185
    outer loop
      vertex -100.000 105.000 17.600
      vertex -62.000 105.000 17.600
      vertex -62.000 104.629 17.637
    endloop
  endfacet
  facet normal 0.000000 -0.098017 -0.995185
    outer loop
      vertex -100.000 105.000 17.600
      vertex -62.000 104.629 17.637
      vertex -100.000 104.629 17.637
    endloop
  endfacet
  facet normal -1.000000 0.000000 0.000000
    outer loop
      vertex -100.000 105.000 14.700
      vertex -100.000 104.064 14.792
      vertex -100.000 104.629 17.637
    endloop
  endfacet
  facet normal -1.000000 0.000000 0.000000
    outer loop
      vertex -100.000 105.000 14.700
      vertex -100.000 104.629 17.637
      vertex -100.000 105.000 17.600
    endloop
  endfacet
  facet normal 1.000000 0.000000 0.000000
    outer loop
      vertex -62.000 104.064 14.792
      vertex -62.000 105.000 14.700
      vertex -62.000 105.000 17.600
    endloop
  endfacet
  facet normal 1.000000 0.000000 0.000000
    outer loop
      vertex -62.000 104.064 14.792
      vertex -62.000 105.000 17.600
      vertex -62.000 104.629 17.637
    endloop
  endfacet
  facet normal 0.000000 -0.098017 0.995185
    outer loop
      vertex -100.000 105.000 14.700
      vertex -62.000 105.000 14.700
      vertex -62.000 105.936 14.792
    endloop
  endfacet
  facet normal 0.000000 -0.098017 0.995185
    outer loop
      vertex -100.000 105.000 14.700
      vertex -62.000 105.936 14.792
      vertex -100.000 105.936 14.792
    endloop
  endfacet
  facet normal 0.000000 0.098017 -0.995185
    outer loop
      vertex -100.000 105.371 17.637
      vertex -62.000 105.371 17.637
      vertex -62.000 105.000 17.600
    endloop
  endfacet
  facet normal 0.000000 0.098017 -0.995185
    outer loop
      vertex -100.000 105.371 17.637
      vertex -62.000 105.000 17.600
      vertex -100.000 105.000 17.600
    endloop
  endfacet
  facet normal -1.000000 0.000000 0.000000
    outer loop
      vertex -100.000 105.936 14.792
      vertex -100.000 105.000 14.700
      vertex -100.000 105.000 17.600
    endloop
  endfacet
  facet normal -1.000000 0.000000 0.000000
    outer loop
      vertex -100.000 105.936 14.792
      vertex -100.000 105.000 17.600
      vertex -100.000 105.371 17.637
    endloop
  endfacet
  facet normal 1.000000 0.000000 0.000000
    outer loop
      vertex -62.000 105.000 14.700
      vertex -62.000 105.936 14.792
      vertex -62.000 105.371 17.637
    endloop
  endfacet
  facet normal 1.000000 0.000000 0.000000
    outer loop
      vertex -62.000 105.000 14.700
      vertex -62.000 105.371 17.637
      vertex -62.000 105.000 17.600
    endloop
  endfacet
  facet normal 0.000000 -0.290285 0.956940
    outer loop
      vertex -100.000 105.936 14.792
      vertex -62.000 105.936 14.792
      vertex -62.000 106.837 15.065
    endloop
  endfacet
  facet normal 0.000000 -0.290285 0.956940
    outer loop
      vertex -100.000 105.936 14.792
      vertex -62.000 106.837 15.065
      vertex -100.000 106.837 15.065
    endloop
  endfacet
  facet normal 0.000000 0.290285 -0.956940
    outer loop
      vertex -100.000 105.727 17.745
      vertex -62.000 105.727 17.745
      vertex -62.000 105.371 17.637
    endloop
  endfacet
  facet normal 0.000000 0.290285 -0.956940
    outer loop
      vertex -100.000 105.727 17.745
      vertex -62.000 105.371 17.637
      vertex -100.000 105.371 17.637
    endloop
  endfacet
  facet normal -1.000000 0.000000 0.000000
    outer loop
      vertex -100.000 106.837 15.065
      vertex -100.000 105.936 14.792
      vertex -100.000 105.371 17.637
    endloop
  endfacet
  facet normal -1.000000 0.000000 0.000000
    outer loop
      vertex -100.000 106.837 15.065
      vertex -100.000 105.371 17.637
      vertex -100.000 105.727 17.745
    endloop
  endfacet
  facet normal 1.000000 0.000000 0.000000
    outer loop
      vertex -62.000 105.936 14.792
      vertex -62.000 106.837 15.065
      vertex -62.000 105.727 17.745
    endloop
  endfacet
  facet normal 1.000000 0.000000 0.000000
    outer loop
      vertex -62.000 105.936 14.792
      vertex -62.000 105.727 17.745
      vertex -62.000 105.371 17.637
    endloop
  endfacet
  facet normal 0.000000 -0.471397 0.881921
    outer loop
      vertex -100.000 106.837 15.065
      vertex -62.000 106.837 15.065
      vertex -62.000 107.667 15.509
    endloop
  endfacet
  facet normal 0.000000 -0.471397 0.881921
    outer loop
      vertex -100.000 106.837 15.065
      vertex -62.000 107.667 15.509
      vertex -100.000 107.667 15.509
    endloop
  endfacet
  facet normal 0.000000 0.471397 -0.881921
    outer loop
      vertex -100.000 106.056 17.920
      vertex -62.000 106.056 17.920
      vertex -62.000 105.727 17.745
    endloop
  endfacet
  facet normal 0.000000 0.471397 -0.881921
    outer loop
      vertex -100.000 106.056 17.920
      vertex -62.000 105.727 17.745
      vertex -100.000 105.727 17.745
    endloop
  endfacet
  facet normal -1.000000 0.000000 0.000000
    outer loop
      vertex -100.000 107.667 15.509
      vertex -100.000 106.837 15.065
      vertex -100.000 105.727 17.745
    endloop
  endfacet
  facet normal -1.000000 0.000000 0.000000
    outer loop
      vertex -100.000 107.667 15.509
      vertex -100.000 105.727 17.745
      vertex -100.000 106.056 17.920
    endloop
  endfacet
  facet normal 1.000000 0.000000 0.000000
    outer loop
      vertex -62.000 106.837 15.065
      vertex -62.000 107.667 15.509
      vertex -62.000 106.056 17.920
    endloop
  endfacet
  facet normal 1.000000 0.000000 0.000000
    outer loop
      vertex -62.000 106.837 15.065
      vertex -62.000 106.056 17.920
      vertex -62.000 105.727 17.745
    endloop
  endfacet
  facet normal 0.000000 -0.634393 0.773010
    outer loop
      vertex -100.000 107.667 15.509
      vertex -62.000 107.667 15.509
      vertex -62.000 108.394 16.106
    endloop
  endfacet
  facet normal 0.000000 -0.634393 0.773010
    outer loop
      vertex -100.000 107.667 15.509
      vertex -62.000 108.394 16.106
      vertex -100.000 108.394 16.106
    endloop
  endfacet
  facet normal 0.000000 0.634393 -0.773010
    outer loop
      vertex -100.000 106.344 18.156
      vertex -62.000 106.344 18.156
      vertex -62.000 106.056 17.920
    endloop
  endfacet
  facet normal 0.000000 0.634393 -0.773010
    outer loop
      vertex -100.000 106.344 18.156
      vertex -62.000 106.056 17.920
      vertex -100.000 106.056 17.920
    endloop
  endfacet
  facet normal -1.000000 0.000000 0.000000
    outer loop
      vertex -100.000 108.394 16.106
      vertex -100.000 107.667 15.509
      vertex -100.000 106.056 17.920
    endloop
  endfacet
  facet normal -1.000000 0.000000 0.000000
    outer loop
      vertex -100.000 108.394 16.106
      vertex -100.000 106.056 17.920
      vertex -100.000 106.344 18.156
    endloop
  endfacet
  facet normal 1.000000 0.000000 0.000000
    outer loop
      vertex -62.000 107.667 15.509
      vertex -62.000 108.394 16.106
      vertex -62.000 106.344 18.156
    endloop
  endfacet
  facet normal 1.000000 0.000000 0.000000
    outer loop
      vertex -62.000 107.667 15.509
      vertex -62.000 106.344 18.156
      vertex -62.000 106.056 17.920
    endloop
  endfacet
  facet normal 0.000000 -0.773010 0.634393
    outer loop
      vertex -100.000 108.394 16.106
      vertex -62.000 108.394 16.106
      vertex -62.000 108.991 16.833
    endloop
  endfacet
  facet normal 0.000000 -0.773010 0.634393
    outer loop
      vertex -100.000 108.394 16.106
      vertex -62.000 108.991 16.833
      vertex -100.000 108.991 16.833
    endloop
  endfacet
  facet normal 0.000000 0.773010 -0.634393
    outer loop
      vertex -100.000 106.580 18.444
      vertex -62.000 106.580 18.444
      vertex -62.000 106.344 18.156
    endloop
  endfacet
  facet normal 0.000000 0.773010 -0.634393
    outer loop
      vertex -100.000 106.580 18.444
      vertex -62.000 106.344 18.156
      vertex -100.000 106.344 18.156
    endloop
  endfacet
  facet normal -1.000000 0.000000 0.000000
    outer loop
      vertex -100.000 108.991 16.833
      vertex -100.000 108.394 16.106
      vertex -100.000 106.344 18.156
    endloop
  endfacet
  facet normal -1.000000 0.000000 0.000000
    outer loop
      vertex -100.000 108.991 16.833
      vertex -100.000 106.344 18.156
      vertex -100.000 106.580 18.444
    endloop
  endfacet
  facet normal 1.000000 0.000000 0.000000
    outer loop
      vertex -62.000 108.394 16.106
      vertex -62.000 108.991 16.833
      vertex -62.000 106.580 18.444
    endloop
  endfacet
  facet normal 1.000000 0.000000 0.000000
    outer loop
      vertex -62.000 108.394 16.106
      vertex -62.000 106.580 18.444
      vertex -62.000 106.344 18.156
    endloop
  endfacet
  facet normal 0.000000 -0.881921 0.471397
    outer loop
      vertex -100.000 108.991 16.833
      vertex -62.000 108.991 16.833
      vertex -62.000 109.435 17.663
    endloop
  endfacet
  facet normal 0.000000 -0.881921 0.471397
    outer loop
      vertex -100.000 108.991 16.833
      vertex -62.000 109.435 17.663
      vertex -100.000 109.435 17.663
    endloop
  endfacet
  facet normal 0.000000 0.881921 -0.471397
    outer loop
      vertex -100.000 106.755 18.773
      vertex -62.000 106.755 18.773
      vertex -62.000 106.580 18.444
    endloop
  endfacet
  facet normal 0.000000 0.881921 -0.471397
    outer loop
      vertex -100.000 106.755 18.773
      vertex -62.000 106.580 18.444
      vertex -100.000 106.580 18.444
    endloop
  endfacet
  facet normal -1.000000 0.000000 0.000000
    outer loop
      vertex -100.000 109.435 17.663
      vertex -100.000 108.991 16.833
      vertex -100.000 106.580 18.444
    endloop
  endfacet
  facet normal -1.000000 0.000000 0.000000
    outer loop
      vertex -100.000 109.435 17.663
      vertex -100.000 106.580 18.444
      vertex -100.000 106.755 18.773
    endloop
  endfacet
  facet normal 1.000000 0.000000 0.000000
    outer loop
      vertex -62.000 108.991 16.833
      vertex -62.000 109.435 17.663
      vertex -62.000 106.755 18.773
    endloop
  endfacet
  facet normal 1.000000 0.000000 0.000000
    outer loop
      vertex -62.000 108.991 16.833
      vertex -62.000 106.755 18.773
      vertex -62.000 106.580 18.444
    endloop
  endfacet
  facet normal 0.000000 -0.956940 0.290285
    outer loop
      vertex -100.000 109.435 17.663
      vertex -62.000 109.435 17.663
      vertex -62.000 109.708 18.564
    endloop
  endfacet
  facet normal 0.000000 -0.956940 0.290285
    outer loop
      vertex -100.000 109.435 17.663
      vertex -62.000 109.708 18.564
      vertex -100.000 109.708 18.564
    endloop
  endfacet
  facet normal 0.000000 0.956940 -0.290285
    outer loop
      vertex -100.000 106.863 19.129
      vertex -62.000 106.863 19.129
      vertex -62.000 106.755 18.773
    endloop
  endfacet
  facet normal 0.000000 0.956940 -0.290285
    outer loop
      vertex -100.000 106.863 19.129
      vertex -62.000 106.755 18.773
      vertex -100.000 106.755 18.773
    endloop
  endfacet
  facet normal -1.000000 0.000000 0.000000
    outer loop
      vertex -100.000 109.708 18.564
      vertex -100.000 109.435 17.663
      vertex -100.000 106.755 18.773
    endloop
  endfacet
  facet normal -1.000000 0.000000 0.000000
    outer loop
      vertex -100.000 109.708 18.564
      vertex -100.000 106.755 18.773
      vertex -100.000 106.863 19.129
    endloop
  endfacet
  facet normal 1.000000 0.000000 0.000000
    outer loop
      vertex -62.000 109.435 17.663
      vertex -62.000 109.708 18.564
      vertex -62.000 106.863 19.129
    endloop
  endfacet
  facet normal 1.000000 0.000000 0.000000
    outer loop
      vertex -62.000 109.435 17.663
      vertex -62.000 106.863 19.129
      vertex -62.000 106.755 18.773
    endloop
  endfacet
  facet normal 0.000000 -0.995185 0.098017
    outer loop
      vertex -100.000 109.708 18.564
      vertex -62.000 109.708 18.564
      vertex -62.000 109.800 19.500
    endloop
  endfacet
  facet normal 0.000000 -0.995185 0.098017
    outer loop
      vertex -100.000 109.708 18.564
      vertex -62.000 109.800 19.500
      vertex -100.000 109.800 19.500
    endloop
  endfacet
  facet normal 0.000000 0.995185 -0.098017
    outer loop
      vertex -100.000 106.900 19.500
      vertex -62.000 106.900 19.500
      vertex -62.000 106.863 19.129
    endloop
  endfacet
  facet normal 0.000000 0.995185 -0.098017
    outer loop
      vertex -100.000 106.900 19.500
      vertex -62.000 106.863 19.129
      vertex -100.000 106.863 19.129
    endloop
  endfacet
  facet normal -1.000000 0.000000 0.000000
    outer loop
      vertex -100.000 109.800 19.500
      vertex -100.000 109.708 18.564
      vertex -100.000 106.863 19.129
    endloop
  endfacet
  facet normal -1.000000 0.000000 0.000000
    outer loop
      vertex -100.000 109.800 19.500
      vertex -100.000 106.863 19.129
      vertex -100.000 106.900 19.500
    endloop
  endfacet
  facet normal 1.000000 0.000000 0.000000
    outer loop
      vertex -62.000 109.708 18.564
      vertex -62.000 109.800 19.500
      vertex -62.000 106.900 19.500
    endloop
  endfacet
  facet normal 1.000000 0.000000 0.000000
    outer loop
      vertex -62.000 109.708 18.564
      vertex -62.000 106.900 19.500
      vertex -62.000 106.863 19.129
    endloop
  endfacet
  facet normal 0.000000 -0.995185 -0.098017
    outer loop
      vertex 62.000 109.800 19.500
      vertex 100.000 109.800 19.500
      vertex 100.000 109.708 20.436
    endloop
  endfacet
  facet normal 0.000000 -0.995185 -0.098017
    outer loop
      vertex 62.000 109.800 19.500
      vertex 100.000 109.708 20.436
      vertex 62.000 109.708 20.436
    endloop
  endfacet
  facet normal 0.000000 0.995185 0.098017
    outer loop
      vertex 62.000 106.863 19.871
      vertex 100.000 106.863 19.871
      vertex 100.000 106.900 19.500
    endloop
  endfacet
  facet normal 0.000000 0.995185 0.098017
    outer loop
      vertex 62.000 106.863 19.871
      vertex 100.000 106.900 19.500
      vertex 62.000 106.900 19.500
    endloop
  endfacet
  facet normal -1.000000 0.000000 0.000000
    outer loop
      vertex 62.000 109.708 20.436
      vertex 62.000 109.800 19.500
      vertex 62.000 106.900 19.500
    endloop
  endfacet
  facet normal -1.000000 0.000000 0.000000
    outer loop
      vertex 62.000 109.708 20.436
      vertex 62.000 106.900 19.500
      vertex 62.000 106.863 19.871
    endloop
  endfacet
  facet normal 1.000000 0.000000 0.000000
    outer loop
      vertex 100.000 109.800 19.500
      vertex 100.000 109.708 20.436
      vertex 100.000 106.863 19.871
    endloop
  endfacet
  facet normal 1.000000 0.000000 0.000000
    outer loop
      vertex 100.000 109.800 19.500
      vertex 100.000 106.863 19.871
      vertex 100.000 106.900 19.500
    endloop
  endfacet
  facet normal 0.000000 -0.956940 -0.290285
    outer loop
      vertex 62.000 109.708 20.436
      vertex 100.000 109.708 20.436
      vertex 100.000 109.435 21.337
    endloop
  endfacet
  facet normal 0.000000 -0.956940 -0.290285
    outer loop
      vertex 62.000 109.708 20.436
      vertex 100.000 109.435 21.337
      vertex 62.000 109.435 21.337
    endloop
  endfacet
  facet normal 0.000000 0.956940 0.290285
    outer loop
      vertex 62.000 106.755 20.227
      vertex 100.000 106.755 20.227
      vertex 100.000 106.863 19.871
    endloop
  endfacet
  facet normal 0.000000 0.956940 0.290285
    outer loop
      vertex 62.000 106.755 20.227
      vertex 100.000 106.863 19.871
      vertex 62.000 106.863 19.871
    endloop
  endfacet
  facet normal -1.000000 0.000000 0.000000
    outer loop
      vertex 62.000 109.435 21.337
      vertex 62.000 109.708 20.436
      vertex 62.000 106.863 19.871
    endloop
  endfacet
  facet normal -1.000000 0.000000 0.000000
    outer loop
      vertex 62.000 109.435 21.337
      vertex 62.000 106.863 19.871
      vertex 62.000 106.755 20.227
    endloop
  endfacet
  facet normal 1.000000 0.000000 0.000000
    outer loop
      vertex 100.000 109.708 20.436
      vertex 100.000 109.435 21.337
      vertex 100.000 106.755 20.227
    endloop
  endfacet
  facet normal 1.000000 0.000000 0.000000
    outer loop
      vertex 100.000 109.708 20.436
      vertex 100.000 106.755 20.227
      vertex 100.000 106.863 19.871
    endloop
  endfacet
  facet normal 0.000000 -0.881921 -0.471397
    outer loop
      vertex 62.000 109.435 21.337
      vertex 100.000 109.435 21.337
      vertex 100.000 108.991 22.167
    endloop
  endfacet
  facet normal 0.000000 -0.881921 -0.471397
    outer loop
      vertex 62.000 109.435 21.337
      vertex 100.000 108.991 22.167
      vertex 62.000 108.991 22.167
    endloop
  endfacet
  facet normal 0.000000 0.881921 0.471397
    outer loop
      vertex 62.000 106.580 20.556
      vertex 100.000 106.580 20.556
      vertex 100.000 106.755 20.227
    endloop
  endfacet
  facet normal 0.000000 0.881921 0.471397
    outer loop
      vertex 62.000 106.580 20.556
      vertex 100.000 106.755 20.227
      vertex 62.000 106.755 20.227
    endloop
  endfacet
  facet normal -1.000000 0.000000 0.000000
    outer loop
      vertex 62.000 108.991 22.167
      vertex 62.000 109.435 21.337
      vertex 62.000 106.755 20.227
    endloop
  endfacet
  facet normal -1.000000 0.000000 0.000000
    outer loop
      vertex 62.000 108.991 22.167
      vertex 62.000 106.755 20.227
      vertex 62.000 106.580 20.556
    endloop
  endfacet
  facet normal 1.000000 0.000000 0.000000
    outer loop
      vertex 100.000 109.435 21.337
      vertex 100.000 108.991 22.167
      vertex 100.000 106.580 20.556
    endloop
  endfacet
  facet normal 1.000000 0.000000 0.000000
    outer loop
      vertex 100.000 109.435 21.337
      vertex 100.000 106.580 20.556
      vertex 100.000 106.755 20.227
    endloop
  endfacet
  facet normal 0.000000 -0.773010 -0.634393
    outer loop
      vertex 62.000 108.991 22.167
      vertex 100.000 108.991 22.167
      vertex 100.000 108.394 22.894
    endloop
  endfacet
  facet normal 0.000000 -0.773010 -0.634393
    outer loop
      vertex 62.000 108.991 22.167
      vertex 100.000 108.394 22.894
      vertex 62.000 108.394 22.894
    endloop
  endfacet
  facet normal 0.000000 0.773010 0.634393
    outer loop
      vertex 62.000 106.344 20.844
      vertex 100.000 106.344 20.844
      vertex 100.000 106.580 20.556
    endloop
  endfacet
  facet normal 0.000000 0.773010 0.634393
    outer loop
      vertex 62.000 106.344 20.844
      vertex 100.000 106.580 20.556
      vertex 62.000 106.580 20.556
    endloop
  endfacet
  facet normal -1.000000 0.000000 0.000000
    outer loop
      vertex 62.000 108.394 22.894
      vertex 62.000 108.991 22.167
      vertex 62.000 106.580 20.556
    endloop
  endfacet
  facet normal -1.000000 0.000000 0.000000
    outer loop
      vertex 62.000 108.394 22.894
      vertex 62.000 106.580 20.556
      vertex 62.000 106.344 20.844
    endloop
  endfacet
  facet normal 1.000000 0.000000 0.000000
    outer loop
      vertex 100.000 108.991 22.167
      vertex 100.000 108.394 22.894
      vertex 100.000 106.344 20.844
    endloop
  endfacet
  facet normal 1.000000 0.000000 0.000000
    outer loop
      vertex 100.000 108.991 22.167
      vertex 100.000 106.344 20.844
      vertex 100.000 106.580 20.556
    endloop
  endfacet
  facet normal 0.000000 -0.634393 -0.773010
    outer loop
      vertex 62.000 108.394 22.894
      vertex 100.000 108.394 22.894
      vertex 100.000 107.667 23.491
    endloop
  endfacet
  facet normal 0.000000 -0.634393 -0.773010
    outer loop
      vertex 62.000 108.394 22.894
      vertex 100.000 107.667 23.491
      vertex 62.000 107.667 23.491
    endloop
  endfacet
  facet normal 0.000000 0.634393 0.773010
    outer loop
      vertex 62.000 106.056 21.080
      vertex 100.000 106.056 21.080
      vertex 100.000 106.344 20.844
    endloop
  endfacet
  facet normal 0.000000 0.634393 0.773010
    outer loop
      vertex 62.000 106.056 21.080
      vertex 100.000 106.344 20.844
      vertex 62.000 106.344 20.844
    endloop
  endfacet
  facet normal -1.000000 0.000000 0.000000
    outer loop
      vertex 62.000 107.667 23.491
      vertex 62.000 108.394 22.894
      vertex 62.000 106.344 20.844
    endloop
  endfacet
  facet normal -1.000000 0.000000 0.000000
    outer loop
      vertex 62.000 107.667 23.491
      vertex 62.000 106.344 20.844
      vertex 62.000 106.056 21.080
    endloop
  endfacet
  facet normal 1.000000 0.000000 0.000000
    outer loop
      vertex 100.000 108.394 22.894
      vertex 100.000 107.667 23.491
      vertex 100.000 106.056 21.080
    endloop
  endfacet
  facet normal 1.000000 0.000000 0.000000
    outer loop
      vertex 100.000 108.394 22.894
      vertex 100.000 106.056 21.080
      vertex 100.000 106.344 20.844
    endloop
  endfacet
  facet normal 0.000000 -0.471397 -0.881921
    outer loop
      vertex 62.000 107.667 23.491
      vertex 100.000 107.667 23.491
      vertex 100.000 106.837 23.935
    endloop
  endfacet
  facet normal 0.000000 -0.471397 -0.881921
    outer loop
      vertex 62.000 107.667 23.491
      vertex 100.000 106.837 23.935
      vertex 62.000 106.837 23.935
    endloop
  endfacet
  facet normal 0.000000 0.471397 0.881921
    outer loop
      vertex 62.000 105.727 21.255
      vertex 100.000 105.727 21.255
      vertex 100.000 106.056 21.080
    endloop
  endfacet
  facet normal 0.000000 0.471397 0.881921
    outer loop
      vertex 62.000 105.727 21.255
      vertex 100.000 106.056 21.080
      vertex 62.000 106.056 21.080
    endloop
  endfacet
  facet normal -1.000000 0.000000 0.000000
    outer loop
      vertex 62.000 106.837 23.935
      vertex 62.000 107.667 23.491
      vertex 62.000 106.056 21.080
    endloop
  endfacet
  facet normal -1.000000 0.000000 0.000000
    outer loop
      vertex 62.000 106.837 23.935
      vertex 62.000 106.056 21.080
      vertex 62.000 105.727 21.255
    endloop
  endfacet
  facet normal 1.000000 0.000000 0.000000
    outer loop
      vertex 100.000 107.667 23.491
      vertex 100.000 106.837 23.935
      vertex 100.000 105.727 21.255
    endloop
  endfacet
  facet normal 1.000000 0.000000 0.000000
    outer loop
      vertex 100.000 107.667 23.491
      vertex 100.000 105.727 21.255
      vertex 100.000 106.056 21.080
    endloop
  endfacet
  facet normal 0.000000 -0.290285 -0.956940
    outer loop
      vertex 62.000 106.837 23.935
      vertex 100.000 106.837 23.935
      vertex 100.000 105.936 24.208
    endloop
  endfacet
  facet normal 0.000000 -0.290285 -0.956940
    outer loop
      vertex 62.000 106.837 23.935
      vertex 100.000 105.936 24.208
      vertex 62.000 105.936 24.208
    endloop
  endfacet
  facet normal 0.000000 0.290285 0.956940
    outer loop
      vertex 62.000 105.371 21.363
      vertex 100.000 105.371 21.363
      vertex 100.000 105.727 21.255
    endloop
  endfacet
  facet normal 0.000000 0.290285 0.956940
    outer loop
      vertex 62.000 105.371 21.363
      vertex 100.000 105.727 21.255
      vertex 62.000 105.727 21.255
    endloop
  endfacet
  facet normal -1.000000 0.000000 0.000000
    outer loop
      vertex 62.000 105.936 24.208
      vertex 62.000 106.837 23.935
      vertex 62.000 105.727 21.255
    endloop
  endfacet
  facet normal -1.000000 0.000000 0.000000
    outer loop
      vertex 62.000 105.936 24.208
      vertex 62.000 105.727 21.255
      vertex 62.000 105.371 21.363
    endloop
  endfacet
  facet normal 1.000000 0.000000 0.000000
    outer loop
      vertex 100.000 106.837 23.935
      vertex 100.000 105.936 24.208
      vertex 100.000 105.371 21.363
    endloop
  endfacet
  facet normal 1.000000 0.000000 0.000000
    outer loop
      vertex 100.000 106.837 23.935
      vertex 100.000 105.371 21.363
      vertex 100.000 105.727 21.255
    endloop
  endfacet
  facet normal 0.000000 -0.098017 -0.995185
    outer loop
      vertex 62.000 105.936 24.208
      vertex 100.000 105.936 24.208
      vertex 100.000 105.000 24.300
    endloop
  endfacet
  facet normal 0.000000 -0.098017 -0.995185
    outer loop
      vertex 62.000 105.936 24.208
      vertex 100.000 105.000 24.300
      vertex 62.000 105.000 24.300
    endloop
  endfacet
  facet normal 0.000000 0.098017 0.995185
    outer loop
      vertex 62.000 105.000 21.400
      vertex 100.000 105.000 21.400
      vertex 100.000 105.371 21.363
    endloop
  endfacet
  facet normal 0.000000 0.098017 0.995185
    outer loop
      vertex 62.000 105.000 21.400
      vertex 100.000 105.371 21.363
      vertex 62.000 105.371 21.363
    endloop
  endfacet
  facet normal -1.000000 0.000000 0.000000
    outer loop
      vertex 62.000 105.000 24.300
      vertex 62.000 105.936 24.208
      vertex 62.000 105.371 21.363
    endloop
  endfacet
  facet normal -1.000000 0.000000 0.000000
    outer loop
      vertex 62.000 105.000 24.300
      vertex 62.000 105.371 21.363
      vertex 62.000 105.000 21.400
    endloop
  endfacet
  facet normal 1.000000 0.000000 0.000000
    outer loop
      vertex 100.000 105.936 24.208
      vertex 100.000 105.000 24.300
      vertex 100.000 105.000 21.400
    endloop
  endfacet
  facet normal 1.000000 0.000000 0.000000
    outer loop
      vertex 100.000 105.936 24.208
      vertex 100.000 105.000 21.400
      vertex 100.000 105.371 21.363
    endloop
  endfacet
  facet normal 0.000000 0.098017 -0.995185
    outer loop
      vertex 62.000 105.000 24.300
      vertex 100.000 105.000 24.300
      vertex 100.000 104.064 24.208
    endloop
  endfacet
  facet normal 0.000000 0.098017 -0.995185
    outer loop
      vertex 62.000 105.000 24.300
      vertex 100.000 104.064 24.208
      vertex 62.000 104.064 24.208
    endloop
  endfacet
  facet normal 0.000000 -0.098017 0.995185
    outer loop
      vertex 62.000 104.629 21.363
      vertex 100.000 104.629 21.363
      vertex 100.000 105.000 21.400
    endloop
  endfacet
  facet normal 0.000000 -0.098017 0.995185
    outer loop
      vertex 62.000 104.629 21.363
      vertex 100.000 105.000 21.400
      vertex 62.000 105.000 21.400
    endloop
  endfacet
  facet normal -1.000000 0.000000 0.000000
    outer loop
      vertex 62.000 104.064 24.208
      vertex 62.000 105.000 24.300
      vertex 62.000 105.000 21.400
    endloop
  endfacet
  facet normal -1.000000 0.000000 0.000000
    outer loop
      vertex 62.000 104.064 24.208
      vertex 62.000 105.000 21.400
      vertex 62.000 104.629 21.363
    endloop
  endfacet
  facet normal 1.000000 0.000000 0.000000
    outer loop
      vertex 100.000 105.000 24.300
      vertex 100.000 104.064 24.208
      vertex 100.000 104.629 21.363
    endloop
  endfacet
  facet normal 1.000000 0.000000 0.000000
    outer loop
      vertex 100.000 105.000 24.300
      vertex 100.000 104.629 21.363
      vertex 100.000 105.000 21.400
    endloop
  endfacet
  facet normal 0.000000 0.290285 -0.956940
    outer loop
      vertex 62.000 104.064 24.208
      vertex 100.000 104.064 24.208
      vertex 100.000 103.163 23.935
    endloop
  endfacet
  facet normal 0.000000 0.290285 -0.956940
    outer loop
      vertex 62.000 104.064 24.208
      vertex 100.000 103.163 23.935
      vertex 62.000 103.163 23.935
    endloop
  endfacet
  facet normal 0.000000 -0.290285 0.956940
    outer loop
      vertex 62.000 104.273 21.255
      vertex 100.000 104.273 21.255
      vertex 100.000 104.629 21.363
    endloop
  endfacet
  facet normal 0.000000 -0.290285 0.956940
    outer loop
      vertex 62.000 104.273 21.255
      vertex 100.000 104.629 21.363
      vertex 62.000 104.629 21.363
    endloop
  endfacet
  facet normal -1.000000 0.000000 0.000000
    outer loop
      vertex 62.000 103.163 23.935
      vertex 62.000 104.064 24.208
      vertex 62.000 104.629 21.363
    endloop
  endfacet
  facet normal -1.000000 0.000000 0.000000
    outer loop
      vertex 62.000 103.163 23.935
      vertex 62.000 104.629 21.363
      vertex 62.000 104.273 21.255
    endloop
  endfacet
  facet normal 1.000000 0.000000 0.000000
    outer loop
      vertex 100.000 104.064 24.208
      vertex 100.000 103.163 23.935
      vertex 100.000 104.273 21.255
    endloop
  endfacet
  facet normal 1.000000 0.000000 0.000000
    outer loop
      vertex 100.000 104.064 24.208
      vertex 100.000 104.273 21.255
      vertex 100.000 104.629 21.363
    endloop
  endfacet
  facet normal 0.000000 0.471397 -0.881921
    outer loop
      vertex 62.000 103.163 23.935
      vertex 100.000 103.163 23.935
      vertex 100.000 102.333 23.491
    endloop
  endfacet
  facet normal 0.000000 0.471397 -0.881921
    outer loop
      vertex 62.000 103.163 23.935
      vertex 100.000 102.333 23.491
      vertex 62.000 102.333 23.491
    endloop
  endfacet
  facet normal 0.000000 -0.471397 0.881921
    outer loop
      vertex 62.000 103.944 21.080
      vertex 100.000 103.944 21.080
      vertex 100.000 104.273 21.255
    endloop
  endfacet
  facet normal 0.000000 -0.471397 0.881921
    outer loop
      vertex 62.000 103.944 21.080
      vertex 100.000 104.273 21.255
      vertex 62.000 104.273 21.255
    endloop
  endfacet
  facet normal -1.000000 0.000000 0.000000
    outer loop
      vertex 62.000 102.333 23.491
      vertex 62.000 103.163 23.935
      vertex 62.000 104.273 21.255
    endloop
  endfacet
  facet normal -1.000000 0.000000 0.000000
    outer loop
      vertex 62.000 102.333 23.491
      vertex 62.000 104.273 21.255
      vertex 62.000 103.944 21.080
    endloop
  endfacet
  facet normal 1.000000 0.000000 0.000000
    outer loop
      vertex 100.000 103.163 23.935
      vertex 100.000 102.333 23.491
      vertex 100.000 103.944 21.080
    endloop
  endfacet
  facet normal 1.000000 0.000000 0.000000
    outer loop
      vertex 100.000 103.163 23.935
      vertex 100.000 103.944 21.080
      vertex 100.000 104.273 21.255
    endloop
  endfacet
  facet normal 0.000000 0.634393 -0.773010
    outer loop
      vertex 62.000 102.333 23.491
      vertex 100.000 102.333 23.491
      vertex 100.000 101.606 22.894
    endloop
  endfacet
  facet normal 0.000000 0.634393 -0.773010
    outer loop
      vertex 62.000 102.333 23.491
      vertex 100.000 101.606 22.894
      vertex 62.000 101.606 22.894
    endloop
  endfacet
  facet normal 0.000000 -0.634393 0.773010
    outer loop
      vertex 62.000 103.656 20.844
      vertex 100.000 103.656 20.844
      vertex 100.000 103.944 21.080
    endloop
  endfacet
  facet normal 0.000000 -0.634393 0.773010
    outer loop
      vertex 62.000 103.656 20.844
      vertex 100.000 103.944 21.080
      vertex 62.000 103.944 21.080
    endloop
  endfacet
  facet normal -1.000000 0.000000 0.000000
    outer loop
      vertex 62.000 101.606 22.894
      vertex 62.000 102.333 23.491
      vertex 62.000 103.944 21.080
    endloop
  endfacet
  facet normal -1.000000 0.000000 0.000000
    outer loop
      vertex 62.000 101.606 22.894
      vertex 62.000 103.944 21.080
      vertex 62.000 103.656 20.844
    endloop
  endfacet
  facet normal 1.000000 0.000000 0.000000
    outer loop
      vertex 100.000 102.333 23.491
      vertex 100.000 101.606 22.894
      vertex 100.000 103.656 20.844
    endloop
  endfacet
  facet normal 1.000000 0.000000 0.000000
    outer loop
      vertex 100.000 102.333 23.491
      vertex 100.000 103.656 20.844
      vertex 100.000 103.944 21.080
    endloop
  endfacet
  facet normal 0.000000 0.773010 -0.634393
    outer loop
      vertex 62.000 101.606 22.894
      vertex 100.000 101.606 22.894
      vertex 100.000 101.009 22.167
    endloop
  endfacet
  facet normal 0.000000 0.773010 -0.634393
    outer loop
      vertex 62.000 101.606 22.894
      vertex 100.000 101.009 22.167
      vertex 62.000 101.009 22.167
    endloop
  endfacet
  facet normal 0.000000 -0.773010 0.634393
    outer loop
      vertex 62.000 103.420 20.556
      vertex 100.000 103.420 20.556
      vertex 100.000 103.656 20.844
    endloop
  endfacet
  facet normal 0.000000 -0.773010 0.634393
    outer loop
      vertex 62.000 103.420 20.556
      vertex 100.000 103.656 20.844
      vertex 62.000 103.656 20.844
    endloop
  endfacet
  facet normal -1.000000 0.000000 0.000000
    outer loop
      vertex 62.000 101.009 22.167
      vertex 62.000 101.606 22.894
      vertex 62.000 103.656 20.844
    endloop
  endfacet
  facet normal -1.000000 0.000000 0.000000
    outer loop
      vertex 62.000 101.009 22.167
      vertex 62.000 103.656 20.844
      vertex 62.000 103.420 20.556
    endloop
  endfacet
  facet normal 1.000000 0.000000 0.000000
    outer loop
      vertex 100.000 101.606 22.894
      vertex 100.000 101.009 22.167
      vertex 100.000 103.420 20.556
    endloop
  endfacet
  facet normal 1.000000 0.000000 0.000000
    outer loop
      vertex 100.000 101.606 22.894
      vertex 100.000 103.420 20.556
      vertex 100.000 103.656 20.844
    endloop
  endfacet
  facet normal 0.000000 0.881921 -0.471397
    outer loop
      vertex 62.000 101.009 22.167
      vertex 100.000 101.009 22.167
      vertex 100.000 100.565 21.337
    endloop
  endfacet
  facet normal 0.000000 0.881921 -0.471397
    outer loop
      vertex 62.000 101.009 22.167
      vertex 100.000 100.565 21.337
      vertex 62.000 100.565 21.337
    endloop
  endfacet
  facet normal 0.000000 -0.881921 0.471397
    outer loop
      vertex 62.000 103.245 20.227
      vertex 100.000 103.245 20.227
      vertex 100.000 103.420 20.556
    endloop
  endfacet
  facet normal 0.000000 -0.881921 0.471397
    outer loop
      vertex 62.000 103.245 20.227
      vertex 100.000 103.420 20.556
      vertex 62.000 103.420 20.556
    endloop
  endfacet
  facet normal -1.000000 0.000000 0.000000
    outer loop
      vertex 62.000 100.565 21.337
      vertex 62.000 101.009 22.167
      vertex 62.000 103.420 20.556
    endloop
  endfacet
  facet normal -1.000000 0.000000 0.000000
    outer loop
      vertex 62.000 100.565 21.337
      vertex 62.000 103.420 20.556
      vertex 62.000 103.245 20.227
    endloop
  endfacet
  facet normal 1.000000 0.000000 0.000000
    outer loop
      vertex 100.000 101.009 22.167
      vertex 100.000 100.565 21.337
      vertex 100.000 103.245 20.227
    endloop
  endfacet
  facet normal 1.000000 0.000000 0.000000
    outer loop
      vertex 100.000 101.009 22.167
      vertex 100.000 103.245 20.227
      vertex 100.000 103.420 20.556
    endloop
  endfacet
  facet normal 0.000000 0.956940 -0.290285
    outer loop
      vertex 62.000 100.565 21.337
      vertex 100.000 100.565 21.337
      vertex 100.000 100.292 20.436
    endloop
  endfacet
  facet normal 0.000000 0.956940 -0.290285
    outer loop
      vertex 62.000 100.565 21.337
      vertex 100.000 100.292 20.436
      vertex 62.000 100.292 20.436
    endloop
  endfacet
  facet normal 0.000000 -0.956940 0.290285
    outer loop
      vertex 62.000 103.137 19.871
      vertex 100.000 103.137 19.871
      vertex 100.000 103.245 20.227
    endloop
  endfacet
  facet normal 0.000000 -0.956940 0.290285
    outer loop
      vertex 62.000 103.137 19.871
      vertex 100.000 103.245 20.227
      vertex 62.000 103.245 20.227
    endloop
  endfacet
  facet normal -1.000000 0.000000 0.000000
    outer loop
      vertex 62.000 100.292 20.436
      vertex 62.000 100.565 21.337
      vertex 62.000 103.245 20.227
    endloop
  endfacet
  facet normal -1.000000 0.000000 0.000000
    outer loop
      vertex 62.000 100.292 20.436
      vertex 62.000 103.245 20.227
      vertex 62.000 103.137 19.871
    endloop
  endfacet
  facet normal 1.000000 0.000000 0.000000
    outer loop
      vertex 100.000 100.565 21.337
      vertex 100.000 100.292 20.436
      vertex 100.000 103.137 19.871
    endloop
  endfacet
  facet normal 1.000000 0.000000 0.000000
    outer loop
      vertex 100.000 100.565 21.337
      vertex 100.000 103.137 19.871
      vertex 100.000 103.245 20.227
    endloop
  endfacet
  facet normal 0.000000 0.995185 -0.098017
    outer loop
      vertex 62.000 100.292 20.436
      vertex 100.000 100.292 20.436
      vertex 100.000 100.200 19.500
    endloop
  endfacet
  facet normal 0.000000 0.995185 -0.098017
    outer loop
      vertex 62.000 100.292 20.436
      vertex 100.000 100.200 19.500
      vertex 62.000 100.200 19.500
    endloop
  endfacet
  facet normal 0.000000 -0.995185 0.098017
    outer loop
      vertex 62.000 103.100 19.500
      vertex 100.000 103.100 19.500
      vertex 100.000 103.137 19.871
    endloop
  endfacet
  facet normal 0.000000 -0.995185 0.098017
    outer loop
      vertex 62.000 103.100 19.500
      vertex 100.000 103.137 19.871
      vertex 62.000 103.137 19.871
    endloop
  endfacet
  facet normal -1.000000 0.000000 0.000000
    outer loop
      vertex 62.000 100.200 19.500
      vertex 62.000 100.292 20.436
      vertex 62.000 103.137 19.871
    endloop
  endfacet
  facet normal -1.000000 0.000000 0.000000
    outer loop
      vertex 62.000 100.200 19.500
      vertex 62.000 103.137 19.871
      vertex 62.000 103.100 19.500
    endloop
  endfacet
  facet normal 1.000000 0.000000 0.000000
    outer loop
      vertex 100.000 100.292 20.436
      vertex 100.000 100.200 19.500
      vertex 100.000 103.100 19.500
    endloop
  endfacet
  facet normal 1.000000 0.000000 0.000000
    outer loop
      vertex 100.000 100.292 20.436
      vertex 100.000 103.100 19.500
      vertex 100.000 103.137 19.871
    endloop
  endfacet
  facet normal 0.000000 0.995185 0.098017
    outer loop
      vertex 62.000 100.200 19.500
      vertex 100.000 100.200 19.500
      vertex 100.000 100.292 18.564
    endloop
  endfacet
  facet normal 0.000000 0.995185 0.098017
    outer loop
      vertex 62.000 100.200 19.500
      vertex 100.000 100.292 18.564
      vertex 62.000 100.292 18.564
    endloop
  endfacet
  facet normal 0.000000 -0.995185 -0.098017
    outer loop
      vertex 62.000 103.137 19.129
      vertex 100.000 103.137 19.129
      vertex 100.000 103.100 19.500
    endloop
  endfacet
  facet normal 0.000000 -0.995185 -0.098017
    outer loop
      vertex 62.000 103.137 19.129
      vertex 100.000 103.100 19.500
      vertex 62.000 103.100 19.500
    endloop
  endfacet
  facet normal -1.000000 0.000000 0.000000
    outer loop
      vertex 62.000 100.292 18.564
      vertex 62.000 100.200 19.500
      vertex 62.000 103.100 19.500
    endloop
  endfacet
  facet normal -1.000000 0.000000 0.000000
    outer loop
      vertex 62.000 100.292 18.564
      vertex 62.000 103.100 19.500
      vertex 62.000 103.137 19.129
    endloop
  endfacet
  facet normal 1.000000 0.000000 0.000000
    outer loop
      vertex 100.000 100.200 19.500
      vertex 100.000 100.292 18.564
      vertex 100.000 103.137 19.129
    endloop
  endfacet
  facet normal 1.000000 0.000000 0.000000
    outer loop
      vertex 100.000 100.200 19.500
      vertex 100.000 103.137 19.129
      vertex 100.000 103.100 19.500
    endloop
  endfacet
  facet normal 0.000000 0.956940 0.290285
    outer loop
      vertex 62.000 100.292 18.564
      vertex 100.000 100.292 18.564
      vertex 100.000 100.565 17.663
    endloop
  endfacet
  facet normal 0.000000 0.956940 0.290285
    outer loop
      vertex 62.000 100.292 18.564
      vertex 100.000 100.565 17.663
      vertex 62.000 100.565 17.663
    endloop
  endfacet
  facet normal 0.000000 -0.956940 -0.290285
    outer loop
      vertex 62.000 103.245 18.773
      vertex 100.000 103.245 18.773
      vertex 100.000 103.137 19.129
    endloop
  endfacet
  facet normal 0.000000 -0.956940 -0.290285
    outer loop
      vertex 62.000 103.245 18.773
      vertex 100.000 103.137 19.129
      vertex 62.000 103.137 19.129
    endloop
  endfacet
  facet normal -1.000000 0.000000 0.000000
    outer loop
      vertex 62.000 100.565 17.663
      vertex 62.000 100.292 18.564
      vertex 62.000 103.137 19.129
    endloop
  endfacet
  facet normal -1.000000 0.000000 0.000000
    outer loop
      vertex 62.000 100.565 17.663
      vertex 62.000 103.137 19.129
      vertex 62.000 103.245 18.773
    endloop
  endfacet
  facet normal 1.000000 0.000000 0.000000
    outer loop
      vertex 100.000 100.292 18.564
      vertex 100.000 100.565 17.663
      vertex 100.000 103.245 18.773
    endloop
  endfacet
  facet normal 1.000000 0.000000 0.000000
    outer loop
      vertex 100.000 100.292 18.564
      vertex 100.000 103.245 18.773
      vertex 100.000 103.137 19.129
    endloop
  endfacet
  facet normal 0.000000 0.881921 0.471397
    outer loop
      vertex 62.000 100.565 17.663
      vertex 100.000 100.565 17.663
      vertex 100.000 101.009 16.833
    endloop
  endfacet
  facet normal 0.000000 0.881921 0.471397
    outer loop
      vertex 62.000 100.565 17.663
      vertex 100.000 101.009 16.833
      vertex 62.000 101.009 16.833
    endloop
  endfacet
  facet normal 0.000000 -0.881921 -0.471397
    outer loop
      vertex 62.000 103.420 18.444
      vertex 100.000 103.420 18.444
      vertex 100.000 103.245 18.773
    endloop
  endfacet
  facet normal 0.000000 -0.881921 -0.471397
    outer loop
      vertex 62.000 103.420 18.444
      vertex 100.000 103.245 18.773
      vertex 62.000 103.245 18.773
    endloop
  endfacet
  facet normal -1.000000 0.000000 0.000000
    outer loop
      vertex 62.000 101.009 16.833
      vertex 62.000 100.565 17.663
      vertex 62.000 103.245 18.773
    endloop
  endfacet
  facet normal -1.000000 0.000000 0.000000
    outer loop
      vertex 62.000 101.009 16.833
      vertex 62.000 103.245 18.773
      vertex 62.000 103.420 18.444
    endloop
  endfacet
  facet normal 1.000000 0.000000 0.000000
    outer loop
      vertex 100.000 100.565 17.663
      vertex 100.000 101.009 16.833
      vertex 100.000 103.420 18.444
    endloop
  endfacet
  facet normal 1.000000 0.000000 0.000000
    outer loop
      vertex 100.000 100.565 17.663
      vertex 100.000 103.420 18.444
      vertex 100.000 103.245 18.773
    endloop
  endfacet
  facet normal 0.000000 0.773010 0.634393
    outer loop
      vertex 62.000 101.009 16.833
      vertex 100.000 101.009 16.833
      vertex 100.000 101.606 16.106
    endloop
  endfacet
  facet normal 0.000000 0.773010 0.634393
    outer loop
      vertex 62.000 101.009 16.833
      vertex 100.000 101.606 16.106
      vertex 62.000 101.606 16.106
    endloop
  endfacet
  facet normal 0.000000 -0.773010 -0.634393
    outer loop
      vertex 62.000 103.656 18.156
      vertex 100.000 103.656 18.156
      vertex 100.000 103.420 18.444
    endloop
  endfacet
  facet normal 0.000000 -0.773010 -0.634393
    outer loop
      vertex 62.000 103.656 18.156
      vertex 100.000 103.420 18.444
      vertex 62.000 103.420 18.444
    endloop
  endfacet
  facet normal -1.000000 0.000000 0.000000
    outer loop
      vertex 62.000 101.606 16.106
      vertex 62.000 101.009 16.833
      vertex 62.000 103.420 18.444
    endloop
  endfacet
  facet normal -1.000000 0.000000 0.000000
    outer loop
      vertex 62.000 101.606 16.106
      vertex 62.000 103.420 18.444
      vertex 62.000 103.656 18.156
    endloop
  endfacet
  facet normal 1.000000 0.000000 0.000000
    outer loop
      vertex 100.000 101.009 16.833
      vertex 100.000 101.606 16.106
      vertex 100.000 103.656 18.156
    endloop
  endfacet
  facet normal 1.000000 0.000000 0.000000
    outer loop
      vertex 100.000 101.009 16.833
      vertex 100.000 103.656 18.156
      vertex 100.000 103.420 18.444
    endloop
  endfacet
  facet normal 0.000000 0.634393 0.773010
    outer loop
      vertex 62.000 101.606 16.106
      vertex 100.000 101.606 16.106
      vertex 100.000 102.333 15.509
    endloop
  endfacet
  facet normal 0.000000 0.634393 0.773010
    outer loop
      vertex 62.000 101.606 16.106
      vertex 100.000 102.333 15.509
      vertex 62.000 102.333 15.509
    endloop
  endfacet
  facet normal 0.000000 -0.634393 -0.773010
    outer loop
      vertex 62.000 103.944 17.920
      vertex 100.000 103.944 17.920
      vertex 100.000 103.656 18.156
    endloop
  endfacet
  facet normal 0.000000 -0.634393 -0.773010
    outer loop
      vertex 62.000 103.944 17.920
      vertex 100.000 103.656 18.156
      vertex 62.000 103.656 18.156
    endloop
  endfacet
  facet normal -1.000000 0.000000 0.000000
    outer loop
      vertex 62.000 102.333 15.509
      vertex 62.000 101.606 16.106
      vertex 62.000 103.656 18.156
    endloop
  endfacet
  facet normal -1.000000 0.000000 0.000000
    outer loop
      vertex 62.000 102.333 15.509
      vertex 62.000 103.656 18.156
      vertex 62.000 103.944 17.920
    endloop
  endfacet
  facet normal 1.000000 0.000000 0.000000
    outer loop
      vertex 100.000 101.606 16.106
      vertex 100.000 102.333 15.509
      vertex 100.000 103.944 17.920
    endloop
  endfacet
  facet normal 1.000000 0.000000 0.000000
    outer loop
      vertex 100.000 101.606 16.106
      vertex 100.000 103.944 17.920
      vertex 100.000 103.656 18.156
    endloop
  endfacet
  facet normal 0.000000 0.471397 0.881921
    outer loop
      vertex 62.000 102.333 15.509
      vertex 100.000 102.333 15.509
      vertex 100.000 103.163 15.065
    endloop
  endfacet
  facet normal 0.000000 0.471397 0.881921
    outer loop
      vertex 62.000 102.333 15.509
      vertex 100.000 103.163 15.065
      vertex 62.000 103.163 15.065
    endloop
  endfacet
  facet normal 0.000000 -0.471397 -0.881921
    outer loop
      vertex 62.000 104.273 17.745
      vertex 100.000 104.273 17.745
      vertex 100.000 103.944 17.920
    endloop
  endfacet
  facet normal 0.000000 -0.471397 -0.881921
    outer loop
      vertex 62.000 104.273 17.745
      vertex 100.000 103.944 17.920
      vertex 62.000 103.944 17.920
    endloop
  endfacet
  facet normal -1.000000 0.000000 0.000000
    outer loop
      vertex 62.000 103.163 15.065
      vertex 62.000 102.333 15.509
      vertex 62.000 103.944 17.920
    endloop
  endfacet
  facet normal -1.000000 0.000000 0.000000
    outer loop
      vertex 62.000 103.163 15.065
      vertex 62.000 103.944 17.920
      vertex 62.000 104.273 17.745
    endloop
  endfacet
  facet normal 1.000000 0.000000 0.000000
    outer loop
      vertex 100.000 102.333 15.509
      vertex 100.000 103.163 15.065
      vertex 100.000 104.273 17.745
    endloop
  endfacet
  facet normal 1.000000 0.000000 0.000000
    outer loop
      vertex 100.000 102.333 15.509
      vertex 100.000 104.273 17.745
      vertex 100.000 103.944 17.920
    endloop
  endfacet
  facet normal 0.000000 0.290285 0.956940
    outer loop
      vertex 62.000 103.163 15.065
      vertex 100.000 103.163 15.065
      vertex 100.000 104.064 14.792
    endloop
  endfacet
  facet normal 0.000000 0.290285 0.956940
    outer loop
      vertex 62.000 103.163 15.065
      vertex 100.000 104.064 14.792
      vertex 62.000 104.064 14.792
    endloop
  endfacet
  facet normal 0.000000 -0.290285 -0.956940
    outer loop
      vertex 62.000 104.629 17.637
      vertex 100.000 104.629 17.637
      vertex 100.000 104.273 17.745
    endloop
  endfacet
  facet normal 0.000000 -0.290285 -0.956940
    outer loop
      vertex 62.000 104.629 17.637
      vertex 100.000 104.273 17.745
      vertex 62.000 104.273 17.745
    endloop
  endfacet
  facet normal -1.000000 0.000000 0.000000
    outer loop
      vertex 62.000 104.064 14.792
      vertex 62.000 103.163 15.065
      vertex 62.000 104.273 17.745
    endloop
  endfacet
  facet normal -1.000000 0.000000 0.000000
    outer loop
      vertex 62.000 104.064 14.792
      vertex 62.000 104.273 17.745
      vertex 62.000 104.629 17.637
    endloop
  endfacet
  facet normal 1.000000 0.000000 0.000000
    outer loop
      vertex 100.000 103.163 15.065
      vertex 100.000 104.064 14.792
      vertex 100.000 104.629 17.637
    endloop
  endfacet
  facet normal 1.000000 0.000000 0.000000
    outer loop
      vertex 100.000 103.163 15.065
      vertex 100.000 104.629 17.637
      vertex 100.000 104.273 17.745
    endloop
  endfacet
  facet normal 0.000000 0.098017 0.995185
    outer loop
      vertex 62.000 104.064 14.792
      vertex 100.000 104.064 14.792
      vertex 100.000 105.000 14.700
    endloop
  endfacet
  facet normal 0.000000 0.098017 0.995185
    outer loop
      vertex 62.000 104.064 14.792
      vertex 100.000 105.000 14.700
      vertex 62.000 105.000 14.700
    endloop
  endfacet
  facet normal 0.000000 -0.098017 -0.995185
    outer loop
      vertex 62.000 105.000 17.600
      vertex 100.000 105.000 17.600
      vertex 100.000 104.629 17.637
    endloop
  endfacet
  facet normal 0.000000 -0.098017 -0.995185
    outer loop
      vertex 62.000 105.000 17.600
      vertex 100.000 104.629 17.637
      vertex 62.000 104.629 17.637
    endloop
  endfacet
  facet normal -1.000000 0.000000 0.000000
    outer loop
      vertex 62.000 105.000 14.700
      vertex 62.000 104.064 14.792
      vertex 62.000 104.629 17.637
    endloop
  endfacet
  facet normal -1.000000 0.000000 0.000000
    outer loop
      vertex 62.000 105.000 14.700
      vertex 62.000 104.629 17.637
      vertex 62.000 105.000 17.600
    endloop
  endfacet
  facet normal 1.000000 0.000000 0.000000
    outer loop
      vertex 100.000 104.064 14.792
      vertex 100.000 105.000 14.700
      vertex 100.000 105.000 17.600
    endloop
  endfacet
  facet normal 1.000000 0.000000 0.000000
    outer loop
      vertex 100.000 104.064 14.792
      vertex 100.000 105.000 17.600
      vertex 100.000 104.629 17.637
    endloop
  endfacet
  facet normal 0.000000 -0.098017 0.995185
    outer loop
      vertex 62.000 105.000 14.700
      vertex 100.000 105.000 14.700
      vertex 100.000 105.936 14.792
    endloop
  endfacet
  facet normal 0.000000 -0.098017 0.995185
    outer loop
      vertex 62.000 105.000 14.700
      vertex 100.000 105.936 14.792
      vertex 62.000 105.936 14.792
    endloop
  endfacet
  facet normal 0.000000 0.098017 -0.995185
    outer loop
      vertex 62.000 105.371 17.637
      vertex 100.000 105.371 17.637
      vertex 100.000 105.000 17.600
    endloop
  endfacet
  facet normal 0.000000 0.098017 -0.995185
    outer loop
      vertex 62.000 105.371 17.637
      vertex 100.000 105.000 17.600
      vertex 62.000 105.000 17.600
    endloop
  endfacet
  facet normal -1.000000 0.000000 0.000000
    outer loop
      vertex 62.000 105.936 14.792
      vertex 62.000 105.000 14.700
      vertex 62.000 105.000 17.600
    endloop
  endfacet
  facet normal -1.000000 0.000000 0.000000
    outer loop
      vertex 62.000 105.936 14.792
      vertex 62.000 105.000 17.600
      vertex 62.000 105.371 17.637
    endloop
  endfacet
  facet normal 1.000000 0.000000 0.000000
    outer loop
      vertex 100.000 105.000 14.700
      vertex 100.000 105.936 14.792
      vertex 100.000 105.371 17.637
    endloop
  endfacet
  facet normal 1.000000 0.000000 0.000000
    outer loop
      vertex 100.000 105.000 14.700
      vertex 100.000 105.371 17.637
      vertex 100.000 105.000 17.600
    endloop
  endfacet
  facet normal 0.000000 -0.290285 0.956940
    outer loop
      vertex 62.000 105.936 14.792
      vertex 100.000 105.936 14.792
      vertex 100.000 106.837 15.065
    endloop
  endfacet
  facet normal 0.000000 -0.290285 0.956940
    outer loop
      vertex 62.000 105.936 14.792
      vertex 100.000 106.837 15.065
      vertex 62.000 106.837 15.065
    endloop
  endfacet
  facet normal 0.000000 0.290285 -0.956940
    outer loop
      vertex 62.000 105.727 17.745
      vertex 100.000 105.727 17.745
      vertex 100.000 105.371 17.637
    endloop
  endfacet
  facet normal 0.000000 0.290285 -0.956940
    outer loop
      vertex 62.000 105.727 17.745
      vertex 100.000 105.371 17.637
      vertex 62.000 105.371 17.637
    endloop
  endfacet
  facet normal -1.000000 0.000000 0.000000
    outer loop
      vertex 62.000 106.837 15.065
      vertex 62.000 105.936 14.792
      vertex 62.000 105.371 17.637
    endloop
  endfacet
  facet normal -1.000000 0.000000 0.000000
    outer loop
      vertex 62.000 106.837 15.065
      vertex 62.000 105.371 17.637
      vertex 62.000 105.727 17.745
    endloop
  endfacet
  facet normal 1.000000 0.000000 0.000000
    outer loop
      vertex 100.000 105.936 14.792
      vertex 100.000 106.837 15.065
      vertex 100.000 105.727 17.745
    endloop
  endfacet
  facet normal 1.000000 0.000000 0.000000
    outer loop
      vertex 100.000 105.936 14.792
      vertex 100.000 105.727 17.745
      vertex 100.000 105.371 17.637
    endloop
  endfacet
  facet normal 0.000000 -0.471397 0.881921
    outer loop
      vertex 62.000 106.837 15.065
      vertex 100.000 106.837 15.065
      vertex 100.000 107.667 15.509
    endloop
  endfacet
  facet normal 0.000000 -0.471397 0.881921
    outer loop
      vertex 62.000 106.837 15.065
      vertex 100.000 107.667 15.509
      vertex 62.000 107.667 15.509
    endloop
  endfacet
  facet normal 0.000000 0.471397 -0.881921
    outer loop
      vertex 62.000 106.056 17.920
      vertex 100.000 106.056 17.920
      vertex 100.000 105.727 17.745
    endloop
  endfacet
  facet normal 0.000000 0.471397 -0.881921
    outer loop
      vertex 62.000 106.056 17.920
      vertex 100.000 105.727 17.745
      vertex 62.000 105.727 17.745
    endloop
  endfacet
  facet normal -1.000000 0.000000 0.000000
    outer loop
      vertex 62.000 107.667 15.509
      vertex 62.000 106.837 15.065
      vertex 62.000 105.727 17.745
    endloop
  endfacet
  facet normal -1.000000 0.000000 0.000000
    outer loop
      vertex 62.000 107.667 15.509
      vertex 62.000 105.727 17.745
      vertex 62.000 106.056 17.920
    endloop
  endfacet
  facet normal 1.000000 0.000000 0.000000
    outer loop
      vertex 100.000 106.837 15.065
      vertex 100.000 107.667 15.509
      vertex 100.000 106.056 17.920
    endloop
  endfacet
  facet normal 1.000000 0.000000 0.000000
    outer loop
      vertex 100.000 106.837 15.065
      vertex 100.000 106.056 17.920
      vertex 100.000 105.727 17.745
    endloop
  endfacet
  facet normal 0.000000 -0.634393 0.773010
    outer loop
      vertex 62.000 107.667 15.509
      vertex 100.000 107.667 15.509
      vertex 100.000 108.394 16.106
    endloop
  endfacet
  facet normal 0.000000 -0.634393 0.773010
    outer loop
      vertex 62.000 107.667 15.509
      vertex 100.000 108.394 16.106
      vertex 62.000 108.394 16.106
    endloop
  endfacet
  facet normal 0.000000 0.634393 -0.773010
    outer loop
      vertex 62.000 106.344 18.156
      vertex 100.000 106.344 18.156
      vertex 100.000 106.056 17.920
    endloop
  endfacet
  facet normal 0.000000 0.634393 -0.773010
    outer loop
      vertex 62.000 106.344 18.156
      vertex 100.000 106.056 17.920
      vertex 62.000 106.056 17.920
    endloop
  endfacet
  facet normal -1.000000 0.000000 0.000000
    outer loop
      vertex 62.000 108.394 16.106
      vertex 62.000 107.667 15.509
      vertex 62.000 106.056 17.920
    endloop
  endfacet
  facet normal -1.000000 0.000000 0.000000
    outer loop
      vertex 62.000 108.394 16.106
      vertex 62.000 106.056 17.920
      vertex 62.000 106.344 18.156
    endloop
  endfacet
  facet normal 1.000000 0.000000 0.000000
    outer loop
      vertex 100.000 107.667 15.509
      vertex 100.000 108.394 16.106
      vertex 100.000 106.344 18.156
    endloop
  endfacet
  facet normal 1.000000 0.000000 0.000000
    outer loop
      vertex 100.000 107.667 15.509
      vertex 100.000 106.344 18.156
      vertex 100.000 106.056 17.920
    endloop
  endfacet
  facet normal 0.000000 -0.773010 0.634393
    outer loop
      vertex 62.000 108.394 16.106
      vertex 100.000 108.394 16.106
      vertex 100.000 108.991 16.833
    endloop
  endfacet
  facet normal 0.000000 -0.773010 0.634393
    outer loop
      vertex 62.000 108.394 16.106
      vertex 100.000 108.991 16.833
      vertex 62.000 108.991 16.833
    endloop
  endfacet
  facet normal 0.000000 0.773010 -0.634393
    outer loop
      vertex 62.000 106.580 18.444
      vertex 100.000 106.580 18.444
      vertex 100.000 106.344 18.156
    endloop
  endfacet
  facet normal 0.000000 0.773010 -0.634393
    outer loop
      vertex 62.000 106.580 18.444
      vertex 100.000 106.344 18.156
      vertex 62.000 106.344 18.156
    endloop
  endfacet
  facet normal -1.000000 0.000000 0.000000
    outer loop
      vertex 62.000 108.991 16.833
      vertex 62.000 108.394 16.106
      vertex 62.000 106.344 18.156
    endloop
  endfacet
  facet normal -1.000000 0.000000 0.000000
    outer loop
      vertex 62.000 108.991 16.833
      vertex 62.000 106.344 18.156
      vertex 62.000 106.580 18.444
    endloop
  endfacet
  facet normal 1.000000 0.000000 0.000000
    outer loop
      vertex 100.000 108.394 16.106
      vertex 100.000 108.991 16.833
      vertex 100.000 106.580 18.444
    endloop
  endfacet
  facet normal 1.000000 0.000000 0.000000
    outer loop
      vertex 100.000 108.394 16.106
      vertex 100.000 106.580 18.444
      vertex 100.000 106.344 18.156
    endloop
  endfacet
  facet normal 0.000000 -0.881921 0.471397
    outer loop
      vertex 62.000 108.991 16.833
      vertex 100.000 108.991 16.833
      vertex 100.000 109.435 17.663
    endloop
  endfacet
  facet normal 0.000000 -0.881921 0.471397
    outer loop
      vertex 62.000 108.991 16.833
      vertex 100.000 109.435 17.663
      vertex 62.000 109.435 17.663
    endloop
  endfacet
  facet normal 0.000000 0.881921 -0.471397
    outer loop
      vertex 62.000 106.755 18.773
      vertex 100.000 106.755 18.773
      vertex 100.000 106.580 18.444
    endloop
  endfacet
  facet normal 0.000000 0.881921 -0.471397
    outer loop
      vertex 62.000 106.755 18.773
      vertex 100.000 106.580 18.444
      vertex 62.000 106.580 18.444
    endloop
  endfacet
  facet normal -1.000000 0.000000 0.000000
    outer loop
      vertex 62.000 109.435 17.663
      vertex 62.000 108.991 16.833
      vertex 62.000 106.580 18.444
    endloop
  endfacet
  facet normal -1.000000 0.000000 0.000000
    outer loop
      vertex 62.000 109.435 17.663
      vertex 62.000 106.580 18.444
      vertex 62.000 106.755 18.773
    endloop
  endfacet
  facet normal 1.000000 0.000000 0.000000
    outer loop
      vertex 100.000 108.991 16.833
      vertex 100.000 109.435 17.663
      vertex 100.000 106.755 18.773
    endloop
  endfacet
  facet normal 1.000000 0.000000 0.000000
    outer loop
      vertex 100.000 108.991 16.833
      vertex 100.000 106.755 18.773
      vertex 100.000 106.580 18.444
    endloop
  endfacet
  facet normal 0.000000 -0.956940 0.290285
    outer loop
      vertex 62.000 109.435 17.663
      vertex 100.000 109.435 17.663
      vertex 100.000 109.708 18.564
    endloop
  endfacet
  facet normal 0.000000 -0.956940 0.290285
    outer loop
      vertex 62.000 109.435 17.663
      vertex 100.000 109.708 18.564
      vertex 62.000 109.708 18.564
    endloop
  endfacet
  facet normal 0.000000 0.956940 -0.290285
    outer loop
      vertex 62.000 106.863 19.129
      vertex 100.000 106.863 19.129
      vertex 100.000 106.755 18.773
    endloop
  endfacet
  facet normal 0.000000 0.956940 -0.290285
    outer loop
      vertex 62.000 106.863 19.129
      vertex 100.000 106.755 18.773
      vertex 62.000 106.755 18.773
    endloop
  endfacet
  facet normal -1.000000 0.000000 0.000000
    outer loop
      vertex 62.000 109.708 18.564
      vertex 62.000 109.435 17.663
      vertex 62.000 106.755 18.773
    endloop
  endfacet
  facet normal -1.000000 0.000000 0.000000
    outer loop
      vertex 62.000 109.708 18.564
      vertex 62.000 106.755 18.773
      vertex 62.000 106.863 19.129
    endloop
  endfacet
  facet normal 1.000000 0.000000 0.000000
    outer loop
      vertex 100.000 109.435 17.663
      vertex 100.000 109.708 18.564
      vertex 100.000 106.863 19.129
    endloop
  endfacet
  facet normal 1.000000 0.000000 0.000000
    outer loop
      vertex 100.000 109.435 17.663
      vertex 100.000 106.863 19.129
      vertex 100.000 106.755 18.773
    endloop
  endfacet
  facet normal 0.000000 -0.995185 0.098017
    outer loop
      vertex 62.000 109.708 18.564
      vertex 100.000 109.708 18.564
      vertex 100.000 109.800 19.500
    endloop
  endfacet
  facet normal 0.000000 -0.995185 0.098017
    outer loop
      vertex 62.000 109.708 18.564
      vertex 100.000 109.800 19.500
      vertex 62.000 109.800 19.500
    endloop
  endfacet
  facet normal 0.000000 0.995185 -0.098017
    outer loop
      vertex 62.000 106.900 19.500
      vertex 100.000 106.900 19.500
      vertex 100.000 106.863 19.129
    endloop
  endfacet
  facet normal 0.000000 0.995185 -0.098017
    outer loop
      vertex 62.000 106.900 19.500
      vertex 100.000 106.863 19.129
      vertex 62.000 106.863 19.129
    endloop
  endfacet
  facet normal -1.000000 0.000000 0.000000
    outer loop
      vertex 62.000 109.800 19.500
      vertex 62.000 109.708 18.564
      vertex 62.000 106.863 19.129
    endloop
  endfacet
  facet normal -1.000000 0.000000 0.000000
    outer loop
      vertex 62.000 109.800 19.500
      vertex 62.000 106.863 19.129
      vertex 62.000 106.900 19.500
    endloop
  endfacet
  facet normal 1.000000 0.000000 0.000000
    outer loop
      vertex 100.000 109.708 18.564
      vertex 100.000 109.800 19.500
      vertex 100.000 106.900 19.500
    endloop
  endfacet
  facet normal 1.000000 0.000000 0.000000
    outer loop
      vertex 100.000 109.708 18.564
      vertex 100.000 106.900 19.500
      vertex 100.000 106.863 19.129
    endloop
  endfacet
  facet normal 0.000000 -0.991445 -0.130526
    outer loop
      vertex -103.000 -92.550 1.450
      vertex 103.000 -92.550 1.450
      vertex 103.000 -92.599 1.825
    endloop
  endfacet
  facet normal 0.000000 -0.991445 -0.130526
    outer loop
      vertex -103.000 -92.550 1.450
      vertex 103.000 -92.599 1.825
      vertex -103.000 -92.599 1.825
    endloop
  endfacet
  facet normal 0.000000 -0.923880 -0.382683
    outer loop
      vertex -103.000 -92.599 1.825
      vertex 103.000 -92.599 1.825
      vertex 103.000 -92.744 2.175
    endloop
  endfacet
  facet normal 0.000000 -0.923880 -0.382683
    outer loop
      vertex -103.000 -92.599 1.825
      vertex 103.000 -92.744 2.175
      vertex -103.000 -92.744 2.175
    endloop
  endfacet
  facet normal 0.000000 -0.793353 -0.608761
    outer loop
      vertex -103.000 -92.744 2.175
      vertex 103.000 -92.744 2.175
      vertex 103.000 -92.975 2.475
    endloop
  endfacet
  facet normal 0.000000 -0.793353 -0.608761
    outer loop
      vertex -103.000 -92.744 2.175
      vertex 103.000 -92.975 2.475
      vertex -103.000 -92.975 2.475
    endloop
  endfacet
  facet normal 0.000000 -0.608761 -0.793353
    outer loop
      vertex -103.000 -92.975 2.475
      vertex 103.000 -92.975 2.475
      vertex 103.000 -93.275 2.706
    endloop
  endfacet
  facet normal 0.000000 -0.608761 -0.793353
    outer loop
      vertex -103.000 -92.975 2.475
      vertex 103.000 -93.275 2.706
      vertex -103.000 -93.275 2.706
    endloop
  endfacet
  facet normal 0.000000 -0.382683 -0.923880
    outer loop
      vertex -103.000 -93.275 2.706
      vertex 103.000 -93.275 2.706
      vertex 103.000 -93.625 2.851
    endloop
  endfacet
  facet normal 0.000000 -0.382683 -0.923880
    outer loop
      vertex -103.000 -93.275 2.706
      vertex 103.000 -93.625 2.851
      vertex -103.000 -93.625 2.851
    endloop
  endfacet
  facet normal 0.000000 -0.130526 -0.991445
    outer loop
      vertex -103.000 -93.625 2.851
      vertex 103.000 -93.625 2.851
      vertex 103.000 -94.000 2.900
    endloop
  endfacet
  facet normal 0.000000 -0.130526 -0.991445
    outer loop
      vertex -103.000 -93.625 2.851
      vertex 103.000 -94.000 2.900
      vertex -103.000 -94.000 2.900
    endloop
  endfacet
  facet normal 0.000000 0.130526 -0.991445
    outer loop
      vertex -103.000 -94.000 2.900
      vertex 103.000 -94.000 2.900
      vertex 103.000 -94.375 2.851
    endloop
  endfacet
  facet normal 0.000000 0.130526 -0.991445
    outer loop
      vertex -103.000 -94.000 2.900
      vertex 103.000 -94.375 2.851
      vertex -103.000 -94.375 2.851
    endloop
  endfacet
  facet normal 0.000000 0.382683 -0.923880
    outer loop
      vertex -103.000 -94.375 2.851
      vertex 103.000 -94.375 2.851
      vertex 103.000 -94.725 2.706
    endloop
  endfacet
  facet normal 0.000000 0.382683 -0.923880
    outer loop
      vertex -103.000 -94.375 2.851
      vertex 103.000 -94.725 2.706
      vertex -103.000 -94.725 2.706
    endloop
  endfacet
  facet normal 0.000000 0.608761 -0.793353
    outer loop
      vertex -103.000 -94.725 2.706
      vertex 103.000 -94.725 2.706
      vertex 103.000 -95.025 2.475
    endloop
  endfacet
  facet normal 0.000000 0.608761 -0.793353
    outer loop
      vertex -103.000 -94.725 2.706
      vertex 103.000 -95.025 2.475
      vertex -103.000 -95.025 2.475
    endloop
  endfacet
  facet normal 0.000000 0.793353 -0.608761
    outer loop
      vertex -103.000 -95.025 2.475
      vertex 103.000 -95.025 2.475
      vertex 103.000 -95.256 2.175
    endloop
  endfacet
  facet normal 0.000000 0.793353 -0.608761
    outer loop
      vertex -103.000 -95.025 2.475
      vertex 103.000 -95.256 2.175
      vertex -103.000 -95.256 2.175
    endloop
  endfacet
  facet normal 0.000000 0.923880 -0.382683
    outer loop
      vertex -103.000 -95.256 2.175
      vertex 103.000 -95.256 2.175
      vertex 103.000 -95.401 1.825
    endloop
  endfacet
  facet normal 0.000000 0.923880 -0.382683
    outer loop
      vertex -103.000 -95.256 2.175
      vertex 103.000 -95.401 1.825
      vertex -103.000 -95.401 1.825
    endloop
  endfacet
  facet normal 0.000000 0.991445 -0.130526
    outer loop
      vertex -103.000 -95.401 1.825
      vertex 103.000 -95.401 1.825
      vertex 103.000 -95.450 1.450
    endloop
  endfacet
  facet normal 0.000000 0.991445 -0.130526
    outer loop
      vertex -103.000 -95.401 1.825
      vertex 103.000 -95.450 1.450
      vertex -103.000 -95.450 1.450
    endloop
  endfacet
  facet normal 0.000000 0.991445 0.130526
    outer loop
      vertex -103.000 -95.450 1.450
      vertex 103.000 -95.450 1.450
      vertex 103.000 -95.401 1.075
    endloop
  endfacet
  facet normal 0.000000 0.991445 0.130526
    outer loop
      vertex -103.000 -95.450 1.450
      vertex 103.000 -95.401 1.075
      vertex -103.000 -95.401 1.075
    endloop
  endfacet
  facet normal 0.000000 0.923880 0.382683
    outer loop
      vertex -103.000 -95.401 1.075
      vertex 103.000 -95.401 1.075
      vertex 103.000 -95.256 0.725
    endloop
  endfacet
  facet normal 0.000000 0.923880 0.382683
    outer loop
      vertex -103.000 -95.401 1.075
      vertex 103.000 -95.256 0.725
      vertex -103.000 -95.256 0.725
    endloop
  endfacet
  facet normal 0.000000 0.793353 0.608761
    outer loop
      vertex -103.000 -95.256 0.725
      vertex 103.000 -95.256 0.725
      vertex 103.000 -95.025 0.425
    endloop
  endfacet
  facet normal 0.000000 0.793353 0.608761
    outer loop
      vertex -103.000 -95.256 0.725
      vertex 103.000 -95.025 0.425
      vertex -103.000 -95.025 0.425
    endloop
  endfacet
  facet normal 0.000000 0.608761 0.793353
    outer loop
      vertex -103.000 -95.025 0.425
      vertex 103.000 -95.025 0.425
      vertex 103.000 -94.725 0.194
    endloop
  endfacet
  facet normal 0.000000 0.608761 0.793353
    outer loop
      vertex -103.000 -95.025 0.425
      vertex 103.000 -94.725 0.194
      vertex -103.000 -94.725 0.194
    endloop
  endfacet
  facet normal 0.000000 0.382683 0.923880
    outer loop
      vertex -103.000 -94.725 0.194
      vertex 103.000 -94.725 0.194
      vertex 103.000 -94.375 0.049
    endloop
  endfacet
  facet normal 0.000000 0.382683 0.923880
    outer loop
      vertex -103.000 -94.725 0.194
      vertex 103.000 -94.375 0.049
      vertex -103.000 -94.375 0.049
    endloop
  endfacet
  facet normal 0.000000 0.130526 0.991445
    outer loop
      vertex -103.000 -94.375 0.049
      vertex 103.000 -94.375 0.049
      vertex 103.000 -94.000 0.000
    endloop
  endfacet
  facet normal 0.000000 0.130526 0.991445
    outer loop
      vertex -103.000 -94.375 0.049
      vertex 103.000 -94.000 0.000
      vertex -103.000 -94.000 0.000
    endloop
  endfacet
  facet normal 0.000000 -0.130526 0.991445
    outer loop
      vertex -103.000 -94.000 0.000
      vertex 103.000 -94.000 0.000
      vertex 103.000 -93.625 0.049
    endloop
  endfacet
  facet normal 0.000000 -0.130526 0.991445
    outer loop
      vertex -103.000 -94.000 0.000
      vertex 103.000 -93.625 0.049
      vertex -103.000 -93.625 0.049
    endloop
  endfacet
  facet normal 0.000000 -0.382683 0.923880
    outer loop
      vertex -103.000 -93.625 0.049
      vertex 103.000 -93.625 0.049
      vertex 103.000 -93.275 0.194
    endloop
  endfacet
  facet normal 0.000000 -0.382683 0.923880
    outer loop
      vertex -103.000 -93.625 0.049
      vertex 103.000 -93.275 0.194
      vertex -103.000 -93.275 0.194
    endloop
  endfacet
  facet normal 0.000000 -0.608761 0.793353
    outer loop
      vertex -103.000 -93.275 0.194
      vertex 103.000 -93.275 0.194
      vertex 103.000 -92.975 0.425
    endloop
  endfacet
  facet normal 0.000000 -0.608761 0.793353
    outer loop
      vertex -103.000 -93.275 0.194
      vertex 103.000 -92.975 0.425
      vertex -103.000 -92.975 0.425
    endloop
  endfacet
  facet normal 0.000000 -0.793353 0.608761
    outer loop
      vertex -103.000 -92.975 0.425
      vertex 103.000 -92.975 0.425
      vertex 103.000 -92.744 0.725
    endloop
  endfacet
  facet normal 0.000000 -0.793353 0.608761
    outer loop
      vertex -103.000 -92.975 0.425
      vertex 103.000 -92.744 0.725
      vertex -103.000 -92.744 0.725
    endloop
  endfacet
  facet normal 0.000000 -0.923880 0.382683
    outer loop
      vertex -103.000 -92.744 0.725
      vertex 103.000 -92.744 0.725
      vertex 103.000 -92.599 1.075
    endloop
  endfacet
  facet normal 0.000000 -0.923880 0.382683
    outer loop
      vertex -103.000 -92.744 0.725
      vertex 103.000 -92.599 1.075
      vertex -103.000 -92.599 1.075
    endloop
  endfacet
  facet normal 0.000000 -0.991445 0.130526
    outer loop
      vertex -103.000 -92.599 1.075
      vertex 103.000 -92.599 1.075
      vertex 103.000 -92.550 1.450
    endloop
  endfacet
  facet normal 0.000000 -0.991445 0.130526
    outer loop
      vertex -103.000 -92.599 1.075
      vertex 103.000 -92.550 1.450
      vertex -103.000 -92.550 1.450
    endloop
  endfacet
  facet normal -1.000000 0.000000 0.000000
    outer loop
      vertex -103.000 -94.000 1.450
      vertex -103.000 -92.599 1.825
      vertex -103.000 -92.550 1.450
    endloop
  endfacet
  facet normal 1.000000 0.000000 0.000000
    outer loop
      vertex 103.000 -94.000 1.450
      vertex 103.000 -92.550 1.450
      vertex 103.000 -92.599 1.825
    endloop
  endfacet
  facet normal -1.000000 0.000000 0.000000
    outer loop
      vertex -103.000 -94.000 1.450
      vertex -103.000 -92.744 2.175
      vertex -103.000 -92.599 1.825
    endloop
  endfacet
  facet normal 1.000000 0.000000 0.000000
    outer loop
      vertex 103.000 -94.000 1.450
      vertex 103.000 -92.599 1.825
      vertex 103.000 -92.744 2.175
    endloop
  endfacet
  facet normal -1.000000 0.000000 0.000000
    outer loop
      vertex -103.000 -94.000 1.450
      vertex -103.000 -92.975 2.475
      vertex -103.000 -92.744 2.175
    endloop
  endfacet
  facet normal 1.000000 0.000000 0.000000
    outer loop
      vertex 103.000 -94.000 1.450
      vertex 103.000 -92.744 2.175
      vertex 103.000 -92.975 2.475
    endloop
  endfacet
  facet normal -1.000000 0.000000 0.000000
    outer loop
      vertex -103.000 -94.000 1.450
      vertex -103.000 -93.275 2.706
      vertex -103.000 -92.975 2.475
    endloop
  endfacet
  facet normal 1.000000 0.000000 0.000000
    outer loop
      vertex 103.000 -94.000 1.450
      vertex 103.000 -92.975 2.475
      vertex 103.000 -93.275 2.706
    endloop
  endfacet
  facet normal -1.000000 0.000000 0.000000
    outer loop
      vertex -103.000 -94.000 1.450
      vertex -103.000 -93.625 2.851
      vertex -103.000 -93.275 2.706
    endloop
  endfacet
  facet normal 1.000000 0.000000 0.000000
    outer loop
      vertex 103.000 -94.000 1.450
      vertex 103.000 -93.275 2.706
      vertex 103.000 -93.625 2.851
    endloop
  endfacet
  facet normal -1.000000 0.000000 0.000000
    outer loop
      vertex -103.000 -94.000 1.450
      vertex -103.000 -94.000 2.900
      vertex -103.000 -93.625 2.851
    endloop
  endfacet
  facet normal 1.000000 0.000000 0.000000
    outer loop
      vertex 103.000 -94.000 1.450
      vertex 103.000 -93.625 2.851
      vertex 103.000 -94.000 2.900
    endloop
  endfacet
  facet normal -1.000000 0.000000 0.000000
    outer loop
      vertex -103.000 -94.000 1.450
      vertex -103.000 -94.375 2.851
      vertex -103.000 -94.000 2.900
    endloop
  endfacet
  facet normal 1.000000 0.000000 0.000000
    outer loop
      vertex 103.000 -94.000 1.450
      vertex 103.000 -94.000 2.900
      vertex 103.000 -94.375 2.851
    endloop
  endfacet
  facet normal -1.000000 0.000000 0.000000
    outer loop
      vertex -103.000 -94.000 1.450
      vertex -103.000 -94.725 2.706
      vertex -103.000 -94.375 2.851
    endloop
  endfacet
  facet normal 1.000000 0.000000 0.000000
    outer loop
      vertex 103.000 -94.000 1.450
      vertex 103.000 -94.375 2.851
      vertex 103.000 -94.725 2.706
    endloop
  endfacet
  facet normal -1.000000 0.000000 0.000000
    outer loop
      vertex -103.000 -94.000 1.450
      vertex -103.000 -95.025 2.475
      vertex -103.000 -94.725 2.706
    endloop
  endfacet
  facet normal 1.000000 0.000000 0.000000
    outer loop
      vertex 103.000 -94.000 1.450
      vertex 103.000 -94.725 2.706
      vertex 103.000 -95.025 2.475
    endloop
  endfacet
  facet normal -1.000000 0.000000 0.000000
    outer loop
      vertex -103.000 -94.000 1.450
      vertex -103.000 -95.256 2.175
      vertex -103.000 -95.025 2.475
    endloop
  endfacet
  facet normal 1.000000 0.000000 0.000000
    outer loop
      vertex 103.000 -94.000 1.450
      vertex 103.000 -95.025 2.475
      vertex 103.000 -95.256 2.175
    endloop
  endfacet
  facet normal -1.000000 0.000000 0.000000
    outer loop
      vertex -103.000 -94.000 1.450
      vertex -103.000 -95.401 1.825
      vertex -103.000 -95.256 2.175
    endloop
  endfacet
  facet normal 1.000000 0.000000 0.000000
    outer loop
      vertex 103.000 -94.000 1.450
      vertex 103.000 -95.256 2.175
      vertex 103.000 -95.401 1.825
    endloop
  endfacet
  facet normal -1.000000 0.000000 0.000000
    outer loop
      vertex -103.000 -94.000 1.450
      vertex -103.000 -95.450 1.450
      vertex -103.000 -95.401 1.825
    endloop
  endfacet
  facet normal 1.000000 0.000000 0.000000
    outer loop
      vertex 103.000 -94.000 1.450
      vertex 103.000 -95.401 1.825
      vertex 103.000 -95.450 1.450
    endloop
  endfacet
  facet normal -1.000000 0.000000 0.000000
    outer loop
      vertex -103.000 -94.000 1.450
      vertex -103.000 -95.401 1.075
      vertex -103.000 -95.450 1.450
    endloop
  endfacet
  facet normal 1.000000 0.000000 0.000000
    outer loop
      vertex 103.000 -94.000 1.450
      vertex 103.000 -95.450 1.450
      vertex 103.000 -95.401 1.075
    endloop
  endfacet
  facet normal -1.000000 0.000000 0.000000
    outer loop
      vertex -103.000 -94.000 1.450
      vertex -103.000 -95.256 0.725
      vertex -103.000 -95.401 1.075
    endloop
  endfacet
  facet normal 1.000000 0.000000 0.000000
    outer loop
      vertex 103.000 -94.000 1.450
      vertex 103.000 -95.401 1.075
      vertex 103.000 -95.256 0.725
    endloop
  endfacet
  facet normal -1.000000 0.000000 0.000000
    outer loop
      vertex -103.000 -94.000 1.450
      vertex -103.000 -95.025 0.425
      vertex -103.000 -95.256 0.725
    endloop
  endfacet
  facet normal 1.000000 0.000000 0.000000
    outer loop
      vertex 103.000 -94.000 1.450
      vertex 103.000 -95.256 0.725
      vertex 103.000 -95.025 0.425
    endloop
  endfacet
  facet normal -1.000000 0.000000 0.000000
    outer loop
      vertex -103.000 -94.000 1.450
      vertex -103.000 -94.725 0.194
      vertex -103.000 -95.025 0.425
    endloop
  endfacet
  facet normal 1.000000 0.000000 0.000000
    outer loop
      vertex 103.000 -94.000 1.450
      vertex 103.000 -95.025 0.425
      vertex 103.000 -94.725 0.194
    endloop
  endfacet
  facet normal -1.000000 0.000000 0.000000
    outer loop
      vertex -103.000 -94.000 1.450
      vertex -103.000 -94.375 0.049
      vertex -103.000 -94.725 0.194
    endloop
  endfacet
  facet normal 1.000000 0.000000 0.000000
    outer loop
      vertex 103.000 -94.000 1.450
      vertex 103.000 -94.725 0.194
      vertex 103.000 -94.375 0.049
    endloop
  endfacet
  facet normal -1.000000 0.000000 0.000000
    outer loop
      vertex -103.000 -94.000 1.450
      vertex -103.000 -94.000 0.000
      vertex -103.000 -94.375 0.049
    endloop
  endfacet
  facet normal 1.000000 0.000000 0.000000
    outer loop
      vertex 103.000 -94.000 1.450
      vertex 103.000 -94.375 0.049
      vertex 103.000 -94.000 0.000
    endloop
  endfacet
  facet normal -1.000000 0.000000 0.000000
    outer loop
      vertex -103.000 -94.000 1.450
      vertex -103.000 -93.625 0.049
      vertex -103.000 -94.000 0.000
    endloop
  endfacet
  facet normal 1.000000 0.000000 0.000000
    outer loop
      vertex 103.000 -94.000 1.450
      vertex 103.000 -94.000 0.000
      vertex 103.000 -93.625 0.049
    endloop
  endfacet
  facet normal -1.000000 0.000000 0.000000
    outer loop
      vertex -103.000 -94.000 1.450
      vertex -103.000 -93.275 0.194
      vertex -103.000 -93.625 0.049
    endloop
  endfacet
  facet normal 1.000000 0.000000 0.000000
    outer loop
      vertex 103.000 -94.000 1.450
      vertex 103.000 -93.625 0.049
      vertex 103.000 -93.275 0.194
    endloop
  endfacet
  facet normal -1.000000 0.000000 0.000000
    outer loop
      vertex -103.000 -94.000 1.450
      vertex -103.000 -92.975 0.425
      vertex -103.000 -93.275 0.194
    endloop
  endfacet
  facet normal 1.000000 0.000000 0.000000
    outer loop
      vertex 103.000 -94.000 1.450
      vertex 103.000 -93.275 0.194
      vertex 103.000 -92.975 0.425
    endloop
  endfacet
  facet normal -1.000000 0.000000 0.000000
    outer loop
      vertex -103.000 -94.000 1.450
      vertex -103.000 -92.744 0.725
      vertex -103.000 -92.975 0.425
    endloop
  endfacet
  facet normal 1.000000 0.000000 0.000000
    outer loop
      vertex 103.000 -94.000 1.450
      vertex 103.000 -92.975 0.425
      vertex 103.000 -92.744 0.725
    endloop
  endfacet
  facet normal -1.000000 0.000000 0.000000
    outer loop
      vertex -103.000 -94.000 1.450
      vertex -103.000 -92.599 1.075
      vertex -103.000 -92.744 0.725
    endloop
  endfacet
  facet normal 1.000000 0.000000 0.000000
    outer loop
      vertex 103.000 -94.000 1.450
      vertex 103.000 -92.744 0.725
      vertex 103.000 -92.599 1.075
    endloop
  endfacet
  facet normal -1.000000 0.000000 0.000000
    outer loop
      vertex -103.000 -94.000 1.450
      vertex -103.000 -92.550 1.450
      vertex -103.000 -92.599 1.075
    endloop
  endfacet
  facet normal 1.000000 0.000000 0.000000
    outer loop
      vertex 103.000 -94.000 1.450
      vertex 103.000 -92.599 1.075
      vertex 103.000 -92.550 1.450
    endloop
  endfacet
  facet normal 0.000000 0.000000 1.000000
    outer loop
      vertex -108.000 -97.500 0.000
      vertex -103.000 -97.500 0.000
      vertex -103.000 -90.500 0.000
    endloop
  endfacet
  facet normal 0.000000 0.000000 1.000000
    outer loop
      vertex -108.000 -97.500 0.000
      vertex -103.000 -90.500 0.000
      vertex -108.000 -90.500 0.000
    endloop
  endfacet
  facet normal 0.000000 0.000000 -1.000000
    outer loop
      vertex -108.000 -97.500 2.900
      vertex -108.000 -90.500 2.900
      vertex -103.000 -90.500 2.900
    endloop
  endfacet
  facet normal 0.000000 0.000000 -1.000000
    outer loop
      vertex -108.000 -97.500 2.900
      vertex -103.000 -90.500 2.900
      vertex -103.000 -97.500 2.900
    endloop
  endfacet
  facet normal 0.000000 1.000000 0.000000
    outer loop
      vertex -108.000 -97.500 0.000
      vertex -108.000 -97.500 2.900
      vertex -103.000 -97.500 2.900
    endloop
  endfacet
  facet normal 0.000000 1.000000 0.000000
    outer loop
      vertex -108.000 -97.500 0.000
      vertex -103.000 -97.500 2.900
      vertex -103.000 -97.500 0.000
    endloop
  endfacet
  facet normal -1.000000 0.000000 0.000000
    outer loop
      vertex -103.000 -97.500 0.000
      vertex -103.000 -97.500 2.900
      vertex -103.000 -90.500 2.900
    endloop
  endfacet
  facet normal -1.000000 0.000000 0.000000
    outer loop
      vertex -103.000 -97.500 0.000
      vertex -103.000 -90.500 2.900
      vertex -103.000 -90.500 0.000
    endloop
  endfacet
  facet normal 0.000000 -1.000000 0.000000
    outer loop
      vertex -103.000 -90.500 0.000
      vertex -103.000 -90.500 2.900
      vertex -108.000 -90.500 2.900
    endloop
  endfacet
  facet normal 0.000000 -1.000000 0.000000
    outer loop
      vertex -103.000 -90.500 0.000
      vertex -108.000 -90.500 2.900
      vertex -108.000 -90.500 0.000
    endloop
  endfacet
  facet normal 1.000000 0.000000 0.000000
    outer loop
      vertex -108.000 -90.500 0.000
      vertex -108.000 -90.500 2.900
      vertex -108.000 -97.500 2.900
    endloop
  endfacet
  facet normal 1.000000 0.000000 0.000000
    outer loop
      vertex -108.000 -90.500 0.000
      vertex -108.000 -97.500 2.900
      vertex -108.000 -97.500 0.000
    endloop
  endfacet
  facet normal -0.098017 -0.995185 0.000000
    outer loop
      vertex 79.800 3.800 8.000
      vertex 79.800 3.800 0.000
      vertex 80.541 3.727 0.000
    endloop
  endfacet
  facet normal -0.098017 -0.995185 0.000000
    outer loop
      vertex 79.800 3.800 8.000
      vertex 80.541 3.727 0.000
      vertex 80.541 3.727 8.000
    endloop
  endfacet
  facet normal 0.098017 0.995185 0.000000
    outer loop
      vertex 80.083 1.422 8.000
      vertex 80.083 1.422 0.000
      vertex 79.800 1.450 0.000
    endloop
  endfacet
  facet normal 0.098017 0.995185 0.000000
    outer loop
      vertex 80.083 1.422 8.000
      vertex 79.800 1.450 0.000
      vertex 79.800 1.450 8.000
    endloop
  endfacet
  facet normal 0.000000 0.000000 1.000000
    outer loop
      vertex 80.541 3.727 8.000
      vertex 79.800 3.800 8.000
      vertex 79.800 1.450 8.000
    endloop
  endfacet
  facet normal 0.000000 0.000000 1.000000
    outer loop
      vertex 80.541 3.727 8.000
      vertex 79.800 1.450 8.000
      vertex 80.083 1.422 8.000
    endloop
  endfacet
  facet normal 0.000000 0.000000 -1.000000
    outer loop
      vertex 79.800 3.800 0.000
      vertex 80.541 3.727 0.000
      vertex 80.083 1.422 0.000
    endloop
  endfacet
  facet normal 0.000000 0.000000 -1.000000
    outer loop
      vertex 79.800 3.800 0.000
      vertex 80.083 1.422 0.000
      vertex 79.800 1.450 0.000
    endloop
  endfacet
  facet normal -0.290285 -0.956940 0.000000
    outer loop
      vertex 80.541 3.727 8.000
      vertex 80.541 3.727 0.000
      vertex 81.254 3.511 0.000
    endloop
  endfacet
  facet normal -0.290285 -0.956940 0.000000
    outer loop
      vertex 80.541 3.727 8.000
      vertex 81.254 3.511 0.000
      vertex 81.254 3.511 8.000
    endloop
  endfacet
  facet normal 0.290285 0.956940 0.000000
    outer loop
      vertex 80.355 1.340 8.000
      vertex 80.355 1.340 0.000
      vertex 80.083 1.422 0.000
    endloop
  endfacet
  facet normal 0.290285 0.956940 0.000000
    outer loop
      vertex 80.355 1.340 8.000
      vertex 80.083 1.422 0.000
      vertex 80.083 1.422 8.000
    endloop
  endfacet
  facet normal 0.000000 0.000000 1.000000
    outer loop
      vertex 81.254 3.511 8.000
      vertex 80.541 3.727 8.000
      vertex 80.083 1.422 8.000
    endloop
  endfacet
  facet normal 0.000000 0.000000 1.000000
    outer loop
      vertex 81.254 3.511 8.000
      vertex 80.083 1.422 8.000
      vertex 80.355 1.340 8.000
    endloop
  endfacet
  facet normal 0.000000 0.000000 -1.000000
    outer loop
      vertex 80.541 3.727 0.000
      vertex 81.254 3.511 0.000
      vertex 80.355 1.340 0.000
    endloop
  endfacet
  facet normal 0.000000 0.000000 -1.000000
    outer loop
      vertex 80.541 3.727 0.000
      vertex 80.355 1.340 0.000
      vertex 80.083 1.422 0.000
    endloop
  endfacet
  facet normal -0.471397 -0.881921 0.000000
    outer loop
      vertex 81.254 3.511 8.000
      vertex 81.254 3.511 0.000
      vertex 81.911 3.160 0.000
    endloop
  endfacet
  facet normal -0.471397 -0.881921 0.000000
    outer loop
      vertex 81.254 3.511 8.000
      vertex 81.911 3.160 0.000
      vertex 81.911 3.160 8.000
    endloop
  endfacet
  facet normal 0.471397 0.881921 0.000000
    outer loop
      vertex 80.606 1.206 8.000
      vertex 80.606 1.206 0.000
      vertex 80.355 1.340 0.000
    endloop
  endfacet
  facet normal 0.471397 0.881921 0.000000
    outer loop
      vertex 80.606 1.206 8.000
      vertex 80.355 1.340 0.000
      vertex 80.355 1.340 8.000
    endloop
  endfacet
  facet normal 0.000000 0.000000 1.000000
    outer loop
      vertex 81.911 3.160 8.000
      vertex 81.254 3.511 8.000
      vertex 80.355 1.340 8.000
    endloop
  endfacet
  facet normal 0.000000 0.000000 1.000000
    outer loop
      vertex 81.911 3.160 8.000
      vertex 80.355 1.340 8.000
      vertex 80.606 1.206 8.000
    endloop
  endfacet
  facet normal 0.000000 0.000000 -1.000000
    outer loop
      vertex 81.254 3.511 0.000
      vertex 81.911 3.160 0.000
      vertex 80.606 1.206 0.000
    endloop
  endfacet
  facet normal 0.000000 0.000000 -1.000000
    outer loop
      vertex 81.254 3.511 0.000
      vertex 80.606 1.206 0.000
      vertex 80.355 1.340 0.000
    endloop
  endfacet
  facet normal -0.634393 -0.773010 0.000000
    outer loop
      vertex 81.911 3.160 8.000
      vertex 81.911 3.160 0.000
      vertex 82.487 2.687 0.000
    endloop
  endfacet
  facet normal -0.634393 -0.773010 0.000000
    outer loop
      vertex 81.911 3.160 8.000
      vertex 82.487 2.687 0.000
      vertex 82.487 2.687 8.000
    endloop
  endfacet
  facet normal 0.634393 0.773010 0.000000
    outer loop
      vertex 80.825 1.025 8.000
      vertex 80.825 1.025 0.000
      vertex 80.606 1.206 0.000
    endloop
  endfacet
  facet normal 0.634393 0.773010 0.000000
    outer loop
      vertex 80.825 1.025 8.000
      vertex 80.606 1.206 0.000
      vertex 80.606 1.206 8.000
    endloop
  endfacet
  facet normal 0.000000 0.000000 1.000000
    outer loop
      vertex 82.487 2.687 8.000
      vertex 81.911 3.160 8.000
      vertex 80.606 1.206 8.000
    endloop
  endfacet
  facet normal 0.000000 0.000000 1.000000
    outer loop
      vertex 82.487 2.687 8.000
      vertex 80.606 1.206 8.000
      vertex 80.825 1.025 8.000
    endloop
  endfacet
  facet normal 0.000000 0.000000 -1.000000
    outer loop
      vertex 81.911 3.160 0.000
      vertex 82.487 2.687 0.000
      vertex 80.825 1.025 0.000
    endloop
  endfacet
  facet normal 0.000000 0.000000 -1.000000
    outer loop
      vertex 81.911 3.160 0.000
      vertex 80.825 1.025 0.000
      vertex 80.606 1.206 0.000
    endloop
  endfacet
  facet normal -0.773010 -0.634393 0.000000
    outer loop
      vertex 82.487 2.687 8.000
      vertex 82.487 2.687 0.000
      vertex 82.960 2.111 0.000
    endloop
  endfacet
  facet normal -0.773010 -0.634393 0.000000
    outer loop
      vertex 82.487 2.687 8.000
      vertex 82.960 2.111 0.000
      vertex 82.960 2.111 8.000
    endloop
  endfacet
  facet normal 0.773010 0.634393 0.000000
    outer loop
      vertex 81.006 0.806 8.000
      vertex 81.006 0.806 0.000
      vertex 80.825 1.025 0.000
    endloop
  endfacet
  facet normal 0.773010 0.634393 0.000000
    outer loop
      vertex 81.006 0.806 8.000
      vertex 80.825 1.025 0.000
      vertex 80.825 1.025 8.000
    endloop
  endfacet
  facet normal 0.000000 0.000000 1.000000
    outer loop
      vertex 82.960 2.111 8.000
      vertex 82.487 2.687 8.000
      vertex 80.825 1.025 8.000
    endloop
  endfacet
  facet normal 0.000000 0.000000 1.000000
    outer loop
      vertex 82.960 2.111 8.000
      vertex 80.825 1.025 8.000
      vertex 81.006 0.806 8.000
    endloop
  endfacet
  facet normal 0.000000 0.000000 -1.000000
    outer loop
      vertex 82.487 2.687 0.000
      vertex 82.960 2.111 0.000
      vertex 81.006 0.806 0.000
    endloop
  endfacet
  facet normal 0.000000 0.000000 -1.000000
    outer loop
      vertex 82.487 2.687 0.000
      vertex 81.006 0.806 0.000
      vertex 80.825 1.025 0.000
    endloop
  endfacet
  facet normal -0.881921 -0.471397 0.000000
    outer loop
      vertex 82.960 2.111 8.000
      vertex 82.960 2.111 0.000
      vertex 83.311 1.454 0.000
    endloop
  endfacet
  facet normal -0.881921 -0.471397 0.000000
    outer loop
      vertex 82.960 2.111 8.000
      vertex 83.311 1.454 0.000
      vertex 83.311 1.454 8.000
    endloop
  endfacet
  facet normal 0.881921 0.471397 0.000000
    outer loop
      vertex 81.140 0.555 8.000
      vertex 81.140 0.555 0.000
      vertex 81.006 0.806 0.000
    endloop
  endfacet
  facet normal 0.881921 0.471397 0.000000
    outer loop
      vertex 81.140 0.555 8.000
      vertex 81.006 0.806 0.000
      vertex 81.006 0.806 8.000
    endloop
  endfacet
  facet normal 0.000000 0.000000 1.000000
    outer loop
      vertex 83.311 1.454 8.000
      vertex 82.960 2.111 8.000
      vertex 81.006 0.806 8.000
    endloop
  endfacet
  facet normal 0.000000 0.000000 1.000000
    outer loop
      vertex 83.311 1.454 8.000
      vertex 81.006 0.806 8.000
      vertex 81.140 0.555 8.000
    endloop
  endfacet
  facet normal 0.000000 0.000000 -1.000000
    outer loop
      vertex 82.960 2.111 0.000
      vertex 83.311 1.454 0.000
      vertex 81.140 0.555 0.000
    endloop
  endfacet
  facet normal 0.000000 0.000000 -1.000000
    outer loop
      vertex 82.960 2.111 0.000
      vertex 81.140 0.555 0.000
      vertex 81.006 0.806 0.000
    endloop
  endfacet
  facet normal -0.956940 -0.290285 0.000000
    outer loop
      vertex 83.311 1.454 8.000
      vertex 83.311 1.454 0.000
      vertex 83.527 0.741 0.000
    endloop
  endfacet
  facet normal -0.956940 -0.290285 0.000000
    outer loop
      vertex 83.311 1.454 8.000
      vertex 83.527 0.741 0.000
      vertex 83.527 0.741 8.000
    endloop
  endfacet
  facet normal 0.956940 0.290285 0.000000
    outer loop
      vertex 81.222 0.283 8.000
      vertex 81.222 0.283 0.000
      vertex 81.140 0.555 0.000
    endloop
  endfacet
  facet normal 0.956940 0.290285 0.000000
    outer loop
      vertex 81.222 0.283 8.000
      vertex 81.140 0.555 0.000
      vertex 81.140 0.555 8.000
    endloop
  endfacet
  facet normal 0.000000 0.000000 1.000000
    outer loop
      vertex 83.527 0.741 8.000
      vertex 83.311 1.454 8.000
      vertex 81.140 0.555 8.000
    endloop
  endfacet
  facet normal 0.000000 0.000000 1.000000
    outer loop
      vertex 83.527 0.741 8.000
      vertex 81.140 0.555 8.000
      vertex 81.222 0.283 8.000
    endloop
  endfacet
  facet normal 0.000000 0.000000 -1.000000
    outer loop
      vertex 83.311 1.454 0.000
      vertex 83.527 0.741 0.000
      vertex 81.222 0.283 0.000
    endloop
  endfacet
  facet normal 0.000000 0.000000 -1.000000
    outer loop
      vertex 83.311 1.454 0.000
      vertex 81.222 0.283 0.000
      vertex 81.140 0.555 0.000
    endloop
  endfacet
  facet normal -0.995185 -0.098017 0.000000
    outer loop
      vertex 83.527 0.741 8.000
      vertex 83.527 0.741 0.000
      vertex 83.600 0.000 0.000
    endloop
  endfacet
  facet normal -0.995185 -0.098017 0.000000
    outer loop
      vertex 83.527 0.741 8.000
      vertex 83.600 0.000 0.000
      vertex 83.600 0.000 8.000
    endloop
  endfacet
  facet normal 0.995185 0.098017 0.000000
    outer loop
      vertex 81.250 0.000 8.000
      vertex 81.250 0.000 0.000
      vertex 81.222 0.283 0.000
    endloop
  endfacet
  facet normal 0.995185 0.098017 0.000000
    outer loop
      vertex 81.250 0.000 8.000
      vertex 81.222 0.283 0.000
      vertex 81.222 0.283 8.000
    endloop
  endfacet
  facet normal 0.000000 0.000000 1.000000
    outer loop
      vertex 83.600 0.000 8.000
      vertex 83.527 0.741 8.000
      vertex 81.222 0.283 8.000
    endloop
  endfacet
  facet normal 0.000000 0.000000 1.000000
    outer loop
      vertex 83.600 0.000 8.000
      vertex 81.222 0.283 8.000
      vertex 81.250 0.000 8.000
    endloop
  endfacet
  facet normal 0.000000 0.000000 -1.000000
    outer loop
      vertex 83.527 0.741 0.000
      vertex 83.600 0.000 0.000
      vertex 81.250 0.000 0.000
    endloop
  endfacet
  facet normal 0.000000 0.000000 -1.000000
    outer loop
      vertex 83.527 0.741 0.000
      vertex 81.250 0.000 0.000
      vertex 81.222 0.283 0.000
    endloop
  endfacet
  facet normal -0.995185 0.098017 0.000000
    outer loop
      vertex 83.600 0.000 8.000
      vertex 83.600 0.000 0.000
      vertex 83.527 -0.741 0.000
    endloop
  endfacet
  facet normal -0.995185 0.098017 0.000000
    outer loop
      vertex 83.600 0.000 8.000
      vertex 83.527 -0.741 0.000
      vertex 83.527 -0.741 8.000
    endloop
  endfacet
  facet normal 0.995185 -0.098017 0.000000
    outer loop
      vertex 81.222 -0.283 8.000
      vertex 81.222 -0.283 0.000
      vertex 81.250 0.000 0.000
    endloop
  endfacet
  facet normal 0.995185 -0.098017 0.000000
    outer loop
      vertex 81.222 -0.283 8.000
      vertex 81.250 0.000 0.000
      vertex 81.250 0.000 8.000
    endloop
  endfacet
  facet normal 0.000000 0.000000 1.000000
    outer loop
      vertex 83.527 -0.741 8.000
      vertex 83.600 0.000 8.000
      vertex 81.250 0.000 8.000
    endloop
  endfacet
  facet normal 0.000000 0.000000 1.000000
    outer loop
      vertex 83.527 -0.741 8.000
      vertex 81.250 0.000 8.000
      vertex 81.222 -0.283 8.000
    endloop
  endfacet
  facet normal 0.000000 0.000000 -1.000000
    outer loop
      vertex 83.600 0.000 0.000
      vertex 83.527 -0.741 0.000
      vertex 81.222 -0.283 0.000
    endloop
  endfacet
  facet normal 0.000000 0.000000 -1.000000
    outer loop
      vertex 83.600 0.000 0.000
      vertex 81.222 -0.283 0.000
      vertex 81.250 0.000 0.000
    endloop
  endfacet
  facet normal -0.956940 0.290285 0.000000
    outer loop
      vertex 83.527 -0.741 8.000
      vertex 83.527 -0.741 0.000
      vertex 83.311 -1.454 0.000
    endloop
  endfacet
  facet normal -0.956940 0.290285 0.000000
    outer loop
      vertex 83.527 -0.741 8.000
      vertex 83.311 -1.454 0.000
      vertex 83.311 -1.454 8.000
    endloop
  endfacet
  facet normal 0.956940 -0.290285 0.000000
    outer loop
      vertex 81.140 -0.555 8.000
      vertex 81.140 -0.555 0.000
      vertex 81.222 -0.283 0.000
    endloop
  endfacet
  facet normal 0.956940 -0.290285 0.000000
    outer loop
      vertex 81.140 -0.555 8.000
      vertex 81.222 -0.283 0.000
      vertex 81.222 -0.283 8.000
    endloop
  endfacet
  facet normal 0.000000 0.000000 1.000000
    outer loop
      vertex 83.311 -1.454 8.000
      vertex 83.527 -0.741 8.000
      vertex 81.222 -0.283 8.000
    endloop
  endfacet
  facet normal 0.000000 0.000000 1.000000
    outer loop
      vertex 83.311 -1.454 8.000
      vertex 81.222 -0.283 8.000
      vertex 81.140 -0.555 8.000
    endloop
  endfacet
  facet normal 0.000000 0.000000 -1.000000
    outer loop
      vertex 83.527 -0.741 0.000
      vertex 83.311 -1.454 0.000
      vertex 81.140 -0.555 0.000
    endloop
  endfacet
  facet normal 0.000000 0.000000 -1.000000
    outer loop
      vertex 83.527 -0.741 0.000
      vertex 81.140 -0.555 0.000
      vertex 81.222 -0.283 0.000
    endloop
  endfacet
  facet normal -0.881921 0.471397 0.000000
    outer loop
      vertex 83.311 -1.454 8.000
      vertex 83.311 -1.454 0.000
      vertex 82.960 -2.111 0.000
    endloop
  endfacet
  facet normal -0.881921 0.471397 0.000000
    outer loop
      vertex 83.311 -1.454 8.000
      vertex 82.960 -2.111 0.000
      vertex 82.960 -2.111 8.000
    endloop
  endfacet
  facet normal 0.881921 -0.471397 0.000000
    outer loop
      vertex 81.006 -0.806 8.000
      vertex 81.006 -0.806 0.000
      vertex 81.140 -0.555 0.000
    endloop
  endfacet
  facet normal 0.881921 -0.471397 0.000000
    outer loop
      vertex 81.006 -0.806 8.000
      vertex 81.140 -0.555 0.000
      vertex 81.140 -0.555 8.000
    endloop
  endfacet
  facet normal 0.000000 0.000000 1.000000
    outer loop
      vertex 82.960 -2.111 8.000
      vertex 83.311 -1.454 8.000
      vertex 81.140 -0.555 8.000
    endloop
  endfacet
  facet normal 0.000000 0.000000 1.000000
    outer loop
      vertex 82.960 -2.111 8.000
      vertex 81.140 -0.555 8.000
      vertex 81.006 -0.806 8.000
    endloop
  endfacet
  facet normal 0.000000 0.000000 -1.000000
    outer loop
      vertex 83.311 -1.454 0.000
      vertex 82.960 -2.111 0.000
      vertex 81.006 -0.806 0.000
    endloop
  endfacet
  facet normal 0.000000 0.000000 -1.000000
    outer loop
      vertex 83.311 -1.454 0.000
      vertex 81.006 -0.806 0.000
      vertex 81.140 -0.555 0.000
    endloop
  endfacet
  facet normal -0.773010 0.634393 0.000000
    outer loop
      vertex 82.960 -2.111 8.000
      vertex 82.960 -2.111 0.000
      vertex 82.487 -2.687 0.000
    endloop
  endfacet
  facet normal -0.773010 0.634393 0.000000
    outer loop
      vertex 82.960 -2.111 8.000
      vertex 82.487 -2.687 0.000
      vertex 82.487 -2.687 8.000
    endloop
  endfacet
  facet normal 0.773010 -0.634393 0.000000
    outer loop
      vertex 80.825 -1.025 8.000
      vertex 80.825 -1.025 0.000
      vertex 81.006 -0.806 0.000
    endloop
  endfacet
  facet normal 0.773010 -0.634393 0.000000
    outer loop
      vertex 80.825 -1.025 8.000
      vertex 81.006 -0.806 0.000
      vertex 81.006 -0.806 8.000
    endloop
  endfacet
  facet normal 0.000000 0.000000 1.000000
    outer loop
      vertex 82.487 -2.687 8.000
      vertex 82.960 -2.111 8.000
      vertex 81.006 -0.806 8.000
    endloop
  endfacet
  facet normal 0.000000 0.000000 1.000000
    outer loop
      vertex 82.487 -2.687 8.000
      vertex 81.006 -0.806 8.000
      vertex 80.825 -1.025 8.000
    endloop
  endfacet
  facet normal 0.000000 0.000000 -1.000000
    outer loop
      vertex 82.960 -2.111 0.000
      vertex 82.487 -2.687 0.000
      vertex 80.825 -1.025 0.000
    endloop
  endfacet
  facet normal 0.000000 0.000000 -1.000000
    outer loop
      vertex 82.960 -2.111 0.000
      vertex 80.825 -1.025 0.000
      vertex 81.006 -0.806 0.000
    endloop
  endfacet
  facet normal -0.634393 0.773010 0.000000
    outer loop
      vertex 82.487 -2.687 8.000
      vertex 82.487 -2.687 0.000
      vertex 81.911 -3.160 0.000
    endloop
  endfacet
  facet normal -0.634393 0.773010 0.000000
    outer loop
      vertex 82.487 -2.687 8.000
      vertex 81.911 -3.160 0.000
      vertex 81.911 -3.160 8.000
    endloop
  endfacet
  facet normal 0.634393 -0.773010 0.000000
    outer loop
      vertex 80.606 -1.206 8.000
      vertex 80.606 -1.206 0.000
      vertex 80.825 -1.025 0.000
    endloop
  endfacet
  facet normal 0.634393 -0.773010 0.000000
    outer loop
      vertex 80.606 -1.206 8.000
      vertex 80.825 -1.025 0.000
      vertex 80.825 -1.025 8.000
    endloop
  endfacet
  facet normal 0.000000 0.000000 1.000000
    outer loop
      vertex 81.911 -3.160 8.000
      vertex 82.487 -2.687 8.000
      vertex 80.825 -1.025 8.000
    endloop
  endfacet
  facet normal 0.000000 0.000000 1.000000
    outer loop
      vertex 81.911 -3.160 8.000
      vertex 80.825 -1.025 8.000
      vertex 80.606 -1.206 8.000
    endloop
  endfacet
  facet normal 0.000000 0.000000 -1.000000
    outer loop
      vertex 82.487 -2.687 0.000
      vertex 81.911 -3.160 0.000
      vertex 80.606 -1.206 0.000
    endloop
  endfacet
  facet normal 0.000000 0.000000 -1.000000
    outer loop
      vertex 82.487 -2.687 0.000
      vertex 80.606 -1.206 0.000
      vertex 80.825 -1.025 0.000
    endloop
  endfacet
  facet normal -0.471397 0.881921 0.000000
    outer loop
      vertex 81.911 -3.160 8.000
      vertex 81.911 -3.160 0.000
      vertex 81.254 -3.511 0.000
    endloop
  endfacet
  facet normal -0.471397 0.881921 0.000000
    outer loop
      vertex 81.911 -3.160 8.000
      vertex 81.254 -3.511 0.000
      vertex 81.254 -3.511 8.000
    endloop
  endfacet
  facet normal 0.471397 -0.881921 0.000000
    outer loop
      vertex 80.355 -1.340 8.000
      vertex 80.355 -1.340 0.000
      vertex 80.606 -1.206 0.000
    endloop
  endfacet
  facet normal 0.471397 -0.881921 0.000000
    outer loop
      vertex 80.355 -1.340 8.000
      vertex 80.606 -1.206 0.000
      vertex 80.606 -1.206 8.000
    endloop
  endfacet
  facet normal 0.000000 0.000000 1.000000
    outer loop
      vertex 81.254 -3.511 8.000
      vertex 81.911 -3.160 8.000
      vertex 80.606 -1.206 8.000
    endloop
  endfacet
  facet normal 0.000000 0.000000 1.000000
    outer loop
      vertex 81.254 -3.511 8.000
      vertex 80.606 -1.206 8.000
      vertex 80.355 -1.340 8.000
    endloop
  endfacet
  facet normal 0.000000 0.000000 -1.000000
    outer loop
      vertex 81.911 -3.160 0.000
      vertex 81.254 -3.511 0.000
      vertex 80.355 -1.340 0.000
    endloop
  endfacet
  facet normal 0.000000 0.000000 -1.000000
    outer loop
      vertex 81.911 -3.160 0.000
      vertex 80.355 -1.340 0.000
      vertex 80.606 -1.206 0.000
    endloop
  endfacet
  facet normal -0.290285 0.956940 0.000000
    outer loop
      vertex 81.254 -3.511 8.000
      vertex 81.254 -3.511 0.000
      vertex 80.541 -3.727 0.000
    endloop
  endfacet
  facet normal -0.290285 0.956940 0.000000
    outer loop
      vertex 81.254 -3.511 8.000
      vertex 80.541 -3.727 0.000
      vertex 80.541 -3.727 8.000
    endloop
  endfacet
  facet normal 0.290285 -0.956940 0.000000
    outer loop
      vertex 80.083 -1.422 8.000
      vertex 80.083 -1.422 0.000
      vertex 80.355 -1.340 0.000
    endloop
  endfacet
  facet normal 0.290285 -0.956940 0.000000
    outer loop
      vertex 80.083 -1.422 8.000
      vertex 80.355 -1.340 0.000
      vertex 80.355 -1.340 8.000
    endloop
  endfacet
  facet normal 0.000000 0.000000 1.000000
    outer loop
      vertex 80.541 -3.727 8.000
      vertex 81.254 -3.511 8.000
      vertex 80.355 -1.340 8.000
    endloop
  endfacet
  facet normal 0.000000 0.000000 1.000000
    outer loop
      vertex 80.541 -3.727 8.000
      vertex 80.355 -1.340 8.000
      vertex 80.083 -1.422 8.000
    endloop
  endfacet
  facet normal 0.000000 0.000000 -1.000000
    outer loop
      vertex 81.254 -3.511 0.000
      vertex 80.541 -3.727 0.000
      vertex 80.083 -1.422 0.000
    endloop
  endfacet
  facet normal 0.000000 0.000000 -1.000000
    outer loop
      vertex 81.254 -3.511 0.000
      vertex 80.083 -1.422 0.000
      vertex 80.355 -1.340 0.000
    endloop
  endfacet
  facet normal -0.098017 0.995185 0.000000
    outer loop
      vertex 80.541 -3.727 8.000
      vertex 80.541 -3.727 0.000
      vertex 79.800 -3.800 0.000
    endloop
  endfacet
  facet normal -0.098017 0.995185 0.000000
    outer loop
      vertex 80.541 -3.727 8.000
      vertex 79.800 -3.800 0.000
      vertex 79.800 -3.800 8.000
    endloop
  endfacet
  facet normal 0.098017 -0.995185 0.000000
    outer loop
      vertex 79.800 -1.450 8.000
      vertex 79.800 -1.450 0.000
      vertex 80.083 -1.422 0.000
    endloop
  endfacet
  facet normal 0.098017 -0.995185 0.000000
    outer loop
      vertex 79.800 -1.450 8.000
      vertex 80.083 -1.422 0.000
      vertex 80.083 -1.422 8.000
    endloop
  endfacet
  facet normal 0.000000 0.000000 1.000000
    outer loop
      vertex 79.800 -3.800 8.000
      vertex 80.541 -3.727 8.000
      vertex 80.083 -1.422 8.000
    endloop
  endfacet
  facet normal 0.000000 0.000000 1.000000
    outer loop
      vertex 79.800 -3.800 8.000
      vertex 80.083 -1.422 8.000
      vertex 79.800 -1.450 8.000
    endloop
  endfacet
  facet normal 0.000000 0.000000 -1.000000
    outer loop
      vertex 80.541 -3.727 0.000
      vertex 79.800 -3.800 0.000
      vertex 79.800 -1.450 0.000
    endloop
  endfacet
  facet normal 0.000000 0.000000 -1.000000
    outer loop
      vertex 80.541 -3.727 0.000
      vertex 79.800 -1.450 0.000
      vertex 80.083 -1.422 0.000
    endloop
  endfacet
  facet normal 0.098017 0.995185 0.000000
    outer loop
      vertex 79.800 -3.800 8.000
      vertex 79.800 -3.800 0.000
      vertex 79.059 -3.727 0.000
    endloop
  endfacet
  facet normal 0.098017 0.995185 0.000000
    outer loop
      vertex 79.800 -3.800 8.000
      vertex 79.059 -3.727 0.000
      vertex 79.059 -3.727 8.000
    endloop
  endfacet
  facet normal -0.098017 -0.995185 0.000000
    outer loop
      vertex 79.517 -1.422 8.000
      vertex 79.517 -1.422 0.000
      vertex 79.800 -1.450 0.000
    endloop
  endfacet
  facet normal -0.098017 -0.995185 0.000000
    outer loop
      vertex 79.517 -1.422 8.000
      vertex 79.800 -1.450 0.000
      vertex 79.800 -1.450 8.000
    endloop
  endfacet
  facet normal 0.000000 0.000000 1.000000
    outer loop
      vertex 79.059 -3.727 8.000
      vertex 79.800 -3.800 8.000
      vertex 79.800 -1.450 8.000
    endloop
  endfacet
  facet normal 0.000000 0.000000 1.000000
    outer loop
      vertex 79.059 -3.727 8.000
      vertex 79.800 -1.450 8.000
      vertex 79.517 -1.422 8.000
    endloop
  endfacet
  facet normal 0.000000 -0.000000 -1.000000
    outer loop
      vertex 79.800 -3.800 0.000
      vertex 79.059 -3.727 0.000
      vertex 79.517 -1.422 0.000
    endloop
  endfacet
  facet normal 0.000000 0.000000 -1.000000
    outer loop
      vertex 79.800 -3.800 0.000
      vertex 79.517 -1.422 0.000
      vertex 79.800 -1.450 0.000
    endloop
  endfacet
  facet normal 0.290285 0.956940 0.000000
    outer loop
      vertex 79.059 -3.727 8.000
      vertex 79.059 -3.727 0.000
      vertex 78.346 -3.511 0.000
    endloop
  endfacet
  facet normal 0.290285 0.956940 0.000000
    outer loop
      vertex 79.059 -3.727 8.000
      vertex 78.346 -3.511 0.000
      vertex 78.346 -3.511 8.000
    endloop
  endfacet
  facet normal -0.290285 -0.956940 0.000000
    outer loop
      vertex 79.245 -1.340 8.000
      vertex 79.245 -1.340 0.000
      vertex 79.517 -1.422 0.000
    endloop
  endfacet
  facet normal -0.290285 -0.956940 0.000000
    outer loop
      vertex 79.245 -1.340 8.000
      vertex 79.517 -1.422 0.000
      vertex 79.517 -1.422 8.000
    endloop
  endfacet
  facet normal 0.000000 0.000000 1.000000
    outer loop
      vertex 78.346 -3.511 8.000
      vertex 79.059 -3.727 8.000
      vertex 79.517 -1.422 8.000
    endloop
  endfacet
  facet normal 0.000000 0.000000 1.000000
    outer loop
      vertex 78.346 -3.511 8.000
      vertex 79.517 -1.422 8.000
      vertex 79.245 -1.340 8.000
    endloop
  endfacet
  facet normal 0.000000 0.000000 -1.000000
    outer loop
      vertex 79.059 -3.727 0.000
      vertex 78.346 -3.511 0.000
      vertex 79.245 -1.340 0.000
    endloop
  endfacet
  facet normal 0.000000 0.000000 -1.000000
    outer loop
      vertex 79.059 -3.727 0.000
      vertex 79.245 -1.340 0.000
      vertex 79.517 -1.422 0.000
    endloop
  endfacet
  facet normal 0.471397 0.881921 0.000000
    outer loop
      vertex 78.346 -3.511 8.000
      vertex 78.346 -3.511 0.000
      vertex 77.689 -3.160 0.000
    endloop
  endfacet
  facet normal 0.471397 0.881921 0.000000
    outer loop
      vertex 78.346 -3.511 8.000
      vertex 77.689 -3.160 0.000
      vertex 77.689 -3.160 8.000
    endloop
  endfacet
  facet normal -0.471397 -0.881921 0.000000
    outer loop
      vertex 78.994 -1.206 8.000
      vertex 78.994 -1.206 0.000
      vertex 79.245 -1.340 0.000
    endloop
  endfacet
  facet normal -0.471397 -0.881921 0.000000
    outer loop
      vertex 78.994 -1.206 8.000
      vertex 79.245 -1.340 0.000
      vertex 79.245 -1.340 8.000
    endloop
  endfacet
  facet normal 0.000000 0.000000 1.000000
    outer loop
      vertex 77.689 -3.160 8.000
      vertex 78.346 -3.511 8.000
      vertex 79.245 -1.340 8.000
    endloop
  endfacet
  facet normal 0.000000 0.000000 1.000000
    outer loop
      vertex 77.689 -3.160 8.000
      vertex 79.245 -1.340 8.000
      vertex 78.994 -1.206 8.000
    endloop
  endfacet
  facet normal 0.000000 0.000000 -1.000000
    outer loop
      vertex 78.346 -3.511 0.000
      vertex 77.689 -3.160 0.000
      vertex 78.994 -1.206 0.000
    endloop
  endfacet
  facet normal 0.000000 0.000000 -1.000000
    outer loop
      vertex 78.346 -3.511 0.000
      vertex 78.994 -1.206 0.000
      vertex 79.245 -1.340 0.000
    endloop
  endfacet
  facet normal 0.634393 0.773010 0.000000
    outer loop
      vertex 77.689 -3.160 8.000
      vertex 77.689 -3.160 0.000
      vertex 77.113 -2.687 0.000
    endloop
  endfacet
  facet normal 0.634393 0.773010 0.000000
    outer loop
      vertex 77.689 -3.160 8.000
      vertex 77.113 -2.687 0.000
      vertex 77.113 -2.687 8.000
    endloop
  endfacet
  facet normal -0.634393 -0.773010 0.000000
    outer loop
      vertex 78.775 -1.025 8.000
      vertex 78.775 -1.025 0.000
      vertex 78.994 -1.206 0.000
    endloop
  endfacet
  facet normal -0.634393 -0.773010 0.000000
    outer loop
      vertex 78.775 -1.025 8.000
      vertex 78.994 -1.206 0.000
      vertex 78.994 -1.206 8.000
    endloop
  endfacet
  facet normal 0.000000 0.000000 1.000000
    outer loop
      vertex 77.113 -2.687 8.000
      vertex 77.689 -3.160 8.000
      vertex 78.994 -1.206 8.000
    endloop
  endfacet
  facet normal 0.000000 0.000000 1.000000
    outer loop
      vertex 77.113 -2.687 8.000
      vertex 78.994 -1.206 8.000
      vertex 78.775 -1.025 8.000
    endloop
  endfacet
  facet normal 0.000000 0.000000 -1.000000
    outer loop
      vertex 77.689 -3.160 0.000
      vertex 77.113 -2.687 0.000
      vertex 78.775 -1.025 0.000
    endloop
  endfacet
  facet normal 0.000000 0.000000 -1.000000
    outer loop
      vertex 77.689 -3.160 0.000
      vertex 78.775 -1.025 0.000
      vertex 78.994 -1.206 0.000
    endloop
  endfacet
  facet normal 0.773010 0.634393 0.000000
    outer loop
      vertex 77.113 -2.687 8.000
      vertex 77.113 -2.687 0.000
      vertex 76.640 -2.111 0.000
    endloop
  endfacet
  facet normal 0.773010 0.634393 0.000000
    outer loop
      vertex 77.113 -2.687 8.000
      vertex 76.640 -2.111 0.000
      vertex 76.640 -2.111 8.000
    endloop
  endfacet
  facet normal -0.773010 -0.634393 0.000000
    outer loop
      vertex 78.594 -0.806 8.000
      vertex 78.594 -0.806 0.000
      vertex 78.775 -1.025 0.000
    endloop
  endfacet
  facet normal -0.773010 -0.634393 0.000000
    outer loop
      vertex 78.594 -0.806 8.000
      vertex 78.775 -1.025 0.000
      vertex 78.775 -1.025 8.000
    endloop
  endfacet
  facet normal 0.000000 0.000000 1.000000
    outer loop
      vertex 76.640 -2.111 8.000
      vertex 77.113 -2.687 8.000
      vertex 78.775 -1.025 8.000
    endloop
  endfacet
  facet normal 0.000000 0.000000 1.000000
    outer loop
      vertex 76.640 -2.111 8.000
      vertex 78.775 -1.025 8.000
      vertex 78.594 -0.806 8.000
    endloop
  endfacet
  facet normal 0.000000 0.000000 -1.000000
    outer loop
      vertex 77.113 -2.687 0.000
      vertex 76.640 -2.111 0.000
      vertex 78.594 -0.806 0.000
    endloop
  endfacet
  facet normal 0.000000 0.000000 -1.000000
    outer loop
      vertex 77.113 -2.687 0.000
      vertex 78.594 -0.806 0.000
      vertex 78.775 -1.025 0.000
    endloop
  endfacet
  facet normal 0.881921 0.471397 0.000000
    outer loop
      vertex 76.640 -2.111 8.000
      vertex 76.640 -2.111 0.000
      vertex 76.289 -1.454 0.000
    endloop
  endfacet
  facet normal 0.881921 0.471397 0.000000
    outer loop
      vertex 76.640 -2.111 8.000
      vertex 76.289 -1.454 0.000
      vertex 76.289 -1.454 8.000
    endloop
  endfacet
  facet normal -0.881921 -0.471397 0.000000
    outer loop
      vertex 78.460 -0.555 8.000
      vertex 78.460 -0.555 0.000
      vertex 78.594 -0.806 0.000
    endloop
  endfacet
  facet normal -0.881921 -0.471397 0.000000
    outer loop
      vertex 78.460 -0.555 8.000
      vertex 78.594 -0.806 0.000
      vertex 78.594 -0.806 8.000
    endloop
  endfacet
  facet normal 0.000000 0.000000 1.000000
    outer loop
      vertex 76.289 -1.454 8.000
      vertex 76.640 -2.111 8.000
      vertex 78.594 -0.806 8.000
    endloop
  endfacet
  facet normal 0.000000 0.000000 1.000000
    outer loop
      vertex 76.289 -1.454 8.000
      vertex 78.594 -0.806 8.000
      vertex 78.460 -0.555 8.000
    endloop
  endfacet
  facet normal 0.000000 0.000000 -1.000000
    outer loop
      vertex 76.640 -2.111 0.000
      vertex 76.289 -1.454 0.000
      vertex 78.460 -0.555 0.000
    endloop
  endfacet
  facet normal 0.000000 0.000000 -1.000000
    outer loop
      vertex 76.640 -2.111 0.000
      vertex 78.460 -0.555 0.000
      vertex 78.594 -0.806 0.000
    endloop
  endfacet
  facet normal 0.956940 0.290285 0.000000
    outer loop
      vertex 76.289 -1.454 8.000
      vertex 76.289 -1.454 0.000
      vertex 76.073 -0.741 0.000
    endloop
  endfacet
  facet normal 0.956940 0.290285 0.000000
    outer loop
      vertex 76.289 -1.454 8.000
      vertex 76.073 -0.741 0.000
      vertex 76.073 -0.741 8.000
    endloop
  endfacet
  facet normal -0.956940 -0.290285 0.000000
    outer loop
      vertex 78.378 -0.283 8.000
      vertex 78.378 -0.283 0.000
      vertex 78.460 -0.555 0.000
    endloop
  endfacet
  facet normal -0.956940 -0.290285 0.000000
    outer loop
      vertex 78.378 -0.283 8.000
      vertex 78.460 -0.555 0.000
      vertex 78.460 -0.555 8.000
    endloop
  endfacet
  facet normal 0.000000 0.000000 1.000000
    outer loop
      vertex 76.073 -0.741 8.000
      vertex 76.289 -1.454 8.000
      vertex 78.460 -0.555 8.000
    endloop
  endfacet
  facet normal 0.000000 0.000000 1.000000
    outer loop
      vertex 76.073 -0.741 8.000
      vertex 78.460 -0.555 8.000
      vertex 78.378 -0.283 8.000
    endloop
  endfacet
  facet normal 0.000000 0.000000 -1.000000
    outer loop
      vertex 76.289 -1.454 0.000
      vertex 76.073 -0.741 0.000
      vertex 78.378 -0.283 0.000
    endloop
  endfacet
  facet normal 0.000000 0.000000 -1.000000
    outer loop
      vertex 76.289 -1.454 0.000
      vertex 78.378 -0.283 0.000
      vertex 78.460 -0.555 0.000
    endloop
  endfacet
  facet normal 0.995185 0.098017 0.000000
    outer loop
      vertex 76.073 -0.741 8.000
      vertex 76.073 -0.741 0.000
      vertex 76.000 -0.000 0.000
    endloop
  endfacet
  facet normal 0.995185 0.098017 0.000000
    outer loop
      vertex 76.073 -0.741 8.000
      vertex 76.000 -0.000 0.000
      vertex 76.000 -0.000 8.000
    endloop
  endfacet
  facet normal -0.995185 -0.098017 0.000000
    outer loop
      vertex 78.350 -0.000 8.000
      vertex 78.350 -0.000 0.000
      vertex 78.378 -0.283 0.000
    endloop
  endfacet
  facet normal -0.995185 -0.098017 0.000000
    outer loop
      vertex 78.350 -0.000 8.000
      vertex 78.378 -0.283 0.000
      vertex 78.378 -0.283 8.000
    endloop
  endfacet
  facet normal 0.000000 0.000000 1.000000
    outer loop
      vertex 76.000 -0.000 8.000
      vertex 76.073 -0.741 8.000
      vertex 78.378 -0.283 8.000
    endloop
  endfacet
  facet normal 0.000000 0.000000 1.000000
    outer loop
      vertex 76.000 -0.000 8.000
      vertex 78.378 -0.283 8.000
      vertex 78.350 -0.000 8.000
    endloop
  endfacet
  facet normal 0.000000 0.000000 -1.000000
    outer loop
      vertex 76.073 -0.741 0.000
      vertex 76.000 -0.000 0.000
      vertex 78.350 -0.000 0.000
    endloop
  endfacet
  facet normal 0.000000 0.000000 -1.000000
    outer loop
      vertex 76.073 -0.741 0.000
      vertex 78.350 -0.000 0.000
      vertex 78.378 -0.283 0.000
    endloop
  endfacet
  facet normal 0.995185 -0.098017 0.000000
    outer loop
      vertex 76.000 -0.000 8.000
      vertex 76.000 -0.000 0.000
      vertex 76.073 0.741 0.000
    endloop
  endfacet
  facet normal 0.995185 -0.098017 0.000000
    outer loop
      vertex 76.000 -0.000 8.000
      vertex 76.073 0.741 0.000
      vertex 76.073 0.741 8.000
    endloop
  endfacet
  facet normal -0.995185 0.098017 0.000000
    outer loop
      vertex 78.378 0.283 8.000
      vertex 78.378 0.283 0.000
      vertex 78.350 -0.000 0.000
    endloop
  endfacet
  facet normal -0.995185 0.098017 0.000000
    outer loop
      vertex 78.378 0.283 8.000
      vertex 78.350 -0.000 0.000
      vertex 78.350 -0.000 8.000
    endloop
  endfacet
  facet normal 0.000000 0.000000 1.000000
    outer loop
      vertex 76.073 0.741 8.000
      vertex 76.000 -0.000 8.000
      vertex 78.350 -0.000 8.000
    endloop
  endfacet
  facet normal 0.000000 0.000000 1.000000
    outer loop
      vertex 76.073 0.741 8.000
      vertex 78.350 -0.000 8.000
      vertex 78.378 0.283 8.000
    endloop
  endfacet
  facet normal 0.000000 0.000000 -1.000000
    outer loop
      vertex 76.000 -0.000 0.000
      vertex 76.073 0.741 0.000
      vertex 78.378 0.283 0.000
    endloop
  endfacet
  facet normal 0.000000 0.000000 -1.000000
    outer loop
      vertex 76.000 -0.000 0.000
      vertex 78.378 0.283 0.000
      vertex 78.350 -0.000 0.000
    endloop
  endfacet
  facet normal 0.956940 -0.290285 0.000000
    outer loop
      vertex 76.073 0.741 8.000
      vertex 76.073 0.741 0.000
      vertex 76.289 1.454 0.000
    endloop
  endfacet
  facet normal 0.956940 -0.290285 0.000000
    outer loop
      vertex 76.073 0.741 8.000
      vertex 76.289 1.454 0.000
      vertex 76.289 1.454 8.000
    endloop
  endfacet
  facet normal -0.956940 0.290285 0.000000
    outer loop
      vertex 78.460 0.555 8.000
      vertex 78.460 0.555 0.000
      vertex 78.378 0.283 0.000
    endloop
  endfacet
  facet normal -0.956940 0.290285 0.000000
    outer loop
      vertex 78.460 0.555 8.000
      vertex 78.378 0.283 0.000
      vertex 78.378 0.283 8.000
    endloop
  endfacet
  facet normal 0.000000 0.000000 1.000000
    outer loop
      vertex 76.289 1.454 8.000
      vertex 76.073 0.741 8.000
      vertex 78.378 0.283 8.000
    endloop
  endfacet
  facet normal 0.000000 0.000000 1.000000
    outer loop
      vertex 76.289 1.454 8.000
      vertex 78.378 0.283 8.000
      vertex 78.460 0.555 8.000
    endloop
  endfacet
  facet normal 0.000000 0.000000 -1.000000
    outer loop
      vertex 76.073 0.741 0.000
      vertex 76.289 1.454 0.000
      vertex 78.460 0.555 0.000
    endloop
  endfacet
  facet normal 0.000000 0.000000 -1.000000
    outer loop
      vertex 76.073 0.741 0.000
      vertex 78.460 0.555 0.000
      vertex 78.378 0.283 0.000
    endloop
  endfacet
  facet normal 0.881921 -0.471397 0.000000
    outer loop
      vertex 76.289 1.454 8.000
      vertex 76.289 1.454 0.000
      vertex 76.640 2.111 0.000
    endloop
  endfacet
  facet normal 0.881921 -0.471397 0.000000
    outer loop
      vertex 76.289 1.454 8.000
      vertex 76.640 2.111 0.000
      vertex 76.640 2.111 8.000
    endloop
  endfacet
  facet normal -0.881921 0.471397 0.000000
    outer loop
      vertex 78.594 0.806 8.000
      vertex 78.594 0.806 0.000
      vertex 78.460 0.555 0.000
    endloop
  endfacet
  facet normal -0.881921 0.471397 0.000000
    outer loop
      vertex 78.594 0.806 8.000
      vertex 78.460 0.555 0.000
      vertex 78.460 0.555 8.000
    endloop
  endfacet
  facet normal 0.000000 0.000000 1.000000
    outer loop
      vertex 76.640 2.111 8.000
      vertex 76.289 1.454 8.000
      vertex 78.460 0.555 8.000
    endloop
  endfacet
  facet normal 0.000000 0.000000 1.000000
    outer loop
      vertex 76.640 2.111 8.000
      vertex 78.460 0.555 8.000
      vertex 78.594 0.806 8.000
    endloop
  endfacet
  facet normal 0.000000 0.000000 -1.000000
    outer loop
      vertex 76.289 1.454 0.000
      vertex 76.640 2.111 0.000
      vertex 78.594 0.806 0.000
    endloop
  endfacet
  facet normal 0.000000 0.000000 -1.000000
    outer loop
      vertex 76.289 1.454 0.000
      vertex 78.594 0.806 0.000
      vertex 78.460 0.555 0.000
    endloop
  endfacet
  facet normal 0.773010 -0.634393 0.000000
    outer loop
      vertex 76.640 2.111 8.000
      vertex 76.640 2.111 0.000
      vertex 77.113 2.687 0.000
    endloop
  endfacet
  facet normal 0.773010 -0.634393 0.000000
    outer loop
      vertex 76.640 2.111 8.000
      vertex 77.113 2.687 0.000
      vertex 77.113 2.687 8.000
    endloop
  endfacet
  facet normal -0.773010 0.634393 0.000000
    outer loop
      vertex 78.775 1.025 8.000
      vertex 78.775 1.025 0.000
      vertex 78.594 0.806 0.000
    endloop
  endfacet
  facet normal -0.773010 0.634393 0.000000
    outer loop
      vertex 78.775 1.025 8.000
      vertex 78.594 0.806 0.000
      vertex 78.594 0.806 8.000
    endloop
  endfacet
  facet normal 0.000000 0.000000 1.000000
    outer loop
      vertex 77.113 2.687 8.000
      vertex 76.640 2.111 8.000
      vertex 78.594 0.806 8.000
    endloop
  endfacet
  facet normal 0.000000 0.000000 1.000000
    outer loop
      vertex 77.113 2.687 8.000
      vertex 78.594 0.806 8.000
      vertex 78.775 1.025 8.000
    endloop
  endfacet
  facet normal 0.000000 0.000000 -1.000000
    outer loop
      vertex 76.640 2.111 0.000
      vertex 77.113 2.687 0.000
      vertex 78.775 1.025 0.000
    endloop
  endfacet
  facet normal 0.000000 0.000000 -1.000000
    outer loop
      vertex 76.640 2.111 0.000
      vertex 78.775 1.025 0.000
      vertex 78.594 0.806 0.000
    endloop
  endfacet
  facet normal 0.634393 -0.773010 0.000000
    outer loop
      vertex 77.113 2.687 8.000
      vertex 77.113 2.687 0.000
      vertex 77.689 3.160 0.000
    endloop
  endfacet
  facet normal 0.634393 -0.773010 0.000000
    outer loop
      vertex 77.113 2.687 8.000
      vertex 77.689 3.160 0.000
      vertex 77.689 3.160 8.000
    endloop
  endfacet
  facet normal -0.634393 0.773010 0.000000
    outer loop
      vertex 78.994 1.206 8.000
      vertex 78.994 1.206 0.000
      vertex 78.775 1.025 0.000
    endloop
  endfacet
  facet normal -0.634393 0.773010 0.000000
    outer loop
      vertex 78.994 1.206 8.000
      vertex 78.775 1.025 0.000
      vertex 78.775 1.025 8.000
    endloop
  endfacet
  facet normal 0.000000 0.000000 1.000000
    outer loop
      vertex 77.689 3.160 8.000
      vertex 77.113 2.687 8.000
      vertex 78.775 1.025 8.000
    endloop
  endfacet
  facet normal 0.000000 0.000000 1.000000
    outer loop
      vertex 77.689 3.160 8.000
      vertex 78.775 1.025 8.000
      vertex 78.994 1.206 8.000
    endloop
  endfacet
  facet normal 0.000000 0.000000 -1.000000
    outer loop
      vertex 77.113 2.687 0.000
      vertex 77.689 3.160 0.000
      vertex 78.994 1.206 0.000
    endloop
  endfacet
  facet normal 0.000000 0.000000 -1.000000
    outer loop
      vertex 77.113 2.687 0.000
      vertex 78.994 1.206 0.000
      vertex 78.775 1.025 0.000
    endloop
  endfacet
  facet normal 0.471397 -0.881921 0.000000
    outer loop
      vertex 77.689 3.160 8.000
      vertex 77.689 3.160 0.000
      vertex 78.346 3.511 0.000
    endloop
  endfacet
  facet normal 0.471397 -0.881921 0.000000
    outer loop
      vertex 77.689 3.160 8.000
      vertex 78.346 3.511 0.000
      vertex 78.346 3.511 8.000
    endloop
  endfacet
  facet normal -0.471397 0.881921 -0.000000
    outer loop
      vertex 79.245 1.340 8.000
      vertex 79.245 1.340 0.000
      vertex 78.994 1.206 0.000
    endloop
  endfacet
  facet normal -0.471397 0.881921 0.000000
    outer loop
      vertex 79.245 1.340 8.000
      vertex 78.994 1.206 0.000
      vertex 78.994 1.206 8.000
    endloop
  endfacet
  facet normal 0.000000 0.000000 1.000000
    outer loop
      vertex 78.346 3.511 8.000
      vertex 77.689 3.160 8.000
      vertex 78.994 1.206 8.000
    endloop
  endfacet
  facet normal 0.000000 0.000000 1.000000
    outer loop
      vertex 78.346 3.511 8.000
      vertex 78.994 1.206 8.000
      vertex 79.245 1.340 8.000
    endloop
  endfacet
  facet normal 0.000000 0.000000 -1.000000
    outer loop
      vertex 77.689 3.160 0.000
      vertex 78.346 3.511 0.000
      vertex 79.245 1.340 0.000
    endloop
  endfacet
  facet normal 0.000000 0.000000 -1.000000
    outer loop
      vertex 77.689 3.160 0.000
      vertex 79.245 1.340 0.000
      vertex 78.994 1.206 0.000
    endloop
  endfacet
  facet normal 0.290285 -0.956940 0.000000
    outer loop
      vertex 78.346 3.511 8.000
      vertex 78.346 3.511 0.000
      vertex 79.059 3.727 0.000
    endloop
  endfacet
  facet normal 0.290285 -0.956940 0.000000
    outer loop
      vertex 78.346 3.511 8.000
      vertex 79.059 3.727 0.000
      vertex 79.059 3.727 8.000
    endloop
  endfacet
  facet normal -0.290285 0.956940 0.000000
    outer loop
      vertex 79.517 1.422 8.000
      vertex 79.517 1.422 0.000
      vertex 79.245 1.340 0.000
    endloop
  endfacet
  facet normal -0.290285 0.956940 -0.000000
    outer loop
      vertex 79.517 1.422 8.000
      vertex 79.245 1.340 0.000
      vertex 79.245 1.340 8.000
    endloop
  endfacet
  facet normal 0.000000 0.000000 1.000000
    outer loop
      vertex 79.059 3.727 8.000
      vertex 78.346 3.511 8.000
      vertex 79.245 1.340 8.000
    endloop
  endfacet
  facet normal 0.000000 0.000000 1.000000
    outer loop
      vertex 79.059 3.727 8.000
      vertex 79.245 1.340 8.000
      vertex 79.517 1.422 8.000
    endloop
  endfacet
  facet normal 0.000000 0.000000 -1.000000
    outer loop
      vertex 78.346 3.511 0.000
      vertex 79.059 3.727 0.000
      vertex 79.517 1.422 0.000
    endloop
  endfacet
  facet normal 0.000000 0.000000 -1.000000
    outer loop
      vertex 78.346 3.511 0.000
      vertex 79.517 1.422 0.000
      vertex 79.245 1.340 0.000
    endloop
  endfacet
  facet normal 0.098017 -0.995185 0.000000
    outer loop
      vertex 79.059 3.727 8.000
      vertex 79.059 3.727 0.000
      vertex 79.800 3.800 0.000
    endloop
  endfacet
  facet normal 0.098017 -0.995185 0.000000
    outer loop
      vertex 79.059 3.727 8.000
      vertex 79.800 3.800 0.000
      vertex 79.800 3.800 8.000
    endloop
  endfacet
  facet normal -0.098017 0.995185 0.000000
    outer loop
      vertex 79.800 1.450 8.000
      vertex 79.800 1.450 0.000
      vertex 79.517 1.422 0.000
    endloop
  endfacet
  facet normal -0.098017 0.995185 0.000000
    outer loop
      vertex 79.800 1.450 8.000
      vertex 79.517 1.422 0.000
      vertex 79.517 1.422 8.000
    endloop
  endfacet
  facet normal 0.000000 0.000000 1.000000
    outer loop
      vertex 79.800 3.800 8.000
      vertex 79.059 3.727 8.000
      vertex 79.517 1.422 8.000
    endloop
  endfacet
  facet normal 0.000000 0.000000 1.000000
    outer loop
      vertex 79.800 3.800 8.000
      vertex 79.517 1.422 8.000
      vertex 79.800 1.450 8.000
    endloop
  endfacet
  facet normal 0.000000 0.000000 -1.000000
    outer loop
      vertex 79.059 3.727 0.000
      vertex 79.800 3.800 0.000
      vertex 79.800 1.450 0.000
    endloop
  endfacet
  facet normal 0.000000 0.000000 -1.000000
    outer loop
      vertex 79.059 3.727 0.000
      vertex 79.800 1.450 0.000
      vertex 79.517 1.422 0.000
    endloop
  endfacet
endsolid food_caddy_k1se_accessories_everything_v2
