solid food_caddy_k1se_accessories_everything_bed_centered
  facet normal 0.000000 -1.000000 0.000000
    outer loop
      vertex 34.000 24.850 0.000
      vertex 190.000 24.850 0.000
      vertex 190.000 24.850 2.800
    endloop
  endfacet
  facet normal 0.000000 -1.000000 0.000000
    outer loop
      vertex 34.000 24.850 0.000
      vertex 190.000 24.850 2.800
      vertex 34.000 24.850 2.800
    endloop
  endfacet
  facet normal 0.000000 1.000000 0.000000
    outer loop
      vertex 186.000 31.850 0.000
      vertex 38.000 31.850 0.000
      vertex 38.000 31.850 2.800
    endloop
  endfacet
  facet normal 0.000000 1.000000 0.000000
    outer loop
      vertex 186.000 31.850 0.000
      vertex 38.000 31.850 2.800
      vertex 186.000 31.850 2.800
    endloop
  endfacet
  facet normal 0.000000 0.000000 1.000000
    outer loop
      vertex 34.000 24.850 2.800
      vertex 190.000 24.850 2.800
      vertex 186.000 31.850 2.800
    endloop
  endfacet
  facet normal 0.000000 0.000000 1.000000
    outer loop
      vertex 34.000 24.850 2.800
      vertex 186.000 31.850 2.800
      vertex 38.000 31.850 2.800
    endloop
  endfacet
  facet normal 0.000000 0.000000 -1.000000
    outer loop
      vertex 190.000 24.850 0.000
      vertex 34.000 24.850 0.000
      vertex 38.000 31.850 0.000
    endloop
  endfacet
  facet normal 0.000000 0.000000 -1.000000
    outer loop
      vertex 190.000 24.850 0.000
      vertex 38.000 31.850 0.000
      vertex 186.000 31.850 0.000
    endloop
  endfacet
  facet normal 0.707107 -0.707107 0.000000
    outer loop
      vertex 190.000 24.850 0.000
      vertex 211.000 45.850 0.000
      vertex 211.000 45.850 2.800
    endloop
  endfacet
  facet normal 0.707107 -0.707107 0.000000
    outer loop
      vertex 190.000 24.850 0.000
      vertex 211.000 45.850 2.800
      vertex 190.000 24.850 2.800
    endloop
  endfacet
  facet normal -0.707107 0.707107 0.000000
    outer loop
      vertex 204.000 49.850 0.000
      vertex 186.000 31.850 0.000
      vertex 186.000 31.850 2.800
    endloop
  endfacet
  facet normal -0.707107 0.707107 0.000000
    outer loop
      vertex 204.000 49.850 0.000
      vertex 186.000 31.850 2.800
      vertex 204.000 49.850 2.800
    endloop
  endfacet
  facet normal 0.000000 0.000000 1.000000
    outer loop
      vertex 190.000 24.850 2.800
      vertex 211.000 45.850 2.800
      vertex 204.000 49.850 2.800
    endloop
  endfacet
  facet normal 0.000000 0.000000 1.000000
    outer loop
      vertex 190.000 24.850 2.800
      vertex 204.000 49.850 2.800
      vertex 186.000 31.850 2.800
    endloop
  endfacet
  facet normal 0.000000 0.000000 -1.000000
    outer loop
      vertex 211.000 45.850 0.000
      vertex 190.000 24.850 0.000
      vertex 186.000 31.850 0.000
    endloop
  endfacet
  facet normal 0.000000 0.000000 -1.000000
    outer loop
      vertex 211.000 45.850 0.000
      vertex 186.000 31.850 0.000
      vertex 204.000 49.850 0.000
    endloop
  endfacet
  facet normal 1.000000 0.000000 0.000000
    outer loop
      vertex 211.000 45.850 0.000
      vertex 211.000 161.850 0.000
      vertex 211.000 161.850 2.800
    endloop
  endfacet
  facet normal 1.000000 0.000000 0.000000
    outer loop
      vertex 211.000 45.850 0.000
      vertex 211.000 161.850 2.800
      vertex 211.000 45.850 2.800
    endloop
  endfacet
  facet normal -1.000000 0.000000 0.000000
    outer loop
      vertex 204.000 157.850 0.000
      vertex 204.000 49.850 0.000
      vertex 204.000 49.850 2.800
    endloop
  endfacet
  facet normal -1.000000 0.000000 0.000000
    outer loop
      vertex 204.000 157.850 0.000
      vertex 204.000 49.850 2.800
      vertex 204.000 157.850 2.800
    endloop
  endfacet
  facet normal 0.000000 0.000000 1.000000
    outer loop
      vertex 211.000 45.850 2.800
      vertex 211.000 161.850 2.800
      vertex 204.000 157.850 2.800
    endloop
  endfacet
  facet normal 0.000000 0.000000 1.000000
    outer loop
      vertex 211.000 45.850 2.800
      vertex 204.000 157.850 2.800
      vertex 204.000 49.850 2.800
    endloop
  endfacet
  facet normal 0.000000 0.000000 -1.000000
    outer loop
      vertex 211.000 161.850 0.000
      vertex 211.000 45.850 0.000
      vertex 204.000 49.850 0.000
    endloop
  endfacet
  facet normal 0.000000 0.000000 -1.000000
    outer loop
      vertex 211.000 161.850 0.000
      vertex 204.000 49.850 0.000
      vertex 204.000 157.850 0.000
    endloop
  endfacet
  facet normal 0.707107 0.707107 0.000000
    outer loop
      vertex 211.000 161.850 0.000
      vertex 190.000 182.850 0.000
      vertex 190.000 182.850 2.800
    endloop
  endfacet
  facet normal 0.707107 0.707107 0.000000
    outer loop
      vertex 211.000 161.850 0.000
      vertex 190.000 182.850 2.800
      vertex 211.000 161.850 2.800
    endloop
  endfacet
  facet normal -0.707107 -0.707107 0.000000
    outer loop
      vertex 186.000 175.850 0.000
      vertex 204.000 157.850 0.000
      vertex 204.000 157.850 2.800
    endloop
  endfacet
  facet normal -0.707107 -0.707107 0.000000
    outer loop
      vertex 186.000 175.850 0.000
      vertex 204.000 157.850 2.800
      vertex 186.000 175.850 2.800
    endloop
  endfacet
  facet normal 0.000000 0.000000 1.000000
    outer loop
      vertex 211.000 161.850 2.800
      vertex 190.000 182.850 2.800
      vertex 186.000 175.850 2.800
    endloop
  endfacet
  facet normal 0.000000 0.000000 1.000000
    outer loop
      vertex 211.000 161.850 2.800
      vertex 186.000 175.850 2.800
      vertex 204.000 157.850 2.800
    endloop
  endfacet
  facet normal 0.000000 0.000000 -1.000000
    outer loop
      vertex 190.000 182.850 0.000
      vertex 211.000 161.850 0.000
      vertex 204.000 157.850 0.000
    endloop
  endfacet
  facet normal 0.000000 0.000000 -1.000000
    outer loop
      vertex 190.000 182.850 0.000
      vertex 204.000 157.850 0.000
      vertex 186.000 175.850 0.000
    endloop
  endfacet
  facet normal 0.000000 1.000000 0.000000
    outer loop
      vertex 190.000 182.850 0.000
      vertex 34.000 182.850 0.000
      vertex 34.000 182.850 2.800
    endloop
  endfacet
  facet normal 0.000000 1.000000 0.000000
    outer loop
      vertex 190.000 182.850 0.000
      vertex 34.000 182.850 2.800
      vertex 190.000 182.850 2.800
    endloop
  endfacet
  facet normal 0.000000 -1.000000 0.000000
    outer loop
      vertex 38.000 175.850 0.000
      vertex 186.000 175.850 0.000
      vertex 186.000 175.850 2.800
    endloop
  endfacet
  facet normal 0.000000 -1.000000 0.000000
    outer loop
      vertex 38.000 175.850 0.000
      vertex 186.000 175.850 2.800
      vertex 38.000 175.850 2.800
    endloop
  endfacet
  facet normal 0.000000 0.000000 1.000000
    outer loop
      vertex 190.000 182.850 2.800
      vertex 34.000 182.850 2.800
      vertex 38.000 175.850 2.800
    endloop
  endfacet
  facet normal 0.000000 0.000000 1.000000
    outer loop
      vertex 190.000 182.850 2.800
      vertex 38.000 175.850 2.800
      vertex 186.000 175.850 2.800
    endloop
  endfacet
  facet normal 0.000000 0.000000 -1.000000
    outer loop
      vertex 34.000 182.850 0.000
      vertex 190.000 182.850 0.000
      vertex 186.000 175.850 0.000
    endloop
  endfacet
  facet normal 0.000000 0.000000 -1.000000
    outer loop
      vertex 34.000 182.850 0.000
      vertex 186.000 175.850 0.000
      vertex 38.000 175.850 0.000
    endloop
  endfacet
  facet normal -0.707107 0.707107 0.000000
    outer loop
      vertex 34.000 182.850 0.000
      vertex 13.000 161.850 0.000
      vertex 13.000 161.850 2.800
    endloop
  endfacet
  facet normal -0.707107 0.707107 0.000000
    outer loop
      vertex 34.000 182.850 0.000
      vertex 13.000 161.850 2.800
      vertex 34.000 182.850 2.800
    endloop
  endfacet
  facet normal 0.707107 -0.707107 0.000000
    outer loop
      vertex 20.000 157.850 0.000
      vertex 38.000 175.850 0.000
      vertex 38.000 175.850 2.800
    endloop
  endfacet
  facet normal 0.707107 -0.707107 0.000000
    outer loop
      vertex 20.000 157.850 0.000
      vertex 38.000 175.850 2.800
      vertex 20.000 157.850 2.800
    endloop
  endfacet
  facet normal 0.000000 0.000000 1.000000
    outer loop
      vertex 34.000 182.850 2.800
      vertex 13.000 161.850 2.800
      vertex 20.000 157.850 2.800
    endloop
  endfacet
  facet normal 0.000000 0.000000 1.000000
    outer loop
      vertex 34.000 182.850 2.800
      vertex 20.000 157.850 2.800
      vertex 38.000 175.850 2.800
    endloop
  endfacet
  facet normal 0.000000 0.000000 -1.000000
    outer loop
      vertex 13.000 161.850 0.000
      vertex 34.000 182.850 0.000
      vertex 38.000 175.850 0.000
    endloop
  endfacet
  facet normal 0.000000 0.000000 -1.000000
    outer loop
      vertex 13.000 161.850 0.000
      vertex 38.000 175.850 0.000
      vertex 20.000 157.850 0.000
    endloop
  endfacet
  facet normal -1.000000 0.000000 0.000000
    outer loop
      vertex 13.000 161.850 0.000
      vertex 13.000 45.850 0.000
      vertex 13.000 45.850 2.800
    endloop
  endfacet
  facet normal -1.000000 0.000000 0.000000
    outer loop
      vertex 13.000 161.850 0.000
      vertex 13.000 45.850 2.800
      vertex 13.000 161.850 2.800
    endloop
  endfacet
  facet normal 1.000000 0.000000 0.000000
    outer loop
      vertex 20.000 49.850 0.000
      vertex 20.000 157.850 0.000
      vertex 20.000 157.850 2.800
    endloop
  endfacet
  facet normal 1.000000 0.000000 0.000000
    outer loop
      vertex 20.000 49.850 0.000
      vertex 20.000 157.850 2.800
      vertex 20.000 49.850 2.800
    endloop
  endfacet
  facet normal 0.000000 0.000000 1.000000
    outer loop
      vertex 13.000 161.850 2.800
      vertex 13.000 45.850 2.800
      vertex 20.000 49.850 2.800
    endloop
  endfacet
  facet normal 0.000000 0.000000 1.000000
    outer loop
      vertex 13.000 161.850 2.800
      vertex 20.000 49.850 2.800
      vertex 20.000 157.850 2.800
    endloop
  endfacet
  facet normal 0.000000 0.000000 -1.000000
    outer loop
      vertex 13.000 45.850 0.000
      vertex 13.000 161.850 0.000
      vertex 20.000 157.850 0.000
    endloop
  endfacet
  facet normal 0.000000 0.000000 -1.000000
    outer loop
      vertex 13.000 45.850 0.000
      vertex 20.000 157.850 0.000
      vertex 20.000 49.850 0.000
    endloop
  endfacet
  facet normal -0.707107 -0.707107 0.000000
    outer loop
      vertex 13.000 45.850 0.000
      vertex 34.000 24.850 0.000
      vertex 34.000 24.850 2.800
    endloop
  endfacet
  facet normal -0.707107 -0.707107 0.000000
    outer loop
      vertex 13.000 45.850 0.000
      vertex 34.000 24.850 2.800
      vertex 13.000 45.850 2.800
    endloop
  endfacet
  facet normal 0.707107 0.707107 0.000000
    outer loop
      vertex 38.000 31.850 0.000
      vertex 20.000 49.850 0.000
      vertex 20.000 49.850 2.800
    endloop
  endfacet
  facet normal 0.707107 0.707107 0.000000
    outer loop
      vertex 38.000 31.850 0.000
      vertex 20.000 49.850 2.800
      vertex 38.000 31.850 2.800
    endloop
  endfacet
  facet normal 0.000000 0.000000 1.000000
    outer loop
      vertex 13.000 45.850 2.800
      vertex 34.000 24.850 2.800
      vertex 38.000 31.850 2.800
    endloop
  endfacet
  facet normal 0.000000 0.000000 1.000000
    outer loop
      vertex 13.000 45.850 2.800
      vertex 38.000 31.850 2.800
      vertex 20.000 49.850 2.800
    endloop
  endfacet
  facet normal 0.000000 0.000000 -1.000000
    outer loop
      vertex 34.000 24.850 0.000
      vertex 13.000 45.850 0.000
      vertex 20.000 49.850 0.000
    endloop
  endfacet
  facet normal 0.000000 0.000000 -1.000000
    outer loop
      vertex 34.000 24.850 0.000
      vertex 20.000 49.850 0.000
      vertex 38.000 31.850 0.000
    endloop
  endfacet
  facet normal 0.000000 0.000000 1.000000
    outer loop
      vertex 82.000 21.850 0.000
      vertex 142.000 21.850 0.000
      vertex 142.000 28.850 0.000
    endloop
  endfacet
  facet normal 0.000000 0.000000 1.000000
    outer loop
      vertex 82.000 21.850 0.000
      vertex 142.000 28.850 0.000
      vertex 82.000 28.850 0.000
    endloop
  endfacet
  facet normal 0.000000 0.000000 -1.000000
    outer loop
      vertex 82.000 21.850 2.800
      vertex 82.000 28.850 2.800
      vertex 142.000 28.850 2.800
    endloop
  endfacet
  facet normal 0.000000 0.000000 -1.000000
    outer loop
      vertex 82.000 21.850 2.800
      vertex 142.000 28.850 2.800
      vertex 142.000 21.850 2.800
    endloop
  endfacet
  facet normal 0.000000 1.000000 0.000000
    outer loop
      vertex 82.000 21.850 0.000
      vertex 82.000 21.850 2.800
      vertex 142.000 21.850 2.800
    endloop
  endfacet
  facet normal 0.000000 1.000000 0.000000
    outer loop
      vertex 82.000 21.850 0.000
      vertex 142.000 21.850 2.800
      vertex 142.000 21.850 0.000
    endloop
  endfacet
  facet normal -1.000000 0.000000 0.000000
    outer loop
      vertex 142.000 21.850 0.000
      vertex 142.000 21.850 2.800
      vertex 142.000 28.850 2.800
    endloop
  endfacet
  facet normal -1.000000 0.000000 0.000000
    outer loop
      vertex 142.000 21.850 0.000
      vertex 142.000 28.850 2.800
      vertex 142.000 28.850 0.000
    endloop
  endfacet
  facet normal 0.000000 -1.000000 0.000000
    outer loop
      vertex 142.000 28.850 0.000
      vertex 142.000 28.850 2.800
      vertex 82.000 28.850 2.800
    endloop
  endfacet
  facet normal 0.000000 -1.000000 0.000000
    outer loop
      vertex 142.000 28.850 0.000
      vertex 82.000 28.850 2.800
      vertex 82.000 28.850 0.000
    endloop
  endfacet
  facet normal 1.000000 0.000000 0.000000
    outer loop
      vertex 82.000 28.850 0.000
      vertex 82.000 28.850 2.800
      vertex 82.000 21.850 2.800
    endloop
  endfacet
  facet normal 1.000000 0.000000 0.000000
    outer loop
      vertex 82.000 28.850 0.000
      vertex 82.000 21.850 2.800
      vertex 82.000 21.850 0.000
    endloop
  endfacet
  facet normal 0.000000 0.000000 1.000000
    outer loop
      vertex 82.000 178.850 0.000
      vertex 142.000 178.850 0.000
      vertex 142.000 185.850 0.000
    endloop
  endfacet
  facet normal 0.000000 0.000000 1.000000
    outer loop
      vertex 82.000 178.850 0.000
      vertex 142.000 185.850 0.000
      vertex 82.000 185.850 0.000
    endloop
  endfacet
  facet normal 0.000000 0.000000 -1.000000
    outer loop
      vertex 82.000 178.850 2.800
      vertex 82.000 185.850 2.800
      vertex 142.000 185.850 2.800
    endloop
  endfacet
  facet normal 0.000000 0.000000 -1.000000
    outer loop
      vertex 82.000 178.850 2.800
      vertex 142.000 185.850 2.800
      vertex 142.000 178.850 2.800
    endloop
  endfacet
  facet normal 0.000000 1.000000 0.000000
    outer loop
      vertex 82.000 178.850 0.000
      vertex 82.000 178.850 2.800
      vertex 142.000 178.850 2.800
    endloop
  endfacet
  facet normal 0.000000 1.000000 0.000000
    outer loop
      vertex 82.000 178.850 0.000
      vertex 142.000 178.850 2.800
      vertex 142.000 178.850 0.000
    endloop
  endfacet
  facet normal -1.000000 0.000000 0.000000
    outer loop
      vertex 142.000 178.850 0.000
      vertex 142.000 178.850 2.800
      vertex 142.000 185.850 2.800
    endloop
  endfacet
  facet normal -1.000000 0.000000 0.000000
    outer loop
      vertex 142.000 178.850 0.000
      vertex 142.000 185.850 2.800
      vertex 142.000 185.850 0.000
    endloop
  endfacet
  facet normal 0.000000 -1.000000 0.000000
    outer loop
      vertex 142.000 185.850 0.000
      vertex 142.000 185.850 2.800
      vertex 82.000 185.850 2.800
    endloop
  endfacet
  facet normal 0.000000 -1.000000 0.000000
    outer loop
      vertex 142.000 185.850 0.000
      vertex 82.000 185.850 2.800
      vertex 82.000 185.850 0.000
    endloop
  endfacet
  facet normal 1.000000 0.000000 0.000000
    outer loop
      vertex 82.000 185.850 0.000
      vertex 82.000 185.850 2.800
      vertex 82.000 178.850 2.800
    endloop
  endfacet
  facet normal 1.000000 0.000000 0.000000
    outer loop
      vertex 82.000 185.850 0.000
      vertex 82.000 178.850 2.800
      vertex 82.000 178.850 0.000
    endloop
  endfacet
  facet normal 0.000000 0.000000 1.000000
    outer loop
      vertex 10.000 83.850 0.000
      vertex 17.000 83.850 0.000
      vertex 17.000 123.850 0.000
    endloop
  endfacet
  facet normal 0.000000 0.000000 1.000000
    outer loop
      vertex 10.000 83.850 0.000
      vertex 17.000 123.850 0.000
      vertex 10.000 123.850 0.000
    endloop
  endfacet
  facet normal 0.000000 0.000000 -1.000000
    outer loop
      vertex 10.000 83.850 2.800
      vertex 10.000 123.850 2.800
      vertex 17.000 123.850 2.800
    endloop
  endfacet
  facet normal 0.000000 0.000000 -1.000000
    outer loop
      vertex 10.000 83.850 2.800
      vertex 17.000 123.850 2.800
      vertex 17.000 83.850 2.800
    endloop
  endfacet
  facet normal 0.000000 1.000000 0.000000
    outer loop
      vertex 10.000 83.850 0.000
      vertex 10.000 83.850 2.800
      vertex 17.000 83.850 2.800
    endloop
  endfacet
  facet normal 0.000000 1.000000 0.000000
    outer loop
      vertex 10.000 83.850 0.000
      vertex 17.000 83.850 2.800
      vertex 17.000 83.850 0.000
    endloop
  endfacet
  facet normal -1.000000 0.000000 0.000000
    outer loop
      vertex 17.000 83.850 0.000
      vertex 17.000 83.850 2.800
      vertex 17.000 123.850 2.800
    endloop
  endfacet
  facet normal -1.000000 0.000000 0.000000
    outer loop
      vertex 17.000 83.850 0.000
      vertex 17.000 123.850 2.800
      vertex 17.000 123.850 0.000
    endloop
  endfacet
  facet normal 0.000000 -1.000000 0.000000
    outer loop
      vertex 17.000 123.850 0.000
      vertex 17.000 123.850 2.800
      vertex 10.000 123.850 2.800
    endloop
  endfacet
  facet normal 0.000000 -1.000000 0.000000
    outer loop
      vertex 17.000 123.850 0.000
      vertex 10.000 123.850 2.800
      vertex 10.000 123.850 0.000
    endloop
  endfacet
  facet normal 1.000000 0.000000 0.000000
    outer loop
      vertex 10.000 123.850 0.000
      vertex 10.000 123.850 2.800
      vertex 10.000 83.850 2.800
    endloop
  endfacet
  facet normal 1.000000 0.000000 0.000000
    outer loop
      vertex 10.000 123.850 0.000
      vertex 10.000 83.850 2.800
      vertex 10.000 83.850 0.000
    endloop
  endfacet
  facet normal 0.000000 0.000000 1.000000
    outer loop
      vertex 207.000 83.850 0.000
      vertex 214.000 83.850 0.000
      vertex 214.000 123.850 0.000
    endloop
  endfacet
  facet normal 0.000000 0.000000 1.000000
    outer loop
      vertex 207.000 83.850 0.000
      vertex 214.000 123.850 0.000
      vertex 207.000 123.850 0.000
    endloop
  endfacet
  facet normal 0.000000 0.000000 -1.000000
    outer loop
      vertex 207.000 83.850 2.800
      vertex 207.000 123.850 2.800
      vertex 214.000 123.850 2.800
    endloop
  endfacet
  facet normal 0.000000 0.000000 -1.000000
    outer loop
      vertex 207.000 83.850 2.800
      vertex 214.000 123.850 2.800
      vertex 214.000 83.850 2.800
    endloop
  endfacet
  facet normal 0.000000 1.000000 0.000000
    outer loop
      vertex 207.000 83.850 0.000
      vertex 207.000 83.850 2.800
      vertex 214.000 83.850 2.800
    endloop
  endfacet
  facet normal 0.000000 1.000000 0.000000
    outer loop
      vertex 207.000 83.850 0.000
      vertex 214.000 83.850 2.800
      vertex 214.000 83.850 0.000
    endloop
  endfacet
  facet normal -1.000000 0.000000 0.000000
    outer loop
      vertex 214.000 83.850 0.000
      vertex 214.000 83.850 2.800
      vertex 214.000 123.850 2.800
    endloop
  endfacet
  facet normal -1.000000 0.000000 0.000000
    outer loop
      vertex 214.000 83.850 0.000
      vertex 214.000 123.850 2.800
      vertex 214.000 123.850 0.000
    endloop
  endfacet
  facet normal 0.000000 -1.000000 0.000000
    outer loop
      vertex 214.000 123.850 0.000
      vertex 214.000 123.850 2.800
      vertex 207.000 123.850 2.800
    endloop
  endfacet
  facet normal 0.000000 -1.000000 0.000000
    outer loop
      vertex 214.000 123.850 0.000
      vertex 207.000 123.850 2.800
      vertex 207.000 123.850 0.000
    endloop
  endfacet
  facet normal 1.000000 0.000000 0.000000
    outer loop
      vertex 207.000 123.850 0.000
      vertex 207.000 123.850 2.800
      vertex 207.000 83.850 2.800
    endloop
  endfacet
  facet normal 1.000000 0.000000 0.000000
    outer loop
      vertex 207.000 123.850 0.000
      vertex 207.000 83.850 2.800
      vertex 207.000 83.850 0.000
    endloop
  endfacet
  facet normal 0.000000 0.000000 1.000000
    outer loop
      vertex 77.000 53.850 3.400
      vertex 96.000 53.850 3.400
      vertex 96.000 153.850 3.400
    endloop
  endfacet
  facet normal 0.000000 0.000000 1.000000
    outer loop
      vertex 77.000 53.850 3.400
      vertex 96.000 153.850 3.400
      vertex 77.000 153.850 3.400
    endloop
  endfacet
  facet normal 0.000000 0.000000 -1.000000
    outer loop
      vertex 77.000 53.850 0.000
      vertex 77.000 153.850 0.000
      vertex 96.000 153.850 0.000
    endloop
  endfacet
  facet normal 0.000000 0.000000 -1.000000
    outer loop
      vertex 77.000 53.850 0.000
      vertex 96.000 153.850 0.000
      vertex 96.000 53.850 0.000
    endloop
  endfacet
  facet normal 0.000000 -1.000000 0.000000
    outer loop
      vertex 77.000 53.850 3.400
      vertex 77.000 53.850 0.000
      vertex 96.000 53.850 0.000
    endloop
  endfacet
  facet normal 0.000000 -1.000000 0.000000
    outer loop
      vertex 77.000 53.850 3.400
      vertex 96.000 53.850 0.000
      vertex 96.000 53.850 3.400
    endloop
  endfacet
  facet normal 1.000000 0.000000 0.000000
    outer loop
      vertex 96.000 53.850 3.400
      vertex 96.000 53.850 0.000
      vertex 96.000 153.850 0.000
    endloop
  endfacet
  facet normal 1.000000 0.000000 0.000000
    outer loop
      vertex 96.000 53.850 3.400
      vertex 96.000 153.850 0.000
      vertex 96.000 153.850 3.400
    endloop
  endfacet
  facet normal 0.000000 1.000000 0.000000
    outer loop
      vertex 96.000 153.850 3.400
      vertex 96.000 153.850 0.000
      vertex 77.000 153.850 0.000
    endloop
  endfacet
  facet normal 0.000000 1.000000 0.000000
    outer loop
      vertex 96.000 153.850 3.400
      vertex 77.000 153.850 0.000
      vertex 77.000 153.850 3.400
    endloop
  endfacet
  facet normal -1.000000 0.000000 0.000000
    outer loop
      vertex 77.000 153.850 3.400
      vertex 77.000 153.850 0.000
      vertex 77.000 53.850 0.000
    endloop
  endfacet
  facet normal -1.000000 0.000000 0.000000
    outer loop
      vertex 77.000 153.850 3.400
      vertex 77.000 53.850 0.000
      vertex 77.000 53.850 3.400
    endloop
  endfacet
  facet normal 0.000000 0.000000 1.000000
    outer loop
      vertex 77.000 53.850 12.000
      vertex 80.000 53.850 12.000
      vertex 80.000 153.850 12.000
    endloop
  endfacet
  facet normal 0.000000 0.000000 1.000000
    outer loop
      vertex 77.000 53.850 12.000
      vertex 80.000 153.850 12.000
      vertex 77.000 153.850 12.000
    endloop
  endfacet
  facet normal 0.000000 0.000000 -1.000000
    outer loop
      vertex 77.000 53.850 0.000
      vertex 77.000 153.850 0.000
      vertex 80.000 153.850 0.000
    endloop
  endfacet
  facet normal 0.000000 0.000000 -1.000000
    outer loop
      vertex 77.000 53.850 0.000
      vertex 80.000 153.850 0.000
      vertex 80.000 53.850 0.000
    endloop
  endfacet
  facet normal 0.000000 -1.000000 0.000000
    outer loop
      vertex 77.000 53.850 12.000
      vertex 77.000 53.850 0.000
      vertex 80.000 53.850 0.000
    endloop
  endfacet
  facet normal 0.000000 -1.000000 0.000000
    outer loop
      vertex 77.000 53.850 12.000
      vertex 80.000 53.850 0.000
      vertex 80.000 53.850 12.000
    endloop
  endfacet
  facet normal 1.000000 0.000000 0.000000
    outer loop
      vertex 80.000 53.850 12.000
      vertex 80.000 53.850 0.000
      vertex 80.000 153.850 0.000
    endloop
  endfacet
  facet normal 1.000000 0.000000 0.000000
    outer loop
      vertex 80.000 53.850 12.000
      vertex 80.000 153.850 0.000
      vertex 80.000 153.850 12.000
    endloop
  endfacet
  facet normal 0.000000 1.000000 0.000000
    outer loop
      vertex 80.000 153.850 12.000
      vertex 80.000 153.850 0.000
      vertex 77.000 153.850 0.000
    endloop
  endfacet
  facet normal 0.000000 1.000000 0.000000
    outer loop
      vertex 80.000 153.850 12.000
      vertex 77.000 153.850 0.000
      vertex 77.000 153.850 12.000
    endloop
  endfacet
  facet normal -1.000000 0.000000 0.000000
    outer loop
      vertex 77.000 153.850 12.000
      vertex 77.000 153.850 0.000
      vertex 77.000 53.850 0.000
    endloop
  endfacet
  facet normal -1.000000 0.000000 0.000000
    outer loop
      vertex 77.000 153.850 12.000
      vertex 77.000 53.850 0.000
      vertex 77.000 53.850 12.000
    endloop
  endfacet
  facet normal 0.000000 0.000000 1.000000
    outer loop
      vertex 90.000 53.850 15.000
      vertex 95.000 53.850 15.000
      vertex 95.000 153.850 15.000
    endloop
  endfacet
  facet normal 0.000000 0.000000 1.000000
    outer loop
      vertex 90.000 53.850 15.000
      vertex 95.000 153.850 15.000
      vertex 90.000 153.850 15.000
    endloop
  endfacet
  facet normal 0.000000 0.000000 -1.000000
    outer loop
      vertex 90.000 53.850 11.300
      vertex 90.000 153.850 11.300
      vertex 95.000 153.850 11.300
    endloop
  endfacet
  facet normal 0.000000 0.000000 -1.000000
    outer loop
      vertex 90.000 53.850 11.300
      vertex 95.000 153.850 11.300
      vertex 95.000 53.850 11.300
    endloop
  endfacet
  facet normal 0.000000 -1.000000 0.000000
    outer loop
      vertex 90.000 53.850 15.000
      vertex 90.000 53.850 11.300
      vertex 95.000 53.850 11.300
    endloop
  endfacet
  facet normal 0.000000 -1.000000 0.000000
    outer loop
      vertex 90.000 53.850 15.000
      vertex 95.000 53.850 11.300
      vertex 95.000 53.850 15.000
    endloop
  endfacet
  facet normal 1.000000 0.000000 0.000000
    outer loop
      vertex 95.000 53.850 15.000
      vertex 95.000 53.850 11.300
      vertex 95.000 153.850 11.300
    endloop
  endfacet
  facet normal 1.000000 0.000000 0.000000
    outer loop
      vertex 95.000 53.850 15.000
      vertex 95.000 153.850 11.300
      vertex 95.000 153.850 15.000
    endloop
  endfacet
  facet normal 0.000000 1.000000 0.000000
    outer loop
      vertex 95.000 153.850 15.000
      vertex 95.000 153.850 11.300
      vertex 90.000 153.850 11.300
    endloop
  endfacet
  facet normal 0.000000 1.000000 0.000000
    outer loop
      vertex 95.000 153.850 15.000
      vertex 90.000 153.850 11.300
      vertex 90.000 153.850 15.000
    endloop
  endfacet
  facet normal -1.000000 0.000000 0.000000
    outer loop
      vertex 90.000 153.850 15.000
      vertex 90.000 153.850 11.300
      vertex 90.000 53.850 11.300
    endloop
  endfacet
  facet normal -1.000000 0.000000 0.000000
    outer loop
      vertex 90.000 153.850 15.000
      vertex 90.000 53.850 11.300
      vertex 90.000 53.850 15.000
    endloop
  endfacet
  facet normal 0.969416 0.000000 -0.245422
    outer loop
      vertex 94.800 53.850 11.300
      vertex 92.800 53.850 3.400
      vertex 92.800 153.850 3.400
    endloop
  endfacet
  facet normal 0.969416 0.000000 -0.245422
    outer loop
      vertex 94.800 53.850 11.300
      vertex 92.800 153.850 3.400
      vertex 94.800 153.850 11.300
    endloop
  endfacet
  facet normal 0.000000 0.000000 -1.000000
    outer loop
      vertex 92.800 53.850 3.400
      vertex 90.500 53.850 3.400
      vertex 90.500 153.850 3.400
    endloop
  endfacet
  facet normal 0.000000 0.000000 -1.000000
    outer loop
      vertex 92.800 53.850 3.400
      vertex 90.500 153.850 3.400
      vertex 92.800 153.850 3.400
    endloop
  endfacet
  facet normal -0.969416 0.000000 0.245422
    outer loop
      vertex 90.500 53.850 3.400
      vertex 92.500 53.850 11.300
      vertex 92.500 153.850 11.300
    endloop
  endfacet
  facet normal -0.969416 0.000000 0.245422
    outer loop
      vertex 90.500 53.850 3.400
      vertex 92.500 153.850 11.300
      vertex 90.500 153.850 3.400
    endloop
  endfacet
  facet normal 0.000000 0.000000 1.000000
    outer loop
      vertex 92.500 53.850 11.300
      vertex 94.800 53.850 11.300
      vertex 94.800 153.850 11.300
    endloop
  endfacet
  facet normal 0.000000 0.000000 1.000000
    outer loop
      vertex 92.500 53.850 11.300
      vertex 94.800 153.850 11.300
      vertex 92.500 153.850 11.300
    endloop
  endfacet
  facet normal 0.000000 -1.000000 0.000000
    outer loop
      vertex 92.650 53.850 7.350
      vertex 92.800 53.850 3.400
      vertex 94.800 53.850 11.300
    endloop
  endfacet
  facet normal 0.000000 -1.000000 0.000000
    outer loop
      vertex 92.650 53.850 7.350
      vertex 90.500 53.850 3.400
      vertex 92.800 53.850 3.400
    endloop
  endfacet
  facet normal 0.000000 -1.000000 0.000000
    outer loop
      vertex 92.650 53.850 7.350
      vertex 92.500 53.850 11.300
      vertex 90.500 53.850 3.400
    endloop
  endfacet
  facet normal 0.000000 -1.000000 0.000000
    outer loop
      vertex 92.650 53.850 7.350
      vertex 94.800 53.850 11.300
      vertex 92.500 53.850 11.300
    endloop
  endfacet
  facet normal 0.000000 1.000000 0.000000
    outer loop
      vertex 92.650 153.850 7.350
      vertex 94.800 153.850 11.300
      vertex 92.800 153.850 3.400
    endloop
  endfacet
  facet normal 0.000000 1.000000 0.000000
    outer loop
      vertex 92.650 153.850 7.350
      vertex 92.800 153.850 3.400
      vertex 90.500 153.850 3.400
    endloop
  endfacet
  facet normal 0.000000 1.000000 0.000000
    outer loop
      vertex 92.650 153.850 7.350
      vertex 90.500 153.850 3.400
      vertex 92.500 153.850 11.300
    endloop
  endfacet
  facet normal 0.000000 1.000000 0.000000
    outer loop
      vertex 92.650 153.850 7.350
      vertex 92.500 153.850 11.300
      vertex 94.800 153.850 11.300
    endloop
  endfacet
  facet normal 0.000000 0.000000 1.000000
    outer loop
      vertex 128.000 53.850 3.400
      vertex 147.000 53.850 3.400
      vertex 147.000 153.850 3.400
    endloop
  endfacet
  facet normal 0.000000 0.000000 1.000000
    outer loop
      vertex 128.000 53.850 3.400
      vertex 147.000 153.850 3.400
      vertex 128.000 153.850 3.400
    endloop
  endfacet
  facet normal 0.000000 0.000000 -1.000000
    outer loop
      vertex 128.000 53.850 0.000
      vertex 128.000 153.850 0.000
      vertex 147.000 153.850 0.000
    endloop
  endfacet
  facet normal 0.000000 0.000000 -1.000000
    outer loop
      vertex 128.000 53.850 0.000
      vertex 147.000 153.850 0.000
      vertex 147.000 53.850 0.000
    endloop
  endfacet
  facet normal 0.000000 -1.000000 0.000000
    outer loop
      vertex 128.000 53.850 3.400
      vertex 128.000 53.850 0.000
      vertex 147.000 53.850 0.000
    endloop
  endfacet
  facet normal 0.000000 -1.000000 0.000000
    outer loop
      vertex 128.000 53.850 3.400
      vertex 147.000 53.850 0.000
      vertex 147.000 53.850 3.400
    endloop
  endfacet
  facet normal 1.000000 0.000000 0.000000
    outer loop
      vertex 147.000 53.850 3.400
      vertex 147.000 53.850 0.000
      vertex 147.000 153.850 0.000
    endloop
  endfacet
  facet normal 1.000000 0.000000 0.000000
    outer loop
      vertex 147.000 53.850 3.400
      vertex 147.000 153.850 0.000
      vertex 147.000 153.850 3.400
    endloop
  endfacet
  facet normal 0.000000 1.000000 0.000000
    outer loop
      vertex 147.000 153.850 3.400
      vertex 147.000 153.850 0.000
      vertex 128.000 153.850 0.000
    endloop
  endfacet
  facet normal 0.000000 1.000000 0.000000
    outer loop
      vertex 147.000 153.850 3.400
      vertex 128.000 153.850 0.000
      vertex 128.000 153.850 3.400
    endloop
  endfacet
  facet normal -1.000000 0.000000 0.000000
    outer loop
      vertex 128.000 153.850 3.400
      vertex 128.000 153.850 0.000
      vertex 128.000 53.850 0.000
    endloop
  endfacet
  facet normal -1.000000 0.000000 0.000000
    outer loop
      vertex 128.000 153.850 3.400
      vertex 128.000 53.850 0.000
      vertex 128.000 53.850 3.400
    endloop
  endfacet
  facet normal 0.000000 0.000000 1.000000
    outer loop
      vertex 144.000 53.850 12.000
      vertex 147.000 53.850 12.000
      vertex 147.000 153.850 12.000
    endloop
  endfacet
  facet normal 0.000000 0.000000 1.000000
    outer loop
      vertex 144.000 53.850 12.000
      vertex 147.000 153.850 12.000
      vertex 144.000 153.850 12.000
    endloop
  endfacet
  facet normal 0.000000 0.000000 -1.000000
    outer loop
      vertex 144.000 53.850 0.000
      vertex 144.000 153.850 0.000
      vertex 147.000 153.850 0.000
    endloop
  endfacet
  facet normal 0.000000 0.000000 -1.000000
    outer loop
      vertex 144.000 53.850 0.000
      vertex 147.000 153.850 0.000
      vertex 147.000 53.850 0.000
    endloop
  endfacet
  facet normal 0.000000 -1.000000 0.000000
    outer loop
      vertex 144.000 53.850 12.000
      vertex 144.000 53.850 0.000
      vertex 147.000 53.850 0.000
    endloop
  endfacet
  facet normal 0.000000 -1.000000 0.000000
    outer loop
      vertex 144.000 53.850 12.000
      vertex 147.000 53.850 0.000
      vertex 147.000 53.850 12.000
    endloop
  endfacet
  facet normal 1.000000 0.000000 0.000000
    outer loop
      vertex 147.000 53.850 12.000
      vertex 147.000 53.850 0.000
      vertex 147.000 153.850 0.000
    endloop
  endfacet
  facet normal 1.000000 0.000000 0.000000
    outer loop
      vertex 147.000 53.850 12.000
      vertex 147.000 153.850 0.000
      vertex 147.000 153.850 12.000
    endloop
  endfacet
  facet normal 0.000000 1.000000 0.000000
    outer loop
      vertex 147.000 153.850 12.000
      vertex 147.000 153.850 0.000
      vertex 144.000 153.850 0.000
    endloop
  endfacet
  facet normal 0.000000 1.000000 0.000000
    outer loop
      vertex 147.000 153.850 12.000
      vertex 144.000 153.850 0.000
      vertex 144.000 153.850 12.000
    endloop
  endfacet
  facet normal -1.000000 0.000000 0.000000
    outer loop
      vertex 144.000 153.850 12.000
      vertex 144.000 153.850 0.000
      vertex 144.000 53.850 0.000
    endloop
  endfacet
  facet normal -1.000000 0.000000 0.000000
    outer loop
      vertex 144.000 153.850 12.000
      vertex 144.000 53.850 0.000
      vertex 144.000 53.850 12.000
    endloop
  endfacet
  facet normal 0.000000 0.000000 1.000000
    outer loop
      vertex 129.000 53.850 15.000
      vertex 134.000 53.850 15.000
      vertex 134.000 153.850 15.000
    endloop
  endfacet
  facet normal 0.000000 0.000000 1.000000
    outer loop
      vertex 129.000 53.850 15.000
      vertex 134.000 153.850 15.000
      vertex 129.000 153.850 15.000
    endloop
  endfacet
  facet normal 0.000000 0.000000 -1.000000
    outer loop
      vertex 129.000 53.850 11.300
      vertex 129.000 153.850 11.300
      vertex 134.000 153.850 11.300
    endloop
  endfacet
  facet normal 0.000000 0.000000 -1.000000
    outer loop
      vertex 129.000 53.850 11.300
      vertex 134.000 153.850 11.300
      vertex 134.000 53.850 11.300
    endloop
  endfacet
  facet normal 0.000000 -1.000000 0.000000
    outer loop
      vertex 129.000 53.850 15.000
      vertex 129.000 53.850 11.300
      vertex 134.000 53.850 11.300
    endloop
  endfacet
  facet normal 0.000000 -1.000000 0.000000
    outer loop
      vertex 129.000 53.850 15.000
      vertex 134.000 53.850 11.300
      vertex 134.000 53.850 15.000
    endloop
  endfacet
  facet normal 1.000000 0.000000 0.000000
    outer loop
      vertex 134.000 53.850 15.000
      vertex 134.000 53.850 11.300
      vertex 134.000 153.850 11.300
    endloop
  endfacet
  facet normal 1.000000 0.000000 0.000000
    outer loop
      vertex 134.000 53.850 15.000
      vertex 134.000 153.850 11.300
      vertex 134.000 153.850 15.000
    endloop
  endfacet
  facet normal 0.000000 1.000000 0.000000
    outer loop
      vertex 134.000 153.850 15.000
      vertex 134.000 153.850 11.300
      vertex 129.000 153.850 11.300
    endloop
  endfacet
  facet normal 0.000000 1.000000 0.000000
    outer loop
      vertex 134.000 153.850 15.000
      vertex 129.000 153.850 11.300
      vertex 129.000 153.850 15.000
    endloop
  endfacet
  facet normal -1.000000 0.000000 0.000000
    outer loop
      vertex 129.000 153.850 15.000
      vertex 129.000 153.850 11.300
      vertex 129.000 53.850 11.300
    endloop
  endfacet
  facet normal -1.000000 0.000000 0.000000
    outer loop
      vertex 129.000 153.850 15.000
      vertex 129.000 53.850 11.300
      vertex 129.000 53.850 15.000
    endloop
  endfacet
  facet normal 0.969416 0.000000 0.245422
    outer loop
      vertex 129.200 53.850 11.300
      vertex 131.200 53.850 3.400
      vertex 131.200 153.850 3.400
    endloop
  endfacet
  facet normal 0.969416 0.000000 0.245422
    outer loop
      vertex 129.200 53.850 11.300
      vertex 131.200 153.850 3.400
      vertex 129.200 153.850 11.300
    endloop
  endfacet
  facet normal 0.000000 0.000000 1.000000
    outer loop
      vertex 131.200 53.850 3.400
      vertex 133.500 53.850 3.400
      vertex 133.500 153.850 3.400
    endloop
  endfacet
  facet normal 0.000000 0.000000 1.000000
    outer loop
      vertex 131.200 53.850 3.400
      vertex 133.500 153.850 3.400
      vertex 131.200 153.850 3.400
    endloop
  endfacet
  facet normal -0.969416 0.000000 -0.245422
    outer loop
      vertex 133.500 53.850 3.400
      vertex 131.500 53.850 11.300
      vertex 131.500 153.850 11.300
    endloop
  endfacet
  facet normal -0.969416 0.000000 -0.245422
    outer loop
      vertex 133.500 53.850 3.400
      vertex 131.500 153.850 11.300
      vertex 133.500 153.850 3.400
    endloop
  endfacet
  facet normal 0.000000 0.000000 -1.000000
    outer loop
      vertex 131.500 53.850 11.300
      vertex 129.200 53.850 11.300
      vertex 129.200 153.850 11.300
    endloop
  endfacet
  facet normal 0.000000 0.000000 -1.000000
    outer loop
      vertex 131.500 53.850 11.300
      vertex 129.200 153.850 11.300
      vertex 131.500 153.850 11.300
    endloop
  endfacet
  facet normal 0.000000 1.000000 0.000000
    outer loop
      vertex 131.350 53.850 7.350
      vertex 131.200 53.850 3.400
      vertex 129.200 53.850 11.300
    endloop
  endfacet
  facet normal 0.000000 1.000000 0.000000
    outer loop
      vertex 131.350 53.850 7.350
      vertex 133.500 53.850 3.400
      vertex 131.200 53.850 3.400
    endloop
  endfacet
  facet normal 0.000000 1.000000 0.000000
    outer loop
      vertex 131.350 53.850 7.350
      vertex 131.500 53.850 11.300
      vertex 133.500 53.850 3.400
    endloop
  endfacet
  facet normal 0.000000 1.000000 0.000000
    outer loop
      vertex 131.350 53.850 7.350
      vertex 129.200 53.850 11.300
      vertex 131.500 53.850 11.300
    endloop
  endfacet
  facet normal 0.000000 -1.000000 0.000000
    outer loop
      vertex 131.350 153.850 7.350
      vertex 129.200 153.850 11.300
      vertex 131.200 153.850 3.400
    endloop
  endfacet
  facet normal 0.000000 -1.000000 0.000000
    outer loop
      vertex 131.350 153.850 7.350
      vertex 131.200 153.850 3.400
      vertex 133.500 153.850 3.400
    endloop
  endfacet
  facet normal 0.000000 -1.000000 0.000000
    outer loop
      vertex 131.350 153.850 7.350
      vertex 133.500 153.850 3.400
      vertex 131.500 153.850 11.300
    endloop
  endfacet
  facet normal 0.000000 -1.000000 0.000000
    outer loop
      vertex 131.350 153.850 7.350
      vertex 131.500 153.850 11.300
      vertex 129.200 153.850 11.300
    endloop
  endfacet
  facet normal 0.000000 0.000000 1.000000
    outer loop
      vertex 14.000 191.850 10.000
      vertex 210.000 191.850 10.000
      vertex 210.000 205.850 10.000
    endloop
  endfacet
  facet normal 0.000000 0.000000 1.000000
    outer loop
      vertex 14.000 191.850 10.000
      vertex 210.000 205.850 10.000
      vertex 14.000 205.850 10.000
    endloop
  endfacet
  facet normal 0.000000 0.000000 -1.000000
    outer loop
      vertex 14.000 191.850 14.000
      vertex 14.000 205.850 14.000
      vertex 210.000 205.850 14.000
    endloop
  endfacet
  facet normal 0.000000 0.000000 -1.000000
    outer loop
      vertex 14.000 191.850 14.000
      vertex 210.000 205.850 14.000
      vertex 210.000 191.850 14.000
    endloop
  endfacet
  facet normal 0.000000 1.000000 0.000000
    outer loop
      vertex 14.000 191.850 10.000
      vertex 14.000 191.850 14.000
      vertex 210.000 191.850 14.000
    endloop
  endfacet
  facet normal 0.000000 1.000000 0.000000
    outer loop
      vertex 14.000 191.850 10.000
      vertex 210.000 191.850 14.000
      vertex 210.000 191.850 10.000
    endloop
  endfacet
  facet normal -1.000000 0.000000 0.000000
    outer loop
      vertex 210.000 191.850 10.000
      vertex 210.000 191.850 14.000
      vertex 210.000 205.850 14.000
    endloop
  endfacet
  facet normal -1.000000 0.000000 0.000000
    outer loop
      vertex 210.000 191.850 10.000
      vertex 210.000 205.850 14.000
      vertex 210.000 205.850 10.000
    endloop
  endfacet
  facet normal 0.000000 -1.000000 0.000000
    outer loop
      vertex 210.000 205.850 10.000
      vertex 210.000 205.850 14.000
      vertex 14.000 205.850 14.000
    endloop
  endfacet
  facet normal 0.000000 -1.000000 0.000000
    outer loop
      vertex 210.000 205.850 10.000
      vertex 14.000 205.850 14.000
      vertex 14.000 205.850 10.000
    endloop
  endfacet
  facet normal 1.000000 0.000000 0.000000
    outer loop
      vertex 14.000 205.850 10.000
      vertex 14.000 205.850 14.000
      vertex 14.000 191.850 14.000
    endloop
  endfacet
  facet normal 1.000000 0.000000 0.000000
    outer loop
      vertex 14.000 205.850 10.000
      vertex 14.000 191.850 14.000
      vertex 14.000 191.850 10.000
    endloop
  endfacet
  facet normal 0.000000 0.000000 1.000000
    outer loop
      vertex 14.000 191.850 0.000
      vertex 210.000 191.850 0.000
      vertex 210.000 195.850 0.000
    endloop
  endfacet
  facet normal 0.000000 0.000000 1.000000
    outer loop
      vertex 14.000 191.850 0.000
      vertex 210.000 195.850 0.000
      vertex 14.000 195.850 0.000
    endloop
  endfacet
  facet normal 0.000000 0.000000 -1.000000
    outer loop
      vertex 14.000 191.850 14.000
      vertex 14.000 195.850 14.000
      vertex 210.000 195.850 14.000
    endloop
  endfacet
  facet normal 0.000000 0.000000 -1.000000
    outer loop
      vertex 14.000 191.850 14.000
      vertex 210.000 195.850 14.000
      vertex 210.000 191.850 14.000
    endloop
  endfacet
  facet normal 0.000000 1.000000 0.000000
    outer loop
      vertex 14.000 191.850 0.000
      vertex 14.000 191.850 14.000
      vertex 210.000 191.850 14.000
    endloop
  endfacet
  facet normal 0.000000 1.000000 0.000000
    outer loop
      vertex 14.000 191.850 0.000
      vertex 210.000 191.850 14.000
      vertex 210.000 191.850 0.000
    endloop
  endfacet
  facet normal -1.000000 0.000000 0.000000
    outer loop
      vertex 210.000 191.850 0.000
      vertex 210.000 191.850 14.000
      vertex 210.000 195.850 14.000
    endloop
  endfacet
  facet normal -1.000000 0.000000 0.000000
    outer loop
      vertex 210.000 191.850 0.000
      vertex 210.000 195.850 14.000
      vertex 210.000 195.850 0.000
    endloop
  endfacet
  facet normal 0.000000 -1.000000 0.000000
    outer loop
      vertex 210.000 195.850 0.000
      vertex 210.000 195.850 14.000
      vertex 14.000 195.850 14.000
    endloop
  endfacet
  facet normal 0.000000 -1.000000 0.000000
    outer loop
      vertex 210.000 195.850 0.000
      vertex 14.000 195.850 14.000
      vertex 14.000 195.850 0.000
    endloop
  endfacet
  facet normal 1.000000 0.000000 0.000000
    outer loop
      vertex 14.000 195.850 0.000
      vertex 14.000 195.850 14.000
      vertex 14.000 191.850 14.000
    endloop
  endfacet
  facet normal 1.000000 0.000000 0.000000
    outer loop
      vertex 14.000 195.850 0.000
      vertex 14.000 191.850 14.000
      vertex 14.000 191.850 0.000
    endloop
  endfacet
  facet normal 0.000000 0.000000 1.000000
    outer loop
      vertex 14.000 201.850 0.000
      vertex 210.000 201.850 0.000
      vertex 210.000 205.850 0.000
    endloop
  endfacet
  facet normal 0.000000 0.000000 1.000000
    outer loop
      vertex 14.000 201.850 0.000
      vertex 210.000 205.850 0.000
      vertex 14.000 205.850 0.000
    endloop
  endfacet
  facet normal 0.000000 0.000000 -1.000000
    outer loop
      vertex 14.000 201.850 14.000
      vertex 14.000 205.850 14.000
      vertex 210.000 205.850 14.000
    endloop
  endfacet
  facet normal 0.000000 0.000000 -1.000000
    outer loop
      vertex 14.000 201.850 14.000
      vertex 210.000 205.850 14.000
      vertex 210.000 201.850 14.000
    endloop
  endfacet
  facet normal 0.000000 1.000000 0.000000
    outer loop
      vertex 14.000 201.850 0.000
      vertex 14.000 201.850 14.000
      vertex 210.000 201.850 14.000
    endloop
  endfacet
  facet normal 0.000000 1.000000 0.000000
    outer loop
      vertex 14.000 201.850 0.000
      vertex 210.000 201.850 14.000
      vertex 210.000 201.850 0.000
    endloop
  endfacet
  facet normal -1.000000 0.000000 0.000000
    outer loop
      vertex 210.000 201.850 0.000
      vertex 210.000 201.850 14.000
      vertex 210.000 205.850 14.000
    endloop
  endfacet
  facet normal -1.000000 0.000000 0.000000
    outer loop
      vertex 210.000 201.850 0.000
      vertex 210.000 205.850 14.000
      vertex 210.000 205.850 0.000
    endloop
  endfacet
  facet normal 0.000000 -1.000000 0.000000
    outer loop
      vertex 210.000 205.850 0.000
      vertex 210.000 205.850 14.000
      vertex 14.000 205.850 14.000
    endloop
  endfacet
  facet normal 0.000000 -1.000000 0.000000
    outer loop
      vertex 210.000 205.850 0.000
      vertex 14.000 205.850 14.000
      vertex 14.000 205.850 0.000
    endloop
  endfacet
  facet normal 1.000000 0.000000 0.000000
    outer loop
      vertex 14.000 205.850 0.000
      vertex 14.000 205.850 14.000
      vertex 14.000 201.850 14.000
    endloop
  endfacet
  facet normal 1.000000 0.000000 0.000000
    outer loop
      vertex 14.000 205.850 0.000
      vertex 14.000 201.850 14.000
      vertex 14.000 201.850 0.000
    endloop
  endfacet
  facet normal 0.000000 0.000000 1.000000
    outer loop
      vertex 24.000 195.850 0.000
      vertex 200.000 195.850 0.000
      vertex 200.000 198.050 0.000
    endloop
  endfacet
  facet normal 0.000000 0.000000 1.000000
    outer loop
      vertex 24.000 195.850 0.000
      vertex 200.000 198.050 0.000
      vertex 24.000 198.050 0.000
    endloop
  endfacet
  facet normal 0.000000 0.000000 -1.000000
    outer loop
      vertex 24.000 195.850 3.000
      vertex 24.000 198.050 3.000
      vertex 200.000 198.050 3.000
    endloop
  endfacet
  facet normal 0.000000 0.000000 -1.000000
    outer loop
      vertex 24.000 195.850 3.000
      vertex 200.000 198.050 3.000
      vertex 200.000 195.850 3.000
    endloop
  endfacet
  facet normal 0.000000 1.000000 0.000000
    outer loop
      vertex 24.000 195.850 0.000
      vertex 24.000 195.850 3.000
      vertex 200.000 195.850 3.000
    endloop
  endfacet
  facet normal 0.000000 1.000000 0.000000
    outer loop
      vertex 24.000 195.850 0.000
      vertex 200.000 195.850 3.000
      vertex 200.000 195.850 0.000
    endloop
  endfacet
  facet normal -1.000000 0.000000 0.000000
    outer loop
      vertex 200.000 195.850 0.000
      vertex 200.000 195.850 3.000
      vertex 200.000 198.050 3.000
    endloop
  endfacet
  facet normal -1.000000 0.000000 0.000000
    outer loop
      vertex 200.000 195.850 0.000
      vertex 200.000 198.050 3.000
      vertex 200.000 198.050 0.000
    endloop
  endfacet
  facet normal 0.000000 -1.000000 0.000000
    outer loop
      vertex 200.000 198.050 0.000
      vertex 200.000 198.050 3.000
      vertex 24.000 198.050 3.000
    endloop
  endfacet
  facet normal 0.000000 -1.000000 0.000000
    outer loop
      vertex 200.000 198.050 0.000
      vertex 24.000 198.050 3.000
      vertex 24.000 198.050 0.000
    endloop
  endfacet
  facet normal 1.000000 0.000000 0.000000
    outer loop
      vertex 24.000 198.050 0.000
      vertex 24.000 198.050 3.000
      vertex 24.000 195.850 3.000
    endloop
  endfacet
  facet normal 1.000000 0.000000 0.000000
    outer loop
      vertex 24.000 198.050 0.000
      vertex 24.000 195.850 3.000
      vertex 24.000 195.850 0.000
    endloop
  endfacet
  facet normal 0.000000 0.000000 1.000000
    outer loop
      vertex 24.000 199.650 0.000
      vertex 200.000 199.650 0.000
      vertex 200.000 201.850 0.000
    endloop
  endfacet
  facet normal 0.000000 0.000000 1.000000
    outer loop
      vertex 24.000 199.650 0.000
      vertex 200.000 201.850 0.000
      vertex 24.000 201.850 0.000
    endloop
  endfacet
  facet normal 0.000000 0.000000 -1.000000
    outer loop
      vertex 24.000 199.650 3.000
      vertex 24.000 201.850 3.000
      vertex 200.000 201.850 3.000
    endloop
  endfacet
  facet normal 0.000000 0.000000 -1.000000
    outer loop
      vertex 24.000 199.650 3.000
      vertex 200.000 201.850 3.000
      vertex 200.000 199.650 3.000
    endloop
  endfacet
  facet normal 0.000000 1.000000 0.000000
    outer loop
      vertex 24.000 199.650 0.000
      vertex 24.000 199.650 3.000
      vertex 200.000 199.650 3.000
    endloop
  endfacet
  facet normal 0.000000 1.000000 0.000000
    outer loop
      vertex 24.000 199.650 0.000
      vertex 200.000 199.650 3.000
      vertex 200.000 199.650 0.000
    endloop
  endfacet
  facet normal -1.000000 0.000000 0.000000
    outer loop
      vertex 200.000 199.650 0.000
      vertex 200.000 199.650 3.000
      vertex 200.000 201.850 3.000
    endloop
  endfacet
  facet normal -1.000000 0.000000 0.000000
    outer loop
      vertex 200.000 199.650 0.000
      vertex 200.000 201.850 3.000
      vertex 200.000 201.850 0.000
    endloop
  endfacet
  facet normal 0.000000 -1.000000 0.000000
    outer loop
      vertex 200.000 201.850 0.000
      vertex 200.000 201.850 3.000
      vertex 24.000 201.850 3.000
    endloop
  endfacet
  facet normal 0.000000 -1.000000 0.000000
    outer loop
      vertex 200.000 201.850 0.000
      vertex 24.000 201.850 3.000
      vertex 24.000 201.850 0.000
    endloop
  endfacet
  facet normal 1.000000 0.000000 0.000000
    outer loop
      vertex 24.000 201.850 0.000
      vertex 24.000 201.850 3.000
      vertex 24.000 199.650 3.000
    endloop
  endfacet
  facet normal 1.000000 0.000000 0.000000
    outer loop
      vertex 24.000 201.850 0.000
      vertex 24.000 199.650 3.000
      vertex 24.000 199.650 0.000
    endloop
  endfacet
  facet normal 0.000000 0.000000 1.000000
    outer loop
      vertex 8.000 204.850 10.000
      vertex 54.000 204.850 10.000
      vertex 54.000 212.850 10.000
    endloop
  endfacet
  facet normal 0.000000 0.000000 1.000000
    outer loop
      vertex 8.000 204.850 10.000
      vertex 54.000 212.850 10.000
      vertex 8.000 212.850 10.000
    endloop
  endfacet
  facet normal 0.000000 0.000000 -1.000000
    outer loop
      vertex 8.000 204.850 18.000
      vertex 8.000 212.850 18.000
      vertex 54.000 212.850 18.000
    endloop
  endfacet
  facet normal 0.000000 0.000000 -1.000000
    outer loop
      vertex 8.000 204.850 18.000
      vertex 54.000 212.850 18.000
      vertex 54.000 204.850 18.000
    endloop
  endfacet
  facet normal 0.000000 1.000000 0.000000
    outer loop
      vertex 8.000 204.850 10.000
      vertex 8.000 204.850 18.000
      vertex 54.000 204.850 18.000
    endloop
  endfacet
  facet normal 0.000000 1.000000 0.000000
    outer loop
      vertex 8.000 204.850 10.000
      vertex 54.000 204.850 18.000
      vertex 54.000 204.850 10.000
    endloop
  endfacet
  facet normal -1.000000 0.000000 0.000000
    outer loop
      vertex 54.000 204.850 10.000
      vertex 54.000 204.850 18.000
      vertex 54.000 212.850 18.000
    endloop
  endfacet
  facet normal -1.000000 0.000000 0.000000
    outer loop
      vertex 54.000 204.850 10.000
      vertex 54.000 212.850 18.000
      vertex 54.000 212.850 10.000
    endloop
  endfacet
  facet normal 0.000000 -1.000000 0.000000
    outer loop
      vertex 54.000 212.850 10.000
      vertex 54.000 212.850 18.000
      vertex 8.000 212.850 18.000
    endloop
  endfacet
  facet normal 0.000000 -1.000000 0.000000
    outer loop
      vertex 54.000 212.850 10.000
      vertex 8.000 212.850 18.000
      vertex 8.000 212.850 10.000
    endloop
  endfacet
  facet normal 1.000000 0.000000 0.000000
    outer loop
      vertex 8.000 212.850 10.000
      vertex 8.000 212.850 18.000
      vertex 8.000 204.850 18.000
    endloop
  endfacet
  facet normal 1.000000 0.000000 0.000000
    outer loop
      vertex 8.000 212.850 10.000
      vertex 8.000 204.850 18.000
      vertex 8.000 204.850 10.000
    endloop
  endfacet
  facet normal 0.000000 0.000000 1.000000
    outer loop
      vertex 170.000 204.850 10.000
      vertex 216.000 204.850 10.000
      vertex 216.000 212.850 10.000
    endloop
  endfacet
  facet normal 0.000000 0.000000 1.000000
    outer loop
      vertex 170.000 204.850 10.000
      vertex 216.000 212.850 10.000
      vertex 170.000 212.850 10.000
    endloop
  endfacet
  facet normal 0.000000 0.000000 -1.000000
    outer loop
      vertex 170.000 204.850 18.000
      vertex 170.000 212.850 18.000
      vertex 216.000 212.850 18.000
    endloop
  endfacet
  facet normal 0.000000 0.000000 -1.000000
    outer loop
      vertex 170.000 204.850 18.000
      vertex 216.000 212.850 18.000
      vertex 216.000 204.850 18.000
    endloop
  endfacet
  facet normal 0.000000 1.000000 0.000000
    outer loop
      vertex 170.000 204.850 10.000
      vertex 170.000 204.850 18.000
      vertex 216.000 204.850 18.000
    endloop
  endfacet
  facet normal 0.000000 1.000000 0.000000
    outer loop
      vertex 170.000 204.850 10.000
      vertex 216.000 204.850 18.000
      vertex 216.000 204.850 10.000
    endloop
  endfacet
  facet normal -1.000000 0.000000 0.000000
    outer loop
      vertex 216.000 204.850 10.000
      vertex 216.000 204.850 18.000
      vertex 216.000 212.850 18.000
    endloop
  endfacet
  facet normal -1.000000 0.000000 0.000000
    outer loop
      vertex 216.000 204.850 10.000
      vertex 216.000 212.850 18.000
      vertex 216.000 212.850 10.000
    endloop
  endfacet
  facet normal 0.000000 -1.000000 0.000000
    outer loop
      vertex 216.000 212.850 10.000
      vertex 216.000 212.850 18.000
      vertex 170.000 212.850 18.000
    endloop
  endfacet
  facet normal 0.000000 -1.000000 0.000000
    outer loop
      vertex 216.000 212.850 10.000
      vertex 170.000 212.850 18.000
      vertex 170.000 212.850 10.000
    endloop
  endfacet
  facet normal 1.000000 0.000000 0.000000
    outer loop
      vertex 170.000 212.850 10.000
      vertex 170.000 212.850 18.000
      vertex 170.000 204.850 18.000
    endloop
  endfacet
  facet normal 1.000000 0.000000 0.000000
    outer loop
      vertex 170.000 212.850 10.000
      vertex 170.000 204.850 18.000
      vertex 170.000 204.850 10.000
    endloop
  endfacet
  facet normal 0.000000 -0.995185 -0.098017
    outer loop
      vertex 12.000 213.650 19.500
      vertex 50.000 213.650 19.500
      vertex 50.000 213.558 20.436
    endloop
  endfacet
  facet normal 0.000000 -0.995185 -0.098017
    outer loop
      vertex 12.000 213.650 19.500
      vertex 50.000 213.558 20.436
      vertex 12.000 213.558 20.436
    endloop
  endfacet
  facet normal 0.000000 0.995185 0.098017
    outer loop
      vertex 12.000 210.713 19.871
      vertex 50.000 210.713 19.871
      vertex 50.000 210.750 19.500
    endloop
  endfacet
  facet normal 0.000000 0.995185 0.098017
    outer loop
      vertex 12.000 210.713 19.871
      vertex 50.000 210.750 19.500
      vertex 12.000 210.750 19.500
    endloop
  endfacet
  facet normal -1.000000 0.000000 0.000000
    outer loop
      vertex 12.000 213.558 20.436
      vertex 12.000 213.650 19.500
      vertex 12.000 210.750 19.500
    endloop
  endfacet
  facet normal -1.000000 0.000000 0.000000
    outer loop
      vertex 12.000 213.558 20.436
      vertex 12.000 210.750 19.500
      vertex 12.000 210.713 19.871
    endloop
  endfacet
  facet normal 1.000000 0.000000 0.000000
    outer loop
      vertex 50.000 213.650 19.500
      vertex 50.000 213.558 20.436
      vertex 50.000 210.713 19.871
    endloop
  endfacet
  facet normal 1.000000 0.000000 0.000000
    outer loop
      vertex 50.000 213.650 19.500
      vertex 50.000 210.713 19.871
      vertex 50.000 210.750 19.500
    endloop
  endfacet
  facet normal 0.000000 -0.956940 -0.290285
    outer loop
      vertex 12.000 213.558 20.436
      vertex 50.000 213.558 20.436
      vertex 50.000 213.285 21.337
    endloop
  endfacet
  facet normal 0.000000 -0.956940 -0.290285
    outer loop
      vertex 12.000 213.558 20.436
      vertex 50.000 213.285 21.337
      vertex 12.000 213.285 21.337
    endloop
  endfacet
  facet normal 0.000000 0.956940 0.290285
    outer loop
      vertex 12.000 210.605 20.227
      vertex 50.000 210.605 20.227
      vertex 50.000 210.713 19.871
    endloop
  endfacet
  facet normal 0.000000 0.956940 0.290285
    outer loop
      vertex 12.000 210.605 20.227
      vertex 50.000 210.713 19.871
      vertex 12.000 210.713 19.871
    endloop
  endfacet
  facet normal -1.000000 0.000000 0.000000
    outer loop
      vertex 12.000 213.285 21.337
      vertex 12.000 213.558 20.436
      vertex 12.000 210.713 19.871
    endloop
  endfacet
  facet normal -1.000000 0.000000 0.000000
    outer loop
      vertex 12.000 213.285 21.337
      vertex 12.000 210.713 19.871
      vertex 12.000 210.605 20.227
    endloop
  endfacet
  facet normal 1.000000 0.000000 0.000000
    outer loop
      vertex 50.000 213.558 20.436
      vertex 50.000 213.285 21.337
      vertex 50.000 210.605 20.227
    endloop
  endfacet
  facet normal 1.000000 0.000000 0.000000
    outer loop
      vertex 50.000 213.558 20.436
      vertex 50.000 210.605 20.227
      vertex 50.000 210.713 19.871
    endloop
  endfacet
  facet normal 0.000000 -0.881921 -0.471397
    outer loop
      vertex 12.000 213.285 21.337
      vertex 50.000 213.285 21.337
      vertex 50.000 212.841 22.167
    endloop
  endfacet
  facet normal 0.000000 -0.881921 -0.471397
    outer loop
      vertex 12.000 213.285 21.337
      vertex 50.000 212.841 22.167
      vertex 12.000 212.841 22.167
    endloop
  endfacet
  facet normal 0.000000 0.881921 0.471397
    outer loop
      vertex 12.000 210.430 20.556
      vertex 50.000 210.430 20.556
      vertex 50.000 210.605 20.227
    endloop
  endfacet
  facet normal 0.000000 0.881921 0.471397
    outer loop
      vertex 12.000 210.430 20.556
      vertex 50.000 210.605 20.227
      vertex 12.000 210.605 20.227
    endloop
  endfacet
  facet normal -1.000000 0.000000 0.000000
    outer loop
      vertex 12.000 212.841 22.167
      vertex 12.000 213.285 21.337
      vertex 12.000 210.605 20.227
    endloop
  endfacet
  facet normal -1.000000 0.000000 0.000000
    outer loop
      vertex 12.000 212.841 22.167
      vertex 12.000 210.605 20.227
      vertex 12.000 210.430 20.556
    endloop
  endfacet
  facet normal 1.000000 0.000000 0.000000
    outer loop
      vertex 50.000 213.285 21.337
      vertex 50.000 212.841 22.167
      vertex 50.000 210.430 20.556
    endloop
  endfacet
  facet normal 1.000000 0.000000 0.000000
    outer loop
      vertex 50.000 213.285 21.337
      vertex 50.000 210.430 20.556
      vertex 50.000 210.605 20.227
    endloop
  endfacet
  facet normal 0.000000 -0.773010 -0.634393
    outer loop
      vertex 12.000 212.841 22.167
      vertex 50.000 212.841 22.167
      vertex 50.000 212.244 22.894
    endloop
  endfacet
  facet normal 0.000000 -0.773010 -0.634393
    outer loop
      vertex 12.000 212.841 22.167
      vertex 50.000 212.244 22.894
      vertex 12.000 212.244 22.894
    endloop
  endfacet
  facet normal 0.000000 0.773010 0.634393
    outer loop
      vertex 12.000 210.194 20.844
      vertex 50.000 210.194 20.844
      vertex 50.000 210.430 20.556
    endloop
  endfacet
  facet normal 0.000000 0.773010 0.634393
    outer loop
      vertex 12.000 210.194 20.844
      vertex 50.000 210.430 20.556
      vertex 12.000 210.430 20.556
    endloop
  endfacet
  facet normal -1.000000 0.000000 0.000000
    outer loop
      vertex 12.000 212.244 22.894
      vertex 12.000 212.841 22.167
      vertex 12.000 210.430 20.556
    endloop
  endfacet
  facet normal -1.000000 0.000000 0.000000
    outer loop
      vertex 12.000 212.244 22.894
      vertex 12.000 210.430 20.556
      vertex 12.000 210.194 20.844
    endloop
  endfacet
  facet normal 1.000000 0.000000 0.000000
    outer loop
      vertex 50.000 212.841 22.167
      vertex 50.000 212.244 22.894
      vertex 50.000 210.194 20.844
    endloop
  endfacet
  facet normal 1.000000 0.000000 0.000000
    outer loop
      vertex 50.000 212.841 22.167
      vertex 50.000 210.194 20.844
      vertex 50.000 210.430 20.556
    endloop
  endfacet
  facet normal 0.000000 -0.634393 -0.773010
    outer loop
      vertex 12.000 212.244 22.894
      vertex 50.000 212.244 22.894
      vertex 50.000 211.517 23.491
    endloop
  endfacet
  facet normal 0.000000 -0.634393 -0.773010
    outer loop
      vertex 12.000 212.244 22.894
      vertex 50.000 211.517 23.491
      vertex 12.000 211.517 23.491
    endloop
  endfacet
  facet normal 0.000000 0.634393 0.773010
    outer loop
      vertex 12.000 209.906 21.080
      vertex 50.000 209.906 21.080
      vertex 50.000 210.194 20.844
    endloop
  endfacet
  facet normal 0.000000 0.634393 0.773010
    outer loop
      vertex 12.000 209.906 21.080
      vertex 50.000 210.194 20.844
      vertex 12.000 210.194 20.844
    endloop
  endfacet
  facet normal -1.000000 0.000000 0.000000
    outer loop
      vertex 12.000 211.517 23.491
      vertex 12.000 212.244 22.894
      vertex 12.000 210.194 20.844
    endloop
  endfacet
  facet normal -1.000000 0.000000 0.000000
    outer loop
      vertex 12.000 211.517 23.491
      vertex 12.000 210.194 20.844
      vertex 12.000 209.906 21.080
    endloop
  endfacet
  facet normal 1.000000 0.000000 0.000000
    outer loop
      vertex 50.000 212.244 22.894
      vertex 50.000 211.517 23.491
      vertex 50.000 209.906 21.080
    endloop
  endfacet
  facet normal 1.000000 0.000000 0.000000
    outer loop
      vertex 50.000 212.244 22.894
      vertex 50.000 209.906 21.080
      vertex 50.000 210.194 20.844
    endloop
  endfacet
  facet normal 0.000000 -0.471397 -0.881921
    outer loop
      vertex 12.000 211.517 23.491
      vertex 50.000 211.517 23.491
      vertex 50.000 210.687 23.935
    endloop
  endfacet
  facet normal 0.000000 -0.471397 -0.881921
    outer loop
      vertex 12.000 211.517 23.491
      vertex 50.000 210.687 23.935
      vertex 12.000 210.687 23.935
    endloop
  endfacet
  facet normal 0.000000 0.471397 0.881921
    outer loop
      vertex 12.000 209.577 21.255
      vertex 50.000 209.577 21.255
      vertex 50.000 209.906 21.080
    endloop
  endfacet
  facet normal 0.000000 0.471397 0.881921
    outer loop
      vertex 12.000 209.577 21.255
      vertex 50.000 209.906 21.080
      vertex 12.000 209.906 21.080
    endloop
  endfacet
  facet normal -1.000000 0.000000 0.000000
    outer loop
      vertex 12.000 210.687 23.935
      vertex 12.000 211.517 23.491
      vertex 12.000 209.906 21.080
    endloop
  endfacet
  facet normal -1.000000 0.000000 0.000000
    outer loop
      vertex 12.000 210.687 23.935
      vertex 12.000 209.906 21.080
      vertex 12.000 209.577 21.255
    endloop
  endfacet
  facet normal 1.000000 0.000000 0.000000
    outer loop
      vertex 50.000 211.517 23.491
      vertex 50.000 210.687 23.935
      vertex 50.000 209.577 21.255
    endloop
  endfacet
  facet normal 1.000000 0.000000 0.000000
    outer loop
      vertex 50.000 211.517 23.491
      vertex 50.000 209.577 21.255
      vertex 50.000 209.906 21.080
    endloop
  endfacet
  facet normal 0.000000 -0.290285 -0.956940
    outer loop
      vertex 12.000 210.687 23.935
      vertex 50.000 210.687 23.935
      vertex 50.000 209.786 24.208
    endloop
  endfacet
  facet normal 0.000000 -0.290285 -0.956940
    outer loop
      vertex 12.000 210.687 23.935
      vertex 50.000 209.786 24.208
      vertex 12.000 209.786 24.208
    endloop
  endfacet
  facet normal 0.000000 0.290285 0.956940
    outer loop
      vertex 12.000 209.221 21.363
      vertex 50.000 209.221 21.363
      vertex 50.000 209.577 21.255
    endloop
  endfacet
  facet normal 0.000000 0.290285 0.956940
    outer loop
      vertex 12.000 209.221 21.363
      vertex 50.000 209.577 21.255
      vertex 12.000 209.577 21.255
    endloop
  endfacet
  facet normal -1.000000 0.000000 0.000000
    outer loop
      vertex 12.000 209.786 24.208
      vertex 12.000 210.687 23.935
      vertex 12.000 209.577 21.255
    endloop
  endfacet
  facet normal -1.000000 0.000000 0.000000
    outer loop
      vertex 12.000 209.786 24.208
      vertex 12.000 209.577 21.255
      vertex 12.000 209.221 21.363
    endloop
  endfacet
  facet normal 1.000000 0.000000 0.000000
    outer loop
      vertex 50.000 210.687 23.935
      vertex 50.000 209.786 24.208
      vertex 50.000 209.221 21.363
    endloop
  endfacet
  facet normal 1.000000 0.000000 0.000000
    outer loop
      vertex 50.000 210.687 23.935
      vertex 50.000 209.221 21.363
      vertex 50.000 209.577 21.255
    endloop
  endfacet
  facet normal 0.000000 -0.098017 -0.995185
    outer loop
      vertex 12.000 209.786 24.208
      vertex 50.000 209.786 24.208
      vertex 50.000 208.850 24.300
    endloop
  endfacet
  facet normal 0.000000 -0.098017 -0.995185
    outer loop
      vertex 12.000 209.786 24.208
      vertex 50.000 208.850 24.300
      vertex 12.000 208.850 24.300
    endloop
  endfacet
  facet normal 0.000000 0.098017 0.995185
    outer loop
      vertex 12.000 208.850 21.400
      vertex 50.000 208.850 21.400
      vertex 50.000 209.221 21.363
    endloop
  endfacet
  facet normal 0.000000 0.098017 0.995185
    outer loop
      vertex 12.000 208.850 21.400
      vertex 50.000 209.221 21.363
      vertex 12.000 209.221 21.363
    endloop
  endfacet
  facet normal -1.000000 0.000000 0.000000
    outer loop
      vertex 12.000 208.850 24.300
      vertex 12.000 209.786 24.208
      vertex 12.000 209.221 21.363
    endloop
  endfacet
  facet normal -1.000000 0.000000 0.000000
    outer loop
      vertex 12.000 208.850 24.300
      vertex 12.000 209.221 21.363
      vertex 12.000 208.850 21.400
    endloop
  endfacet
  facet normal 1.000000 0.000000 0.000000
    outer loop
      vertex 50.000 209.786 24.208
      vertex 50.000 208.850 24.300
      vertex 50.000 208.850 21.400
    endloop
  endfacet
  facet normal 1.000000 0.000000 0.000000
    outer loop
      vertex 50.000 209.786 24.208
      vertex 50.000 208.850 21.400
      vertex 50.000 209.221 21.363
    endloop
  endfacet
  facet normal 0.000000 0.098017 -0.995185
    outer loop
      vertex 12.000 208.850 24.300
      vertex 50.000 208.850 24.300
      vertex 50.000 207.914 24.208
    endloop
  endfacet
  facet normal 0.000000 0.098017 -0.995185
    outer loop
      vertex 12.000 208.850 24.300
      vertex 50.000 207.914 24.208
      vertex 12.000 207.914 24.208
    endloop
  endfacet
  facet normal 0.000000 -0.098017 0.995185
    outer loop
      vertex 12.000 208.479 21.363
      vertex 50.000 208.479 21.363
      vertex 50.000 208.850 21.400
    endloop
  endfacet
  facet normal 0.000000 -0.098017 0.995185
    outer loop
      vertex 12.000 208.479 21.363
      vertex 50.000 208.850 21.400
      vertex 12.000 208.850 21.400
    endloop
  endfacet
  facet normal -1.000000 0.000000 0.000000
    outer loop
      vertex 12.000 207.914 24.208
      vertex 12.000 208.850 24.300
      vertex 12.000 208.850 21.400
    endloop
  endfacet
  facet normal -1.000000 0.000000 0.000000
    outer loop
      vertex 12.000 207.914 24.208
      vertex 12.000 208.850 21.400
      vertex 12.000 208.479 21.363
    endloop
  endfacet
  facet normal 1.000000 0.000000 0.000000
    outer loop
      vertex 50.000 208.850 24.300
      vertex 50.000 207.914 24.208
      vertex 50.000 208.479 21.363
    endloop
  endfacet
  facet normal 1.000000 0.000000 0.000000
    outer loop
      vertex 50.000 208.850 24.300
      vertex 50.000 208.479 21.363
      vertex 50.000 208.850 21.400
    endloop
  endfacet
  facet normal 0.000000 0.290285 -0.956940
    outer loop
      vertex 12.000 207.914 24.208
      vertex 50.000 207.914 24.208
      vertex 50.000 207.013 23.935
    endloop
  endfacet
  facet normal 0.000000 0.290285 -0.956940
    outer loop
      vertex 12.000 207.914 24.208
      vertex 50.000 207.013 23.935
      vertex 12.000 207.013 23.935
    endloop
  endfacet
  facet normal 0.000000 -0.290285 0.956940
    outer loop
      vertex 12.000 208.123 21.255
      vertex 50.000 208.123 21.255
      vertex 50.000 208.479 21.363
    endloop
  endfacet
  facet normal 0.000000 -0.290285 0.956940
    outer loop
      vertex 12.000 208.123 21.255
      vertex 50.000 208.479 21.363
      vertex 12.000 208.479 21.363
    endloop
  endfacet
  facet normal -1.000000 0.000000 0.000000
    outer loop
      vertex 12.000 207.013 23.935
      vertex 12.000 207.914 24.208
      vertex 12.000 208.479 21.363
    endloop
  endfacet
  facet normal -1.000000 0.000000 0.000000
    outer loop
      vertex 12.000 207.013 23.935
      vertex 12.000 208.479 21.363
      vertex 12.000 208.123 21.255
    endloop
  endfacet
  facet normal 1.000000 0.000000 0.000000
    outer loop
      vertex 50.000 207.914 24.208
      vertex 50.000 207.013 23.935
      vertex 50.000 208.123 21.255
    endloop
  endfacet
  facet normal 1.000000 0.000000 0.000000
    outer loop
      vertex 50.000 207.914 24.208
      vertex 50.000 208.123 21.255
      vertex 50.000 208.479 21.363
    endloop
  endfacet
  facet normal 0.000000 0.471397 -0.881921
    outer loop
      vertex 12.000 207.013 23.935
      vertex 50.000 207.013 23.935
      vertex 50.000 206.183 23.491
    endloop
  endfacet
  facet normal 0.000000 0.471397 -0.881921
    outer loop
      vertex 12.000 207.013 23.935
      vertex 50.000 206.183 23.491
      vertex 12.000 206.183 23.491
    endloop
  endfacet
  facet normal 0.000000 -0.471397 0.881921
    outer loop
      vertex 12.000 207.794 21.080
      vertex 50.000 207.794 21.080
      vertex 50.000 208.123 21.255
    endloop
  endfacet
  facet normal 0.000000 -0.471397 0.881921
    outer loop
      vertex 12.000 207.794 21.080
      vertex 50.000 208.123 21.255
      vertex 12.000 208.123 21.255
    endloop
  endfacet
  facet normal -1.000000 0.000000 0.000000
    outer loop
      vertex 12.000 206.183 23.491
      vertex 12.000 207.013 23.935
      vertex 12.000 208.123 21.255
    endloop
  endfacet
  facet normal -1.000000 0.000000 0.000000
    outer loop
      vertex 12.000 206.183 23.491
      vertex 12.000 208.123 21.255
      vertex 12.000 207.794 21.080
    endloop
  endfacet
  facet normal 1.000000 0.000000 0.000000
    outer loop
      vertex 50.000 207.013 23.935
      vertex 50.000 206.183 23.491
      vertex 50.000 207.794 21.080
    endloop
  endfacet
  facet normal 1.000000 0.000000 0.000000
    outer loop
      vertex 50.000 207.013 23.935
      vertex 50.000 207.794 21.080
      vertex 50.000 208.123 21.255
    endloop
  endfacet
  facet normal 0.000000 0.634393 -0.773010
    outer loop
      vertex 12.000 206.183 23.491
      vertex 50.000 206.183 23.491
      vertex 50.000 205.456 22.894
    endloop
  endfacet
  facet normal 0.000000 0.634393 -0.773010
    outer loop
      vertex 12.000 206.183 23.491
      vertex 50.000 205.456 22.894
      vertex 12.000 205.456 22.894
    endloop
  endfacet
  facet normal 0.000000 -0.634393 0.773010
    outer loop
      vertex 12.000 207.506 20.844
      vertex 50.000 207.506 20.844
      vertex 50.000 207.794 21.080
    endloop
  endfacet
  facet normal 0.000000 -0.634393 0.773010
    outer loop
      vertex 12.000 207.506 20.844
      vertex 50.000 207.794 21.080
      vertex 12.000 207.794 21.080
    endloop
  endfacet
  facet normal -1.000000 0.000000 0.000000
    outer loop
      vertex 12.000 205.456 22.894
      vertex 12.000 206.183 23.491
      vertex 12.000 207.794 21.080
    endloop
  endfacet
  facet normal -1.000000 0.000000 0.000000
    outer loop
      vertex 12.000 205.456 22.894
      vertex 12.000 207.794 21.080
      vertex 12.000 207.506 20.844
    endloop
  endfacet
  facet normal 1.000000 0.000000 0.000000
    outer loop
      vertex 50.000 206.183 23.491
      vertex 50.000 205.456 22.894
      vertex 50.000 207.506 20.844
    endloop
  endfacet
  facet normal 1.000000 0.000000 0.000000
    outer loop
      vertex 50.000 206.183 23.491
      vertex 50.000 207.506 20.844
      vertex 50.000 207.794 21.080
    endloop
  endfacet
  facet normal 0.000000 0.773010 -0.634393
    outer loop
      vertex 12.000 205.456 22.894
      vertex 50.000 205.456 22.894
      vertex 50.000 204.859 22.167
    endloop
  endfacet
  facet normal 0.000000 0.773010 -0.634393
    outer loop
      vertex 12.000 205.456 22.894
      vertex 50.000 204.859 22.167
      vertex 12.000 204.859 22.167
    endloop
  endfacet
  facet normal 0.000000 -0.773010 0.634393
    outer loop
      vertex 12.000 207.270 20.556
      vertex 50.000 207.270 20.556
      vertex 50.000 207.506 20.844
    endloop
  endfacet
  facet normal 0.000000 -0.773010 0.634393
    outer loop
      vertex 12.000 207.270 20.556
      vertex 50.000 207.506 20.844
      vertex 12.000 207.506 20.844
    endloop
  endfacet
  facet normal -1.000000 0.000000 0.000000
    outer loop
      vertex 12.000 204.859 22.167
      vertex 12.000 205.456 22.894
      vertex 12.000 207.506 20.844
    endloop
  endfacet
  facet normal -1.000000 0.000000 0.000000
    outer loop
      vertex 12.000 204.859 22.167
      vertex 12.000 207.506 20.844
      vertex 12.000 207.270 20.556
    endloop
  endfacet
  facet normal 1.000000 0.000000 0.000000
    outer loop
      vertex 50.000 205.456 22.894
      vertex 50.000 204.859 22.167
      vertex 50.000 207.270 20.556
    endloop
  endfacet
  facet normal 1.000000 0.000000 0.000000
    outer loop
      vertex 50.000 205.456 22.894
      vertex 50.000 207.270 20.556
      vertex 50.000 207.506 20.844
    endloop
  endfacet
  facet normal 0.000000 0.881921 -0.471397
    outer loop
      vertex 12.000 204.859 22.167
      vertex 50.000 204.859 22.167
      vertex 50.000 204.415 21.337
    endloop
  endfacet
  facet normal 0.000000 0.881921 -0.471397
    outer loop
      vertex 12.000 204.859 22.167
      vertex 50.000 204.415 21.337
      vertex 12.000 204.415 21.337
    endloop
  endfacet
  facet normal 0.000000 -0.881921 0.471397
    outer loop
      vertex 12.000 207.095 20.227
      vertex 50.000 207.095 20.227
      vertex 50.000 207.270 20.556
    endloop
  endfacet
  facet normal 0.000000 -0.881921 0.471397
    outer loop
      vertex 12.000 207.095 20.227
      vertex 50.000 207.270 20.556
      vertex 12.000 207.270 20.556
    endloop
  endfacet
  facet normal -1.000000 0.000000 0.000000
    outer loop
      vertex 12.000 204.415 21.337
      vertex 12.000 204.859 22.167
      vertex 12.000 207.270 20.556
    endloop
  endfacet
  facet normal -1.000000 0.000000 0.000000
    outer loop
      vertex 12.000 204.415 21.337
      vertex 12.000 207.270 20.556
      vertex 12.000 207.095 20.227
    endloop
  endfacet
  facet normal 1.000000 0.000000 0.000000
    outer loop
      vertex 50.000 204.859 22.167
      vertex 50.000 204.415 21.337
      vertex 50.000 207.095 20.227
    endloop
  endfacet
  facet normal 1.000000 0.000000 0.000000
    outer loop
      vertex 50.000 204.859 22.167
      vertex 50.000 207.095 20.227
      vertex 50.000 207.270 20.556
    endloop
  endfacet
  facet normal 0.000000 0.956940 -0.290285
    outer loop
      vertex 12.000 204.415 21.337
      vertex 50.000 204.415 21.337
      vertex 50.000 204.142 20.436
    endloop
  endfacet
  facet normal 0.000000 0.956940 -0.290285
    outer loop
      vertex 12.000 204.415 21.337
      vertex 50.000 204.142 20.436
      vertex 12.000 204.142 20.436
    endloop
  endfacet
  facet normal 0.000000 -0.956940 0.290285
    outer loop
      vertex 12.000 206.987 19.871
      vertex 50.000 206.987 19.871
      vertex 50.000 207.095 20.227
    endloop
  endfacet
  facet normal 0.000000 -0.956940 0.290285
    outer loop
      vertex 12.000 206.987 19.871
      vertex 50.000 207.095 20.227
      vertex 12.000 207.095 20.227
    endloop
  endfacet
  facet normal -1.000000 0.000000 0.000000
    outer loop
      vertex 12.000 204.142 20.436
      vertex 12.000 204.415 21.337
      vertex 12.000 207.095 20.227
    endloop
  endfacet
  facet normal -1.000000 0.000000 0.000000
    outer loop
      vertex 12.000 204.142 20.436
      vertex 12.000 207.095 20.227
      vertex 12.000 206.987 19.871
    endloop
  endfacet
  facet normal 1.000000 0.000000 0.000000
    outer loop
      vertex 50.000 204.415 21.337
      vertex 50.000 204.142 20.436
      vertex 50.000 206.987 19.871
    endloop
  endfacet
  facet normal 1.000000 0.000000 0.000000
    outer loop
      vertex 50.000 204.415 21.337
      vertex 50.000 206.987 19.871
      vertex 50.000 207.095 20.227
    endloop
  endfacet
  facet normal 0.000000 0.995185 -0.098017
    outer loop
      vertex 12.000 204.142 20.436
      vertex 50.000 204.142 20.436
      vertex 50.000 204.050 19.500
    endloop
  endfacet
  facet normal 0.000000 0.995185 -0.098017
    outer loop
      vertex 12.000 204.142 20.436
      vertex 50.000 204.050 19.500
      vertex 12.000 204.050 19.500
    endloop
  endfacet
  facet normal 0.000000 -0.995185 0.098017
    outer loop
      vertex 12.000 206.950 19.500
      vertex 50.000 206.950 19.500
      vertex 50.000 206.987 19.871
    endloop
  endfacet
  facet normal 0.000000 -0.995185 0.098017
    outer loop
      vertex 12.000 206.950 19.500
      vertex 50.000 206.987 19.871
      vertex 12.000 206.987 19.871
    endloop
  endfacet
  facet normal -1.000000 0.000000 0.000000
    outer loop
      vertex 12.000 204.050 19.500
      vertex 12.000 204.142 20.436
      vertex 12.000 206.987 19.871
    endloop
  endfacet
  facet normal -1.000000 0.000000 0.000000
    outer loop
      vertex 12.000 204.050 19.500
      vertex 12.000 206.987 19.871
      vertex 12.000 206.950 19.500
    endloop
  endfacet
  facet normal 1.000000 0.000000 0.000000
    outer loop
      vertex 50.000 204.142 20.436
      vertex 50.000 204.050 19.500
      vertex 50.000 206.950 19.500
    endloop
  endfacet
  facet normal 1.000000 0.000000 0.000000
    outer loop
      vertex 50.000 204.142 20.436
      vertex 50.000 206.950 19.500
      vertex 50.000 206.987 19.871
    endloop
  endfacet
  facet normal 0.000000 0.995185 0.098017
    outer loop
      vertex 12.000 204.050 19.500
      vertex 50.000 204.050 19.500
      vertex 50.000 204.142 18.564
    endloop
  endfacet
  facet normal 0.000000 0.995185 0.098017
    outer loop
      vertex 12.000 204.050 19.500
      vertex 50.000 204.142 18.564
      vertex 12.000 204.142 18.564
    endloop
  endfacet
  facet normal 0.000000 -0.995185 -0.098017
    outer loop
      vertex 12.000 206.987 19.129
      vertex 50.000 206.987 19.129
      vertex 50.000 206.950 19.500
    endloop
  endfacet
  facet normal 0.000000 -0.995185 -0.098017
    outer loop
      vertex 12.000 206.987 19.129
      vertex 50.000 206.950 19.500
      vertex 12.000 206.950 19.500
    endloop
  endfacet
  facet normal -1.000000 0.000000 0.000000
    outer loop
      vertex 12.000 204.142 18.564
      vertex 12.000 204.050 19.500
      vertex 12.000 206.950 19.500
    endloop
  endfacet
  facet normal -1.000000 0.000000 0.000000
    outer loop
      vertex 12.000 204.142 18.564
      vertex 12.000 206.950 19.500
      vertex 12.000 206.987 19.129
    endloop
  endfacet
  facet normal 1.000000 0.000000 0.000000
    outer loop
      vertex 50.000 204.050 19.500
      vertex 50.000 204.142 18.564
      vertex 50.000 206.987 19.129
    endloop
  endfacet
  facet normal 1.000000 0.000000 0.000000
    outer loop
      vertex 50.000 204.050 19.500
      vertex 50.000 206.987 19.129
      vertex 50.000 206.950 19.500
    endloop
  endfacet
  facet normal 0.000000 0.956940 0.290285
    outer loop
      vertex 12.000 204.142 18.564
      vertex 50.000 204.142 18.564
      vertex 50.000 204.415 17.663
    endloop
  endfacet
  facet normal 0.000000 0.956940 0.290285
    outer loop
      vertex 12.000 204.142 18.564
      vertex 50.000 204.415 17.663
      vertex 12.000 204.415 17.663
    endloop
  endfacet
  facet normal 0.000000 -0.956940 -0.290285
    outer loop
      vertex 12.000 207.095 18.773
      vertex 50.000 207.095 18.773
      vertex 50.000 206.987 19.129
    endloop
  endfacet
  facet normal 0.000000 -0.956940 -0.290285
    outer loop
      vertex 12.000 207.095 18.773
      vertex 50.000 206.987 19.129
      vertex 12.000 206.987 19.129
    endloop
  endfacet
  facet normal -1.000000 0.000000 0.000000
    outer loop
      vertex 12.000 204.415 17.663
      vertex 12.000 204.142 18.564
      vertex 12.000 206.987 19.129
    endloop
  endfacet
  facet normal -1.000000 0.000000 0.000000
    outer loop
      vertex 12.000 204.415 17.663
      vertex 12.000 206.987 19.129
      vertex 12.000 207.095 18.773
    endloop
  endfacet
  facet normal 1.000000 0.000000 0.000000
    outer loop
      vertex 50.000 204.142 18.564
      vertex 50.000 204.415 17.663
      vertex 50.000 207.095 18.773
    endloop
  endfacet
  facet normal 1.000000 0.000000 0.000000
    outer loop
      vertex 50.000 204.142 18.564
      vertex 50.000 207.095 18.773
      vertex 50.000 206.987 19.129
    endloop
  endfacet
  facet normal 0.000000 0.881921 0.471397
    outer loop
      vertex 12.000 204.415 17.663
      vertex 50.000 204.415 17.663
      vertex 50.000 204.859 16.833
    endloop
  endfacet
  facet normal 0.000000 0.881921 0.471397
    outer loop
      vertex 12.000 204.415 17.663
      vertex 50.000 204.859 16.833
      vertex 12.000 204.859 16.833
    endloop
  endfacet
  facet normal 0.000000 -0.881921 -0.471397
    outer loop
      vertex 12.000 207.270 18.444
      vertex 50.000 207.270 18.444
      vertex 50.000 207.095 18.773
    endloop
  endfacet
  facet normal 0.000000 -0.881921 -0.471397
    outer loop
      vertex 12.000 207.270 18.444
      vertex 50.000 207.095 18.773
      vertex 12.000 207.095 18.773
    endloop
  endfacet
  facet normal -1.000000 0.000000 0.000000
    outer loop
      vertex 12.000 204.859 16.833
      vertex 12.000 204.415 17.663
      vertex 12.000 207.095 18.773
    endloop
  endfacet
  facet normal -1.000000 0.000000 0.000000
    outer loop
      vertex 12.000 204.859 16.833
      vertex 12.000 207.095 18.773
      vertex 12.000 207.270 18.444
    endloop
  endfacet
  facet normal 1.000000 0.000000 0.000000
    outer loop
      vertex 50.000 204.415 17.663
      vertex 50.000 204.859 16.833
      vertex 50.000 207.270 18.444
    endloop
  endfacet
  facet normal 1.000000 0.000000 0.000000
    outer loop
      vertex 50.000 204.415 17.663
      vertex 50.000 207.270 18.444
      vertex 50.000 207.095 18.773
    endloop
  endfacet
  facet normal 0.000000 0.773010 0.634393
    outer loop
      vertex 12.000 204.859 16.833
      vertex 50.000 204.859 16.833
      vertex 50.000 205.456 16.106
    endloop
  endfacet
  facet normal 0.000000 0.773010 0.634393
    outer loop
      vertex 12.000 204.859 16.833
      vertex 50.000 205.456 16.106
      vertex 12.000 205.456 16.106
    endloop
  endfacet
  facet normal 0.000000 -0.773010 -0.634393
    outer loop
      vertex 12.000 207.506 18.156
      vertex 50.000 207.506 18.156
      vertex 50.000 207.270 18.444
    endloop
  endfacet
  facet normal 0.000000 -0.773010 -0.634393
    outer loop
      vertex 12.000 207.506 18.156
      vertex 50.000 207.270 18.444
      vertex 12.000 207.270 18.444
    endloop
  endfacet
  facet normal -1.000000 0.000000 0.000000
    outer loop
      vertex 12.000 205.456 16.106
      vertex 12.000 204.859 16.833
      vertex 12.000 207.270 18.444
    endloop
  endfacet
  facet normal -1.000000 0.000000 0.000000
    outer loop
      vertex 12.000 205.456 16.106
      vertex 12.000 207.270 18.444
      vertex 12.000 207.506 18.156
    endloop
  endfacet
  facet normal 1.000000 0.000000 0.000000
    outer loop
      vertex 50.000 204.859 16.833
      vertex 50.000 205.456 16.106
      vertex 50.000 207.506 18.156
    endloop
  endfacet
  facet normal 1.000000 0.000000 0.000000
    outer loop
      vertex 50.000 204.859 16.833
      vertex 50.000 207.506 18.156
      vertex 50.000 207.270 18.444
    endloop
  endfacet
  facet normal 0.000000 0.634393 0.773010
    outer loop
      vertex 12.000 205.456 16.106
      vertex 50.000 205.456 16.106
      vertex 50.000 206.183 15.509
    endloop
  endfacet
  facet normal 0.000000 0.634393 0.773010
    outer loop
      vertex 12.000 205.456 16.106
      vertex 50.000 206.183 15.509
      vertex 12.000 206.183 15.509
    endloop
  endfacet
  facet normal 0.000000 -0.634393 -0.773010
    outer loop
      vertex 12.000 207.794 17.920
      vertex 50.000 207.794 17.920
      vertex 50.000 207.506 18.156
    endloop
  endfacet
  facet normal 0.000000 -0.634393 -0.773010
    outer loop
      vertex 12.000 207.794 17.920
      vertex 50.000 207.506 18.156
      vertex 12.000 207.506 18.156
    endloop
  endfacet
  facet normal -1.000000 0.000000 0.000000
    outer loop
      vertex 12.000 206.183 15.509
      vertex 12.000 205.456 16.106
      vertex 12.000 207.506 18.156
    endloop
  endfacet
  facet normal -1.000000 0.000000 0.000000
    outer loop
      vertex 12.000 206.183 15.509
      vertex 12.000 207.506 18.156
      vertex 12.000 207.794 17.920
    endloop
  endfacet
  facet normal 1.000000 0.000000 0.000000
    outer loop
      vertex 50.000 205.456 16.106
      vertex 50.000 206.183 15.509
      vertex 50.000 207.794 17.920
    endloop
  endfacet
  facet normal 1.000000 0.000000 0.000000
    outer loop
      vertex 50.000 205.456 16.106
      vertex 50.000 207.794 17.920
      vertex 50.000 207.506 18.156
    endloop
  endfacet
  facet normal 0.000000 0.471397 0.881921
    outer loop
      vertex 12.000 206.183 15.509
      vertex 50.000 206.183 15.509
      vertex 50.000 207.013 15.065
    endloop
  endfacet
  facet normal 0.000000 0.471397 0.881921
    outer loop
      vertex 12.000 206.183 15.509
      vertex 50.000 207.013 15.065
      vertex 12.000 207.013 15.065
    endloop
  endfacet
  facet normal 0.000000 -0.471397 -0.881921
    outer loop
      vertex 12.000 208.123 17.745
      vertex 50.000 208.123 17.745
      vertex 50.000 207.794 17.920
    endloop
  endfacet
  facet normal 0.000000 -0.471397 -0.881921
    outer loop
      vertex 12.000 208.123 17.745
      vertex 50.000 207.794 17.920
      vertex 12.000 207.794 17.920
    endloop
  endfacet
  facet normal -1.000000 0.000000 0.000000
    outer loop
      vertex 12.000 207.013 15.065
      vertex 12.000 206.183 15.509
      vertex 12.000 207.794 17.920
    endloop
  endfacet
  facet normal -1.000000 0.000000 0.000000
    outer loop
      vertex 12.000 207.013 15.065
      vertex 12.000 207.794 17.920
      vertex 12.000 208.123 17.745
    endloop
  endfacet
  facet normal 1.000000 0.000000 0.000000
    outer loop
      vertex 50.000 206.183 15.509
      vertex 50.000 207.013 15.065
      vertex 50.000 208.123 17.745
    endloop
  endfacet
  facet normal 1.000000 0.000000 0.000000
    outer loop
      vertex 50.000 206.183 15.509
      vertex 50.000 208.123 17.745
      vertex 50.000 207.794 17.920
    endloop
  endfacet
  facet normal 0.000000 0.290285 0.956940
    outer loop
      vertex 12.000 207.013 15.065
      vertex 50.000 207.013 15.065
      vertex 50.000 207.914 14.792
    endloop
  endfacet
  facet normal 0.000000 0.290285 0.956940
    outer loop
      vertex 12.000 207.013 15.065
      vertex 50.000 207.914 14.792
      vertex 12.000 207.914 14.792
    endloop
  endfacet
  facet normal 0.000000 -0.290285 -0.956940
    outer loop
      vertex 12.000 208.479 17.637
      vertex 50.000 208.479 17.637
      vertex 50.000 208.123 17.745
    endloop
  endfacet
  facet normal 0.000000 -0.290285 -0.956940
    outer loop
      vertex 12.000 208.479 17.637
      vertex 50.000 208.123 17.745
      vertex 12.000 208.123 17.745
    endloop
  endfacet
  facet normal -1.000000 0.000000 0.000000
    outer loop
      vertex 12.000 207.914 14.792
      vertex 12.000 207.013 15.065
      vertex 12.000 208.123 17.745
    endloop
  endfacet
  facet normal -1.000000 0.000000 0.000000
    outer loop
      vertex 12.000 207.914 14.792
      vertex 12.000 208.123 17.745
      vertex 12.000 208.479 17.637
    endloop
  endfacet
  facet normal 1.000000 0.000000 0.000000
    outer loop
      vertex 50.000 207.013 15.065
      vertex 50.000 207.914 14.792
      vertex 50.000 208.479 17.637
    endloop
  endfacet
  facet normal 1.000000 0.000000 0.000000
    outer loop
      vertex 50.000 207.013 15.065
      vertex 50.000 208.479 17.637
      vertex 50.000 208.123 17.745
    endloop
  endfacet
  facet normal 0.000000 0.098017 0.995185
    outer loop
      vertex 12.000 207.914 14.792
      vertex 50.000 207.914 14.792
      vertex 50.000 208.850 14.700
    endloop
  endfacet
  facet normal 0.000000 0.098017 0.995185
    outer loop
      vertex 12.000 207.914 14.792
      vertex 50.000 208.850 14.700
      vertex 12.000 208.850 14.700
    endloop
  endfacet
  facet normal 0.000000 -0.098017 -0.995185
    outer loop
      vertex 12.000 208.850 17.600
      vertex 50.000 208.850 17.600
      vertex 50.000 208.479 17.637
    endloop
  endfacet
  facet normal 0.000000 -0.098017 -0.995185
    outer loop
      vertex 12.000 208.850 17.600
      vertex 50.000 208.479 17.637
      vertex 12.000 208.479 17.637
    endloop
  endfacet
  facet normal -1.000000 0.000000 0.000000
    outer loop
      vertex 12.000 208.850 14.700
      vertex 12.000 207.914 14.792
      vertex 12.000 208.479 17.637
    endloop
  endfacet
  facet normal -1.000000 0.000000 0.000000
    outer loop
      vertex 12.000 208.850 14.700
      vertex 12.000 208.479 17.637
      vertex 12.000 208.850 17.600
    endloop
  endfacet
  facet normal 1.000000 0.000000 0.000000
    outer loop
      vertex 50.000 207.914 14.792
      vertex 50.000 208.850 14.700
      vertex 50.000 208.850 17.600
    endloop
  endfacet
  facet normal 1.000000 0.000000 0.000000
    outer loop
      vertex 50.000 207.914 14.792
      vertex 50.000 208.850 17.600
      vertex 50.000 208.479 17.637
    endloop
  endfacet
  facet normal 0.000000 -0.098017 0.995185
    outer loop
      vertex 12.000 208.850 14.700
      vertex 50.000 208.850 14.700
      vertex 50.000 209.786 14.792
    endloop
  endfacet
  facet normal 0.000000 -0.098017 0.995185
    outer loop
      vertex 12.000 208.850 14.700
      vertex 50.000 209.786 14.792
      vertex 12.000 209.786 14.792
    endloop
  endfacet
  facet normal 0.000000 0.098017 -0.995185
    outer loop
      vertex 12.000 209.221 17.637
      vertex 50.000 209.221 17.637
      vertex 50.000 208.850 17.600
    endloop
  endfacet
  facet normal 0.000000 0.098017 -0.995185
    outer loop
      vertex 12.000 209.221 17.637
      vertex 50.000 208.850 17.600
      vertex 12.000 208.850 17.600
    endloop
  endfacet
  facet normal -1.000000 0.000000 0.000000
    outer loop
      vertex 12.000 209.786 14.792
      vertex 12.000 208.850 14.700
      vertex 12.000 208.850 17.600
    endloop
  endfacet
  facet normal -1.000000 0.000000 0.000000
    outer loop
      vertex 12.000 209.786 14.792
      vertex 12.000 208.850 17.600
      vertex 12.000 209.221 17.637
    endloop
  endfacet
  facet normal 1.000000 0.000000 0.000000
    outer loop
      vertex 50.000 208.850 14.700
      vertex 50.000 209.786 14.792
      vertex 50.000 209.221 17.637
    endloop
  endfacet
  facet normal 1.000000 0.000000 0.000000
    outer loop
      vertex 50.000 208.850 14.700
      vertex 50.000 209.221 17.637
      vertex 50.000 208.850 17.600
    endloop
  endfacet
  facet normal 0.000000 -0.290285 0.956940
    outer loop
      vertex 12.000 209.786 14.792
      vertex 50.000 209.786 14.792
      vertex 50.000 210.687 15.065
    endloop
  endfacet
  facet normal 0.000000 -0.290285 0.956940
    outer loop
      vertex 12.000 209.786 14.792
      vertex 50.000 210.687 15.065
      vertex 12.000 210.687 15.065
    endloop
  endfacet
  facet normal 0.000000 0.290285 -0.956940
    outer loop
      vertex 12.000 209.577 17.745
      vertex 50.000 209.577 17.745
      vertex 50.000 209.221 17.637
    endloop
  endfacet
  facet normal 0.000000 0.290285 -0.956940
    outer loop
      vertex 12.000 209.577 17.745
      vertex 50.000 209.221 17.637
      vertex 12.000 209.221 17.637
    endloop
  endfacet
  facet normal -1.000000 0.000000 0.000000
    outer loop
      vertex 12.000 210.687 15.065
      vertex 12.000 209.786 14.792
      vertex 12.000 209.221 17.637
    endloop
  endfacet
  facet normal -1.000000 0.000000 0.000000
    outer loop
      vertex 12.000 210.687 15.065
      vertex 12.000 209.221 17.637
      vertex 12.000 209.577 17.745
    endloop
  endfacet
  facet normal 1.000000 0.000000 0.000000
    outer loop
      vertex 50.000 209.786 14.792
      vertex 50.000 210.687 15.065
      vertex 50.000 209.577 17.745
    endloop
  endfacet
  facet normal 1.000000 0.000000 0.000000
    outer loop
      vertex 50.000 209.786 14.792
      vertex 50.000 209.577 17.745
      vertex 50.000 209.221 17.637
    endloop
  endfacet
  facet normal 0.000000 -0.471397 0.881921
    outer loop
      vertex 12.000 210.687 15.065
      vertex 50.000 210.687 15.065
      vertex 50.000 211.517 15.509
    endloop
  endfacet
  facet normal 0.000000 -0.471397 0.881921
    outer loop
      vertex 12.000 210.687 15.065
      vertex 50.000 211.517 15.509
      vertex 12.000 211.517 15.509
    endloop
  endfacet
  facet normal 0.000000 0.471397 -0.881921
    outer loop
      vertex 12.000 209.906 17.920
      vertex 50.000 209.906 17.920
      vertex 50.000 209.577 17.745
    endloop
  endfacet
  facet normal 0.000000 0.471397 -0.881921
    outer loop
      vertex 12.000 209.906 17.920
      vertex 50.000 209.577 17.745
      vertex 12.000 209.577 17.745
    endloop
  endfacet
  facet normal -1.000000 0.000000 0.000000
    outer loop
      vertex 12.000 211.517 15.509
      vertex 12.000 210.687 15.065
      vertex 12.000 209.577 17.745
    endloop
  endfacet
  facet normal -1.000000 0.000000 0.000000
    outer loop
      vertex 12.000 211.517 15.509
      vertex 12.000 209.577 17.745
      vertex 12.000 209.906 17.920
    endloop
  endfacet
  facet normal 1.000000 0.000000 0.000000
    outer loop
      vertex 50.000 210.687 15.065
      vertex 50.000 211.517 15.509
      vertex 50.000 209.906 17.920
    endloop
  endfacet
  facet normal 1.000000 0.000000 0.000000
    outer loop
      vertex 50.000 210.687 15.065
      vertex 50.000 209.906 17.920
      vertex 50.000 209.577 17.745
    endloop
  endfacet
  facet normal 0.000000 -0.634393 0.773010
    outer loop
      vertex 12.000 211.517 15.509
      vertex 50.000 211.517 15.509
      vertex 50.000 212.244 16.106
    endloop
  endfacet
  facet normal 0.000000 -0.634393 0.773010
    outer loop
      vertex 12.000 211.517 15.509
      vertex 50.000 212.244 16.106
      vertex 12.000 212.244 16.106
    endloop
  endfacet
  facet normal 0.000000 0.634393 -0.773010
    outer loop
      vertex 12.000 210.194 18.156
      vertex 50.000 210.194 18.156
      vertex 50.000 209.906 17.920
    endloop
  endfacet
  facet normal 0.000000 0.634393 -0.773010
    outer loop
      vertex 12.000 210.194 18.156
      vertex 50.000 209.906 17.920
      vertex 12.000 209.906 17.920
    endloop
  endfacet
  facet normal -1.000000 0.000000 0.000000
    outer loop
      vertex 12.000 212.244 16.106
      vertex 12.000 211.517 15.509
      vertex 12.000 209.906 17.920
    endloop
  endfacet
  facet normal -1.000000 0.000000 0.000000
    outer loop
      vertex 12.000 212.244 16.106
      vertex 12.000 209.906 17.920
      vertex 12.000 210.194 18.156
    endloop
  endfacet
  facet normal 1.000000 0.000000 0.000000
    outer loop
      vertex 50.000 211.517 15.509
      vertex 50.000 212.244 16.106
      vertex 50.000 210.194 18.156
    endloop
  endfacet
  facet normal 1.000000 0.000000 0.000000
    outer loop
      vertex 50.000 211.517 15.509
      vertex 50.000 210.194 18.156
      vertex 50.000 209.906 17.920
    endloop
  endfacet
  facet normal 0.000000 -0.773010 0.634393
    outer loop
      vertex 12.000 212.244 16.106
      vertex 50.000 212.244 16.106
      vertex 50.000 212.841 16.833
    endloop
  endfacet
  facet normal 0.000000 -0.773010 0.634393
    outer loop
      vertex 12.000 212.244 16.106
      vertex 50.000 212.841 16.833
      vertex 12.000 212.841 16.833
    endloop
  endfacet
  facet normal 0.000000 0.773010 -0.634393
    outer loop
      vertex 12.000 210.430 18.444
      vertex 50.000 210.430 18.444
      vertex 50.000 210.194 18.156
    endloop
  endfacet
  facet normal 0.000000 0.773010 -0.634393
    outer loop
      vertex 12.000 210.430 18.444
      vertex 50.000 210.194 18.156
      vertex 12.000 210.194 18.156
    endloop
  endfacet
  facet normal -1.000000 0.000000 0.000000
    outer loop
      vertex 12.000 212.841 16.833
      vertex 12.000 212.244 16.106
      vertex 12.000 210.194 18.156
    endloop
  endfacet
  facet normal -1.000000 0.000000 0.000000
    outer loop
      vertex 12.000 212.841 16.833
      vertex 12.000 210.194 18.156
      vertex 12.000 210.430 18.444
    endloop
  endfacet
  facet normal 1.000000 0.000000 0.000000
    outer loop
      vertex 50.000 212.244 16.106
      vertex 50.000 212.841 16.833
      vertex 50.000 210.430 18.444
    endloop
  endfacet
  facet normal 1.000000 0.000000 0.000000
    outer loop
      vertex 50.000 212.244 16.106
      vertex 50.000 210.430 18.444
      vertex 50.000 210.194 18.156
    endloop
  endfacet
  facet normal 0.000000 -0.881921 0.471397
    outer loop
      vertex 12.000 212.841 16.833
      vertex 50.000 212.841 16.833
      vertex 50.000 213.285 17.663
    endloop
  endfacet
  facet normal 0.000000 -0.881921 0.471397
    outer loop
      vertex 12.000 212.841 16.833
      vertex 50.000 213.285 17.663
      vertex 12.000 213.285 17.663
    endloop
  endfacet
  facet normal 0.000000 0.881921 -0.471397
    outer loop
      vertex 12.000 210.605 18.773
      vertex 50.000 210.605 18.773
      vertex 50.000 210.430 18.444
    endloop
  endfacet
  facet normal 0.000000 0.881921 -0.471397
    outer loop
      vertex 12.000 210.605 18.773
      vertex 50.000 210.430 18.444
      vertex 12.000 210.430 18.444
    endloop
  endfacet
  facet normal -1.000000 0.000000 0.000000
    outer loop
      vertex 12.000 213.285 17.663
      vertex 12.000 212.841 16.833
      vertex 12.000 210.430 18.444
    endloop
  endfacet
  facet normal -1.000000 0.000000 0.000000
    outer loop
      vertex 12.000 213.285 17.663
      vertex 12.000 210.430 18.444
      vertex 12.000 210.605 18.773
    endloop
  endfacet
  facet normal 1.000000 0.000000 0.000000
    outer loop
      vertex 50.000 212.841 16.833
      vertex 50.000 213.285 17.663
      vertex 50.000 210.605 18.773
    endloop
  endfacet
  facet normal 1.000000 0.000000 0.000000
    outer loop
      vertex 50.000 212.841 16.833
      vertex 50.000 210.605 18.773
      vertex 50.000 210.430 18.444
    endloop
  endfacet
  facet normal 0.000000 -0.956940 0.290285
    outer loop
      vertex 12.000 213.285 17.663
      vertex 50.000 213.285 17.663
      vertex 50.000 213.558 18.564
    endloop
  endfacet
  facet normal 0.000000 -0.956940 0.290285
    outer loop
      vertex 12.000 213.285 17.663
      vertex 50.000 213.558 18.564
      vertex 12.000 213.558 18.564
    endloop
  endfacet
  facet normal 0.000000 0.956940 -0.290285
    outer loop
      vertex 12.000 210.713 19.129
      vertex 50.000 210.713 19.129
      vertex 50.000 210.605 18.773
    endloop
  endfacet
  facet normal 0.000000 0.956940 -0.290285
    outer loop
      vertex 12.000 210.713 19.129
      vertex 50.000 210.605 18.773
      vertex 12.000 210.605 18.773
    endloop
  endfacet
  facet normal -1.000000 0.000000 0.000000
    outer loop
      vertex 12.000 213.558 18.564
      vertex 12.000 213.285 17.663
      vertex 12.000 210.605 18.773
    endloop
  endfacet
  facet normal -1.000000 0.000000 0.000000
    outer loop
      vertex 12.000 213.558 18.564
      vertex 12.000 210.605 18.773
      vertex 12.000 210.713 19.129
    endloop
  endfacet
  facet normal 1.000000 0.000000 0.000000
    outer loop
      vertex 50.000 213.285 17.663
      vertex 50.000 213.558 18.564
      vertex 50.000 210.713 19.129
    endloop
  endfacet
  facet normal 1.000000 0.000000 0.000000
    outer loop
      vertex 50.000 213.285 17.663
      vertex 50.000 210.713 19.129
      vertex 50.000 210.605 18.773
    endloop
  endfacet
  facet normal 0.000000 -0.995185 0.098017
    outer loop
      vertex 12.000 213.558 18.564
      vertex 50.000 213.558 18.564
      vertex 50.000 213.650 19.500
    endloop
  endfacet
  facet normal 0.000000 -0.995185 0.098017
    outer loop
      vertex 12.000 213.558 18.564
      vertex 50.000 213.650 19.500
      vertex 12.000 213.650 19.500
    endloop
  endfacet
  facet normal 0.000000 0.995185 -0.098017
    outer loop
      vertex 12.000 210.750 19.500
      vertex 50.000 210.750 19.500
      vertex 50.000 210.713 19.129
    endloop
  endfacet
  facet normal 0.000000 0.995185 -0.098017
    outer loop
      vertex 12.000 210.750 19.500
      vertex 50.000 210.713 19.129
      vertex 12.000 210.713 19.129
    endloop
  endfacet
  facet normal -1.000000 0.000000 0.000000
    outer loop
      vertex 12.000 213.650 19.500
      vertex 12.000 213.558 18.564
      vertex 12.000 210.713 19.129
    endloop
  endfacet
  facet normal -1.000000 0.000000 0.000000
    outer loop
      vertex 12.000 213.650 19.500
      vertex 12.000 210.713 19.129
      vertex 12.000 210.750 19.500
    endloop
  endfacet
  facet normal 1.000000 0.000000 0.000000
    outer loop
      vertex 50.000 213.558 18.564
      vertex 50.000 213.650 19.500
      vertex 50.000 210.750 19.500
    endloop
  endfacet
  facet normal 1.000000 0.000000 0.000000
    outer loop
      vertex 50.000 213.558 18.564
      vertex 50.000 210.750 19.500
      vertex 50.000 210.713 19.129
    endloop
  endfacet
  facet normal 0.000000 -0.995185 -0.098017
    outer loop
      vertex 174.000 213.650 19.500
      vertex 212.000 213.650 19.500
      vertex 212.000 213.558 20.436
    endloop
  endfacet
  facet normal 0.000000 -0.995185 -0.098017
    outer loop
      vertex 174.000 213.650 19.500
      vertex 212.000 213.558 20.436
      vertex 174.000 213.558 20.436
    endloop
  endfacet
  facet normal 0.000000 0.995185 0.098017
    outer loop
      vertex 174.000 210.713 19.871
      vertex 212.000 210.713 19.871
      vertex 212.000 210.750 19.500
    endloop
  endfacet
  facet normal 0.000000 0.995185 0.098017
    outer loop
      vertex 174.000 210.713 19.871
      vertex 212.000 210.750 19.500
      vertex 174.000 210.750 19.500
    endloop
  endfacet
  facet normal -1.000000 0.000000 0.000000
    outer loop
      vertex 174.000 213.558 20.436
      vertex 174.000 213.650 19.500
      vertex 174.000 210.750 19.500
    endloop
  endfacet
  facet normal -1.000000 0.000000 0.000000
    outer loop
      vertex 174.000 213.558 20.436
      vertex 174.000 210.750 19.500
      vertex 174.000 210.713 19.871
    endloop
  endfacet
  facet normal 1.000000 0.000000 0.000000
    outer loop
      vertex 212.000 213.650 19.500
      vertex 212.000 213.558 20.436
      vertex 212.000 210.713 19.871
    endloop
  endfacet
  facet normal 1.000000 0.000000 0.000000
    outer loop
      vertex 212.000 213.650 19.500
      vertex 212.000 210.713 19.871
      vertex 212.000 210.750 19.500
    endloop
  endfacet
  facet normal 0.000000 -0.956940 -0.290285
    outer loop
      vertex 174.000 213.558 20.436
      vertex 212.000 213.558 20.436
      vertex 212.000 213.285 21.337
    endloop
  endfacet
  facet normal 0.000000 -0.956940 -0.290285
    outer loop
      vertex 174.000 213.558 20.436
      vertex 212.000 213.285 21.337
      vertex 174.000 213.285 21.337
    endloop
  endfacet
  facet normal 0.000000 0.956940 0.290285
    outer loop
      vertex 174.000 210.605 20.227
      vertex 212.000 210.605 20.227
      vertex 212.000 210.713 19.871
    endloop
  endfacet
  facet normal 0.000000 0.956940 0.290285
    outer loop
      vertex 174.000 210.605 20.227
      vertex 212.000 210.713 19.871
      vertex 174.000 210.713 19.871
    endloop
  endfacet
  facet normal -1.000000 0.000000 0.000000
    outer loop
      vertex 174.000 213.285 21.337
      vertex 174.000 213.558 20.436
      vertex 174.000 210.713 19.871
    endloop
  endfacet
  facet normal -1.000000 0.000000 0.000000
    outer loop
      vertex 174.000 213.285 21.337
      vertex 174.000 210.713 19.871
      vertex 174.000 210.605 20.227
    endloop
  endfacet
  facet normal 1.000000 0.000000 0.000000
    outer loop
      vertex 212.000 213.558 20.436
      vertex 212.000 213.285 21.337
      vertex 212.000 210.605 20.227
    endloop
  endfacet
  facet normal 1.000000 0.000000 0.000000
    outer loop
      vertex 212.000 213.558 20.436
      vertex 212.000 210.605 20.227
      vertex 212.000 210.713 19.871
    endloop
  endfacet
  facet normal 0.000000 -0.881921 -0.471397
    outer loop
      vertex 174.000 213.285 21.337
      vertex 212.000 213.285 21.337
      vertex 212.000 212.841 22.167
    endloop
  endfacet
  facet normal 0.000000 -0.881921 -0.471397
    outer loop
      vertex 174.000 213.285 21.337
      vertex 212.000 212.841 22.167
      vertex 174.000 212.841 22.167
    endloop
  endfacet
  facet normal 0.000000 0.881921 0.471397
    outer loop
      vertex 174.000 210.430 20.556
      vertex 212.000 210.430 20.556
      vertex 212.000 210.605 20.227
    endloop
  endfacet
  facet normal 0.000000 0.881921 0.471397
    outer loop
      vertex 174.000 210.430 20.556
      vertex 212.000 210.605 20.227
      vertex 174.000 210.605 20.227
    endloop
  endfacet
  facet normal -1.000000 0.000000 0.000000
    outer loop
      vertex 174.000 212.841 22.167
      vertex 174.000 213.285 21.337
      vertex 174.000 210.605 20.227
    endloop
  endfacet
  facet normal -1.000000 0.000000 0.000000
    outer loop
      vertex 174.000 212.841 22.167
      vertex 174.000 210.605 20.227
      vertex 174.000 210.430 20.556
    endloop
  endfacet
  facet normal 1.000000 0.000000 0.000000
    outer loop
      vertex 212.000 213.285 21.337
      vertex 212.000 212.841 22.167
      vertex 212.000 210.430 20.556
    endloop
  endfacet
  facet normal 1.000000 0.000000 0.000000
    outer loop
      vertex 212.000 213.285 21.337
      vertex 212.000 210.430 20.556
      vertex 212.000 210.605 20.227
    endloop
  endfacet
  facet normal 0.000000 -0.773010 -0.634393
    outer loop
      vertex 174.000 212.841 22.167
      vertex 212.000 212.841 22.167
      vertex 212.000 212.244 22.894
    endloop
  endfacet
  facet normal 0.000000 -0.773010 -0.634393
    outer loop
      vertex 174.000 212.841 22.167
      vertex 212.000 212.244 22.894
      vertex 174.000 212.244 22.894
    endloop
  endfacet
  facet normal 0.000000 0.773010 0.634393
    outer loop
      vertex 174.000 210.194 20.844
      vertex 212.000 210.194 20.844
      vertex 212.000 210.430 20.556
    endloop
  endfacet
  facet normal 0.000000 0.773010 0.634393
    outer loop
      vertex 174.000 210.194 20.844
      vertex 212.000 210.430 20.556
      vertex 174.000 210.430 20.556
    endloop
  endfacet
  facet normal -1.000000 0.000000 0.000000
    outer loop
      vertex 174.000 212.244 22.894
      vertex 174.000 212.841 22.167
      vertex 174.000 210.430 20.556
    endloop
  endfacet
  facet normal -1.000000 0.000000 0.000000
    outer loop
      vertex 174.000 212.244 22.894
      vertex 174.000 210.430 20.556
      vertex 174.000 210.194 20.844
    endloop
  endfacet
  facet normal 1.000000 0.000000 0.000000
    outer loop
      vertex 212.000 212.841 22.167
      vertex 212.000 212.244 22.894
      vertex 212.000 210.194 20.844
    endloop
  endfacet
  facet normal 1.000000 0.000000 0.000000
    outer loop
      vertex 212.000 212.841 22.167
      vertex 212.000 210.194 20.844
      vertex 212.000 210.430 20.556
    endloop
  endfacet
  facet normal 0.000000 -0.634393 -0.773010
    outer loop
      vertex 174.000 212.244 22.894
      vertex 212.000 212.244 22.894
      vertex 212.000 211.517 23.491
    endloop
  endfacet
  facet normal 0.000000 -0.634393 -0.773010
    outer loop
      vertex 174.000 212.244 22.894
      vertex 212.000 211.517 23.491
      vertex 174.000 211.517 23.491
    endloop
  endfacet
  facet normal 0.000000 0.634393 0.773010
    outer loop
      vertex 174.000 209.906 21.080
      vertex 212.000 209.906 21.080
      vertex 212.000 210.194 20.844
    endloop
  endfacet
  facet normal 0.000000 0.634393 0.773010
    outer loop
      vertex 174.000 209.906 21.080
      vertex 212.000 210.194 20.844
      vertex 174.000 210.194 20.844
    endloop
  endfacet
  facet normal -1.000000 0.000000 0.000000
    outer loop
      vertex 174.000 211.517 23.491
      vertex 174.000 212.244 22.894
      vertex 174.000 210.194 20.844
    endloop
  endfacet
  facet normal -1.000000 0.000000 0.000000
    outer loop
      vertex 174.000 211.517 23.491
      vertex 174.000 210.194 20.844
      vertex 174.000 209.906 21.080
    endloop
  endfacet
  facet normal 1.000000 0.000000 0.000000
    outer loop
      vertex 212.000 212.244 22.894
      vertex 212.000 211.517 23.491
      vertex 212.000 209.906 21.080
    endloop
  endfacet
  facet normal 1.000000 0.000000 0.000000
    outer loop
      vertex 212.000 212.244 22.894
      vertex 212.000 209.906 21.080
      vertex 212.000 210.194 20.844
    endloop
  endfacet
  facet normal 0.000000 -0.471397 -0.881921
    outer loop
      vertex 174.000 211.517 23.491
      vertex 212.000 211.517 23.491
      vertex 212.000 210.687 23.935
    endloop
  endfacet
  facet normal 0.000000 -0.471397 -0.881921
    outer loop
      vertex 174.000 211.517 23.491
      vertex 212.000 210.687 23.935
      vertex 174.000 210.687 23.935
    endloop
  endfacet
  facet normal 0.000000 0.471397 0.881921
    outer loop
      vertex 174.000 209.577 21.255
      vertex 212.000 209.577 21.255
      vertex 212.000 209.906 21.080
    endloop
  endfacet
  facet normal 0.000000 0.471397 0.881921
    outer loop
      vertex 174.000 209.577 21.255
      vertex 212.000 209.906 21.080
      vertex 174.000 209.906 21.080
    endloop
  endfacet
  facet normal -1.000000 0.000000 0.000000
    outer loop
      vertex 174.000 210.687 23.935
      vertex 174.000 211.517 23.491
      vertex 174.000 209.906 21.080
    endloop
  endfacet
  facet normal -1.000000 0.000000 0.000000
    outer loop
      vertex 174.000 210.687 23.935
      vertex 174.000 209.906 21.080
      vertex 174.000 209.577 21.255
    endloop
  endfacet
  facet normal 1.000000 0.000000 0.000000
    outer loop
      vertex 212.000 211.517 23.491
      vertex 212.000 210.687 23.935
      vertex 212.000 209.577 21.255
    endloop
  endfacet
  facet normal 1.000000 0.000000 0.000000
    outer loop
      vertex 212.000 211.517 23.491
      vertex 212.000 209.577 21.255
      vertex 212.000 209.906 21.080
    endloop
  endfacet
  facet normal 0.000000 -0.290285 -0.956940
    outer loop
      vertex 174.000 210.687 23.935
      vertex 212.000 210.687 23.935
      vertex 212.000 209.786 24.208
    endloop
  endfacet
  facet normal 0.000000 -0.290285 -0.956940
    outer loop
      vertex 174.000 210.687 23.935
      vertex 212.000 209.786 24.208
      vertex 174.000 209.786 24.208
    endloop
  endfacet
  facet normal 0.000000 0.290285 0.956940
    outer loop
      vertex 174.000 209.221 21.363
      vertex 212.000 209.221 21.363
      vertex 212.000 209.577 21.255
    endloop
  endfacet
  facet normal 0.000000 0.290285 0.956940
    outer loop
      vertex 174.000 209.221 21.363
      vertex 212.000 209.577 21.255
      vertex 174.000 209.577 21.255
    endloop
  endfacet
  facet normal -1.000000 0.000000 0.000000
    outer loop
      vertex 174.000 209.786 24.208
      vertex 174.000 210.687 23.935
      vertex 174.000 209.577 21.255
    endloop
  endfacet
  facet normal -1.000000 0.000000 0.000000
    outer loop
      vertex 174.000 209.786 24.208
      vertex 174.000 209.577 21.255
      vertex 174.000 209.221 21.363
    endloop
  endfacet
  facet normal 1.000000 0.000000 0.000000
    outer loop
      vertex 212.000 210.687 23.935
      vertex 212.000 209.786 24.208
      vertex 212.000 209.221 21.363
    endloop
  endfacet
  facet normal 1.000000 0.000000 0.000000
    outer loop
      vertex 212.000 210.687 23.935
      vertex 212.000 209.221 21.363
      vertex 212.000 209.577 21.255
    endloop
  endfacet
  facet normal 0.000000 -0.098017 -0.995185
    outer loop
      vertex 174.000 209.786 24.208
      vertex 212.000 209.786 24.208
      vertex 212.000 208.850 24.300
    endloop
  endfacet
  facet normal 0.000000 -0.098017 -0.995185
    outer loop
      vertex 174.000 209.786 24.208
      vertex 212.000 208.850 24.300
      vertex 174.000 208.850 24.300
    endloop
  endfacet
  facet normal 0.000000 0.098017 0.995185
    outer loop
      vertex 174.000 208.850 21.400
      vertex 212.000 208.850 21.400
      vertex 212.000 209.221 21.363
    endloop
  endfacet
  facet normal 0.000000 0.098017 0.995185
    outer loop
      vertex 174.000 208.850 21.400
      vertex 212.000 209.221 21.363
      vertex 174.000 209.221 21.363
    endloop
  endfacet
  facet normal -1.000000 0.000000 0.000000
    outer loop
      vertex 174.000 208.850 24.300
      vertex 174.000 209.786 24.208
      vertex 174.000 209.221 21.363
    endloop
  endfacet
  facet normal -1.000000 0.000000 0.000000
    outer loop
      vertex 174.000 208.850 24.300
      vertex 174.000 209.221 21.363
      vertex 174.000 208.850 21.400
    endloop
  endfacet
  facet normal 1.000000 0.000000 0.000000
    outer loop
      vertex 212.000 209.786 24.208
      vertex 212.000 208.850 24.300
      vertex 212.000 208.850 21.400
    endloop
  endfacet
  facet normal 1.000000 0.000000 0.000000
    outer loop
      vertex 212.000 209.786 24.208
      vertex 212.000 208.850 21.400
      vertex 212.000 209.221 21.363
    endloop
  endfacet
  facet normal 0.000000 0.098017 -0.995185
    outer loop
      vertex 174.000 208.850 24.300
      vertex 212.000 208.850 24.300
      vertex 212.000 207.914 24.208
    endloop
  endfacet
  facet normal 0.000000 0.098017 -0.995185
    outer loop
      vertex 174.000 208.850 24.300
      vertex 212.000 207.914 24.208
      vertex 174.000 207.914 24.208
    endloop
  endfacet
  facet normal 0.000000 -0.098017 0.995185
    outer loop
      vertex 174.000 208.479 21.363
      vertex 212.000 208.479 21.363
      vertex 212.000 208.850 21.400
    endloop
  endfacet
  facet normal 0.000000 -0.098017 0.995185
    outer loop
      vertex 174.000 208.479 21.363
      vertex 212.000 208.850 21.400
      vertex 174.000 208.850 21.400
    endloop
  endfacet
  facet normal -1.000000 0.000000 0.000000
    outer loop
      vertex 174.000 207.914 24.208
      vertex 174.000 208.850 24.300
      vertex 174.000 208.850 21.400
    endloop
  endfacet
  facet normal -1.000000 0.000000 0.000000
    outer loop
      vertex 174.000 207.914 24.208
      vertex 174.000 208.850 21.400
      vertex 174.000 208.479 21.363
    endloop
  endfacet
  facet normal 1.000000 0.000000 0.000000
    outer loop
      vertex 212.000 208.850 24.300
      vertex 212.000 207.914 24.208
      vertex 212.000 208.479 21.363
    endloop
  endfacet
  facet normal 1.000000 0.000000 0.000000
    outer loop
      vertex 212.000 208.850 24.300
      vertex 212.000 208.479 21.363
      vertex 212.000 208.850 21.400
    endloop
  endfacet
  facet normal 0.000000 0.290285 -0.956940
    outer loop
      vertex 174.000 207.914 24.208
      vertex 212.000 207.914 24.208
      vertex 212.000 207.013 23.935
    endloop
  endfacet
  facet normal 0.000000 0.290285 -0.956940
    outer loop
      vertex 174.000 207.914 24.208
      vertex 212.000 207.013 23.935
      vertex 174.000 207.013 23.935
    endloop
  endfacet
  facet normal 0.000000 -0.290285 0.956940
    outer loop
      vertex 174.000 208.123 21.255
      vertex 212.000 208.123 21.255
      vertex 212.000 208.479 21.363
    endloop
  endfacet
  facet normal 0.000000 -0.290285 0.956940
    outer loop
      vertex 174.000 208.123 21.255
      vertex 212.000 208.479 21.363
      vertex 174.000 208.479 21.363
    endloop
  endfacet
  facet normal -1.000000 0.000000 0.000000
    outer loop
      vertex 174.000 207.013 23.935
      vertex 174.000 207.914 24.208
      vertex 174.000 208.479 21.363
    endloop
  endfacet
  facet normal -1.000000 0.000000 0.000000
    outer loop
      vertex 174.000 207.013 23.935
      vertex 174.000 208.479 21.363
      vertex 174.000 208.123 21.255
    endloop
  endfacet
  facet normal 1.000000 0.000000 0.000000
    outer loop
      vertex 212.000 207.914 24.208
      vertex 212.000 207.013 23.935
      vertex 212.000 208.123 21.255
    endloop
  endfacet
  facet normal 1.000000 0.000000 0.000000
    outer loop
      vertex 212.000 207.914 24.208
      vertex 212.000 208.123 21.255
      vertex 212.000 208.479 21.363
    endloop
  endfacet
  facet normal 0.000000 0.471397 -0.881921
    outer loop
      vertex 174.000 207.013 23.935
      vertex 212.000 207.013 23.935
      vertex 212.000 206.183 23.491
    endloop
  endfacet
  facet normal 0.000000 0.471397 -0.881921
    outer loop
      vertex 174.000 207.013 23.935
      vertex 212.000 206.183 23.491
      vertex 174.000 206.183 23.491
    endloop
  endfacet
  facet normal 0.000000 -0.471397 0.881921
    outer loop
      vertex 174.000 207.794 21.080
      vertex 212.000 207.794 21.080
      vertex 212.000 208.123 21.255
    endloop
  endfacet
  facet normal 0.000000 -0.471397 0.881921
    outer loop
      vertex 174.000 207.794 21.080
      vertex 212.000 208.123 21.255
      vertex 174.000 208.123 21.255
    endloop
  endfacet
  facet normal -1.000000 0.000000 0.000000
    outer loop
      vertex 174.000 206.183 23.491
      vertex 174.000 207.013 23.935
      vertex 174.000 208.123 21.255
    endloop
  endfacet
  facet normal -1.000000 0.000000 0.000000
    outer loop
      vertex 174.000 206.183 23.491
      vertex 174.000 208.123 21.255
      vertex 174.000 207.794 21.080
    endloop
  endfacet
  facet normal 1.000000 0.000000 0.000000
    outer loop
      vertex 212.000 207.013 23.935
      vertex 212.000 206.183 23.491
      vertex 212.000 207.794 21.080
    endloop
  endfacet
  facet normal 1.000000 0.000000 0.000000
    outer loop
      vertex 212.000 207.013 23.935
      vertex 212.000 207.794 21.080
      vertex 212.000 208.123 21.255
    endloop
  endfacet
  facet normal 0.000000 0.634393 -0.773010
    outer loop
      vertex 174.000 206.183 23.491
      vertex 212.000 206.183 23.491
      vertex 212.000 205.456 22.894
    endloop
  endfacet
  facet normal 0.000000 0.634393 -0.773010
    outer loop
      vertex 174.000 206.183 23.491
      vertex 212.000 205.456 22.894
      vertex 174.000 205.456 22.894
    endloop
  endfacet
  facet normal 0.000000 -0.634393 0.773010
    outer loop
      vertex 174.000 207.506 20.844
      vertex 212.000 207.506 20.844
      vertex 212.000 207.794 21.080
    endloop
  endfacet
  facet normal 0.000000 -0.634393 0.773010
    outer loop
      vertex 174.000 207.506 20.844
      vertex 212.000 207.794 21.080
      vertex 174.000 207.794 21.080
    endloop
  endfacet
  facet normal -1.000000 0.000000 0.000000
    outer loop
      vertex 174.000 205.456 22.894
      vertex 174.000 206.183 23.491
      vertex 174.000 207.794 21.080
    endloop
  endfacet
  facet normal -1.000000 0.000000 0.000000
    outer loop
      vertex 174.000 205.456 22.894
      vertex 174.000 207.794 21.080
      vertex 174.000 207.506 20.844
    endloop
  endfacet
  facet normal 1.000000 0.000000 0.000000
    outer loop
      vertex 212.000 206.183 23.491
      vertex 212.000 205.456 22.894
      vertex 212.000 207.506 20.844
    endloop
  endfacet
  facet normal 1.000000 0.000000 0.000000
    outer loop
      vertex 212.000 206.183 23.491
      vertex 212.000 207.506 20.844
      vertex 212.000 207.794 21.080
    endloop
  endfacet
  facet normal 0.000000 0.773010 -0.634393
    outer loop
      vertex 174.000 205.456 22.894
      vertex 212.000 205.456 22.894
      vertex 212.000 204.859 22.167
    endloop
  endfacet
  facet normal 0.000000 0.773010 -0.634393
    outer loop
      vertex 174.000 205.456 22.894
      vertex 212.000 204.859 22.167
      vertex 174.000 204.859 22.167
    endloop
  endfacet
  facet normal 0.000000 -0.773010 0.634393
    outer loop
      vertex 174.000 207.270 20.556
      vertex 212.000 207.270 20.556
      vertex 212.000 207.506 20.844
    endloop
  endfacet
  facet normal 0.000000 -0.773010 0.634393
    outer loop
      vertex 174.000 207.270 20.556
      vertex 212.000 207.506 20.844
      vertex 174.000 207.506 20.844
    endloop
  endfacet
  facet normal -1.000000 0.000000 0.000000
    outer loop
      vertex 174.000 204.859 22.167
      vertex 174.000 205.456 22.894
      vertex 174.000 207.506 20.844
    endloop
  endfacet
  facet normal -1.000000 0.000000 0.000000
    outer loop
      vertex 174.000 204.859 22.167
      vertex 174.000 207.506 20.844
      vertex 174.000 207.270 20.556
    endloop
  endfacet
  facet normal 1.000000 0.000000 0.000000
    outer loop
      vertex 212.000 205.456 22.894
      vertex 212.000 204.859 22.167
      vertex 212.000 207.270 20.556
    endloop
  endfacet
  facet normal 1.000000 0.000000 0.000000
    outer loop
      vertex 212.000 205.456 22.894
      vertex 212.000 207.270 20.556
      vertex 212.000 207.506 20.844
    endloop
  endfacet
  facet normal 0.000000 0.881921 -0.471397
    outer loop
      vertex 174.000 204.859 22.167
      vertex 212.000 204.859 22.167
      vertex 212.000 204.415 21.337
    endloop
  endfacet
  facet normal 0.000000 0.881921 -0.471397
    outer loop
      vertex 174.000 204.859 22.167
      vertex 212.000 204.415 21.337
      vertex 174.000 204.415 21.337
    endloop
  endfacet
  facet normal 0.000000 -0.881921 0.471397
    outer loop
      vertex 174.000 207.095 20.227
      vertex 212.000 207.095 20.227
      vertex 212.000 207.270 20.556
    endloop
  endfacet
  facet normal 0.000000 -0.881921 0.471397
    outer loop
      vertex 174.000 207.095 20.227
      vertex 212.000 207.270 20.556
      vertex 174.000 207.270 20.556
    endloop
  endfacet
  facet normal -1.000000 0.000000 0.000000
    outer loop
      vertex 174.000 204.415 21.337
      vertex 174.000 204.859 22.167
      vertex 174.000 207.270 20.556
    endloop
  endfacet
  facet normal -1.000000 0.000000 0.000000
    outer loop
      vertex 174.000 204.415 21.337
      vertex 174.000 207.270 20.556
      vertex 174.000 207.095 20.227
    endloop
  endfacet
  facet normal 1.000000 0.000000 0.000000
    outer loop
      vertex 212.000 204.859 22.167
      vertex 212.000 204.415 21.337
      vertex 212.000 207.095 20.227
    endloop
  endfacet
  facet normal 1.000000 0.000000 0.000000
    outer loop
      vertex 212.000 204.859 22.167
      vertex 212.000 207.095 20.227
      vertex 212.000 207.270 20.556
    endloop
  endfacet
  facet normal 0.000000 0.956940 -0.290285
    outer loop
      vertex 174.000 204.415 21.337
      vertex 212.000 204.415 21.337
      vertex 212.000 204.142 20.436
    endloop
  endfacet
  facet normal 0.000000 0.956940 -0.290285
    outer loop
      vertex 174.000 204.415 21.337
      vertex 212.000 204.142 20.436
      vertex 174.000 204.142 20.436
    endloop
  endfacet
  facet normal 0.000000 -0.956940 0.290285
    outer loop
      vertex 174.000 206.987 19.871
      vertex 212.000 206.987 19.871
      vertex 212.000 207.095 20.227
    endloop
  endfacet
  facet normal 0.000000 -0.956940 0.290285
    outer loop
      vertex 174.000 206.987 19.871
      vertex 212.000 207.095 20.227
      vertex 174.000 207.095 20.227
    endloop
  endfacet
  facet normal -1.000000 0.000000 0.000000
    outer loop
      vertex 174.000 204.142 20.436
      vertex 174.000 204.415 21.337
      vertex 174.000 207.095 20.227
    endloop
  endfacet
  facet normal -1.000000 0.000000 0.000000
    outer loop
      vertex 174.000 204.142 20.436
      vertex 174.000 207.095 20.227
      vertex 174.000 206.987 19.871
    endloop
  endfacet
  facet normal 1.000000 0.000000 0.000000
    outer loop
      vertex 212.000 204.415 21.337
      vertex 212.000 204.142 20.436
      vertex 212.000 206.987 19.871
    endloop
  endfacet
  facet normal 1.000000 0.000000 0.000000
    outer loop
      vertex 212.000 204.415 21.337
      vertex 212.000 206.987 19.871
      vertex 212.000 207.095 20.227
    endloop
  endfacet
  facet normal 0.000000 0.995185 -0.098017
    outer loop
      vertex 174.000 204.142 20.436
      vertex 212.000 204.142 20.436
      vertex 212.000 204.050 19.500
    endloop
  endfacet
  facet normal 0.000000 0.995185 -0.098017
    outer loop
      vertex 174.000 204.142 20.436
      vertex 212.000 204.050 19.500
      vertex 174.000 204.050 19.500
    endloop
  endfacet
  facet normal 0.000000 -0.995185 0.098017
    outer loop
      vertex 174.000 206.950 19.500
      vertex 212.000 206.950 19.500
      vertex 212.000 206.987 19.871
    endloop
  endfacet
  facet normal 0.000000 -0.995185 0.098017
    outer loop
      vertex 174.000 206.950 19.500
      vertex 212.000 206.987 19.871
      vertex 174.000 206.987 19.871
    endloop
  endfacet
  facet normal -1.000000 0.000000 0.000000
    outer loop
      vertex 174.000 204.050 19.500
      vertex 174.000 204.142 20.436
      vertex 174.000 206.987 19.871
    endloop
  endfacet
  facet normal -1.000000 0.000000 0.000000
    outer loop
      vertex 174.000 204.050 19.500
      vertex 174.000 206.987 19.871
      vertex 174.000 206.950 19.500
    endloop
  endfacet
  facet normal 1.000000 0.000000 0.000000
    outer loop
      vertex 212.000 204.142 20.436
      vertex 212.000 204.050 19.500
      vertex 212.000 206.950 19.500
    endloop
  endfacet
  facet normal 1.000000 0.000000 0.000000
    outer loop
      vertex 212.000 204.142 20.436
      vertex 212.000 206.950 19.500
      vertex 212.000 206.987 19.871
    endloop
  endfacet
  facet normal 0.000000 0.995185 0.098017
    outer loop
      vertex 174.000 204.050 19.500
      vertex 212.000 204.050 19.500
      vertex 212.000 204.142 18.564
    endloop
  endfacet
  facet normal 0.000000 0.995185 0.098017
    outer loop
      vertex 174.000 204.050 19.500
      vertex 212.000 204.142 18.564
      vertex 174.000 204.142 18.564
    endloop
  endfacet
  facet normal 0.000000 -0.995185 -0.098017
    outer loop
      vertex 174.000 206.987 19.129
      vertex 212.000 206.987 19.129
      vertex 212.000 206.950 19.500
    endloop
  endfacet
  facet normal 0.000000 -0.995185 -0.098017
    outer loop
      vertex 174.000 206.987 19.129
      vertex 212.000 206.950 19.500
      vertex 174.000 206.950 19.500
    endloop
  endfacet
  facet normal -1.000000 0.000000 0.000000
    outer loop
      vertex 174.000 204.142 18.564
      vertex 174.000 204.050 19.500
      vertex 174.000 206.950 19.500
    endloop
  endfacet
  facet normal -1.000000 0.000000 0.000000
    outer loop
      vertex 174.000 204.142 18.564
      vertex 174.000 206.950 19.500
      vertex 174.000 206.987 19.129
    endloop
  endfacet
  facet normal 1.000000 0.000000 0.000000
    outer loop
      vertex 212.000 204.050 19.500
      vertex 212.000 204.142 18.564
      vertex 212.000 206.987 19.129
    endloop
  endfacet
  facet normal 1.000000 0.000000 0.000000
    outer loop
      vertex 212.000 204.050 19.500
      vertex 212.000 206.987 19.129
      vertex 212.000 206.950 19.500
    endloop
  endfacet
  facet normal 0.000000 0.956940 0.290285
    outer loop
      vertex 174.000 204.142 18.564
      vertex 212.000 204.142 18.564
      vertex 212.000 204.415 17.663
    endloop
  endfacet
  facet normal 0.000000 0.956940 0.290285
    outer loop
      vertex 174.000 204.142 18.564
      vertex 212.000 204.415 17.663
      vertex 174.000 204.415 17.663
    endloop
  endfacet
  facet normal 0.000000 -0.956940 -0.290285
    outer loop
      vertex 174.000 207.095 18.773
      vertex 212.000 207.095 18.773
      vertex 212.000 206.987 19.129
    endloop
  endfacet
  facet normal 0.000000 -0.956940 -0.290285
    outer loop
      vertex 174.000 207.095 18.773
      vertex 212.000 206.987 19.129
      vertex 174.000 206.987 19.129
    endloop
  endfacet
  facet normal -1.000000 0.000000 0.000000
    outer loop
      vertex 174.000 204.415 17.663
      vertex 174.000 204.142 18.564
      vertex 174.000 206.987 19.129
    endloop
  endfacet
  facet normal -1.000000 0.000000 0.000000
    outer loop
      vertex 174.000 204.415 17.663
      vertex 174.000 206.987 19.129
      vertex 174.000 207.095 18.773
    endloop
  endfacet
  facet normal 1.000000 0.000000 0.000000
    outer loop
      vertex 212.000 204.142 18.564
      vertex 212.000 204.415 17.663
      vertex 212.000 207.095 18.773
    endloop
  endfacet
  facet normal 1.000000 0.000000 0.000000
    outer loop
      vertex 212.000 204.142 18.564
      vertex 212.000 207.095 18.773
      vertex 212.000 206.987 19.129
    endloop
  endfacet
  facet normal 0.000000 0.881921 0.471397
    outer loop
      vertex 174.000 204.415 17.663
      vertex 212.000 204.415 17.663
      vertex 212.000 204.859 16.833
    endloop
  endfacet
  facet normal 0.000000 0.881921 0.471397
    outer loop
      vertex 174.000 204.415 17.663
      vertex 212.000 204.859 16.833
      vertex 174.000 204.859 16.833
    endloop
  endfacet
  facet normal 0.000000 -0.881921 -0.471397
    outer loop
      vertex 174.000 207.270 18.444
      vertex 212.000 207.270 18.444
      vertex 212.000 207.095 18.773
    endloop
  endfacet
  facet normal 0.000000 -0.881921 -0.471397
    outer loop
      vertex 174.000 207.270 18.444
      vertex 212.000 207.095 18.773
      vertex 174.000 207.095 18.773
    endloop
  endfacet
  facet normal -1.000000 0.000000 0.000000
    outer loop
      vertex 174.000 204.859 16.833
      vertex 174.000 204.415 17.663
      vertex 174.000 207.095 18.773
    endloop
  endfacet
  facet normal -1.000000 0.000000 0.000000
    outer loop
      vertex 174.000 204.859 16.833
      vertex 174.000 207.095 18.773
      vertex 174.000 207.270 18.444
    endloop
  endfacet
  facet normal 1.000000 0.000000 0.000000
    outer loop
      vertex 212.000 204.415 17.663
      vertex 212.000 204.859 16.833
      vertex 212.000 207.270 18.444
    endloop
  endfacet
  facet normal 1.000000 0.000000 0.000000
    outer loop
      vertex 212.000 204.415 17.663
      vertex 212.000 207.270 18.444
      vertex 212.000 207.095 18.773
    endloop
  endfacet
  facet normal 0.000000 0.773010 0.634393
    outer loop
      vertex 174.000 204.859 16.833
      vertex 212.000 204.859 16.833
      vertex 212.000 205.456 16.106
    endloop
  endfacet
  facet normal 0.000000 0.773010 0.634393
    outer loop
      vertex 174.000 204.859 16.833
      vertex 212.000 205.456 16.106
      vertex 174.000 205.456 16.106
    endloop
  endfacet
  facet normal 0.000000 -0.773010 -0.634393
    outer loop
      vertex 174.000 207.506 18.156
      vertex 212.000 207.506 18.156
      vertex 212.000 207.270 18.444
    endloop
  endfacet
  facet normal 0.000000 -0.773010 -0.634393
    outer loop
      vertex 174.000 207.506 18.156
      vertex 212.000 207.270 18.444
      vertex 174.000 207.270 18.444
    endloop
  endfacet
  facet normal -1.000000 0.000000 0.000000
    outer loop
      vertex 174.000 205.456 16.106
      vertex 174.000 204.859 16.833
      vertex 174.000 207.270 18.444
    endloop
  endfacet
  facet normal -1.000000 0.000000 0.000000
    outer loop
      vertex 174.000 205.456 16.106
      vertex 174.000 207.270 18.444
      vertex 174.000 207.506 18.156
    endloop
  endfacet
  facet normal 1.000000 0.000000 0.000000
    outer loop
      vertex 212.000 204.859 16.833
      vertex 212.000 205.456 16.106
      vertex 212.000 207.506 18.156
    endloop
  endfacet
  facet normal 1.000000 0.000000 0.000000
    outer loop
      vertex 212.000 204.859 16.833
      vertex 212.000 207.506 18.156
      vertex 212.000 207.270 18.444
    endloop
  endfacet
  facet normal 0.000000 0.634393 0.773010
    outer loop
      vertex 174.000 205.456 16.106
      vertex 212.000 205.456 16.106
      vertex 212.000 206.183 15.509
    endloop
  endfacet
  facet normal 0.000000 0.634393 0.773010
    outer loop
      vertex 174.000 205.456 16.106
      vertex 212.000 206.183 15.509
      vertex 174.000 206.183 15.509
    endloop
  endfacet
  facet normal 0.000000 -0.634393 -0.773010
    outer loop
      vertex 174.000 207.794 17.920
      vertex 212.000 207.794 17.920
      vertex 212.000 207.506 18.156
    endloop
  endfacet
  facet normal 0.000000 -0.634393 -0.773010
    outer loop
      vertex 174.000 207.794 17.920
      vertex 212.000 207.506 18.156
      vertex 174.000 207.506 18.156
    endloop
  endfacet
  facet normal -1.000000 0.000000 0.000000
    outer loop
      vertex 174.000 206.183 15.509
      vertex 174.000 205.456 16.106
      vertex 174.000 207.506 18.156
    endloop
  endfacet
  facet normal -1.000000 0.000000 0.000000
    outer loop
      vertex 174.000 206.183 15.509
      vertex 174.000 207.506 18.156
      vertex 174.000 207.794 17.920
    endloop
  endfacet
  facet normal 1.000000 0.000000 0.000000
    outer loop
      vertex 212.000 205.456 16.106
      vertex 212.000 206.183 15.509
      vertex 212.000 207.794 17.920
    endloop
  endfacet
  facet normal 1.000000 0.000000 0.000000
    outer loop
      vertex 212.000 205.456 16.106
      vertex 212.000 207.794 17.920
      vertex 212.000 207.506 18.156
    endloop
  endfacet
  facet normal 0.000000 0.471397 0.881921
    outer loop
      vertex 174.000 206.183 15.509
      vertex 212.000 206.183 15.509
      vertex 212.000 207.013 15.065
    endloop
  endfacet
  facet normal 0.000000 0.471397 0.881921
    outer loop
      vertex 174.000 206.183 15.509
      vertex 212.000 207.013 15.065
      vertex 174.000 207.013 15.065
    endloop
  endfacet
  facet normal 0.000000 -0.471397 -0.881921
    outer loop
      vertex 174.000 208.123 17.745
      vertex 212.000 208.123 17.745
      vertex 212.000 207.794 17.920
    endloop
  endfacet
  facet normal 0.000000 -0.471397 -0.881921
    outer loop
      vertex 174.000 208.123 17.745
      vertex 212.000 207.794 17.920
      vertex 174.000 207.794 17.920
    endloop
  endfacet
  facet normal -1.000000 0.000000 0.000000
    outer loop
      vertex 174.000 207.013 15.065
      vertex 174.000 206.183 15.509
      vertex 174.000 207.794 17.920
    endloop
  endfacet
  facet normal -1.000000 0.000000 0.000000
    outer loop
      vertex 174.000 207.013 15.065
      vertex 174.000 207.794 17.920
      vertex 174.000 208.123 17.745
    endloop
  endfacet
  facet normal 1.000000 0.000000 0.000000
    outer loop
      vertex 212.000 206.183 15.509
      vertex 212.000 207.013 15.065
      vertex 212.000 208.123 17.745
    endloop
  endfacet
  facet normal 1.000000 0.000000 0.000000
    outer loop
      vertex 212.000 206.183 15.509
      vertex 212.000 208.123 17.745
      vertex 212.000 207.794 17.920
    endloop
  endfacet
  facet normal 0.000000 0.290285 0.956940
    outer loop
      vertex 174.000 207.013 15.065
      vertex 212.000 207.013 15.065
      vertex 212.000 207.914 14.792
    endloop
  endfacet
  facet normal 0.000000 0.290285 0.956940
    outer loop
      vertex 174.000 207.013 15.065
      vertex 212.000 207.914 14.792
      vertex 174.000 207.914 14.792
    endloop
  endfacet
  facet normal 0.000000 -0.290285 -0.956940
    outer loop
      vertex 174.000 208.479 17.637
      vertex 212.000 208.479 17.637
      vertex 212.000 208.123 17.745
    endloop
  endfacet
  facet normal 0.000000 -0.290285 -0.956940
    outer loop
      vertex 174.000 208.479 17.637
      vertex 212.000 208.123 17.745
      vertex 174.000 208.123 17.745
    endloop
  endfacet
  facet normal -1.000000 0.000000 0.000000
    outer loop
      vertex 174.000 207.914 14.792
      vertex 174.000 207.013 15.065
      vertex 174.000 208.123 17.745
    endloop
  endfacet
  facet normal -1.000000 0.000000 0.000000
    outer loop
      vertex 174.000 207.914 14.792
      vertex 174.000 208.123 17.745
      vertex 174.000 208.479 17.637
    endloop
  endfacet
  facet normal 1.000000 0.000000 0.000000
    outer loop
      vertex 212.000 207.013 15.065
      vertex 212.000 207.914 14.792
      vertex 212.000 208.479 17.637
    endloop
  endfacet
  facet normal 1.000000 0.000000 0.000000
    outer loop
      vertex 212.000 207.013 15.065
      vertex 212.000 208.479 17.637
      vertex 212.000 208.123 17.745
    endloop
  endfacet
  facet normal 0.000000 0.098017 0.995185
    outer loop
      vertex 174.000 207.914 14.792
      vertex 212.000 207.914 14.792
      vertex 212.000 208.850 14.700
    endloop
  endfacet
  facet normal 0.000000 0.098017 0.995185
    outer loop
      vertex 174.000 207.914 14.792
      vertex 212.000 208.850 14.700
      vertex 174.000 208.850 14.700
    endloop
  endfacet
  facet normal 0.000000 -0.098017 -0.995185
    outer loop
      vertex 174.000 208.850 17.600
      vertex 212.000 208.850 17.600
      vertex 212.000 208.479 17.637
    endloop
  endfacet
  facet normal 0.000000 -0.098017 -0.995185
    outer loop
      vertex 174.000 208.850 17.600
      vertex 212.000 208.479 17.637
      vertex 174.000 208.479 17.637
    endloop
  endfacet
  facet normal -1.000000 0.000000 0.000000
    outer loop
      vertex 174.000 208.850 14.700
      vertex 174.000 207.914 14.792
      vertex 174.000 208.479 17.637
    endloop
  endfacet
  facet normal -1.000000 0.000000 0.000000
    outer loop
      vertex 174.000 208.850 14.700
      vertex 174.000 208.479 17.637
      vertex 174.000 208.850 17.600
    endloop
  endfacet
  facet normal 1.000000 0.000000 0.000000
    outer loop
      vertex 212.000 207.914 14.792
      vertex 212.000 208.850 14.700
      vertex 212.000 208.850 17.600
    endloop
  endfacet
  facet normal 1.000000 0.000000 0.000000
    outer loop
      vertex 212.000 207.914 14.792
      vertex 212.000 208.850 17.600
      vertex 212.000 208.479 17.637
    endloop
  endfacet
  facet normal 0.000000 -0.098017 0.995185
    outer loop
      vertex 174.000 208.850 14.700
      vertex 212.000 208.850 14.700
      vertex 212.000 209.786 14.792
    endloop
  endfacet
  facet normal 0.000000 -0.098017 0.995185
    outer loop
      vertex 174.000 208.850 14.700
      vertex 212.000 209.786 14.792
      vertex 174.000 209.786 14.792
    endloop
  endfacet
  facet normal 0.000000 0.098017 -0.995185
    outer loop
      vertex 174.000 209.221 17.637
      vertex 212.000 209.221 17.637
      vertex 212.000 208.850 17.600
    endloop
  endfacet
  facet normal 0.000000 0.098017 -0.995185
    outer loop
      vertex 174.000 209.221 17.637
      vertex 212.000 208.850 17.600
      vertex 174.000 208.850 17.600
    endloop
  endfacet
  facet normal -1.000000 0.000000 0.000000
    outer loop
      vertex 174.000 209.786 14.792
      vertex 174.000 208.850 14.700
      vertex 174.000 208.850 17.600
    endloop
  endfacet
  facet normal -1.000000 0.000000 0.000000
    outer loop
      vertex 174.000 209.786 14.792
      vertex 174.000 208.850 17.600
      vertex 174.000 209.221 17.637
    endloop
  endfacet
  facet normal 1.000000 0.000000 0.000000
    outer loop
      vertex 212.000 208.850 14.700
      vertex 212.000 209.786 14.792
      vertex 212.000 209.221 17.637
    endloop
  endfacet
  facet normal 1.000000 0.000000 0.000000
    outer loop
      vertex 212.000 208.850 14.700
      vertex 212.000 209.221 17.637
      vertex 212.000 208.850 17.600
    endloop
  endfacet
  facet normal 0.000000 -0.290285 0.956940
    outer loop
      vertex 174.000 209.786 14.792
      vertex 212.000 209.786 14.792
      vertex 212.000 210.687 15.065
    endloop
  endfacet
  facet normal 0.000000 -0.290285 0.956940
    outer loop
      vertex 174.000 209.786 14.792
      vertex 212.000 210.687 15.065
      vertex 174.000 210.687 15.065
    endloop
  endfacet
  facet normal 0.000000 0.290285 -0.956940
    outer loop
      vertex 174.000 209.577 17.745
      vertex 212.000 209.577 17.745
      vertex 212.000 209.221 17.637
    endloop
  endfacet
  facet normal 0.000000 0.290285 -0.956940
    outer loop
      vertex 174.000 209.577 17.745
      vertex 212.000 209.221 17.637
      vertex 174.000 209.221 17.637
    endloop
  endfacet
  facet normal -1.000000 0.000000 0.000000
    outer loop
      vertex 174.000 210.687 15.065
      vertex 174.000 209.786 14.792
      vertex 174.000 209.221 17.637
    endloop
  endfacet
  facet normal -1.000000 0.000000 0.000000
    outer loop
      vertex 174.000 210.687 15.065
      vertex 174.000 209.221 17.637
      vertex 174.000 209.577 17.745
    endloop
  endfacet
  facet normal 1.000000 0.000000 0.000000
    outer loop
      vertex 212.000 209.786 14.792
      vertex 212.000 210.687 15.065
      vertex 212.000 209.577 17.745
    endloop
  endfacet
  facet normal 1.000000 0.000000 0.000000
    outer loop
      vertex 212.000 209.786 14.792
      vertex 212.000 209.577 17.745
      vertex 212.000 209.221 17.637
    endloop
  endfacet
  facet normal 0.000000 -0.471397 0.881921
    outer loop
      vertex 174.000 210.687 15.065
      vertex 212.000 210.687 15.065
      vertex 212.000 211.517 15.509
    endloop
  endfacet
  facet normal 0.000000 -0.471397 0.881921
    outer loop
      vertex 174.000 210.687 15.065
      vertex 212.000 211.517 15.509
      vertex 174.000 211.517 15.509
    endloop
  endfacet
  facet normal 0.000000 0.471397 -0.881921
    outer loop
      vertex 174.000 209.906 17.920
      vertex 212.000 209.906 17.920
      vertex 212.000 209.577 17.745
    endloop
  endfacet
  facet normal 0.000000 0.471397 -0.881921
    outer loop
      vertex 174.000 209.906 17.920
      vertex 212.000 209.577 17.745
      vertex 174.000 209.577 17.745
    endloop
  endfacet
  facet normal -1.000000 0.000000 0.000000
    outer loop
      vertex 174.000 211.517 15.509
      vertex 174.000 210.687 15.065
      vertex 174.000 209.577 17.745
    endloop
  endfacet
  facet normal -1.000000 0.000000 0.000000
    outer loop
      vertex 174.000 211.517 15.509
      vertex 174.000 209.577 17.745
      vertex 174.000 209.906 17.920
    endloop
  endfacet
  facet normal 1.000000 0.000000 0.000000
    outer loop
      vertex 212.000 210.687 15.065
      vertex 212.000 211.517 15.509
      vertex 212.000 209.906 17.920
    endloop
  endfacet
  facet normal 1.000000 0.000000 0.000000
    outer loop
      vertex 212.000 210.687 15.065
      vertex 212.000 209.906 17.920
      vertex 212.000 209.577 17.745
    endloop
  endfacet
  facet normal 0.000000 -0.634393 0.773010
    outer loop
      vertex 174.000 211.517 15.509
      vertex 212.000 211.517 15.509
      vertex 212.000 212.244 16.106
    endloop
  endfacet
  facet normal 0.000000 -0.634393 0.773010
    outer loop
      vertex 174.000 211.517 15.509
      vertex 212.000 212.244 16.106
      vertex 174.000 212.244 16.106
    endloop
  endfacet
  facet normal 0.000000 0.634393 -0.773010
    outer loop
      vertex 174.000 210.194 18.156
      vertex 212.000 210.194 18.156
      vertex 212.000 209.906 17.920
    endloop
  endfacet
  facet normal 0.000000 0.634393 -0.773010
    outer loop
      vertex 174.000 210.194 18.156
      vertex 212.000 209.906 17.920
      vertex 174.000 209.906 17.920
    endloop
  endfacet
  facet normal -1.000000 0.000000 0.000000
    outer loop
      vertex 174.000 212.244 16.106
      vertex 174.000 211.517 15.509
      vertex 174.000 209.906 17.920
    endloop
  endfacet
  facet normal -1.000000 0.000000 0.000000
    outer loop
      vertex 174.000 212.244 16.106
      vertex 174.000 209.906 17.920
      vertex 174.000 210.194 18.156
    endloop
  endfacet
  facet normal 1.000000 0.000000 0.000000
    outer loop
      vertex 212.000 211.517 15.509
      vertex 212.000 212.244 16.106
      vertex 212.000 210.194 18.156
    endloop
  endfacet
  facet normal 1.000000 0.000000 0.000000
    outer loop
      vertex 212.000 211.517 15.509
      vertex 212.000 210.194 18.156
      vertex 212.000 209.906 17.920
    endloop
  endfacet
  facet normal 0.000000 -0.773010 0.634393
    outer loop
      vertex 174.000 212.244 16.106
      vertex 212.000 212.244 16.106
      vertex 212.000 212.841 16.833
    endloop
  endfacet
  facet normal 0.000000 -0.773010 0.634393
    outer loop
      vertex 174.000 212.244 16.106
      vertex 212.000 212.841 16.833
      vertex 174.000 212.841 16.833
    endloop
  endfacet
  facet normal 0.000000 0.773010 -0.634393
    outer loop
      vertex 174.000 210.430 18.444
      vertex 212.000 210.430 18.444
      vertex 212.000 210.194 18.156
    endloop
  endfacet
  facet normal 0.000000 0.773010 -0.634393
    outer loop
      vertex 174.000 210.430 18.444
      vertex 212.000 210.194 18.156
      vertex 174.000 210.194 18.156
    endloop
  endfacet
  facet normal -1.000000 0.000000 0.000000
    outer loop
      vertex 174.000 212.841 16.833
      vertex 174.000 212.244 16.106
      vertex 174.000 210.194 18.156
    endloop
  endfacet
  facet normal -1.000000 0.000000 0.000000
    outer loop
      vertex 174.000 212.841 16.833
      vertex 174.000 210.194 18.156
      vertex 174.000 210.430 18.444
    endloop
  endfacet
  facet normal 1.000000 0.000000 0.000000
    outer loop
      vertex 212.000 212.244 16.106
      vertex 212.000 212.841 16.833
      vertex 212.000 210.430 18.444
    endloop
  endfacet
  facet normal 1.000000 0.000000 0.000000
    outer loop
      vertex 212.000 212.244 16.106
      vertex 212.000 210.430 18.444
      vertex 212.000 210.194 18.156
    endloop
  endfacet
  facet normal 0.000000 -0.881921 0.471397
    outer loop
      vertex 174.000 212.841 16.833
      vertex 212.000 212.841 16.833
      vertex 212.000 213.285 17.663
    endloop
  endfacet
  facet normal 0.000000 -0.881921 0.471397
    outer loop
      vertex 174.000 212.841 16.833
      vertex 212.000 213.285 17.663
      vertex 174.000 213.285 17.663
    endloop
  endfacet
  facet normal 0.000000 0.881921 -0.471397
    outer loop
      vertex 174.000 210.605 18.773
      vertex 212.000 210.605 18.773
      vertex 212.000 210.430 18.444
    endloop
  endfacet
  facet normal 0.000000 0.881921 -0.471397
    outer loop
      vertex 174.000 210.605 18.773
      vertex 212.000 210.430 18.444
      vertex 174.000 210.430 18.444
    endloop
  endfacet
  facet normal -1.000000 0.000000 0.000000
    outer loop
      vertex 174.000 213.285 17.663
      vertex 174.000 212.841 16.833
      vertex 174.000 210.430 18.444
    endloop
  endfacet
  facet normal -1.000000 0.000000 0.000000
    outer loop
      vertex 174.000 213.285 17.663
      vertex 174.000 210.430 18.444
      vertex 174.000 210.605 18.773
    endloop
  endfacet
  facet normal 1.000000 0.000000 0.000000
    outer loop
      vertex 212.000 212.841 16.833
      vertex 212.000 213.285 17.663
      vertex 212.000 210.605 18.773
    endloop
  endfacet
  facet normal 1.000000 0.000000 0.000000
    outer loop
      vertex 212.000 212.841 16.833
      vertex 212.000 210.605 18.773
      vertex 212.000 210.430 18.444
    endloop
  endfacet
  facet normal 0.000000 -0.956940 0.290285
    outer loop
      vertex 174.000 213.285 17.663
      vertex 212.000 213.285 17.663
      vertex 212.000 213.558 18.564
    endloop
  endfacet
  facet normal 0.000000 -0.956940 0.290285
    outer loop
      vertex 174.000 213.285 17.663
      vertex 212.000 213.558 18.564
      vertex 174.000 213.558 18.564
    endloop
  endfacet
  facet normal 0.000000 0.956940 -0.290285
    outer loop
      vertex 174.000 210.713 19.129
      vertex 212.000 210.713 19.129
      vertex 212.000 210.605 18.773
    endloop
  endfacet
  facet normal 0.000000 0.956940 -0.290285
    outer loop
      vertex 174.000 210.713 19.129
      vertex 212.000 210.605 18.773
      vertex 174.000 210.605 18.773
    endloop
  endfacet
  facet normal -1.000000 0.000000 0.000000
    outer loop
      vertex 174.000 213.558 18.564
      vertex 174.000 213.285 17.663
      vertex 174.000 210.605 18.773
    endloop
  endfacet
  facet normal -1.000000 0.000000 0.000000
    outer loop
      vertex 174.000 213.558 18.564
      vertex 174.000 210.605 18.773
      vertex 174.000 210.713 19.129
    endloop
  endfacet
  facet normal 1.000000 0.000000 0.000000
    outer loop
      vertex 212.000 213.285 17.663
      vertex 212.000 213.558 18.564
      vertex 212.000 210.713 19.129
    endloop
  endfacet
  facet normal 1.000000 0.000000 0.000000
    outer loop
      vertex 212.000 213.285 17.663
      vertex 212.000 210.713 19.129
      vertex 212.000 210.605 18.773
    endloop
  endfacet
  facet normal 0.000000 -0.995185 0.098017
    outer loop
      vertex 174.000 213.558 18.564
      vertex 212.000 213.558 18.564
      vertex 212.000 213.650 19.500
    endloop
  endfacet
  facet normal 0.000000 -0.995185 0.098017
    outer loop
      vertex 174.000 213.558 18.564
      vertex 212.000 213.650 19.500
      vertex 174.000 213.650 19.500
    endloop
  endfacet
  facet normal 0.000000 0.995185 -0.098017
    outer loop
      vertex 174.000 210.750 19.500
      vertex 212.000 210.750 19.500
      vertex 212.000 210.713 19.129
    endloop
  endfacet
  facet normal 0.000000 0.995185 -0.098017
    outer loop
      vertex 174.000 210.750 19.500
      vertex 212.000 210.713 19.129
      vertex 174.000 210.713 19.129
    endloop
  endfacet
  facet normal -1.000000 0.000000 0.000000
    outer loop
      vertex 174.000 213.650 19.500
      vertex 174.000 213.558 18.564
      vertex 174.000 210.713 19.129
    endloop
  endfacet
  facet normal -1.000000 0.000000 0.000000
    outer loop
      vertex 174.000 213.650 19.500
      vertex 174.000 210.713 19.129
      vertex 174.000 210.750 19.500
    endloop
  endfacet
  facet normal 1.000000 0.000000 0.000000
    outer loop
      vertex 212.000 213.558 18.564
      vertex 212.000 213.650 19.500
      vertex 212.000 210.750 19.500
    endloop
  endfacet
  facet normal 1.000000 0.000000 0.000000
    outer loop
      vertex 212.000 213.558 18.564
      vertex 212.000 210.750 19.500
      vertex 212.000 210.713 19.129
    endloop
  endfacet
  facet normal 0.000000 -0.991445 -0.130526
    outer loop
      vertex 9.000 11.300 1.450
      vertex 215.000 11.300 1.450
      vertex 215.000 11.251 1.825
    endloop
  endfacet
  facet normal 0.000000 -0.991445 -0.130526
    outer loop
      vertex 9.000 11.300 1.450
      vertex 215.000 11.251 1.825
      vertex 9.000 11.251 1.825
    endloop
  endfacet
  facet normal 0.000000 -0.923880 -0.382683
    outer loop
      vertex 9.000 11.251 1.825
      vertex 215.000 11.251 1.825
      vertex 215.000 11.106 2.175
    endloop
  endfacet
  facet normal 0.000000 -0.923880 -0.382683
    outer loop
      vertex 9.000 11.251 1.825
      vertex 215.000 11.106 2.175
      vertex 9.000 11.106 2.175
    endloop
  endfacet
  facet normal 0.000000 -0.793353 -0.608761
    outer loop
      vertex 9.000 11.106 2.175
      vertex 215.000 11.106 2.175
      vertex 215.000 10.875 2.475
    endloop
  endfacet
  facet normal 0.000000 -0.793353 -0.608761
    outer loop
      vertex 9.000 11.106 2.175
      vertex 215.000 10.875 2.475
      vertex 9.000 10.875 2.475
    endloop
  endfacet
  facet normal 0.000000 -0.608761 -0.793353
    outer loop
      vertex 9.000 10.875 2.475
      vertex 215.000 10.875 2.475
      vertex 215.000 10.575 2.706
    endloop
  endfacet
  facet normal 0.000000 -0.608761 -0.793353
    outer loop
      vertex 9.000 10.875 2.475
      vertex 215.000 10.575 2.706
      vertex 9.000 10.575 2.706
    endloop
  endfacet
  facet normal 0.000000 -0.382683 -0.923880
    outer loop
      vertex 9.000 10.575 2.706
      vertex 215.000 10.575 2.706
      vertex 215.000 10.225 2.851
    endloop
  endfacet
  facet normal 0.000000 -0.382683 -0.923880
    outer loop
      vertex 9.000 10.575 2.706
      vertex 215.000 10.225 2.851
      vertex 9.000 10.225 2.851
    endloop
  endfacet
  facet normal 0.000000 -0.130526 -0.991445
    outer loop
      vertex 9.000 10.225 2.851
      vertex 215.000 10.225 2.851
      vertex 215.000 9.850 2.900
    endloop
  endfacet
  facet normal 0.000000 -0.130526 -0.991445
    outer loop
      vertex 9.000 10.225 2.851
      vertex 215.000 9.850 2.900
      vertex 9.000 9.850 2.900
    endloop
  endfacet
  facet normal 0.000000 0.130526 -0.991445
    outer loop
      vertex 9.000 9.850 2.900
      vertex 215.000 9.850 2.900
      vertex 215.000 9.475 2.851
    endloop
  endfacet
  facet normal 0.000000 0.130526 -0.991445
    outer loop
      vertex 9.000 9.850 2.900
      vertex 215.000 9.475 2.851
      vertex 9.000 9.475 2.851
    endloop
  endfacet
  facet normal 0.000000 0.382683 -0.923880
    outer loop
      vertex 9.000 9.475 2.851
      vertex 215.000 9.475 2.851
      vertex 215.000 9.125 2.706
    endloop
  endfacet
  facet normal 0.000000 0.382683 -0.923880
    outer loop
      vertex 9.000 9.475 2.851
      vertex 215.000 9.125 2.706
      vertex 9.000 9.125 2.706
    endloop
  endfacet
  facet normal 0.000000 0.608761 -0.793353
    outer loop
      vertex 9.000 9.125 2.706
      vertex 215.000 9.125 2.706
      vertex 215.000 8.825 2.475
    endloop
  endfacet
  facet normal 0.000000 0.608761 -0.793353
    outer loop
      vertex 9.000 9.125 2.706
      vertex 215.000 8.825 2.475
      vertex 9.000 8.825 2.475
    endloop
  endfacet
  facet normal 0.000000 0.793353 -0.608761
    outer loop
      vertex 9.000 8.825 2.475
      vertex 215.000 8.825 2.475
      vertex 215.000 8.594 2.175
    endloop
  endfacet
  facet normal 0.000000 0.793353 -0.608761
    outer loop
      vertex 9.000 8.825 2.475
      vertex 215.000 8.594 2.175
      vertex 9.000 8.594 2.175
    endloop
  endfacet
  facet normal 0.000000 0.923880 -0.382683
    outer loop
      vertex 9.000 8.594 2.175
      vertex 215.000 8.594 2.175
      vertex 215.000 8.449 1.825
    endloop
  endfacet
  facet normal 0.000000 0.923880 -0.382683
    outer loop
      vertex 9.000 8.594 2.175
      vertex 215.000 8.449 1.825
      vertex 9.000 8.449 1.825
    endloop
  endfacet
  facet normal 0.000000 0.991445 -0.130526
    outer loop
      vertex 9.000 8.449 1.825
      vertex 215.000 8.449 1.825
      vertex 215.000 8.400 1.450
    endloop
  endfacet
  facet normal 0.000000 0.991445 -0.130526
    outer loop
      vertex 9.000 8.449 1.825
      vertex 215.000 8.400 1.450
      vertex 9.000 8.400 1.450
    endloop
  endfacet
  facet normal 0.000000 0.991445 0.130526
    outer loop
      vertex 9.000 8.400 1.450
      vertex 215.000 8.400 1.450
      vertex 215.000 8.449 1.075
    endloop
  endfacet
  facet normal 0.000000 0.991445 0.130526
    outer loop
      vertex 9.000 8.400 1.450
      vertex 215.000 8.449 1.075
      vertex 9.000 8.449 1.075
    endloop
  endfacet
  facet normal 0.000000 0.923880 0.382683
    outer loop
      vertex 9.000 8.449 1.075
      vertex 215.000 8.449 1.075
      vertex 215.000 8.594 0.725
    endloop
  endfacet
  facet normal 0.000000 0.923880 0.382683
    outer loop
      vertex 9.000 8.449 1.075
      vertex 215.000 8.594 0.725
      vertex 9.000 8.594 0.725
    endloop
  endfacet
  facet normal 0.000000 0.793353 0.608761
    outer loop
      vertex 9.000 8.594 0.725
      vertex 215.000 8.594 0.725
      vertex 215.000 8.825 0.425
    endloop
  endfacet
  facet normal 0.000000 0.793353 0.608761
    outer loop
      vertex 9.000 8.594 0.725
      vertex 215.000 8.825 0.425
      vertex 9.000 8.825 0.425
    endloop
  endfacet
  facet normal 0.000000 0.608761 0.793353
    outer loop
      vertex 9.000 8.825 0.425
      vertex 215.000 8.825 0.425
      vertex 215.000 9.125 0.194
    endloop
  endfacet
  facet normal 0.000000 0.608761 0.793353
    outer loop
      vertex 9.000 8.825 0.425
      vertex 215.000 9.125 0.194
      vertex 9.000 9.125 0.194
    endloop
  endfacet
  facet normal 0.000000 0.382683 0.923880
    outer loop
      vertex 9.000 9.125 0.194
      vertex 215.000 9.125 0.194
      vertex 215.000 9.475 0.049
    endloop
  endfacet
  facet normal 0.000000 0.382683 0.923880
    outer loop
      vertex 9.000 9.125 0.194
      vertex 215.000 9.475 0.049
      vertex 9.000 9.475 0.049
    endloop
  endfacet
  facet normal 0.000000 0.130526 0.991445
    outer loop
      vertex 9.000 9.475 0.049
      vertex 215.000 9.475 0.049
      vertex 215.000 9.850 0.000
    endloop
  endfacet
  facet normal 0.000000 0.130526 0.991445
    outer loop
      vertex 9.000 9.475 0.049
      vertex 215.000 9.850 0.000
      vertex 9.000 9.850 0.000
    endloop
  endfacet
  facet normal 0.000000 -0.130526 0.991445
    outer loop
      vertex 9.000 9.850 0.000
      vertex 215.000 9.850 0.000
      vertex 215.000 10.225 0.049
    endloop
  endfacet
  facet normal 0.000000 -0.130526 0.991445
    outer loop
      vertex 9.000 9.850 0.000
      vertex 215.000 10.225 0.049
      vertex 9.000 10.225 0.049
    endloop
  endfacet
  facet normal 0.000000 -0.382683 0.923880
    outer loop
      vertex 9.000 10.225 0.049
      vertex 215.000 10.225 0.049
      vertex 215.000 10.575 0.194
    endloop
  endfacet
  facet normal 0.000000 -0.382683 0.923880
    outer loop
      vertex 9.000 10.225 0.049
      vertex 215.000 10.575 0.194
      vertex 9.000 10.575 0.194
    endloop
  endfacet
  facet normal 0.000000 -0.608761 0.793353
    outer loop
      vertex 9.000 10.575 0.194
      vertex 215.000 10.575 0.194
      vertex 215.000 10.875 0.425
    endloop
  endfacet
  facet normal 0.000000 -0.608761 0.793353
    outer loop
      vertex 9.000 10.575 0.194
      vertex 215.000 10.875 0.425
      vertex 9.000 10.875 0.425
    endloop
  endfacet
  facet normal 0.000000 -0.793353 0.608761
    outer loop
      vertex 9.000 10.875 0.425
      vertex 215.000 10.875 0.425
      vertex 215.000 11.106 0.725
    endloop
  endfacet
  facet normal 0.000000 -0.793353 0.608761
    outer loop
      vertex 9.000 10.875 0.425
      vertex 215.000 11.106 0.725
      vertex 9.000 11.106 0.725
    endloop
  endfacet
  facet normal 0.000000 -0.923880 0.382683
    outer loop
      vertex 9.000 11.106 0.725
      vertex 215.000 11.106 0.725
      vertex 215.000 11.251 1.075
    endloop
  endfacet
  facet normal 0.000000 -0.923880 0.382683
    outer loop
      vertex 9.000 11.106 0.725
      vertex 215.000 11.251 1.075
      vertex 9.000 11.251 1.075
    endloop
  endfacet
  facet normal 0.000000 -0.991445 0.130526
    outer loop
      vertex 9.000 11.251 1.075
      vertex 215.000 11.251 1.075
      vertex 215.000 11.300 1.450
    endloop
  endfacet
  facet normal 0.000000 -0.991445 0.130526
    outer loop
      vertex 9.000 11.251 1.075
      vertex 215.000 11.300 1.450
      vertex 9.000 11.300 1.450
    endloop
  endfacet
  facet normal -1.000000 0.000000 0.000000
    outer loop
      vertex 9.000 9.850 1.450
      vertex 9.000 11.251 1.825
      vertex 9.000 11.300 1.450
    endloop
  endfacet
  facet normal 1.000000 0.000000 0.000000
    outer loop
      vertex 215.000 9.850 1.450
      vertex 215.000 11.300 1.450
      vertex 215.000 11.251 1.825
    endloop
  endfacet
  facet normal -1.000000 0.000000 0.000000
    outer loop
      vertex 9.000 9.850 1.450
      vertex 9.000 11.106 2.175
      vertex 9.000 11.251 1.825
    endloop
  endfacet
  facet normal 1.000000 0.000000 0.000000
    outer loop
      vertex 215.000 9.850 1.450
      vertex 215.000 11.251 1.825
      vertex 215.000 11.106 2.175
    endloop
  endfacet
  facet normal -1.000000 0.000000 0.000000
    outer loop
      vertex 9.000 9.850 1.450
      vertex 9.000 10.875 2.475
      vertex 9.000 11.106 2.175
    endloop
  endfacet
  facet normal 1.000000 0.000000 0.000000
    outer loop
      vertex 215.000 9.850 1.450
      vertex 215.000 11.106 2.175
      vertex 215.000 10.875 2.475
    endloop
  endfacet
  facet normal -1.000000 0.000000 0.000000
    outer loop
      vertex 9.000 9.850 1.450
      vertex 9.000 10.575 2.706
      vertex 9.000 10.875 2.475
    endloop
  endfacet
  facet normal 1.000000 0.000000 0.000000
    outer loop
      vertex 215.000 9.850 1.450
      vertex 215.000 10.875 2.475
      vertex 215.000 10.575 2.706
    endloop
  endfacet
  facet normal -1.000000 0.000000 0.000000
    outer loop
      vertex 9.000 9.850 1.450
      vertex 9.000 10.225 2.851
      vertex 9.000 10.575 2.706
    endloop
  endfacet
  facet normal 1.000000 0.000000 0.000000
    outer loop
      vertex 215.000 9.850 1.450
      vertex 215.000 10.575 2.706
      vertex 215.000 10.225 2.851
    endloop
  endfacet
  facet normal -1.000000 0.000000 0.000000
    outer loop
      vertex 9.000 9.850 1.450
      vertex 9.000 9.850 2.900
      vertex 9.000 10.225 2.851
    endloop
  endfacet
  facet normal 1.000000 0.000000 0.000000
    outer loop
      vertex 215.000 9.850 1.450
      vertex 215.000 10.225 2.851
      vertex 215.000 9.850 2.900
    endloop
  endfacet
  facet normal -1.000000 0.000000 0.000000
    outer loop
      vertex 9.000 9.850 1.450
      vertex 9.000 9.475 2.851
      vertex 9.000 9.850 2.900
    endloop
  endfacet
  facet normal 1.000000 0.000000 0.000000
    outer loop
      vertex 215.000 9.850 1.450
      vertex 215.000 9.850 2.900
      vertex 215.000 9.475 2.851
    endloop
  endfacet
  facet normal -1.000000 0.000000 0.000000
    outer loop
      vertex 9.000 9.850 1.450
      vertex 9.000 9.125 2.706
      vertex 9.000 9.475 2.851
    endloop
  endfacet
  facet normal 1.000000 0.000000 0.000000
    outer loop
      vertex 215.000 9.850 1.450
      vertex 215.000 9.475 2.851
      vertex 215.000 9.125 2.706
    endloop
  endfacet
  facet normal -1.000000 0.000000 0.000000
    outer loop
      vertex 9.000 9.850 1.450
      vertex 9.000 8.825 2.475
      vertex 9.000 9.125 2.706
    endloop
  endfacet
  facet normal 1.000000 0.000000 0.000000
    outer loop
      vertex 215.000 9.850 1.450
      vertex 215.000 9.125 2.706
      vertex 215.000 8.825 2.475
    endloop
  endfacet
  facet normal -1.000000 0.000000 0.000000
    outer loop
      vertex 9.000 9.850 1.450
      vertex 9.000 8.594 2.175
      vertex 9.000 8.825 2.475
    endloop
  endfacet
  facet normal 1.000000 0.000000 0.000000
    outer loop
      vertex 215.000 9.850 1.450
      vertex 215.000 8.825 2.475
      vertex 215.000 8.594 2.175
    endloop
  endfacet
  facet normal -1.000000 0.000000 0.000000
    outer loop
      vertex 9.000 9.850 1.450
      vertex 9.000 8.449 1.825
      vertex 9.000 8.594 2.175
    endloop
  endfacet
  facet normal 1.000000 0.000000 0.000000
    outer loop
      vertex 215.000 9.850 1.450
      vertex 215.000 8.594 2.175
      vertex 215.000 8.449 1.825
    endloop
  endfacet
  facet normal -1.000000 0.000000 0.000000
    outer loop
      vertex 9.000 9.850 1.450
      vertex 9.000 8.400 1.450
      vertex 9.000 8.449 1.825
    endloop
  endfacet
  facet normal 1.000000 0.000000 0.000000
    outer loop
      vertex 215.000 9.850 1.450
      vertex 215.000 8.449 1.825
      vertex 215.000 8.400 1.450
    endloop
  endfacet
  facet normal -1.000000 0.000000 0.000000
    outer loop
      vertex 9.000 9.850 1.450
      vertex 9.000 8.449 1.075
      vertex 9.000 8.400 1.450
    endloop
  endfacet
  facet normal 1.000000 0.000000 0.000000
    outer loop
      vertex 215.000 9.850 1.450
      vertex 215.000 8.400 1.450
      vertex 215.000 8.449 1.075
    endloop
  endfacet
  facet normal -1.000000 0.000000 0.000000
    outer loop
      vertex 9.000 9.850 1.450
      vertex 9.000 8.594 0.725
      vertex 9.000 8.449 1.075
    endloop
  endfacet
  facet normal 1.000000 0.000000 0.000000
    outer loop
      vertex 215.000 9.850 1.450
      vertex 215.000 8.449 1.075
      vertex 215.000 8.594 0.725
    endloop
  endfacet
  facet normal -1.000000 0.000000 0.000000
    outer loop
      vertex 9.000 9.850 1.450
      vertex 9.000 8.825 0.425
      vertex 9.000 8.594 0.725
    endloop
  endfacet
  facet normal 1.000000 0.000000 0.000000
    outer loop
      vertex 215.000 9.850 1.450
      vertex 215.000 8.594 0.725
      vertex 215.000 8.825 0.425
    endloop
  endfacet
  facet normal -1.000000 0.000000 0.000000
    outer loop
      vertex 9.000 9.850 1.450
      vertex 9.000 9.125 0.194
      vertex 9.000 8.825 0.425
    endloop
  endfacet
  facet normal 1.000000 0.000000 0.000000
    outer loop
      vertex 215.000 9.850 1.450
      vertex 215.000 8.825 0.425
      vertex 215.000 9.125 0.194
    endloop
  endfacet
  facet normal -1.000000 0.000000 0.000000
    outer loop
      vertex 9.000 9.850 1.450
      vertex 9.000 9.475 0.049
      vertex 9.000 9.125 0.194
    endloop
  endfacet
  facet normal 1.000000 0.000000 0.000000
    outer loop
      vertex 215.000 9.850 1.450
      vertex 215.000 9.125 0.194
      vertex 215.000 9.475 0.049
    endloop
  endfacet
  facet normal -1.000000 0.000000 0.000000
    outer loop
      vertex 9.000 9.850 1.450
      vertex 9.000 9.850 0.000
      vertex 9.000 9.475 0.049
    endloop
  endfacet
  facet normal 1.000000 0.000000 0.000000
    outer loop
      vertex 215.000 9.850 1.450
      vertex 215.000 9.475 0.049
      vertex 215.000 9.850 0.000
    endloop
  endfacet
  facet normal -1.000000 0.000000 0.000000
    outer loop
      vertex 9.000 9.850 1.450
      vertex 9.000 10.225 0.049
      vertex 9.000 9.850 0.000
    endloop
  endfacet
  facet normal 1.000000 0.000000 0.000000
    outer loop
      vertex 215.000 9.850 1.450
      vertex 215.000 9.850 0.000
      vertex 215.000 10.225 0.049
    endloop
  endfacet
  facet normal -1.000000 0.000000 0.000000
    outer loop
      vertex 9.000 9.850 1.450
      vertex 9.000 10.575 0.194
      vertex 9.000 10.225 0.049
    endloop
  endfacet
  facet normal 1.000000 0.000000 0.000000
    outer loop
      vertex 215.000 9.850 1.450
      vertex 215.000 10.225 0.049
      vertex 215.000 10.575 0.194
    endloop
  endfacet
  facet normal -1.000000 0.000000 0.000000
    outer loop
      vertex 9.000 9.850 1.450
      vertex 9.000 10.875 0.425
      vertex 9.000 10.575 0.194
    endloop
  endfacet
  facet normal 1.000000 0.000000 0.000000
    outer loop
      vertex 215.000 9.850 1.450
      vertex 215.000 10.575 0.194
      vertex 215.000 10.875 0.425
    endloop
  endfacet
  facet normal -1.000000 0.000000 0.000000
    outer loop
      vertex 9.000 9.850 1.450
      vertex 9.000 11.106 0.725
      vertex 9.000 10.875 0.425
    endloop
  endfacet
  facet normal 1.000000 0.000000 0.000000
    outer loop
      vertex 215.000 9.850 1.450
      vertex 215.000 10.875 0.425
      vertex 215.000 11.106 0.725
    endloop
  endfacet
  facet normal -1.000000 0.000000 0.000000
    outer loop
      vertex 9.000 9.850 1.450
      vertex 9.000 11.251 1.075
      vertex 9.000 11.106 0.725
    endloop
  endfacet
  facet normal 1.000000 0.000000 0.000000
    outer loop
      vertex 215.000 9.850 1.450
      vertex 215.000 11.106 0.725
      vertex 215.000 11.251 1.075
    endloop
  endfacet
  facet normal -1.000000 0.000000 0.000000
    outer loop
      vertex 9.000 9.850 1.450
      vertex 9.000 11.300 1.450
      vertex 9.000 11.251 1.075
    endloop
  endfacet
  facet normal 1.000000 0.000000 0.000000
    outer loop
      vertex 215.000 9.850 1.450
      vertex 215.000 11.251 1.075
      vertex 215.000 11.300 1.450
    endloop
  endfacet
  facet normal 0.000000 0.000000 1.000000
    outer loop
      vertex 4.000 6.350 0.000
      vertex 9.000 6.350 0.000
      vertex 9.000 13.350 0.000
    endloop
  endfacet
  facet normal 0.000000 0.000000 1.000000
    outer loop
      vertex 4.000 6.350 0.000
      vertex 9.000 13.350 0.000
      vertex 4.000 13.350 0.000
    endloop
  endfacet
  facet normal 0.000000 0.000000 -1.000000
    outer loop
      vertex 4.000 6.350 2.900
      vertex 4.000 13.350 2.900
      vertex 9.000 13.350 2.900
    endloop
  endfacet
  facet normal 0.000000 0.000000 -1.000000
    outer loop
      vertex 4.000 6.350 2.900
      vertex 9.000 13.350 2.900
      vertex 9.000 6.350 2.900
    endloop
  endfacet
  facet normal 0.000000 1.000000 0.000000
    outer loop
      vertex 4.000 6.350 0.000
      vertex 4.000 6.350 2.900
      vertex 9.000 6.350 2.900
    endloop
  endfacet
  facet normal 0.000000 1.000000 0.000000
    outer loop
      vertex 4.000 6.350 0.000
      vertex 9.000 6.350 2.900
      vertex 9.000 6.350 0.000
    endloop
  endfacet
  facet normal -1.000000 0.000000 0.000000
    outer loop
      vertex 9.000 6.350 0.000
      vertex 9.000 6.350 2.900
      vertex 9.000 13.350 2.900
    endloop
  endfacet
  facet normal -1.000000 0.000000 0.000000
    outer loop
      vertex 9.000 6.350 0.000
      vertex 9.000 13.350 2.900
      vertex 9.000 13.350 0.000
    endloop
  endfacet
  facet normal 0.000000 -1.000000 0.000000
    outer loop
      vertex 9.000 13.350 0.000
      vertex 9.000 13.350 2.900
      vertex 4.000 13.350 2.900
    endloop
  endfacet
  facet normal 0.000000 -1.000000 0.000000
    outer loop
      vertex 9.000 13.350 0.000
      vertex 4.000 13.350 2.900
      vertex 4.000 13.350 0.000
    endloop
  endfacet
  facet normal 1.000000 0.000000 0.000000
    outer loop
      vertex 4.000 13.350 0.000
      vertex 4.000 13.350 2.900
      vertex 4.000 6.350 2.900
    endloop
  endfacet
  facet normal 1.000000 0.000000 0.000000
    outer loop
      vertex 4.000 13.350 0.000
      vertex 4.000 6.350 2.900
      vertex 4.000 6.350 0.000
    endloop
  endfacet
  facet normal -0.098017 -0.995185 0.000000
    outer loop
      vertex 191.800 107.650 8.000
      vertex 191.800 107.650 0.000
      vertex 192.541 107.577 0.000
    endloop
  endfacet
  facet normal -0.098017 -0.995185 0.000000
    outer loop
      vertex 191.800 107.650 8.000
      vertex 192.541 107.577 0.000
      vertex 192.541 107.577 8.000
    endloop
  endfacet
  facet normal 0.098017 0.995185 0.000000
    outer loop
      vertex 192.083 105.272 8.000
      vertex 192.083 105.272 0.000
      vertex 191.800 105.300 0.000
    endloop
  endfacet
  facet normal 0.098017 0.995185 0.000000
    outer loop
      vertex 192.083 105.272 8.000
      vertex 191.800 105.300 0.000
      vertex 191.800 105.300 8.000
    endloop
  endfacet
  facet normal 0.000000 0.000000 1.000000
    outer loop
      vertex 192.541 107.577 8.000
      vertex 191.800 107.650 8.000
      vertex 191.800 105.300 8.000
    endloop
  endfacet
  facet normal 0.000000 0.000000 1.000000
    outer loop
      vertex 192.541 107.577 8.000
      vertex 191.800 105.300 8.000
      vertex 192.083 105.272 8.000
    endloop
  endfacet
  facet normal 0.000000 0.000000 -1.000000
    outer loop
      vertex 191.800 107.650 0.000
      vertex 192.541 107.577 0.000
      vertex 192.083 105.272 0.000
    endloop
  endfacet
  facet normal 0.000000 0.000000 -1.000000
    outer loop
      vertex 191.800 107.650 0.000
      vertex 192.083 105.272 0.000
      vertex 191.800 105.300 0.000
    endloop
  endfacet
  facet normal -0.290285 -0.956940 0.000000
    outer loop
      vertex 192.541 107.577 8.000
      vertex 192.541 107.577 0.000
      vertex 193.254 107.361 0.000
    endloop
  endfacet
  facet normal -0.290285 -0.956940 0.000000
    outer loop
      vertex 192.541 107.577 8.000
      vertex 193.254 107.361 0.000
      vertex 193.254 107.361 8.000
    endloop
  endfacet
  facet normal 0.290285 0.956940 0.000000
    outer loop
      vertex 192.355 105.190 8.000
      vertex 192.355 105.190 0.000
      vertex 192.083 105.272 0.000
    endloop
  endfacet
  facet normal 0.290285 0.956940 0.000000
    outer loop
      vertex 192.355 105.190 8.000
      vertex 192.083 105.272 0.000
      vertex 192.083 105.272 8.000
    endloop
  endfacet
  facet normal 0.000000 0.000000 1.000000
    outer loop
      vertex 193.254 107.361 8.000
      vertex 192.541 107.577 8.000
      vertex 192.083 105.272 8.000
    endloop
  endfacet
  facet normal 0.000000 0.000000 1.000000
    outer loop
      vertex 193.254 107.361 8.000
      vertex 192.083 105.272 8.000
      vertex 192.355 105.190 8.000
    endloop
  endfacet
  facet normal 0.000000 0.000000 -1.000000
    outer loop
      vertex 192.541 107.577 0.000
      vertex 193.254 107.361 0.000
      vertex 192.355 105.190 0.000
    endloop
  endfacet
  facet normal 0.000000 0.000000 -1.000000
    outer loop
      vertex 192.541 107.577 0.000
      vertex 192.355 105.190 0.000
      vertex 192.083 105.272 0.000
    endloop
  endfacet
  facet normal -0.471397 -0.881921 0.000000
    outer loop
      vertex 193.254 107.361 8.000
      vertex 193.254 107.361 0.000
      vertex 193.911 107.010 0.000
    endloop
  endfacet
  facet normal -0.471397 -0.881921 0.000000
    outer loop
      vertex 193.254 107.361 8.000
      vertex 193.911 107.010 0.000
      vertex 193.911 107.010 8.000
    endloop
  endfacet
  facet normal 0.471397 0.881921 0.000000
    outer loop
      vertex 192.606 105.056 8.000
      vertex 192.606 105.056 0.000
      vertex 192.355 105.190 0.000
    endloop
  endfacet
  facet normal 0.471397 0.881921 0.000000
    outer loop
      vertex 192.606 105.056 8.000
      vertex 192.355 105.190 0.000
      vertex 192.355 105.190 8.000
    endloop
  endfacet
  facet normal 0.000000 0.000000 1.000000
    outer loop
      vertex 193.911 107.010 8.000
      vertex 193.254 107.361 8.000
      vertex 192.355 105.190 8.000
    endloop
  endfacet
  facet normal 0.000000 0.000000 1.000000
    outer loop
      vertex 193.911 107.010 8.000
      vertex 192.355 105.190 8.000
      vertex 192.606 105.056 8.000
    endloop
  endfacet
  facet normal 0.000000 0.000000 -1.000000
    outer loop
      vertex 193.254 107.361 0.000
      vertex 193.911 107.010 0.000
      vertex 192.606 105.056 0.000
    endloop
  endfacet
  facet normal 0.000000 0.000000 -1.000000
    outer loop
      vertex 193.254 107.361 0.000
      vertex 192.606 105.056 0.000
      vertex 192.355 105.190 0.000
    endloop
  endfacet
  facet normal -0.634393 -0.773010 0.000000
    outer loop
      vertex 193.911 107.010 8.000
      vertex 193.911 107.010 0.000
      vertex 194.487 106.537 0.000
    endloop
  endfacet
  facet normal -0.634393 -0.773010 0.000000
    outer loop
      vertex 193.911 107.010 8.000
      vertex 194.487 106.537 0.000
      vertex 194.487 106.537 8.000
    endloop
  endfacet
  facet normal 0.634393 0.773010 0.000000
    outer loop
      vertex 192.825 104.875 8.000
      vertex 192.825 104.875 0.000
      vertex 192.606 105.056 0.000
    endloop
  endfacet
  facet normal 0.634393 0.773010 0.000000
    outer loop
      vertex 192.825 104.875 8.000
      vertex 192.606 105.056 0.000
      vertex 192.606 105.056 8.000
    endloop
  endfacet
  facet normal 0.000000 0.000000 1.000000
    outer loop
      vertex 194.487 106.537 8.000
      vertex 193.911 107.010 8.000
      vertex 192.606 105.056 8.000
    endloop
  endfacet
  facet normal 0.000000 0.000000 1.000000
    outer loop
      vertex 194.487 106.537 8.000
      vertex 192.606 105.056 8.000
      vertex 192.825 104.875 8.000
    endloop
  endfacet
  facet normal 0.000000 0.000000 -1.000000
    outer loop
      vertex 193.911 107.010 0.000
      vertex 194.487 106.537 0.000
      vertex 192.825 104.875 0.000
    endloop
  endfacet
  facet normal 0.000000 0.000000 -1.000000
    outer loop
      vertex 193.911 107.010 0.000
      vertex 192.825 104.875 0.000
      vertex 192.606 105.056 0.000
    endloop
  endfacet
  facet normal -0.773010 -0.634393 0.000000
    outer loop
      vertex 194.487 106.537 8.000
      vertex 194.487 106.537 0.000
      vertex 194.960 105.961 0.000
    endloop
  endfacet
  facet normal -0.773010 -0.634393 0.000000
    outer loop
      vertex 194.487 106.537 8.000
      vertex 194.960 105.961 0.000
      vertex 194.960 105.961 8.000
    endloop
  endfacet
  facet normal 0.773010 0.634393 0.000000
    outer loop
      vertex 193.006 104.656 8.000
      vertex 193.006 104.656 0.000
      vertex 192.825 104.875 0.000
    endloop
  endfacet
  facet normal 0.773010 0.634393 0.000000
    outer loop
      vertex 193.006 104.656 8.000
      vertex 192.825 104.875 0.000
      vertex 192.825 104.875 8.000
    endloop
  endfacet
  facet normal 0.000000 0.000000 1.000000
    outer loop
      vertex 194.960 105.961 8.000
      vertex 194.487 106.537 8.000
      vertex 192.825 104.875 8.000
    endloop
  endfacet
  facet normal 0.000000 0.000000 1.000000
    outer loop
      vertex 194.960 105.961 8.000
      vertex 192.825 104.875 8.000
      vertex 193.006 104.656 8.000
    endloop
  endfacet
  facet normal 0.000000 0.000000 -1.000000
    outer loop
      vertex 194.487 106.537 0.000
      vertex 194.960 105.961 0.000
      vertex 193.006 104.656 0.000
    endloop
  endfacet
  facet normal 0.000000 0.000000 -1.000000
    outer loop
      vertex 194.487 106.537 0.000
      vertex 193.006 104.656 0.000
      vertex 192.825 104.875 0.000
    endloop
  endfacet
  facet normal -0.881921 -0.471397 0.000000
    outer loop
      vertex 194.960 105.961 8.000
      vertex 194.960 105.961 0.000
      vertex 195.311 105.304 0.000
    endloop
  endfacet
  facet normal -0.881921 -0.471397 0.000000
    outer loop
      vertex 194.960 105.961 8.000
      vertex 195.311 105.304 0.000
      vertex 195.311 105.304 8.000
    endloop
  endfacet
  facet normal 0.881921 0.471397 0.000000
    outer loop
      vertex 193.140 104.405 8.000
      vertex 193.140 104.405 0.000
      vertex 193.006 104.656 0.000
    endloop
  endfacet
  facet normal 0.881921 0.471397 0.000000
    outer loop
      vertex 193.140 104.405 8.000
      vertex 193.006 104.656 0.000
      vertex 193.006 104.656 8.000
    endloop
  endfacet
  facet normal 0.000000 0.000000 1.000000
    outer loop
      vertex 195.311 105.304 8.000
      vertex 194.960 105.961 8.000
      vertex 193.006 104.656 8.000
    endloop
  endfacet
  facet normal 0.000000 0.000000 1.000000
    outer loop
      vertex 195.311 105.304 8.000
      vertex 193.006 104.656 8.000
      vertex 193.140 104.405 8.000
    endloop
  endfacet
  facet normal 0.000000 0.000000 -1.000000
    outer loop
      vertex 194.960 105.961 0.000
      vertex 195.311 105.304 0.000
      vertex 193.140 104.405 0.000
    endloop
  endfacet
  facet normal 0.000000 0.000000 -1.000000
    outer loop
      vertex 194.960 105.961 0.000
      vertex 193.140 104.405 0.000
      vertex 193.006 104.656 0.000
    endloop
  endfacet
  facet normal -0.956940 -0.290285 0.000000
    outer loop
      vertex 195.311 105.304 8.000
      vertex 195.311 105.304 0.000
      vertex 195.527 104.591 0.000
    endloop
  endfacet
  facet normal -0.956940 -0.290285 0.000000
    outer loop
      vertex 195.311 105.304 8.000
      vertex 195.527 104.591 0.000
      vertex 195.527 104.591 8.000
    endloop
  endfacet
  facet normal 0.956940 0.290285 0.000000
    outer loop
      vertex 193.222 104.133 8.000
      vertex 193.222 104.133 0.000
      vertex 193.140 104.405 0.000
    endloop
  endfacet
  facet normal 0.956940 0.290285 0.000000
    outer loop
      vertex 193.222 104.133 8.000
      vertex 193.140 104.405 0.000
      vertex 193.140 104.405 8.000
    endloop
  endfacet
  facet normal 0.000000 0.000000 1.000000
    outer loop
      vertex 195.527 104.591 8.000
      vertex 195.311 105.304 8.000
      vertex 193.140 104.405 8.000
    endloop
  endfacet
  facet normal 0.000000 0.000000 1.000000
    outer loop
      vertex 195.527 104.591 8.000
      vertex 193.140 104.405 8.000
      vertex 193.222 104.133 8.000
    endloop
  endfacet
  facet normal 0.000000 0.000000 -1.000000
    outer loop
      vertex 195.311 105.304 0.000
      vertex 195.527 104.591 0.000
      vertex 193.222 104.133 0.000
    endloop
  endfacet
  facet normal 0.000000 0.000000 -1.000000
    outer loop
      vertex 195.311 105.304 0.000
      vertex 193.222 104.133 0.000
      vertex 193.140 104.405 0.000
    endloop
  endfacet
  facet normal -0.995185 -0.098017 0.000000
    outer loop
      vertex 195.527 104.591 8.000
      vertex 195.527 104.591 0.000
      vertex 195.600 103.850 0.000
    endloop
  endfacet
  facet normal -0.995185 -0.098017 0.000000
    outer loop
      vertex 195.527 104.591 8.000
      vertex 195.600 103.850 0.000
      vertex 195.600 103.850 8.000
    endloop
  endfacet
  facet normal 0.995185 0.098017 0.000000
    outer loop
      vertex 193.250 103.850 8.000
      vertex 193.250 103.850 0.000
      vertex 193.222 104.133 0.000
    endloop
  endfacet
  facet normal 0.995185 0.098017 0.000000
    outer loop
      vertex 193.250 103.850 8.000
      vertex 193.222 104.133 0.000
      vertex 193.222 104.133 8.000
    endloop
  endfacet
  facet normal 0.000000 0.000000 1.000000
    outer loop
      vertex 195.600 103.850 8.000
      vertex 195.527 104.591 8.000
      vertex 193.222 104.133 8.000
    endloop
  endfacet
  facet normal 0.000000 0.000000 1.000000
    outer loop
      vertex 195.600 103.850 8.000
      vertex 193.222 104.133 8.000
      vertex 193.250 103.850 8.000
    endloop
  endfacet
  facet normal 0.000000 0.000000 -1.000000
    outer loop
      vertex 195.527 104.591 0.000
      vertex 195.600 103.850 0.000
      vertex 193.250 103.850 0.000
    endloop
  endfacet
  facet normal 0.000000 0.000000 -1.000000
    outer loop
      vertex 195.527 104.591 0.000
      vertex 193.250 103.850 0.000
      vertex 193.222 104.133 0.000
    endloop
  endfacet
  facet normal -0.995185 0.098017 0.000000
    outer loop
      vertex 195.600 103.850 8.000
      vertex 195.600 103.850 0.000
      vertex 195.527 103.109 0.000
    endloop
  endfacet
  facet normal -0.995185 0.098017 0.000000
    outer loop
      vertex 195.600 103.850 8.000
      vertex 195.527 103.109 0.000
      vertex 195.527 103.109 8.000
    endloop
  endfacet
  facet normal 0.995185 -0.098017 0.000000
    outer loop
      vertex 193.222 103.567 8.000
      vertex 193.222 103.567 0.000
      vertex 193.250 103.850 0.000
    endloop
  endfacet
  facet normal 0.995185 -0.098017 0.000000
    outer loop
      vertex 193.222 103.567 8.000
      vertex 193.250 103.850 0.000
      vertex 193.250 103.850 8.000
    endloop
  endfacet
  facet normal 0.000000 0.000000 1.000000
    outer loop
      vertex 195.527 103.109 8.000
      vertex 195.600 103.850 8.000
      vertex 193.250 103.850 8.000
    endloop
  endfacet
  facet normal 0.000000 0.000000 1.000000
    outer loop
      vertex 195.527 103.109 8.000
      vertex 193.250 103.850 8.000
      vertex 193.222 103.567 8.000
    endloop
  endfacet
  facet normal 0.000000 0.000000 -1.000000
    outer loop
      vertex 195.600 103.850 0.000
      vertex 195.527 103.109 0.000
      vertex 193.222 103.567 0.000
    endloop
  endfacet
  facet normal 0.000000 0.000000 -1.000000
    outer loop
      vertex 195.600 103.850 0.000
      vertex 193.222 103.567 0.000
      vertex 193.250 103.850 0.000
    endloop
  endfacet
  facet normal -0.956940 0.290285 0.000000
    outer loop
      vertex 195.527 103.109 8.000
      vertex 195.527 103.109 0.000
      vertex 195.311 102.396 0.000
    endloop
  endfacet
  facet normal -0.956940 0.290285 0.000000
    outer loop
      vertex 195.527 103.109 8.000
      vertex 195.311 102.396 0.000
      vertex 195.311 102.396 8.000
    endloop
  endfacet
  facet normal 0.956940 -0.290285 0.000000
    outer loop
      vertex 193.140 103.295 8.000
      vertex 193.140 103.295 0.000
      vertex 193.222 103.567 0.000
    endloop
  endfacet
  facet normal 0.956940 -0.290285 0.000000
    outer loop
      vertex 193.140 103.295 8.000
      vertex 193.222 103.567 0.000
      vertex 193.222 103.567 8.000
    endloop
  endfacet
  facet normal 0.000000 0.000000 1.000000
    outer loop
      vertex 195.311 102.396 8.000
      vertex 195.527 103.109 8.000
      vertex 193.222 103.567 8.000
    endloop
  endfacet
  facet normal 0.000000 0.000000 1.000000
    outer loop
      vertex 195.311 102.396 8.000
      vertex 193.222 103.567 8.000
      vertex 193.140 103.295 8.000
    endloop
  endfacet
  facet normal 0.000000 0.000000 -1.000000
    outer loop
      vertex 195.527 103.109 0.000
      vertex 195.311 102.396 0.000
      vertex 193.140 103.295 0.000
    endloop
  endfacet
  facet normal 0.000000 0.000000 -1.000000
    outer loop
      vertex 195.527 103.109 0.000
      vertex 193.140 103.295 0.000
      vertex 193.222 103.567 0.000
    endloop
  endfacet
  facet normal -0.881921 0.471397 0.000000
    outer loop
      vertex 195.311 102.396 8.000
      vertex 195.311 102.396 0.000
      vertex 194.960 101.739 0.000
    endloop
  endfacet
  facet normal -0.881921 0.471397 0.000000
    outer loop
      vertex 195.311 102.396 8.000
      vertex 194.960 101.739 0.000
      vertex 194.960 101.739 8.000
    endloop
  endfacet
  facet normal 0.881921 -0.471397 0.000000
    outer loop
      vertex 193.006 103.044 8.000
      vertex 193.006 103.044 0.000
      vertex 193.140 103.295 0.000
    endloop
  endfacet
  facet normal 0.881921 -0.471397 0.000000
    outer loop
      vertex 193.006 103.044 8.000
      vertex 193.140 103.295 0.000
      vertex 193.140 103.295 8.000
    endloop
  endfacet
  facet normal 0.000000 0.000000 1.000000
    outer loop
      vertex 194.960 101.739 8.000
      vertex 195.311 102.396 8.000
      vertex 193.140 103.295 8.000
    endloop
  endfacet
  facet normal 0.000000 0.000000 1.000000
    outer loop
      vertex 194.960 101.739 8.000
      vertex 193.140 103.295 8.000
      vertex 193.006 103.044 8.000
    endloop
  endfacet
  facet normal 0.000000 0.000000 -1.000000
    outer loop
      vertex 195.311 102.396 0.000
      vertex 194.960 101.739 0.000
      vertex 193.006 103.044 0.000
    endloop
  endfacet
  facet normal 0.000000 0.000000 -1.000000
    outer loop
      vertex 195.311 102.396 0.000
      vertex 193.006 103.044 0.000
      vertex 193.140 103.295 0.000
    endloop
  endfacet
  facet normal -0.773010 0.634393 0.000000
    outer loop
      vertex 194.960 101.739 8.000
      vertex 194.960 101.739 0.000
      vertex 194.487 101.163 0.000
    endloop
  endfacet
  facet normal -0.773010 0.634393 0.000000
    outer loop
      vertex 194.960 101.739 8.000
      vertex 194.487 101.163 0.000
      vertex 194.487 101.163 8.000
    endloop
  endfacet
  facet normal 0.773010 -0.634393 0.000000
    outer loop
      vertex 192.825 102.825 8.000
      vertex 192.825 102.825 0.000
      vertex 193.006 103.044 0.000
    endloop
  endfacet
  facet normal 0.773010 -0.634393 0.000000
    outer loop
      vertex 192.825 102.825 8.000
      vertex 193.006 103.044 0.000
      vertex 193.006 103.044 8.000
    endloop
  endfacet
  facet normal 0.000000 0.000000 1.000000
    outer loop
      vertex 194.487 101.163 8.000
      vertex 194.960 101.739 8.000
      vertex 193.006 103.044 8.000
    endloop
  endfacet
  facet normal 0.000000 0.000000 1.000000
    outer loop
      vertex 194.487 101.163 8.000
      vertex 193.006 103.044 8.000
      vertex 192.825 102.825 8.000
    endloop
  endfacet
  facet normal 0.000000 0.000000 -1.000000
    outer loop
      vertex 194.960 101.739 0.000
      vertex 194.487 101.163 0.000
      vertex 192.825 102.825 0.000
    endloop
  endfacet
  facet normal 0.000000 0.000000 -1.000000
    outer loop
      vertex 194.960 101.739 0.000
      vertex 192.825 102.825 0.000
      vertex 193.006 103.044 0.000
    endloop
  endfacet
  facet normal -0.634393 0.773010 0.000000
    outer loop
      vertex 194.487 101.163 8.000
      vertex 194.487 101.163 0.000
      vertex 193.911 100.690 0.000
    endloop
  endfacet
  facet normal -0.634393 0.773010 0.000000
    outer loop
      vertex 194.487 101.163 8.000
      vertex 193.911 100.690 0.000
      vertex 193.911 100.690 8.000
    endloop
  endfacet
  facet normal 0.634393 -0.773010 0.000000
    outer loop
      vertex 192.606 102.644 8.000
      vertex 192.606 102.644 0.000
      vertex 192.825 102.825 0.000
    endloop
  endfacet
  facet normal 0.634393 -0.773010 0.000000
    outer loop
      vertex 192.606 102.644 8.000
      vertex 192.825 102.825 0.000
      vertex 192.825 102.825 8.000
    endloop
  endfacet
  facet normal 0.000000 0.000000 1.000000
    outer loop
      vertex 193.911 100.690 8.000
      vertex 194.487 101.163 8.000
      vertex 192.825 102.825 8.000
    endloop
  endfacet
  facet normal 0.000000 0.000000 1.000000
    outer loop
      vertex 193.911 100.690 8.000
      vertex 192.825 102.825 8.000
      vertex 192.606 102.644 8.000
    endloop
  endfacet
  facet normal 0.000000 0.000000 -1.000000
    outer loop
      vertex 194.487 101.163 0.000
      vertex 193.911 100.690 0.000
      vertex 192.606 102.644 0.000
    endloop
  endfacet
  facet normal 0.000000 0.000000 -1.000000
    outer loop
      vertex 194.487 101.163 0.000
      vertex 192.606 102.644 0.000
      vertex 192.825 102.825 0.000
    endloop
  endfacet
  facet normal -0.471397 0.881921 0.000000
    outer loop
      vertex 193.911 100.690 8.000
      vertex 193.911 100.690 0.000
      vertex 193.254 100.339 0.000
    endloop
  endfacet
  facet normal -0.471397 0.881921 0.000000
    outer loop
      vertex 193.911 100.690 8.000
      vertex 193.254 100.339 0.000
      vertex 193.254 100.339 8.000
    endloop
  endfacet
  facet normal 0.471397 -0.881921 0.000000
    outer loop
      vertex 192.355 102.510 8.000
      vertex 192.355 102.510 0.000
      vertex 192.606 102.644 0.000
    endloop
  endfacet
  facet normal 0.471397 -0.881921 0.000000
    outer loop
      vertex 192.355 102.510 8.000
      vertex 192.606 102.644 0.000
      vertex 192.606 102.644 8.000
    endloop
  endfacet
  facet normal 0.000000 0.000000 1.000000
    outer loop
      vertex 193.254 100.339 8.000
      vertex 193.911 100.690 8.000
      vertex 192.606 102.644 8.000
    endloop
  endfacet
  facet normal 0.000000 0.000000 1.000000
    outer loop
      vertex 193.254 100.339 8.000
      vertex 192.606 102.644 8.000
      vertex 192.355 102.510 8.000
    endloop
  endfacet
  facet normal 0.000000 0.000000 -1.000000
    outer loop
      vertex 193.911 100.690 0.000
      vertex 193.254 100.339 0.000
      vertex 192.355 102.510 0.000
    endloop
  endfacet
  facet normal 0.000000 0.000000 -1.000000
    outer loop
      vertex 193.911 100.690 0.000
      vertex 192.355 102.510 0.000
      vertex 192.606 102.644 0.000
    endloop
  endfacet
  facet normal -0.290285 0.956940 0.000000
    outer loop
      vertex 193.254 100.339 8.000
      vertex 193.254 100.339 0.000
      vertex 192.541 100.123 0.000
    endloop
  endfacet
  facet normal -0.290285 0.956940 0.000000
    outer loop
      vertex 193.254 100.339 8.000
      vertex 192.541 100.123 0.000
      vertex 192.541 100.123 8.000
    endloop
  endfacet
  facet normal 0.290285 -0.956940 0.000000
    outer loop
      vertex 192.083 102.428 8.000
      vertex 192.083 102.428 0.000
      vertex 192.355 102.510 0.000
    endloop
  endfacet
  facet normal 0.290285 -0.956940 0.000000
    outer loop
      vertex 192.083 102.428 8.000
      vertex 192.355 102.510 0.000
      vertex 192.355 102.510 8.000
    endloop
  endfacet
  facet normal 0.000000 0.000000 1.000000
    outer loop
      vertex 192.541 100.123 8.000
      vertex 193.254 100.339 8.000
      vertex 192.355 102.510 8.000
    endloop
  endfacet
  facet normal 0.000000 0.000000 1.000000
    outer loop
      vertex 192.541 100.123 8.000
      vertex 192.355 102.510 8.000
      vertex 192.083 102.428 8.000
    endloop
  endfacet
  facet normal 0.000000 0.000000 -1.000000
    outer loop
      vertex 193.254 100.339 0.000
      vertex 192.541 100.123 0.000
      vertex 192.083 102.428 0.000
    endloop
  endfacet
  facet normal 0.000000 0.000000 -1.000000
    outer loop
      vertex 193.254 100.339 0.000
      vertex 192.083 102.428 0.000
      vertex 192.355 102.510 0.000
    endloop
  endfacet
  facet normal -0.098017 0.995185 0.000000
    outer loop
      vertex 192.541 100.123 8.000
      vertex 192.541 100.123 0.000
      vertex 191.800 100.050 0.000
    endloop
  endfacet
  facet normal -0.098017 0.995185 0.000000
    outer loop
      vertex 192.541 100.123 8.000
      vertex 191.800 100.050 0.000
      vertex 191.800 100.050 8.000
    endloop
  endfacet
  facet normal 0.098017 -0.995185 0.000000
    outer loop
      vertex 191.800 102.400 8.000
      vertex 191.800 102.400 0.000
      vertex 192.083 102.428 0.000
    endloop
  endfacet
  facet normal 0.098017 -0.995185 0.000000
    outer loop
      vertex 191.800 102.400 8.000
      vertex 192.083 102.428 0.000
      vertex 192.083 102.428 8.000
    endloop
  endfacet
  facet normal 0.000000 0.000000 1.000000
    outer loop
      vertex 191.800 100.050 8.000
      vertex 192.541 100.123 8.000
      vertex 192.083 102.428 8.000
    endloop
  endfacet
  facet normal 0.000000 0.000000 1.000000
    outer loop
      vertex 191.800 100.050 8.000
      vertex 192.083 102.428 8.000
      vertex 191.800 102.400 8.000
    endloop
  endfacet
  facet normal 0.000000 0.000000 -1.000000
    outer loop
      vertex 192.541 100.123 0.000
      vertex 191.800 100.050 0.000
      vertex 191.800 102.400 0.000
    endloop
  endfacet
  facet normal 0.000000 0.000000 -1.000000
    outer loop
      vertex 192.541 100.123 0.000
      vertex 191.800 102.400 0.000
      vertex 192.083 102.428 0.000
    endloop
  endfacet
  facet normal 0.098017 0.995185 0.000000
    outer loop
      vertex 191.800 100.050 8.000
      vertex 191.800 100.050 0.000
      vertex 191.059 100.123 0.000
    endloop
  endfacet
  facet normal 0.098017 0.995185 0.000000
    outer loop
      vertex 191.800 100.050 8.000
      vertex 191.059 100.123 0.000
      vertex 191.059 100.123 8.000
    endloop
  endfacet
  facet normal -0.098017 -0.995185 0.000000
    outer loop
      vertex 191.517 102.428 8.000
      vertex 191.517 102.428 0.000
      vertex 191.800 102.400 0.000
    endloop
  endfacet
  facet normal -0.098017 -0.995185 0.000000
    outer loop
      vertex 191.517 102.428 8.000
      vertex 191.800 102.400 0.000
      vertex 191.800 102.400 8.000
    endloop
  endfacet
  facet normal 0.000000 0.000000 1.000000
    outer loop
      vertex 191.059 100.123 8.000
      vertex 191.800 100.050 8.000
      vertex 191.800 102.400 8.000
    endloop
  endfacet
  facet normal 0.000000 0.000000 1.000000
    outer loop
      vertex 191.059 100.123 8.000
      vertex 191.800 102.400 8.000
      vertex 191.517 102.428 8.000
    endloop
  endfacet
  facet normal 0.000000 -0.000000 -1.000000
    outer loop
      vertex 191.800 100.050 0.000
      vertex 191.059 100.123 0.000
      vertex 191.517 102.428 0.000
    endloop
  endfacet
  facet normal 0.000000 0.000000 -1.000000
    outer loop
      vertex 191.800 100.050 0.000
      vertex 191.517 102.428 0.000
      vertex 191.800 102.400 0.000
    endloop
  endfacet
  facet normal 0.290285 0.956940 0.000000
    outer loop
      vertex 191.059 100.123 8.000
      vertex 191.059 100.123 0.000
      vertex 190.346 100.339 0.000
    endloop
  endfacet
  facet normal 0.290285 0.956940 0.000000
    outer loop
      vertex 191.059 100.123 8.000
      vertex 190.346 100.339 0.000
      vertex 190.346 100.339 8.000
    endloop
  endfacet
  facet normal -0.290285 -0.956940 0.000000
    outer loop
      vertex 191.245 102.510 8.000
      vertex 191.245 102.510 0.000
      vertex 191.517 102.428 0.000
    endloop
  endfacet
  facet normal -0.290285 -0.956940 0.000000
    outer loop
      vertex 191.245 102.510 8.000
      vertex 191.517 102.428 0.000
      vertex 191.517 102.428 8.000
    endloop
  endfacet
  facet normal 0.000000 0.000000 1.000000
    outer loop
      vertex 190.346 100.339 8.000
      vertex 191.059 100.123 8.000
      vertex 191.517 102.428 8.000
    endloop
  endfacet
  facet normal 0.000000 0.000000 1.000000
    outer loop
      vertex 190.346 100.339 8.000
      vertex 191.517 102.428 8.000
      vertex 191.245 102.510 8.000
    endloop
  endfacet
  facet normal 0.000000 0.000000 -1.000000
    outer loop
      vertex 191.059 100.123 0.000
      vertex 190.346 100.339 0.000
      vertex 191.245 102.510 0.000
    endloop
  endfacet
  facet normal 0.000000 0.000000 -1.000000
    outer loop
      vertex 191.059 100.123 0.000
      vertex 191.245 102.510 0.000
      vertex 191.517 102.428 0.000
    endloop
  endfacet
  facet normal 0.471397 0.881921 0.000000
    outer loop
      vertex 190.346 100.339 8.000
      vertex 190.346 100.339 0.000
      vertex 189.689 100.690 0.000
    endloop
  endfacet
  facet normal 0.471397 0.881921 0.000000
    outer loop
      vertex 190.346 100.339 8.000
      vertex 189.689 100.690 0.000
      vertex 189.689 100.690 8.000
    endloop
  endfacet
  facet normal -0.471397 -0.881921 0.000000
    outer loop
      vertex 190.994 102.644 8.000
      vertex 190.994 102.644 0.000
      vertex 191.245 102.510 0.000
    endloop
  endfacet
  facet normal -0.471397 -0.881921 0.000000
    outer loop
      vertex 190.994 102.644 8.000
      vertex 191.245 102.510 0.000
      vertex 191.245 102.510 8.000
    endloop
  endfacet
  facet normal 0.000000 0.000000 1.000000
    outer loop
      vertex 189.689 100.690 8.000
      vertex 190.346 100.339 8.000
      vertex 191.245 102.510 8.000
    endloop
  endfacet
  facet normal 0.000000 0.000000 1.000000
    outer loop
      vertex 189.689 100.690 8.000
      vertex 191.245 102.510 8.000
      vertex 190.994 102.644 8.000
    endloop
  endfacet
  facet normal 0.000000 0.000000 -1.000000
    outer loop
      vertex 190.346 100.339 0.000
      vertex 189.689 100.690 0.000
      vertex 190.994 102.644 0.000
    endloop
  endfacet
  facet normal 0.000000 0.000000 -1.000000
    outer loop
      vertex 190.346 100.339 0.000
      vertex 190.994 102.644 0.000
      vertex 191.245 102.510 0.000
    endloop
  endfacet
  facet normal 0.634393 0.773010 0.000000
    outer loop
      vertex 189.689 100.690 8.000
      vertex 189.689 100.690 0.000
      vertex 189.113 101.163 0.000
    endloop
  endfacet
  facet normal 0.634393 0.773010 0.000000
    outer loop
      vertex 189.689 100.690 8.000
      vertex 189.113 101.163 0.000
      vertex 189.113 101.163 8.000
    endloop
  endfacet
  facet normal -0.634393 -0.773010 0.000000
    outer loop
      vertex 190.775 102.825 8.000
      vertex 190.775 102.825 0.000
      vertex 190.994 102.644 0.000
    endloop
  endfacet
  facet normal -0.634393 -0.773010 0.000000
    outer loop
      vertex 190.775 102.825 8.000
      vertex 190.994 102.644 0.000
      vertex 190.994 102.644 8.000
    endloop
  endfacet
  facet normal 0.000000 0.000000 1.000000
    outer loop
      vertex 189.113 101.163 8.000
      vertex 189.689 100.690 8.000
      vertex 190.994 102.644 8.000
    endloop
  endfacet
  facet normal 0.000000 0.000000 1.000000
    outer loop
      vertex 189.113 101.163 8.000
      vertex 190.994 102.644 8.000
      vertex 190.775 102.825 8.000
    endloop
  endfacet
  facet normal 0.000000 0.000000 -1.000000
    outer loop
      vertex 189.689 100.690 0.000
      vertex 189.113 101.163 0.000
      vertex 190.775 102.825 0.000
    endloop
  endfacet
  facet normal 0.000000 0.000000 -1.000000
    outer loop
      vertex 189.689 100.690 0.000
      vertex 190.775 102.825 0.000
      vertex 190.994 102.644 0.000
    endloop
  endfacet
  facet normal 0.773010 0.634393 0.000000
    outer loop
      vertex 189.113 101.163 8.000
      vertex 189.113 101.163 0.000
      vertex 188.640 101.739 0.000
    endloop
  endfacet
  facet normal 0.773010 0.634393 0.000000
    outer loop
      vertex 189.113 101.163 8.000
      vertex 188.640 101.739 0.000
      vertex 188.640 101.739 8.000
    endloop
  endfacet
  facet normal -0.773010 -0.634393 0.000000
    outer loop
      vertex 190.594 103.044 8.000
      vertex 190.594 103.044 0.000
      vertex 190.775 102.825 0.000
    endloop
  endfacet
  facet normal -0.773010 -0.634393 0.000000
    outer loop
      vertex 190.594 103.044 8.000
      vertex 190.775 102.825 0.000
      vertex 190.775 102.825 8.000
    endloop
  endfacet
  facet normal 0.000000 0.000000 1.000000
    outer loop
      vertex 188.640 101.739 8.000
      vertex 189.113 101.163 8.000
      vertex 190.775 102.825 8.000
    endloop
  endfacet
  facet normal 0.000000 0.000000 1.000000
    outer loop
      vertex 188.640 101.739 8.000
      vertex 190.775 102.825 8.000
      vertex 190.594 103.044 8.000
    endloop
  endfacet
  facet normal 0.000000 0.000000 -1.000000
    outer loop
      vertex 189.113 101.163 0.000
      vertex 188.640 101.739 0.000
      vertex 190.594 103.044 0.000
    endloop
  endfacet
  facet normal 0.000000 0.000000 -1.000000
    outer loop
      vertex 189.113 101.163 0.000
      vertex 190.594 103.044 0.000
      vertex 190.775 102.825 0.000
    endloop
  endfacet
  facet normal 0.881921 0.471397 0.000000
    outer loop
      vertex 188.640 101.739 8.000
      vertex 188.640 101.739 0.000
      vertex 188.289 102.396 0.000
    endloop
  endfacet
  facet normal 0.881921 0.471397 0.000000
    outer loop
      vertex 188.640 101.739 8.000
      vertex 188.289 102.396 0.000
      vertex 188.289 102.396 8.000
    endloop
  endfacet
  facet normal -0.881921 -0.471397 0.000000
    outer loop
      vertex 190.460 103.295 8.000
      vertex 190.460 103.295 0.000
      vertex 190.594 103.044 0.000
    endloop
  endfacet
  facet normal -0.881921 -0.471397 0.000000
    outer loop
      vertex 190.460 103.295 8.000
      vertex 190.594 103.044 0.000
      vertex 190.594 103.044 8.000
    endloop
  endfacet
  facet normal 0.000000 0.000000 1.000000
    outer loop
      vertex 188.289 102.396 8.000
      vertex 188.640 101.739 8.000
      vertex 190.594 103.044 8.000
    endloop
  endfacet
  facet normal 0.000000 0.000000 1.000000
    outer loop
      vertex 188.289 102.396 8.000
      vertex 190.594 103.044 8.000
      vertex 190.460 103.295 8.000
    endloop
  endfacet
  facet normal 0.000000 0.000000 -1.000000
    outer loop
      vertex 188.640 101.739 0.000
      vertex 188.289 102.396 0.000
      vertex 190.460 103.295 0.000
    endloop
  endfacet
  facet normal 0.000000 0.000000 -1.000000
    outer loop
      vertex 188.640 101.739 0.000
      vertex 190.460 103.295 0.000
      vertex 190.594 103.044 0.000
    endloop
  endfacet
  facet normal 0.956940 0.290285 0.000000
    outer loop
      vertex 188.289 102.396 8.000
      vertex 188.289 102.396 0.000
      vertex 188.073 103.109 0.000
    endloop
  endfacet
  facet normal 0.956940 0.290285 0.000000
    outer loop
      vertex 188.289 102.396 8.000
      vertex 188.073 103.109 0.000
      vertex 188.073 103.109 8.000
    endloop
  endfacet
  facet normal -0.956940 -0.290285 0.000000
    outer loop
      vertex 190.378 103.567 8.000
      vertex 190.378 103.567 0.000
      vertex 190.460 103.295 0.000
    endloop
  endfacet
  facet normal -0.956940 -0.290285 0.000000
    outer loop
      vertex 190.378 103.567 8.000
      vertex 190.460 103.295 0.000
      vertex 190.460 103.295 8.000
    endloop
  endfacet
  facet normal 0.000000 0.000000 1.000000
    outer loop
      vertex 188.073 103.109 8.000
      vertex 188.289 102.396 8.000
      vertex 190.460 103.295 8.000
    endloop
  endfacet
  facet normal 0.000000 0.000000 1.000000
    outer loop
      vertex 188.073 103.109 8.000
      vertex 190.460 103.295 8.000
      vertex 190.378 103.567 8.000
    endloop
  endfacet
  facet normal 0.000000 0.000000 -1.000000
    outer loop
      vertex 188.289 102.396 0.000
      vertex 188.073 103.109 0.000
      vertex 190.378 103.567 0.000
    endloop
  endfacet
  facet normal 0.000000 0.000000 -1.000000
    outer loop
      vertex 188.289 102.396 0.000
      vertex 190.378 103.567 0.000
      vertex 190.460 103.295 0.000
    endloop
  endfacet
  facet normal 0.995185 0.098017 0.000000
    outer loop
      vertex 188.073 103.109 8.000
      vertex 188.073 103.109 0.000
      vertex 188.000 103.850 0.000
    endloop
  endfacet
  facet normal 0.995185 0.098017 0.000000
    outer loop
      vertex 188.073 103.109 8.000
      vertex 188.000 103.850 0.000
      vertex 188.000 103.850 8.000
    endloop
  endfacet
  facet normal -0.995185 -0.098017 0.000000
    outer loop
      vertex 190.350 103.850 8.000
      vertex 190.350 103.850 0.000
      vertex 190.378 103.567 0.000
    endloop
  endfacet
  facet normal -0.995185 -0.098017 0.000000
    outer loop
      vertex 190.350 103.850 8.000
      vertex 190.378 103.567 0.000
      vertex 190.378 103.567 8.000
    endloop
  endfacet
  facet normal 0.000000 0.000000 1.000000
    outer loop
      vertex 188.000 103.850 8.000
      vertex 188.073 103.109 8.000
      vertex 190.378 103.567 8.000
    endloop
  endfacet
  facet normal 0.000000 0.000000 1.000000
    outer loop
      vertex 188.000 103.850 8.000
      vertex 190.378 103.567 8.000
      vertex 190.350 103.850 8.000
    endloop
  endfacet
  facet normal 0.000000 0.000000 -1.000000
    outer loop
      vertex 188.073 103.109 0.000
      vertex 188.000 103.850 0.000
      vertex 190.350 103.850 0.000
    endloop
  endfacet
  facet normal 0.000000 0.000000 -1.000000
    outer loop
      vertex 188.073 103.109 0.000
      vertex 190.350 103.850 0.000
      vertex 190.378 103.567 0.000
    endloop
  endfacet
  facet normal 0.995185 -0.098017 0.000000
    outer loop
      vertex 188.000 103.850 8.000
      vertex 188.000 103.850 0.000
      vertex 188.073 104.591 0.000
    endloop
  endfacet
  facet normal 0.995185 -0.098017 0.000000
    outer loop
      vertex 188.000 103.850 8.000
      vertex 188.073 104.591 0.000
      vertex 188.073 104.591 8.000
    endloop
  endfacet
  facet normal -0.995185 0.098017 0.000000
    outer loop
      vertex 190.378 104.133 8.000
      vertex 190.378 104.133 0.000
      vertex 190.350 103.850 0.000
    endloop
  endfacet
  facet normal -0.995185 0.098017 0.000000
    outer loop
      vertex 190.378 104.133 8.000
      vertex 190.350 103.850 0.000
      vertex 190.350 103.850 8.000
    endloop
  endfacet
  facet normal 0.000000 0.000000 1.000000
    outer loop
      vertex 188.073 104.591 8.000
      vertex 188.000 103.850 8.000
      vertex 190.350 103.850 8.000
    endloop
  endfacet
  facet normal 0.000000 0.000000 1.000000
    outer loop
      vertex 188.073 104.591 8.000
      vertex 190.350 103.850 8.000
      vertex 190.378 104.133 8.000
    endloop
  endfacet
  facet normal 0.000000 0.000000 -1.000000
    outer loop
      vertex 188.000 103.850 0.000
      vertex 188.073 104.591 0.000
      vertex 190.378 104.133 0.000
    endloop
  endfacet
  facet normal 0.000000 0.000000 -1.000000
    outer loop
      vertex 188.000 103.850 0.000
      vertex 190.378 104.133 0.000
      vertex 190.350 103.850 0.000
    endloop
  endfacet
  facet normal 0.956940 -0.290285 0.000000
    outer loop
      vertex 188.073 104.591 8.000
      vertex 188.073 104.591 0.000
      vertex 188.289 105.304 0.000
    endloop
  endfacet
  facet normal 0.956940 -0.290285 0.000000
    outer loop
      vertex 188.073 104.591 8.000
      vertex 188.289 105.304 0.000
      vertex 188.289 105.304 8.000
    endloop
  endfacet
  facet normal -0.956940 0.290285 0.000000
    outer loop
      vertex 190.460 104.405 8.000
      vertex 190.460 104.405 0.000
      vertex 190.378 104.133 0.000
    endloop
  endfacet
  facet normal -0.956940 0.290285 0.000000
    outer loop
      vertex 190.460 104.405 8.000
      vertex 190.378 104.133 0.000
      vertex 190.378 104.133 8.000
    endloop
  endfacet
  facet normal 0.000000 0.000000 1.000000
    outer loop
      vertex 188.289 105.304 8.000
      vertex 188.073 104.591 8.000
      vertex 190.378 104.133 8.000
    endloop
  endfacet
  facet normal 0.000000 0.000000 1.000000
    outer loop
      vertex 188.289 105.304 8.000
      vertex 190.378 104.133 8.000
      vertex 190.460 104.405 8.000
    endloop
  endfacet
  facet normal 0.000000 0.000000 -1.000000
    outer loop
      vertex 188.073 104.591 0.000
      vertex 188.289 105.304 0.000
      vertex 190.460 104.405 0.000
    endloop
  endfacet
  facet normal 0.000000 0.000000 -1.000000
    outer loop
      vertex 188.073 104.591 0.000
      vertex 190.460 104.405 0.000
      vertex 190.378 104.133 0.000
    endloop
  endfacet
  facet normal 0.881921 -0.471397 0.000000
    outer loop
      vertex 188.289 105.304 8.000
      vertex 188.289 105.304 0.000
      vertex 188.640 105.961 0.000
    endloop
  endfacet
  facet normal 0.881921 -0.471397 0.000000
    outer loop
      vertex 188.289 105.304 8.000
      vertex 188.640 105.961 0.000
      vertex 188.640 105.961 8.000
    endloop
  endfacet
  facet normal -0.881921 0.471397 0.000000
    outer loop
      vertex 190.594 104.656 8.000
      vertex 190.594 104.656 0.000
      vertex 190.460 104.405 0.000
    endloop
  endfacet
  facet normal -0.881921 0.471397 0.000000
    outer loop
      vertex 190.594 104.656 8.000
      vertex 190.460 104.405 0.000
      vertex 190.460 104.405 8.000
    endloop
  endfacet
  facet normal 0.000000 0.000000 1.000000
    outer loop
      vertex 188.640 105.961 8.000
      vertex 188.289 105.304 8.000
      vertex 190.460 104.405 8.000
    endloop
  endfacet
  facet normal 0.000000 0.000000 1.000000
    outer loop
      vertex 188.640 105.961 8.000
      vertex 190.460 104.405 8.000
      vertex 190.594 104.656 8.000
    endloop
  endfacet
  facet normal 0.000000 0.000000 -1.000000
    outer loop
      vertex 188.289 105.304 0.000
      vertex 188.640 105.961 0.000
      vertex 190.594 104.656 0.000
    endloop
  endfacet
  facet normal 0.000000 0.000000 -1.000000
    outer loop
      vertex 188.289 105.304 0.000
      vertex 190.594 104.656 0.000
      vertex 190.460 104.405 0.000
    endloop
  endfacet
  facet normal 0.773010 -0.634393 0.000000
    outer loop
      vertex 188.640 105.961 8.000
      vertex 188.640 105.961 0.000
      vertex 189.113 106.537 0.000
    endloop
  endfacet
  facet normal 0.773010 -0.634393 0.000000
    outer loop
      vertex 188.640 105.961 8.000
      vertex 189.113 106.537 0.000
      vertex 189.113 106.537 8.000
    endloop
  endfacet
  facet normal -0.773010 0.634393 0.000000
    outer loop
      vertex 190.775 104.875 8.000
      vertex 190.775 104.875 0.000
      vertex 190.594 104.656 0.000
    endloop
  endfacet
  facet normal -0.773010 0.634393 0.000000
    outer loop
      vertex 190.775 104.875 8.000
      vertex 190.594 104.656 0.000
      vertex 190.594 104.656 8.000
    endloop
  endfacet
  facet normal 0.000000 0.000000 1.000000
    outer loop
      vertex 189.113 106.537 8.000
      vertex 188.640 105.961 8.000
      vertex 190.594 104.656 8.000
    endloop
  endfacet
  facet normal 0.000000 0.000000 1.000000
    outer loop
      vertex 189.113 106.537 8.000
      vertex 190.594 104.656 8.000
      vertex 190.775 104.875 8.000
    endloop
  endfacet
  facet normal 0.000000 0.000000 -1.000000
    outer loop
      vertex 188.640 105.961 0.000
      vertex 189.113 106.537 0.000
      vertex 190.775 104.875 0.000
    endloop
  endfacet
  facet normal 0.000000 0.000000 -1.000000
    outer loop
      vertex 188.640 105.961 0.000
      vertex 190.775 104.875 0.000
      vertex 190.594 104.656 0.000
    endloop
  endfacet
  facet normal 0.634393 -0.773010 0.000000
    outer loop
      vertex 189.113 106.537 8.000
      vertex 189.113 106.537 0.000
      vertex 189.689 107.010 0.000
    endloop
  endfacet
  facet normal 0.634393 -0.773010 0.000000
    outer loop
      vertex 189.113 106.537 8.000
      vertex 189.689 107.010 0.000
      vertex 189.689 107.010 8.000
    endloop
  endfacet
  facet normal -0.634393 0.773010 0.000000
    outer loop
      vertex 190.994 105.056 8.000
      vertex 190.994 105.056 0.000
      vertex 190.775 104.875 0.000
    endloop
  endfacet
  facet normal -0.634393 0.773010 0.000000
    outer loop
      vertex 190.994 105.056 8.000
      vertex 190.775 104.875 0.000
      vertex 190.775 104.875 8.000
    endloop
  endfacet
  facet normal 0.000000 0.000000 1.000000
    outer loop
      vertex 189.689 107.010 8.000
      vertex 189.113 106.537 8.000
      vertex 190.775 104.875 8.000
    endloop
  endfacet
  facet normal 0.000000 0.000000 1.000000
    outer loop
      vertex 189.689 107.010 8.000
      vertex 190.775 104.875 8.000
      vertex 190.994 105.056 8.000
    endloop
  endfacet
  facet normal 0.000000 0.000000 -1.000000
    outer loop
      vertex 189.113 106.537 0.000
      vertex 189.689 107.010 0.000
      vertex 190.994 105.056 0.000
    endloop
  endfacet
  facet normal 0.000000 0.000000 -1.000000
    outer loop
      vertex 189.113 106.537 0.000
      vertex 190.994 105.056 0.000
      vertex 190.775 104.875 0.000
    endloop
  endfacet
  facet normal 0.471397 -0.881921 0.000000
    outer loop
      vertex 189.689 107.010 8.000
      vertex 189.689 107.010 0.000
      vertex 190.346 107.361 0.000
    endloop
  endfacet
  facet normal 0.471397 -0.881921 0.000000
    outer loop
      vertex 189.689 107.010 8.000
      vertex 190.346 107.361 0.000
      vertex 190.346 107.361 8.000
    endloop
  endfacet
  facet normal -0.471397 0.881921 -0.000000
    outer loop
      vertex 191.245 105.190 8.000
      vertex 191.245 105.190 0.000
      vertex 190.994 105.056 0.000
    endloop
  endfacet
  facet normal -0.471397 0.881921 0.000000
    outer loop
      vertex 191.245 105.190 8.000
      vertex 190.994 105.056 0.000
      vertex 190.994 105.056 8.000
    endloop
  endfacet
  facet normal 0.000000 0.000000 1.000000
    outer loop
      vertex 190.346 107.361 8.000
      vertex 189.689 107.010 8.000
      vertex 190.994 105.056 8.000
    endloop
  endfacet
  facet normal 0.000000 0.000000 1.000000
    outer loop
      vertex 190.346 107.361 8.000
      vertex 190.994 105.056 8.000
      vertex 191.245 105.190 8.000
    endloop
  endfacet
  facet normal 0.000000 0.000000 -1.000000
    outer loop
      vertex 189.689 107.010 0.000
      vertex 190.346 107.361 0.000
      vertex 191.245 105.190 0.000
    endloop
  endfacet
  facet normal 0.000000 0.000000 -1.000000
    outer loop
      vertex 189.689 107.010 0.000
      vertex 191.245 105.190 0.000
      vertex 190.994 105.056 0.000
    endloop
  endfacet
  facet normal 0.290285 -0.956940 0.000000
    outer loop
      vertex 190.346 107.361 8.000
      vertex 190.346 107.361 0.000
      vertex 191.059 107.577 0.000
    endloop
  endfacet
  facet normal 0.290285 -0.956940 0.000000
    outer loop
      vertex 190.346 107.361 8.000
      vertex 191.059 107.577 0.000
      vertex 191.059 107.577 8.000
    endloop
  endfacet
  facet normal -0.290285 0.956940 0.000000
    outer loop
      vertex 191.517 105.272 8.000
      vertex 191.517 105.272 0.000
      vertex 191.245 105.190 0.000
    endloop
  endfacet
  facet normal -0.290285 0.956940 -0.000000
    outer loop
      vertex 191.517 105.272 8.000
      vertex 191.245 105.190 0.000
      vertex 191.245 105.190 8.000
    endloop
  endfacet
  facet normal 0.000000 0.000000 1.000000
    outer loop
      vertex 191.059 107.577 8.000
      vertex 190.346 107.361 8.000
      vertex 191.245 105.190 8.000
    endloop
  endfacet
  facet normal 0.000000 0.000000 1.000000
    outer loop
      vertex 191.059 107.577 8.000
      vertex 191.245 105.190 8.000
      vertex 191.517 105.272 8.000
    endloop
  endfacet
  facet normal 0.000000 0.000000 -1.000000
    outer loop
      vertex 190.346 107.361 0.000
      vertex 191.059 107.577 0.000
      vertex 191.517 105.272 0.000
    endloop
  endfacet
  facet normal 0.000000 0.000000 -1.000000
    outer loop
      vertex 190.346 107.361 0.000
      vertex 191.517 105.272 0.000
      vertex 191.245 105.190 0.000
    endloop
  endfacet
  facet normal 0.098017 -0.995185 0.000000
    outer loop
      vertex 191.059 107.577 8.000
      vertex 191.059 107.577 0.000
      vertex 191.800 107.650 0.000
    endloop
  endfacet
  facet normal 0.098017 -0.995185 0.000000
    outer loop
      vertex 191.059 107.577 8.000
      vertex 191.800 107.650 0.000
      vertex 191.800 107.650 8.000
    endloop
  endfacet
  facet normal -0.098017 0.995185 0.000000
    outer loop
      vertex 191.800 105.300 8.000
      vertex 191.800 105.300 0.000
      vertex 191.517 105.272 0.000
    endloop
  endfacet
  facet normal -0.098017 0.995185 0.000000
    outer loop
      vertex 191.800 105.300 8.000
      vertex 191.517 105.272 0.000
      vertex 191.517 105.272 8.000
    endloop
  endfacet
  facet normal 0.000000 0.000000 1.000000
    outer loop
      vertex 191.800 107.650 8.000
      vertex 191.059 107.577 8.000
      vertex 191.517 105.272 8.000
    endloop
  endfacet
  facet normal 0.000000 0.000000 1.000000
    outer loop
      vertex 191.800 107.650 8.000
      vertex 191.517 105.272 8.000
      vertex 191.800 105.300 8.000
    endloop
  endfacet
  facet normal 0.000000 0.000000 -1.000000
    outer loop
      vertex 191.059 107.577 0.000
      vertex 191.800 107.650 0.000
      vertex 191.800 105.300 0.000
    endloop
  endfacet
  facet normal 0.000000 0.000000 -1.000000
    outer loop
      vertex 191.059 107.577 0.000
      vertex 191.800 105.300 0.000
      vertex 191.517 105.272 0.000
    endloop
  endfacet
endsolid food_caddy_k1se_accessories_everything_bed_centered
