; generated by PrusaSlicer 2.9.6 on 2026-09-06 at 13:37:04 UTC

; 

; external perimeters extrusion width = 0.45mm
; perimeters extrusion width = 0.45mm
; infill extrusion width = 0.45mm
; solid infill extrusion width = 0.45mm
; top infill extrusion width = 0.40mm
; first layer extrusion width = 0.40mm

;TYPE:Custom
G90
M83
M140 S60
M104 S150
G28
G1 Z50 F240
M104 S220
M190 S60
M109 S220
G1 X2 Y10 F3000
G1 Z0.28 F240
G92 E0
G1 Y140 E10 F1500
G1 X2.3 F5000
G92 E0
G1 Y10 E10 F1200
G92 E0
G21 ; set units to millimeters
G90 ; use absolute coordinates
M83 ; use relative distances for extrusion
; Filament gcode
M107
;LAYER_CHANGE
;Z:0.2
;HEIGHT:0.2
G1 E-2 F2400
G1 Z.2 F7800
G1 X80.557 Y7.907
G1 E2 F2400
;TYPE:Perimeter
;WIDTH:0.399999
G1 F1800
G1 X139.443 Y7.907 E1.7484
G1 X139.443 Y17.371 E.281
G1 X139.513 Y17.636 E.00814
G1 X139.704 Y17.832 E.00813
G1 X139.973 Y17.907 E.00829
G1 X187.769 Y17.907 E1.41912
G1 X217.443 Y47.581 E1.246
G1 X217.443 Y171.119 E3.668
G1 X187.769 Y200.793 E1.246
G1 X32.231 Y200.793 E4.61812
G1 X2.557 Y171.119 E1.246
G1 X2.557 Y47.581 E3.668
G1 X32.231 Y17.907 E1.246
G1 X80.021 Y17.907 E1.41894
G1 X80.289 Y17.835 E.00824
G1 X80.487 Y17.636 E.00833
G1 X80.557 Y17.371 E.00814
G1 X80.557 Y7.967 E.27922
G1 X80.2 Y7.55 F7800
;TYPE:External perimeter
G1 F1800
G1 X139.8 Y7.55 E1.7696
G1 X139.8 Y17.371 E.2916
G1 X139.837 Y17.481 E.00345
G1 X139.977 Y17.55 E.00463
G1 X187.917 Y17.55 E1.4234
G1 X217.8 Y47.433 E1.25478
G1 X217.8 Y171.267 E3.67679
G1 X187.917 Y201.15 E1.25478
G1 X32.083 Y201.15 E4.6269
G1 X2.2 Y171.267 E1.25478
G1 X2.2 Y47.433 E3.67679
G1 X32.083 Y17.55 E1.25478
G1 X80.021 Y17.55 E1.42334
G1 X80.131 Y17.512 E.00346
G1 X80.2 Y17.371 E.00466
G1 X80.2 Y7.61 E.28982
G1 X80.596 Y7.551 F7800
G1 E-2 F2400
G1 X187.497 Y18.014 F7800
G1 E2 F2400
;TYPE:Solid infill
;WIDTH:0.400354
G1 F1800
G1 X217.175 Y47.692 E1.24741
G1 X217.175 Y48.197 E.01501
G1 X187.152 Y18.175 E1.26189
G1 X186.647 Y18.175 E.01501
G1 X217.175 Y48.703 E1.28314
G1 X217.175 Y49.208 E.01501
G1 X186.141 Y18.175 E1.30438
G1 X185.636 Y18.175 E.01501
G1 X217.175 Y49.714 E1.32563
G1 X217.175 Y50.219 E.01501
G1 X185.13 Y18.175 E1.34688
G1 X184.625 Y18.174 E.01501
G1 X217.175 Y50.725 E1.36815
G1 X217.175 Y51.23 E.01501
G1 X184.119 Y18.174 E1.38939
G1 X183.614 Y18.174 E.01501
G1 X217.175 Y51.736 E1.41064
G1 X217.175 Y52.241 E.01501
G1 X183.108 Y18.174 E1.43189
G1 X182.602 Y18.174 E.01504
G1 X217.175 Y52.747 E1.45316
G1 X217.175 Y53.252 E.01501
G1 X182.097 Y18.174 E1.47438
G1 X181.591 Y18.174 E.01504
G1 X217.175 Y53.758 E1.49565
G1 X217.175 Y54.263 E.01501
G1 X181.086 Y18.174 E1.51687
G1 X180.58 Y18.174 E.01504
G1 X217.175 Y54.769 E1.53814
G1 X217.175 Y55.274 E.01501
G1 X180.075 Y18.174 E1.55937
G1 X179.569 Y18.174 E.01504
G1 X217.175 Y55.78 E1.58064
G1 X217.175 Y56.285 E.01501
G1 X179.064 Y18.174 E1.60186
G1 X178.558 Y18.174 E.01504
G1 X217.175 Y56.791 E1.62313
G1 X217.175 Y57.296 E.01501
G1 X178.052 Y18.174 E1.64438
G1 X177.547 Y18.174 E.01501
G1 X217.175 Y57.802 E1.66562
G1 X217.175 Y58.307 E.01501
G1 X177.041 Y18.174 E1.68687
G1 X176.536 Y18.173 E.01501
G1 X217.175 Y58.813 E1.70814
G1 X217.175 Y59.318 E.01501
G1 X176.03 Y18.173 E1.72939
G1 X175.525 Y18.173 E.01501
G1 X217.175 Y59.824 E1.75063
G1 X217.175 Y60.329 E.01501
G1 X175.019 Y18.173 E1.77188
G1 X174.514 Y18.173 E.01501
G1 X217.175 Y60.835 E1.79313
G1 X217.175 Y61.34 E.01501
G1 X174.008 Y18.173 E1.81437
G1 X173.502 Y18.173 E.01504
G1 X217.175 Y61.846 E1.83564
G1 X217.175 Y62.351 E.01501
G1 X172.997 Y18.173 E1.85687
G1 X172.491 Y18.173 E.01504
G1 X217.175 Y62.857 E1.87814
G1 X217.175 Y63.362 E.01501
G1 X171.986 Y18.173 E1.89936
G1 X171.48 Y18.173 E.01504
G1 X217.175 Y63.868 E1.92063
G1 X217.175 Y64.373 E.01501
G1 X170.975 Y18.173 E1.94186
G1 X170.469 Y18.173 E.01504
G1 X217.175 Y64.879 E1.96312
G1 X217.175 Y65.384 E.01501
G1 X169.964 Y18.173 E1.98435
G1 X169.458 Y18.173 E.01504
G1 X217.175 Y65.89 E2.00562
G1 X217.175 Y66.395 E.01501
G1 X168.953 Y18.172 E2.02686
G1 X168.447 Y18.172 E.01504
G1 X217.175 Y66.901 E2.04813
G1 X217.175 Y67.406 E.01501
G1 X167.941 Y18.172 E2.06938
G1 X167.436 Y18.172 E.01501
G1 X217.175 Y67.912 E2.09063
G1 X217.175 Y68.417 E.01501
G1 X166.93 Y18.172 E2.11187
G1 X166.425 Y18.172 E.01501
G1 X217.175 Y68.922 E2.1331
G1 X217.175 Y69.428 E.01504
G1 X165.919 Y18.172 E2.15437
G1 X165.414 Y18.172 E.01501
G1 X217.175 Y69.933 E2.17559
G1 X217.175 Y70.439 E.01504
G1 X164.908 Y18.172 E2.19686
G1 X164.403 Y18.172 E.01501
G1 X217.175 Y70.944 E2.21809
G1 X217.175 Y71.45 E.01504
G1 X163.897 Y18.172 E2.23935
G1 X163.391 Y18.172 E.01504
G1 X217.175 Y71.955 E2.2606
G1 X217.175 Y72.461 E.01504
G1 X162.886 Y18.172 E2.28185
G1 X162.38 Y18.172 E.01504
G1 X217.175 Y72.966 E2.30309
G1 X217.175 Y73.472 E.01504
G1 X161.875 Y18.172 E2.32434
G1 X161.369 Y18.171 E.01504
G1 X217.175 Y73.977 E2.34561
G1 X217.175 Y74.483 E.01504
G1 X160.864 Y18.171 E2.36686
G1 X160.358 Y18.171 E.01504
G1 X217.175 Y74.988 E2.3881
G1 X217.175 Y75.494 E.01504
G1 X159.853 Y18.171 E2.40935
G1 X159.347 Y18.171 E.01504
G1 X217.175 Y75.999 E2.4306
G1 X217.175 Y76.505 E.01504
G1 X158.841 Y18.171 E2.45187
G1 X158.336 Y18.171 E.01501
G1 X217.175 Y77.01 E2.47309
G1 X217.175 Y77.516 E.01504
G1 X157.83 Y18.171 E2.49436
G1 X157.325 Y18.171 E.01501
G1 X217.175 Y78.021 E2.51559
G1 X217.175 Y78.527 E.01504
G1 X156.819 Y18.171 E2.53685
G1 X156.314 Y18.171 E.01501
G1 X217.175 Y79.032 E2.55808
G1 X217.175 Y79.538 E.01504
G1 X155.808 Y18.171 E2.57935
G1 X155.303 Y18.171 E.01501
G1 X217.175 Y80.043 E2.60057
G1 X217.175 Y80.549 E.01504
G1 X154.797 Y18.171 E2.62184
G1 X154.291 Y18.171 E.01504
G1 X217.175 Y81.054 E2.64309
G1 X217.175 Y81.56 E.01504
G1 X153.786 Y18.17 E2.66436
G1 X153.28 Y18.17 E.01504
G1 X217.175 Y82.065 E2.6856
G1 X217.175 Y82.571 E.01504
G1 X152.775 Y18.17 E2.70685
G1 X152.269 Y18.17 E.01504
G1 X217.175 Y83.076 E2.7281
G1 X217.175 Y83.582 E.01504
G1 X151.764 Y18.17 E2.74934
G1 X151.258 Y18.17 E.01504
G1 X217.175 Y84.087 E2.77059
G1 X217.175 Y84.593 E.01504
G1 X150.753 Y18.17 E2.79184
G1 X150.247 Y18.17 E.01504
G1 X217.175 Y85.098 E2.81308
G1 X217.175 Y85.604 E.01504
G1 X149.741 Y18.17 E2.83435
G1 X149.236 Y18.17 E.01501
G1 X217.175 Y86.109 E2.85558
G1 X217.175 Y86.615 E.01504
G1 X148.73 Y18.17 E2.87685
G1 X148.225 Y18.17 E.01501
G1 X217.175 Y87.12 E2.89807
G1 X217.175 Y87.626 E.01504
G1 X147.719 Y18.17 E2.91934
G1 X147.214 Y18.17 E.01501
G1 X217.175 Y88.131 E2.94057
G1 X217.175 Y88.637 E.01504
G1 X146.708 Y18.17 E2.96183
G1 X146.203 Y18.169 E.01501
G1 X217.175 Y89.142 E2.98308
G1 X217.175 Y89.648 E.01504
G1 X145.697 Y18.169 E3.00435
G1 X145.191 Y18.169 E.01504
G1 X217.175 Y90.153 E3.0256
G1 X217.175 Y90.658 E.01501
G1 X144.686 Y18.169 E3.04682
G1 X144.18 Y18.169 E.01504
G1 X217.175 Y91.164 E3.06809
G1 X217.175 Y91.669 E.01501
G1 X143.675 Y18.169 E3.08932
G1 X143.169 Y18.169 E.01504
G1 X217.175 Y92.175 E3.11058
G1 X217.175 Y92.68 E.01501
G1 X142.664 Y18.169 E3.13181
G1 X142.158 Y18.169 E.01504
G1 X217.175 Y93.186 E3.15308
G1 X217.175 Y93.691 E.01501
G1 X141.653 Y18.169 E3.1743
G1 X141.147 Y18.169 E.01504
G1 X217.175 Y94.197 E3.19557
G1 X217.175 Y94.702 E.01501
G1 X140.481 Y18.008 E3.22356
G1 E-2 F2400
G1 X139.336 Y8.775 F7800
G1 E2 F2400
G1 F1800
G1 X138.735 Y8.175 E.02524
G1 X138.23 Y8.175 E.01501
G1 X139.175 Y9.12 E.03972
G1 X139.175 Y9.626 E.01504
G1 X137.724 Y8.175 E.06099
G1 X137.219 Y8.175 E.01501
G1 X139.176 Y10.131 E.08223
G1 X139.176 Y10.637 E.01504
G1 X136.713 Y8.175 E.1035
G1 X136.208 Y8.175 E.01501
G1 X139.176 Y11.143 E.12475
G1 X139.176 Y11.648 E.01501
G1 X135.702 Y8.175 E.146
G1 X135.197 Y8.175 E.01501
G1 X139.176 Y12.154 E.16724
G1 X139.176 Y12.66 E.01504
G1 X134.692 Y8.175 E.18849
G1 X134.186 Y8.175 E.01504
G1 X139.176 Y13.165 E.20974
G1 X139.176 Y13.671 E.01504
G1 X133.681 Y8.175 E.23098
G1 X133.175 Y8.175 E.01504
G1 X139.176 Y14.176 E.25223
G1 X139.177 Y14.682 E.01504
G1 X132.67 Y8.175 E.2735
G1 X132.164 Y8.175 E.01504
G1 X139.177 Y15.188 E.29477
G1 X139.177 Y15.693 E.01501
G1 X131.659 Y8.175 E.31599
G1 X131.153 Y8.175 E.01504
G1 X139.177 Y16.199 E.33726
G1 X139.177 Y16.704 E.01501
G1 X130.648 Y8.175 E.35849
G1 X130.142 Y8.175 E.01504
G1 X139.177 Y17.21 E.37975
G1 X139.177 Y17.438 E.00678
G1 X139.247 Y17.707 E.00826
G1 X139.4 Y17.931 E.00806
G1 X139.615 Y18.089 E.00793
G1 X139.871 Y18.169 E.00797
G1 X140.136 Y18.169 E.00788
G1 X217.175 Y95.208 E3.23806
G1 X217.175 Y95.713 E.01501
G1 X129.637 Y8.175 E3.67935
G1 X129.131 Y8.175 E.01504
G1 X217.175 Y96.219 E3.70062
G1 X217.175 Y96.724 E.01501
G1 X128.626 Y8.175 E3.72185
G1 X128.12 Y8.175 E.01504
G1 X217.175 Y97.23 E3.74312
G1 X217.175 Y97.735 E.01501
G1 X127.615 Y8.175 E3.76434
G1 X127.109 Y8.175 E.01504
G1 X217.175 Y98.241 E3.78561
G1 X217.175 Y98.746 E.01501
G1 X126.604 Y8.175 E3.80683
G1 X126.098 Y8.175 E.01504
G1 X217.175 Y99.252 E3.8281
G1 X217.175 Y99.757 E.01501
G1 X125.593 Y8.175 E3.84933
G1 X125.087 Y8.175 E.01504
G1 X217.175 Y100.263 E3.8706
G1 X217.175 Y100.768 E.01501
G1 X124.582 Y8.175 E3.89182
G1 X124.076 Y8.175 E.01504
G1 X217.175 Y101.274 E3.91309
G1 X217.175 Y101.779 E.01501
G1 X123.571 Y8.175 E3.93432
G1 X123.065 Y8.175 E.01504
G1 X217.175 Y102.285 E3.95558
G1 X217.175 Y102.79 E.01501
G1 X122.56 Y8.175 E3.97681
G1 X122.054 Y8.175 E.01504
G1 X217.175 Y103.296 E3.99808
G1 X217.175 Y103.801 E.01501
G1 X121.549 Y8.175 E4.0193
G1 X121.043 Y8.175 E.01504
G1 X217.175 Y104.307 E4.04057
G1 X217.175 Y104.812 E.01501
G1 X120.538 Y8.175 E4.0618
G1 X120.032 Y8.175 E.01504
G1 X217.175 Y105.318 E4.08307
G1 X217.175 Y105.823 E.01501
G1 X119.527 Y8.175 E4.10429
G1 X119.021 Y8.175 E.01504
G1 X217.175 Y106.329 E4.12556
G1 X217.175 Y106.834 E.01501
G1 X118.516 Y8.175 E4.14679
G1 X118.01 Y8.175 E.01504
G1 X217.175 Y107.34 E4.16805
G1 X217.175 Y107.845 E.01501
G1 X117.505 Y8.175 E4.18928
G1 X116.999 Y8.175 E.01504
G1 X217.175 Y108.351 E4.21055
G1 X217.175 Y108.856 E.01501
G1 X116.494 Y8.175 E4.23177
G1 X115.988 Y8.175 E.01504
G1 X217.175 Y109.362 E4.25304
G1 X217.175 Y109.867 E.01501
G1 X115.483 Y8.175 E4.27427
G1 X114.977 Y8.175 E.01504
G1 X217.175 Y110.373 E4.29554
G1 X217.175 Y110.878 E.01501
G1 X114.472 Y8.175 E4.31676
G1 X113.967 Y8.175 E.01501
G1 X217.175 Y111.383 E4.33799
G1 X217.175 Y111.889 E.01504
G1 X113.461 Y8.175 E4.35925
G1 X112.956 Y8.175 E.01501
G1 X217.175 Y112.394 E4.38048
G1 X217.175 Y112.9 E.01504
G1 X112.45 Y8.175 E4.40175
G1 X111.945 Y8.175 E.01501
G1 X217.175 Y113.405 E4.42297
G1 X217.175 Y113.911 E.01504
G1 X111.439 Y8.175 E4.44424
G1 X110.934 Y8.175 E.01501
G1 X217.175 Y114.416 E4.46547
G1 X217.175 Y114.922 E.01504
G1 X110.428 Y8.175 E4.48674
G1 X109.923 Y8.175 E.01501
G1 X217.175 Y115.427 E4.50796
G1 X217.175 Y115.933 E.01504
G1 X109.417 Y8.175 E4.52923
G1 X108.912 Y8.175 E.01501
G1 X217.175 Y116.438 E4.55046
G1 X217.175 Y116.944 E.01504
G1 X108.406 Y8.175 E4.57172
G1 X107.901 Y8.175 E.01501
G1 X217.175 Y117.449 E4.59295
G1 X217.175 Y117.955 E.01504
G1 X107.395 Y8.175 E4.61422
G1 X106.89 Y8.175 E.01501
G1 X217.175 Y118.46 E4.63544
G1 X217.175 Y118.966 E.01504
G1 X106.384 Y8.175 E4.65671
G1 X105.879 Y8.175 E.01501
G1 X217.175 Y119.471 E4.67794
G1 X217.175 Y119.977 E.01504
G1 X105.373 Y8.175 E4.69921
G1 X104.868 Y8.175 E.01501
G1 X217.175 Y120.482 E4.72043
G1 X217.175 Y120.988 E.01504
G1 X104.362 Y8.175 E4.7417
G1 X103.857 Y8.175 E.01501
G1 X217.175 Y121.493 E4.76293
G1 X217.175 Y121.999 E.01504
G1 X103.351 Y8.175 E4.78419
G1 X102.846 Y8.175 E.01501
G1 X217.175 Y122.504 E4.80542
G1 X217.175 Y123.01 E.01504
G1 X102.34 Y8.175 E4.82669
G1 X101.835 Y8.175 E.01501
G1 X217.175 Y123.515 E4.84791
G1 X217.175 Y124.021 E.01504
G1 X101.329 Y8.175 E4.86918
G1 X100.824 Y8.175 E.01501
G1 X217.175 Y124.526 E4.89041
G1 X217.175 Y125.032 E.01504
G1 X100.318 Y8.175 E4.91167
G1 X99.813 Y8.175 E.01501
G1 X217.175 Y125.537 E4.9329
G1 X217.175 Y126.043 E.01504
G1 X99.307 Y8.175 E4.95417
G1 X98.802 Y8.175 E.01501
G1 X217.175 Y126.548 E4.97539
G1 X217.175 Y127.054 E.01504
G1 X98.296 Y8.175 E4.99666
G1 X97.791 Y8.175 E.01501
G1 X217.175 Y127.559 E5.01789
G1 X217.175 Y128.065 E.01504
G1 X97.285 Y8.175 E5.03916
G1 X96.78 Y8.175 E.01501
G1 X217.175 Y128.57 E5.06038
G1 X217.175 Y129.076 E.01504
G1 X96.274 Y8.175 E5.08165
G1 X95.769 Y8.175 E.01501
G1 X217.175 Y129.581 E5.10288
G1 X217.175 Y130.087 E.01504
G1 X95.263 Y8.175 E5.12414
G1 X94.758 Y8.175 E.01501
G1 X217.175 Y130.592 E5.14537
G1 X217.175 Y131.098 E.01504
G1 X94.252 Y8.175 E5.16664
G1 X93.747 Y8.175 E.01501
G1 X217.175 Y131.603 E5.18786
G1 X217.175 Y132.108 E.01501
G1 X93.242 Y8.175 E5.20909
G1 X92.736 Y8.175 E.01504
G1 X217.175 Y132.614 E5.23036
G1 X217.175 Y133.119 E.01501
G1 X92.231 Y8.175 E5.25158
G1 X91.725 Y8.175 E.01504
G1 X217.175 Y133.625 E5.27285
G1 X217.175 Y134.13 E.01501
G1 X91.22 Y8.175 E5.29408
G1 X90.714 Y8.175 E.01504
G1 X217.175 Y134.636 E5.31535
G1 X217.175 Y135.141 E.01501
G1 X90.209 Y8.175 E5.33657
G1 X89.703 Y8.175 E.01504
G1 X217.175 Y135.647 E5.35784
G1 X217.175 Y136.152 E.01501
G1 X89.198 Y8.175 E5.37907
G1 X88.692 Y8.175 E.01504
G1 X217.175 Y136.658 E5.40033
G1 X217.175 Y137.163 E.01501
G1 X88.187 Y8.175 E5.42156
G1 X87.681 Y8.175 E.01504
G1 X217.175 Y137.669 E5.44283
G1 X217.175 Y138.174 E.01501
G1 X87.176 Y8.175 E5.46405
G1 X86.67 Y8.175 E.01504
G1 X217.175 Y138.68 E5.48532
G1 X217.175 Y139.185 E.01501
G1 X86.165 Y8.175 E5.50655
G1 X85.659 Y8.175 E.01504
G1 X217.175 Y139.691 E5.52781
G1 X217.175 Y140.196 E.01501
G1 X85.154 Y8.175 E5.54904
G1 X84.648 Y8.175 E.01504
G1 X217.175 Y140.702 E5.57031
G1 X217.175 Y141.207 E.01501
G1 X84.143 Y8.175 E5.59153
G1 X83.637 Y8.175 E.01504
G1 X217.175 Y141.713 E5.6128
G1 X217.175 Y142.218 E.01501
G1 X83.132 Y8.175 E5.63403
G1 X82.626 Y8.175 E.01504
G1 X217.175 Y142.724 E5.6553
G1 X217.175 Y143.229 E.01501
G1 X82.121 Y8.175 E5.67652
G1 X81.615 Y8.175 E.01504
G1 X217.175 Y143.735 E5.69779
G1 X217.175 Y144.24 E.01501
G1 X81.11 Y8.175 E5.71902
G1 X80.825 Y8.175 E.00847
G1 X80.825 Y8.395 E.00654
G1 X217.175 Y144.746 E5.73102
G1 X217.175 Y145.251 E.01501
G1 X80.825 Y8.901 E5.73099
G1 X80.825 Y9.406 E.01501
G1 X217.175 Y145.757 E5.73102
G1 X217.175 Y146.262 E.01501
G1 X80.824 Y9.912 E5.73102
G1 X80.824 Y10.417 E.01501
G1 X217.175 Y146.768 E5.73104
G1 X217.175 Y147.273 E.01501
G1 X80.824 Y10.922 E5.73104
G1 X80.824 Y11.428 E.01504
G1 X217.175 Y147.779 E5.73104
G1 X217.175 Y148.284 E.01501
G1 X80.824 Y11.933 E5.73104
G1 X80.824 Y12.438 E.01501
G1 X217.175 Y148.79 E5.73106
G1 X217.175 Y149.295 E.01501
G1 X80.824 Y12.944 E5.73104
G1 X80.824 Y13.449 E.01501
G1 X217.175 Y149.801 E5.73106
G1 X217.175 Y150.306 E.01501
G1 X80.824 Y13.955 E5.73104
G1 X80.823 Y14.46 E.01501
G1 X217.175 Y150.812 E5.73108
G1 X217.175 Y151.317 E.01501
G1 X80.823 Y14.965 E5.73108
G1 X80.823 Y15.471 E.01504
G1 X217.175 Y151.823 E5.73108
G1 X217.175 Y152.328 E.01501
G1 X80.823 Y15.976 E5.73108
G1 X80.823 Y16.481 E.01501
G1 X217.175 Y152.834 E5.7311
G1 X217.175 Y153.339 E.01501
G1 X80.823 Y16.987 E5.73108
G1 X80.812 Y17.481 E.01469
G1 X217.175 Y153.844 E5.73154
G1 X217.175 Y154.35 E.01504
G1 X80.663 Y17.838 E5.7378
G1 X80.6 Y17.931 E.00334
G1 X80.399 Y18.079 E.00742
G1 X217.175 Y154.855 E5.7489
G1 X217.175 Y155.361 E.01504
G1 X79.983 Y18.169 E5.76639
G1 X79.477 Y18.169 E.01504
G1 X217.175 Y155.866 E5.78763
G1 X217.175 Y156.372 E.01504
G1 X78.972 Y18.169 E5.80888
G1 X78.467 Y18.169 E.01501
G1 X217.175 Y156.877 E5.83011
G1 X217.175 Y157.383 E.01504
G1 X77.961 Y18.169 E5.85137
G1 X77.456 Y18.169 E.01501
G1 X217.175 Y157.888 E5.8726
G1 X217.175 Y158.394 E.01504
G1 X76.95 Y18.169 E5.89387
G1 X76.445 Y18.169 E.01501
G1 X217.175 Y158.899 E5.91509
G1 X217.175 Y159.405 E.01504
G1 X75.939 Y18.169 E5.93636
G1 X75.434 Y18.169 E.01501
G1 X217.175 Y159.91 E5.95759
G1 X217.175 Y160.416 E.01504
G1 X74.929 Y18.169 E5.97883
G1 X74.423 Y18.169 E.01504
G1 X217.175 Y160.921 E6.00008
G1 X217.175 Y161.427 E.01504
G1 X73.918 Y18.169 E6.02133
G1 X73.412 Y18.17 E.01504
G1 X217.175 Y161.932 E6.04255
G1 X217.175 Y162.438 E.01504
G1 X72.907 Y18.17 E6.0638
G1 X72.402 Y18.17 E.01501
G1 X217.175 Y162.943 E6.08503
G1 X217.175 Y163.449 E.01504
G1 X71.896 Y18.17 E6.10629
G1 X71.391 Y18.17 E.01501
G1 X217.175 Y163.954 E6.12752
G1 X217.175 Y164.46 E.01504
G1 X70.885 Y18.17 E6.14879
G1 X70.38 Y18.17 E.01501
G1 X217.175 Y164.965 E6.17001
G1 X217.175 Y165.471 E.01504
G1 X69.874 Y18.17 E6.19128
G1 X69.369 Y18.17 E.01501
G1 X217.175 Y165.976 E6.21251
G1 X217.175 Y166.482 E.01504
G1 X68.864 Y18.17 E6.23375
G1 X68.358 Y18.17 E.01504
G1 X217.175 Y166.987 E6.255
G1 X217.175 Y167.493 E.01504
G1 X67.853 Y18.17 E6.27625
G1 X67.347 Y18.17 E.01504
G1 X217.175 Y167.998 E6.2975
G1 X217.175 Y168.504 E.01504
G1 X66.842 Y18.17 E6.31874
G1 X66.336 Y18.17 E.01504
G1 X217.175 Y169.009 E6.33999
G1 X217.175 Y169.515 E.01504
G1 X65.831 Y18.171 E6.36122
G1 X65.326 Y18.171 E.01501
G1 X217.175 Y170.02 E6.38244
G1 X217.175 Y170.526 E.01504
G1 X64.82 Y18.171 E6.40371
G1 X64.315 Y18.171 E.01501
G1 X217.164 Y171.02 E6.42447
G1 X216.911 Y171.272 E.01061
G1 X63.809 Y18.171 E6.43509
G1 X63.304 Y18.171 E.01501
G1 X216.658 Y171.525 E6.4457
G1 X216.406 Y171.778 E.01061
G1 X62.799 Y18.171 E6.45633
G1 X62.293 Y18.171 E.01504
G1 X216.153 Y172.031 E6.46697
G1 X215.9 Y172.283 E.01061
G1 X61.788 Y18.171 E6.47756
G1 X61.282 Y18.171 E.01504
G1 X215.647 Y172.536 E6.48819
G1 X215.395 Y172.789 E.01061
G1 X60.777 Y18.171 E6.49883
G1 X60.271 Y18.171 E.01504
G1 X215.142 Y173.042 E6.50946
G1 X214.889 Y173.294 E.01061
G1 X59.766 Y18.171 E6.52005
G1 X59.261 Y18.171 E.01501
G1 X214.636 Y173.547 E6.53067
G1 X214.384 Y173.8 E.01061
G1 X58.755 Y18.171 E6.54132
G1 X58.25 Y18.172 E.01501
G1 X214.131 Y174.053 E6.55191
G1 X213.878 Y174.305 E.01061
G1 X57.744 Y18.172 E6.56253
G1 X57.239 Y18.172 E.01501
G1 X213.625 Y174.558 E6.57314
G1 X213.373 Y174.811 E.01061
G1 X56.733 Y18.172 E6.58379
G1 X56.228 Y18.172 E.01501
G1 X213.12 Y175.064 E6.59441
G1 X212.867 Y175.316 E.01061
G1 X55.723 Y18.172 E6.605
G1 X55.217 Y18.172 E.01504
G1 X212.614 Y175.569 E6.61563
G1 X212.362 Y175.822 E.01061
G1 X54.712 Y18.172 E6.62627
G1 X54.206 Y18.172 E.01504
G1 X212.109 Y176.075 E6.6369
G1 X211.856 Y176.327 E.01061
G1 X53.701 Y18.172 E6.64749
G1 X53.195 Y18.172 E.01504
G1 X211.603 Y176.58 E6.65813
G1 X211.351 Y176.833 E.01061
G1 X52.69 Y18.172 E6.66876
G1 X52.185 Y18.172 E.01501
G1 X211.098 Y177.086 E6.67937
G1 X210.845 Y177.338 E.01061
G1 X51.679 Y18.172 E6.68999
G1 X51.174 Y18.172 E.01501
G1 X210.592 Y177.591 E6.7006
G1 X210.34 Y177.844 E.01061
G1 X50.668 Y18.172 E6.71125
G1 X50.163 Y18.173 E.01501
G1 X210.087 Y178.097 E6.72185
G1 X209.834 Y178.349 E.01061
G1 X49.658 Y18.173 E6.73244
G1 X49.152 Y18.173 E.01504
G1 X209.581 Y178.602 E6.74307
G1 X209.329 Y178.855 E.01061
G1 X48.647 Y18.173 E6.75371
G1 X48.141 Y18.173 E.01504
G1 X209.076 Y179.108 E6.76434
G1 X208.823 Y179.36 E.01061
G1 X47.636 Y18.173 E6.77493
G1 X47.13 Y18.173 E.01504
G1 X208.57 Y179.613 E6.78557
G1 X208.318 Y179.866 E.01061
G1 X46.625 Y18.173 E6.7962
G1 X46.12 Y18.173 E.01501
G1 X208.065 Y180.118 E6.80679
G1 X207.812 Y180.371 E.01063
G1 X45.614 Y18.173 E6.81743
G1 X45.109 Y18.173 E.01501
G1 X207.559 Y180.624 E6.82804
G1 X207.307 Y180.877 E.01061
G1 X44.603 Y18.173 E6.83869
G1 X44.098 Y18.173 E.01501
G1 X207.054 Y181.129 E6.84928
G1 X206.801 Y181.382 E.01063
G1 X43.592 Y18.173 E6.85992
G1 X43.087 Y18.173 E.01501
G1 X206.548 Y181.635 E6.87053
G1 X206.296 Y181.888 E.01061
G1 X42.582 Y18.174 E6.88114
G1 X42.076 Y18.174 E.01504
G1 X206.043 Y182.14 E6.89176
G1 X205.79 Y182.393 E.01063
G1 X41.571 Y18.174 E6.90237
G1 X41.065 Y18.174 E.01504
G1 X205.538 Y182.646 E6.91303
G1 X205.285 Y182.899 E.01063
G1 X40.56 Y18.174 E6.92364
G1 X40.054 Y18.174 E.01504
G1 X205.032 Y183.151 E6.93425
G1 X204.779 Y183.404 E.01063
G1 X39.549 Y18.174 E6.94486
G1 X39.044 Y18.174 E.01501
G1 X204.527 Y183.657 E6.9555
G1 X204.274 Y183.91 E.01063
G1 X38.538 Y18.174 E6.96613
G1 X38.033 Y18.174 E.01501
G1 X204.021 Y184.162 E6.97672
G1 X203.768 Y184.415 E.01063
G1 X37.527 Y18.174 E6.98736
G1 X37.022 Y18.174 E.01501
G1 X203.516 Y184.668 E6.99799
G1 X203.263 Y184.921 E.01063
G1 X36.517 Y18.174 E7.00861
G1 X36.011 Y18.174 E.01504
G1 X203.01 Y185.173 E7.01922
G1 X202.757 Y185.426 E.01063
G1 X35.506 Y18.174 E7.02983
G1 X35 Y18.175 E.01504
G1 X202.505 Y185.679 E7.04047
G1 X202.252 Y185.932 E.01063
G1 X34.495 Y18.175 E7.05108
G1 X33.989 Y18.175 E.01504
G1 X201.999 Y186.184 E7.06169
G1 X201.746 Y186.437 E.01063
G1 X33.484 Y18.175 E7.0723
G1 X32.979 Y18.175 E.01501
G1 X201.494 Y186.69 E7.08294
G1 X201.241 Y186.943 E.01063
G1 X32.473 Y18.175 E7.09357
G1 X32.342 Y18.175 E.00389
G1 X32.155 Y18.362 E.00786
G1 X200.988 Y187.195 E7.0963
G1 X200.735 Y187.448 E.01063
G1 X31.902 Y18.615 E7.0963
G1 X31.649 Y18.867 E.01061
G1 X200.483 Y187.701 E7.09635
G1 X200.23 Y187.954 E.01063
G1 X31.396 Y19.12 E7.09635
G1 X31.144 Y19.373 E.01061
G1 X199.977 Y188.206 E7.0963
G1 X199.724 Y188.459 E.01063
G1 X30.891 Y19.626 E7.0963
G1 X30.638 Y19.878 E.01061
G1 X199.472 Y188.712 E7.09635
G1 X199.219 Y188.965 E.01063
G1 X30.385 Y20.131 E7.09635
G1 X30.133 Y20.384 E.01061
G1 X198.966 Y189.217 E7.0963
G1 X198.713 Y189.47 E.01063
G1 X29.88 Y20.637 E7.0963
G1 X29.627 Y20.889 E.01061
G1 X198.461 Y189.723 E7.09635
G1 X198.208 Y189.976 E.01063
G1 X29.375 Y21.142 E7.09633
G1 X29.122 Y21.395 E.01063
G1 X197.955 Y190.228 E7.0963
G1 X197.702 Y190.481 E.01063
G1 X28.869 Y21.648 E7.0963
G1 X28.616 Y21.9 E.01061
G1 X197.45 Y190.734 E7.09635
G1 X197.197 Y190.986 E.01061
G1 X28.364 Y22.153 E7.0963
G1 X28.111 Y22.406 E.01063
G1 X196.944 Y191.239 E7.0963
G1 X196.691 Y191.492 E.01063
G1 X27.858 Y22.659 E7.0963
G1 X27.605 Y22.911 E.01061
G1 X196.439 Y191.745 E7.09635
G1 X196.186 Y191.997 E.01061
G1 X27.353 Y23.164 E7.0963
G1 X27.1 Y23.417 E.01063
G1 X195.933 Y192.25 E7.0963
G1 X195.68 Y192.503 E.01063
G1 X26.847 Y23.67 E7.0963
G1 X26.594 Y23.922 E.01061
G1 X195.428 Y192.756 E7.09635
G1 X195.175 Y193.008 E.01061
G1 X26.342 Y24.175 E7.0963
G1 X26.089 Y24.428 E.01063
G1 X194.922 Y193.261 E7.0963
G1 X194.67 Y193.514 E.01061
G1 X25.836 Y24.68 E7.09635
G1 X25.583 Y24.933 E.01063
G1 X194.417 Y193.767 E7.09635
G1 X194.164 Y194.019 E.01061
G1 X25.331 Y25.186 E7.0963
G1 X25.078 Y25.439 E.01063
G1 X193.911 Y194.272 E7.0963
G1 X193.659 Y194.525 E.01061
G1 X24.825 Y25.691 E7.09635
G1 X24.572 Y25.944 E.01063
G1 X193.406 Y194.778 E7.09635
G1 X193.153 Y195.03 E.01061
G1 X24.32 Y26.197 E7.0963
G1 X24.067 Y26.45 E.01063
G1 X192.9 Y195.283 E7.0963
G1 X192.648 Y195.536 E.01061
G1 X23.814 Y26.702 E7.09635
G1 X23.561 Y26.955 E.01063
G1 X192.395 Y195.789 E7.09635
G1 X192.142 Y196.041 E.01061
G1 X23.309 Y27.208 E7.0963
G1 X23.056 Y27.461 E.01063
G1 X191.889 Y196.294 E7.0963
G1 X191.637 Y196.547 E.01061
G1 X22.803 Y27.713 E7.09635
G1 X22.55 Y27.966 E.01063
G1 X191.384 Y196.8 E7.09635
G1 X191.131 Y197.052 E.01061
G1 X22.298 Y28.219 E7.0963
G1 X22.045 Y28.472 E.01063
G1 X190.878 Y197.305 E7.0963
G1 X190.626 Y197.558 E.01061
G1 X21.792 Y28.724 E7.09635
G1 X21.539 Y28.977 E.01063
G1 X190.373 Y197.811 E7.09635
G1 X190.12 Y198.063 E.01061
G1 X21.287 Y29.23 E7.0963
G1 X21.034 Y29.483 E.01063
G1 X189.867 Y198.316 E7.0963
G1 X189.615 Y198.569 E.01061
G1 X20.781 Y29.735 E7.09635
G1 X20.528 Y29.988 E.01063
G1 X189.362 Y198.822 E7.09635
G1 X189.109 Y199.074 E.01061
G1 X20.276 Y30.241 E7.0963
G1 X20.023 Y30.494 E.01063
G1 X188.856 Y199.327 E7.0963
G1 X188.604 Y199.58 E.01061
G1 X19.77 Y30.746 E7.09635
G1 X19.517 Y30.999 E.01063
G1 X188.351 Y199.833 E7.09635
G1 X188.098 Y200.085 E.01061
G1 X19.265 Y31.252 E7.0963
G1 X19.012 Y31.505 E.01063
G1 X187.845 Y200.338 E7.0963
G1 X187.658 Y200.525 E.00786
G1 X187.527 Y200.525 E.00389
G1 X18.759 Y31.757 E7.09357
G1 X18.507 Y32.01 E.01061
G1 X187.022 Y200.525 E7.08294
G1 X186.516 Y200.525 E.01504
G1 X18.254 Y32.263 E7.0723
G1 X18.001 Y32.516 E.01063
G1 X186.011 Y200.525 E7.06169
G1 X185.505 Y200.525 E.01504
G1 X17.748 Y32.768 E7.05108
G1 X17.496 Y33.021 E.01061
G1 X185 Y200.525 E7.04044
G1 X184.494 Y200.525 E.01504
G1 X17.243 Y33.274 E7.02981
G1 X16.99 Y33.527 E.01063
G1 X183.989 Y200.525 E7.0192
G1 X183.483 Y200.525 E.01504
G1 X16.737 Y33.779 E7.00858
G1 X16.485 Y34.032 E.01061
G1 X182.978 Y200.525 E6.99795
G1 X182.472 Y200.525 E.01504
G1 X16.232 Y34.285 E6.98732
G1 X15.979 Y34.537 E.01061
G1 X181.967 Y200.525 E6.97672
G1 X181.461 Y200.525 E.01504
G1 X15.726 Y34.79 E6.96609
G1 X15.474 Y35.043 E.01061
G1 X180.956 Y200.525 E6.95546
G1 X180.45 Y200.525 E.01504
G1 X15.221 Y35.296 E6.94482
G1 X14.968 Y35.548 E.01061
G1 X179.945 Y200.525 E6.93423
G1 X179.439 Y200.525 E.01504
G1 X14.715 Y35.801 E6.9236
G1 X14.463 Y36.054 E.01061
G1 X178.934 Y200.525 E6.91296
G1 X178.428 Y200.525 E.01504
G1 X14.21 Y36.307 E6.90233
G1 X13.957 Y36.559 E.01061
G1 X177.923 Y200.525 E6.89174
G1 X177.417 Y200.525 E.01504
G1 X13.704 Y36.812 E6.8811
G1 X13.452 Y37.065 E.01061
G1 X176.912 Y200.525 E6.87047
G1 X176.406 Y200.525 E.01504
G1 X13.199 Y37.318 E6.85983
G1 X12.946 Y37.57 E.01061
G1 X175.901 Y200.525 E6.84924
G1 X175.395 Y200.525 E.01504
G1 X12.693 Y37.823 E6.83861
G1 X12.441 Y38.076 E.01061
G1 X174.89 Y200.525 E6.82798
G1 X174.384 Y200.525 E.01504
G1 X12.188 Y38.329 E6.81734
G1 X11.935 Y38.581 E.01061
G1 X173.879 Y200.525 E6.80675
G1 X173.373 Y200.525 E.01504
G1 X11.682 Y38.834 E6.79612
G1 X11.43 Y39.087 E.01061
G1 X172.868 Y200.525 E6.78548
G1 X172.362 Y200.525 E.01504
G1 X11.177 Y39.34 E6.77485
G1 X10.924 Y39.592 E.01061
G1 X171.857 Y200.525 E6.76426
G1 X171.351 Y200.525 E.01504
G1 X10.671 Y39.845 E6.75362
G1 X10.419 Y40.098 E.01061
G1 X170.846 Y200.525 E6.74299
G1 X170.34 Y200.525 E.01504
G1 X10.166 Y40.351 E6.73235
G1 X9.913 Y40.603 E.01061
G1 X169.835 Y200.525 E6.72176
G1 X169.329 Y200.525 E.01504
G1 X9.66 Y40.856 E6.71113
G1 X9.408 Y41.109 E.01061
G1 X168.824 Y200.525 E6.70049
G1 X168.319 Y200.525 E.01501
G1 X9.155 Y41.362 E6.68988
G1 X8.902 Y41.614 E.01061
G1 X167.813 Y200.525 E6.67927
G1 X167.308 Y200.525 E.01501
G1 X8.649 Y41.867 E6.66865
G1 X8.397 Y42.12 E.01061
G1 X166.802 Y200.525 E6.658
G1 X166.297 Y200.525 E.01501
G1 X8.144 Y42.373 E6.64739
G1 X7.891 Y42.625 E.01061
G1 X165.791 Y200.525 E6.63677
G1 X165.286 Y200.525 E.01501
G1 X7.639 Y42.878 E6.62614
G1 X7.386 Y43.131 E.01063
G1 X164.78 Y200.525 E6.61551
G1 X164.275 Y200.525 E.01501
G1 X7.133 Y43.384 E6.60489
G1 X6.88 Y43.636 E.01061
G1 X163.769 Y200.525 E6.59428
G1 X163.264 Y200.525 E.01501
G1 X6.628 Y43.889 E6.58365
G1 X6.375 Y44.142 E.01063
G1 X162.758 Y200.525 E6.57301
G1 X162.253 Y200.525 E.01501
G1 X6.122 Y44.395 E6.5624
G1 X5.869 Y44.647 E.01061
G1 X161.747 Y200.525 E6.55179
G1 X161.242 Y200.525 E.01501
G1 X5.617 Y44.9 E6.54115
G1 X5.364 Y45.153 E.01063
G1 X160.736 Y200.525 E6.53052
G1 X160.231 Y200.525 E.01501
G1 X5.111 Y45.405 E6.51993
G1 X4.858 Y45.658 E.01063
G1 X159.725 Y200.525 E6.50929
G1 X159.22 Y200.525 E.01501
G1 X4.606 Y45.911 E6.49866
G1 X4.353 Y46.164 E.01063
G1 X158.714 Y200.525 E6.48802
G1 X158.209 Y200.525 E.01501
G1 X4.1 Y46.416 E6.47743
G1 X3.847 Y46.669 E.01063
G1 X157.703 Y200.525 E6.4668
G1 X157.198 Y200.525 E.01501
G1 X3.595 Y46.922 E6.45616
G1 X3.342 Y47.175 E.01063
G1 X156.692 Y200.525 E6.44553
G1 X156.187 Y200.525 E.01501
G1 X3.089 Y47.427 E6.43494
G1 X2.836 Y47.68 E.01063
G1 X155.681 Y200.525 E6.4243
G1 X155.176 Y200.525 E.01501
G1 X2.825 Y48.174 E6.40354
G1 X2.825 Y48.68 E.01504
G1 X154.67 Y200.525 E6.38227
G1 X154.165 Y200.525 E.01501
G1 X2.825 Y49.185 E6.36105
G1 X2.825 Y49.691 E.01504
G1 X153.659 Y200.525 E6.33978
G1 X153.154 Y200.525 E.01501
G1 X2.825 Y50.196 E6.31855
G1 X2.825 Y50.702 E.01504
G1 X152.648 Y200.525 E6.29729
G1 X152.143 Y200.525 E.01501
G1 X2.825 Y51.207 E6.27606
G1 X2.825 Y51.713 E.01504
G1 X151.637 Y200.525 E6.25479
G1 X151.132 Y200.525 E.01501
G1 X2.825 Y52.218 E6.23357
G1 X2.825 Y52.724 E.01504
G1 X150.626 Y200.525 E6.2123
G1 X150.121 Y200.525 E.01501
G1 X2.825 Y53.229 E6.19107
G1 X2.825 Y53.735 E.01504
G1 X149.615 Y200.525 E6.1698
G1 X149.11 Y200.525 E.01501
G1 X2.825 Y54.24 E6.14858
G1 X2.825 Y54.746 E.01504
G1 X148.604 Y200.525 E6.12731
G1 X148.099 Y200.525 E.01501
G1 X2.825 Y55.251 E6.10608
G1 X2.825 Y55.756 E.01501
G1 X147.594 Y200.525 E6.08486
G1 X147.088 Y200.525 E.01504
G1 X2.825 Y56.262 E6.06359
G1 X2.825 Y56.767 E.01501
G1 X146.583 Y200.525 E6.04236
G1 X146.077 Y200.525 E.01504
G1 X2.825 Y57.273 E6.0211
G1 X2.825 Y57.778 E.01501
G1 X145.572 Y200.525 E5.99987
G1 X145.066 Y200.525 E.01504
G1 X2.825 Y58.284 E5.9786
G1 X2.825 Y58.789 E.01501
G1 X144.561 Y200.525 E5.95738
G1 X144.055 Y200.525 E.01504
G1 X2.825 Y59.295 E5.93611
G1 X2.825 Y59.8 E.01501
G1 X143.55 Y200.525 E5.91488
G1 X143.044 Y200.525 E.01504
G1 X2.825 Y60.306 E5.89361
G1 X2.825 Y60.811 E.01501
G1 X142.539 Y200.525 E5.87239
G1 X142.033 Y200.525 E.01504
G1 X2.825 Y61.317 E5.85112
G1 X2.825 Y61.822 E.01501
G1 X141.528 Y200.525 E5.8299
G1 X141.022 Y200.525 E.01504
G1 X2.825 Y62.328 E5.80863
G1 X2.825 Y62.833 E.01501
G1 X140.517 Y200.525 E5.7874
G1 X140.011 Y200.525 E.01504
G1 X2.825 Y63.339 E5.76613
G1 X2.825 Y63.844 E.01501
G1 X139.506 Y200.525 E5.74491
G1 X139 Y200.525 E.01504
G1 X2.825 Y64.35 E5.72364
G1 X2.825 Y64.855 E.01501
G1 X138.495 Y200.525 E5.70241
G1 X137.989 Y200.525 E.01504
G1 X2.825 Y65.361 E5.68115
G1 X2.825 Y65.866 E.01501
G1 X137.484 Y200.525 E5.65992
G1 X136.978 Y200.525 E.01504
G1 X2.825 Y66.372 E5.63865
G1 X2.825 Y66.877 E.01501
G1 X136.473 Y200.525 E5.61743
G1 X135.967 Y200.525 E.01504
G1 X2.825 Y67.383 E5.59616
G1 X2.825 Y67.888 E.01501
G1 X135.462 Y200.525 E5.57493
G1 X134.956 Y200.525 E.01504
G1 X2.825 Y68.394 E5.55366
G1 X2.825 Y68.899 E.01501
G1 X134.451 Y200.525 E5.53244
G1 X133.945 Y200.525 E.01504
G1 X2.825 Y69.405 E5.51117
G1 X2.825 Y69.91 E.01501
G1 X133.44 Y200.525 E5.48994
G1 X132.934 Y200.525 E.01504
G1 X2.825 Y70.416 E5.46868
G1 X2.825 Y70.921 E.01501
G1 X132.429 Y200.525 E5.44745
G1 X131.923 Y200.525 E.01504
G1 X2.825 Y71.427 E5.42618
G1 X2.825 Y71.932 E.01501
G1 X131.418 Y200.525 E5.40496
G1 X130.912 Y200.525 E.01504
G1 X2.825 Y72.438 E5.38369
G1 X2.825 Y72.943 E.01501
G1 X130.407 Y200.525 E5.36246
G1 X129.901 Y200.525 E.01504
G1 X2.825 Y73.449 E5.34119
G1 X2.825 Y73.954 E.01501
G1 X129.396 Y200.525 E5.31997
G1 X128.89 Y200.525 E.01504
G1 X2.825 Y74.46 E5.2987
G1 X2.825 Y74.965 E.01501
G1 X128.385 Y200.525 E5.27748
G1 X127.879 Y200.525 E.01504
G1 X2.825 Y75.471 E5.25621
G1 X2.825 Y75.976 E.01501
G1 X127.374 Y200.525 E5.23498
G1 X126.868 Y200.525 E.01504
G1 X2.825 Y76.482 E5.21371
G1 X2.825 Y76.987 E.01501
G1 X126.363 Y200.525 E5.19249
G1 X125.858 Y200.525 E.01501
G1 X2.825 Y77.492 E5.17126
G1 X2.825 Y77.998 E.01504
G1 X125.352 Y200.525 E5.14999
G1 X124.847 Y200.525 E.01501
G1 X2.825 Y78.503 E5.12877
G1 X2.825 Y79.009 E.01504
G1 X124.341 Y200.525 E5.1075
G1 X123.836 Y200.525 E.01501
G1 X2.825 Y79.514 E5.08627
G1 X2.825 Y80.02 E.01504
G1 X123.33 Y200.525 E5.06501
G1 X122.825 Y200.525 E.01501
G1 X2.825 Y80.525 E5.04378
G1 X2.825 Y81.031 E.01504
G1 X122.319 Y200.525 E5.02251
G1 X121.814 Y200.525 E.01501
G1 X2.825 Y81.536 E5.00129
G1 X2.825 Y82.042 E.01504
G1 X121.308 Y200.525 E4.98002
G1 X120.803 Y200.525 E.01501
G1 X2.825 Y82.547 E4.95879
G1 X2.825 Y83.053 E.01504
G1 X120.297 Y200.525 E4.93752
G1 X119.792 Y200.525 E.01501
G1 X2.825 Y83.558 E4.9163
G1 X2.825 Y84.064 E.01504
G1 X119.286 Y200.525 E4.89503
G1 X118.781 Y200.525 E.01501
G1 X2.825 Y84.569 E4.8738
G1 X2.825 Y85.075 E.01504
G1 X118.275 Y200.525 E4.85254
G1 X117.77 Y200.525 E.01501
G1 X2.825 Y85.58 E4.83131
G1 X2.825 Y86.086 E.01504
G1 X117.264 Y200.525 E4.81004
G1 X116.759 Y200.525 E.01501
G1 X2.825 Y86.591 E4.78882
G1 X2.825 Y87.097 E.01504
G1 X116.253 Y200.525 E4.76755
G1 X115.748 Y200.525 E.01501
G1 X2.825 Y87.602 E4.74632
G1 X2.825 Y88.108 E.01504
G1 X115.242 Y200.525 E4.72506
G1 X114.737 Y200.525 E.01501
G1 X2.825 Y88.613 E4.70383
G1 X2.825 Y89.119 E.01504
G1 X114.231 Y200.525 E4.68256
G1 X113.726 Y200.525 E.01501
G1 X2.825 Y89.624 E4.66134
G1 X2.825 Y90.13 E.01504
G1 X113.22 Y200.525 E4.64007
G1 X112.715 Y200.525 E.01501
G1 X2.825 Y90.635 E4.61884
G1 X2.825 Y91.141 E.01504
G1 X112.209 Y200.525 E4.59757
G1 X111.704 Y200.525 E.01501
G1 X2.825 Y91.646 E4.57635
G1 X2.825 Y92.152 E.01504
G1 X111.198 Y200.525 E4.55508
G1 X110.693 Y200.525 E.01501
G1 X2.825 Y92.657 E4.53385
G1 X2.825 Y93.163 E.01504
G1 X110.187 Y200.525 E4.51259
G1 X109.682 Y200.525 E.01501
G1 X2.825 Y93.668 E4.49136
G1 X2.825 Y94.174 E.01504
G1 X109.176 Y200.525 E4.47009
G1 X108.671 Y200.525 E.01501
G1 X2.825 Y94.679 E4.44887
G1 X2.825 Y95.185 E.01504
G1 X108.165 Y200.525 E4.4276
G1 X107.66 Y200.525 E.01501
G1 X2.825 Y95.69 E4.40637
G1 X2.825 Y96.196 E.01504
G1 X107.154 Y200.525 E4.3851
G1 X106.649 Y200.525 E.01501
G1 X2.825 Y96.701 E4.36388
G1 X2.825 Y97.207 E.01504
G1 X106.143 Y200.525 E4.34261
G1 X105.638 Y200.525 E.01501
G1 X2.825 Y97.712 E4.32138
G1 X2.825 Y98.217 E.01501
G1 X105.133 Y200.525 E4.30016
G1 X104.627 Y200.525 E.01504
G1 X2.825 Y98.723 E4.27889
G1 X2.825 Y99.228 E.01501
G1 X104.122 Y200.525 E4.25766
G1 X103.616 Y200.525 E.01504
G1 X2.825 Y99.734 E4.2364
G1 X2.825 Y100.239 E.01501
G1 X103.111 Y200.525 E4.21517
G1 X102.605 Y200.525 E.01504
G1 X2.825 Y100.745 E4.1939
G1 X2.825 Y101.25 E.01501
G1 X102.1 Y200.525 E4.17268
G1 X101.594 Y200.525 E.01504
G1 X2.825 Y101.756 E4.15141
G1 X2.825 Y102.261 E.01501
G1 X101.089 Y200.525 E4.13018
G1 X100.583 Y200.525 E.01504
G1 X2.825 Y102.767 E4.10892
G1 X2.825 Y103.272 E.01501
G1 X100.078 Y200.525 E4.08769
G1 X99.572 Y200.525 E.01504
G1 X2.825 Y103.778 E4.06642
G1 X2.825 Y104.283 E.01501
G1 X99.067 Y200.525 E4.0452
G1 X98.561 Y200.525 E.01504
G1 X2.825 Y104.789 E4.02393
G1 X2.825 Y105.294 E.01501
G1 X98.056 Y200.525 E4.0027
G1 X97.55 Y200.525 E.01504
G1 X2.825 Y105.8 E3.98143
G1 X2.825 Y106.305 E.01501
G1 X97.045 Y200.525 E3.96021
G1 X96.539 Y200.525 E.01504
G1 X2.825 Y106.811 E3.93894
G1 X2.825 Y107.316 E.01501
G1 X96.034 Y200.525 E3.91771
G1 X95.528 Y200.525 E.01504
G1 X2.825 Y107.822 E3.89645
G1 X2.825 Y108.327 E.01501
G1 X95.023 Y200.525 E3.87522
G1 X94.517 Y200.525 E.01504
G1 X2.825 Y108.833 E3.85395
G1 X2.825 Y109.338 E.01501
G1 X94.012 Y200.525 E3.83273
G1 X93.506 Y200.525 E.01504
G1 X2.825 Y109.844 E3.81146
G1 X2.825 Y110.349 E.01501
G1 X93.001 Y200.525 E3.79023
G1 X92.495 Y200.525 E.01504
G1 X2.825 Y110.855 E3.76896
G1 X2.825 Y111.36 E.01501
G1 X91.99 Y200.525 E3.74774
G1 X91.484 Y200.525 E.01504
G1 X2.825 Y111.866 E3.72647
G1 X2.825 Y112.371 E.01501
G1 X90.979 Y200.525 E3.70524
G1 X90.473 Y200.525 E.01504
G1 X2.825 Y112.877 E3.68398
G1 X2.825 Y113.382 E.01501
G1 X89.968 Y200.525 E3.66275
G1 X89.462 Y200.525 E.01504
G1 X2.825 Y113.888 E3.64148
G1 X2.825 Y114.393 E.01501
G1 X88.957 Y200.525 E3.62026
G1 X88.451 Y200.525 E.01504
G1 X2.825 Y114.899 E3.59899
G1 X2.825 Y115.404 E.01501
G1 X87.946 Y200.525 E3.57776
G1 X87.44 Y200.525 E.01504
G1 X2.825 Y115.91 E3.5565
G1 X2.825 Y116.415 E.01501
G1 X86.935 Y200.525 E3.53527
G1 X86.429 Y200.525 E.01504
G1 X2.825 Y116.921 E3.514
G1 X2.825 Y117.426 E.01501
G1 X85.924 Y200.525 E3.49278
G1 X85.418 Y200.525 E.01504
G1 X2.825 Y117.932 E3.47151
G1 X2.825 Y118.437 E.01501
G1 X84.913 Y200.525 E3.45028
G1 X84.408 Y200.525 E.01501
G1 X2.825 Y118.943 E3.42903
G1 X2.825 Y119.448 E.01501
G1 X83.902 Y200.525 E3.40779
G1 X83.397 Y200.525 E.01501
G1 X2.825 Y119.953 E3.38656
G1 X2.825 Y120.459 E.01504
G1 X82.891 Y200.525 E3.36529
G1 X82.386 Y200.525 E.01501
G1 X2.825 Y120.964 E3.34407
G1 X2.825 Y121.47 E.01504
G1 X81.88 Y200.525 E3.3228
G1 X81.375 Y200.525 E.01501
G1 X2.825 Y121.975 E3.30157
G1 X2.825 Y122.481 E.01504
G1 X80.869 Y200.525 E3.28031
G1 X80.364 Y200.525 E.01501
G1 X2.825 Y122.986 E3.25908
G1 X2.825 Y123.492 E.01504
G1 X79.858 Y200.525 E3.23781
G1 X79.353 Y200.525 E.01501
G1 X2.825 Y123.997 E3.21659
G1 X2.825 Y124.503 E.01504
G1 X78.847 Y200.525 E3.19532
G1 X78.342 Y200.525 E.01501
G1 X2.825 Y125.008 E3.17409
G1 X2.825 Y125.514 E.01504
G1 X77.836 Y200.525 E3.15282
G1 X77.331 Y200.525 E.01501
G1 X2.825 Y126.019 E3.1316
G1 X2.825 Y126.525 E.01504
G1 X76.825 Y200.525 E3.11033
G1 X76.32 Y200.525 E.01501
G1 X2.825 Y127.03 E3.08911
G1 X2.825 Y127.536 E.01504
G1 X75.814 Y200.525 E3.06784
G1 X75.309 Y200.525 E.01501
G1 X2.825 Y128.041 E3.04661
G1 X2.825 Y128.547 E.01504
G1 X74.803 Y200.525 E3.02534
G1 X74.298 Y200.525 E.01501
G1 X2.825 Y129.052 E3.00412
G1 X2.825 Y129.558 E.01504
G1 X73.792 Y200.525 E2.98285
G1 X73.287 Y200.525 E.01501
G1 X2.825 Y130.063 E2.96162
G1 X2.825 Y130.569 E.01504
G1 X72.781 Y200.525 E2.94036
G1 X72.276 Y200.525 E.01501
G1 X2.825 Y131.074 E2.91913
G1 X2.825 Y131.58 E.01504
G1 X71.77 Y200.525 E2.89786
G1 X71.265 Y200.525 E.01501
G1 X2.825 Y132.085 E2.87664
G1 X2.825 Y132.591 E.01504
G1 X70.759 Y200.525 E2.85537
G1 X70.254 Y200.525 E.01501
G1 X2.825 Y133.096 E2.83414
G1 X2.825 Y133.602 E.01504
G1 X69.748 Y200.525 E2.81287
G1 X69.243 Y200.525 E.01501
G1 X2.825 Y134.107 E2.79165
G1 X2.825 Y134.613 E.01504
G1 X68.737 Y200.525 E2.77038
G1 X68.232 Y200.525 E.01501
G1 X2.825 Y135.118 E2.74915
G1 X2.825 Y135.624 E.01504
G1 X67.726 Y200.525 E2.72789
G1 X67.221 Y200.525 E.01501
G1 X2.825 Y136.129 E2.70666
G1 X2.825 Y136.635 E.01504
G1 X66.715 Y200.525 E2.68539
G1 X66.21 Y200.525 E.01501
G1 X2.825 Y137.14 E2.66417
G1 X2.825 Y137.646 E.01504
G1 X65.704 Y200.525 E2.6429
G1 X65.199 Y200.525 E.01501
G1 X2.825 Y138.151 E2.62167
G1 X2.825 Y138.657 E.01504
G1 X64.693 Y200.525 E2.6004
G1 X64.188 Y200.525 E.01501
G1 X2.825 Y139.162 E2.57918
G1 X2.825 Y139.668 E.01504
G1 X63.682 Y200.525 E2.55791
G1 X63.177 Y200.525 E.01501
G1 X2.825 Y140.173 E2.53669
G1 X2.825 Y140.678 E.01501
G1 X62.672 Y200.525 E2.51546
G1 X62.166 Y200.525 E.01504
G1 X2.825 Y141.184 E2.49419
G1 X2.825 Y141.689 E.01501
G1 X61.661 Y200.525 E2.47297
G1 X61.155 Y200.525 E.01504
G1 X2.825 Y142.195 E2.4517
G1 X2.825 Y142.7 E.01501
G1 X60.65 Y200.525 E2.43047
G1 X60.144 Y200.525 E.01504
G1 X2.825 Y143.206 E2.4092
G1 X2.825 Y143.711 E.01501
G1 X59.639 Y200.525 E2.38798
G1 X59.133 Y200.525 E.01504
G1 X2.825 Y144.217 E2.36671
G1 X2.825 Y144.722 E.01501
G1 X58.628 Y200.525 E2.34548
G1 X58.122 Y200.525 E.01504
G1 X2.825 Y145.228 E2.32422
G1 X2.825 Y145.733 E.01501
G1 X57.617 Y200.525 E2.30299
G1 X57.111 Y200.525 E.01504
G1 X2.825 Y146.239 E2.28172
G1 X2.825 Y146.744 E.01501
G1 X56.606 Y200.525 E2.2605
G1 X56.1 Y200.525 E.01504
G1 X2.825 Y147.25 E2.23923
G1 X2.825 Y147.755 E.01501
G1 X55.595 Y200.525 E2.218
G1 X55.089 Y200.525 E.01504
G1 X2.825 Y148.261 E2.19673
G1 X2.825 Y148.766 E.01501
G1 X54.584 Y200.525 E2.17551
G1 X54.078 Y200.525 E.01504
G1 X2.825 Y149.272 E2.15424
G1 X2.825 Y149.777 E.01501
G1 X53.573 Y200.525 E2.13301
G1 X53.067 Y200.525 E.01504
G1 X2.825 Y150.283 E2.11175
G1 X2.825 Y150.788 E.01501
G1 X52.562 Y200.525 E2.09052
G1 X52.056 Y200.525 E.01504
G1 X2.825 Y151.294 E2.06925
G1 X2.825 Y151.799 E.01501
G1 X51.551 Y200.525 E2.04803
G1 X51.045 Y200.525 E.01504
G1 X2.825 Y152.305 E2.02676
G1 X2.825 Y152.81 E.01501
G1 X50.54 Y200.525 E2.00553
G1 X50.034 Y200.525 E.01504
G1 X2.825 Y153.316 E1.98427
G1 X2.825 Y153.821 E.01501
G1 X49.529 Y200.525 E1.96304
G1 X49.023 Y200.525 E.01504
G1 X2.825 Y154.327 E1.94177
G1 X2.825 Y154.832 E.01501
G1 X48.518 Y200.525 E1.92055
G1 X48.012 Y200.525 E.01504
G1 X2.825 Y155.338 E1.89928
G1 X2.825 Y155.843 E.01501
G1 X47.507 Y200.525 E1.87805
G1 X47.001 Y200.525 E.01504
G1 X2.825 Y156.349 E1.85678
G1 X2.825 Y156.854 E.01501
G1 X46.496 Y200.525 E1.83556
G1 X45.99 Y200.525 E.01504
G1 X2.825 Y157.36 E1.81429
G1 X2.825 Y157.865 E.01501
G1 X45.485 Y200.525 E1.79306
G1 X44.979 Y200.525 E.01504
G1 X2.825 Y158.371 E1.7718
G1 X2.825 Y158.876 E.01501
G1 X44.474 Y200.525 E1.75057
G1 X43.968 Y200.525 E.01504
G1 X2.825 Y159.382 E1.7293
G1 X2.825 Y159.887 E.01501
G1 X43.463 Y200.525 E1.70808
G1 X42.957 Y200.525 E.01504
G1 X2.825 Y160.393 E1.68681
G1 X2.825 Y160.898 E.01501
G1 X42.452 Y200.525 E1.66558
G1 X41.947 Y200.525 E.01501
G1 X2.825 Y161.403 E1.64436
G1 X2.825 Y161.909 E.01504
G1 X41.441 Y200.525 E1.62309
G1 X40.936 Y200.525 E.01501
G1 X2.825 Y162.414 E1.60186
G1 X2.825 Y162.92 E.01504
G1 X40.43 Y200.525 E1.58059
G1 X39.925 Y200.525 E.01501
G1 X2.825 Y163.425 E1.55937
G1 X2.825 Y163.931 E.01504
G1 X39.419 Y200.525 E1.5381
G1 X38.914 Y200.525 E.01501
G1 X2.825 Y164.436 E1.51687
G1 X2.825 Y164.942 E.01504
G1 X38.408 Y200.525 E1.49561
G1 X37.903 Y200.525 E.01501
G1 X2.825 Y165.447 E1.47438
G1 X2.825 Y165.953 E.01504
G1 X37.397 Y200.525 E1.45311
G1 X36.892 Y200.525 E.01501
G1 X2.825 Y166.458 E1.43189
G1 X2.825 Y166.964 E.01504
G1 X36.386 Y200.525 E1.41062
G1 X35.881 Y200.525 E.01501
G1 X2.825 Y167.469 E1.38939
G1 X2.825 Y167.975 E.01504
G1 X35.375 Y200.525 E1.36813
G1 X34.87 Y200.525 E.01501
G1 X2.825 Y168.48 E1.3469
G1 X2.825 Y168.986 E.01504
G1 X34.364 Y200.525 E1.32563
G1 X33.859 Y200.525 E.01501
G1 X2.825 Y169.491 E1.30441
G1 X2.825 Y169.997 E.01504
G1 X33.353 Y200.525 E1.28314
G1 X32.848 Y200.525 E.01501
G1 X2.825 Y170.502 E1.26191
G1 X2.825 Y171.008 E.01504
G1 X32.503 Y200.686 E1.24741
;LAYER_CHANGE
;Z:0.4
;HEIGHT:0.2
G1 E-2 F2400
G1 Z.4 F7800
M104 S210 ; set temperature
M140 S55 ; set bed temperature
G1 X56.695 Y208.117
G1 E2 F2400
;TYPE:Overhang perimeter
;WIDTH:0.4
;HEIGHT:0.4
G1 F3600
G1 X56.695 Y207.583 E.0279
G1 X163.305 Y207.583 E5.56983
G1 X163.305 Y208.117 E.0279
G1 X56.755 Y208.117 E5.56669
G1 X56.225 Y208.587 F7800
G1 F3600
G1 X56.225 Y207.113 E.07701
G1 X163.775 Y207.113 E5.61894
G1 X163.775 Y208.587 E.07701
G1 X56.285 Y208.587 E5.6158
G1 X56.226 Y208.192 F7800
G1 E-2 F2400
G1 X80.632 Y7.982 F7800
G1 E2 F2400
;TYPE:Perimeter
;WIDTH:0.449999
;HEIGHT:0.2
G1 F3600
G1 X139.368 Y7.982 E1.98814
G1 X139.368 Y17.444 E.32028
G1 X139.472 Y17.713 E.00976
G1 X139.684 Y17.906 E.0097
G1 X139.972 Y17.982 E.01008
G1 X187.738 Y17.982 E1.61682
G1 X217.368 Y47.612 E1.41837
G1 X217.368 Y171.088 E4.17951
G1 X187.738 Y200.718 E1.41837
G1 X32.262 Y200.718 E5.26267
G1 X2.632 Y171.088 E1.41837
G1 X2.632 Y47.612 E4.17951
G1 X32.262 Y17.982 E1.41837
G1 X80.076 Y17.982 E1.61844
G1 X80.366 Y17.876 E.01045
G1 X80.564 Y17.651 E.01014
G1 X80.632 Y17.371 E.00975
G1 X80.632 Y8.042 E.31578
G1 X80.225 Y7.575 F7800
;TYPE:External perimeter
G1 F1800
G1 X139.775 Y7.575 E2.01569
G1 X139.775 Y17.371 E.33158
G1 X139.825 Y17.505 E.00484
G1 X139.976 Y17.575 E.00563
G1 X187.907 Y17.575 E1.6224
G1 X217.775 Y47.443 E1.42976
G1 X217.775 Y171.257 E4.19095
G1 X187.907 Y201.125 E1.42976
G1 X32.093 Y201.125 E5.27411
G1 X2.225 Y171.257 E1.42976
G1 X2.225 Y47.443 E4.19095
G1 X32.093 Y17.575 E1.42976
G1 X80.021 Y17.575 E1.6223
G1 X80.155 Y17.525 E.00484
G1 X80.225 Y17.371 E.00573
G1 X80.225 Y7.635 E.32955
G1 X80.621 Y7.576 F7800
G1 X81.445 Y8.103
;TYPE:Solid infill
;WIDTH:0.38292
G1 F1200
G1 X81.374 Y8.084 E.00208
G1 X81.393 Y8.155 E.00208
G1 X81.434 Y8.144 E.0012
;WIDTH:0.41646
G1 X81.341 Y8.216 E.00365
;WIDTH:0.449999
G1 X80.937 Y8.598 E.01882
G1 X80.919 Y8.398 E.0068
;WIDTH:0.41646
G1 X80.901 Y8.199 E.00621
;WIDTH:0.38292
G1 X80.83 Y8.18 E.00208
G1 X80.849 Y8.251 E.00208
G1 X80.89 Y8.24 E.0012
G1 X81.824 Y8.287 F7800
;WIDTH:0.449999
G1 F1200
G1 X80.937 Y9.174 E.04246
G1 X80.937 Y9.75 E.0195
G1 X82.399 Y8.287 E.07001
G1 X82.975 Y8.287 E.0195
G1 X80.937 Y10.325 E.09756
G1 X80.937 Y10.901 E.0195
G1 X83.551 Y8.287 E.12513
G1 X84.126 Y8.287 E.01946
G1 X80.937 Y11.477 E.15268
G1 X80.936 Y12.053 E.0195
G1 X84.702 Y8.287 E.18028
G1 X85.278 Y8.287 E.0195
G1 X80.936 Y12.629 E.20785
G1 X80.936 Y13.205 E.0195
G1 X85.853 Y8.287 E.2354
G1 X86.429 Y8.287 E.0195
G1 X80.936 Y13.781 E.26297
G1 X80.936 Y14.356 E.01946
G1 X87.005 Y8.287 E.29052
G1 X87.58 Y8.287 E.01946
G1 X80.936 Y14.932 E.31807
G1 X80.935 Y15.508 E.0195
G1 X88.156 Y8.287 E.34566
G1 X88.732 Y8.287 E.0195
G1 X80.935 Y16.084 E.37324
G1 X80.935 Y16.66 E.0195
G1 X89.308 Y8.287 E.40081
G1 X90.212 Y8.157 F7800
;WIDTH:0.38292
G1 F1200
G1 X90.141 Y8.138 E.00208
G1 X90.16 Y8.209 E.00208
G1 X90.201 Y8.198 E.0012
;WIDTH:0.41646
G1 X90.042 Y8.243 E.00513
;WIDTH:0.449999
G1 X89.883 Y8.287 E.00558
G1 X80.935 Y17.236 E.42836
G1 X80.891 Y17.374 E.0049
;WIDTH:0.41646
G1 X80.847 Y17.512 E.0045
;WIDTH:0.38292
G1 X80.776 Y17.493 E.00208
G1 X80.795 Y17.565 E.00211
G1 X80.836 Y17.554 E.0012
G1 E-2 F2400
G1 X2.836 Y47.696 F7800
G1 E2 F2400
G1 F1200
G1 X32.346 Y18.186 E1.17985
;WIDTH:0.41646
G1 X32.511 Y18.236 E.00536
;WIDTH:0.449999
G1 X32.676 Y18.287 E.00585
G1 X2.937 Y48.026 E1.42359
G1 X2.937 Y48.602 E.0195
G1 X33.252 Y18.287 E1.45116
G1 X33.828 Y18.287 E.0195
G1 X2.937 Y49.178 E1.47873
G1 X2.937 Y49.753 E.01946
G1 X34.404 Y18.287 E1.50628
G1 X34.979 Y18.287 E.01946
G1 X2.937 Y50.329 E1.53383
G1 X2.937 Y50.905 E.0195
G1 X35.555 Y18.287 E1.5614
G1 X36.131 Y18.287 E.0195
G1 X2.937 Y51.48 E1.58895
G1 X2.937 Y52.056 E.0195
G1 X36.707 Y18.287 E1.61652
G1 X37.282 Y18.287 E.01946
G1 X2.937 Y52.632 E1.64407
G1 X2.937 Y53.207 E.01946
G1 X37.858 Y18.287 E1.67162
G1 X38.434 Y18.286 E.0195
G1 X2.937 Y53.783 E1.69922
G1 X2.937 Y54.359 E.0195
G1 X39.01 Y18.286 E1.72679
G1 X39.586 Y18.286 E.0195
G1 X2.937 Y54.934 E1.75434
G1 X2.937 Y55.51 E.0195
G1 X40.161 Y18.286 E1.78189
G1 X40.737 Y18.286 E.0195
G1 X2.937 Y56.086 E1.80946
G1 X2.937 Y56.662 E.0195
G1 X41.313 Y18.286 E1.83704
G1 X41.889 Y18.286 E.0195
G1 X2.937 Y57.237 E1.86458
G1 X2.937 Y57.813 E.0195
G1 X42.464 Y18.286 E1.89213
G1 X43.04 Y18.286 E.0195
G1 X2.937 Y58.389 E1.91971
G1 X2.937 Y58.964 E.01946
G1 X43.616 Y18.286 E1.94725
G1 X44.192 Y18.286 E.0195
G1 X2.937 Y59.54 E1.97483
G1 X2.937 Y60.116 E.0195
G1 X44.768 Y18.286 E2.0024
G1 X45.343 Y18.285 E.01946
G1 X2.937 Y60.691 E2.02995
G1 X2.937 Y61.267 E.0195
G1 X45.919 Y18.285 E2.05752
G1 X46.495 Y18.285 E.0195
G1 X2.937 Y61.843 E2.08509
G1 X2.937 Y62.419 E.0195
G1 X47.071 Y18.285 E2.11267
G1 X47.647 Y18.285 E.0195
G1 X2.937 Y62.994 E2.14022
G1 X2.937 Y63.57 E.0195
G1 X48.222 Y18.285 E2.16776
G1 X48.798 Y18.285 E.0195
G1 X2.937 Y64.146 E2.19534
G1 X2.937 Y64.721 E.01946
G1 X49.374 Y18.285 E2.22289
G1 X49.95 Y18.285 E.0195
G1 X2.937 Y65.297 E2.25046
G1 X2.937 Y65.873 E.0195
G1 X50.525 Y18.285 E2.27801
G1 X51.101 Y18.285 E.0195
G1 X2.937 Y66.448 E2.30556
G1 X2.937 Y67.024 E.0195
G1 X51.677 Y18.285 E2.33313
G1 X52.253 Y18.284 E.0195
G1 X2.937 Y67.6 E2.36073
G1 X2.937 Y68.175 E.01946
G1 X52.829 Y18.284 E2.38827
G1 X53.404 Y18.284 E.01946
G1 X2.937 Y68.751 E2.41582
G1 X2.937 Y69.327 E.0195
G1 X53.98 Y18.284 E2.4434
G1 X54.556 Y18.284 E.0195
G1 X2.937 Y69.903 E2.47097
G1 X2.937 Y70.478 E.01946
G1 X55.132 Y18.284 E2.49852
G1 X55.707 Y18.284 E.01946
G1 X2.937 Y71.054 E2.52607
G1 X2.937 Y71.63 E.0195
G1 X56.283 Y18.284 E2.55364
G1 X56.859 Y18.284 E.0195
G1 X2.937 Y72.205 E2.58119
G1 X2.937 Y72.781 E.0195
G1 X57.435 Y18.284 E2.60876
G1 X58.011 Y18.284 E.0195
G1 X2.937 Y73.357 E2.63633
G1 X2.937 Y73.932 E.01946
G1 X58.586 Y18.283 E2.66388
G1 X59.162 Y18.283 E.0195
G1 X2.937 Y74.508 E2.69146
G1 X2.937 Y75.084 E.0195
G1 X59.738 Y18.283 E2.71903
G1 X60.314 Y18.283 E.0195
G1 X2.937 Y75.66 E2.7466
G1 X2.937 Y76.235 E.01946
G1 X60.889 Y18.283 E2.77413
G1 X61.465 Y18.283 E.0195
G1 X2.937 Y76.811 E2.8017
G1 X2.937 Y77.387 E.0195
G1 X62.041 Y18.283 E2.82927
G1 X62.617 Y18.283 E.0195
G1 X2.937 Y77.962 E2.85682
G1 X2.937 Y78.538 E.0195
G1 X63.193 Y18.283 E2.88439
G1 X63.768 Y18.283 E.01946
G1 X2.937 Y79.114 E2.91194
G1 X2.937 Y79.689 E.01946
G1 X64.344 Y18.283 E2.93949
G1 X64.92 Y18.283 E.0195
G1 X2.937 Y80.265 E2.96706
G1 X2.937 Y80.841 E.0195
G1 X65.496 Y18.282 E2.99466
G1 X66.072 Y18.282 E.0195
G1 X2.937 Y81.417 E3.02223
G1 X2.937 Y81.992 E.01946
G1 X66.647 Y18.282 E3.04976
G1 X67.223 Y18.282 E.0195
G1 X2.937 Y82.568 E3.07733
G1 X2.937 Y83.144 E.0195
G1 X67.799 Y18.282 E3.1049
G1 X68.375 Y18.282 E.0195
G1 X2.937 Y83.719 E3.13245
G1 X2.937 Y84.295 E.0195
G1 X68.95 Y18.282 E3.16
G1 X69.526 Y18.282 E.0195
G1 X2.937 Y84.871 E3.18757
G1 X2.937 Y85.446 E.01946
G1 X70.102 Y18.282 E3.21512
G1 X70.678 Y18.282 E.0195
G1 X2.937 Y86.022 E3.2427
G1 X2.937 Y86.598 E.0195
G1 X71.254 Y18.282 E3.27027
G1 X71.829 Y18.282 E.01946
G1 X2.937 Y87.173 E3.29779
G1 X2.937 Y87.749 E.0195
G1 X72.405 Y18.281 E3.32539
G1 X72.981 Y18.281 E.0195
G1 X2.937 Y88.325 E3.35296
G1 X2.937 Y88.901 E.0195
G1 X73.557 Y18.281 E3.38054
G1 X74.132 Y18.281 E.01946
G1 X2.937 Y89.476 E3.40806
G1 X2.937 Y90.052 E.0195
G1 X74.708 Y18.281 E3.43563
G1 X75.284 Y18.281 E.0195
G1 X2.937 Y90.628 E3.46321
G1 X2.937 Y91.203 E.01946
G1 X75.86 Y18.281 E3.49075
G1 X76.436 Y18.281 E.0195
G1 X2.937 Y91.779 E3.51833
G1 X2.937 Y92.355 E.0195
G1 X77.011 Y18.281 E3.54588
G1 X77.587 Y18.281 E.0195
G1 X2.937 Y92.93 E3.57342
G1 X2.937 Y93.506 E.0195
G1 X78.163 Y18.281 E3.601
G1 X78.739 Y18.281 E.0195
G1 X2.937 Y94.082 E3.62857
G1 X2.937 Y94.658 E.0195
G1 X79.315 Y18.28 E3.65617
G1 X79.89 Y18.28 E.01946
G1 X2.937 Y95.233 E3.68369
G1 X2.937 Y95.809 E.0195
G1 X90.459 Y8.287 E4.18962
G1 X90.552 Y8.216 E.00396
;WIDTH:0.41646
G1 X90.645 Y8.144 E.00365
;WIDTH:0.38292
G1 X90.604 Y8.155 E.0012
G1 X90.585 Y8.084 E.00208
G1 X90.656 Y8.103 E.00208
;WIDTH:0.449999
G1 X91.035 Y8.287 E.01426
G1 X2.937 Y96.385 E4.2172
G1 X2.937 Y96.96 E.01946
G1 X91.61 Y8.287 E4.24472
G1 X92.186 Y8.287 E.0195
G1 X2.937 Y97.536 E4.27229
G1 X2.937 Y98.112 E.0195
G1 X92.762 Y8.287 E4.29987
G1 X93.337 Y8.287 E.01946
G1 X2.937 Y98.687 E4.32739
G1 X2.937 Y99.263 E.0195
G1 X93.913 Y8.287 E4.35496
G1 X94.489 Y8.287 E.0195
G1 X2.937 Y99.839 E4.38254
G1 X2.937 Y100.414 E.01946
G1 X95.065 Y8.287 E4.41009
G1 X95.64 Y8.287 E.01946
G1 X2.937 Y100.99 E4.43763
G1 X2.937 Y101.566 E.0195
G1 X96.216 Y8.287 E4.46521
G1 X96.792 Y8.287 E.0195
G1 X2.937 Y102.142 E4.49278
G1 X2.937 Y102.717 E.01946
G1 X97.367 Y8.287 E4.52031
G1 X97.943 Y8.287 E.0195
G1 X2.937 Y103.293 E4.54788
G1 X2.937 Y103.869 E.0195
G1 X98.519 Y8.287 E4.57545
G1 X99.094 Y8.287 E.01946
G1 X2.937 Y104.444 E4.60298
G1 X2.937 Y105.02 E.0195
G1 X99.67 Y8.287 E4.63055
G1 X100.246 Y8.287 E.0195
G1 X2.937 Y105.596 E4.65812
G1 X2.937 Y106.171 E.01946
G1 X100.821 Y8.287 E4.68565
G1 X101.397 Y8.287 E.0195
G1 X2.937 Y106.747 E4.71322
G1 X2.937 Y107.323 E.0195
G1 X101.973 Y8.287 E4.74079
G1 X102.549 Y8.287 E.0195
G1 X2.937 Y107.899 E4.76836
G1 X2.937 Y108.474 E.01946
G1 X103.124 Y8.287 E4.79589
G1 X103.7 Y8.287 E.0195
G1 X2.937 Y109.05 E4.82346
G1 X2.937 Y109.626 E.0195
G1 X104.276 Y8.287 E4.85103
G1 X104.851 Y8.287 E.01946
G1 X2.937 Y110.201 E4.87856
G1 X2.937 Y110.777 E.0195
G1 X105.427 Y8.287 E4.90613
G1 X106.003 Y8.287 E.0195
G1 X2.937 Y111.353 E4.93371
G1 X2.937 Y111.928 E.01946
G1 X106.578 Y8.287 E4.96123
G1 X107.154 Y8.287 E.0195
G1 X2.937 Y112.504 E4.9888
G1 X2.937 Y113.08 E.0195
G1 X107.73 Y8.287 E5.01638
G1 X108.306 Y8.287 E.0195
G1 X2.937 Y113.656 E5.04395
G1 X2.937 Y114.231 E.01946
G1 X108.881 Y8.287 E5.07147
G1 X109.457 Y8.287 E.0195
G1 X2.937 Y114.807 E5.09905
G1 X2.937 Y115.383 E.0195
G1 X110.033 Y8.287 E5.12662
G1 X110.608 Y8.287 E.01946
G1 X2.937 Y115.958 E5.15414
G1 X2.937 Y116.534 E.0195
G1 X111.184 Y8.287 E5.18172
G1 X111.76 Y8.287 E.0195
G1 X2.937 Y117.11 E5.20929
G1 X2.937 Y117.685 E.01946
G1 X112.335 Y8.287 E5.23681
G1 X112.911 Y8.287 E.0195
G1 X2.937 Y118.261 E5.26439
G1 X2.937 Y118.837 E.0195
G1 X113.487 Y8.287 E5.29196
G1 X114.063 Y8.287 E.0195
G1 X2.937 Y119.412 E5.31951
G1 X2.937 Y119.988 E.0195
G1 X114.638 Y8.287 E5.34706
G1 X115.214 Y8.287 E.0195
G1 X2.937 Y120.564 E5.37463
G1 X2.937 Y121.14 E.0195
G1 X115.79 Y8.287 E5.4022
G1 X116.365 Y8.287 E.01946
G1 X2.937 Y121.715 E5.42973
G1 X2.937 Y122.291 E.0195
G1 X116.941 Y8.287 E5.4573
G1 X117.517 Y8.287 E.0195
G1 X2.937 Y122.867 E5.48487
G1 X2.937 Y123.442 E.01946
G1 X118.092 Y8.287 E5.5124
G1 X118.668 Y8.287 E.0195
G1 X2.937 Y124.018 E5.53997
G1 X2.937 Y124.594 E.0195
G1 X119.244 Y8.287 E5.56754
G1 X119.819 Y8.287 E.01946
G1 X2.937 Y125.169 E5.59507
G1 X2.937 Y125.745 E.0195
G1 X120.395 Y8.287 E5.62264
G1 X120.971 Y8.287 E.0195
G1 X2.937 Y126.321 E5.65021
G1 X2.937 Y126.897 E.0195
G1 X121.547 Y8.287 E5.67779
G1 X122.122 Y8.287 E.01946
G1 X2.937 Y127.472 E5.70531
G1 X2.937 Y128.048 E.0195
G1 X122.698 Y8.287 E5.73288
G1 X123.274 Y8.287 E.0195
G1 X2.937 Y128.624 E5.76046
G1 X2.937 Y129.199 E.01946
G1 X123.849 Y8.287 E5.78798
G1 X124.425 Y8.287 E.0195
G1 X2.937 Y129.775 E5.81555
G1 X2.937 Y130.351 E.0195
G1 X125.001 Y8.287 E5.84313
G1 X125.576 Y8.287 E.01946
G1 X2.937 Y130.926 E5.87065
G1 X2.937 Y131.502 E.0195
G1 X126.152 Y8.287 E5.89823
G1 X126.728 Y8.287 E.0195
G1 X2.937 Y132.078 E5.9258
G1 X2.937 Y132.654 E.0195
G1 X127.304 Y8.287 E5.95337
G1 X127.879 Y8.287 E.01946
G1 X2.937 Y133.229 E5.9809
G1 X2.937 Y133.805 E.0195
G1 X128.455 Y8.287 E6.00847
G1 X129.031 Y8.287 E.0195
G1 X2.937 Y134.381 E6.03604
G1 X2.937 Y134.956 E.01946
G1 X129.606 Y8.287 E6.06357
G1 X130.182 Y8.287 E.0195
G1 X2.937 Y135.532 E6.09114
G1 X2.937 Y136.108 E.0195
G1 X130.758 Y8.287 E6.11871
G1 X131.333 Y8.287 E.01946
G1 X2.937 Y136.683 E6.14624
G1 X2.937 Y137.259 E.0195
G1 X131.909 Y8.287 E6.17381
G1 X132.485 Y8.287 E.0195
G1 X2.937 Y137.835 E6.20138
G1 X2.937 Y138.41 E.01946
G1 X133.061 Y8.287 E6.22893
G1 X133.636 Y8.287 E.01946
G1 X2.937 Y138.986 E6.25648
G1 X2.937 Y139.562 E.0195
G1 X134.212 Y8.287 E6.28405
G1 X134.788 Y8.287 E.0195
G1 X2.937 Y140.138 E6.31163
G1 X2.937 Y140.713 E.01946
G1 X135.363 Y8.287 E6.33915
G1 X135.939 Y8.287 E.0195
G1 X2.937 Y141.289 E6.36672
G1 X2.937 Y141.865 E.0195
G1 X136.515 Y8.287 E6.3943
G1 X137.09 Y8.287 E.01946
G1 X2.937 Y142.44 E6.42182
G1 X2.937 Y143.016 E.0195
G1 X137.666 Y8.287 E6.44939
G1 X138.242 Y8.287 E.0195
G1 X2.937 Y143.592 E6.47697
G1 X2.937 Y144.167 E.01946
G1 X138.817 Y8.287 E6.50449
G1 X139.063 Y8.618 E.01396
G1 X2.937 Y144.743 E6.51624
G1 X2.937 Y145.319 E.0195
G1 X139.063 Y9.193 E6.51627
G1 X139.063 Y9.769 E.0195
G1 X2.937 Y145.895 E6.51627
G1 X2.937 Y146.47 E.01946
G1 X139.063 Y10.344 E6.51627
G1 X139.063 Y10.92 E.0195
G1 X2.937 Y147.046 E6.51627
G1 X2.937 Y147.622 E.0195
G1 X139.063 Y11.496 E6.51627
G1 X139.064 Y12.071 E.01946
G1 X2.937 Y148.197 E6.51629
G1 X2.937 Y148.773 E.0195
G1 X139.064 Y12.647 E6.51629
G1 X139.064 Y13.222 E.01946
G1 X2.937 Y149.349 E6.51631
G1 X2.937 Y149.924 E.01946
G1 X139.064 Y13.798 E6.51629
G1 X139.064 Y14.373 E.01946
G1 X2.937 Y150.5 E6.51631
G1 X2.937 Y151.076 E.0195
G1 X139.064 Y14.949 E6.51631
G1 X139.065 Y15.524 E.01946
G1 X2.937 Y151.651 E6.51634
G1 X2.937 Y152.227 E.0195
G1 X139.065 Y16.1 E6.51634
G1 X139.065 Y16.676 E.0195
G1 X2.937 Y152.803 E6.51634
G1 X2.937 Y153.379 E.0195
G1 X139.065 Y17.251 E6.51636
G1 X139.144 Y17.748 E.01703
G1 X2.937 Y153.954 E6.52012
G1 X2.937 Y154.53 E.0195
G1 X139.399 Y18.068 E6.53235
G1 X139.785 Y18.258 E.01456
G1 X2.937 Y155.106 E6.55083
G1 X2.937 Y155.681 E.01946
G1 X140.338 Y18.28 E6.5773
G1 X140.914 Y18.28 E.0195
G1 X2.937 Y156.257 E6.60487
G1 X2.937 Y156.833 E.0195
G1 X141.49 Y18.281 E6.63242
G1 X142.065 Y18.281 E.01946
G1 X2.937 Y157.408 E6.65995
G1 X2.937 Y157.984 E.0195
G1 X142.641 Y18.281 E6.68752
G1 X143.216 Y18.281 E.01946
G1 X2.937 Y158.56 E6.71507
G1 X2.937 Y159.136 E.0195
G1 X143.792 Y18.281 E6.74264
G1 X144.368 Y18.281 E.0195
G1 X2.937 Y159.711 E6.77019
G1 X2.937 Y160.287 E.0195
G1 X144.943 Y18.281 E6.79774
G1 X145.519 Y18.281 E.0195
G1 X2.937 Y160.863 E6.82531
G1 X2.937 Y161.438 E.01946
G1 X146.095 Y18.281 E6.85286
G1 X146.67 Y18.281 E.01946
G1 X2.937 Y162.014 E6.88041
G1 X2.937 Y162.59 E.0195
G1 X147.246 Y18.281 E6.90798
G1 X147.821 Y18.281 E.01946
G1 X2.937 Y163.165 E6.93551
G1 X2.937 Y163.741 E.0195
G1 X148.397 Y18.282 E6.96306
G1 X148.973 Y18.282 E.0195
G1 X2.937 Y164.317 E6.99063
G1 X2.937 Y164.893 E.0195
G1 X149.548 Y18.282 E7.01818
G1 X150.124 Y18.282 E.0195
G1 X2.937 Y165.468 E7.04573
G1 X2.937 Y166.044 E.0195
G1 X150.699 Y18.282 E7.07327
G1 X151.275 Y18.282 E.0195
G1 X2.937 Y166.62 E7.10085
G1 X2.937 Y167.195 E.01946
G1 X151.851 Y18.282 E7.1284
G1 X152.426 Y18.282 E.01946
G1 X2.937 Y167.771 E7.15595
G1 X2.937 Y168.347 E.0195
G1 X153.002 Y18.282 E7.18352
G1 X153.577 Y18.282 E.01946
G1 X2.937 Y168.922 E7.21104
G1 X2.937 Y169.498 E.0195
G1 X154.153 Y18.282 E7.23862
G1 X154.729 Y18.283 E.0195
G1 X2.937 Y170.074 E7.26616
G1 X2.821 Y171.052 F7800
;WIDTH:0.38292
G1 F1200
G1 X2.78 Y171.063 E.0012
G1 X2.761 Y170.992 E.00208
G1 X2.832 Y171.011 E.00208
;WIDTH:0.41646
G1 X2.885 Y170.83 E.00586
;WIDTH:0.449999
G1 X2.937 Y170.649 E.00637
G1 X155.304 Y18.283 E7.29369
G1 X155.88 Y18.283 E.0195
G1 X3.069 Y171.093 E7.31494
G1 X3.357 Y171.381 E.01379
G1 X156.456 Y18.283 E7.32873
G1 X157.031 Y18.283 E.01946
G1 X3.645 Y171.669 E7.34249
G1 X3.933 Y171.957 E.01379
G1 X157.607 Y18.283 E7.35628
G1 X158.182 Y18.283 E.01946
G1 X4.221 Y172.245 E7.37004
G1 X4.508 Y172.533 E.01376
G1 X158.758 Y18.283 E7.38385
G1 X159.334 Y18.283 E.0195
G1 X4.796 Y172.821 E7.39764
G1 X5.084 Y173.108 E.01376
G1 X159.909 Y18.283 E7.41138
G1 X160.485 Y18.283 E.0195
G1 X5.372 Y173.396 E7.42516
G1 X5.66 Y173.684 E.01379
G1 X161.06 Y18.283 E7.43892
G1 X161.636 Y18.284 E.0195
G1 X5.948 Y173.972 E7.45269
G1 X6.235 Y174.26 E.01376
G1 X162.212 Y18.284 E7.4665
G1 X162.787 Y18.284 E.01946
G1 X6.523 Y174.548 E7.48026
G1 X6.811 Y174.835 E.01376
G1 X163.363 Y18.284 E7.49402
G1 X163.938 Y18.284 E.01946
G1 X7.099 Y175.123 E7.50779
G1 X7.387 Y175.411 E.01379
G1 X164.514 Y18.284 E7.52157
G1 X165.09 Y18.284 E.0195
G1 X7.675 Y175.699 E7.53536
G1 X7.963 Y175.987 E.01379
G1 X165.665 Y18.284 E7.54912
G1 X166.241 Y18.284 E.0195
G1 X8.25 Y176.275 E7.56293
G1 X8.538 Y176.563 E.01379
G1 X166.817 Y18.284 E7.57672
G1 X167.392 Y18.284 E.01946
G1 X8.826 Y176.85 E7.59046
G1 X9.114 Y177.138 E.01379
G1 X167.968 Y18.284 E7.60424
G1 X168.543 Y18.285 E.01946
G1 X9.402 Y177.426 E7.61798
G1 X9.69 Y177.714 E.01379
G1 X169.119 Y18.285 E7.63177
G1 X169.695 Y18.285 E.0195
G1 X9.977 Y178.002 E7.64558
G1 X10.265 Y178.29 E.01379
G1 X170.27 Y18.285 E7.65934
G1 X170.846 Y18.285 E.0195
G1 X10.553 Y178.578 E7.67313
G1 X10.841 Y178.865 E.01376
G1 X171.421 Y18.285 E7.68686
G1 X171.997 Y18.285 E.0195
G1 X11.129 Y179.153 E7.70065
G1 X11.417 Y179.441 E.01379
G1 X172.573 Y18.285 E7.71444
G1 X173.148 Y18.285 E.01946
G1 X11.705 Y179.729 E7.7282
G1 X11.992 Y180.017 E.01376
G1 X173.724 Y18.285 E7.74201
G1 X174.3 Y18.285 E.0195
G1 X12.28 Y180.305 E7.7558
G1 X12.568 Y180.592 E.01376
G1 X174.875 Y18.285 E7.76953
G1 X175.451 Y18.286 E.0195
G1 X12.856 Y180.88 E7.7833
G1 X13.144 Y181.168 E.01379
G1 X176.026 Y18.286 E7.79706
G1 X176.602 Y18.286 E.0195
G1 X13.432 Y181.456 E7.81085
G1 X13.719 Y181.744 E.01376
G1 X177.178 Y18.286 E7.82466
G1 X177.753 Y18.286 E.01946
G1 X14.007 Y182.032 E7.83842
G1 X14.295 Y182.32 E.01379
G1 X178.329 Y18.286 E7.85221
G1 X178.904 Y18.286 E.01946
G1 X14.583 Y182.607 E7.86594
G1 X14.871 Y182.895 E.01379
G1 X179.48 Y18.286 E7.87973
G1 X180.056 Y18.286 E.0195
G1 X15.159 Y183.183 E7.89352
G1 X15.447 Y183.471 E.01379
G1 X180.631 Y18.286 E7.90728
G1 X181.207 Y18.286 E.0195
G1 X15.734 Y183.759 E7.92109
G1 X16.022 Y184.047 E.01379
G1 X181.782 Y18.287 E7.93483
G1 X182.358 Y18.287 E.0195
G1 X16.31 Y184.334 E7.94859
G1 X16.598 Y184.622 E.01379
G1 X182.934 Y18.287 E7.96238
G1 X183.509 Y18.287 E.01946
G1 X16.886 Y184.91 E7.97614
G1 X17.174 Y185.198 E.01379
G1 X184.085 Y18.287 E7.98993
G1 X184.661 Y18.287 E.0195
G1 X17.462 Y185.486 E8.00371
G1 X17.749 Y185.774 E.01376
G1 X185.236 Y18.287 E8.0175
G1 X185.812 Y18.287 E.0195
G1 X18.037 Y186.062 E8.03128
G1 X18.325 Y186.349 E.01376
G1 X186.387 Y18.287 E8.04502
G1 X186.963 Y18.287 E.0195
G1 X18.613 Y186.637 E8.05881
G1 X18.901 Y186.925 E.01379
G1 X187.539 Y18.287 E8.0726
G1 X187.863 Y18.539 E.01389
G1 X19.189 Y187.213 E8.07432
G1 X19.476 Y187.501 E.01376
G1 X188.151 Y18.826 E8.07437
G1 X188.439 Y19.114 E.01379
G1 X19.764 Y187.789 E8.07437
G1 X20.052 Y188.077 E.01379
G1 X188.727 Y19.402 E8.07437
G1 X189.014 Y19.69 E.01376
G1 X20.34 Y188.364 E8.07432
G1 X20.628 Y188.652 E.01379
G1 X189.302 Y19.978 E8.07432
G1 X189.59 Y20.266 E.01379
G1 X20.916 Y188.94 E8.07432
G1 X21.204 Y189.228 E.01379
G1 X189.878 Y20.554 E8.07432
G1 X190.166 Y20.841 E.01376
G1 X21.491 Y189.516 E8.07437
G1 X21.779 Y189.804 E.01379
G1 X190.454 Y21.129 E8.07437
G1 X190.741 Y21.417 E.01376
G1 X22.067 Y190.091 E8.07432
G1 X22.355 Y190.379 E.01379
G1 X191.029 Y21.705 E8.07432
G1 X191.317 Y21.993 E.01379
G1 X22.643 Y190.667 E8.07432
G1 X22.931 Y190.955 E.01379
G1 X191.605 Y22.281 E8.07432
G1 X191.893 Y22.569 E.01379
G1 X23.218 Y191.243 E8.07434
G1 X23.506 Y191.531 E.01379
G1 X192.181 Y22.856 E8.07437
G1 X192.469 Y23.144 E.01379
G1 X23.794 Y191.819 E8.07437
G1 X24.082 Y192.106 E.01376
G1 X192.756 Y23.432 E8.07432
G1 X193.044 Y23.72 E.01379
G1 X24.37 Y192.394 E8.07432
G1 X24.658 Y192.682 E.01379
G1 X193.332 Y24.008 E8.07432
G1 X193.62 Y24.296 E.01379
G1 X24.946 Y192.97 E8.07432
G1 X25.233 Y193.258 E.01376
G1 X193.908 Y24.583 E8.07437
G1 X194.196 Y24.871 E.01379
G1 X25.521 Y193.546 E8.07437
G1 X25.809 Y193.833 E.01376
G1 X194.483 Y25.159 E8.07432
G1 X194.771 Y25.447 E.01379
G1 X26.097 Y194.121 E8.07432
G1 X26.385 Y194.409 E.01379
G1 X195.059 Y25.735 E8.07432
G1 X195.347 Y26.023 E.01379
G1 X26.673 Y194.697 E8.07432
G1 X26.961 Y194.985 E.01379
G1 X195.635 Y26.311 E8.07432
G1 X195.923 Y26.598 E.01376
G1 X27.248 Y195.273 E8.07437
G1 X27.536 Y195.561 E.01379
G1 X196.211 Y26.886 E8.07437
G1 X196.498 Y27.174 E.01376
G1 X27.824 Y195.848 E8.07432
G1 X28.112 Y196.136 E.01379
G1 X196.786 Y27.462 E8.07432
G1 X197.074 Y27.75 E.01379
G1 X28.4 Y196.424 E8.07432
G1 X28.688 Y196.712 E.01379
G1 X197.362 Y28.038 E8.07432
G1 X197.65 Y28.325 E.01376
G1 X28.975 Y197 E8.07437
G1 X29.263 Y197.288 E.01379
G1 X197.938 Y28.613 E8.07437
G1 X198.226 Y28.901 E.01379
G1 X29.551 Y197.575 E8.07434
G1 X29.839 Y197.863 E.01379
G1 X198.513 Y29.189 E8.07432
G1 X198.801 Y29.477 E.01379
G1 X30.127 Y198.151 E8.07432
G1 X30.415 Y198.439 E.01379
G1 X199.089 Y29.765 E8.07432
G1 X199.377 Y30.053 E.01379
G1 X30.703 Y198.727 E8.07432
G1 X30.99 Y199.015 E.01376
G1 X199.665 Y30.34 E8.07437
G1 X199.953 Y30.628 E.01379
G1 X31.278 Y199.303 E8.07437
G1 X31.566 Y199.59 E.01376
G1 X200.24 Y30.916 E8.07432
G1 X200.528 Y31.204 E.01379
G1 X31.854 Y199.878 E8.07432
G1 X32.142 Y200.166 E.01379
G1 X200.816 Y31.492 E8.07432
G1 X201.104 Y31.78 E.01379
G1 X32.471 Y200.413 E8.07236
G1 X33.047 Y200.413 E.0195
G1 X201.392 Y32.068 E8.05857
G1 X201.68 Y32.355 E.01376
G1 X33.622 Y200.413 E8.04483
G1 X34.198 Y200.413 E.0195
G1 X201.968 Y32.643 E8.03105
G1 X202.255 Y32.931 E.01376
G1 X34.774 Y200.413 E8.01723
G1 X35.349 Y200.413 E.01946
G1 X202.543 Y33.219 E8.00347
G1 X202.831 Y33.507 E.01379
G1 X35.925 Y200.413 E7.98969
G1 X36.501 Y200.413 E.0195
G1 X203.119 Y33.795 E7.9759
G1 X203.407 Y34.082 E.01376
G1 X37.077 Y200.413 E7.96214
G1 X37.652 Y200.413 E.01946
G1 X203.695 Y34.37 E7.94837
G1 X203.982 Y34.658 E.01376
G1 X38.228 Y200.413 E7.93456
G1 X38.804 Y200.413 E.0195
G1 X204.27 Y34.946 E7.92078
G1 X204.558 Y35.234 E.01379
G1 X39.379 Y200.413 E7.90702
G1 X39.955 Y200.413 E.0195
G1 X204.846 Y35.522 E7.89323
G1 X205.134 Y35.81 E.01379
G1 X40.531 Y200.413 E7.87944
G1 X41.106 Y200.413 E.01946
G1 X205.422 Y36.097 E7.8657
G1 X205.71 Y36.385 E.01379
G1 X41.682 Y200.413 E7.85192
G1 X42.258 Y200.413 E.0195
G1 X205.997 Y36.673 E7.83811
G1 X206.285 Y36.961 E.01379
G1 X42.834 Y200.413 E7.82432
G1 X43.409 Y200.413 E.01946
G1 X206.573 Y37.249 E7.81056
G1 X206.861 Y37.537 E.01379
G1 X43.985 Y200.413 E7.79677
G1 X44.561 Y200.413 E.0195
G1 X207.149 Y37.824 E7.78301
G1 X207.437 Y38.112 E.01379
G1 X45.136 Y200.413 E7.76925
G1 X45.712 Y200.413 E.0195
G1 X207.725 Y38.4 E7.75546
G1 X208.012 Y38.688 E.01376
G1 X46.288 Y200.413 E7.74165
G1 X46.863 Y200.413 E.01946
G1 X208.3 Y38.976 E7.72789
G1 X208.588 Y39.264 E.01379
G1 X47.439 Y200.413 E7.7141
G1 X48.015 Y200.413 E.0195
G1 X208.876 Y39.552 E7.70032
G1 X209.164 Y39.839 E.01376
G1 X48.591 Y200.413 E7.68655
G1 X49.166 Y200.413 E.01946
G1 X209.452 Y40.127 E7.67279
G1 X209.739 Y40.415 E.01376
G1 X49.742 Y200.413 E7.65898
G1 X50.318 Y200.413 E.0195
G1 X210.027 Y40.703 E7.64519
G1 X210.315 Y40.991 E.01379
G1 X50.893 Y200.413 E7.63143
G1 X51.469 Y200.413 E.0195
G1 X210.603 Y41.279 E7.61765
G1 X210.891 Y41.567 E.01379
G1 X52.045 Y200.413 E7.60386
G1 X52.62 Y200.413 E.01946
G1 X211.179 Y41.854 E7.59012
G1 X211.467 Y42.142 E.01379
G1 X53.196 Y200.413 E7.57633
G1 X53.772 Y200.413 E.0195
G1 X211.754 Y42.43 E7.56252
G1 X212.042 Y42.718 E.01379
G1 X54.347 Y200.413 E7.54876
G1 X54.923 Y200.413 E.0195
G1 X212.33 Y43.006 E7.53497
G1 X212.618 Y43.294 E.01379
G1 X55.499 Y200.413 E7.52119
G1 X56.075 Y200.413 E.0195
G1 X212.906 Y43.581 E7.50743
G1 X213.194 Y43.869 E.01379
G1 X56.65 Y200.413 E7.49366
G1 X57.226 Y200.413 E.0195
G1 X213.481 Y44.157 E7.47985
G1 X213.769 Y44.445 E.01379
G1 X57.802 Y200.413 E7.46607
G1 X58.377 Y200.413 E.01946
G1 X214.057 Y44.733 E7.4523
G1 X214.345 Y45.021 E.01379
G1 X58.953 Y200.413 E7.43852
G1 X59.529 Y200.413 E.0195
G1 X214.633 Y45.309 E7.42473
G1 X214.921 Y45.596 E.01376
G1 X60.104 Y200.413 E7.41099
G1 X60.68 Y200.413 E.0195
G1 X215.209 Y45.884 E7.39721
G1 X215.496 Y46.172 E.01376
G1 X61.256 Y200.413 E7.3834
G1 X61.832 Y200.413 E.0195
G1 X215.784 Y46.46 E7.36961
G1 X216.072 Y46.748 E.01379
G1 X62.407 Y200.413 E7.35585
G1 X62.983 Y200.413 E.0195
G1 X216.36 Y47.036 E7.34206
G1 X216.648 Y47.323 E.01376
G1 X63.559 Y200.413 E7.3283
G1 X64.134 Y200.413 E.01946
G1 X216.936 Y47.611 E7.31454
G1 X217.063 Y48.06 E.01579
G1 X64.71 Y200.413 E7.29304
G1 X65.286 Y200.413 E.0195
G1 X217.063 Y48.636 E7.26547
G1 X217.063 Y49.211 E.01946
G1 X65.861 Y200.413 E7.23795
G1 X66.437 Y200.413 E.0195
G1 X217.063 Y49.787 E7.21037
G1 X217.063 Y50.363 E.0195
G1 X67.013 Y200.413 E7.1828
G1 X67.589 Y200.413 E.0195
G1 X217.063 Y50.939 E7.15523
G1 X217.063 Y51.514 E.01946
G1 X68.164 Y200.413 E7.1277
G1 X68.74 Y200.413 E.0195
G1 X217.063 Y52.09 E7.10013
G1 X217.063 Y52.666 E.0195
G1 X69.316 Y200.413 E7.07256
G1 X69.891 Y200.413 E.01946
G1 X217.063 Y53.241 E7.04503
G1 X217.063 Y53.817 E.0195
G1 X70.467 Y200.413 E7.01746
G1 X71.043 Y200.413 E.0195
G1 X217.063 Y54.393 E6.98989
G1 X217.063 Y54.968 E.01946
G1 X71.618 Y200.413 E6.96236
G1 X72.194 Y200.413 E.0195
G1 X217.063 Y55.544 E6.93479
G1 X217.063 Y56.12 E.0195
G1 X72.77 Y200.413 E6.90722
G1 X73.345 Y200.413 E.01946
G1 X217.063 Y56.696 E6.87967
G1 X217.063 Y57.271 E.01946
G1 X73.921 Y200.413 E6.85212
G1 X74.497 Y200.413 E.0195
G1 X217.063 Y57.847 E6.82455
G1 X217.063 Y58.423 E.0195
G1 X75.073 Y200.413 E6.79697
G1 X75.648 Y200.413 E.01946
G1 X217.063 Y58.998 E6.76945
G1 X217.063 Y59.574 E.0195
G1 X76.224 Y200.413 E6.74188
G1 X76.8 Y200.413 E.0195
G1 X217.063 Y60.15 E6.7143
G1 X217.063 Y60.725 E.01946
G1 X77.375 Y200.413 E6.68678
G1 X77.951 Y200.413 E.0195
G1 X217.063 Y61.301 E6.6592
G1 X217.063 Y61.877 E.0195
G1 X78.527 Y200.413 E6.63163
G1 X79.102 Y200.413 E.01946
G1 X217.063 Y62.452 E6.60411
G1 X217.063 Y63.028 E.0195
G1 X79.678 Y200.413 E6.57653
G1 X80.254 Y200.413 E.0195
G1 X217.063 Y63.604 E6.54896
G1 X217.063 Y64.18 E.0195
G1 X80.83 Y200.413 E6.52139
G1 X81.405 Y200.413 E.01946
G1 X217.063 Y64.755 E6.49386
G1 X217.063 Y65.331 E.0195
G1 X81.981 Y200.413 E6.46629
G1 X82.557 Y200.413 E.0195
G1 X217.063 Y65.907 E6.43872
G1 X217.063 Y66.482 E.01946
G1 X83.132 Y200.413 E6.41119
G1 X83.708 Y200.413 E.0195
G1 X217.063 Y67.058 E6.38362
G1 X217.063 Y67.634 E.0195
G1 X84.284 Y200.413 E6.35605
G1 X84.859 Y200.413 E.01946
G1 X217.063 Y68.209 E6.32852
G1 X217.063 Y68.785 E.0195
G1 X85.435 Y200.413 E6.30095
G1 X86.011 Y200.413 E.0195
G1 X217.063 Y69.361 E6.27338
G1 X217.063 Y69.937 E.0195
G1 X86.586 Y200.413 E6.24583
G1 X87.162 Y200.413 E.0195
G1 X217.063 Y70.512 E6.21828
G1 X217.063 Y71.088 E.0195
G1 X87.738 Y200.413 E6.19071
G1 X88.314 Y200.413 E.0195
G1 X217.063 Y71.664 E6.16313
G1 X217.063 Y72.239 E.01946
G1 X88.889 Y200.413 E6.13561
G1 X89.465 Y200.413 E.0195
G1 X217.063 Y72.815 E6.10804
G1 X217.063 Y73.391 E.0195
G1 X90.041 Y200.413 E6.08046
G1 X90.616 Y200.413 E.01946
G1 X217.063 Y73.966 E6.05294
G1 X217.063 Y74.542 E.0195
G1 X91.192 Y200.413 E6.02537
G1 X91.768 Y200.413 E.0195
G1 X217.063 Y75.118 E5.99779
G1 X217.063 Y75.694 E.0195
G1 X92.343 Y200.413 E5.97024
G1 X92.919 Y200.413 E.0195
G1 X217.063 Y76.269 E5.9427
G1 X217.063 Y76.845 E.0195
G1 X93.495 Y200.413 E5.91512
G1 X94.071 Y200.413 E.0195
G1 X217.063 Y77.421 E5.88755
G1 X217.063 Y77.996 E.01946
G1 X94.646 Y200.413 E5.86003
G1 X95.222 Y200.413 E.0195
G1 X217.063 Y78.572 E5.83245
G1 X217.063 Y79.148 E.0195
G1 X95.798 Y200.413 E5.80488
G1 X96.373 Y200.413 E.01946
G1 X217.063 Y79.723 E5.77735
G1 X217.063 Y80.299 E.0195
G1 X96.949 Y200.413 E5.74978
G1 X97.525 Y200.413 E.0195
G1 X217.063 Y80.875 E5.72221
G1 X217.063 Y81.45 E.01946
G1 X98.1 Y200.413 E5.69468
G1 X98.676 Y200.413 E.0195
G1 X217.063 Y82.026 E5.66711
G1 X217.063 Y82.602 E.0195
G1 X99.252 Y200.413 E5.63954
G1 X99.828 Y200.413 E.0195
G1 X217.063 Y83.178 E5.61197
G1 X217.063 Y83.753 E.01946
G1 X100.403 Y200.413 E5.58444
G1 X100.979 Y200.413 E.0195
G1 X217.063 Y84.329 E5.55687
G1 X217.063 Y84.905 E.0195
G1 X101.555 Y200.413 E5.5293
G1 X102.13 Y200.413 E.01946
G1 X217.063 Y85.48 E5.50177
G1 X217.063 Y86.056 E.0195
G1 X102.706 Y200.413 E5.4742
G1 X103.282 Y200.413 E.0195
G1 X217.063 Y86.632 E5.44663
G1 X217.063 Y87.207 E.01946
G1 X103.857 Y200.413 E5.4191
G1 X104.433 Y200.413 E.0195
G1 X217.063 Y87.783 E5.39153
G1 X217.063 Y88.359 E.0195
G1 X105.009 Y200.413 E5.36396
G1 X105.584 Y200.413 E.01946
G1 X217.063 Y88.935 E5.33641
G1 X217.063 Y89.51 E.01946
G1 X106.16 Y200.413 E5.30886
G1 X106.736 Y200.413 E.0195
G1 X217.063 Y90.086 E5.28128
G1 X217.063 Y90.662 E.0195
G1 X107.312 Y200.413 E5.25371
G1 X107.887 Y200.413 E.01946
G1 X217.063 Y91.237 E5.22619
G1 X217.063 Y91.813 E.0195
G1 X108.463 Y200.413 E5.19861
G1 X109.039 Y200.413 E.0195
G1 X217.063 Y92.389 E5.17104
G1 X217.063 Y92.964 E.01946
G1 X109.614 Y200.413 E5.14352
G1 X110.19 Y200.413 E.0195
G1 X217.063 Y93.54 E5.11594
G1 X217.063 Y94.116 E.0195
G1 X110.766 Y200.413 E5.08837
G1 X111.341 Y200.413 E.01946
G1 X217.063 Y94.691 E5.06085
G1 X217.063 Y95.267 E.0195
G1 X111.917 Y200.413 E5.03327
G1 X112.493 Y200.413 E.0195
G1 X217.063 Y95.843 E5.0057
G1 X217.063 Y96.419 E.0195
G1 X113.069 Y200.413 E4.97813
G1 X113.644 Y200.413 E.01946
G1 X217.063 Y96.994 E4.9506
G1 X217.063 Y97.57 E.0195
G1 X114.22 Y200.413 E4.92303
G1 X114.796 Y200.413 E.0195
G1 X217.063 Y98.146 E4.89546
G1 X217.063 Y98.721 E.01946
G1 X115.371 Y200.413 E4.86793
G1 X115.947 Y200.413 E.0195
G1 X217.063 Y99.297 E4.84036
G1 X217.063 Y99.873 E.0195
G1 X116.523 Y200.413 E4.81279
G1 X117.098 Y200.413 E.01946
G1 X217.063 Y100.448 E4.78526
G1 X217.063 Y101.024 E.0195
G1 X117.674 Y200.413 E4.75769
G1 X118.25 Y200.413 E.0195
G1 X217.063 Y101.6 E4.73012
G1 X217.063 Y102.176 E.0195
G1 X118.826 Y200.413 E4.70254
G1 X119.401 Y200.413 E.01946
G1 X217.063 Y102.751 E4.67502
G1 X217.063 Y103.327 E.0195
G1 X119.977 Y200.413 E4.64745
G1 X120.553 Y200.413 E.0195
G1 X217.063 Y103.903 E4.61987
G1 X217.063 Y104.478 E.01946
G1 X121.128 Y200.413 E4.59235
G1 X121.704 Y200.413 E.0195
G1 X217.063 Y105.054 E4.56478
G1 X217.063 Y105.63 E.0195
G1 X122.28 Y200.413 E4.5372
G1 X122.855 Y200.413 E.01946
G1 X217.063 Y106.205 E4.50968
G1 X217.063 Y106.781 E.0195
G1 X123.431 Y200.413 E4.48211
G1 X124.007 Y200.413 E.0195
G1 X217.063 Y107.357 E4.45453
G1 X217.063 Y107.933 E.0195
G1 X124.582 Y200.413 E4.42698
G1 X125.158 Y200.413 E.0195
G1 X217.063 Y108.508 E4.39943
G1 X217.063 Y109.084 E.0195
G1 X125.734 Y200.413 E4.37186
G1 X126.31 Y200.413 E.0195
G1 X217.063 Y109.66 E4.34429
G1 X217.063 Y110.235 E.01946
G1 X126.885 Y200.413 E4.31676
G1 X127.461 Y200.413 E.0195
G1 X217.063 Y110.811 E4.28919
G1 X217.063 Y111.387 E.0195
G1 X128.037 Y200.413 E4.26162
G1 X128.612 Y200.413 E.01946
G1 X217.063 Y111.962 E4.23409
G1 X217.063 Y112.538 E.0195
G1 X129.188 Y200.413 E4.20652
G1 X129.764 Y200.413 E.0195
G1 X217.063 Y113.114 E4.17895
G1 X217.063 Y113.689 E.01946
G1 X130.339 Y200.413 E4.15142
G1 X130.915 Y200.413 E.0195
G1 X217.063 Y114.265 E4.12385
G1 X217.063 Y114.841 E.0195
G1 X131.491 Y200.413 E4.09628
G1 X132.067 Y200.413 E.0195
G1 X217.063 Y115.417 E4.06871
G1 X217.063 Y115.992 E.01946
G1 X132.642 Y200.413 E4.04118
G1 X133.218 Y200.413 E.0195
G1 X217.063 Y116.568 E4.01361
G1 X217.063 Y117.144 E.0195
G1 X133.794 Y200.413 E3.98604
G1 X134.369 Y200.413 E.01946
G1 X217.063 Y117.719 E3.95851
G1 X217.063 Y118.295 E.0195
G1 X134.945 Y200.413 E3.93094
G1 X135.521 Y200.413 E.0195
G1 X217.063 Y118.871 E3.90336
G1 X217.063 Y119.446 E.01946
G1 X136.096 Y200.413 E3.87584
G1 X136.672 Y200.413 E.0195
G1 X217.063 Y120.022 E3.84827
G1 X217.063 Y120.598 E.0195
G1 X137.248 Y200.413 E3.82069
G1 X137.824 Y200.413 E.0195
G1 X217.063 Y121.174 E3.79312
G1 X217.063 Y121.749 E.01946
G1 X138.399 Y200.413 E3.7656
G1 X138.975 Y200.413 E.0195
G1 X217.063 Y122.325 E3.73802
G1 X217.063 Y122.901 E.0195
G1 X139.551 Y200.413 E3.71045
G1 X140.126 Y200.413 E.01946
G1 X217.063 Y123.476 E3.68293
G1 X217.063 Y124.052 E.0195
G1 X140.702 Y200.413 E3.65535
G1 X141.278 Y200.413 E.0195
G1 X217.063 Y124.628 E3.62778
G1 X217.063 Y125.203 E.01946
G1 X141.853 Y200.413 E3.60026
G1 X142.429 Y200.413 E.0195
G1 X217.063 Y125.779 E3.57268
G1 X217.063 Y126.355 E.0195
G1 X143.005 Y200.413 E3.54511
G1 X143.58 Y200.413 E.01946
G1 X217.063 Y126.931 E3.51756
G1 X217.063 Y127.506 E.01946
G1 X144.156 Y200.413 E3.49001
G1 X144.732 Y200.413 E.0195
G1 X217.063 Y128.082 E3.46244
G1 X217.063 Y128.658 E.0195
G1 X145.308 Y200.413 E3.43487
G1 X145.883 Y200.413 E.01946
G1 X217.063 Y129.233 E3.40734
G1 X217.063 Y129.809 E.0195
G1 X146.459 Y200.413 E3.37977
G1 X147.035 Y200.413 E.0195
G1 X217.063 Y130.385 E3.3522
G1 X217.063 Y130.96 E.01946
G1 X147.61 Y200.413 E3.32467
G1 X148.186 Y200.413 E.0195
G1 X217.063 Y131.536 E3.2971
G1 X217.063 Y132.112 E.0195
G1 X148.762 Y200.413 E3.26953
G1 X149.337 Y200.413 E.01946
G1 X217.063 Y132.687 E3.242
G1 X217.063 Y133.263 E.0195
G1 X149.913 Y200.413 E3.21443
G1 X150.489 Y200.413 E.0195
G1 X217.063 Y133.839 E3.18686
G1 X217.063 Y134.415 E.0195
G1 X151.065 Y200.413 E3.15928
G1 X151.64 Y200.413 E.01946
G1 X217.063 Y134.99 E3.13176
G1 X217.063 Y135.566 E.0195
G1 X152.216 Y200.413 E3.10419
G1 X152.792 Y200.413 E.0195
G1 X217.063 Y136.142 E3.07661
G1 X217.063 Y136.717 E.01946
G1 X153.367 Y200.413 E3.04909
G1 X153.943 Y200.413 E.0195
G1 X217.063 Y137.293 E3.02152
G1 X217.063 Y137.869 E.0195
G1 X154.519 Y200.413 E2.99394
G1 X155.094 Y200.413 E.01946
G1 X217.063 Y138.444 E2.96642
G1 X217.063 Y139.02 E.0195
G1 X155.67 Y200.413 E2.93884
G1 X156.246 Y200.413 E.0195
G1 X217.063 Y139.596 E2.91127
G1 X217.063 Y140.172 E.0195
G1 X156.821 Y200.413 E2.88372
G1 X157.397 Y200.413 E.0195
G1 X217.063 Y140.747 E2.85617
G1 X217.063 Y141.323 E.0195
G1 X157.973 Y200.413 E2.8286
G1 X158.549 Y200.413 E.0195
G1 X217.063 Y141.899 E2.80103
G1 X217.063 Y142.474 E.01946
G1 X159.124 Y200.413 E2.7735
G1 X159.7 Y200.413 E.0195
G1 X217.063 Y143.05 E2.74593
G1 X217.063 Y143.626 E.0195
G1 X160.276 Y200.413 E2.71836
G1 X160.851 Y200.413 E.01946
G1 X217.063 Y144.201 E2.69083
G1 X217.063 Y144.777 E.0195
G1 X161.427 Y200.413 E2.66326
G1 X162.003 Y200.413 E.0195
G1 X217.063 Y145.353 E2.63569
G1 X217.063 Y145.928 E.01946
G1 X162.578 Y200.413 E2.60816
G1 X163.154 Y200.413 E.0195
G1 X217.063 Y146.504 E2.58059
G1 X217.063 Y147.08 E.0195
G1 X163.73 Y200.413 E2.55302
G1 X164.306 Y200.413 E.0195
G1 X217.063 Y147.656 E2.52544
G1 X217.063 Y148.231 E.01946
G1 X164.881 Y200.413 E2.49792
G1 X165.457 Y200.413 E.0195
G1 X217.063 Y148.807 E2.47035
G1 X217.063 Y149.383 E.0195
G1 X166.033 Y200.413 E2.44277
G1 X166.608 Y200.413 E.01946
G1 X217.063 Y149.958 E2.41525
G1 X217.063 Y150.534 E.0195
G1 X167.184 Y200.413 E2.38768
G1 X167.76 Y200.413 E.0195
G1 X217.063 Y151.11 E2.3601
G1 X217.063 Y151.685 E.01946
G1 X168.335 Y200.413 E2.33258
G1 X168.911 Y200.413 E.0195
G1 X217.063 Y152.261 E2.30501
G1 X217.063 Y152.837 E.0195
G1 X169.487 Y200.413 E2.27743
G1 X170.063 Y200.413 E.0195
G1 X217.063 Y153.413 E2.24986
G1 X217.063 Y153.988 E.01946
G1 X170.638 Y200.413 E2.22234
G1 X171.214 Y200.413 E.0195
G1 X217.063 Y154.564 E2.19476
G1 X217.063 Y155.14 E.0195
G1 X171.79 Y200.413 E2.16719
G1 X172.365 Y200.413 E.01946
G1 X217.063 Y155.715 E2.13967
G1 X217.063 Y156.291 E.0195
G1 X172.941 Y200.413 E2.11209
G1 X173.517 Y200.413 E.0195
G1 X217.063 Y156.867 E2.08452
G1 X217.063 Y157.442 E.01946
G1 X174.092 Y200.413 E2.05699
G1 X174.668 Y200.413 E.0195
G1 X217.063 Y158.018 E2.02942
G1 X217.063 Y158.594 E.0195
G1 X175.244 Y200.413 E2.00185
G1 X175.819 Y200.413 E.01946
G1 X217.063 Y159.17 E1.9743
G1 X217.063 Y159.745 E.01946
G1 X176.395 Y200.413 E1.94675
G1 X176.971 Y200.413 E.0195
G1 X217.063 Y160.321 E1.91918
G1 X217.063 Y160.897 E.0195
G1 X177.547 Y200.413 E1.89161
G1 X178.122 Y200.413 E.01946
G1 X217.063 Y161.472 E1.86408
G1 X217.063 Y162.048 E.0195
G1 X178.698 Y200.413 E1.83651
G1 X179.274 Y200.413 E.0195
G1 X217.063 Y162.624 E1.80894
G1 X217.063 Y163.199 E.01946
G1 X179.849 Y200.413 E1.78141
G1 X180.425 Y200.413 E.0195
G1 X217.063 Y163.775 E1.75384
G1 X217.063 Y164.351 E.0195
G1 X181.001 Y200.413 E1.72627
G1 X181.576 Y200.413 E.01946
G1 X217.063 Y164.926 E1.69874
G1 X217.063 Y165.502 E.0195
G1 X182.152 Y200.413 E1.67117
G1 X182.728 Y200.413 E.0195
G1 X217.063 Y166.078 E1.6436
G1 X217.063 Y166.654 E.0195
G1 X183.304 Y200.413 E1.61602
G1 X183.879 Y200.413 E.01946
G1 X217.063 Y167.229 E1.5885
G1 X217.063 Y167.805 E.0195
G1 X184.455 Y200.413 E1.56092
G1 X185.031 Y200.413 E.0195
G1 X217.063 Y168.381 E1.53335
G1 X217.063 Y168.956 E.01946
G1 X185.606 Y200.413 E1.50583
G1 X186.182 Y200.413 E.0195
G1 X217.063 Y169.532 E1.47825
G1 X217.063 Y170.108 E.0195
G1 X186.758 Y200.413 E1.45068
G1 X187.333 Y200.413 E.01946
G1 X217.063 Y170.683 E1.42316
G1 X217.066 Y170.963 E.00948
;WIDTH:0.443234
G1 X187.613 Y200.416 E1.38647
;LAYER_CHANGE
;Z:0.6
;HEIGHT:0.2
G1 E-2 F2400
G1 Z.6 F7800
G1 X56.632 Y208.812
G1 E2 F2400
;TYPE:Perimeter
;WIDTH:0.449999
G1 F3600
G1 X56.632 Y206.86 E.06607
G1 X163.368 Y206.86 E3.61288
G1 X163.368 Y208.84 E.06702
G1 X56.664 Y208.84 E3.6118
G1 X56.225 Y208.812 F7800
;TYPE:External perimeter
G1 F1800
G1 X56.225 Y206.688 E.07189
;TYPE:Overhang perimeter
;WIDTH:0.4
;HEIGHT:0.4
G1 F3600
G1 X56.225 Y206.453 E.01228
G1 X163.775 Y206.453 E5.61894
G1 X163.775 Y206.688 E.01228
;TYPE:External perimeter
;WIDTH:0.449999
;HEIGHT:0.2
G1 F1800
G1 X163.775 Y209.012 E.07866
;TYPE:Overhang perimeter
;WIDTH:0.4
;HEIGHT:0.4
G1 F3600
G1 X163.775 Y209.247 E.01228
G1 X56.225 Y209.247 E5.61894
G1 X56.225 Y209.012 E.01228
;TYPE:External perimeter
;WIDTH:0.449999
;HEIGHT:0.2
G1 F1800
G1 X56.225 Y208.872 E.00474
G1 X56.225 Y208.472 F7800
G1 X56.937 Y208.535
;TYPE:Solid infill
G1 F1200
G1 X56.937 Y207.165 E.04637
G1 X163.063 Y207.165 E3.59223
G1 X163.063 Y208.535 E.04637
G1 X57.141 Y208.535 E3.58533
G1 X57.382 Y208.091 E.0171
;WIDTH:0.524479
G1 X57.382 Y207.609 E.0193
G1 X162.618 Y207.609 E4.21384
G1 X162.618 Y208.091 E.0193
G1 X57.585 Y208.091 E4.20571
G1 E-2 F2400
G1 X80.632 Y7.982 F7800
G1 E2 F2400
;TYPE:Perimeter
;WIDTH:0.449999
G1 F3600
G1 X139.368 Y7.982 E1.98814
G1 X139.368 Y17.444 E.32028
G1 X139.472 Y17.713 E.00976
G1 X139.684 Y17.906 E.0097
G1 X139.972 Y17.982 E.01008
G1 X187.738 Y17.982 E1.61682
G1 X217.368 Y47.612 E1.41837
G1 X217.368 Y171.088 E4.17951
G1 X187.738 Y200.718 E1.41837
G1 X32.262 Y200.718 E5.26267
G1 X2.632 Y171.088 E1.41837
G1 X2.632 Y47.612 E4.17951
G1 X32.262 Y17.982 E1.41837
G1 X80.076 Y17.982 E1.61844
G1 X80.366 Y17.876 E.01045
G1 X80.564 Y17.651 E.01014
G1 X80.632 Y17.371 E.00975
G1 X80.632 Y8.042 E.31578
G1 X80.225 Y7.575 F7800
;TYPE:External perimeter
G1 F1800
G1 X139.775 Y7.575 E2.01569
G1 X139.775 Y17.371 E.33158
G1 X139.825 Y17.505 E.00484
G1 X139.976 Y17.575 E.00563
G1 X187.907 Y17.575 E1.6224
G1 X217.775 Y47.443 E1.42976
G1 X217.775 Y171.257 E4.19095
G1 X187.907 Y201.125 E1.42976
G1 X32.093 Y201.125 E5.27411
G1 X2.225 Y171.257 E1.42976
G1 X2.225 Y47.443 E4.19095
G1 X32.093 Y17.575 E1.42976
G1 X80.021 Y17.575 E1.6223
G1 X80.155 Y17.525 E.00484
G1 X80.225 Y17.371 E.00573
G1 X80.225 Y7.635 E.32955
G1 X80.621 Y7.576 F7800
G1 E-2 F2400
G1 X32.346 Y200.514 F7800
G1 E2 F2400
;TYPE:Solid infill
;WIDTH:0.38292
G1 F1200
G1 X2.836 Y171.004 E1.17985
;WIDTH:0.41646
G1 X2.886 Y170.839 E.00536
;WIDTH:0.449999
G1 X2.937 Y170.674 E.00585
G1 X32.676 Y200.413 E1.42359
G1 X33.252 Y200.413 E.0195
G1 X2.937 Y170.098 E1.45116
G1 X2.937 Y169.522 E.0195
G1 X33.828 Y200.413 E1.47873
G1 X34.403 Y200.413 E.01946
G1 X2.937 Y168.947 E1.50626
G1 X2.937 Y168.371 E.0195
G1 X34.979 Y200.413 E1.53383
G1 X35.555 Y200.413 E.0195
G1 X2.937 Y167.795 E1.5614
G1 X2.937 Y167.22 E.01946
G1 X36.13 Y200.413 E1.58893
G1 X36.706 Y200.413 E.0195
G1 X2.937 Y166.644 E1.6165
G1 X2.937 Y166.068 E.0195
G1 X37.282 Y200.413 E1.64407
G1 X37.857 Y200.413 E.01946
G1 X2.937 Y165.493 E1.6716
G1 X2.937 Y164.917 E.0195
G1 X38.433 Y200.413 E1.69917
G1 X39.009 Y200.413 E.0195
G1 X2.937 Y164.341 E1.72674
G1 X2.937 Y163.766 E.01946
G1 X39.584 Y200.413 E1.75427
G1 X40.16 Y200.413 E.0195
G1 X2.937 Y163.19 E1.78184
G1 X2.937 Y162.614 E.0195
G1 X40.736 Y200.413 E1.80941
G1 X41.312 Y200.413 E.0195
G1 X2.937 Y162.038 E1.83699
G1 X2.937 Y161.463 E.01946
G1 X41.887 Y200.413 E1.86451
G1 X42.463 Y200.413 E.0195
G1 X2.937 Y160.887 E1.89208
G1 X2.937 Y160.311 E.0195
G1 X43.039 Y200.413 E1.91966
G1 X43.614 Y200.413 E.01946
G1 X2.937 Y159.736 E1.94718
G1 X2.937 Y159.16 E.0195
G1 X44.19 Y200.413 E1.97476
G1 X44.766 Y200.413 E.0195
G1 X2.937 Y158.584 E2.00233
G1 X2.937 Y158.009 E.01946
G1 X45.341 Y200.413 E2.02985
G1 X45.917 Y200.413 E.0195
G1 X2.937 Y157.433 E2.05743
G1 X2.937 Y156.857 E.0195
G1 X46.493 Y200.413 E2.085
G1 X47.069 Y200.413 E.0195
G1 X2.937 Y156.281 E2.11257
G1 X2.937 Y155.706 E.01946
G1 X47.644 Y200.413 E2.1401
G1 X48.22 Y200.413 E.0195
G1 X2.937 Y155.13 E2.16767
G1 X2.937 Y154.554 E.0195
G1 X48.796 Y200.413 E2.19524
G1 X49.371 Y200.413 E.01946
G1 X2.937 Y153.979 E2.22277
G1 X2.937 Y153.403 E.0195
G1 X49.947 Y200.413 E2.25034
G1 X50.523 Y200.413 E.0195
G1 X2.937 Y152.827 E2.27791
G1 X2.937 Y152.252 E.01946
G1 X51.098 Y200.413 E2.30544
G1 X51.674 Y200.413 E.0195
G1 X2.937 Y151.676 E2.33301
G1 X2.937 Y151.1 E.0195
G1 X52.25 Y200.413 E2.36058
G1 X52.826 Y200.413 E.0195
G1 X2.937 Y150.525 E2.38813
G1 X2.937 Y149.949 E.0195
G1 X53.401 Y200.413 E2.41568
G1 X53.977 Y200.413 E.0195
G1 X2.937 Y149.373 E2.44325
G1 X2.937 Y148.797 E.0195
G1 X54.553 Y200.413 E2.47083
G1 X55.128 Y200.413 E.01946
G1 X2.937 Y148.222 E2.49835
G1 X2.937 Y147.646 E.0195
G1 X55.704 Y200.413 E2.52592
G1 X56.28 Y200.413 E.0195
G1 X2.937 Y147.07 E2.5535
G1 X2.937 Y146.495 E.01946
G1 X56.855 Y200.413 E2.58102
G1 X57.431 Y200.413 E.0195
G1 X2.937 Y145.919 E2.60859
G1 X2.937 Y145.343 E.0195
G1 X58.007 Y200.413 E2.63617
G1 X58.582 Y200.413 E.01946
G1 X2.937 Y144.768 E2.66369
G1 X2.937 Y144.192 E.0195
G1 X59.158 Y200.413 E2.69126
G1 X59.734 Y200.413 E.0195
G1 X2.937 Y143.616 E2.71884
G1 X2.937 Y143.04 E.0195
G1 X60.31 Y200.413 E2.74641
G1 X60.885 Y200.413 E.01946
G1 X2.937 Y142.465 E2.77393
G1 X2.937 Y141.889 E.0195
G1 X61.461 Y200.413 E2.80151
G1 X62.037 Y200.413 E.0195
G1 X2.937 Y141.313 E2.82908
G1 X2.937 Y140.738 E.01946
G1 X62.612 Y200.413 E2.85661
G1 X63.188 Y200.413 E.0195
G1 X2.937 Y140.162 E2.88418
G1 X2.937 Y139.586 E.0195
G1 X63.764 Y200.413 E2.91175
G1 X64.339 Y200.413 E.01946
G1 X2.937 Y139.011 E2.93928
G1 X2.937 Y138.435 E.0195
G1 X64.915 Y200.413 E2.96685
G1 X65.491 Y200.413 E.0195
G1 X2.937 Y137.859 E2.99442
G1 X2.937 Y137.283 E.0195
G1 X66.067 Y200.413 E3.02199
G1 X66.642 Y200.413 E.01946
G1 X2.937 Y136.708 E3.04952
G1 X2.937 Y136.132 E.0195
G1 X67.218 Y200.413 E3.07709
G1 X67.794 Y200.413 E.0195
G1 X2.937 Y135.556 E3.10466
G1 X2.937 Y134.981 E.01946
G1 X68.369 Y200.413 E3.13219
G1 X68.945 Y200.413 E.0195
G1 X2.937 Y134.405 E3.15976
G1 X2.937 Y133.829 E.0195
G1 X69.521 Y200.413 E3.18733
G1 X70.096 Y200.413 E.01946
G1 X2.937 Y133.254 E3.21486
G1 X2.937 Y132.678 E.0195
G1 X70.672 Y200.413 E3.24243
G1 X71.248 Y200.413 E.0195
G1 X2.937 Y132.102 E3.27
G1 X2.937 Y131.527 E.01946
G1 X71.823 Y200.413 E3.29753
G1 X72.399 Y200.413 E.0195
G1 X2.937 Y130.951 E3.3251
G1 X2.937 Y130.375 E.0195
G1 X72.975 Y200.413 E3.35268
G1 X73.551 Y200.413 E.0195
G1 X2.937 Y129.799 E3.38025
G1 X2.937 Y129.224 E.01946
G1 X74.126 Y200.413 E3.40777
G1 X74.702 Y200.413 E.0195
G1 X2.937 Y128.648 E3.43535
G1 X2.937 Y128.072 E.0195
G1 X75.278 Y200.413 E3.46292
G1 X75.853 Y200.413 E.01946
G1 X2.937 Y127.497 E3.49044
G1 X2.937 Y126.921 E.0195
G1 X76.429 Y200.413 E3.51802
G1 X77.005 Y200.413 E.0195
G1 X2.937 Y126.345 E3.54559
G1 X2.937 Y125.77 E.01946
G1 X77.58 Y200.413 E3.57311
G1 X78.156 Y200.413 E.0195
G1 X2.937 Y125.194 E3.60069
G1 X2.937 Y124.618 E.0195
G1 X78.732 Y200.413 E3.62826
G1 X79.308 Y200.413 E.0195
G1 X2.937 Y124.042 E3.65583
G1 X2.937 Y123.467 E.01946
G1 X79.883 Y200.413 E3.68336
G1 X80.459 Y200.413 E.0195
G1 X2.937 Y122.891 E3.71093
G1 X2.937 Y122.315 E.0195
G1 X81.035 Y200.413 E3.7385
G1 X81.61 Y200.413 E.01946
G1 X2.937 Y121.74 E3.76603
G1 X2.937 Y121.164 E.0195
G1 X82.186 Y200.413 E3.7936
G1 X82.762 Y200.413 E.0195
G1 X2.937 Y120.588 E3.82117
G1 X2.937 Y120.013 E.01946
G1 X83.337 Y200.413 E3.8487
G1 X83.913 Y200.413 E.0195
G1 X2.937 Y119.437 E3.87627
G1 X2.937 Y118.861 E.0195
G1 X84.489 Y200.413 E3.90384
G1 X85.065 Y200.413 E.0195
G1 X2.937 Y118.285 E3.93142
G1 X2.937 Y117.71 E.01946
G1 X85.64 Y200.413 E3.95894
G1 X86.216 Y200.413 E.0195
G1 X2.937 Y117.134 E3.98651
G1 X2.937 Y116.558 E.0195
G1 X86.792 Y200.413 E4.01409
G1 X87.367 Y200.413 E.01946
G1 X2.937 Y115.983 E4.04161
G1 X2.937 Y115.407 E.0195
G1 X87.943 Y200.413 E4.06918
G1 X88.519 Y200.413 E.0195
G1 X2.937 Y114.831 E4.09676
G1 X2.937 Y114.256 E.01946
G1 X89.094 Y200.413 E4.12428
G1 X89.67 Y200.413 E.0195
G1 X2.937 Y113.68 E4.15185
G1 X2.937 Y113.104 E.0195
G1 X90.246 Y200.413 E4.17943
G1 X90.821 Y200.413 E.01946
G1 X2.937 Y112.529 E4.20695
G1 X2.937 Y111.953 E.0195
G1 X91.397 Y200.413 E4.23452
G1 X91.973 Y200.413 E.0195
G1 X2.937 Y111.377 E4.2621
G1 X2.937 Y110.801 E.0195
G1 X92.549 Y200.413 E4.28967
G1 X93.124 Y200.413 E.01946
G1 X2.937 Y110.226 E4.3172
G1 X2.937 Y109.65 E.0195
G1 X93.7 Y200.413 E4.34477
G1 X94.276 Y200.413 E.0195
G1 X2.937 Y109.074 E4.37234
G1 X2.937 Y108.499 E.01946
G1 X94.851 Y200.413 E4.39987
G1 X95.427 Y200.413 E.0195
G1 X2.937 Y107.923 E4.42744
G1 X2.937 Y107.347 E.0195
G1 X96.003 Y200.413 E4.45501
G1 X96.578 Y200.413 E.01946
G1 X2.937 Y106.772 E4.48254
G1 X2.937 Y106.196 E.0195
G1 X97.154 Y200.413 E4.51011
G1 X97.73 Y200.413 E.0195
G1 X2.937 Y105.62 E4.53768
G1 X2.937 Y105.044 E.0195
G1 X98.306 Y200.413 E4.56525
G1 X98.881 Y200.413 E.01946
G1 X2.937 Y104.469 E4.59278
G1 X2.937 Y103.893 E.0195
G1 X99.457 Y200.413 E4.62035
G1 X100.033 Y200.413 E.0195
G1 X2.937 Y103.317 E4.64792
G1 X2.937 Y102.742 E.01946
G1 X100.608 Y200.413 E4.67545
G1 X101.184 Y200.413 E.0195
G1 X2.937 Y102.166 E4.70302
G1 X2.937 Y101.59 E.0195
G1 X101.76 Y200.413 E4.7306
G1 X102.335 Y200.413 E.01946
G1 X2.937 Y101.015 E4.75812
G1 X2.937 Y100.439 E.0195
G1 X102.911 Y200.413 E4.78569
G1 X103.487 Y200.413 E.0195
G1 X2.937 Y99.863 E4.81327
G1 X2.937 Y99.288 E.01946
G1 X104.063 Y200.413 E4.84081
G1 X104.638 Y200.413 E.01946
G1 X2.937 Y98.712 E4.86836
G1 X2.937 Y98.136 E.0195
G1 X105.214 Y200.413 E4.89594
G1 X105.79 Y200.413 E.0195
G1 X2.937 Y97.56 E4.92351
G1 X2.937 Y96.985 E.01946
G1 X106.365 Y200.413 E4.95103
G1 X106.941 Y200.413 E.0195
G1 X2.937 Y96.409 E4.97861
G1 X2.937 Y95.833 E.0195
G1 X107.517 Y200.413 E5.00618
G1 X108.092 Y200.413 E.01946
G1 X2.937 Y95.258 E5.0337
G1 X2.937 Y94.682 E.0195
G1 X108.668 Y200.413 E5.06128
G1 X109.244 Y200.413 E.0195
G1 X2.937 Y94.106 E5.08885
G1 X2.937 Y93.531 E.01946
G1 X109.819 Y200.413 E5.11637
G1 X110.395 Y200.413 E.0195
G1 X2.937 Y92.955 E5.14395
G1 X2.937 Y92.379 E.0195
G1 X110.971 Y200.413 E5.17152
G1 X111.547 Y200.413 E.0195
G1 X2.937 Y91.803 E5.19909
G1 X2.937 Y91.228 E.01946
G1 X112.122 Y200.413 E5.22662
G1 X112.698 Y200.413 E.0195
G1 X2.937 Y90.652 E5.25419
G1 X2.937 Y90.076 E.0195
G1 X113.274 Y200.413 E5.28176
G1 X113.849 Y200.413 E.01946
G1 X2.937 Y89.501 E5.30929
G1 X2.937 Y88.925 E.0195
G1 X114.425 Y200.413 E5.33686
G1 X115.001 Y200.413 E.0195
G1 X2.937 Y88.349 E5.36443
G1 X2.937 Y87.774 E.01946
G1 X115.576 Y200.413 E5.39196
G1 X116.152 Y200.413 E.0195
G1 X2.937 Y87.198 E5.41953
G1 X2.937 Y86.622 E.0195
G1 X116.728 Y200.413 E5.4471
G1 X117.304 Y200.413 E.0195
G1 X2.937 Y86.046 E5.47468
G1 X2.937 Y85.471 E.01946
G1 X117.879 Y200.413 E5.5022
G1 X118.455 Y200.413 E.0195
G1 X2.937 Y84.895 E5.52977
G1 X2.937 Y84.319 E.0195
G1 X119.031 Y200.413 E5.55735
G1 X119.606 Y200.413 E.01946
G1 X2.937 Y83.744 E5.58487
G1 X2.937 Y83.168 E.0195
G1 X120.182 Y200.413 E5.61244
G1 X120.758 Y200.413 E.0195
G1 X2.937 Y82.592 E5.64002
G1 X2.937 Y82.017 E.01946
G1 X121.333 Y200.413 E5.66754
G1 X121.909 Y200.413 E.0195
G1 X2.937 Y81.441 E5.69512
G1 X2.937 Y80.865 E.0195
G1 X122.485 Y200.413 E5.72269
G1 X123.06 Y200.413 E.01946
G1 X2.937 Y80.29 E5.75021
G1 X2.937 Y79.714 E.0195
G1 X123.636 Y200.413 E5.77779
G1 X124.212 Y200.413 E.0195
G1 X2.937 Y79.138 E5.80536
G1 X2.937 Y78.562 E.0195
G1 X124.788 Y200.413 E5.83293
G1 X125.363 Y200.413 E.01946
G1 X2.937 Y77.987 E5.86046
G1 X2.937 Y77.411 E.0195
G1 X125.939 Y200.413 E5.88803
G1 X126.515 Y200.413 E.0195
G1 X2.937 Y76.835 E5.9156
G1 X2.937 Y76.26 E.01946
G1 X127.09 Y200.413 E5.94313
G1 X127.666 Y200.413 E.0195
G1 X2.937 Y75.684 E5.9707
G1 X2.937 Y75.108 E.0195
G1 X128.242 Y200.413 E5.99827
G1 X128.817 Y200.413 E.01946
G1 X2.937 Y74.533 E6.0258
G1 X2.937 Y73.957 E.0195
G1 X129.393 Y200.413 E6.05337
G1 X129.969 Y200.413 E.0195
G1 X2.937 Y73.381 E6.08094
G1 X2.937 Y72.805 E.0195
G1 X130.545 Y200.413 E6.10852
G1 X131.12 Y200.413 E.01946
G1 X2.937 Y72.23 E6.13604
G1 X2.937 Y71.654 E.0195
G1 X131.696 Y200.413 E6.16361
G1 X132.272 Y200.413 E.0195
G1 X2.937 Y71.078 E6.19119
G1 X2.937 Y70.503 E.01946
G1 X132.847 Y200.413 E6.21871
G1 X133.423 Y200.413 E.0195
G1 X2.937 Y69.927 E6.24628
G1 X2.937 Y69.351 E.0195
G1 X133.999 Y200.413 E6.27386
G1 X134.574 Y200.413 E.01946
G1 X2.937 Y68.776 E6.30138
G1 X2.937 Y68.2 E.0195
G1 X135.15 Y200.413 E6.32895
G1 X135.726 Y200.413 E.0195
G1 X2.937 Y67.624 E6.35653
G1 X2.937 Y67.048 E.0195
G1 X136.302 Y200.413 E6.3841
G1 X136.877 Y200.413 E.01946
G1 X2.937 Y66.473 E6.41162
G1 X2.937 Y65.897 E.0195
G1 X137.453 Y200.413 E6.4392
G1 X138.029 Y200.413 E.0195
G1 X2.937 Y65.321 E6.46677
G1 X2.937 Y64.746 E.01946
G1 X138.604 Y200.413 E6.49429
G1 X139.18 Y200.413 E.0195
G1 X2.937 Y64.17 E6.52187
G1 X2.937 Y63.594 E.0195
G1 X139.756 Y200.413 E6.54944
G1 X140.331 Y200.413 E.01946
G1 X2.937 Y63.019 E6.57697
G1 X2.937 Y62.443 E.0195
G1 X140.907 Y200.413 E6.60454
G1 X141.483 Y200.413 E.0195
G1 X2.937 Y61.867 E6.63211
G1 X2.937 Y61.292 E.01946
G1 X142.058 Y200.413 E6.65964
G1 X142.634 Y200.413 E.0195
G1 X2.937 Y60.716 E6.68721
G1 X2.937 Y60.14 E.0195
G1 X143.21 Y200.413 E6.71478
G1 X143.786 Y200.413 E.0195
G1 X2.937 Y59.564 E6.74235
G1 X2.937 Y58.989 E.01946
G1 X144.361 Y200.413 E6.76988
G1 X144.937 Y200.413 E.0195
G1 X2.937 Y58.413 E6.79745
G1 X2.937 Y57.837 E.0195
G1 X145.513 Y200.413 E6.82502
G1 X146.088 Y200.413 E.01946
G1 X2.937 Y57.262 E6.85255
G1 X2.937 Y56.686 E.0195
G1 X146.664 Y200.413 E6.88012
G1 X147.24 Y200.413 E.0195
G1 X2.937 Y56.11 E6.90769
G1 X2.937 Y55.535 E.01946
G1 X147.815 Y200.413 E6.93522
G1 X148.391 Y200.413 E.0195
G1 X2.937 Y54.959 E6.96279
G1 X2.937 Y54.383 E.0195
G1 X148.967 Y200.413 E6.99036
G1 X149.543 Y200.413 E.0195
G1 X2.937 Y53.807 E7.01794
G1 X2.937 Y53.232 E.01946
G1 X150.118 Y200.413 E7.04546
G1 X150.694 Y200.413 E.0195
G1 X2.937 Y52.656 E7.07304
G1 X2.937 Y52.08 E.0195
G1 X151.27 Y200.413 E7.10061
G1 X151.845 Y200.413 E.01946
G1 X2.937 Y51.505 E7.12813
G1 X2.937 Y50.929 E.0195
G1 X152.421 Y200.413 E7.15571
G1 X152.997 Y200.413 E.0195
G1 X2.937 Y50.353 E7.18328
G1 X2.937 Y49.778 E.01946
G1 X153.572 Y200.413 E7.2108
G1 X154.148 Y200.413 E.0195
G1 X2.937 Y49.202 E7.23838
G1 X2.937 Y48.626 E.0195
G1 X154.724 Y200.413 E7.26595
G1 X155.3 Y200.413 E.0195
G1 X2.937 Y48.051 E7.2935
G1 X2.78 Y47.637 E.01499
;WIDTH:0.38292
G1 X2.761 Y47.708 E.00208
G1 X2.832 Y47.689 E.00208
G1 X2.821 Y47.648 E.0012
;WIDTH:0.41646
G1 X2.945 Y47.627 E.00391
;WIDTH:0.449999
G1 X3.069 Y47.607 E.00425
G1 X155.875 Y200.413 E7.31473
G1 X156.451 Y200.413 E.0195
G1 X3.357 Y47.319 E7.32851
G1 X3.645 Y47.031 E.01379
G1 X157.027 Y200.413 E7.3423
G1 X157.602 Y200.413 E.01946
G1 X3.933 Y46.743 E7.35606
G1 X4.221 Y46.455 E.01379
G1 X158.178 Y200.413 E7.36985
G1 X158.754 Y200.413 E.0195
G1 X4.508 Y46.167 E7.38366
G1 X4.796 Y45.879 E.01379
G1 X159.329 Y200.413 E7.39742
G1 X159.905 Y200.413 E.0195
G1 X5.084 Y45.592 E7.41118
G1 X5.372 Y45.304 E.01379
G1 X160.481 Y200.413 E7.42497
G1 X161.056 Y200.413 E.01946
G1 X5.66 Y45.016 E7.43873
G1 X5.948 Y44.728 E.01379
G1 X161.632 Y200.413 E7.45252
G1 X162.208 Y200.413 E.0195
G1 X6.235 Y44.44 E7.46633
G1 X6.523 Y44.152 E.01379
G1 X162.784 Y200.413 E7.48012
G1 X163.359 Y200.413 E.01946
G1 X6.811 Y43.865 E7.49386
G1 X7.099 Y43.577 E.01379
G1 X163.935 Y200.413 E7.50764
G1 X164.511 Y200.413 E.0195
G1 X7.387 Y43.289 E7.52143
G1 X7.675 Y43.001 E.01379
G1 X165.086 Y200.413 E7.53519
G1 X165.662 Y200.413 E.0195
G1 X7.963 Y42.713 E7.54898
G1 X8.25 Y42.425 E.01376
G1 X166.238 Y200.413 E7.56279
G1 X166.813 Y200.413 E.01946
G1 X8.538 Y42.137 E7.57655
G1 X8.826 Y41.85 E.01376
G1 X167.389 Y200.413 E7.59031
G1 X167.965 Y200.413 E.0195
G1 X9.114 Y41.562 E7.6041
G1 X9.402 Y41.274 E.01379
G1 X168.541 Y200.413 E7.61788
G1 X169.116 Y200.413 E.01946
G1 X9.69 Y40.986 E7.63165
G1 X9.977 Y40.698 E.01376
G1 X169.692 Y200.413 E7.64546
G1 X170.268 Y200.413 E.0195
G1 X10.265 Y40.41 E7.65924
G1 X10.553 Y40.122 E.01379
G1 X170.843 Y200.413 E7.67301
G1 X171.419 Y200.413 E.0195
G1 X10.841 Y39.835 E7.68677
G1 X11.129 Y39.547 E.01379
G1 X171.995 Y200.413 E7.70056
G1 X172.57 Y200.413 E.01946
G1 X11.417 Y39.259 E7.71432
G1 X11.705 Y38.971 E.01379
G1 X173.146 Y200.413 E7.7281
G1 X173.722 Y200.413 E.0195
G1 X11.992 Y38.683 E7.74191
G1 X12.28 Y38.395 E.01379
G1 X174.297 Y200.413 E7.75568
G1 X174.873 Y200.413 E.0195
G1 X12.568 Y38.108 E7.76944
G1 X12.856 Y37.82 E.01379
G1 X175.449 Y200.413 E7.78323
G1 X176.025 Y200.413 E.0195
G1 X13.144 Y37.532 E7.79701
G1 X13.432 Y37.244 E.01379
G1 X176.6 Y200.413 E7.81077
G1 X177.176 Y200.413 E.0195
G1 X13.72 Y36.956 E7.82456
G1 X14.007 Y36.668 E.01376
G1 X177.752 Y200.413 E7.83837
G1 X178.327 Y200.413 E.01946
G1 X14.295 Y36.38 E7.85213
G1 X14.583 Y36.093 E.01376
G1 X178.903 Y200.413 E7.8659
G1 X179.479 Y200.413 E.0195
G1 X14.871 Y35.805 E7.87968
G1 X15.159 Y35.517 E.01379
G1 X180.054 Y200.413 E7.89344
G1 X180.63 Y200.413 E.0195
G1 X15.447 Y35.229 E7.90723
G1 X15.734 Y34.941 E.01376
G1 X181.206 Y200.413 E7.92104
G1 X181.782 Y200.413 E.0195
G1 X16.022 Y34.653 E7.93483
G1 X16.31 Y34.366 E.01376
G1 X182.357 Y200.413 E7.94857
G1 X182.933 Y200.413 E.0195
G1 X16.598 Y34.078 E7.96235
G1 X16.886 Y33.79 E.01379
G1 X183.509 Y200.413 E7.97614
G1 X184.084 Y200.413 E.01946
G1 X17.174 Y33.502 E7.9899
G1 X17.462 Y33.214 E.01379
G1 X184.66 Y200.413 E8.00369
G1 X185.236 Y200.413 E.0195
G1 X17.749 Y32.926 E8.0175
G1 X18.037 Y32.638 E.01379
G1 X185.811 Y200.413 E8.03126
G1 X186.387 Y200.413 E.0195
G1 X18.325 Y32.351 E8.04502
G1 X18.613 Y32.063 E.01379
G1 X186.963 Y200.413 E8.05881
G1 X187.539 Y200.413 E.0195
G1 X18.901 Y31.775 E8.0726
G1 X19.189 Y31.487 E.01379
G1 X187.863 Y200.161 E8.07432
G1 X188.151 Y199.874 E.01376
G1 X19.476 Y31.199 E8.07437
G1 X19.764 Y30.911 E.01379
G1 X188.439 Y199.586 E8.07437
G1 X188.727 Y199.298 E.01379
G1 X20.052 Y30.623 E8.07437
G1 X20.34 Y30.336 E.01376
G1 X189.014 Y199.01 E8.07432
G1 X189.302 Y198.722 E.01379
G1 X20.628 Y30.048 E8.07432
G1 X20.916 Y29.76 E.01379
G1 X189.59 Y198.434 E8.07432
G1 X189.878 Y198.146 E.01379
G1 X21.204 Y29.472 E8.07432
G1 X21.491 Y29.184 E.01376
G1 X190.166 Y197.859 E8.07437
G1 X190.454 Y197.571 E.01379
G1 X21.779 Y28.896 E8.07437
G1 X22.067 Y28.609 E.01376
G1 X190.741 Y197.283 E8.07432
G1 X191.029 Y196.995 E.01379
G1 X22.355 Y28.321 E8.07432
G1 X22.643 Y28.033 E.01379
G1 X191.317 Y196.707 E8.07432
G1 X191.605 Y196.419 E.01379
G1 X22.931 Y27.745 E8.07432
G1 X23.218 Y27.457 E.01376
G1 X191.893 Y196.132 E8.07437
G1 X192.181 Y195.844 E.01379
G1 X23.506 Y27.169 E8.07437
G1 X23.794 Y26.881 E.01379
G1 X192.469 Y195.556 E8.07437
G1 X192.756 Y195.268 E.01376
G1 X24.082 Y26.594 E8.07432
G1 X24.37 Y26.306 E.01379
G1 X193.044 Y194.98 E8.07432
G1 X193.332 Y194.692 E.01379
G1 X24.658 Y26.018 E8.07432
G1 X24.946 Y25.73 E.01379
G1 X193.62 Y194.404 E8.07432
G1 X193.908 Y194.117 E.01376
G1 X25.233 Y25.442 E8.07437
G1 X25.521 Y25.154 E.01379
G1 X194.196 Y193.829 E8.07437
G1 X194.483 Y193.541 E.01376
G1 X25.809 Y24.867 E8.07432
G1 X26.097 Y24.579 E.01379
G1 X194.771 Y193.253 E8.07432
G1 X195.059 Y192.965 E.01379
G1 X26.385 Y24.291 E8.07432
G1 X26.673 Y24.003 E.01379
G1 X195.347 Y192.677 E8.07432
G1 X195.635 Y192.389 E.01379
G1 X26.961 Y23.715 E8.07432
G1 X27.248 Y23.427 E.01376
G1 X195.923 Y192.102 E8.07437
G1 X196.211 Y191.814 E.01379
G1 X27.536 Y23.139 E8.07437
G1 X27.824 Y22.852 E.01376
G1 X196.498 Y191.526 E8.07432
G1 X196.786 Y191.238 E.01379
G1 X28.112 Y22.564 E8.07432
G1 X28.4 Y22.276 E.01379
G1 X197.074 Y190.95 E8.07432
G1 X197.362 Y190.662 E.01379
G1 X28.688 Y21.988 E8.07432
G1 X28.975 Y21.7 E.01376
G1 X197.65 Y190.375 E8.07437
G1 X197.938 Y190.087 E.01379
G1 X29.263 Y21.412 E8.07437
G1 X29.551 Y21.124 E.01379
G1 X198.226 Y189.799 E8.07437
G1 X198.513 Y189.511 E.01376
G1 X29.839 Y20.837 E8.07432
G1 X30.127 Y20.549 E.01379
G1 X198.801 Y189.223 E8.07432
G1 X199.089 Y188.935 E.01379
G1 X30.415 Y20.261 E8.07432
G1 X30.703 Y19.973 E.01379
G1 X199.377 Y188.647 E8.07432
G1 X199.665 Y188.36 E.01376
G1 X30.99 Y19.685 E8.07437
G1 X31.278 Y19.397 E.01379
G1 X199.953 Y188.072 E8.07437
G1 X200.24 Y187.784 E.01376
G1 X31.566 Y19.11 E8.07432
G1 X31.854 Y18.822 E.01379
G1 X200.528 Y187.496 E8.07432
G1 X200.816 Y187.208 E.01379
G1 X32.142 Y18.534 E8.07432
G1 X32.471 Y18.287 E.01393
G1 X201.104 Y186.92 E8.07236
G1 X201.392 Y186.633 E.01376
G1 X33.047 Y18.287 E8.05859
G1 X33.622 Y18.287 E.01946
G1 X201.68 Y186.345 E8.04483
G1 X201.968 Y186.057 E.01379
G1 X34.198 Y18.287 E8.03105
G1 X34.773 Y18.287 E.01946
G1 X202.255 Y185.769 E8.01726
G1 X202.543 Y185.481 E.01379
G1 X35.349 Y18.287 E8.00347
G1 X35.925 Y18.287 E.0195
G1 X202.831 Y185.193 E7.98969
G1 X203.119 Y184.905 E.01379
G1 X36.5 Y18.287 E7.97592
G1 X37.076 Y18.287 E.0195
G1 X203.407 Y184.618 E7.96216
G1 X203.695 Y184.33 E.01379
G1 X37.651 Y18.287 E7.9484
G1 X38.227 Y18.287 E.0195
G1 X203.982 Y184.042 E7.93459
G1 X204.27 Y183.754 E.01379
G1 X38.803 Y18.286 E7.92083
G1 X39.378 Y18.286 E.01946
G1 X204.558 Y183.466 E7.90706
G1 X204.846 Y183.178 E.01379
G1 X39.954 Y18.286 E7.89328
G1 X40.53 Y18.286 E.0195
G1 X205.134 Y182.89 E7.87949
G1 X205.422 Y182.603 E.01376
G1 X41.105 Y18.286 E7.86575
G1 X41.681 Y18.286 E.0195
G1 X205.71 Y182.315 E7.85197
G1 X205.997 Y182.027 E.01376
G1 X42.256 Y18.286 E7.83818
G1 X42.832 Y18.286 E.0195
G1 X206.285 Y181.739 E7.82439
G1 X206.573 Y181.451 E.01379
G1 X43.408 Y18.286 E7.81061
G1 X43.983 Y18.286 E.01946
G1 X206.861 Y181.163 E7.79684
G1 X207.149 Y180.876 E.01376
G1 X44.559 Y18.286 E7.78308
G1 X45.134 Y18.285 E.01946
G1 X207.437 Y180.588 E7.76934
G1 X207.725 Y180.3 E.01379
G1 X45.71 Y18.285 E7.75556
G1 X46.286 Y18.285 E.0195
G1 X208.012 Y180.012 E7.74175
G1 X208.3 Y179.724 E.01379
G1 X46.861 Y18.285 E7.72798
G1 X47.437 Y18.285 E.0195
G1 X208.588 Y179.436 E7.7142
G1 X208.876 Y179.148 E.01379
G1 X48.012 Y18.285 E7.70044
G1 X48.588 Y18.285 E.0195
G1 X209.164 Y178.861 E7.68667
G1 X209.452 Y178.573 E.01379
G1 X49.164 Y18.285 E7.67289
G1 X49.739 Y18.285 E.01946
G1 X209.739 Y178.285 E7.6591
G1 X210.027 Y177.997 E.01379
G1 X50.315 Y18.285 E7.64531
G1 X50.891 Y18.285 E.0195
G1 X210.315 Y177.709 E7.63153
G1 X210.603 Y177.421 E.01379
G1 X51.466 Y18.285 E7.61776
G1 X52.042 Y18.284 E.0195
G1 X210.891 Y177.134 E7.60403
G1 X211.179 Y176.846 E.01379
G1 X52.617 Y18.284 E7.59026
G1 X53.193 Y18.284 E.0195
G1 X211.467 Y176.558 E7.57648
G1 X211.754 Y176.27 E.01376
G1 X53.769 Y18.284 E7.56267
G1 X54.344 Y18.284 E.01946
G1 X212.042 Y175.982 E7.5489
G1 X212.33 Y175.694 E.01379
G1 X54.92 Y18.284 E7.53512
G1 X55.495 Y18.284 E.01946
G1 X212.618 Y175.406 E7.52136
G1 X212.906 Y175.119 E.01376
G1 X56.071 Y18.284 E7.50759
G1 X56.647 Y18.284 E.0195
G1 X213.194 Y174.831 E7.49381
G1 X213.481 Y174.543 E.01376
G1 X57.222 Y18.284 E7.48002
G1 X57.798 Y18.284 E.0195
G1 X213.769 Y174.255 E7.46623
G1 X214.057 Y173.967 E.01379
G1 X58.374 Y18.284 E7.45245
G1 X58.949 Y18.283 E.01946
G1 X214.345 Y173.679 E7.43871
G1 X214.633 Y173.391 E.01379
G1 X59.525 Y18.283 E7.42492
G1 X60.1 Y18.283 E.01946
G1 X214.921 Y173.104 E7.41118
G1 X215.209 Y172.816 E.01379
G1 X60.676 Y18.283 E7.3974
G1 X61.252 Y18.283 E.0195
G1 X215.496 Y172.528 E7.38359
G1 X215.784 Y172.24 E.01379
G1 X61.827 Y18.283 E7.36983
G1 X62.403 Y18.283 E.0195
G1 X216.072 Y171.952 E7.35604
G1 X216.36 Y171.664 E.01379
G1 X62.978 Y18.283 E7.34228
G1 X63.554 Y18.283 E.0195
G1 X216.648 Y171.377 E7.32851
G1 X217.235 Y170.987 E.02385
;WIDTH:0.38292
G1 X217.246 Y171.029 E.00123
G1 X217.174 Y171.048 E.00211
G1 X217.194 Y170.976 E.00211
;WIDTH:0.41646
G1 X217.065 Y171.033 E.00438
;WIDTH:0.449999
G1 X216.936 Y171.089 E.00476
G1 X64.13 Y18.283 E7.31473
G1 X64.705 Y18.283 E.01946
G1 X217.063 Y170.64 E7.29326
G1 X217.063 Y170.064 E.0195
G1 X65.281 Y18.282 E7.26571
G1 X65.856 Y18.282 E.01946
G1 X217.063 Y169.489 E7.23818
G1 X217.063 Y168.913 E.0195
G1 X66.432 Y18.282 E7.21061
G1 X67.008 Y18.282 E.0195
G1 X217.063 Y168.337 E7.18304
G1 X217.063 Y167.761 E.0195
G1 X67.583 Y18.282 E7.15549
G1 X68.159 Y18.282 E.0195
G1 X217.063 Y167.186 E7.12794
G1 X217.063 Y166.61 E.0195
G1 X68.735 Y18.282 E7.10037
G1 X69.31 Y18.282 E.01946
G1 X217.063 Y166.034 E7.07282
G1 X217.063 Y165.459 E.01946
G1 X69.886 Y18.282 E7.04527
G1 X70.461 Y18.282 E.01946
G1 X217.063 Y164.883 E7.01772
G1 X217.063 Y164.307 E.0195
G1 X71.037 Y18.282 E6.99015
G1 X71.613 Y18.282 E.0195
G1 X217.063 Y163.732 E6.9626
G1 X217.063 Y163.156 E.0195
G1 X72.188 Y18.281 E6.93508
G1 X72.764 Y18.281 E.0195
G1 X217.063 Y162.58 E6.9075
G1 X217.063 Y162.005 E.01946
G1 X73.339 Y18.281 E6.87998
G1 X73.915 Y18.281 E.0195
G1 X217.063 Y161.429 E6.85241
G1 X217.063 Y160.853 E.0195
G1 X74.491 Y18.281 E6.82483
G1 X75.066 Y18.281 E.01946
G1 X217.063 Y160.277 E6.79728
G1 X217.063 Y159.702 E.01946
G1 X75.642 Y18.281 E6.76974
G1 X76.217 Y18.281 E.01946
G1 X217.063 Y159.126 E6.74219
G1 X217.063 Y158.55 E.0195
G1 X76.793 Y18.281 E6.71461
G1 X77.369 Y18.281 E.0195
G1 X217.063 Y157.975 E6.68706
G1 X217.063 Y157.399 E.0195
G1 X77.944 Y18.281 E6.65952
G1 X78.52 Y18.281 E.0195
G1 X217.063 Y156.823 E6.63194
G1 X217.063 Y156.248 E.01946
G1 X79.096 Y18.28 E6.60442
G1 X79.671 Y18.28 E.01946
G1 X217.063 Y155.672 E6.57687
G1 X217.063 Y155.096 E.0195
G1 X80.222 Y18.256 E6.55047
G1 X80.606 Y18.064 E.01453
G1 X217.063 Y154.52 E6.53209
G1 X217.063 Y153.945 E.01946
G1 X80.859 Y17.741 E6.52
G1 X80.75 Y17.053 E.02358
;WIDTH:0.38292
G1 X80.731 Y17.124 E.00208
G1 X80.802 Y17.105 E.00208
G1 X80.791 Y17.064 E.0012
;WIDTH:0.41646
G1 X80.863 Y17.153 E.00356
;WIDTH:0.449999
G1 X217.063 Y153.369 E6.52019
G1 X217.063 Y152.793 E.0195
G1 X80.935 Y16.666 E6.51634
G1 X80.935 Y16.09 E.0195
G1 X217.063 Y152.218 E6.51636
G1 X217.063 Y151.642 E.0195
G1 X80.935 Y15.515 E6.51634
G1 X80.936 Y14.939 E.0195
G1 X217.063 Y151.066 E6.51631
G1 X217.063 Y150.491 E.01946
G1 X80.936 Y14.364 E6.51631
G1 X80.936 Y13.788 E.0195
G1 X217.063 Y149.915 E6.51631
G1 X217.063 Y149.339 E.0195
G1 X80.936 Y13.213 E6.51629
G1 X80.936 Y12.637 E.0195
G1 X217.063 Y148.764 E6.51631
G1 X217.063 Y148.188 E.0195
G1 X80.936 Y12.062 E6.51629
G1 X80.937 Y11.486 E.0195
G1 X217.063 Y147.612 E6.51627
G1 X217.063 Y147.036 E.0195
G1 X80.937 Y10.91 E6.51627
G1 X80.937 Y10.335 E.01946
G1 X217.063 Y146.461 E6.51627
G1 X217.063 Y145.885 E.0195
G1 X80.937 Y9.759 E6.51627
G1 X80.937 Y9.184 E.01946
G1 X217.063 Y145.309 E6.51624
G1 X217.063 Y144.734 E.01946
G1 X80.937 Y8.608 E6.51627
G1 X80.841 Y8.161 E.01548
;WIDTH:0.38292
G1 X80.822 Y8.232 E.00208
G1 X80.893 Y8.213 E.00208
G1 X80.882 Y8.172 E.0012
;WIDTH:0.41646
G1 X81.037 Y8.229 E.00513
;WIDTH:0.449999
G1 X81.192 Y8.287 E.0056
G1 X217.063 Y144.158 E6.50406
G1 X217.063 Y143.582 E.0195
G1 X81.768 Y8.287 E6.47649
G1 X82.343 Y8.287 E.01946
G1 X217.063 Y143.007 E6.44896
G1 X217.063 Y142.431 E.0195
G1 X82.919 Y8.287 E6.42139
G1 X83.495 Y8.287 E.0195
G1 X217.063 Y141.855 E6.39382
G1 X217.063 Y141.279 E.0195
G1 X84.071 Y8.287 E6.36624
G1 X84.646 Y8.287 E.01946
G1 X217.063 Y140.704 E6.33872
G1 X217.063 Y140.128 E.0195
G1 X85.222 Y8.287 E6.31115
G1 X85.798 Y8.287 E.0195
G1 X217.063 Y139.552 E6.28357
G1 X217.063 Y138.977 E.01946
G1 X86.373 Y8.287 E6.25605
G1 X86.949 Y8.287 E.0195
G1 X217.063 Y138.401 E6.22848
G1 X217.063 Y137.825 E.0195
G1 X87.525 Y8.287 E6.2009
G1 X88.1 Y8.287 E.01946
G1 X217.063 Y137.25 E6.17338
G1 X217.063 Y136.674 E.0195
G1 X88.676 Y8.287 E6.14581
G1 X89.252 Y8.287 E.0195
G1 X217.063 Y136.098 E6.11823
G1 X217.063 Y135.522 E.0195
G1 X89.828 Y8.287 E6.09066
G1 X90.403 Y8.287 E.01946
G1 X217.063 Y134.947 E6.06314
G1 X217.063 Y134.371 E.0195
G1 X90.979 Y8.287 E6.03556
G1 X91.555 Y8.287 E.0195
G1 X217.063 Y133.795 E6.00799
G1 X217.063 Y133.22 E.01946
G1 X92.13 Y8.287 E5.98046
G1 X92.706 Y8.287 E.0195
G1 X217.063 Y132.644 E5.95289
G1 X217.063 Y132.068 E.0195
G1 X93.282 Y8.287 E5.92532
G1 X93.857 Y8.287 E.01946
G1 X217.063 Y131.493 E5.89779
G1 X217.063 Y130.917 E.0195
G1 X94.433 Y8.287 E5.87022
G1 X95.009 Y8.287 E.0195
G1 X217.063 Y130.341 E5.84265
G1 X217.063 Y129.766 E.01946
G1 X95.584 Y8.287 E5.81512
G1 X96.16 Y8.287 E.0195
G1 X217.063 Y129.19 E5.78755
G1 X217.063 Y128.614 E.0195
G1 X96.736 Y8.287 E5.75998
G1 X97.312 Y8.287 E.0195
G1 X217.063 Y128.038 E5.73241
G1 X217.063 Y127.463 E.01946
G1 X97.887 Y8.287 E5.70488
G1 X98.463 Y8.287 E.0195
G1 X217.063 Y126.887 E5.67731
G1 X217.063 Y126.311 E.0195
G1 X99.039 Y8.287 E5.64974
G1 X99.614 Y8.287 E.01946
G1 X217.063 Y125.736 E5.62221
G1 X217.063 Y125.16 E.0195
G1 X100.19 Y8.287 E5.59464
G1 X100.766 Y8.287 E.0195
G1 X217.063 Y124.584 E5.56706
G1 X217.063 Y124.009 E.01946
G1 X101.341 Y8.287 E5.53954
G1 X101.917 Y8.287 E.0195
G1 X217.063 Y123.433 E5.51197
G1 X217.063 Y122.857 E.0195
G1 X102.493 Y8.287 E5.48439
G1 X103.069 Y8.287 E.0195
G1 X217.063 Y122.281 E5.45682
G1 X217.063 Y121.706 E.01946
G1 X103.644 Y8.287 E5.4293
G1 X104.22 Y8.287 E.0195
G1 X217.063 Y121.13 E5.40172
G1 X217.063 Y120.554 E.0195
G1 X104.796 Y8.287 E5.37415
G1 X105.371 Y8.287 E.01946
G1 X217.063 Y119.979 E5.34663
G1 X217.063 Y119.403 E.0195
G1 X105.947 Y8.287 E5.31905
G1 X106.523 Y8.287 E.0195
G1 X217.063 Y118.827 E5.29148
G1 X217.063 Y118.252 E.01946
G1 X107.098 Y8.287 E5.26396
G1 X107.674 Y8.287 E.0195
G1 X217.063 Y117.676 E5.23638
G1 X217.063 Y117.1 E.0195
G1 X108.25 Y8.287 E5.20881
G1 X108.826 Y8.287 E.0195
G1 X217.063 Y116.524 E5.18124
G1 X217.063 Y115.949 E.01946
G1 X109.401 Y8.287 E5.15371
G1 X109.977 Y8.287 E.0195
G1 X217.063 Y115.373 E5.12614
G1 X217.063 Y114.797 E.0195
G1 X110.553 Y8.287 E5.09857
G1 X111.128 Y8.287 E.01946
G1 X217.063 Y114.222 E5.07104
G1 X217.063 Y113.646 E.0195
G1 X111.704 Y8.287 E5.04347
G1 X112.28 Y8.287 E.0195
G1 X217.063 Y113.07 E5.0159
G1 X217.063 Y112.495 E.01946
G1 X112.855 Y8.287 E4.98837
G1 X113.431 Y8.287 E.0195
G1 X217.063 Y111.919 E4.9608
G1 X217.063 Y111.343 E.0195
G1 X114.007 Y8.287 E4.93323
G1 X114.582 Y8.287 E.01946
G1 X217.063 Y110.768 E4.9057
G1 X217.063 Y110.192 E.0195
G1 X115.158 Y8.287 E4.87813
G1 X115.734 Y8.287 E.0195
G1 X217.063 Y109.616 E4.85056
G1 X217.063 Y109.04 E.0195
G1 X116.31 Y8.287 E4.82298
G1 X116.885 Y8.287 E.01946
G1 X217.063 Y108.465 E4.79546
G1 X217.063 Y107.889 E.0195
G1 X117.461 Y8.287 E4.76789
G1 X118.037 Y8.287 E.0195
G1 X217.063 Y107.313 E4.74031
G1 X217.063 Y106.738 E.01946
G1 X118.612 Y8.287 E4.71279
G1 X119.188 Y8.287 E.0195
G1 X217.063 Y106.162 E4.68522
G1 X217.063 Y105.586 E.0195
G1 X119.764 Y8.287 E4.65764
G1 X120.339 Y8.287 E.01946
G1 X217.063 Y105.011 E4.63012
G1 X217.063 Y104.435 E.0195
G1 X120.915 Y8.287 E4.60254
G1 X121.491 Y8.287 E.0195
G1 X217.063 Y103.859 E4.57497
G1 X217.063 Y103.283 E.0195
G1 X122.067 Y8.287 E4.5474
G1 X122.642 Y8.287 E.01946
G1 X217.063 Y102.708 E4.51987
G1 X217.063 Y102.132 E.0195
G1 X123.218 Y8.287 E4.4923
G1 X123.794 Y8.287 E.0195
G1 X217.063 Y101.556 E4.46473
G1 X217.063 Y100.981 E.01946
G1 X124.369 Y8.287 E4.4372
G1 X124.945 Y8.287 E.0195
G1 X217.063 Y100.405 E4.40963
G1 X217.063 Y99.829 E.0195
G1 X125.521 Y8.287 E4.38206
G1 X126.096 Y8.287 E.01946
G1 X217.063 Y99.254 E4.35453
G1 X217.063 Y98.678 E.0195
G1 X126.672 Y8.287 E4.32696
G1 X127.248 Y8.287 E.0195
G1 X217.063 Y98.102 E4.29939
G1 X217.063 Y97.527 E.01946
G1 X127.823 Y8.287 E4.27186
G1 X128.399 Y8.287 E.0195
G1 X217.063 Y96.951 E4.24429
G1 X217.063 Y96.375 E.0195
G1 X128.975 Y8.287 E4.21672
G1 X129.551 Y8.287 E.0195
G1 X217.063 Y95.799 E4.18914
G1 X217.144 Y95.857 E.00337
;WIDTH:0.41646
G1 X217.225 Y95.915 E.00309
;WIDTH:0.38292
G1 X217.206 Y95.986 E.00208
G1 X217.277 Y95.967 E.00208
G1 X217.266 Y95.926 E.0012
;WIDTH:0.449999
G1 X217.212 Y95.482 E.01514
;WIDTH:0.38292
G1 X217.223 Y95.523 E.0012
G1 X217.152 Y95.542 E.00208
G1 X217.171 Y95.471 E.00208
;WIDTH:0.41646
G1 X217.117 Y95.347 E.0042
;WIDTH:0.449999
G1 X217.063 Y95.224 E.00455
G1 X140.119 Y18.28 E3.68326
G1 X139.99 Y18.202 E.0051
;WIDTH:0.41646
G1 X139.861 Y18.123 E.0047
;WIDTH:0.38292
G1 X139.872 Y18.164 E.0012
G1 X139.801 Y18.184 E.00209
G1 X139.82 Y18.112 E.00211
G1 X139.226 Y17.484 F7800
G1 F1200
G1 X139.237 Y17.525 E.0012
G1 X139.166 Y17.544 E.00208
G1 X139.185 Y17.473 E.00208
;WIDTH:0.41646
G1 X139.125 Y17.349 E.00428
;WIDTH:0.449999
G1 X139.065 Y17.226 E.00463
G1 X130.126 Y8.287 E.4279
G1 X130.702 Y8.287 E.0195
G1 X139.065 Y16.65 E.40033
G1 X139.065 Y16.074 E.0195
G1 X131.278 Y8.287 E.37276
G1 X131.853 Y8.287 E.01946
G1 X139.065 Y15.499 E.34523
G1 X139.064 Y14.923 E.0195
G1 X132.429 Y8.287 E.31764
G1 X133.005 Y8.287 E.0195
G1 X139.064 Y14.347 E.29006
G1 X139.064 Y13.771 E.0195
G1 X133.58 Y8.287 E.26252
G1 X134.156 Y8.287 E.0195
G1 X139.064 Y13.195 E.23494
G1 X139.064 Y12.619 E.0195
G1 X134.732 Y8.287 E.20737
G1 X135.308 Y8.287 E.0195
G1 X139.064 Y12.043 E.1798
G1 X139.063 Y11.468 E.01946
G1 X135.883 Y8.287 E.15225
G1 X136.459 Y8.287 E.0195
G1 X139.063 Y10.892 E.12468
G1 X139.226 Y10.431 E.01655
;WIDTH:0.38292
G1 X139.207 Y10.502 E.00208
G1 X139.278 Y10.483 E.00208
G1 X139.267 Y10.442 E.0012
;WIDTH:0.41646
G1 X139.165 Y10.379 E.00372
;WIDTH:0.449999
G1 X139.063 Y10.316 E.00406
G1 X137.035 Y8.287 E.0971
G1 X136.972 Y8.185 E.00406
;WIDTH:0.41646
G1 X136.908 Y8.084 E.00371
;WIDTH:0.38292
G1 X136.919 Y8.125 E.0012
G1 X136.848 Y8.144 E.00208
G1 X136.867 Y8.073 E.00208
;WIDTH:0.449999
G1 X137.61 Y8.287 E.02617
G1 X139.063 Y8.287 E.04918
G1 X139.063 Y9.74 E.04918
G1 X137.754 Y8.431 E.06266
G1 X138.623 Y8.659 F7800
;WIDTH:0.486642
G1 F1200
G1 X138.584 Y8.698 E.00203
G1 X138.598 Y8.752 E.00206
G1 X138.652 Y8.766 E.00206
G1 X138.691 Y8.727 E.00203
G1 X138.677 Y8.674 E.00202
G1 E-2 F2400
G1 X140.695 Y18.28 F7800
G1 E2 F2400
;WIDTH:0.449999
G1 F1200
G1 X217.063 Y94.648 E3.65569
G1 X217.063 Y94.072 E.0195
G1 X141.271 Y18.281 E3.62809
G1 X141.847 Y18.281 E.0195
G1 X217.063 Y93.497 E3.60054
G1 X217.063 Y92.921 E.0195
G1 X142.422 Y18.281 E3.57299
G1 X142.998 Y18.281 E.0195
G1 X217.063 Y92.345 E3.54542
G1 X217.063 Y91.77 E.01946
G1 X143.574 Y18.281 E3.51787
G1 X144.15 Y18.281 E.0195
G1 X217.063 Y91.194 E3.4903
G1 X217.063 Y90.618 E.0195
G1 X144.725 Y18.281 E3.46275
G1 X145.301 Y18.281 E.0195
G1 X217.063 Y90.042 E3.43518
G1 X217.063 Y89.467 E.01946
G1 X145.877 Y18.281 E3.40763
G1 X146.453 Y18.281 E.0195
G1 X217.063 Y88.891 E3.38006
G1 X217.063 Y88.315 E.0195
G1 X147.029 Y18.281 E3.35248
G1 X147.604 Y18.281 E.01946
G1 X217.063 Y87.74 E3.32496
G1 X217.063 Y87.164 E.0195
G1 X148.18 Y18.282 E3.29736
G1 X148.756 Y18.282 E.0195
G1 X217.063 Y86.588 E3.26979
G1 X217.063 Y86.013 E.01946
G1 X149.332 Y18.282 E3.24224
G1 X149.908 Y18.282 E.0195
G1 X217.063 Y85.437 E3.21467
G1 X217.063 Y84.861 E.0195
G1 X150.483 Y18.282 E3.18712
G1 X151.059 Y18.282 E.0195
G1 X217.063 Y84.285 E3.15955
G1 X217.063 Y83.71 E.01946
G1 X151.635 Y18.282 E3.132
G1 X152.211 Y18.282 E.0195
G1 X217.063 Y83.134 E3.10442
G1 X217.063 Y82.558 E.0195
G1 X152.786 Y18.282 E3.07688
G1 X153.362 Y18.282 E.0195
G1 X217.063 Y81.983 E3.04933
G1 X217.063 Y81.407 E.0195
G1 X153.938 Y18.282 E3.02175
G1 X154.514 Y18.282 E.0195
G1 X217.063 Y80.831 E2.99418
G1 X217.063 Y80.256 E.01946
G1 X155.09 Y18.283 E2.96661
G1 X155.665 Y18.283 E.01946
G1 X217.063 Y79.68 E2.93906
G1 X217.063 Y79.104 E.0195
G1 X156.241 Y18.283 E2.91149
G1 X156.817 Y18.283 E.0195
G1 X217.063 Y78.529 E2.88394
G1 X217.063 Y77.953 E.0195
G1 X157.393 Y18.283 E2.85637
G1 X157.968 Y18.283 E.01946
G1 X217.063 Y77.377 E2.82882
G1 X217.063 Y76.801 E.0195
G1 X158.544 Y18.283 E2.80124
G1 X159.12 Y18.283 E.0195
G1 X217.063 Y76.226 E2.7737
G1 X217.063 Y75.65 E.0195
G1 X159.696 Y18.283 E2.74612
G1 X160.272 Y18.283 E.0195
G1 X217.063 Y75.074 E2.71855
G1 X217.063 Y74.499 E.01946
G1 X160.847 Y18.283 E2.69102
G1 X161.423 Y18.283 E.0195
G1 X217.063 Y73.923 E2.66345
G1 X217.063 Y73.347 E.0195
G1 X161.999 Y18.284 E2.63586
G1 X162.575 Y18.284 E.0195
G1 X217.063 Y72.772 E2.60831
G1 X217.063 Y72.196 E.0195
G1 X163.151 Y18.284 E2.58073
G1 X163.726 Y18.284 E.01946
G1 X217.063 Y71.62 E2.55318
G1 X217.063 Y71.044 E.0195
G1 X164.302 Y18.284 E2.52561
G1 X164.878 Y18.284 E.0195
G1 X217.063 Y70.469 E2.49806
G1 X217.063 Y69.893 E.0195
G1 X165.454 Y18.284 E2.47049
G1 X166.029 Y18.284 E.01946
G1 X217.063 Y69.317 E2.44294
G1 X217.063 Y68.742 E.01946
G1 X166.605 Y18.284 E2.41539
G1 X167.181 Y18.284 E.0195
G1 X217.063 Y68.166 E2.38782
G1 X217.063 Y67.59 E.0195
G1 X167.757 Y18.284 E2.36025
G1 X168.333 Y18.285 E.0195
G1 X217.063 Y67.015 E2.33267
G1 X217.063 Y66.439 E.0195
G1 X168.908 Y18.285 E2.30513
G1 X169.484 Y18.285 E.0195
G1 X217.063 Y65.863 E2.27755
G1 X217.063 Y65.287 E.0195
G1 X170.06 Y18.285 E2.24998
G1 X170.636 Y18.285 E.0195
G1 X217.063 Y64.712 E2.22243
G1 X217.063 Y64.136 E.0195
G1 X171.211 Y18.285 E2.19488
G1 X171.787 Y18.285 E.0195
G1 X217.063 Y63.56 E2.16731
G1 X217.063 Y62.985 E.01946
G1 X172.363 Y18.285 E2.13976
G1 X172.939 Y18.285 E.0195
G1 X217.063 Y62.409 E2.11219
G1 X217.063 Y61.833 E.0195
G1 X173.515 Y18.285 E2.08462
G1 X174.09 Y18.285 E.01946
G1 X217.063 Y61.258 E2.05709
G1 X217.063 Y60.682 E.0195
G1 X174.666 Y18.285 E2.02952
G1 X175.242 Y18.286 E.0195
G1 X217.063 Y60.106 E2.00192
G1 X217.063 Y59.531 E.01946
G1 X175.818 Y18.286 E1.97437
G1 X176.393 Y18.286 E.01946
G1 X217.063 Y58.955 E1.94682
G1 X217.063 Y58.379 E.0195
G1 X176.969 Y18.286 E1.91925
G1 X177.545 Y18.286 E.0195
G1 X217.063 Y57.803 E1.89168
G1 X217.063 Y57.228 E.01946
G1 X178.121 Y18.286 E1.86413
G1 X178.697 Y18.286 E.0195
G1 X217.063 Y56.652 E1.83656
G1 X217.063 Y56.076 E.0195
G1 X179.272 Y18.286 E1.80901
G1 X179.848 Y18.286 E.0195
G1 X217.063 Y55.501 E1.78146
G1 X217.063 Y54.925 E.0195
G1 X180.424 Y18.286 E1.75389
G1 X181 Y18.286 E.0195
G1 X217.063 Y54.349 E1.72631
G1 X217.063 Y53.774 E.01946
G1 X181.576 Y18.286 E1.69876
G1 X182.151 Y18.287 E.01946
G1 X217.063 Y53.198 E1.67119
G1 X217.063 Y52.622 E.0195
G1 X182.727 Y18.287 E1.64362
G1 X183.303 Y18.287 E.0195
G1 X217.063 Y52.046 E1.61605
G1 X217.063 Y51.471 E.01946
G1 X183.879 Y18.287 E1.5885
G1 X184.454 Y18.287 E.01946
G1 X217.063 Y50.895 E1.56095
G1 X217.063 Y50.319 E.0195
G1 X185.03 Y18.287 E1.53338
G1 X185.606 Y18.287 E.0195
G1 X217.063 Y49.744 E1.50583
G1 X217.063 Y49.168 E.0195
G1 X186.182 Y18.287 E1.47825
G1 X186.758 Y18.287 E.0195
G1 X217.063 Y48.592 E1.45068
G1 X217.063 Y48.017 E.01946
G1 X187.333 Y18.287 E1.42316
G1 X187.613 Y18.284 E.00948
;WIDTH:0.443254
G1 X217.066 Y47.737 E1.38654
;LAYER_CHANGE
;Z:0.8
;HEIGHT:0.2
G1 E-2 F2400
G1 Z.8 F7800
G1 X56.001 Y209.24
G1 E2 F2400
;TYPE:Perimeter
;WIDTH:0.449999
G1 F3600
G1 X55.8 Y209.228 E.00682
;TYPE:Overhang perimeter
;WIDTH:0.4
;HEIGHT:0.4
M106 S255
G1 X55.632 Y209.218 E.00879
G1 X55.632 Y204.482 E.24743
G1 X164.368 Y204.482 E5.6809
G1 X164.368 Y209.218 E.24743
G1 X164.2 Y209.228 E.00879
M107
;TYPE:Perimeter
;WIDTH:0.449999
;HEIGHT:0.2
G1 X163.772 Y209.254 E.01451
G1 X163.734 Y209.307 E.00221
G1 X56.266 Y209.307 E3.63766
G1 X56.228 Y209.254 E.00221
G1 X56.06 Y209.244 E.0057
G1 X56 Y209.625 F7800
;TYPE:External perimeter
G1 F1800
G1 X55.8 Y209.625 E.00677
;TYPE:Overhang perimeter
;WIDTH:0.4
;HEIGHT:0.4
M106 S255
G1 F3600
G1 X55.225 Y209.625 E.03004
G1 X55.225 Y204.075 E.28996
G1 X164.775 Y204.075 E5.72343
G1 X164.775 Y209.625 E.28996
G1 X164.2 Y209.633 E.03004
M107
;TYPE:External perimeter
;WIDTH:0.449999
;HEIGHT:0.2
G1 F1800
G1 X163.91 Y209.637 E.00982
G1 X163.885 Y209.672 E.00146
;TYPE:Overhang perimeter
;WIDTH:0.4
;HEIGHT:0.4
M106 S255
G1 F3600
G1 X163.855 Y209.714 E.0027
G1 X56.145 Y209.714 E5.6273
G1 X56.115 Y209.672 E.0027
M107
;TYPE:External perimeter
;WIDTH:0.449999
;HEIGHT:0.2
G1 F1800
G1 X56.09 Y209.637 E.00146
G1 X56.06 Y209.632 E.00103
G1 X55.66 Y209.626 F7800
G1 E-2 F2400
G1 X57.673 Y207.901 F7800
G1 E2 F2400
;TYPE:Solid infill
G1 F1200
G1 X162.327 Y207.901 E3.54241
G1 X162.328 Y209.002 E.03727
G1 X57.669 Y209.002 E3.54258
G1 X57.673 Y208.104 E.0304
G1 X58.05 Y208.308 E.01451
;WIDTH:0.390042
G1 X58.05 Y208.625 E.00915
G1 X161.951 Y208.625 E2.99893
G1 X161.95 Y208.278 E.01002
G1 X58.224 Y208.278 E2.99388
G1 E-2 F2400
G1 X164.244 Y204.815 F7800
G1 E2 F2400
;TYPE:Bridge infill
;WIDTH:0.412169
;HEIGHT:0.4
M106 S255
G1 F3600
G1 X55.959 Y204.815 E6.0068
G1 X55.959 Y205.277 E.02563
G1 X164.041 Y205.277 E5.99553
G1 X164.041 Y205.739 E.02563
G1 X55.959 Y205.739 E5.99553
G1 X55.959 Y206.201 E.02563
G1 X164.041 Y206.201 E5.99553
G1 X164.041 Y206.664 E.02568
G1 X55.959 Y206.664 E5.99553
G1 X55.959 Y207.126 E.02563
G1 X164.041 Y207.126 E5.99553
G1 X164.041 Y207.588 E.02563
G1 X55.959 Y207.588 E5.99553
G1 X55.959 Y208.05 E.02563
G1 X57.245 Y208.05 E.07134
G1 X57.245 Y208.512 E.02563
G1 X55.959 Y208.512 E.07134
G1 X55.959 Y208.891 E.02102
G1 X56.369 Y208.95 E.02298
G1 X56.386 Y208.974 E.00163
G1 X57.447 Y208.974 E.05886
M107
G1 E-2 F2400
G1 X162.553 Y208.05 F7800
G1 E2 F2400
M106 S255
G1 F3600
G1 X164.041 Y208.05 E.08254
G1 X164.041 Y208.512 E.02563
G1 X162.755 Y208.512 E.07134
G1 X162.755 Y208.975 E.02568
G1 X164.244 Y208.975 E.0826
M107
G1 E-2 F2400
G1 X80.632 Y7.982 F7800
G1 E2 F2400
;TYPE:Perimeter
;WIDTH:0.449999
;HEIGHT:0.2
G1 F3600
G1 X139.368 Y7.982 E1.98814
G1 X139.368 Y17.444 E.32028
G1 X139.472 Y17.713 E.00976
G1 X139.684 Y17.906 E.0097
G1 X139.972 Y17.982 E.01008
G1 X187.738 Y17.982 E1.61682
G1 X217.368 Y47.612 E1.41837
G1 X217.368 Y171.088 E4.17951
G1 X187.738 Y200.718 E1.41837
G1 X32.262 Y200.718 E5.26267
G1 X2.632 Y171.088 E1.41837
G1 X2.632 Y47.612 E4.17951
G1 X32.262 Y17.982 E1.41837
G1 X80.076 Y17.982 E1.61844
G1 X80.366 Y17.876 E.01045
G1 X80.564 Y17.651 E.01014
G1 X80.632 Y17.371 E.00975
G1 X80.632 Y8.042 E.31578
G1 X80.225 Y7.575 F7800
;TYPE:External perimeter
G1 F1800
G1 X139.775 Y7.575 E2.01569
G1 X139.775 Y17.371 E.33158
G1 X139.825 Y17.505 E.00484
G1 X139.976 Y17.575 E.00563
G1 X187.907 Y17.575 E1.6224
G1 X217.775 Y47.443 E1.42976
G1 X217.775 Y171.257 E4.19095
G1 X187.907 Y201.125 E1.42976
G1 X32.093 Y201.125 E5.27411
G1 X2.225 Y171.257 E1.42976
G1 X2.225 Y47.443 E4.19095
G1 X32.093 Y17.575 E1.42976
G1 X80.021 Y17.575 E1.6223
G1 X80.155 Y17.525 E.00484
G1 X80.225 Y17.371 E.00573
G1 X80.225 Y7.635 E.32955
G1 X80.621 Y7.576 F7800
G1 E-2 F2400
G1 X33.002 Y18.287 F7800
G1 E2 F2400
;TYPE:Internal infill
;WIDTH:0.45
G1 F4800
G1 X32.388 Y18.287 E.02078
G1 X31.095 Y19.581 E.06192
G1 X199.769 Y188.255 E8.07433
G1 X194.012 Y194.012 E.27558
G1 X25.338 Y25.338 E8.07433
G1 X19.581 Y31.095 E.27558
G1 X188.255 Y199.769 E8.07433
G1 X189.982 Y198.042 E.08267
G1 E-2 F2400
G1 X215.313 Y172.711 F7800
G1 E2 F2400
G1 F4800
G1 X217.04 Y170.984 E.08267
G1 X64.338 Y18.283 E7.30974
G1 X63.55 Y18.283 E.02667
G1 X2.937 Y78.895 E2.90149
G1 X2.937 Y83.535 E.15706
G1 X119.815 Y200.413 E5.59489
G1 X123.213 Y200.413 E.11502
G1 X217.063 Y106.563 E4.49255
G1 X217.063 Y101.923 E.15706
G1 X123.427 Y8.287 E4.4823
G1 X119.601 Y8.287 E.12951
G1 X2.937 Y124.951 E5.58464
G1 X2.937 Y129.591 E.15706
G1 X73.759 Y200.413 E3.39021
G1 X77.157 Y200.413 E.11502
G1 X217.063 Y60.507 E6.69722
G1 X217.063 Y55.867 E.15706
G1 X179.481 Y18.286 E1.79901
G1 X178.686 Y18.286 E.02691
G1 X14.474 Y182.498 E7.86074
G1 X20.231 Y188.255 E.27558
G1 X188.905 Y19.581 E8.07433
G1 X194.662 Y25.338 E.27558
G1 X25.988 Y194.012 E8.07433
G1 X31.745 Y199.769 E.27558
G1 X200.419 Y31.095 E8.07433
G1 X202.146 Y32.822 E.08267
G1 E-2 F2400
G1 X216.223 Y46.899 F7800
G1 E2 F2400
G1 F4800
G1 X217.063 Y47.738 E.04019
G1 X217.063 Y48.993 E.04248
G1 X65.643 Y200.413 E7.24839
G1 X62.245 Y200.413 E.11502
G1 X2.937 Y141.105 E2.83904
G1 X2.937 Y136.465 E.15706
G1 X131.115 Y8.287 E6.13581
G1 X134.941 Y8.287 E.12951
G1 X139.064 Y12.41 E.19737
G1 X139.064 Y11.853 E.01885
G1 X2.937 Y147.979 E6.5163
G1 X2.937 Y152.619 E.15706
G1 X50.731 Y200.413 E2.28787
G1 X54.129 Y200.413 E.11502
G1 X211.933 Y42.609 E7.55399
G1 X206.176 Y36.852 E.27558
G1 X42.615 Y200.413 E7.82957
G1 X39.217 Y200.413 E.11502
G1 X2.937 Y164.133 E1.7367
G1 X2.937 Y159.493 E.15706
G1 X144.149 Y18.281 E6.75974
G1 X144.935 Y18.281 E.02661
G1 X217.063 Y90.409 E3.45273
G1 X217.063 Y95.049 E.15706
G1 X111.699 Y200.413 E5.04372
G1 X108.301 Y200.413 E.11502
G1 X2.937 Y95.049 E5.04372
G1 X2.937 Y90.409 E.15706
G1 X75.066 Y18.281 E3.45275
G1 X75.851 Y18.281 E.02657
G1 X217.063 Y159.493 E6.75974
G1 X217.063 Y164.133 E.15706
G1 X180.783 Y200.413 E1.7367
G1 X177.385 Y200.413 E.11502
G1 X13.824 Y36.852 E7.82957
G1 X8.067 Y42.609 E.27558
G1 X165.871 Y200.413 E7.55399
G1 X169.269 Y200.413 E.11502
G1 X217.063 Y152.619 E2.28787
G1 X217.063 Y147.979 E.15706
G1 X80.936 Y11.853 E6.5163
G1 X80.936 Y12.41 E.01885
G1 X85.059 Y8.287 E.19737
G1 X88.885 Y8.287 E.12951
G1 X217.063 Y136.465 E6.13581
G1 X217.063 Y141.105 E.15706
G1 X157.755 Y200.413 E2.83904
G1 X154.357 Y200.413 E.11502
G1 X2.937 Y48.993 E7.24839
G1 X2.937 Y47.738 E.04248
G1 X3.777 Y46.899 E.04019
G1 E-2 F2400
G1 X4.687 Y172.711 F7800
G1 E2 F2400
G1 F4800
G1 X2.96 Y170.984 E.08267
G1 X155.662 Y18.283 E7.30974
G1 X156.45 Y18.283 E.02667
G1 X217.063 Y78.895 E2.90149
G1 X217.063 Y83.535 E.15706
G1 X100.185 Y200.413 E5.59489
G1 X96.787 Y200.413 E.11502
G1 X2.937 Y106.563 E4.49255
G1 X2.937 Y101.923 E.15706
G1 X96.573 Y8.287 E4.4823
G1 X100.399 Y8.287 E.12951
G1 X217.063 Y124.951 E5.58464
G1 X217.063 Y129.591 E.15706
G1 X146.241 Y200.413 E3.39021
G1 X142.843 Y200.413 E.11502
G1 X2.937 Y60.507 E6.69722
G1 X2.937 Y55.867 E.15706
G1 X40.519 Y18.286 E1.79901
G1 X41.314 Y18.286 E.02691
G1 X205.526 Y182.498 E7.86074
G1 X211.283 Y176.741 E.27558
G1 X52.826 Y18.284 E7.58525
G1 X52.034 Y18.284 E.02681
G1 X2.937 Y67.381 E2.35025
G1 X2.937 Y72.021 E.15706
G1 X131.329 Y200.413 E6.14605
G1 X134.727 Y200.413 E.11502
G1 X217.063 Y118.077 E3.94138
G1 X217.063 Y113.437 E.15706
G1 X111.913 Y8.287 E5.03347
G1 X108.087 Y8.287 E.12951
G1 X2.937 Y113.437 E5.03347
G1 X2.937 Y118.077 E.15706
G1 X85.273 Y200.413 E3.94138
G1 X88.671 Y200.413 E.11502
G1 X217.063 Y72.021 E6.14605
G1 X217.063 Y67.381 E.15706
G1 X167.966 Y18.284 E2.35025
G1 X167.174 Y18.284 E.02681
G1 X8.717 Y176.741 E7.58525
G1 X10.444 Y178.468 E.08267
;LAYER_CHANGE
;Z:1
;HEIGHT:0.2
G1 E-2 F2400
G1 Z1 F7800
G1 X56.43 Y209.432
G1 E2 F2400
;TYPE:Perimeter
;WIDTH:0.449999
G1 F3600
G1 X56.38 Y209.335 E.00369
G1 X56.021 Y209.218 E.01278
G1 X55.632 Y209.218 E.01317
G1 X55.632 Y204.482 E.16031
G1 X164.368 Y204.482 E3.68058
G1 X164.368 Y209.218 E.16031
G1 X163.979 Y209.218 E.01317
G1 X163.62 Y209.335 E.01278
G1 X163.443 Y209.681 E.01316
G1 X56.557 Y209.681 E3.61796
G1 X56.457 Y209.486 E.00742
G1 X56.158 Y209.697 F7800
;TYPE:External perimeter
G1 F1800
G1 X56.141 Y209.664 E.00126
G1 X56.021 Y209.625 E.00427
G1 X55.225 Y209.625 E.02694
G1 X55.225 Y204.075 E.18786
G1 X164.775 Y204.075 E3.70813
G1 X164.775 Y209.625 E.18786
G1 X163.979 Y209.625 E.02694
G1 X163.859 Y209.664 E.00427
G1 X163.775 Y209.829 E.00627
G1 X163.775 Y210.088 E.00877
G1 X56.225 Y210.088 E3.64043
G1 X56.225 Y209.829 E.00877
G1 X56.185 Y209.75 E.003
G1 X55.803 Y209.631 F7800
G1 X57.403 Y208.45
;TYPE:Internal infill
;WIDTH:0.45
G1 F4800
G1 X57.023 Y208.45 E.01286
G1 X57.023 Y207.25 E.04062
G1 X57.569 Y207.25 E.01848
G1 X58.768 Y208.45 E.05742
G1 X57.606 Y208.45 E.03933
G1 X58.805 Y207.25 E.05742
G1 X69.083 Y207.25 E.3479
G1 X70.282 Y208.45 E.05742
G1 X69.12 Y208.45 E.03933
G1 X70.319 Y207.25 E.05742
G1 X80.597 Y207.25 E.3479
G1 X81.796 Y208.45 E.05742
G1 X80.634 Y208.45 E.03933
G1 X81.833 Y207.25 E.05742
G1 X92.111 Y207.25 E.3479
G1 X93.31 Y208.45 E.05742
G1 X92.148 Y208.45 E.03933
G1 X93.347 Y207.25 E.05742
G1 X103.625 Y207.25 E.3479
G1 X104.824 Y208.45 E.05742
G1 X103.662 Y208.45 E.03933
G1 X104.861 Y207.25 E.05742
G1 X115.139 Y207.25 E.3479
G1 X116.338 Y208.45 E.05742
G1 X115.176 Y208.45 E.03933
G1 X116.375 Y207.25 E.05742
G1 X126.653 Y207.25 E.3479
G1 X127.852 Y208.45 E.05742
G1 X126.69 Y208.45 E.03933
G1 X127.889 Y207.25 E.05742
G1 X138.167 Y207.25 E.3479
G1 X139.366 Y208.45 E.05742
G1 X138.204 Y208.45 E.03933
G1 X139.403 Y207.25 E.05742
G1 X149.681 Y207.25 E.3479
G1 X150.88 Y208.45 E.05742
G1 X149.718 Y208.45 E.03933
G1 X150.917 Y207.25 E.05742
G1 X161.195 Y207.25 E.3479
G1 X162.394 Y208.45 E.05742
G1 X161.232 Y208.45 E.03933
G1 X162.431 Y207.25 E.05742
G1 X162.977 Y207.25 E.01848
G1 X162.977 Y208.45 E.04062
G1 X162.597 Y208.45 E.01286
G1 E-2 F2400
G1 X56.548 Y207.147 F7800
G1 E2 F2400
;TYPE:Solid infill
;WIDTH:0.585683
G1 F1200
G1 X56.624 Y207.066 E.00501
;WIDTH:0.540455
G1 X56.7 Y206.984 E.00463
;WIDTH:0.495227
G1 X56.776 Y206.903 E.00418
;WIDTH:0.449999
G1 X56.965 Y206.843 E.00671
G1 X163.081 Y206.843 E3.5919
G1 X163.224 Y206.903 E.00525
;WIDTH:0.495227
G1 X163.3 Y206.969 E.00379
;WIDTH:0.540455
G1 X163.376 Y207.035 E.00416
;WIDTH:0.585683
G1 X163.452 Y207.101 E.00454
G1 X163.452 Y208.553 E.06553
;WIDTH:0.588527
G1 X163.35 Y208.77 E.01088
G1 X163.273 Y208.846 E.00491
G1 X163.258 Y208.833 E.0009
;WIDTH:0.547743
G1 X163.242 Y208.819 E.00089
;WIDTH:0.506959
G1 X163.081 Y208.885 E.00671
;WIDTH:0.506065
G1 X56.919 Y208.885 E4.08837
;WIDTH:0.545874
G1 X56.734 Y208.738 E.00988
;WIDTH:0.585683
G1 X56.548 Y208.591 E.0107
G1 X56.548 Y207.351 E.05596
;WIDTH:0.449999
G1 X56.461 Y206.653 E.02381
G1 X56.488 Y206.615 E.00158
G1 X56.965 Y206.436 E.01725
G1 X163.081 Y206.436 E3.5919
G1 X163.512 Y206.615 E.0158
;WIDTH:0.461834
G1 X163.638 Y206.697 E.00524
G1 X163.656 Y205.861 E.02913
;WIDTH:0.449999
G1 X163.656 Y205.194 E.02258
G1 X56.344 Y205.194 E3.63238
G1 X56.344 Y206.819 E.055
;WIDTH:0.480366
G1 X56.156 Y206.859 E.00699
;WIDTH:0.510732
G1 X55.968 Y206.899 E.00748
;WIDTH:0.548208
G1 X55.986 Y207.023 E.00526
;WIDTH:0.585683
G1 X56.005 Y207.147 E.00566
G1 X56.005 Y208.553 E.06345
;WIDTH:0.588527
G1 X56.007 Y208.844 E.0132
G1 X56.195 Y208.891 E.00879
G1 X56.336 Y208.98 E.00756
;WIDTH:0.547883
G1 X56.477 Y209.069 E.007
;WIDTH:0.507239
G1 X56.617 Y209.157 E.00638
;WIDTH:0.506065
G1 X56.737 Y209.348 E.00869
G1 X163.081 Y209.348 E4.09538
;WIDTH:0.506959
G1 X163.263 Y209.347 E.00702
;WIDTH:0.547743
G1 X163.342 Y209.187 E.00749
;WIDTH:0.588527
G1 X163.421 Y209.026 E.00814
G1 X163.91 Y208.857 E.02347
G1 X163.995 Y208.843 E.00391
;WIDTH:0.585683
G1 X163.995 Y207.147 E.07654
G1 X164.017 Y206.95 E.00895
;WIDTH:0.540455
G1 X164.04 Y206.753 E.00821
;WIDTH:0.495227
G1 X164.063 Y206.556 E.00746
;WIDTH:0.449999
G1 X164.063 Y204.787 E.05988
G1 X55.937 Y204.787 E3.65993
G1 X55.937 Y206.697 E.06465
G1 X56.757 Y206.091 F7800
;WIDTH:0.460283
G1 F1200
G1 X56.757 Y205.607 E.0168
G1 X163.243 Y205.607 E3.69548
G1 X163.243 Y206.091 E.0168
G1 X163.081 Y206.024 E.00608
G1 X56.95 Y206.029 E3.68316
G1 E-2 F2400
G1 X80.632 Y7.982 F7800
G1 E2 F2400
;TYPE:Perimeter
;WIDTH:0.449999
G1 F3600
G1 X139.368 Y7.982 E1.98814
G1 X139.368 Y17.444 E.32028
G1 X139.472 Y17.713 E.00976
G1 X139.684 Y17.906 E.0097
G1 X139.972 Y17.982 E.01008
G1 X187.738 Y17.982 E1.61682
G1 X217.368 Y47.612 E1.41837
G1 X217.368 Y171.088 E4.17951
G1 X187.738 Y200.718 E1.41837
G1 X32.262 Y200.718 E5.26267
G1 X2.632 Y171.088 E1.41837
G1 X2.632 Y47.612 E4.17951
G1 X32.262 Y17.982 E1.41837
G1 X80.076 Y17.982 E1.61844
G1 X80.366 Y17.876 E.01045
G1 X80.564 Y17.651 E.01014
G1 X80.632 Y17.371 E.00975
G1 X80.632 Y8.042 E.31578
G1 X80.225 Y7.575 F7800
;TYPE:External perimeter
G1 F1800
G1 X139.775 Y7.575 E2.01569
G1 X139.775 Y17.371 E.33158
G1 X139.825 Y17.505 E.00484
G1 X139.976 Y17.575 E.00563
G1 X187.907 Y17.575 E1.6224
G1 X217.775 Y47.443 E1.42976
G1 X217.775 Y171.257 E4.19095
G1 X187.907 Y201.125 E1.42976
G1 X32.093 Y201.125 E5.27411
G1 X2.225 Y171.257 E1.42976
G1 X2.225 Y47.443 E4.19095
G1 X32.093 Y17.575 E1.42976
G1 X80.021 Y17.575 E1.6223
G1 X80.155 Y17.525 E.00484
G1 X80.225 Y17.371 E.00573
G1 X80.225 Y7.635 E.32955
G1 X80.621 Y7.576 F7800
G1 E-2 F2400
G1 X33.339 Y18.694 F7800
G1 E2 F2400
;TYPE:Internal infill
;WIDTH:0.45
G1 F4800
G1 X32.557 Y18.694 E.02647
G1 X31.383 Y19.869 E.05622
G1 X199.481 Y187.967 E8.04676
G1 X193.724 Y193.724 E.27558
G1 X25.626 Y25.626 E8.04676
G1 X19.869 Y31.383 E.27558
G1 X187.967 Y199.481 E8.04676
G1 X189.694 Y197.754 E.08267
G1 E-2 F2400
G1 X215.065 Y172.383 F7800
G1 E2 F2400
G1 F4800
G1 X216.656 Y170.793 E.07614
G1 X216.656 Y170.6 E.00653
G1 X64.745 Y18.69 E7.27187
G1 X63.143 Y18.69 E.05423
G1 X3.344 Y78.488 E2.86252
G1 X3.344 Y83.942 E.18461
G1 X119.408 Y200.006 E5.55592
G1 X123.62 Y200.006 E.14257
G1 X216.656 Y106.97 E4.45358
G1 X216.656 Y101.516 E.18461
G1 X123.427 Y8.287 E4.46282
G1 X119.601 Y8.287 E.12951
G1 X3.344 Y124.544 E5.56516
G1 X3.344 Y129.998 E.18461
G1 X73.352 Y200.006 E3.35124
G1 X77.564 Y200.006 E.14257
G1 X216.656 Y60.914 E6.65826
G1 X216.656 Y55.46 E.18461
G1 X179.889 Y18.693 E1.76002
G1 X178.279 Y18.693 E.0545
G1 X14.762 Y182.21 E7.82747
G1 X9.005 Y176.453 E.27558
G1 X166.767 Y18.691 E7.55198
G1 X168.373 Y18.692 E.05436
G1 X216.656 Y66.974 E2.31126
G1 X216.656 Y72.428 E.18461
G1 X89.078 Y200.006 E6.10709
G1 X84.866 Y200.006 E.14257
G1 X3.344 Y118.484 E3.90241
G1 X3.344 Y113.03 E.18461
G1 X108.087 Y8.287 E5.01399
G1 X111.913 Y8.287 E.12951
G1 X216.656 Y113.03 E5.01399
G1 X216.656 Y118.484 E.18461
G1 X135.134 Y200.006 E3.90241
G1 X130.922 Y200.006 E.14257
G1 X3.344 Y72.428 E6.10709
G1 X3.344 Y66.974 E.18461
G1 X51.627 Y18.692 E2.31126
G1 X53.233 Y18.691 E.05436
G1 X210.995 Y176.453 E7.55198
G1 X205.238 Y182.21 E.27558
G1 X41.721 Y18.693 E7.82747
G1 X40.111 Y18.693 E.0545
G1 X3.344 Y55.46 E1.76002
G1 X3.344 Y60.914 E.18461
G1 X142.436 Y200.006 E6.65826
G1 X146.648 Y200.006 E.14257
G1 X216.656 Y129.998 E3.35124
G1 X216.656 Y124.544 E.18461
G1 X100.399 Y8.287 E5.56516
G1 X96.573 Y8.287 E.12951
G1 X3.344 Y101.516 E4.46282
G1 X3.344 Y106.97 E.18461
G1 X96.38 Y200.006 E4.45358
G1 X100.592 Y200.006 E.14257
G1 X216.656 Y83.942 E5.55592
G1 X216.656 Y78.488 E.18461
G1 X156.857 Y18.69 E2.86252
G1 X155.255 Y18.69 E.05423
G1 X3.344 Y170.6 E7.27187
G1 X3.344 Y170.793 E.00653
G1 X4.935 Y172.383 E.07614
G1 E-2 F2400
G1 X30.306 Y197.754 F7800
G1 E2 F2400
G1 F4800
G1 X32.033 Y199.481 E.08267
G1 X200.131 Y31.383 E8.04676
G1 X205.888 Y37.14 E.27558
G1 X43.022 Y200.006 E7.79631
G1 X38.81 Y200.006 E.14257
G1 X3.344 Y164.54 E1.69774
G1 X3.344 Y159.086 E.18461
G1 X143.742 Y18.688 E6.72077
G1 X145.342 Y18.688 E.05416
G1 X216.656 Y90.002 E3.41376
G1 X216.656 Y95.456 E.18461
G1 X112.106 Y200.006 E5.00475
G1 X107.894 Y200.006 E.14257
G1 X3.344 Y95.456 E5.00475
G1 X3.344 Y90.002 E.18461
G1 X74.658 Y18.688 E3.41376
G1 X76.258 Y18.688 E.05416
G1 X216.656 Y159.086 E6.72077
G1 X216.656 Y164.54 E.18461
G1 X181.19 Y200.006 E1.69774
G1 X176.978 Y200.006 E.14257
G1 X14.112 Y37.14 E7.79631
G1 X8.355 Y42.897 E.27558
G1 X165.464 Y200.006 E7.52072
G1 X169.676 Y200.006 E.14257
G1 X216.656 Y153.026 E2.24891
G1 X216.656 Y147.572 E.18461
G1 X80.936 Y11.853 E6.49682
G1 X80.936 Y12.41 E.01885
G1 X85.059 Y8.287 E.19737
G1 X88.885 Y8.287 E.12951
G1 X216.656 Y136.058 E6.11633
G1 X216.656 Y141.512 E.18461
G1 X158.162 Y200.006 E2.80008
G1 X153.95 Y200.006 E.14257
G1 X3.344 Y49.4 E7.20943
G1 X3.344 Y47.907 E.05054
G1 X4.016 Y47.236 E.03214
G1 E-2 F2400
G1 X139.064 Y12.07 F7800
G1 E2 F2400
;TYPE:Solid infill
;WIDTH:0.450028
G1 F1200
G1 X139.065 Y17.425 E.18127
G1 X139.162 Y17.779 E.01243
G1 X139.347 Y18.03 E.01056
G1 X139.597 Y18.2 E.01023
G1 X139.887 Y18.28 E.01018
G1 X187.527 Y18.287 E1.61267
G1 X187.671 Y18.347 E.00528
G1 X217.003 Y47.679 E1.4042
G1 X217.063 Y47.79 E.00427
G1 X217.063 Y170.877 E4.16664
G1 X217.026 Y170.998 E.00428
G1 X187.671 Y200.353 E1.40531
G1 X187.527 Y200.413 E.00528
G1 X32.473 Y200.413 E5.24876
G1 X32.329 Y200.353 E.00528
G1 X2.997 Y171.021 E1.4042
G1 X2.937 Y170.877 E.00528
G1 X2.937 Y47.823 E4.16552
G1 X2.997 Y47.679 E.00528
G1 X32.329 Y18.347 E1.4042
G1 X32.473 Y18.287 E.00528
G1 X80.113 Y18.28 E1.61267
G1 X80.464 Y18.169 E.01246
;WIDTH:0.450594
G1 X80.709 Y17.968 E.01074
G1 X80.896 Y17.615 E.01354
;WIDTH:0.45321
G1 X80.934 Y16.743 E.02978
G1 E-2 F2400
G1 X186.661 Y18.694 F7800
G1 E2 F2400
;TYPE:Internal infill
;WIDTH:0.45
G1 F4800
G1 X187.443 Y18.694 E.02647
G1 X188.617 Y19.869 E.05622
G1 X20.519 Y187.967 E8.04676
G1 X26.276 Y193.724 E.27558
G1 X194.374 Y25.626 E8.04676
G1 X196.101 Y27.353 E.08267
G1 E-2 F2400
G1 X209.918 Y41.17 F7800
G1 E2 F2400
G1 F4800
G1 X211.645 Y42.897 E.08267
G1 X54.536 Y200.006 E7.52072
G1 X50.324 Y200.006 E.14257
G1 X3.344 Y153.026 E2.24891
G1 X3.344 Y147.572 E.18461
G1 X138.657 Y12.26 E6.47733
G1 X138.657 Y12.003 E.0087
G1 X134.941 Y8.287 E.17788
G1 X131.115 Y8.287 E.12951
G1 X3.344 Y136.058 E6.11633
G1 X3.344 Y141.512 E.18461
G1 X61.838 Y200.006 E2.80008
G1 X66.05 Y200.006 E.14257
G1 X216.656 Y49.4 E7.20943
G1 X216.656 Y47.907 E.05054
G1 X215.984 Y47.236 E.03214
;LAYER_CHANGE
;Z:1.2
;HEIGHT:0.2
G1 E-2 F2400
G1 Z1.2 F7800
G1 X56.437 Y209.412
G1 E2 F2400
;TYPE:Perimeter
;WIDTH:0.449999
G1 F3600
G1 X56.296 Y209.283 E.00647
G1 X56.021 Y209.218 E.00956
G1 X55.632 Y209.218 E.01317
G1 X55.632 Y204.482 E.16031
G1 X164.368 Y204.482 E3.68058
G1 X164.368 Y209.218 E.16031
G1 X163.979 Y209.218 E.01317
G1 X163.704 Y209.283 E.00956
G1 X163.46 Y209.506 E.01119
G1 X163.368 Y209.829 E.01137
G1 X163.368 Y209.996 E.00565
G1 X56.632 Y209.996 E3.61288
G1 X56.632 Y209.829 E.00565
G1 X56.54 Y209.506 E.01137
G1 X56.482 Y209.453 E.00266
G1 X56.165 Y209.693 F7800
;TYPE:External perimeter
G1 F1800
G1 X56.158 Y209.677 E.00059
G1 X56.021 Y209.625 E.00496
G1 X55.225 Y209.625 E.02694
G1 X55.225 Y204.075 E.18786
G1 X164.775 Y204.075 E3.70813
G1 X164.775 Y209.625 E.18786
G1 X163.979 Y209.625 E.02694
G1 X163.842 Y209.677 E.00496
G1 X163.775 Y209.829 E.00562
G1 X163.775 Y210.403 E.01943
G1 X56.225 Y210.403 E3.64043
G1 X56.225 Y209.829 E.01943
G1 X56.189 Y209.748 E.003
G1 X55.806 Y209.632 F7800
G1 X56.309 Y208.433
;TYPE:Internal infill
;WIDTH:0.45
G1 F4800
G1 X56.309 Y206.537 E.06418
G1 X56.856 Y206.537 E.01852
G1 X59.235 Y208.916 E.11388
G1 X57.139 Y208.916 E.07095
G1 X59.519 Y206.537 E.11391
G1 X68.37 Y206.537 E.2996
G1 X70.749 Y208.916 E.11388
G1 X68.653 Y208.916 E.07095
G1 X71.033 Y206.537 E.11391
G1 X79.883 Y206.537 E.29956
G1 X82.263 Y208.916 E.11391
G1 X80.167 Y208.916 E.07095
G1 X82.547 Y206.537 E.11391
G1 X91.397 Y206.537 E.29956
G1 X93.777 Y208.916 E.11391
G1 X91.681 Y208.916 E.07095
G1 X94.061 Y206.537 E.11391
G1 X102.911 Y206.537 E.29956
G1 X105.291 Y208.916 E.11391
G1 X103.195 Y208.916 E.07095
G1 X105.575 Y206.537 E.11391
G1 X114.425 Y206.537 E.29956
G1 X116.805 Y208.916 E.11391
G1 X114.709 Y208.916 E.07095
G1 X117.089 Y206.537 E.11391
G1 X125.939 Y206.537 E.29956
G1 X128.319 Y208.916 E.11391
G1 X126.223 Y208.916 E.07095
G1 X128.603 Y206.537 E.11391
G1 X137.453 Y206.537 E.29956
G1 X139.833 Y208.916 E.11391
G1 X137.737 Y208.916 E.07095
G1 X140.117 Y206.537 E.11391
G1 X148.967 Y206.537 E.29956
G1 X151.347 Y208.916 E.11391
G1 X149.251 Y208.916 E.07095
G1 X151.63 Y206.537 E.11388
G1 X160.481 Y206.537 E.2996
G1 X162.861 Y208.916 E.11391
G1 X160.765 Y208.916 E.07095
G1 X163.144 Y206.537 E.11388
G1 X163.691 Y206.537 E.01852
G1 X163.691 Y208.433 E.06418
G1 X163.227 Y209.314 F7800
;TYPE:Solid infill
;WIDTH:0.429899
G1 F1200
G1 X163.106 Y209.7 E.01302
G1 X56.894 Y209.7 E3.41763
G1 X56.761 Y209.314 E.01314
G1 X163.024 Y209.314 E3.41927
G1 E-2 F2400
G1 X163.859 Y204.787 F7800
G1 E2 F2400
;WIDTH:0.449999
G1 F1200
G1 X55.937 Y204.787 E3.65303
G1 X55.92 Y206.434 E.05575
;WIDTH:0.428719
G1 X55.969 Y206.297 E.00467
;WIDTH:0.442163
G1 X56.065 Y206.192 E.00472
;WIDTH:0.449999
G1 X56.206 Y206.13 E.00521
G1 X163.794 Y206.13 E3.64172
G1 X163.934 Y206.193 E.0052
;WIDTH:0.440224
G1 X164.079 Y206.401 E.00838
;WIDTH:0.449999
G1 X164.063 Y204.787 E.05463
G1 X163.625 Y205.225 E.02097
;WIDTH:0.510598
G1 X163.625 Y205.692 E.01816
G1 X56.375 Y205.692 E4.17069
G1 X56.375 Y205.225 E.01816
G1 X163.422 Y205.225 E4.1628
G1 X164.079 Y206.401 F7800
;WIDTH:0.417746
G1 F1200
G1 X164.08 Y206.434 E.00103
;WIDTH:0.414922
G1 X164.08 Y208.936 E.07739
G1 E-2 F2400
G1 X55.92 Y208.936 F7800
G1 E2 F2400
;WIDTH:0.41492
G1 F1200
G1 X55.92 Y206.434 E.07739
G1 E-2 F2400
G1 X80.632 Y7.982 F7800
G1 E2 F2400
;TYPE:Perimeter
;WIDTH:0.449999
G1 F3600
G1 X139.368 Y7.982 E1.98814
G1 X139.368 Y17.444 E.32028
G1 X139.472 Y17.713 E.00976
G1 X139.684 Y17.906 E.0097
G1 X139.972 Y17.982 E.01008
G1 X187.738 Y17.982 E1.61682
G1 X217.368 Y47.612 E1.41837
G1 X217.368 Y171.088 E4.17951
G1 X187.738 Y200.718 E1.41837
G1 X32.262 Y200.718 E5.26267
G1 X2.632 Y171.088 E1.41837
G1 X2.632 Y47.612 E4.17951
G1 X32.262 Y17.982 E1.41837
G1 X80.076 Y17.982 E1.61844
G1 X80.366 Y17.876 E.01045
G1 X80.564 Y17.651 E.01014
G1 X80.632 Y17.371 E.00975
G1 X80.632 Y8.042 E.31578
G1 X80.225 Y7.575 F7800
;TYPE:External perimeter
G1 F1800
G1 X139.775 Y7.575 E2.01569
G1 X139.775 Y17.371 E.33158
G1 X139.825 Y17.505 E.00484
G1 X139.976 Y17.575 E.00563
G1 X187.907 Y17.575 E1.6224
G1 X217.775 Y47.443 E1.42976
G1 X217.775 Y171.257 E4.19095
G1 X187.907 Y201.125 E1.42976
G1 X32.093 Y201.125 E5.27411
G1 X2.225 Y171.257 E1.42976
G1 X2.225 Y47.443 E4.19095
G1 X32.093 Y17.575 E1.42976
G1 X80.021 Y17.575 E1.6223
G1 X80.155 Y17.525 E.00484
G1 X80.225 Y17.371 E.00573
G1 X80.225 Y7.635 E.32955
G1 X80.621 Y7.576 F7800
G1 E-2 F2400
G1 X85.025 Y15.087 F7800
G1 E2 F2400
;TYPE:Internal infill
;WIDTH:0.45
G1 F4800
G1 X83.724 Y13.787 E.06225
G1 X83.298 Y14.214 E.02042
G1 X80.936 Y11.853 E.11304
G1 X80.936 Y12.41 E.01885
G1 X85.059 Y8.287 E.19737
G1 X88.885 Y8.287 E.12951
G1 X91.6 Y11.002 E.12997
G1 X92.027 Y10.576 E.02042
G1 X93.156 Y11.705 E.05404
G1 X96.573 Y8.287 E.16359
G1 X100.399 Y8.287 E.12951
G1 X103.085 Y10.973 E.12858
G1 X103.511 Y10.546 E.02042
G1 X104.67 Y11.705 E.05548
G1 X108.087 Y8.287 E.16359
G1 X111.913 Y8.287 E.12951
G1 X114.569 Y10.944 E.12717
G1 X114.996 Y10.517 E.02044
G1 X116.184 Y11.705 E.05687
G1 X119.601 Y8.287 E.16359
G1 X123.427 Y8.287 E.12951
G1 X126.054 Y10.914 E.12575
G1 X126.481 Y10.487 E.02044
G1 X127.698 Y11.705 E.05828
G1 X131.115 Y8.287 E.16359
G1 X134.941 Y8.287 E.12951
G1 X137.538 Y10.885 E.12434
G1 X135.811 Y12.612 E.08267
G1 E-2 F2400
G1 X187.4 Y200.594 F7800
G1 E2 F2400
;TYPE:Bridge infill
;WIDTH:0.400846
;HEIGHT:0.4
M106 S255
G1 F3600
G1 X217.041 Y170.952 E2.19935
G1 X217.041 Y170.315 E.03342
G1 X186.965 Y200.391 E2.23159
G1 X186.327 Y200.391 E.03347
G1 X217.041 Y169.677 E2.27893
G1 X217.041 Y169.039 E.03347
G1 X185.689 Y200.391 E2.32626
G1 X185.052 Y200.391 E.03342
G1 X217.041 Y168.402 E2.37353
G1 X217.041 Y167.764 E.03347
G1 X184.414 Y200.391 E2.42087
G1 X183.777 Y200.391 E.03342
G1 X217.041 Y167.127 E2.46813
G1 X217.041 Y166.489 E.03347
G1 X183.139 Y200.391 E2.51547
G1 X182.501 Y200.391 E.03347
G1 X217.041 Y165.851 E2.56281
G1 X217.041 Y165.214 E.03342
G1 X181.864 Y200.391 E2.61007
G1 X181.226 Y200.391 E.03347
G1 X217.041 Y164.576 E2.65741
G1 X217.041 Y163.939 E.03342
G1 X180.589 Y200.391 E2.70468
G1 X179.951 Y200.391 E.03347
G1 X217.041 Y163.301 E2.75201
G1 X217.041 Y162.663 E.03347
G1 X179.313 Y200.391 E2.79935
G1 X178.676 Y200.391 E.03342
G1 X217.041 Y162.026 E2.84662
G1 X217.041 Y161.388 E.03347
G1 X178.038 Y200.391 E2.89396
G1 X177.401 Y200.391 E.03342
G1 X217.041 Y160.751 E2.94122
G1 X217.041 Y160.113 E.03347
G1 X176.763 Y200.391 E2.98856
G1 X176.125 Y200.391 E.03347
G1 X217.041 Y159.476 E3.03586
G1 X217.041 Y158.838 E.03347
G1 X175.488 Y200.391 E3.08316
G1 X174.85 Y200.391 E.03347
G1 X217.041 Y158.2 E3.1305
G1 X217.041 Y157.563 E.03342
G1 X174.213 Y200.391 E3.17776
G1 X173.575 Y200.391 E.03347
G1 X217.041 Y156.925 E3.2251
G1 X217.041 Y156.288 E.03342
G1 X172.938 Y200.391 E3.27237
G1 X172.3 Y200.391 E.03347
G1 X217.041 Y155.65 E3.31971
G1 X217.041 Y155.012 E.03347
G1 X171.662 Y200.391 E3.36704
G1 X171.025 Y200.391 E.03342
G1 X217.041 Y154.375 E3.41431
G1 X217.041 Y153.737 E.03347
G1 X170.387 Y200.391 E3.46165
G1 X169.75 Y200.391 E.03342
G1 X217.041 Y153.1 E3.50891
G1 X217.041 Y152.462 E.03347
G1 X169.112 Y200.391 E3.55625
G1 X168.474 Y200.391 E.03347
G1 X217.041 Y151.824 E3.60359
G1 X217.041 Y151.187 E.03342
G1 X167.837 Y200.391 E3.65085
G1 X167.199 Y200.391 E.03347
G1 X217.041 Y150.549 E3.69819
G1 X217.041 Y149.912 E.03342
G1 X166.562 Y200.391 E3.74546
G1 X165.924 Y200.391 E.03347
G1 X217.041 Y149.274 E3.79279
G1 X217.041 Y148.636 E.03347
G1 X165.286 Y200.391 E3.84013
G1 X164.649 Y200.391 E.03342
G1 X217.041 Y147.999 E3.8874
G1 X217.041 Y147.361 E.03347
G1 X164.011 Y200.391 E3.93474
G1 X163.374 Y200.391 E.03342
G1 X217.041 Y146.724 E3.982
G1 X217.041 Y146.086 E.03347
G1 X162.736 Y200.391 E4.02934
G1 X162.098 Y200.391 E.03347
G1 X217.041 Y145.448 E4.07668
G1 X217.041 Y144.811 E.03342
G1 X161.461 Y200.391 E4.12394
G1 X160.823 Y200.391 E.03347
G1 X217.041 Y144.173 E4.17128
G1 X217.041 Y143.536 E.03342
G1 X160.186 Y200.391 E4.21854
G1 X159.548 Y200.391 E.03347
G1 X217.041 Y142.898 E4.26588
G1 X217.041 Y142.261 E.03342
G1 X158.91 Y200.391 E4.31318
G1 X158.273 Y200.391 E.03342
G1 X217.041 Y141.623 E4.36049
G1 X217.041 Y140.985 E.03347
G1 X157.635 Y200.391 E4.40782
G1 X156.998 Y200.391 E.03342
G1 X217.041 Y140.348 E4.45509
G1 X217.041 Y139.71 E.03347
G1 X156.36 Y200.391 E4.50243
G1 X155.723 Y200.391 E.03342
G1 X217.041 Y139.073 E4.54969
G1 X217.041 Y138.435 E.03347
G1 X155.085 Y200.391 E4.59703
G1 X154.447 Y200.391 E.03347
G1 X217.041 Y137.797 E4.64437
G1 X217.041 Y137.16 E.03342
G1 X153.81 Y200.391 E4.69163
G1 X153.172 Y200.391 E.03347
G1 X217.041 Y136.522 E4.73897
G1 X217.041 Y135.885 E.03342
G1 X152.535 Y200.391 E4.78624
G1 X151.897 Y200.391 E.03347
G1 X217.041 Y135.247 E4.83357
G1 X217.041 Y134.609 E.03347
G1 X151.259 Y200.391 E4.88091
G1 X150.622 Y200.391 E.03342
G1 X217.041 Y133.972 E4.92818
G1 X217.041 Y133.334 E.03347
G1 X149.984 Y200.391 E4.97552
G1 X149.347 Y200.391 E.03342
G1 X217.041 Y132.697 E5.02278
G1 X217.041 Y132.059 E.03347
G1 X148.709 Y200.391 E5.07012
G1 X148.071 Y200.391 E.03347
G1 X217.041 Y131.421 E5.11746
G1 X217.041 Y130.784 E.03342
G1 X147.434 Y200.391 E5.16472
G1 X146.796 Y200.391 E.03347
G1 X217.041 Y130.146 E5.21206
G1 X217.041 Y129.509 E.03342
G1 X146.159 Y200.391 E5.25932
G1 X145.521 Y200.391 E.03347
G1 X217.041 Y128.871 E5.30666
G1 X217.041 Y128.233 E.03347
G1 X144.883 Y200.391 E5.354
G1 X144.246 Y200.391 E.03342
G1 X217.041 Y127.596 E5.40126
G1 X217.041 Y126.958 E.03347
G1 X143.608 Y200.391 E5.4486
G1 X142.971 Y200.391 E.03342
G1 X217.041 Y126.321 E5.49587
G1 X217.041 Y125.683 E.03347
G1 X142.333 Y200.391 E5.54321
G1 X141.695 Y200.391 E.03347
G1 X217.041 Y125.046 E5.59051
G1 X217.041 Y124.408 E.03347
G1 X141.058 Y200.391 E5.63781
G1 X140.42 Y200.391 E.03347
G1 X217.041 Y123.77 E5.68515
G1 X217.041 Y123.133 E.03342
G1 X139.783 Y200.391 E5.73241
G1 X139.145 Y200.391 E.03347
G1 X217.041 Y122.495 E5.77975
G1 X217.041 Y121.858 E.03342
G1 X138.508 Y200.391 E5.82701
G1 X137.87 Y200.391 E.03347
G1 X217.041 Y121.22 E5.87435
G1 X217.041 Y120.582 E.03347
G1 X137.232 Y200.391 E5.92169
G1 X136.595 Y200.391 E.03342
G1 X217.041 Y119.945 E5.96896
G1 X217.041 Y119.307 E.03347
G1 X135.957 Y200.391 E6.01629
G1 X135.32 Y200.391 E.03342
G1 X217.041 Y118.67 E6.06356
G1 X217.041 Y118.032 E.03347
G1 X134.682 Y200.391 E6.1109
G1 X134.044 Y200.391 E.03347
G1 X217.041 Y117.394 E6.15824
G1 X217.041 Y116.757 E.03342
G1 X133.407 Y200.391 E6.2055
G1 X132.769 Y200.391 E.03347
G1 X217.041 Y116.119 E6.25284
G1 X217.041 Y115.482 E.03342
G1 X132.132 Y200.391 E6.3001
G1 X131.494 Y200.391 E.03347
G1 X217.041 Y114.844 E6.34744
G1 X217.041 Y114.206 E.03347
G1 X130.856 Y200.391 E6.39478
G1 X130.219 Y200.391 E.03342
G1 X217.041 Y113.569 E6.44204
G1 X217.041 Y112.931 E.03347
G1 X129.581 Y200.391 E6.48938
G1 X128.944 Y200.391 E.03342
G1 X217.041 Y112.294 E6.53665
G1 X217.041 Y111.656 E.03347
G1 X128.306 Y200.391 E6.58399
G1 X127.668 Y200.391 E.03347
G1 X217.041 Y111.018 E6.63132
G1 X217.041 Y110.381 E.03342
G1 X127.031 Y200.391 E6.67859
G1 X126.393 Y200.391 E.03347
G1 X217.041 Y109.743 E6.72593
G1 X217.041 Y109.106 E.03342
G1 X125.756 Y200.391 E6.77319
G1 X125.118 Y200.391 E.03347
G1 X217.041 Y108.468 E6.82053
G1 X217.041 Y107.831 E.03342
G1 X124.48 Y200.391 E6.86783
G1 X123.843 Y200.391 E.03342
G1 X217.041 Y107.193 E6.91513
G1 X217.041 Y106.555 E.03347
G1 X123.205 Y200.391 E6.96247
G1 X122.568 Y200.391 E.03342
G1 X217.041 Y105.918 E7.00974
G1 X217.041 Y105.28 E.03347
G1 X121.93 Y200.391 E7.05707
G1 X121.293 Y200.391 E.03342
G1 X217.041 Y104.643 E7.10434
G1 X217.041 Y104.005 E.03347
G1 X120.655 Y200.391 E7.15168
G1 X120.017 Y200.391 E.03347
G1 X217.041 Y103.367 E7.19902
G1 X217.041 Y102.73 E.03342
G1 X119.38 Y200.391 E7.24628
G1 X118.742 Y200.391 E.03347
G1 X217.041 Y102.092 E7.29362
G1 X217.041 Y101.455 E.03342
G1 X118.105 Y200.391 E7.34088
G1 X117.467 Y200.391 E.03347
G1 X217.041 Y100.817 E7.38822
G1 X217.041 Y100.179 E.03347
G1 X116.829 Y200.391 E7.43556
G1 X116.192 Y200.391 E.03342
G1 X217.041 Y99.542 E7.48282
G1 X217.041 Y98.904 E.03347
G1 X115.554 Y200.391 E7.53016
G1 X114.917 Y200.391 E.03342
G1 X217.041 Y98.267 E7.57743
G1 X217.041 Y97.629 E.03347
G1 X114.279 Y200.391 E7.62477
G1 X113.641 Y200.391 E.03347
G1 X217.041 Y96.991 E7.6721
G1 X217.041 Y96.354 E.03342
G1 X113.004 Y200.391 E7.71937
G1 X112.366 Y200.391 E.03347
G1 X217.041 Y95.716 E7.76671
G1 X217.041 Y95.079 E.03342
G1 X111.729 Y200.391 E7.81397
G1 X111.091 Y200.391 E.03347
G1 X217.041 Y94.441 E7.86131
G1 X217.041 Y93.803 E.03347
G1 X110.453 Y200.391 E7.90865
G1 X109.816 Y200.391 E.03342
G1 X217.041 Y93.166 E7.95591
G1 X217.041 Y92.528 E.03347
G1 X109.178 Y200.391 E8.00325
G1 X108.541 Y200.391 E.03342
G1 X217.041 Y91.891 E8.05052
G1 X217.041 Y91.253 E.03347
G1 X107.903 Y200.391 E8.09785
G1 X107.265 Y200.391 E.03347
G1 X217.041 Y90.616 E8.14516
G1 X217.041 Y89.978 E.03347
G1 X106.628 Y200.391 E8.19246
G1 X105.99 Y200.391 E.03347
G1 X217.041 Y89.34 E8.23979
G1 X217.041 Y88.703 E.03342
G1 X105.353 Y200.391 E8.28706
G1 X104.715 Y200.391 E.03347
G1 X217.041 Y88.065 E8.3344
G1 X217.041 Y87.428 E.03342
G1 X104.078 Y200.391 E8.38166
G1 X103.44 Y200.391 E.03347
G1 X217.041 Y86.79 E8.429
G1 X217.041 Y86.152 E.03347
G1 X102.802 Y200.391 E8.47634
G1 X102.165 Y200.391 E.03342
G1 X217.041 Y85.515 E8.5236
G1 X217.041 Y84.877 E.03347
G1 X101.527 Y200.391 E8.57094
G1 X100.89 Y200.391 E.03342
G1 X217.041 Y84.24 E8.61821
G1 X217.041 Y83.602 E.03347
G1 X100.252 Y200.391 E8.66554
G1 X99.614 Y200.391 E.03347
G1 X217.041 Y82.964 E8.71288
G1 X217.041 Y82.327 E.03342
G1 X98.977 Y200.391 E8.76015
G1 X98.339 Y200.391 E.03347
G1 X217.041 Y81.689 E8.80749
G1 X217.041 Y81.052 E.03342
G1 X97.702 Y200.391 E8.85475
G1 X97.064 Y200.391 E.03347
G1 X217.041 Y80.414 E8.90209
G1 X217.041 Y79.776 E.03347
G1 X96.426 Y200.391 E8.94943
G1 X95.789 Y200.391 E.03342
G1 X217.041 Y79.139 E8.99669
G1 X217.041 Y78.501 E.03347
G1 X95.151 Y200.391 E9.04403
G1 X94.514 Y200.391 E.03342
G1 X217.041 Y77.864 E9.09129
G1 X217.041 Y77.226 E.03347
G1 X93.876 Y200.391 E9.13863
G1 X93.238 Y200.391 E.03347
G1 X217.041 Y76.588 E9.18597
G1 X217.041 Y75.951 E.03342
G1 X92.601 Y200.391 E9.23324
G1 X91.963 Y200.391 E.03347
G1 X217.041 Y75.313 E9.28057
G1 X217.041 Y74.676 E.03342
G1 X91.326 Y200.391 E9.32784
G1 X90.688 Y200.391 E.03347
G1 X217.041 Y74.038 E9.37518
G1 X217.041 Y73.401 E.03342
G1 X90.05 Y200.391 E9.42248
G1 X89.413 Y200.391 E.03342
G1 X217.041 Y72.763 E9.46978
G1 X217.041 Y72.125 E.03347
G1 X88.775 Y200.391 E9.51712
G1 X88.138 Y200.391 E.03342
G1 X217.041 Y71.488 E9.56438
G1 X217.041 Y70.85 E.03347
G1 X87.5 Y200.391 E9.61172
G1 X86.863 Y200.391 E.03342
G1 X217.041 Y70.213 E9.65899
G1 X217.041 Y69.575 E.03347
G1 X86.225 Y200.391 E9.70632
G1 X85.587 Y200.391 E.03347
G1 X217.041 Y68.937 E9.75366
G1 X217.041 Y68.3 E.03342
G1 X84.95 Y200.391 E9.80093
G1 X84.312 Y200.391 E.03347
G1 X217.041 Y67.662 E9.84827
G1 X217.041 Y67.025 E.03342
G1 X83.675 Y200.391 E9.89553
G1 X83.037 Y200.391 E.03347
G1 X217.041 Y66.387 E9.94287
G1 X217.041 Y65.749 E.03347
G1 X82.399 Y200.391 E9.99021
G1 X81.762 Y200.391 E.03342
G1 X217.041 Y65.112 E10.03747
G1 X217.041 Y64.474 E.03347
G1 X81.124 Y200.391 E10.08481
G1 X80.487 Y200.391 E.03342
G1 X217.041 Y63.837 E10.13207
G1 X217.041 Y63.199 E.03347
G1 X79.849 Y200.391 E10.17941
G1 X79.211 Y200.391 E.03347
G1 X217.041 Y62.561 E10.22675
G1 X217.041 Y61.924 E.03342
G1 X78.574 Y200.391 E10.27402
G1 X77.936 Y200.391 E.03347
G1 X217.041 Y61.286 E10.32135
G1 X217.041 Y60.649 E.03342
G1 X77.299 Y200.391 E10.36862
G1 X76.661 Y200.391 E.03347
G1 X217.041 Y60.011 E10.41596
G1 X217.041 Y59.374 E.03342
G1 X76.023 Y200.391 E10.46326
G1 X75.386 Y200.391 E.03342
G1 X217.041 Y58.736 E10.51056
G1 X217.041 Y58.098 E.03347
G1 X74.748 Y200.391 E10.5579
G1 X74.111 Y200.391 E.03342
G1 X217.041 Y57.461 E10.60516
G1 X217.041 Y56.823 E.03347
G1 X73.473 Y200.391 E10.6525
G1 X72.835 Y200.391 E.03347
G1 X217.041 Y56.186 E10.6998
G1 X217.041 Y55.548 E.03347
G1 X72.198 Y200.391 E10.7471
G1 X71.56 Y200.391 E.03347
G1 X217.041 Y54.91 E10.79444
G1 X217.041 Y54.273 E.03342
G1 X70.923 Y200.391 E10.84171
G1 X70.285 Y200.391 E.03347
G1 X217.041 Y53.635 E10.88905
G1 X217.041 Y52.998 E.03342
G1 X69.648 Y200.391 E10.93631
G1 X69.01 Y200.391 E.03347
G1 X217.041 Y52.36 E10.98365
G1 X217.041 Y51.722 E.03347
G1 X68.372 Y200.391 E11.03099
G1 X67.735 Y200.391 E.03342
G1 X217.041 Y51.085 E11.07825
G1 X217.041 Y50.447 E.03347
G1 X67.097 Y200.391 E11.12559
G1 X66.46 Y200.391 E.03342
G1 X217.041 Y49.81 E11.17285
G1 X217.041 Y49.172 E.03347
G1 X65.822 Y200.391 E11.22019
G1 X65.184 Y200.391 E.03347
G1 X217.041 Y48.534 E11.26753
G1 X217.041 Y47.897 E.03342
G1 X64.547 Y200.391 E11.31479
G1 X63.909 Y200.391 E.03347
G1 X216.797 Y47.503 E11.34403
G1 X216.478 Y47.184 E.02367
G1 X63.272 Y200.391 E11.36766
G1 X62.634 Y200.391 E.03347
G1 X216.16 Y46.866 E11.39133
G1 X215.841 Y46.547 E.02367
G1 X61.996 Y200.391 E11.415
G1 X61.359 Y200.391 E.03342
G1 X215.522 Y46.228 E11.43863
G1 X215.203 Y45.909 E.02367
G1 X60.721 Y200.391 E11.4623
G1 X60.084 Y200.391 E.03342
G1 X214.884 Y45.59 E11.48593
G1 X214.566 Y45.272 E.0236
G1 X59.446 Y200.391 E11.5096
G1 X58.808 Y200.391 E.03347
G1 X214.247 Y44.953 E11.53327
G1 X213.928 Y44.634 E.02367
G1 X58.171 Y200.391 E11.5569
G1 X57.533 Y200.391 E.03347
G1 X213.609 Y44.315 E11.58057
G1 X213.29 Y43.996 E.02367
G1 X56.896 Y200.391 E11.60421
G1 X56.258 Y200.391 E.03347
G1 X212.972 Y43.678 E11.62787
G1 X212.653 Y43.359 E.02367
G1 X55.62 Y200.391 E11.65154
G1 X54.983 Y200.391 E.03342
G1 X212.334 Y43.04 E11.67518
G1 X212.015 Y42.721 E.02367
G1 X54.345 Y200.391 E11.69885
G1 X53.708 Y200.391 E.03342
G1 X211.696 Y42.402 E11.72248
G1 X211.378 Y42.084 E.0236
G1 X53.07 Y200.391 E11.74615
G1 X52.433 Y200.391 E.03342
G1 X211.059 Y41.765 E11.76978
G1 X210.74 Y41.446 E.02367
G1 X51.795 Y200.391 E11.79345
G1 X51.157 Y200.391 E.03347
G1 X210.421 Y41.127 E11.81712
G1 X210.102 Y40.808 E.02367
G1 X50.52 Y200.391 E11.84075
G1 X49.882 Y200.391 E.03347
G1 X209.784 Y40.49 E11.86442
G1 X209.465 Y40.171 E.02367
G1 X49.245 Y200.391 E11.88805
G1 X48.607 Y200.391 E.03347
G1 X209.146 Y39.852 E11.91172
G1 X208.827 Y39.533 E.02367
G1 X47.969 Y200.391 E11.93539
G1 X47.332 Y200.391 E.03342
G1 X208.508 Y39.215 E11.95898
G1 X208.19 Y38.896 E.02363
G1 X46.694 Y200.391 E11.98269
G1 X46.057 Y200.391 E.03342
G1 X207.871 Y38.577 E12.00632
G1 X207.552 Y38.258 E.02367
G1 X45.419 Y200.391 E12.02999
G1 X44.781 Y200.391 E.03347
G1 X207.233 Y37.939 E12.05366
G1 X206.915 Y37.621 E.0236
G1 X44.144 Y200.391 E12.07729
G1 X43.506 Y200.391 E.03347
G1 X206.596 Y37.302 E12.10096
G1 X206.277 Y36.983 E.02367
G1 X42.869 Y200.391 E12.1246
G1 X42.231 Y200.391 E.03347
G1 X205.958 Y36.664 E12.14826
G1 X205.639 Y36.345 E.02367
G1 X41.593 Y200.391 E12.17193
G1 X40.956 Y200.391 E.03342
G1 X205.321 Y36.027 E12.19557
G1 X205.002 Y35.708 E.02367
G1 X40.318 Y200.391 E12.21924
G1 X39.681 Y200.391 E.03342
G1 X204.683 Y35.389 E12.24287
G1 X204.364 Y35.07 E.02367
G1 X39.043 Y200.391 E12.26654
G1 X38.405 Y200.391 E.03347
G1 X204.045 Y34.751 E12.29021
G1 X203.727 Y34.433 E.0236
G1 X37.768 Y200.391 E12.31384
G1 X37.13 Y200.391 E.03347
G1 X203.408 Y34.114 E12.33751
G1 X203.089 Y33.795 E.02367
G1 X36.493 Y200.391 E12.36114
G1 X35.855 Y200.391 E.03347
G1 X202.77 Y33.476 E12.38481
G1 X202.451 Y33.157 E.02367
G1 X35.218 Y200.391 E12.40844
G1 X34.58 Y200.391 E.03347
G1 X202.133 Y32.839 E12.43211
G1 X201.814 Y32.52 E.02367
G1 X33.942 Y200.391 E12.45578
G1 X33.305 Y200.391 E.03342
G1 X201.495 Y32.201 E12.47941
G1 X201.176 Y31.882 E.02367
G1 X32.667 Y200.391 E12.50308
G1 X32.397 Y200.391 E.01417
G1 X32.213 Y200.207 E.01365
G1 X200.857 Y31.563 E12.5131
G1 X200.539 Y31.245 E.0236
G1 X31.895 Y199.889 E12.5131
G1 X31.576 Y199.57 E.02367
G1 X200.22 Y30.926 E12.5131
G1 X199.901 Y30.607 E.02367
G1 X31.257 Y199.251 E12.5131
G1 X30.938 Y198.932 E.02367
G1 X199.582 Y30.288 E12.5131
G1 X199.263 Y29.969 E.02367
G1 X30.619 Y198.613 E12.5131
G1 X30.301 Y198.295 E.0236
G1 X198.945 Y29.651 E12.5131
G1 X198.626 Y29.332 E.02367
G1 X29.982 Y197.976 E12.5131
G1 X29.663 Y197.657 E.02367
G1 X198.307 Y29.013 E12.5131
G1 X197.988 Y28.694 E.02367
G1 X29.344 Y197.338 E12.5131
G1 X29.025 Y197.019 E.02367
G1 X197.669 Y28.375 E12.5131
G1 X197.351 Y28.057 E.0236
G1 X28.707 Y196.701 E12.5131
G1 X28.388 Y196.382 E.02367
G1 X197.032 Y27.738 E12.5131
G1 X196.713 Y27.419 E.02367
G1 X28.069 Y196.063 E12.5131
G1 X27.75 Y195.744 E.02367
G1 X196.394 Y27.1 E12.5131
G1 X196.075 Y26.781 E.02367
G1 X27.431 Y195.425 E12.5131
G1 X27.113 Y195.107 E.0236
G1 X195.757 Y26.463 E12.5131
G1 X195.438 Y26.144 E.02367
G1 X26.794 Y194.788 E12.5131
G1 X26.475 Y194.469 E.02367
G1 X195.119 Y25.825 E12.5131
G1 X194.8 Y25.506 E.02367
G1 X26.156 Y194.15 E12.5131
G1 X25.837 Y193.831 E.02367
G1 X194.481 Y25.187 E12.5131
G1 X194.163 Y24.869 E.0236
G1 X25.519 Y193.513 E12.5131
G1 X25.2 Y193.194 E.02367
G1 X193.844 Y24.55 E12.5131
G1 X193.525 Y24.231 E.02367
G1 X24.881 Y192.875 E12.5131
G1 X24.562 Y192.556 E.02367
G1 X193.206 Y23.912 E12.5131
G1 X192.887 Y23.593 E.02367
G1 X24.243 Y192.237 E12.5131
G1 X23.925 Y191.919 E.0236
G1 X192.569 Y23.275 E12.5131
G1 X192.25 Y22.956 E.02367
G1 X23.606 Y191.6 E12.5131
G1 X23.287 Y191.281 E.02367
G1 X191.931 Y22.637 E12.5131
G1 X191.612 Y22.318 E.02367
G1 X22.968 Y190.962 E12.5131
G1 X22.649 Y190.643 E.02367
G1 X191.293 Y22 E12.51306
G1 X190.975 Y21.681 E.02363
G1 X22.331 Y190.325 E12.5131
G1 X22.012 Y190.006 E.02367
G1 X190.656 Y21.362 E12.5131
G1 X190.337 Y21.043 E.02367
G1 X21.693 Y189.687 E12.5131
G1 X21.374 Y189.368 E.02367
G1 X190.018 Y20.724 E12.5131
G1 X189.7 Y20.406 E.0236
G1 X21.055 Y189.049 E12.5131
G1 X20.737 Y188.731 E.0236
G1 X189.381 Y20.087 E12.5131
G1 X189.062 Y19.768 E.02367
G1 X20.418 Y188.412 E12.5131
G1 X20.099 Y188.093 E.02367
G1 X188.743 Y19.449 E12.5131
G1 X188.424 Y19.13 E.02367
G1 X19.78 Y187.774 E12.5131
G1 X19.462 Y187.456 E.0236
G1 X188.106 Y18.812 E12.5131
G1 X187.787 Y18.493 E.02367
G1 X19.143 Y187.137 E12.5131
G1 X18.824 Y186.818 E.02367
G1 X187.333 Y18.309 E12.50308
G1 X186.696 Y18.309 E.03342
G1 X18.505 Y186.499 E12.47945
G1 X18.186 Y186.18 E.02367
G1 X186.058 Y18.309 E12.45578
G1 X185.421 Y18.309 E.03342
G1 X17.868 Y185.862 E12.43215
G1 X17.549 Y185.543 E.02367
G1 X184.783 Y18.308 E12.40851
G1 X184.146 Y18.308 E.03342
G1 X17.23 Y185.224 E12.38488
G1 X16.911 Y184.905 E.02367
G1 X183.508 Y18.308 E12.36121
G1 X182.871 Y18.308 E.03342
G1 X16.592 Y184.586 E12.33758
G1 X16.274 Y184.268 E.0236
G1 X182.233 Y18.308 E12.31391
G1 X181.596 Y18.308 E.03342
G1 X15.955 Y183.949 E12.29028
G1 X15.636 Y183.63 E.02367
G1 X180.958 Y18.308 E12.26661
G1 X180.321 Y18.308 E.03342
G1 X15.317 Y183.311 E12.24298
G1 X14.998 Y182.992 E.02367
G1 X179.683 Y18.308 E12.21931
G1 X179.046 Y18.308 E.03342
G1 X14.68 Y182.674 E12.19568
G1 X14.361 Y182.355 E.02367
G1 X178.408 Y18.307 E12.17204
G1 X177.771 Y18.307 E.03342
G1 X14.042 Y182.036 E12.14841
G1 X13.723 Y181.717 E.02367
G1 X177.133 Y18.307 E12.12474
G1 X176.496 Y18.307 E.03342
G1 X13.404 Y181.398 E12.10111
G1 X13.086 Y181.08 E.0236
G1 X175.858 Y18.307 E12.07744
G1 X175.221 Y18.307 E.03342
G1 X12.767 Y180.761 E12.05381
G1 X12.448 Y180.442 E.02367
G1 X174.583 Y18.307 E12.03014
G1 X173.946 Y18.307 E.03342
G1 X12.129 Y180.123 E12.00651
G1 X11.81 Y179.804 E.02367
G1 X173.308 Y18.307 E11.98284
G1 X172.671 Y18.307 E.03342
G1 X11.492 Y179.486 E11.95921
G1 X11.173 Y179.167 E.02367
G1 X172.033 Y18.307 E11.93554
G1 X171.396 Y18.306 E.03342
G1 X10.854 Y178.848 E11.91194
G1 X10.535 Y178.529 E.02367
G1 X170.758 Y18.306 E11.88827
G1 X170.121 Y18.306 E.03342
G1 X10.216 Y178.21 E11.86464
G1 X9.898 Y177.892 E.0236
G1 X169.483 Y18.306 E11.84097
G1 X168.846 Y18.306 E.03342
G1 X9.579 Y177.573 E11.81734
G1 X9.26 Y177.254 E.02367
G1 X168.208 Y18.306 E11.79367
G1 X167.571 Y18.306 E.03342
G1 X8.941 Y176.935 E11.77004
G1 X8.622 Y176.616 E.02367
G1 X166.933 Y18.306 E11.74637
G1 X166.296 Y18.306 E.03342
G1 X8.304 Y176.298 E11.72274
G1 X7.985 Y175.979 E.02367
G1 X165.658 Y18.306 E11.69907
G1 X165.021 Y18.305 E.03342
G1 X7.666 Y175.66 E11.67547
G1 X7.347 Y175.341 E.02367
G1 X164.383 Y18.305 E11.6518
G1 X163.746 Y18.305 E.03342
G1 X7.028 Y175.022 E11.62817
G1 X6.71 Y174.704 E.0236
G1 X163.108 Y18.305 E11.6045
G1 X162.471 Y18.305 E.03342
G1 X6.391 Y174.385 E11.58087
G1 X6.072 Y174.066 E.02367
G1 X161.833 Y18.305 E11.5572
G1 X161.196 Y18.305 E.03342
G1 X5.753 Y173.747 E11.53357
G1 X5.434 Y173.428 E.02367
G1 X160.558 Y18.305 E11.5099
G1 X159.921 Y18.305 E.03342
G1 X5.116 Y173.11 E11.48627
G1 X4.797 Y172.791 E.02367
G1 X159.283 Y18.305 E11.4626
G1 X158.646 Y18.305 E.03342
G1 X4.478 Y172.472 E11.43897
G1 X4.159 Y172.153 E.02367
G1 X158.008 Y18.304 E11.41533
G1 X157.371 Y18.304 E.03342
G1 X3.84 Y171.834 E11.3917
G1 X3.522 Y171.516 E.0236
G1 X156.733 Y18.304 E11.36803
G1 X156.096 Y18.304 E.03342
G1 X3.203 Y171.197 E11.3444
G1 X2.959 Y170.953 E.0181
G1 X2.959 Y170.803 E.00787
G1 X155.458 Y18.304 E11.31517
G1 X154.821 Y18.304 E.03342
G1 X2.959 Y170.166 E11.2679
G1 X2.959 Y169.528 E.03347
G1 X154.183 Y18.304 E11.22056
G1 X153.546 Y18.304 E.03342
G1 X2.959 Y168.891 E11.1733
G1 X2.959 Y168.253 E.03347
G1 X152.908 Y18.304 E11.12596
G1 X152.271 Y18.304 E.03342
G1 X2.959 Y167.615 E11.07866
G1 X2.959 Y166.978 E.03342
G1 X151.633 Y18.304 E11.03136
G1 X150.996 Y18.303 E.03342
G1 X2.959 Y166.34 E10.98409
G1 X2.959 Y165.703 E.03342
G1 X150.358 Y18.303 E10.93679
G1 X149.721 Y18.303 E.03342
G1 X2.959 Y165.065 E10.88949
G1 X2.959 Y164.427 E.03347
G1 X149.083 Y18.303 E10.84215
G1 X148.446 Y18.303 E.03342
G1 X2.959 Y163.79 E10.79489
G1 X2.959 Y163.152 E.03347
G1 X147.808 Y18.303 E10.74755
G1 X147.171 Y18.303 E.03342
G1 X2.959 Y162.515 E10.70028
G1 X2.959 Y161.877 E.03347
G1 X146.533 Y18.303 E10.65295
G1 X145.896 Y18.303 E.03342
G1 X2.959 Y161.239 E10.60564
G1 X2.959 Y160.602 E.03342
G1 X145.258 Y18.303 E10.55834
G1 X144.621 Y18.302 E.03342
G1 X2.959 Y159.964 E10.51108
G1 X2.959 Y159.327 E.03342
G1 X143.983 Y18.302 E10.46378
G1 X143.346 Y18.302 E.03342
G1 X2.959 Y158.689 E10.41648
G1 X2.959 Y158.052 E.03342
G1 X142.708 Y18.302 E10.36917
G1 X142.071 Y18.302 E.03342
G1 X2.959 Y157.414 E10.32187
G1 X2.959 Y156.776 E.03347
G1 X141.433 Y18.302 E10.27453
G1 X140.796 Y18.302 E.03342
G1 X2.959 Y156.139 E10.22727
G1 X2.959 Y155.501 E.03347
G1 X140.158 Y18.302 E10.17993
G1 X139.853 Y18.302 E.016
G1 X139.599 Y18.223 E.01396
G1 X2.959 Y154.864 E10.13849
G1 X2.959 Y154.226 E.03347
G1 X139.245 Y17.939 E10.11223
G1 X139.128 Y17.768 E.01087
G1 X139.052 Y17.495 E.01487
G1 X2.959 Y153.588 E10.09787
G1 X2.959 Y152.951 E.03342
G1 X139.043 Y16.866 E10.09724
G1 X139.043 Y16.229 E.03342
G1 X2.959 Y152.313 E10.0972
G1 X2.959 Y151.676 E.03342
G1 X139.043 Y15.591 E10.09724
G1 X139.043 Y14.954 E.03342
G1 X2.959 Y151.038 E10.0972
G1 X2.959 Y150.4 E.03347
G1 X139.043 Y14.317 E10.09716
G1 X139.043 Y13.679 E.03347
G1 X2.959 Y149.763 E10.0972
G1 X2.959 Y149.125 E.03347
G1 X139.042 Y13.042 E10.09713
G1 X139.042 Y12.404 E.03347
G1 X2.959 Y148.488 E10.09716
G1 X2.959 Y147.85 E.03347
G1 X138.855 Y11.954 E10.08325
G1 X138.536 Y11.635 E.02367
G1 X2.959 Y147.212 E10.05958
G1 X2.959 Y146.575 E.03342
G1 X138.217 Y11.316 E10.03595
G1 X137.965 Y11.064 E.0187
G1 X132.208 Y16.821 E.42716
G1 X132.142 Y16.755 E.0049
G1 X2.959 Y145.937 E9.58512
G1 X2.959 Y145.3 E.03342
G1 X131.823 Y16.436 E9.56149
G1 X131.504 Y16.117 E.02367
G1 X2.959 Y144.662 E9.53782
G1 X2.959 Y144.024 E.03347
G1 X131.185 Y15.798 E9.51415
G1 X130.866 Y15.479 E.02367
G1 X2.959 Y143.387 E9.49052
G1 X2.959 Y142.749 E.03347
G1 X130.548 Y15.161 E9.46685
G1 X130.229 Y14.842 E.02367
G1 X2.959 Y142.112 E9.44322
G1 X2.959 Y141.474 E.03347
G1 X129.91 Y14.523 E9.41955
G1 X129.591 Y14.204 E.02367
G1 X2.959 Y140.837 E9.39592
G1 X2.959 Y140.199 E.03347
G1 X129.272 Y13.885 E9.37225
G1 X128.954 Y13.567 E.0236
G1 X2.959 Y139.561 E9.34858
G1 X2.959 Y138.924 E.03342
G1 X128.635 Y13.248 E9.32495
G1 X128.316 Y12.929 E.02367
G1 X2.959 Y138.286 E9.30128
G1 X2.959 Y137.649 E.03342
G1 X127.997 Y12.61 E9.27764
G1 X127.678 Y12.291 E.02367
G1 X2.959 Y137.011 E9.25397
G1 X2.959 Y136.373 E.03347
G1 X127.36 Y11.973 E9.23031
G1 X127.041 Y11.654 E.02367
G1 X2.959 Y135.736 E9.20667
G1 X2.959 Y135.098 E.03347
G1 X126.722 Y11.335 E9.183
G1 X126.481 Y11.094 E.01788
G1 X120.724 Y16.851 E.42716
G1 X120.646 Y16.773 E.00579
G1 X2.959 Y134.461 E8.73221
G1 X2.959 Y133.823 E.03347
G1 X120.327 Y16.454 E8.70854
G1 X120.009 Y16.136 E.0236
G1 X2.959 Y133.185 E8.68487
G1 X2.959 Y132.548 E.03342
G1 X119.69 Y15.817 E8.66124
G1 X119.371 Y15.498 E.02367
G1 X2.959 Y131.91 E8.63757
G1 X2.959 Y131.273 E.03342
G1 X119.052 Y15.179 E8.61394
G1 X118.733 Y14.86 E.02367
G1 X2.959 Y130.635 E8.59027
G1 X2.959 Y129.997 E.03347
G1 X118.415 Y14.542 E8.5666
G1 X118.096 Y14.223 E.02367
G1 X2.959 Y129.36 E8.54297
G1 X2.959 Y128.722 E.03347
G1 X117.777 Y13.904 E8.5193
G1 X117.458 Y13.585 E.02367
G1 X2.959 Y128.085 E8.49567
G1 X2.959 Y127.447 E.03347
G1 X117.14 Y13.266 E8.47204
G1 X116.821 Y12.948 E.02363
G1 X2.959 Y126.809 E8.44833
G1 X2.959 Y126.172 E.03342
G1 X116.502 Y12.629 E8.4247
G1 X116.183 Y12.31 E.02367
G1 X2.959 Y125.534 E8.40103
G1 X2.959 Y124.897 E.03342
G1 X115.864 Y11.991 E8.3774
G1 X115.546 Y11.672 E.02363
G1 X2.959 Y124.259 E8.35376
G1 X2.959 Y123.622 E.03342
G1 X115.227 Y11.354 E8.33009
G1 X114.996 Y11.123 E.01714
G1 X109.239 Y16.88 E.42716
G1 X109.151 Y16.792 E.00653
G1 X2.959 Y122.984 E7.87927
G1 X2.959 Y122.346 E.03347
G1 X108.832 Y16.473 E7.8556
G1 X108.513 Y16.154 E.02367
G1 X2.959 Y121.709 E7.83196
G1 X2.959 Y121.071 E.03347
G1 X108.195 Y15.835 E7.80833
G1 X107.876 Y15.517 E.02363
G1 X2.959 Y120.434 E7.78466
G1 X2.959 Y119.796 E.03347
G1 X107.557 Y15.198 E7.76099
G1 X107.238 Y14.879 E.02367
G1 X2.959 Y119.158 E7.73732
G1 X2.959 Y118.521 E.03342
G1 X106.919 Y14.56 E7.71369
G1 X106.601 Y14.241 E.02363
G1 X2.959 Y117.883 E7.69006
G1 X2.959 Y117.246 E.03342
G1 X106.282 Y13.923 E7.66639
G1 X105.963 Y13.604 E.02367
G1 X2.959 Y116.608 E7.64272
G1 X2.959 Y115.97 E.03347
G1 X105.644 Y13.285 E7.61905
G1 X105.325 Y12.966 E.02367
G1 X2.959 Y115.333 E7.59542
G1 X2.959 Y114.695 E.03347
G1 X105.007 Y12.647 E7.57179
G1 X104.688 Y12.329 E.02363
G1 X2.959 Y114.058 E7.54812
G1 X2.959 Y113.42 E.03347
G1 X104.369 Y12.01 E7.52445
G1 X104.05 Y11.691 E.02367
G1 X2.959 Y112.782 E7.50078
G1 X2.959 Y112.145 E.03342
G1 X103.731 Y11.372 E7.47715
G1 X103.511 Y11.152 E.01632
G1 X97.754 Y16.909 E.42716
G1 X97.656 Y16.81 E.00731
G1 X2.959 Y111.507 E7.02636
G1 X2.959 Y110.87 E.03342
G1 X97.337 Y16.492 E7.00269
G1 X97.018 Y16.173 E.02367
G1 X2.959 Y110.232 E6.97902
G1 X2.959 Y109.594 E.03347
G1 X96.699 Y15.854 E6.95535
G1 X96.38 Y15.535 E.02367
G1 X2.959 Y108.957 E6.93172
G1 X2.959 Y108.319 E.03347
G1 X96.062 Y15.217 E6.90805
G1 X95.743 Y14.898 E.02367
G1 X2.959 Y107.682 E6.88441
G1 X2.959 Y107.044 E.03347
G1 X95.424 Y14.579 E6.86075
G1 X95.105 Y14.26 E.02367
G1 X2.959 Y106.407 E6.83711
G1 X2.959 Y105.769 E.03347
G1 X94.786 Y13.941 E6.81344
G1 X94.468 Y13.623 E.0236
G1 X2.959 Y105.131 E6.78977
G1 X2.959 Y104.494 E.03342
G1 X94.149 Y13.304 E6.76614
G1 X93.83 Y12.985 E.02367
G1 X2.959 Y103.856 E6.74247
G1 X2.959 Y103.219 E.03342
G1 X93.511 Y12.666 E6.71884
G1 X93.193 Y12.347 E.02363
G1 X2.959 Y102.581 E6.69521
G1 X2.959 Y101.943 E.03347
G1 X92.874 Y12.029 E6.6715
G1 X92.555 Y11.71 E.02367
G1 X2.959 Y101.306 E6.64787
G1 X2.959 Y100.668 E.03347
G1 X92.236 Y11.391 E6.6242
G1 X92.027 Y11.182 E.01551
G1 X86.27 Y16.939 E.42716
G1 X86.16 Y16.829 E.00816
G1 X2.959 Y100.031 E6.17341
G1 X2.959 Y99.393 E.03347
G1 X85.842 Y16.51 E6.14978
G1 X85.523 Y16.192 E.02363
G1 X2.959 Y98.755 E6.12607
G1 X2.959 Y98.118 E.03342
G1 X85.204 Y15.873 E6.10244
G1 X84.885 Y15.554 E.02367
G1 X2.959 Y97.48 E6.07877
G1 X2.959 Y96.843 E.03342
G1 X84.566 Y15.235 E6.05514
G1 X84.248 Y14.916 E.02363
G1 X2.959 Y96.205 E6.03151
G1 X2.959 Y95.567 E.03347
G1 X83.929 Y14.598 E6.0078
G1 X83.724 Y14.393 E.01521
G1 X81.174 Y16.944 E.18924
G1 X81.059 Y16.83 E.0085
G1 X80.754 Y17.135 E.02263
M107
G1 X79.789 Y18.099 F7800
M106 S255
G1 F3600
G1 X2.959 Y94.93 E5.70069
G1 X2.959 Y94.292 E.03347
G1 X78.949 Y18.302 E5.63833
G1 X78.312 Y18.302 E.03342
G1 X2.959 Y93.655 E5.59106
G1 X2.959 Y93.017 E.03347
G1 X77.674 Y18.302 E5.54373
G1 X77.036 Y18.302 E.03347
G1 X2.959 Y92.379 E5.49639
G1 X2.959 Y91.742 E.03342
G1 X76.398 Y18.302 E5.44909
G1 X75.761 Y18.302 E.03342
G1 X2.959 Y91.104 E5.40178
G1 X2.959 Y90.467 E.03342
G1 X75.123 Y18.303 E5.35445
G1 X74.485 Y18.303 E.03347
G1 X2.959 Y89.829 E5.30711
G1 X2.959 Y89.192 E.03342
G1 X73.848 Y18.303 E5.25984
G1 X73.21 Y18.303 E.03347
G1 X2.959 Y88.554 E5.2125
G1 X2.959 Y87.916 E.03347
G1 X72.572 Y18.303 E5.16517
G1 X71.935 Y18.303 E.03342
G1 X2.959 Y87.279 E5.1179
G1 X2.959 Y86.641 E.03347
G1 X71.297 Y18.303 E5.07056
G1 X70.659 Y18.303 E.03347
G1 X2.959 Y86.004 E5.02326
G1 X2.959 Y85.366 E.03347
G1 X70.022 Y18.303 E4.97596
G1 X69.384 Y18.303 E.03347
G1 X2.959 Y84.728 E4.92862
G1 X2.959 Y84.091 E.03342
G1 X68.746 Y18.303 E4.88132
G1 X68.109 Y18.304 E.03342
G1 X2.959 Y83.453 E4.83398
G1 X2.959 Y82.816 E.03342
G1 X67.471 Y18.304 E4.78668
G1 X66.833 Y18.304 E.03347
G1 X2.959 Y82.178 E4.73934
G1 X2.959 Y81.54 E.03347
G1 X66.195 Y18.304 E4.692
G1 X65.558 Y18.304 E.03342
G1 X2.959 Y80.903 E4.64474
G1 X2.959 Y80.265 E.03347
G1 X64.92 Y18.304 E4.5974
G1 X64.282 Y18.304 E.03347
G1 X2.959 Y79.628 E4.5501
G1 X2.959 Y78.99 E.03347
G1 X63.645 Y18.304 E4.5028
G1 X63.007 Y18.304 E.03347
G1 X2.959 Y78.352 E4.45546
G1 X2.959 Y77.715 E.03342
G1 X62.369 Y18.304 E4.40816
G1 X61.732 Y18.304 E.03342
G1 X2.959 Y77.077 E4.36086
G1 X2.959 Y76.44 E.03342
G1 X61.094 Y18.305 E4.31352
G1 X60.456 Y18.305 E.03347
G1 X2.959 Y75.802 E4.26618
G1 X2.959 Y75.164 E.03347
G1 X59.819 Y18.305 E4.21888
G1 X59.181 Y18.305 E.03347
G1 X2.959 Y74.527 E4.17158
G1 X2.959 Y73.889 E.03347
G1 X58.543 Y18.305 E4.12424
G1 X57.906 Y18.305 E.03342
G1 X2.959 Y73.252 E4.07697
G1 X2.959 Y72.614 E.03347
G1 X57.268 Y18.305 E4.02964
G1 X56.63 Y18.305 E.03347
G1 X2.959 Y71.977 E3.98233
G1 X2.959 Y71.339 E.03347
G1 X55.992 Y18.305 E3.935
G1 X55.355 Y18.305 E.03342
G1 X2.959 Y70.701 E3.88769
G1 X2.959 Y70.064 E.03342
G1 X54.717 Y18.306 E3.84036
G1 X54.079 Y18.306 E.03347
G1 X2.959 Y69.426 E3.79302
G1 X2.959 Y68.789 E.03342
G1 X53.442 Y18.306 E3.74575
G1 X52.804 Y18.306 E.03347
G1 X2.959 Y68.151 E3.69841
G1 X2.959 Y67.513 E.03347
G1 X52.166 Y18.306 E3.65108
G1 X51.529 Y18.306 E.03342
G1 X2.959 Y66.876 E3.60381
G1 X2.959 Y66.238 E.03347
G1 X50.891 Y18.306 E3.55647
G1 X50.253 Y18.306 E.03347
G1 X2.959 Y65.601 E3.50917
G1 X2.959 Y64.963 E.03347
G1 X49.616 Y18.306 E3.46187
G1 X48.978 Y18.306 E.03347
G1 X2.959 Y64.325 E3.41453
G1 X2.959 Y63.688 E.03342
G1 X48.34 Y18.306 E3.36723
G1 X47.703 Y18.307 E.03342
G1 X2.959 Y63.05 E3.31989
G1 X2.959 Y62.413 E.03342
G1 X47.065 Y18.307 E3.27259
G1 X46.427 Y18.307 E.03347
G1 X2.959 Y61.775 E3.22525
G1 X2.959 Y61.137 E.03347
G1 X45.789 Y18.307 E3.17791
G1 X45.152 Y18.307 E.03342
G1 X2.959 Y60.5 E3.13065
G1 X2.959 Y59.862 E.03347
G1 X44.514 Y18.307 E3.08331
G1 X43.876 Y18.307 E.03347
G1 X2.959 Y59.225 E3.03601
G1 X2.959 Y58.587 E.03347
G1 X43.239 Y18.307 E2.98871
G1 X42.601 Y18.307 E.03347
G1 X2.959 Y57.949 E2.94137
G1 X2.959 Y57.312 E.03342
G1 X41.963 Y18.307 E2.89407
G1 X41.326 Y18.308 E.03342
G1 X2.959 Y56.674 E2.84673
G1 X2.959 Y56.037 E.03342
G1 X40.688 Y18.308 E2.79943
G1 X40.05 Y18.308 E.03347
G1 X2.959 Y55.399 E2.75209
G1 X2.959 Y54.762 E.03342
G1 X39.413 Y18.308 E2.70482
G1 X38.775 Y18.308 E.03347
G1 X2.959 Y54.124 E2.65749
G1 X2.959 Y53.486 E.03347
G1 X38.137 Y18.308 E2.61015
G1 X37.5 Y18.308 E.03342
G1 X2.959 Y52.849 E2.56288
G1 X2.959 Y52.211 E.03347
G1 X36.862 Y18.308 E2.51554
G1 X36.224 Y18.308 E.03347
G1 X2.959 Y51.574 E2.46824
G1 X2.959 Y50.936 E.03347
G1 X35.586 Y18.308 E2.4209
G1 X34.949 Y18.308 E.03342
G1 X2.959 Y50.298 E2.3736
G1 X2.959 Y49.661 E.03342
G1 X34.311 Y18.309 E2.32626
G1 X33.673 Y18.309 E.03347
G1 X2.959 Y49.023 E2.27893
G1 X2.959 Y48.386 E.03342
G1 X33.036 Y18.309 E2.23166
G1 X32.398 Y18.309 E.03347
G1 X2.756 Y47.951 E2.19939
M107
;LAYER_CHANGE
;Z:1.4
;HEIGHT:0.2
G1 E-2 F2400
G1 Z1.4 F7800
G1 X56.437 Y209.413
G1 E2 F2400
;TYPE:Perimeter
;WIDTH:0.449999
G1 F3600
G1 X56.322 Y209.297 E.00553
G1 X56.021 Y209.218 E.01053
G1 X55.632 Y209.218 E.01317
G1 X55.632 Y204.482 E.16031
G1 X164.368 Y204.482 E3.68058
G1 X164.368 Y209.218 E.16031
G1 X163.979 Y209.218 E.01317
G1 X163.678 Y209.297 E.01053
G1 X163.445 Y209.532 E.0112
G1 X163.368 Y209.829 E.01039
G1 X163.368 Y210.239 E.01388
G1 X56.632 Y210.239 E3.61288
G1 X56.632 Y209.829 E.01388
G1 X56.555 Y209.532 E.01039
G1 X56.479 Y209.456 E.00364
G1 X56.159 Y209.682 F7800
;TYPE:External perimeter
G1 F1800
G1 X56.021 Y209.625 E.00505
G1 X55.225 Y209.625 E.02694
G1 X55.225 Y204.075 E.18786
G1 X164.775 Y204.075 E3.70813
G1 X164.775 Y209.625 E.18786
G1 X163.979 Y209.625 E.02694
G1 X163.834 Y209.685 E.00531
G1 X163.775 Y209.829 E.00527
G1 X163.775 Y210.646 E.02765
G1 X56.225 Y210.646 E3.64043
G1 X56.225 Y209.829 E.02765
G1 X56.186 Y209.734 E.00348
G1 X55.799 Y209.632 F7800
G1 X56.852 Y209.655
;TYPE:Solid infill
;WIDTH:0.364737
G1 F1200
G1 X163.148 Y209.655 E2.8444
G1 X163.105 Y209.977 E.00869
G1 X56.895 Y209.977 E2.84209
G1 X56.879 Y209.857 E.00324
G1 E-2 F2400
G1 X57.549 Y204.787 F7800
G1 E2 F2400
;TYPE:Internal infill
;WIDTH:0.45
G1 F4800
G1 X55.937 Y204.787 E.05456
G1 X55.937 Y205.619 E.02816
G1 X59.609 Y209.29 E.17575
G1 X56.765 Y209.29 E.09627
G1 X61.268 Y204.787 E.21556
G1 X66.62 Y204.787 E.18116
G1 X71.123 Y209.29 E.21556
G1 X68.279 Y209.29 E.09627
G1 X72.782 Y204.787 E.21556
G1 X78.134 Y204.787 E.18116
G1 X82.637 Y209.29 E.21556
G1 X79.793 Y209.29 E.09627
G1 X84.296 Y204.787 E.21556
G1 X89.648 Y204.787 E.18116
G1 X94.151 Y209.29 E.21556
G1 X91.307 Y209.29 E.09627
G1 X95.81 Y204.787 E.21556
G1 X101.162 Y204.787 E.18116
G1 X105.665 Y209.29 E.21556
G1 X102.821 Y209.29 E.09627
G1 X107.324 Y204.787 E.21556
G1 X112.676 Y204.787 E.18116
G1 X117.179 Y209.29 E.21556
G1 X114.335 Y209.29 E.09627
G1 X118.838 Y204.787 E.21556
G1 X124.19 Y204.787 E.18116
G1 X128.693 Y209.29 E.21556
G1 X125.849 Y209.29 E.09627
G1 X130.352 Y204.787 E.21556
G1 X135.704 Y204.787 E.18116
G1 X140.207 Y209.29 E.21556
G1 X137.363 Y209.29 E.09627
G1 X141.866 Y204.787 E.21556
G1 X147.218 Y204.787 E.18116
G1 X151.721 Y209.29 E.21556
G1 X148.877 Y209.29 E.09627
G1 X153.38 Y204.787 E.21556
G1 X158.732 Y204.787 E.18116
G1 X163.235 Y209.29 E.21556
G1 X160.391 Y209.29 E.09627
G1 X164.063 Y205.619 E.17575
G1 X164.063 Y204.787 E.02816
G1 X162.451 Y204.787 E.05456
G1 E-2 F2400
G1 X80.632 Y7.982 F7800
G1 E2 F2400
;TYPE:Perimeter
;WIDTH:0.449999
G1 F3600
G1 X139.368 Y7.982 E1.98814
G1 X139.368 Y17.444 E.32028
G1 X139.472 Y17.713 E.00976
G1 X139.684 Y17.906 E.0097
G1 X139.972 Y17.982 E.01008
G1 X187.738 Y17.982 E1.61682
G1 X217.368 Y47.612 E1.41837
G1 X217.368 Y171.088 E4.17951
G1 X187.738 Y200.718 E1.41837
G1 X32.262 Y200.718 E5.26267
G1 X2.632 Y171.088 E1.41837
G1 X2.632 Y47.612 E4.17951
G1 X32.262 Y17.982 E1.41837
G1 X80.076 Y17.982 E1.61844
G1 X80.366 Y17.876 E.01045
G1 X80.564 Y17.651 E.01014
G1 X80.632 Y17.371 E.00975
G1 X80.632 Y8.042 E.31578
G1 X80.225 Y7.575 F7800
;TYPE:External perimeter
G1 F1800
G1 X139.775 Y7.575 E2.01569
G1 X139.775 Y17.371 E.33158
G1 X139.825 Y17.505 E.00484
G1 X139.976 Y17.575 E.00563
G1 X187.907 Y17.575 E1.6224
G1 X217.775 Y47.443 E1.42976
G1 X217.775 Y171.257 E4.19095
G1 X187.907 Y201.125 E1.42976
G1 X32.093 Y201.125 E5.27411
G1 X2.225 Y171.257 E1.42976
G1 X2.225 Y47.443 E4.19095
G1 X32.093 Y17.575 E1.42976
G1 X80.021 Y17.575 E1.6223
G1 X80.155 Y17.525 E.00484
G1 X80.225 Y17.371 E.00573
G1 X80.225 Y7.635 E.32955
G1 X80.621 Y7.576 F7800
G1 E-2 F2400
G1 X82.617 Y8.287 F7800
G1 E2 F2400
;TYPE:Internal infill
;WIDTH:0.45
G1 F4800
G1 X85.059 Y8.287 E.08266
G1 X80.936 Y12.41 E.19737
G1 X80.936 Y11.853 E.01885
G1 X85.411 Y16.327 E.21419
G1 X88.533 Y16.327 E.10568
G1 X96.573 Y8.287 E.38487
G1 X100.399 Y8.287 E.12951
G1 X108.439 Y16.327 E.38487
G1 X111.561 Y16.327 E.10568
G1 X119.601 Y8.287 E.38487
G1 X123.427 Y8.287 E.12951
G1 X131.467 Y16.327 E.38487
G1 X134.589 Y16.327 E.10568
G1 X139.064 Y11.853 E.21419
G1 X139.064 Y12.41 E.01885
G1 X134.941 Y8.287 E.19737
G1 X131.115 Y8.287 E.12951
G1 X123.075 Y16.327 E.38487
G1 X119.953 Y16.327 E.10568
G1 X111.913 Y8.287 E.38487
G1 X108.087 Y8.287 E.12951
G1 X100.047 Y16.327 E.38487
G1 X96.925 Y16.327 E.10568
G1 X88.885 Y8.287 E.38487
G1 X91.328 Y8.287 E.08269
G1 E-2 F2400
G1 X32.346 Y200.514 F7800
G1 E2 F2400
;TYPE:Solid infill
;WIDTH:0.38292
G1 F1200
G1 X2.836 Y171.004 E1.17985
;WIDTH:0.41646
G1 X2.886 Y170.839 E.00536
;WIDTH:0.449999
G1 X2.937 Y170.674 E.00585
G1 X32.676 Y200.413 E1.42359
G1 X33.252 Y200.413 E.0195
G1 X2.937 Y170.098 E1.45116
G1 X2.937 Y169.522 E.0195
G1 X33.828 Y200.413 E1.47873
G1 X34.403 Y200.413 E.01946
G1 X2.937 Y168.947 E1.50626
G1 X2.937 Y168.371 E.0195
G1 X34.979 Y200.413 E1.53383
G1 X35.555 Y200.413 E.0195
G1 X2.937 Y167.795 E1.5614
G1 X2.937 Y167.22 E.01946
G1 X36.13 Y200.413 E1.58893
G1 X36.706 Y200.413 E.0195
G1 X2.937 Y166.644 E1.6165
G1 X2.937 Y166.068 E.0195
G1 X37.282 Y200.413 E1.64407
G1 X37.857 Y200.413 E.01946
G1 X2.937 Y165.493 E1.6716
G1 X2.937 Y164.917 E.0195
G1 X38.433 Y200.413 E1.69917
G1 X39.009 Y200.413 E.0195
G1 X2.937 Y164.341 E1.72674
G1 X2.937 Y163.766 E.01946
G1 X39.584 Y200.413 E1.75427
G1 X40.16 Y200.413 E.0195
G1 X2.937 Y163.19 E1.78184
G1 X2.937 Y162.614 E.0195
G1 X40.736 Y200.413 E1.80941
G1 X41.312 Y200.413 E.0195
G1 X2.937 Y162.038 E1.83699
G1 X2.937 Y161.463 E.01946
G1 X41.887 Y200.413 E1.86451
G1 X42.463 Y200.413 E.0195
G1 X2.937 Y160.887 E1.89208
G1 X2.937 Y160.311 E.0195
G1 X43.039 Y200.413 E1.91966
G1 X43.614 Y200.413 E.01946
G1 X2.937 Y159.736 E1.94718
G1 X2.937 Y159.16 E.0195
G1 X44.19 Y200.413 E1.97476
G1 X44.766 Y200.413 E.0195
G1 X2.937 Y158.584 E2.00233
G1 X2.937 Y158.009 E.01946
G1 X45.341 Y200.413 E2.02985
G1 X45.917 Y200.413 E.0195
G1 X2.937 Y157.433 E2.05743
G1 X2.937 Y156.857 E.0195
G1 X46.493 Y200.413 E2.085
G1 X47.069 Y200.413 E.0195
G1 X2.937 Y156.281 E2.11257
G1 X2.937 Y155.706 E.01946
G1 X47.644 Y200.413 E2.1401
G1 X48.22 Y200.413 E.0195
G1 X2.937 Y155.13 E2.16767
G1 X2.937 Y154.554 E.0195
G1 X48.796 Y200.413 E2.19524
G1 X49.371 Y200.413 E.01946
G1 X2.937 Y153.979 E2.22277
G1 X2.937 Y153.403 E.0195
G1 X49.947 Y200.413 E2.25034
G1 X50.523 Y200.413 E.0195
G1 X2.937 Y152.827 E2.27791
G1 X2.937 Y152.252 E.01946
G1 X51.098 Y200.413 E2.30544
G1 X51.674 Y200.413 E.0195
G1 X2.937 Y151.676 E2.33301
G1 X2.937 Y151.1 E.0195
G1 X52.25 Y200.413 E2.36058
G1 X52.826 Y200.413 E.0195
G1 X2.937 Y150.525 E2.38813
G1 X2.937 Y149.949 E.0195
G1 X53.401 Y200.413 E2.41568
G1 X53.977 Y200.413 E.0195
G1 X2.937 Y149.373 E2.44325
G1 X2.937 Y148.797 E.0195
G1 X54.553 Y200.413 E2.47083
G1 X55.128 Y200.413 E.01946
G1 X2.937 Y148.222 E2.49835
G1 X2.937 Y147.646 E.0195
G1 X55.704 Y200.413 E2.52592
G1 X56.28 Y200.413 E.0195
G1 X2.937 Y147.07 E2.5535
G1 X2.937 Y146.495 E.01946
G1 X56.855 Y200.413 E2.58102
G1 X57.431 Y200.413 E.0195
G1 X2.937 Y145.919 E2.60859
G1 X2.937 Y145.343 E.0195
G1 X58.007 Y200.413 E2.63617
G1 X58.582 Y200.413 E.01946
G1 X2.937 Y144.768 E2.66369
G1 X2.937 Y144.192 E.0195
G1 X59.158 Y200.413 E2.69126
G1 X59.734 Y200.413 E.0195
G1 X2.937 Y143.616 E2.71884
G1 X2.937 Y143.04 E.0195
G1 X60.31 Y200.413 E2.74641
G1 X60.885 Y200.413 E.01946
G1 X2.937 Y142.465 E2.77393
G1 X2.937 Y141.889 E.0195
G1 X61.461 Y200.413 E2.80151
G1 X62.037 Y200.413 E.0195
G1 X2.937 Y141.313 E2.82908
G1 X2.937 Y140.738 E.01946
G1 X62.612 Y200.413 E2.85661
G1 X63.188 Y200.413 E.0195
G1 X2.937 Y140.162 E2.88418
G1 X2.937 Y139.586 E.0195
G1 X63.764 Y200.413 E2.91175
G1 X64.339 Y200.413 E.01946
G1 X2.937 Y139.011 E2.93928
G1 X2.937 Y138.435 E.0195
G1 X64.915 Y200.413 E2.96685
G1 X65.491 Y200.413 E.0195
G1 X2.937 Y137.859 E2.99442
G1 X2.937 Y137.283 E.0195
G1 X66.067 Y200.413 E3.02199
G1 X66.642 Y200.413 E.01946
G1 X2.937 Y136.708 E3.04952
G1 X2.937 Y136.132 E.0195
G1 X67.218 Y200.413 E3.07709
G1 X67.794 Y200.413 E.0195
G1 X2.937 Y135.556 E3.10466
G1 X2.937 Y134.981 E.01946
G1 X68.369 Y200.413 E3.13219
G1 X68.945 Y200.413 E.0195
G1 X2.937 Y134.405 E3.15976
G1 X2.937 Y133.829 E.0195
G1 X69.521 Y200.413 E3.18733
G1 X70.096 Y200.413 E.01946
G1 X2.937 Y133.254 E3.21486
G1 X2.937 Y132.678 E.0195
G1 X70.672 Y200.413 E3.24243
G1 X71.248 Y200.413 E.0195
G1 X2.937 Y132.102 E3.27
G1 X2.937 Y131.527 E.01946
G1 X71.823 Y200.413 E3.29753
G1 X72.399 Y200.413 E.0195
G1 X2.937 Y130.951 E3.3251
G1 X2.937 Y130.375 E.0195
G1 X72.975 Y200.413 E3.35268
G1 X73.551 Y200.413 E.0195
G1 X2.937 Y129.799 E3.38025
G1 X2.937 Y129.224 E.01946
G1 X74.126 Y200.413 E3.40777
G1 X74.702 Y200.413 E.0195
G1 X2.937 Y128.648 E3.43535
G1 X2.937 Y128.072 E.0195
G1 X75.278 Y200.413 E3.46292
G1 X75.853 Y200.413 E.01946
G1 X2.937 Y127.497 E3.49044
G1 X2.937 Y126.921 E.0195
G1 X76.429 Y200.413 E3.51802
G1 X77.005 Y200.413 E.0195
G1 X2.937 Y126.345 E3.54559
G1 X2.937 Y125.77 E.01946
G1 X77.58 Y200.413 E3.57311
G1 X78.156 Y200.413 E.0195
G1 X2.937 Y125.194 E3.60069
G1 X2.937 Y124.618 E.0195
G1 X78.732 Y200.413 E3.62826
G1 X79.308 Y200.413 E.0195
G1 X2.937 Y124.042 E3.65583
G1 X2.937 Y123.467 E.01946
G1 X79.883 Y200.413 E3.68336
G1 X80.459 Y200.413 E.0195
G1 X2.937 Y122.891 E3.71093
G1 X2.937 Y122.315 E.0195
G1 X81.035 Y200.413 E3.7385
G1 X81.61 Y200.413 E.01946
G1 X2.937 Y121.74 E3.76603
G1 X2.937 Y121.164 E.0195
G1 X82.186 Y200.413 E3.7936
G1 X82.762 Y200.413 E.0195
G1 X2.937 Y120.588 E3.82117
G1 X2.937 Y120.013 E.01946
G1 X83.337 Y200.413 E3.8487
G1 X83.913 Y200.413 E.0195
G1 X2.937 Y119.437 E3.87627
G1 X2.937 Y118.861 E.0195
G1 X84.489 Y200.413 E3.90384
G1 X85.065 Y200.413 E.0195
G1 X2.937 Y118.285 E3.93142
G1 X2.937 Y117.71 E.01946
G1 X85.64 Y200.413 E3.95894
G1 X86.216 Y200.413 E.0195
G1 X2.937 Y117.134 E3.98651
G1 X2.937 Y116.558 E.0195
G1 X86.792 Y200.413 E4.01409
G1 X87.367 Y200.413 E.01946
G1 X2.937 Y115.983 E4.04161
G1 X2.937 Y115.407 E.0195
G1 X87.943 Y200.413 E4.06918
G1 X88.519 Y200.413 E.0195
G1 X2.937 Y114.831 E4.09676
G1 X2.937 Y114.256 E.01946
G1 X89.094 Y200.413 E4.12428
G1 X89.67 Y200.413 E.0195
G1 X2.937 Y113.68 E4.15185
G1 X2.937 Y113.104 E.0195
G1 X90.246 Y200.413 E4.17943
G1 X90.821 Y200.413 E.01946
G1 X2.937 Y112.529 E4.20695
G1 X2.937 Y111.953 E.0195
G1 X91.397 Y200.413 E4.23452
G1 X91.973 Y200.413 E.0195
G1 X2.937 Y111.377 E4.2621
G1 X2.937 Y110.801 E.0195
G1 X92.549 Y200.413 E4.28967
G1 X93.124 Y200.413 E.01946
G1 X2.937 Y110.226 E4.3172
G1 X2.937 Y109.65 E.0195
G1 X93.7 Y200.413 E4.34477
G1 X94.276 Y200.413 E.0195
G1 X2.937 Y109.074 E4.37234
G1 X2.937 Y108.499 E.01946
G1 X94.851 Y200.413 E4.39987
G1 X95.427 Y200.413 E.0195
G1 X2.937 Y107.923 E4.42744
G1 X2.937 Y107.347 E.0195
G1 X96.003 Y200.413 E4.45501
G1 X96.578 Y200.413 E.01946
G1 X2.937 Y106.772 E4.48254
G1 X2.937 Y106.196 E.0195
G1 X97.154 Y200.413 E4.51011
G1 X97.73 Y200.413 E.0195
G1 X2.937 Y105.62 E4.53768
G1 X2.937 Y105.044 E.0195
G1 X98.306 Y200.413 E4.56525
G1 X98.881 Y200.413 E.01946
G1 X2.937 Y104.469 E4.59278
G1 X2.937 Y103.893 E.0195
G1 X99.457 Y200.413 E4.62035
G1 X100.033 Y200.413 E.0195
G1 X2.937 Y103.317 E4.64792
G1 X2.937 Y102.742 E.01946
G1 X100.608 Y200.413 E4.67545
G1 X101.184 Y200.413 E.0195
G1 X2.937 Y102.166 E4.70302
G1 X2.937 Y101.59 E.0195
G1 X101.76 Y200.413 E4.7306
G1 X102.335 Y200.413 E.01946
G1 X2.937 Y101.015 E4.75812
G1 X2.937 Y100.439 E.0195
G1 X102.911 Y200.413 E4.78569
G1 X103.487 Y200.413 E.0195
G1 X2.937 Y99.863 E4.81327
G1 X2.937 Y99.288 E.01946
G1 X104.063 Y200.413 E4.84081
G1 X104.638 Y200.413 E.01946
G1 X2.937 Y98.712 E4.86836
G1 X2.937 Y98.136 E.0195
G1 X105.214 Y200.413 E4.89594
G1 X105.79 Y200.413 E.0195
G1 X2.937 Y97.56 E4.92351
G1 X2.937 Y96.985 E.01946
G1 X106.365 Y200.413 E4.95103
G1 X106.941 Y200.413 E.0195
G1 X2.937 Y96.409 E4.97861
G1 X2.937 Y95.833 E.0195
G1 X107.517 Y200.413 E5.00618
G1 X108.092 Y200.413 E.01946
G1 X2.937 Y95.258 E5.0337
G1 X2.937 Y94.682 E.0195
G1 X108.668 Y200.413 E5.06128
G1 X109.244 Y200.413 E.0195
G1 X2.937 Y94.106 E5.08885
G1 X2.937 Y93.531 E.01946
G1 X109.819 Y200.413 E5.11637
G1 X110.395 Y200.413 E.0195
G1 X2.937 Y92.955 E5.14395
G1 X2.937 Y92.379 E.0195
G1 X110.971 Y200.413 E5.17152
G1 X111.547 Y200.413 E.0195
G1 X2.937 Y91.803 E5.19909
G1 X2.937 Y91.228 E.01946
G1 X112.122 Y200.413 E5.22662
G1 X112.698 Y200.413 E.0195
G1 X2.937 Y90.652 E5.25419
G1 X2.937 Y90.076 E.0195
G1 X113.274 Y200.413 E5.28176
G1 X113.849 Y200.413 E.01946
G1 X2.937 Y89.501 E5.30929
G1 X2.937 Y88.925 E.0195
G1 X114.425 Y200.413 E5.33686
G1 X115.001 Y200.413 E.0195
G1 X2.937 Y88.349 E5.36443
G1 X2.937 Y87.774 E.01946
G1 X115.576 Y200.413 E5.39196
G1 X116.152 Y200.413 E.0195
G1 X2.937 Y87.198 E5.41953
G1 X2.937 Y86.622 E.0195
G1 X116.728 Y200.413 E5.4471
G1 X117.304 Y200.413 E.0195
G1 X2.937 Y86.046 E5.47468
G1 X2.937 Y85.471 E.01946
G1 X117.879 Y200.413 E5.5022
G1 X118.455 Y200.413 E.0195
G1 X2.937 Y84.895 E5.52977
G1 X2.937 Y84.319 E.0195
G1 X119.031 Y200.413 E5.55735
G1 X119.606 Y200.413 E.01946
G1 X2.937 Y83.744 E5.58487
G1 X2.937 Y83.168 E.0195
G1 X120.182 Y200.413 E5.61244
G1 X120.758 Y200.413 E.0195
G1 X2.937 Y82.592 E5.64002
G1 X2.937 Y82.017 E.01946
G1 X121.333 Y200.413 E5.66754
G1 X121.909 Y200.413 E.0195
G1 X2.937 Y81.441 E5.69512
G1 X2.937 Y80.865 E.0195
G1 X122.485 Y200.413 E5.72269
G1 X123.06 Y200.413 E.01946
G1 X2.937 Y80.29 E5.75021
G1 X2.937 Y79.714 E.0195
G1 X123.636 Y200.413 E5.77779
G1 X124.212 Y200.413 E.0195
G1 X2.937 Y79.138 E5.80536
G1 X2.937 Y78.562 E.0195
G1 X124.788 Y200.413 E5.83293
G1 X125.363 Y200.413 E.01946
G1 X2.937 Y77.987 E5.86046
G1 X2.937 Y77.411 E.0195
G1 X125.939 Y200.413 E5.88803
G1 X126.515 Y200.413 E.0195
G1 X2.937 Y76.835 E5.9156
G1 X2.937 Y76.26 E.01946
G1 X127.09 Y200.413 E5.94313
G1 X127.666 Y200.413 E.0195
G1 X2.937 Y75.684 E5.9707
G1 X2.937 Y75.108 E.0195
G1 X128.242 Y200.413 E5.99827
G1 X128.817 Y200.413 E.01946
G1 X2.937 Y74.533 E6.0258
G1 X2.937 Y73.957 E.0195
G1 X129.393 Y200.413 E6.05337
G1 X129.969 Y200.413 E.0195
G1 X2.937 Y73.381 E6.08094
G1 X2.937 Y72.805 E.0195
G1 X130.545 Y200.413 E6.10852
G1 X131.12 Y200.413 E.01946
G1 X2.937 Y72.23 E6.13604
G1 X2.937 Y71.654 E.0195
G1 X131.696 Y200.413 E6.16361
G1 X132.272 Y200.413 E.0195
G1 X2.937 Y71.078 E6.19119
G1 X2.937 Y70.503 E.01946
G1 X132.847 Y200.413 E6.21871
G1 X133.423 Y200.413 E.0195
G1 X2.937 Y69.927 E6.24628
G1 X2.937 Y69.351 E.0195
G1 X133.999 Y200.413 E6.27386
G1 X134.574 Y200.413 E.01946
G1 X2.937 Y68.776 E6.30138
G1 X2.937 Y68.2 E.0195
G1 X135.15 Y200.413 E6.32895
G1 X135.726 Y200.413 E.0195
G1 X2.937 Y67.624 E6.35653
G1 X2.937 Y67.048 E.0195
G1 X136.302 Y200.413 E6.3841
G1 X136.877 Y200.413 E.01946
G1 X2.937 Y66.473 E6.41162
G1 X2.937 Y65.897 E.0195
G1 X137.453 Y200.413 E6.4392
G1 X138.029 Y200.413 E.0195
G1 X2.937 Y65.321 E6.46677
G1 X2.937 Y64.746 E.01946
G1 X138.604 Y200.413 E6.49429
G1 X139.18 Y200.413 E.0195
G1 X2.937 Y64.17 E6.52187
G1 X2.937 Y63.594 E.0195
G1 X139.756 Y200.413 E6.54944
G1 X140.331 Y200.413 E.01946
G1 X2.937 Y63.019 E6.57697
G1 X2.937 Y62.443 E.0195
G1 X140.907 Y200.413 E6.60454
G1 X141.483 Y200.413 E.0195
G1 X2.937 Y61.867 E6.63211
G1 X2.937 Y61.292 E.01946
G1 X142.058 Y200.413 E6.65964
G1 X142.634 Y200.413 E.0195
G1 X2.937 Y60.716 E6.68721
G1 X2.937 Y60.14 E.0195
G1 X143.21 Y200.413 E6.71478
G1 X143.786 Y200.413 E.0195
G1 X2.937 Y59.564 E6.74235
G1 X2.937 Y58.989 E.01946
G1 X144.361 Y200.413 E6.76988
G1 X144.937 Y200.413 E.0195
G1 X2.937 Y58.413 E6.79745
G1 X2.937 Y57.837 E.0195
G1 X145.513 Y200.413 E6.82502
G1 X146.088 Y200.413 E.01946
G1 X2.937 Y57.262 E6.85255
G1 X2.937 Y56.686 E.0195
G1 X146.664 Y200.413 E6.88012
G1 X147.24 Y200.413 E.0195
G1 X2.937 Y56.11 E6.90769
G1 X2.937 Y55.535 E.01946
G1 X147.815 Y200.413 E6.93522
G1 X148.391 Y200.413 E.0195
G1 X2.937 Y54.959 E6.96279
G1 X2.937 Y54.383 E.0195
G1 X148.967 Y200.413 E6.99036
G1 X149.543 Y200.413 E.0195
G1 X2.937 Y53.807 E7.01794
G1 X2.937 Y53.232 E.01946
G1 X150.118 Y200.413 E7.04546
G1 X150.694 Y200.413 E.0195
G1 X2.937 Y52.656 E7.07304
G1 X2.937 Y52.08 E.0195
G1 X151.27 Y200.413 E7.10061
G1 X151.845 Y200.413 E.01946
G1 X2.937 Y51.505 E7.12813
G1 X2.937 Y50.929 E.0195
G1 X152.421 Y200.413 E7.15571
G1 X152.997 Y200.413 E.0195
G1 X2.937 Y50.353 E7.18328
G1 X2.937 Y49.778 E.01946
G1 X153.572 Y200.413 E7.2108
G1 X154.148 Y200.413 E.0195
G1 X2.937 Y49.202 E7.23838
G1 X2.937 Y48.626 E.0195
G1 X154.724 Y200.413 E7.26595
G1 X155.3 Y200.413 E.0195
G1 X2.937 Y48.051 E7.2935
G1 X2.78 Y47.637 E.01499
;WIDTH:0.38292
G1 X2.761 Y47.708 E.00208
G1 X2.832 Y47.689 E.00208
G1 X2.821 Y47.648 E.0012
;WIDTH:0.41646
G1 X2.945 Y47.627 E.00391
;WIDTH:0.449999
G1 X3.069 Y47.607 E.00425
G1 X155.875 Y200.413 E7.31473
G1 X156.451 Y200.413 E.0195
G1 X3.357 Y47.319 E7.32851
G1 X3.645 Y47.031 E.01379
G1 X157.027 Y200.413 E7.3423
G1 X157.602 Y200.413 E.01946
G1 X3.933 Y46.743 E7.35606
G1 X4.221 Y46.455 E.01379
G1 X158.178 Y200.413 E7.36985
G1 X158.754 Y200.413 E.0195
G1 X4.508 Y46.167 E7.38366
G1 X4.796 Y45.879 E.01379
G1 X159.329 Y200.413 E7.39742
G1 X159.905 Y200.413 E.0195
G1 X5.084 Y45.592 E7.41118
G1 X5.372 Y45.304 E.01379
G1 X160.481 Y200.413 E7.42497
G1 X161.056 Y200.413 E.01946
G1 X5.66 Y45.016 E7.43873
G1 X5.948 Y44.728 E.01379
G1 X161.632 Y200.413 E7.45252
G1 X162.208 Y200.413 E.0195
G1 X6.235 Y44.44 E7.46633
G1 X6.523 Y44.152 E.01379
G1 X162.784 Y200.413 E7.48012
G1 X163.359 Y200.413 E.01946
G1 X6.811 Y43.865 E7.49386
G1 X7.099 Y43.577 E.01379
G1 X163.935 Y200.413 E7.50764
G1 X164.511 Y200.413 E.0195
G1 X7.387 Y43.289 E7.52143
G1 X7.675 Y43.001 E.01379
G1 X165.086 Y200.413 E7.53519
G1 X165.662 Y200.413 E.0195
G1 X7.963 Y42.713 E7.54898
G1 X8.25 Y42.425 E.01376
G1 X166.238 Y200.413 E7.56279
G1 X166.813 Y200.413 E.01946
G1 X8.538 Y42.137 E7.57655
G1 X8.826 Y41.85 E.01376
G1 X167.389 Y200.413 E7.59031
G1 X167.965 Y200.413 E.0195
G1 X9.114 Y41.562 E7.6041
G1 X9.402 Y41.274 E.01379
G1 X168.541 Y200.413 E7.61788
G1 X169.116 Y200.413 E.01946
G1 X9.69 Y40.986 E7.63165
G1 X9.977 Y40.698 E.01376
G1 X169.692 Y200.413 E7.64546
G1 X170.268 Y200.413 E.0195
G1 X10.265 Y40.41 E7.65924
G1 X10.553 Y40.122 E.01379
G1 X170.843 Y200.413 E7.67301
G1 X171.419 Y200.413 E.0195
G1 X10.841 Y39.835 E7.68677
G1 X11.129 Y39.547 E.01379
G1 X171.995 Y200.413 E7.70056
G1 X172.57 Y200.413 E.01946
G1 X11.417 Y39.259 E7.71432
G1 X11.705 Y38.971 E.01379
G1 X173.146 Y200.413 E7.7281
G1 X173.722 Y200.413 E.0195
G1 X11.992 Y38.683 E7.74191
G1 X12.28 Y38.395 E.01379
G1 X174.297 Y200.413 E7.75568
G1 X174.873 Y200.413 E.0195
G1 X12.568 Y38.108 E7.76944
G1 X12.856 Y37.82 E.01379
G1 X175.449 Y200.413 E7.78323
G1 X176.025 Y200.413 E.0195
G1 X13.144 Y37.532 E7.79701
G1 X13.432 Y37.244 E.01379
G1 X176.6 Y200.413 E7.81077
G1 X177.176 Y200.413 E.0195
G1 X13.72 Y36.956 E7.82456
G1 X14.007 Y36.668 E.01376
G1 X177.752 Y200.413 E7.83837
G1 X178.327 Y200.413 E.01946
G1 X14.295 Y36.38 E7.85213
G1 X14.583 Y36.093 E.01376
G1 X178.903 Y200.413 E7.8659
G1 X179.479 Y200.413 E.0195
G1 X14.871 Y35.805 E7.87968
G1 X15.159 Y35.517 E.01379
G1 X180.054 Y200.413 E7.89344
G1 X180.63 Y200.413 E.0195
G1 X15.447 Y35.229 E7.90723
G1 X15.734 Y34.941 E.01376
G1 X181.206 Y200.413 E7.92104
G1 X181.782 Y200.413 E.0195
G1 X16.022 Y34.653 E7.93483
G1 X16.31 Y34.366 E.01376
G1 X182.357 Y200.413 E7.94857
G1 X182.933 Y200.413 E.0195
G1 X16.598 Y34.078 E7.96235
G1 X16.886 Y33.79 E.01379
G1 X183.509 Y200.413 E7.97614
G1 X184.084 Y200.413 E.01946
G1 X17.174 Y33.502 E7.9899
G1 X17.462 Y33.214 E.01379
G1 X184.66 Y200.413 E8.00369
G1 X185.236 Y200.413 E.0195
G1 X17.749 Y32.926 E8.0175
G1 X18.037 Y32.638 E.01379
G1 X185.811 Y200.413 E8.03126
G1 X186.387 Y200.413 E.0195
G1 X18.325 Y32.351 E8.04502
G1 X18.613 Y32.063 E.01379
G1 X186.963 Y200.413 E8.05881
G1 X187.539 Y200.413 E.0195
G1 X18.901 Y31.775 E8.0726
G1 X19.189 Y31.487 E.01379
G1 X187.863 Y200.161 E8.07432
G1 X188.151 Y199.874 E.01376
G1 X19.476 Y31.199 E8.07437
G1 X19.764 Y30.911 E.01379
G1 X188.439 Y199.586 E8.07437
G1 X188.727 Y199.298 E.01379
G1 X20.052 Y30.623 E8.07437
G1 X20.34 Y30.336 E.01376
G1 X189.014 Y199.01 E8.07432
G1 X189.302 Y198.722 E.01379
G1 X20.628 Y30.048 E8.07432
G1 X20.916 Y29.76 E.01379
G1 X189.59 Y198.434 E8.07432
G1 X189.878 Y198.146 E.01379
G1 X21.204 Y29.472 E8.07432
G1 X21.491 Y29.184 E.01376
G1 X190.166 Y197.859 E8.07437
G1 X190.454 Y197.571 E.01379
G1 X21.779 Y28.896 E8.07437
G1 X22.067 Y28.609 E.01376
G1 X190.741 Y197.283 E8.07432
G1 X191.029 Y196.995 E.01379
G1 X22.355 Y28.321 E8.07432
G1 X22.643 Y28.033 E.01379
G1 X191.317 Y196.707 E8.07432
G1 X191.605 Y196.419 E.01379
G1 X22.931 Y27.745 E8.07432
G1 X23.218 Y27.457 E.01376
G1 X191.893 Y196.132 E8.07437
G1 X192.181 Y195.844 E.01379
G1 X23.506 Y27.169 E8.07437
G1 X23.794 Y26.881 E.01379
G1 X192.469 Y195.556 E8.07437
G1 X192.756 Y195.268 E.01376
G1 X24.082 Y26.594 E8.07432
G1 X24.37 Y26.306 E.01379
G1 X193.044 Y194.98 E8.07432
G1 X193.332 Y194.692 E.01379
G1 X24.658 Y26.018 E8.07432
G1 X24.946 Y25.73 E.01379
G1 X193.62 Y194.404 E8.07432
G1 X193.908 Y194.117 E.01376
G1 X25.233 Y25.442 E8.07437
G1 X25.521 Y25.154 E.01379
G1 X194.196 Y193.829 E8.07437
G1 X194.483 Y193.541 E.01376
G1 X25.809 Y24.867 E8.07432
G1 X26.097 Y24.579 E.01379
G1 X194.771 Y193.253 E8.07432
G1 X195.059 Y192.965 E.01379
G1 X26.385 Y24.291 E8.07432
G1 X26.673 Y24.003 E.01379
G1 X195.347 Y192.677 E8.07432
G1 X195.635 Y192.389 E.01379
G1 X26.961 Y23.715 E8.07432
G1 X27.248 Y23.427 E.01376
G1 X195.923 Y192.102 E8.07437
G1 X196.211 Y191.814 E.01379
G1 X27.536 Y23.139 E8.07437
G1 X27.824 Y22.852 E.01376
G1 X196.498 Y191.526 E8.07432
G1 X196.786 Y191.238 E.01379
G1 X28.112 Y22.564 E8.07432
G1 X28.4 Y22.276 E.01379
G1 X197.074 Y190.95 E8.07432
G1 X197.362 Y190.662 E.01379
G1 X28.688 Y21.988 E8.07432
G1 X28.975 Y21.7 E.01376
G1 X197.65 Y190.375 E8.07437
G1 X197.938 Y190.087 E.01379
G1 X29.263 Y21.412 E8.07437
G1 X29.551 Y21.124 E.01379
G1 X198.226 Y189.799 E8.07437
G1 X198.513 Y189.511 E.01376
G1 X29.839 Y20.837 E8.07432
G1 X30.127 Y20.549 E.01379
G1 X198.801 Y189.223 E8.07432
G1 X199.089 Y188.935 E.01379
G1 X30.415 Y20.261 E8.07432
G1 X30.703 Y19.973 E.01379
G1 X199.377 Y188.647 E8.07432
G1 X199.665 Y188.36 E.01376
G1 X30.99 Y19.685 E8.07437
G1 X31.278 Y19.397 E.01379
G1 X199.953 Y188.072 E8.07437
G1 X200.24 Y187.784 E.01376
G1 X31.566 Y19.11 E8.07432
G1 X31.854 Y18.822 E.01379
G1 X200.528 Y187.496 E8.07432
G1 X200.816 Y187.208 E.01379
G1 X32.142 Y18.534 E8.07432
G1 X32.471 Y18.287 E.01393
G1 X201.104 Y186.92 E8.07236
G1 X201.392 Y186.633 E.01376
G1 X33.047 Y18.287 E8.05859
G1 X33.622 Y18.287 E.01946
G1 X201.68 Y186.345 E8.04483
G1 X201.968 Y186.057 E.01379
G1 X34.198 Y18.287 E8.03105
G1 X34.773 Y18.287 E.01946
G1 X202.255 Y185.769 E8.01726
G1 X202.543 Y185.481 E.01379
G1 X35.349 Y18.287 E8.00347
G1 X35.925 Y18.287 E.0195
G1 X202.831 Y185.193 E7.98969
G1 X203.119 Y184.905 E.01379
G1 X36.5 Y18.287 E7.97592
G1 X37.076 Y18.287 E.0195
G1 X203.407 Y184.618 E7.96216
G1 X203.695 Y184.33 E.01379
G1 X37.651 Y18.287 E7.9484
G1 X38.227 Y18.287 E.0195
G1 X203.982 Y184.042 E7.93459
G1 X204.27 Y183.754 E.01379
G1 X38.803 Y18.286 E7.92083
G1 X39.378 Y18.286 E.01946
G1 X204.558 Y183.466 E7.90706
G1 X204.846 Y183.178 E.01379
G1 X39.954 Y18.286 E7.89328
G1 X40.53 Y18.286 E.0195
G1 X205.134 Y182.89 E7.87949
G1 X205.422 Y182.603 E.01376
G1 X41.105 Y18.286 E7.86575
G1 X41.681 Y18.286 E.0195
G1 X205.71 Y182.315 E7.85197
G1 X205.997 Y182.027 E.01376
G1 X42.256 Y18.286 E7.83818
G1 X42.832 Y18.286 E.0195
G1 X206.285 Y181.739 E7.82439
G1 X206.573 Y181.451 E.01379
G1 X43.408 Y18.286 E7.81061
G1 X43.983 Y18.286 E.01946
G1 X206.861 Y181.163 E7.79684
G1 X207.149 Y180.876 E.01376
G1 X44.559 Y18.286 E7.78308
G1 X45.134 Y18.285 E.01946
G1 X207.437 Y180.588 E7.76934
G1 X207.725 Y180.3 E.01379
G1 X45.71 Y18.285 E7.75556
G1 X46.286 Y18.285 E.0195
G1 X208.012 Y180.012 E7.74175
G1 X208.3 Y179.724 E.01379
G1 X46.861 Y18.285 E7.72798
G1 X47.437 Y18.285 E.0195
G1 X208.588 Y179.436 E7.7142
G1 X208.876 Y179.148 E.01379
G1 X48.012 Y18.285 E7.70044
G1 X48.588 Y18.285 E.0195
G1 X209.164 Y178.861 E7.68667
G1 X209.452 Y178.573 E.01379
G1 X49.164 Y18.285 E7.67289
G1 X49.739 Y18.285 E.01946
G1 X209.739 Y178.285 E7.6591
G1 X210.027 Y177.997 E.01379
G1 X50.315 Y18.285 E7.64531
G1 X50.891 Y18.285 E.0195
G1 X210.315 Y177.709 E7.63153
G1 X210.603 Y177.421 E.01379
G1 X51.466 Y18.285 E7.61776
G1 X52.042 Y18.284 E.0195
G1 X210.891 Y177.134 E7.60403
G1 X211.179 Y176.846 E.01379
G1 X52.617 Y18.284 E7.59026
G1 X53.193 Y18.284 E.0195
G1 X211.467 Y176.558 E7.57648
G1 X211.754 Y176.27 E.01376
G1 X53.769 Y18.284 E7.56267
G1 X54.344 Y18.284 E.01946
G1 X212.042 Y175.982 E7.5489
G1 X212.33 Y175.694 E.01379
G1 X54.92 Y18.284 E7.53512
G1 X55.495 Y18.284 E.01946
G1 X212.618 Y175.406 E7.52136
G1 X212.906 Y175.119 E.01376
G1 X56.071 Y18.284 E7.50759
G1 X56.647 Y18.284 E.0195
G1 X213.194 Y174.831 E7.49381
G1 X213.481 Y174.543 E.01376
G1 X57.222 Y18.284 E7.48002
G1 X57.798 Y18.284 E.0195
G1 X213.769 Y174.255 E7.46623
G1 X214.057 Y173.967 E.01379
G1 X58.374 Y18.284 E7.45245
G1 X58.949 Y18.283 E.01946
G1 X214.345 Y173.679 E7.43871
G1 X214.633 Y173.391 E.01379
G1 X59.525 Y18.283 E7.42492
G1 X60.1 Y18.283 E.01946
G1 X214.921 Y173.104 E7.41118
G1 X215.209 Y172.816 E.01379
G1 X60.676 Y18.283 E7.3974
G1 X61.252 Y18.283 E.0195
G1 X215.496 Y172.528 E7.38359
G1 X215.784 Y172.24 E.01379
G1 X61.827 Y18.283 E7.36983
G1 X62.403 Y18.283 E.0195
G1 X216.072 Y171.952 E7.35604
G1 X216.36 Y171.664 E.01379
G1 X62.978 Y18.283 E7.34228
G1 X63.554 Y18.283 E.0195
G1 X216.648 Y171.377 E7.32851
G1 X217.235 Y170.987 E.02385
;WIDTH:0.38292
G1 X217.246 Y171.029 E.00123
G1 X217.174 Y171.048 E.00211
G1 X217.194 Y170.976 E.00211
;WIDTH:0.41646
G1 X217.065 Y171.033 E.00438
;WIDTH:0.449999
G1 X216.936 Y171.089 E.00476
G1 X64.13 Y18.283 E7.31473
G1 X64.705 Y18.283 E.01946
G1 X217.063 Y170.64 E7.29326
G1 X217.063 Y170.064 E.0195
G1 X65.281 Y18.282 E7.26571
G1 X65.856 Y18.282 E.01946
G1 X217.063 Y169.489 E7.23818
G1 X217.063 Y168.913 E.0195
G1 X66.432 Y18.282 E7.21061
G1 X67.008 Y18.282 E.0195
G1 X217.063 Y168.337 E7.18304
G1 X217.063 Y167.761 E.0195
G1 X67.583 Y18.282 E7.15549
G1 X68.159 Y18.282 E.0195
G1 X217.063 Y167.186 E7.12794
G1 X217.063 Y166.61 E.0195
G1 X68.735 Y18.282 E7.10037
G1 X69.31 Y18.282 E.01946
G1 X217.063 Y166.034 E7.07282
G1 X217.063 Y165.459 E.01946
G1 X69.886 Y18.282 E7.04527
G1 X70.461 Y18.282 E.01946
G1 X217.063 Y164.883 E7.01772
G1 X217.063 Y164.307 E.0195
G1 X71.037 Y18.282 E6.99015
G1 X71.613 Y18.282 E.0195
G1 X217.063 Y163.732 E6.9626
G1 X217.063 Y163.156 E.0195
G1 X72.188 Y18.281 E6.93508
G1 X72.764 Y18.281 E.0195
G1 X217.063 Y162.58 E6.9075
G1 X217.063 Y162.005 E.01946
G1 X73.339 Y18.281 E6.87998
G1 X73.915 Y18.281 E.0195
G1 X217.063 Y161.429 E6.85241
G1 X217.063 Y160.853 E.0195
G1 X74.491 Y18.281 E6.82483
G1 X75.066 Y18.281 E.01946
G1 X217.063 Y160.277 E6.79728
G1 X217.063 Y159.702 E.01946
G1 X75.642 Y18.281 E6.76974
G1 X76.217 Y18.281 E.01946
G1 X217.063 Y159.126 E6.74219
G1 X217.063 Y158.55 E.0195
G1 X76.793 Y18.281 E6.71461
G1 X77.369 Y18.281 E.0195
G1 X217.063 Y157.975 E6.68706
G1 X217.063 Y157.399 E.0195
G1 X77.944 Y18.281 E6.65952
G1 X78.52 Y18.281 E.0195
G1 X217.063 Y156.823 E6.63194
G1 X217.063 Y156.248 E.01946
G1 X79.096 Y18.28 E6.60442
G1 X79.671 Y18.28 E.01946
G1 X217.063 Y155.672 E6.57687
G1 X217.063 Y155.096 E.0195
G1 X80.222 Y18.256 E6.55047
G1 X80.606 Y18.064 E.01453
G1 X217.063 Y154.52 E6.53209
G1 X217.063 Y153.945 E.01946
G1 X80.859 Y17.741 E6.52
G1 X80.935 Y17.241 E.01712
G1 X217.063 Y153.369 E6.51636
G1 X217.063 Y152.793 E.0195
G1 X81.003 Y16.734 E6.51308
G1 X80.899 Y16.668 E.00417
;WIDTH:0.41646
G1 X80.795 Y16.602 E.00383
;WIDTH:0.38292
G1 X80.787 Y16.74 E.00391
;WIDTH:0.449999
G1 X81.579 Y16.734 E.02681
G1 X217.063 Y152.218 E6.48553
G1 X217.063 Y151.642 E.0195
G1 X82.155 Y16.734 E6.45796
G1 X82.731 Y16.734 E.0195
G1 X217.063 Y151.066 E6.43039
G1 X217.063 Y150.491 E.01946
G1 X83.306 Y16.734 E6.40286
G1 X83.882 Y16.734 E.0195
G1 X217.063 Y149.915 E6.37529
G1 X217.063 Y149.339 E.0195
G1 X84.458 Y16.734 E6.34772
G1 X85.033 Y16.734 E.01946
G1 X217.063 Y148.764 E6.32019
G1 X217.063 Y148.188 E.0195
G1 X85.609 Y16.734 E6.29262
G1 X86.185 Y16.734 E.0195
G1 X217.063 Y147.612 E6.26505
G1 X217.063 Y147.036 E.0195
G1 X86.76 Y16.734 E6.2375
G1 X87.336 Y16.734 E.0195
G1 X217.063 Y146.461 E6.20995
G1 X217.063 Y145.885 E.0195
G1 X87.912 Y16.734 E6.18238
G1 X88.487 Y16.734 E.01946
G1 X217.063 Y145.309 E6.15483
G1 X217.063 Y144.734 E.01946
G1 X89.063 Y16.734 E6.12728
G1 X89.639 Y16.734 E.0195
G1 X217.063 Y144.158 E6.09971
G1 X217.063 Y143.582 E.0195
G1 X90.215 Y16.734 E6.07213
G1 X90.79 Y16.734 E.01946
G1 X217.063 Y143.007 E6.04461
G1 X217.063 Y142.431 E.0195
G1 X91.366 Y16.734 E6.01704
G1 X91.942 Y16.734 E.0195
G1 X217.063 Y141.855 E5.98946
G1 X217.063 Y141.279 E.0195
G1 X92.517 Y16.734 E5.96192
G1 X93.093 Y16.734 E.0195
G1 X217.063 Y140.704 E5.93437
G1 X217.063 Y140.128 E.0195
G1 X93.669 Y16.734 E5.90679
G1 X94.244 Y16.734 E.01946
G1 X217.063 Y139.552 E5.87924
G1 X217.063 Y138.977 E.01946
G1 X94.82 Y16.734 E5.8517
G1 X95.396 Y16.734 E.0195
G1 X217.063 Y138.401 E5.82412
G1 X217.063 Y137.825 E.0195
G1 X95.972 Y16.734 E5.79655
G1 X96.547 Y16.734 E.01946
G1 X217.063 Y137.25 E5.76903
G1 X217.063 Y136.674 E.0195
G1 X97.123 Y16.734 E5.74145
G1 X97.699 Y16.734 E.0195
G1 X217.063 Y136.098 E5.71388
G1 X217.063 Y135.522 E.0195
G1 X98.274 Y16.734 E5.68633
G1 X98.85 Y16.734 E.0195
G1 X217.063 Y134.947 E5.65878
G1 X217.063 Y134.371 E.0195
G1 X99.426 Y16.734 E5.63121
G1 X100.001 Y16.734 E.01946
G1 X217.063 Y133.795 E5.60366
G1 X217.063 Y133.22 E.01946
G1 X100.577 Y16.734 E5.57611
G1 X101.153 Y16.734 E.0195
G1 X217.063 Y132.644 E5.54854
G1 X217.063 Y132.068 E.0195
G1 X101.729 Y16.734 E5.52097
G1 X102.304 Y16.734 E.01946
G1 X217.063 Y131.493 E5.49344
G1 X217.063 Y130.917 E.0195
G1 X102.88 Y16.734 E5.46587
G1 X103.456 Y16.734 E.0195
G1 X217.063 Y130.341 E5.4383
G1 X217.063 Y129.766 E.01946
G1 X104.031 Y16.734 E5.41077
G1 X104.607 Y16.734 E.0195
G1 X217.063 Y129.19 E5.3832
G1 X217.063 Y128.614 E.0195
G1 X105.183 Y16.734 E5.35563
G1 X105.758 Y16.734 E.01946
G1 X217.063 Y128.038 E5.32808
G1 X217.063 Y127.463 E.01946
G1 X106.334 Y16.734 E5.30053
G1 X106.91 Y16.734 E.0195
G1 X217.063 Y126.887 E5.27296
G1 X217.063 Y126.311 E.0195
G1 X107.485 Y16.734 E5.24541
G1 X108.061 Y16.734 E.0195
G1 X217.063 Y125.736 E5.21786
G1 X217.063 Y125.16 E.0195
G1 X108.637 Y16.734 E5.19028
G1 X109.213 Y16.734 E.0195
G1 X217.063 Y124.584 E5.16271
G1 X217.063 Y124.009 E.01946
G1 X109.788 Y16.734 E5.13519
G1 X110.364 Y16.734 E.0195
G1 X217.063 Y123.433 E5.10761
G1 X217.063 Y122.857 E.0195
G1 X110.94 Y16.734 E5.08004
G1 X111.515 Y16.734 E.01946
G1 X217.063 Y122.281 E5.05249
G1 X217.063 Y121.706 E.01946
G1 X112.091 Y16.734 E5.02494
G1 X112.667 Y16.734 E.0195
G1 X217.063 Y121.13 E4.99737
G1 X217.063 Y120.554 E.0195
G1 X113.242 Y16.734 E4.96982
G1 X113.818 Y16.734 E.0195
G1 X217.063 Y119.979 E4.94227
G1 X217.063 Y119.403 E.0195
G1 X114.394 Y16.734 E4.9147
G1 X114.97 Y16.734 E.0195
G1 X217.063 Y118.827 E4.88713
G1 X217.063 Y118.252 E.01946
G1 X115.545 Y16.734 E4.8596
G1 X116.121 Y16.734 E.0195
G1 X217.063 Y117.676 E4.83203
G1 X217.063 Y117.1 E.0195
G1 X116.697 Y16.734 E4.80446
G1 X117.272 Y16.734 E.01946
G1 X217.063 Y116.524 E4.77691
G1 X217.063 Y115.949 E.01946
G1 X117.848 Y16.734 E4.74936
G1 X118.424 Y16.734 E.0195
G1 X217.063 Y115.373 E4.72179
G1 X217.063 Y114.797 E.0195
G1 X118.999 Y16.734 E4.69424
G1 X119.575 Y16.734 E.0195
G1 X217.063 Y114.222 E4.66669
G1 X217.063 Y113.646 E.0195
G1 X120.151 Y16.734 E4.63912
G1 X120.727 Y16.734 E.0195
G1 X217.063 Y113.07 E4.61154
G1 X217.063 Y112.495 E.01946
G1 X121.302 Y16.734 E4.58402
G1 X121.878 Y16.734 E.0195
G1 X217.063 Y111.919 E4.55645
G1 X217.063 Y111.343 E.0195
G1 X122.454 Y16.734 E4.52887
G1 X123.029 Y16.734 E.01946
G1 X217.063 Y110.768 E4.50135
G1 X217.063 Y110.192 E.0195
G1 X123.605 Y16.734 E4.47378
G1 X124.181 Y16.734 E.0195
G1 X217.063 Y109.616 E4.4462
G1 X217.063 Y109.04 E.0195
G1 X124.756 Y16.734 E4.41865
G1 X125.332 Y16.734 E.0195
G1 X217.063 Y108.465 E4.39111
G1 X217.063 Y107.889 E.0195
G1 X125.908 Y16.734 E4.36353
G1 X126.483 Y16.734 E.01946
G1 X217.063 Y107.313 E4.33598
G1 X217.063 Y106.738 E.01946
G1 X127.059 Y16.734 E4.30844
G1 X127.635 Y16.734 E.0195
G1 X217.063 Y106.162 E4.28086
G1 X217.063 Y105.586 E.0195
G1 X128.211 Y16.734 E4.25329
G1 X128.786 Y16.734 E.01946
G1 X217.063 Y105.011 E4.22576
G1 X217.063 Y104.435 E.0195
G1 X129.362 Y16.734 E4.19819
G1 X129.938 Y16.734 E.0195
G1 X217.063 Y103.859 E4.17062
G1 X217.063 Y103.283 E.0195
G1 X130.513 Y16.734 E4.14307
G1 X131.089 Y16.734 E.0195
G1 X217.063 Y102.708 E4.11552
G1 X217.063 Y102.132 E.0195
G1 X131.665 Y16.734 E4.08795
G1 X132.24 Y16.734 E.01946
G1 X217.063 Y101.556 E4.0604
G1 X217.063 Y100.981 E.01946
G1 X132.816 Y16.734 E4.03285
G1 X133.392 Y16.734 E.0195
G1 X217.063 Y100.405 E4.00528
G1 X217.063 Y99.829 E.0195
G1 X133.968 Y16.734 E3.97771
G1 X134.543 Y16.734 E.01946
G1 X217.063 Y99.254 E3.95018
G1 X217.063 Y98.678 E.0195
G1 X135.119 Y16.734 E3.92261
G1 X135.695 Y16.734 E.0195
G1 X217.063 Y98.102 E3.89504
G1 X217.063 Y97.527 E.01946
G1 X136.27 Y16.734 E3.86751
G1 X136.846 Y16.734 E.0195
G1 X217.063 Y96.951 E3.83994
G1 X217.063 Y96.375 E.0195
G1 X137.422 Y16.734 E3.81236
G1 X137.997 Y16.734 E.01946
G1 X217.063 Y95.799 E3.78482
G1 X217.063 Y95.224 E.01946
G1 X140.119 Y18.28 E3.68326
G1 X139.99 Y18.202 E.0051
;WIDTH:0.41646
G1 X139.861 Y18.123 E.0047
;WIDTH:0.38292
G1 X139.872 Y18.164 E.0012
G1 X139.801 Y18.184 E.00209
G1 X139.82 Y18.112 E.00211
G1 X140.695 Y18.28 F7800
;WIDTH:0.449999
G1 F1200
G1 X217.063 Y94.648 E3.65569
G1 X217.063 Y94.072 E.0195
G1 X141.271 Y18.281 E3.62809
G1 X141.847 Y18.281 E.0195
G1 X217.063 Y93.497 E3.60054
G1 X217.063 Y92.921 E.0195
G1 X142.422 Y18.281 E3.57299
G1 X142.998 Y18.281 E.0195
G1 X217.063 Y92.345 E3.54542
G1 X217.063 Y91.77 E.01946
G1 X143.574 Y18.281 E3.51787
G1 X144.15 Y18.281 E.0195
G1 X217.063 Y91.194 E3.4903
G1 X217.063 Y90.618 E.0195
G1 X144.725 Y18.281 E3.46275
G1 X145.301 Y18.281 E.0195
G1 X217.063 Y90.042 E3.43518
G1 X217.063 Y89.467 E.01946
G1 X145.877 Y18.281 E3.40763
G1 X146.453 Y18.281 E.0195
G1 X217.063 Y88.891 E3.38006
G1 X217.063 Y88.315 E.0195
G1 X147.029 Y18.281 E3.35248
G1 X147.604 Y18.281 E.01946
G1 X217.063 Y87.74 E3.32496
G1 X217.063 Y87.164 E.0195
G1 X148.18 Y18.282 E3.29736
G1 X148.756 Y18.282 E.0195
G1 X217.063 Y86.588 E3.26979
G1 X217.063 Y86.013 E.01946
G1 X149.332 Y18.282 E3.24224
G1 X149.908 Y18.282 E.0195
G1 X217.063 Y85.437 E3.21467
G1 X217.063 Y84.861 E.0195
G1 X150.483 Y18.282 E3.18712
G1 X151.059 Y18.282 E.0195
G1 X217.063 Y84.285 E3.15955
G1 X217.063 Y83.71 E.01946
G1 X151.635 Y18.282 E3.132
G1 X152.211 Y18.282 E.0195
G1 X217.063 Y83.134 E3.10442
G1 X217.063 Y82.558 E.0195
G1 X152.786 Y18.282 E3.07688
G1 X153.362 Y18.282 E.0195
G1 X217.063 Y81.983 E3.04933
G1 X217.063 Y81.407 E.0195
G1 X153.938 Y18.282 E3.02175
G1 X154.514 Y18.282 E.0195
G1 X217.063 Y80.831 E2.99418
G1 X217.063 Y80.256 E.01946
G1 X155.09 Y18.283 E2.96661
G1 X155.665 Y18.283 E.01946
G1 X217.063 Y79.68 E2.93906
G1 X217.063 Y79.104 E.0195
G1 X156.241 Y18.283 E2.91149
G1 X156.817 Y18.283 E.0195
G1 X217.063 Y78.529 E2.88394
G1 X217.063 Y77.953 E.0195
G1 X157.393 Y18.283 E2.85637
G1 X157.968 Y18.283 E.01946
G1 X217.063 Y77.377 E2.82882
G1 X217.063 Y76.801 E.0195
G1 X158.544 Y18.283 E2.80124
G1 X159.12 Y18.283 E.0195
G1 X217.063 Y76.226 E2.7737
G1 X217.063 Y75.65 E.0195
G1 X159.696 Y18.283 E2.74612
G1 X160.272 Y18.283 E.0195
G1 X217.063 Y75.074 E2.71855
G1 X217.063 Y74.499 E.01946
G1 X160.847 Y18.283 E2.69102
G1 X161.423 Y18.283 E.0195
G1 X217.063 Y73.923 E2.66345
G1 X217.063 Y73.347 E.0195
G1 X161.999 Y18.284 E2.63586
G1 X162.575 Y18.284 E.0195
G1 X217.063 Y72.772 E2.60831
G1 X217.063 Y72.196 E.0195
G1 X163.151 Y18.284 E2.58073
G1 X163.726 Y18.284 E.01946
G1 X217.063 Y71.62 E2.55318
G1 X217.063 Y71.044 E.0195
G1 X164.302 Y18.284 E2.52561
G1 X164.878 Y18.284 E.0195
G1 X217.063 Y70.469 E2.49806
G1 X217.063 Y69.893 E.0195
G1 X165.454 Y18.284 E2.47049
G1 X166.029 Y18.284 E.01946
G1 X217.063 Y69.317 E2.44294
G1 X217.063 Y68.742 E.01946
G1 X166.605 Y18.284 E2.41539
G1 X167.181 Y18.284 E.0195
G1 X217.063 Y68.166 E2.38782
G1 X217.063 Y67.59 E.0195
G1 X167.757 Y18.284 E2.36025
G1 X168.333 Y18.285 E.0195
G1 X217.063 Y67.015 E2.33267
G1 X217.063 Y66.439 E.0195
G1 X168.908 Y18.285 E2.30513
G1 X169.484 Y18.285 E.0195
G1 X217.063 Y65.863 E2.27755
G1 X217.063 Y65.287 E.0195
G1 X170.06 Y18.285 E2.24998
G1 X170.636 Y18.285 E.0195
G1 X217.063 Y64.712 E2.22243
G1 X217.063 Y64.136 E.0195
G1 X171.211 Y18.285 E2.19488
G1 X171.787 Y18.285 E.0195
G1 X217.063 Y63.56 E2.16731
G1 X217.063 Y62.985 E.01946
G1 X172.363 Y18.285 E2.13976
G1 X172.939 Y18.285 E.0195
G1 X217.063 Y62.409 E2.11219
G1 X217.063 Y61.833 E.0195
G1 X173.515 Y18.285 E2.08462
G1 X174.09 Y18.285 E.01946
G1 X217.063 Y61.258 E2.05709
G1 X217.063 Y60.682 E.0195
G1 X174.666 Y18.285 E2.02952
G1 X175.242 Y18.286 E.0195
G1 X217.063 Y60.106 E2.00192
G1 X217.063 Y59.531 E.01946
G1 X175.818 Y18.286 E1.97437
G1 X176.393 Y18.286 E.01946
G1 X217.063 Y58.955 E1.94682
G1 X217.063 Y58.379 E.0195
G1 X176.969 Y18.286 E1.91925
G1 X177.545 Y18.286 E.0195
G1 X217.063 Y57.803 E1.89168
G1 X217.063 Y57.228 E.01946
G1 X178.121 Y18.286 E1.86413
G1 X178.697 Y18.286 E.0195
G1 X217.063 Y56.652 E1.83656
G1 X217.063 Y56.076 E.0195
G1 X179.272 Y18.286 E1.80901
G1 X179.848 Y18.286 E.0195
G1 X217.063 Y55.501 E1.78146
G1 X217.063 Y54.925 E.0195
G1 X180.424 Y18.286 E1.75389
G1 X181 Y18.286 E.0195
G1 X217.063 Y54.349 E1.72631
G1 X217.063 Y53.774 E.01946
G1 X181.576 Y18.286 E1.69876
G1 X182.151 Y18.287 E.01946
G1 X217.063 Y53.198 E1.67119
G1 X217.063 Y52.622 E.0195
G1 X182.727 Y18.287 E1.64362
G1 X183.303 Y18.287 E.0195
G1 X217.063 Y52.046 E1.61605
G1 X217.063 Y51.471 E.01946
G1 X183.879 Y18.287 E1.5885
G1 X184.454 Y18.287 E.01946
G1 X217.063 Y50.895 E1.56095
G1 X217.063 Y50.319 E.0195
G1 X185.03 Y18.287 E1.53338
G1 X185.606 Y18.287 E.0195
G1 X217.063 Y49.744 E1.50583
G1 X217.063 Y49.168 E.0195
G1 X186.182 Y18.287 E1.47825
G1 X186.758 Y18.287 E.0195
G1 X217.063 Y48.592 E1.45068
G1 X217.063 Y48.017 E.01946
G1 X187.333 Y18.287 E1.42316
G1 X187.613 Y18.284 E.00948
;WIDTH:0.443254
G1 X217.066 Y47.737 E1.38654
G1 E-2 F2400
G1 X138.645 Y16.848 F7800
G1 E2 F2400
;WIDTH:0.390495
G1 F1200
G1 X139.095 Y17.298 E.01839
G1 X139.095 Y16.704 E.01717
G1 X138.501 Y16.704 E.01717
;LAYER_CHANGE
;Z:1.6
;HEIGHT:0.2
G1 E-2 F2400
G1 Z1.6 F7800
G1 X56.447 Y209.4
G1 E2 F2400
;TYPE:Perimeter
;WIDTH:0.449999
G1 F3600
G1 X56.325 Y209.299 E.00536
G1 X56.021 Y209.218 E.01065
G1 X55.632 Y209.218 E.01317
G1 X55.632 Y204.482 E.16031
G1 X164.368 Y204.482 E3.68058
G1 X164.368 Y209.218 E.16031
G1 X163.979 Y209.218 E.01317
G1 X163.675 Y209.299 E.01065
G1 X163.542 Y209.401 E.00567
G1 X163.427 Y209.566 E.00681
G1 X163.368 Y209.829 E.00912
G1 X163.368 Y210.483 E.02214
G1 X56.632 Y210.483 E3.61288
G1 X56.632 Y209.829 E.02214
G1 X56.573 Y209.566 E.00912
G1 X56.491 Y209.441 E.00506
G1 X56.156 Y209.687 F7800
;TYPE:External perimeter
G1 F1800
G1 X56.021 Y209.625 E.00503
G1 X55.225 Y209.625 E.02694
G1 X55.225 Y204.075 E.18786
G1 X164.775 Y204.075 E3.70813
G1 X164.775 Y209.625 E.18786
G1 X163.979 Y209.625 E.02694
G1 X163.833 Y209.686 E.00536
G1 X163.775 Y209.829 E.00522
G1 X163.775 Y210.89 E.03591
G1 X56.225 Y210.89 E3.64043
G1 X56.225 Y209.829 E.03591
G1 X56.189 Y209.732 E.0035
G1 X55.802 Y209.633 F7800
G1 X57.02 Y210.095
;TYPE:Solid infill
;WIDTH:0.615528
G1 F1200
G1 X162.98 Y210.095 E5.04503
G1 E-2 F2400
G1 X162.451 Y204.787 F7800
G1 E2 F2400
;TYPE:Internal infill
;WIDTH:0.45
G1 F4800
G1 X164.063 Y204.787 E.05456
G1 X164.063 Y205.619 E.02816
G1 X160.076 Y209.605 E.19083
G1 X163.111 Y209.605 E.10273
G1 X163.24 Y209.296 E.01133
G1 X158.732 Y204.787 E.21582
G1 X153.38 Y204.787 E.18116
G1 X148.562 Y209.605 E.23063
G1 X152.035 Y209.605 E.11756
G1 X147.218 Y204.787 E.23061
G1 X141.866 Y204.787 E.18116
G1 X137.049 Y209.605 E.23061
G1 X140.521 Y209.605 E.11752
G1 X135.704 Y204.787 E.23061
G1 X130.352 Y204.787 E.18116
G1 X125.535 Y209.605 E.23061
G1 X129.007 Y209.605 E.11752
G1 X124.19 Y204.787 E.23061
G1 X118.838 Y204.787 E.18116
G1 X114.021 Y209.605 E.23061
G1 X117.493 Y209.605 E.11752
G1 X112.676 Y204.787 E.23061
G1 X107.324 Y204.787 E.18116
G1 X102.507 Y209.605 E.23061
G1 X105.979 Y209.605 E.11752
G1 X101.162 Y204.787 E.23061
G1 X95.81 Y204.787 E.18116
G1 X90.993 Y209.605 E.23061
G1 X94.465 Y209.605 E.11752
G1 X89.648 Y204.787 E.23061
G1 X84.296 Y204.787 E.18116
G1 X79.479 Y209.605 E.23061
G1 X82.951 Y209.605 E.11752
G1 X78.134 Y204.787 E.23061
G1 X72.782 Y204.787 E.18116
G1 X67.965 Y209.605 E.23061
G1 X71.438 Y209.605 E.11756
G1 X66.62 Y204.787 E.23063
G1 X61.268 Y204.787 E.18116
G1 X56.76 Y209.296 E.21582
G1 X56.889 Y209.605 E.01133
G1 X59.924 Y209.605 E.10273
G1 X55.937 Y205.619 E.19083
G1 X55.937 Y204.787 E.02816
G1 X57.549 Y204.787 E.05456
G1 E-2 F2400
G1 X80.632 Y7.982 F7800
G1 E2 F2400
;TYPE:Perimeter
;WIDTH:0.449999
G1 F3600
G1 X139.368 Y7.982 E1.98814
G1 X139.368 Y17.444 E.32028
G1 X139.472 Y17.713 E.00976
G1 X139.684 Y17.906 E.0097
G1 X139.972 Y17.982 E.01008
G1 X187.738 Y17.982 E1.61682
G1 X217.368 Y47.612 E1.41837
G1 X217.368 Y171.088 E4.17951
G1 X187.738 Y200.718 E1.41837
G1 X32.262 Y200.718 E5.26267
G1 X2.632 Y171.088 E1.41837
G1 X2.632 Y47.612 E4.17951
G1 X32.262 Y17.982 E1.41837
G1 X80.076 Y17.982 E1.61844
G1 X80.366 Y17.876 E.01045
G1 X80.564 Y17.651 E.01014
G1 X80.632 Y17.371 E.00975
G1 X80.632 Y8.042 E.31578
G1 X80.225 Y7.575 F7800
;TYPE:External perimeter
G1 F1800
G1 X139.775 Y7.575 E2.01569
G1 X139.775 Y17.371 E.33158
G1 X139.825 Y17.505 E.00484
G1 X139.976 Y17.575 E.00563
G1 X187.907 Y17.575 E1.6224
G1 X217.775 Y47.443 E1.42976
G1 X217.775 Y171.257 E4.19095
G1 X187.907 Y201.125 E1.42976
G1 X32.093 Y201.125 E5.27411
G1 X2.225 Y171.257 E1.42976
G1 X2.225 Y47.443 E4.19095
G1 X32.093 Y17.575 E1.42976
G1 X80.021 Y17.575 E1.6223
G1 X80.155 Y17.525 E.00484
G1 X80.225 Y17.371 E.00573
G1 X80.225 Y7.635 E.32955
G1 X80.621 Y7.576 F7800
G1 E-2 F2400
G1 X82.617 Y8.287 F7800
G1 E2 F2400
;TYPE:Internal infill
;WIDTH:0.45
G1 F4800
G1 X85.059 Y8.287 E.08266
G1 X80.936 Y12.41 E.19737
G1 X80.936 Y11.853 E.01885
G1 X85.411 Y16.327 E.21419
G1 X88.533 Y16.327 E.10568
G1 X96.573 Y8.287 E.38487
G1 X100.399 Y8.287 E.12951
G1 X108.439 Y16.327 E.38487
G1 X111.561 Y16.327 E.10568
G1 X119.601 Y8.287 E.38487
G1 X123.427 Y8.287 E.12951
G1 X131.467 Y16.327 E.38487
G1 X134.589 Y16.327 E.10568
G1 X139.064 Y11.853 E.21419
G1 X139.064 Y12.41 E.01885
G1 X134.941 Y8.287 E.19737
G1 X131.115 Y8.287 E.12951
G1 X123.075 Y16.327 E.38487
G1 X119.953 Y16.327 E.10568
G1 X111.913 Y8.287 E.38487
G1 X108.087 Y8.287 E.12951
G1 X100.047 Y16.327 E.38487
G1 X96.925 Y16.327 E.10568
G1 X88.885 Y8.287 E.38487
G1 X91.328 Y8.287 E.08269
G1 E-2 F2400
G1 X81.436 Y16.734 F7800
G1 E2 F2400
;TYPE:Solid infill
;WIDTH:0.449999
G1 F1200
G1 X80.935 Y17.236 E.02401
G1 X80.89 Y17.374 E.00491
;WIDTH:0.41646
G1 X80.845 Y17.512 E.00451
;WIDTH:0.38292
G1 X80.774 Y17.493 E.00208
G1 X80.793 Y17.564 E.00208
G1 X80.834 Y17.553 E.0012
G1 E-2 F2400
G1 X2.836 Y47.696 F7800
G1 E2 F2400
G1 F1200
G1 X32.346 Y18.186 E1.17985
;WIDTH:0.41646
G1 X32.511 Y18.236 E.00536
;WIDTH:0.449999
G1 X32.676 Y18.287 E.00585
G1 X2.937 Y48.026 E1.42359
G1 X2.866 Y48.119 E.00396
;WIDTH:0.41646
G1 X2.794 Y48.212 E.00365
;WIDTH:0.38292
G1 X2.753 Y48.223 E.0012
G1 X2.734 Y48.152 E.00208
G1 X2.805 Y48.171 E.00208
;WIDTH:0.449999
G1 X2.937 Y48.602 E.01526
G1 X33.252 Y18.287 E1.45116
G1 X33.828 Y18.287 E.0195
G1 X2.937 Y49.177 E1.47871
G1 X2.937 Y49.753 E.0195
G1 X34.404 Y18.287 E1.50628
G1 X34.979 Y18.287 E.01946
G1 X2.937 Y50.329 E1.53383
G1 X2.937 Y50.905 E.0195
G1 X35.555 Y18.287 E1.5614
G1 X36.131 Y18.287 E.0195
G1 X2.937 Y51.48 E1.58895
G1 X2.937 Y52.056 E.0195
G1 X36.707 Y18.287 E1.61652
G1 X37.282 Y18.287 E.01946
G1 X2.937 Y52.632 E1.64407
G1 X2.937 Y53.207 E.01946
G1 X37.858 Y18.287 E1.67162
G1 X38.434 Y18.286 E.0195
G1 X2.937 Y53.783 E1.69922
G1 X2.937 Y54.359 E.0195
G1 X39.01 Y18.286 E1.72679
G1 X39.586 Y18.286 E.0195
G1 X2.937 Y54.934 E1.75434
G1 X2.937 Y55.51 E.0195
G1 X40.161 Y18.286 E1.78189
G1 X40.737 Y18.286 E.0195
G1 X2.937 Y56.086 E1.80946
G1 X2.937 Y56.662 E.0195
G1 X41.313 Y18.286 E1.83704
G1 X41.889 Y18.286 E.0195
G1 X2.937 Y57.237 E1.86458
G1 X2.937 Y57.813 E.0195
G1 X42.464 Y18.286 E1.89213
G1 X43.04 Y18.286 E.0195
G1 X2.937 Y58.389 E1.91971
G1 X2.937 Y58.964 E.01946
G1 X43.616 Y18.286 E1.94725
G1 X44.192 Y18.286 E.0195
G1 X2.937 Y59.54 E1.97483
G1 X2.937 Y60.116 E.0195
G1 X44.768 Y18.286 E2.0024
G1 X45.343 Y18.285 E.01946
G1 X2.937 Y60.691 E2.02995
G1 X2.937 Y61.267 E.0195
G1 X45.919 Y18.285 E2.05752
G1 X46.495 Y18.285 E.0195
G1 X2.937 Y61.843 E2.08509
G1 X2.937 Y62.419 E.0195
G1 X47.071 Y18.285 E2.11267
G1 X47.647 Y18.285 E.0195
G1 X2.937 Y62.994 E2.14022
G1 X2.937 Y63.57 E.0195
G1 X48.222 Y18.285 E2.16776
G1 X48.798 Y18.285 E.0195
G1 X2.937 Y64.146 E2.19534
G1 X2.937 Y64.721 E.01946
G1 X49.374 Y18.285 E2.22289
G1 X49.95 Y18.285 E.0195
G1 X2.937 Y65.297 E2.25046
G1 X2.937 Y65.873 E.0195
G1 X50.525 Y18.285 E2.27801
G1 X51.101 Y18.285 E.0195
G1 X2.937 Y66.448 E2.30556
G1 X2.937 Y67.024 E.0195
G1 X51.677 Y18.285 E2.33313
G1 X52.253 Y18.284 E.0195
G1 X2.937 Y67.6 E2.36073
G1 X2.937 Y68.175 E.01946
G1 X52.829 Y18.284 E2.38827
G1 X53.404 Y18.284 E.01946
G1 X2.937 Y68.751 E2.41582
G1 X2.937 Y69.327 E.0195
G1 X53.98 Y18.284 E2.4434
G1 X54.556 Y18.284 E.0195
G1 X2.937 Y69.903 E2.47097
G1 X2.937 Y70.478 E.01946
G1 X55.132 Y18.284 E2.49852
G1 X55.707 Y18.284 E.01946
G1 X2.937 Y71.054 E2.52607
G1 X2.937 Y71.63 E.0195
G1 X56.283 Y18.284 E2.55364
G1 X56.859 Y18.284 E.0195
G1 X2.937 Y72.205 E2.58119
G1 X2.937 Y72.781 E.0195
G1 X57.435 Y18.284 E2.60876
G1 X58.011 Y18.284 E.0195
G1 X2.937 Y73.357 E2.63633
G1 X2.937 Y73.932 E.01946
G1 X58.586 Y18.283 E2.66388
G1 X59.162 Y18.283 E.0195
G1 X2.937 Y74.508 E2.69146
G1 X2.937 Y75.084 E.0195
G1 X59.738 Y18.283 E2.71903
G1 X60.314 Y18.283 E.0195
G1 X2.937 Y75.66 E2.7466
G1 X2.937 Y76.235 E.01946
G1 X60.889 Y18.283 E2.77413
G1 X61.465 Y18.283 E.0195
G1 X2.937 Y76.811 E2.8017
G1 X2.937 Y77.387 E.0195
G1 X62.041 Y18.283 E2.82927
G1 X62.617 Y18.283 E.0195
G1 X2.937 Y77.962 E2.85682
G1 X2.937 Y78.538 E.0195
G1 X63.193 Y18.283 E2.88439
G1 X63.768 Y18.283 E.01946
G1 X2.937 Y79.114 E2.91194
G1 X2.937 Y79.689 E.01946
G1 X64.344 Y18.283 E2.93949
G1 X64.92 Y18.283 E.0195
G1 X2.937 Y80.265 E2.96706
G1 X2.937 Y80.841 E.0195
G1 X65.496 Y18.282 E2.99466
G1 X66.072 Y18.282 E.0195
G1 X2.937 Y81.417 E3.02223
G1 X2.937 Y81.992 E.01946
G1 X66.647 Y18.282 E3.04976
G1 X67.223 Y18.282 E.0195
G1 X2.937 Y82.568 E3.07733
G1 X2.937 Y83.144 E.0195
G1 X67.799 Y18.282 E3.1049
G1 X68.375 Y18.282 E.0195
G1 X2.937 Y83.719 E3.13245
G1 X2.937 Y84.295 E.0195
G1 X68.95 Y18.282 E3.16
G1 X69.526 Y18.282 E.0195
G1 X2.937 Y84.871 E3.18757
G1 X2.937 Y85.446 E.01946
G1 X70.102 Y18.282 E3.21512
G1 X70.678 Y18.282 E.0195
G1 X2.937 Y86.022 E3.2427
G1 X2.937 Y86.598 E.0195
G1 X71.254 Y18.282 E3.27027
G1 X71.829 Y18.282 E.01946
G1 X2.937 Y87.173 E3.29779
G1 X2.937 Y87.749 E.0195
G1 X72.405 Y18.281 E3.32539
G1 X72.981 Y18.281 E.0195
G1 X2.937 Y88.325 E3.35296
G1 X2.937 Y88.901 E.0195
G1 X73.557 Y18.281 E3.38054
G1 X74.132 Y18.281 E.01946
G1 X2.937 Y89.476 E3.40806
G1 X2.937 Y90.052 E.0195
G1 X74.708 Y18.281 E3.43563
G1 X75.284 Y18.281 E.0195
G1 X2.937 Y90.628 E3.46321
G1 X2.937 Y91.203 E.01946
G1 X75.86 Y18.281 E3.49075
G1 X76.436 Y18.281 E.0195
G1 X2.937 Y91.779 E3.51833
G1 X2.937 Y92.355 E.0195
G1 X77.011 Y18.281 E3.54588
G1 X77.587 Y18.281 E.0195
G1 X2.937 Y92.93 E3.57342
G1 X2.937 Y93.506 E.0195
G1 X78.163 Y18.281 E3.601
G1 X78.739 Y18.281 E.0195
G1 X2.937 Y94.082 E3.62857
G1 X2.937 Y94.658 E.0195
G1 X79.315 Y18.28 E3.65617
G1 X79.89 Y18.28 E.01946
G1 X2.937 Y95.233 E3.68369
G1 X2.937 Y95.809 E.0195
G1 X82.012 Y16.734 E3.78527
G1 X82.105 Y16.662 E.00398
;WIDTH:0.41646
G1 X82.198 Y16.591 E.00363
;WIDTH:0.38292
G1 X82.157 Y16.602 E.0012
G1 X82.138 Y16.53 E.00211
G1 X82.209 Y16.549 E.00208
;WIDTH:0.449999
G1 X82.588 Y16.734 E.01428
G1 X2.937 Y96.385 E3.81284
G1 X2.937 Y96.96 E.01946
G1 X83.164 Y16.734 E3.84039
G1 X83.739 Y16.734 E.01946
G1 X2.937 Y97.536 E3.86794
G1 X2.937 Y98.112 E.0195
G1 X84.315 Y16.734 E3.89551
G1 X84.891 Y16.734 E.0195
G1 X2.937 Y98.687 E3.92306
G1 X2.937 Y99.263 E.0195
G1 X85.466 Y16.734 E3.95061
G1 X86.042 Y16.734 E.0195
G1 X2.937 Y99.839 E3.97818
G1 X2.937 Y100.414 E.01946
G1 X86.618 Y16.734 E4.00573
G1 X87.193 Y16.734 E.01946
G1 X2.937 Y100.99 E4.03328
G1 X2.937 Y101.566 E.0195
G1 X87.769 Y16.734 E4.06085
G1 X88.345 Y16.734 E.0195
G1 X2.937 Y102.142 E4.08843
G1 X2.937 Y102.717 E.01946
G1 X88.92 Y16.734 E4.11595
G1 X89.496 Y16.734 E.0195
G1 X2.937 Y103.293 E4.14353
G1 X2.937 Y103.869 E.0195
G1 X90.072 Y16.734 E4.1711
G1 X90.648 Y16.734 E.0195
G1 X2.937 Y104.444 E4.19865
G1 X2.937 Y105.02 E.0195
G1 X91.223 Y16.734 E4.2262
G1 X91.799 Y16.734 E.0195
G1 X2.937 Y105.596 E4.25377
G1 X2.937 Y106.171 E.01946
G1 X92.375 Y16.734 E4.28132
G1 X92.95 Y16.734 E.01946
G1 X2.937 Y106.747 E4.30887
G1 X2.937 Y107.323 E.0195
G1 X93.526 Y16.734 E4.33644
G1 X94.102 Y16.734 E.0195
G1 X2.937 Y107.899 E4.36401
G1 X2.937 Y108.474 E.01946
G1 X94.677 Y16.734 E4.39154
G1 X95.253 Y16.734 E.0195
G1 X2.937 Y109.05 E4.41911
G1 X2.937 Y109.626 E.0195
G1 X95.829 Y16.734 E4.44668
G1 X96.405 Y16.734 E.0195
G1 X2.937 Y110.201 E4.47423
G1 X2.937 Y110.777 E.0195
G1 X96.98 Y16.734 E4.50178
G1 X97.556 Y16.734 E.0195
G1 X2.937 Y111.353 E4.52935
G1 X2.937 Y111.928 E.01946
G1 X98.132 Y16.734 E4.5569
G1 X98.707 Y16.734 E.01946
G1 X2.937 Y112.504 E4.58445
G1 X2.937 Y113.08 E.0195
G1 X99.283 Y16.734 E4.61202
G1 X99.859 Y16.734 E.0195
G1 X2.937 Y113.656 E4.6396
G1 X2.937 Y114.231 E.01946
G1 X100.434 Y16.734 E4.66712
G1 X101.01 Y16.734 E.0195
G1 X2.937 Y114.807 E4.69469
G1 X2.937 Y115.383 E.0195
G1 X101.586 Y16.734 E4.72227
G1 X102.162 Y16.734 E.0195
G1 X2.937 Y115.958 E4.74981
G1 X2.937 Y116.534 E.0195
G1 X102.737 Y16.734 E4.77736
G1 X103.313 Y16.734 E.0195
G1 X2.937 Y117.11 E4.80494
G1 X2.937 Y117.685 E.01946
G1 X103.889 Y16.734 E4.83249
G1 X104.464 Y16.734 E.01946
G1 X2.937 Y118.261 E4.86003
G1 X2.937 Y118.837 E.0195
G1 X105.04 Y16.734 E4.88761
G1 X105.616 Y16.734 E.0195
G1 X2.937 Y119.412 E4.91516
G1 X2.937 Y119.988 E.0195
G1 X106.191 Y16.734 E4.9427
G1 X106.767 Y16.734 E.0195
G1 X2.937 Y120.564 E4.97028
G1 X2.937 Y121.14 E.0195
G1 X107.343 Y16.734 E4.99785
G1 X107.918 Y16.734 E.01946
G1 X2.937 Y121.715 E5.02537
G1 X2.937 Y122.291 E.0195
G1 X108.494 Y16.734 E5.05295
G1 X109.07 Y16.734 E.0195
G1 X2.937 Y122.867 E5.08052
G1 X2.937 Y123.442 E.01946
G1 X109.646 Y16.734 E5.10807
G1 X110.221 Y16.734 E.01946
G1 X2.937 Y124.018 E5.13562
G1 X2.937 Y124.594 E.0195
G1 X110.797 Y16.734 E5.16319
G1 X111.373 Y16.734 E.0195
G1 X2.937 Y125.169 E5.19074
G1 X2.937 Y125.745 E.0195
G1 X111.948 Y16.734 E5.21829
G1 X112.524 Y16.734 E.0195
G1 X2.937 Y126.321 E5.24586
G1 X2.937 Y126.897 E.0195
G1 X113.1 Y16.734 E5.27343
G1 X113.675 Y16.734 E.01946
G1 X2.937 Y127.472 E5.30096
G1 X2.937 Y128.048 E.0195
G1 X114.251 Y16.734 E5.32853
G1 X114.827 Y16.734 E.0195
G1 X2.937 Y128.624 E5.3561
G1 X2.937 Y129.199 E.01946
G1 X115.403 Y16.734 E5.38365
G1 X115.978 Y16.734 E.01946
G1 X2.937 Y129.775 E5.4112
G1 X2.937 Y130.351 E.0195
G1 X116.554 Y16.734 E5.43877
G1 X117.13 Y16.734 E.0195
G1 X2.937 Y130.926 E5.46632
G1 X2.937 Y131.502 E.0195
G1 X117.705 Y16.734 E5.49387
G1 X118.281 Y16.734 E.0195
G1 X2.937 Y132.078 E5.52145
G1 X2.937 Y132.653 E.01946
G1 X118.857 Y16.734 E5.54899
G1 X119.432 Y16.734 E.01946
G1 X2.937 Y133.229 E5.57654
G1 X2.937 Y133.805 E.0195
G1 X120.008 Y16.734 E5.60412
G1 X120.584 Y16.734 E.0195
G1 X2.937 Y134.381 E5.63169
G1 X2.937 Y134.956 E.01946
G1 X121.16 Y16.734 E5.65924
G1 X121.735 Y16.734 E.01946
G1 X2.937 Y135.532 E5.68679
G1 X2.937 Y136.108 E.0195
G1 X122.311 Y16.734 E5.71436
G1 X122.887 Y16.734 E.0195
G1 X2.937 Y136.683 E5.74191
G1 X2.937 Y137.259 E.0195
G1 X123.462 Y16.734 E5.76946
G1 X124.038 Y16.734 E.0195
G1 X2.937 Y137.835 E5.79703
G1 X2.937 Y138.41 E.01946
G1 X124.614 Y16.734 E5.82458
G1 X125.189 Y16.734 E.01946
G1 X2.937 Y138.986 E5.85213
G1 X2.937 Y139.562 E.0195
G1 X125.765 Y16.734 E5.8797
G1 X126.341 Y16.734 E.0195
G1 X2.937 Y140.138 E5.90727
G1 X2.937 Y140.713 E.01946
G1 X126.916 Y16.734 E5.9348
G1 X127.492 Y16.734 E.0195
G1 X2.937 Y141.289 E5.96237
G1 X2.937 Y141.865 E.0195
G1 X128.068 Y16.734 E5.98994
G1 X128.644 Y16.734 E.0195
G1 X2.937 Y142.44 E6.01749
G1 X2.937 Y143.016 E.0195
G1 X129.219 Y16.734 E6.04504
G1 X129.795 Y16.734 E.0195
G1 X2.937 Y143.592 E6.07261
G1 X2.937 Y144.167 E.01946
G1 X130.371 Y16.734 E6.10016
G1 X130.946 Y16.734 E.01946
G1 X2.937 Y144.743 E6.12771
G1 X2.937 Y145.319 E.0195
G1 X131.522 Y16.734 E6.15528
G1 X132.098 Y16.734 E.0195
G1 X2.937 Y145.895 E6.18286
G1 X2.937 Y146.47 E.01946
G1 X132.673 Y16.734 E6.21038
G1 X133.249 Y16.734 E.0195
G1 X2.937 Y147.046 E6.23795
G1 X2.937 Y147.622 E.0195
G1 X133.825 Y16.734 E6.26553
G1 X134.401 Y16.734 E.0195
G1 X2.937 Y148.197 E6.29308
G1 X2.937 Y148.773 E.0195
G1 X134.976 Y16.734 E6.32062
G1 X135.552 Y16.734 E.0195
G1 X2.937 Y149.349 E6.3482
G1 X2.937 Y149.924 E.01946
G1 X136.128 Y16.734 E6.37575
G1 X136.703 Y16.734 E.01946
G1 X2.937 Y150.5 E6.40329
G1 X2.937 Y151.076 E.0195
G1 X137.279 Y16.734 E6.43087
G1 X137.855 Y16.734 E.0195
G1 X2.937 Y151.651 E6.45842
G1 X2.937 Y152.227 E.0195
G1 X138.43 Y16.734 E6.48597
G1 X139.006 Y16.734 E.0195
G1 X2.937 Y152.803 E6.51354
G1 X2.937 Y153.379 E.0195
G1 X139.065 Y17.251 E6.51636
G1 X139.144 Y17.748 E.01703
G1 X2.937 Y153.954 E6.52012
G1 X2.937 Y154.53 E.0195
G1 X139.399 Y18.068 E6.53235
G1 X139.785 Y18.258 E.01456
G1 X2.937 Y155.106 E6.55083
G1 X2.937 Y155.681 E.01946
G1 X140.338 Y18.28 E6.5773
G1 X140.914 Y18.28 E.0195
G1 X2.937 Y156.257 E6.60487
G1 X2.937 Y156.833 E.0195
G1 X141.49 Y18.281 E6.63242
G1 X142.065 Y18.281 E.01946
G1 X2.937 Y157.408 E6.65995
G1 X2.937 Y157.984 E.0195
G1 X142.641 Y18.281 E6.68752
G1 X143.216 Y18.281 E.01946
G1 X2.937 Y158.56 E6.71507
G1 X2.937 Y159.136 E.0195
G1 X143.792 Y18.281 E6.74264
G1 X144.368 Y18.281 E.0195
G1 X2.937 Y159.711 E6.77019
G1 X2.937 Y160.287 E.0195
G1 X144.943 Y18.281 E6.79774
G1 X145.519 Y18.281 E.0195
G1 X2.937 Y160.863 E6.82531
G1 X2.937 Y161.438 E.01946
G1 X146.095 Y18.281 E6.85286
G1 X146.67 Y18.281 E.01946
G1 X2.937 Y162.014 E6.88041
G1 X2.937 Y162.59 E.0195
G1 X147.246 Y18.281 E6.90798
G1 X147.821 Y18.281 E.01946
G1 X2.937 Y163.165 E6.93551
G1 X2.937 Y163.741 E.0195
G1 X148.397 Y18.282 E6.96306
G1 X148.973 Y18.282 E.0195
G1 X2.937 Y164.317 E6.99063
G1 X2.937 Y164.893 E.0195
G1 X149.548 Y18.282 E7.01818
G1 X150.124 Y18.282 E.0195
G1 X2.937 Y165.468 E7.04573
G1 X2.937 Y166.044 E.0195
G1 X150.699 Y18.282 E7.07327
G1 X151.275 Y18.282 E.0195
G1 X2.937 Y166.62 E7.10085
G1 X2.937 Y167.195 E.01946
G1 X151.851 Y18.282 E7.1284
G1 X152.426 Y18.282 E.01946
G1 X2.937 Y167.771 E7.15595
G1 X2.937 Y168.347 E.0195
G1 X153.002 Y18.282 E7.18352
G1 X153.577 Y18.282 E.01946
G1 X2.937 Y168.922 E7.21104
G1 X2.937 Y169.498 E.0195
G1 X154.153 Y18.282 E7.23862
G1 X154.729 Y18.282 E.0195
G1 X2.937 Y170.074 E7.26619
G1 X2.821 Y171.052 F7800
;WIDTH:0.38292
G1 F1200
G1 X2.78 Y171.063 E.0012
G1 X2.761 Y170.992 E.00208
G1 X2.832 Y171.011 E.00208
;WIDTH:0.41646
G1 X2.885 Y170.83 E.00586
;WIDTH:0.449999
G1 X2.937 Y170.649 E.00637
G1 X155.304 Y18.283 E7.29369
G1 X155.88 Y18.283 E.0195
G1 X3.069 Y171.093 E7.31494
G1 X3.357 Y171.381 E.01379
G1 X156.456 Y18.283 E7.32873
G1 X157.031 Y18.283 E.01946
G1 X3.645 Y171.669 E7.34249
G1 X3.933 Y171.957 E.01379
G1 X157.607 Y18.283 E7.35628
G1 X158.182 Y18.283 E.01946
G1 X4.22 Y172.245 E7.37006
G1 X4.508 Y172.533 E.01379
G1 X158.758 Y18.283 E7.38385
G1 X159.334 Y18.283 E.0195
G1 X4.796 Y172.821 E7.39764
G1 X5.084 Y173.108 E.01376
G1 X159.909 Y18.283 E7.41138
G1 X160.485 Y18.283 E.0195
G1 X5.372 Y173.396 E7.42516
G1 X5.66 Y173.684 E.01379
G1 X161.06 Y18.283 E7.43892
G1 X161.636 Y18.284 E.0195
G1 X5.948 Y173.972 E7.45269
G1 X6.235 Y174.26 E.01376
G1 X162.212 Y18.284 E7.4665
G1 X162.787 Y18.284 E.01946
G1 X6.523 Y174.548 E7.48026
G1 X6.811 Y174.835 E.01376
G1 X163.363 Y18.284 E7.49402
G1 X163.938 Y18.284 E.01946
G1 X7.099 Y175.123 E7.50779
G1 X7.387 Y175.411 E.01379
G1 X164.514 Y18.284 E7.52157
G1 X165.09 Y18.284 E.0195
G1 X7.675 Y175.699 E7.53536
G1 X7.963 Y175.987 E.01379
G1 X165.665 Y18.284 E7.54912
G1 X166.241 Y18.284 E.0195
G1 X8.25 Y176.275 E7.56293
G1 X8.538 Y176.563 E.01379
G1 X166.817 Y18.284 E7.57672
G1 X167.392 Y18.284 E.01946
G1 X8.826 Y176.85 E7.59046
G1 X9.114 Y177.138 E.01379
G1 X167.968 Y18.284 E7.60424
G1 X168.543 Y18.285 E.01946
G1 X9.402 Y177.426 E7.61798
G1 X9.69 Y177.714 E.01379
G1 X169.119 Y18.285 E7.63177
G1 X169.695 Y18.285 E.0195
G1 X9.977 Y178.002 E7.64558
G1 X10.265 Y178.29 E.01379
G1 X170.27 Y18.285 E7.65934
G1 X170.846 Y18.285 E.0195
G1 X10.553 Y178.578 E7.67313
G1 X10.841 Y178.865 E.01376
G1 X171.421 Y18.285 E7.68686
G1 X171.997 Y18.285 E.0195
G1 X11.129 Y179.153 E7.70065
G1 X11.417 Y179.441 E.01379
G1 X172.573 Y18.285 E7.71444
G1 X173.148 Y18.285 E.01946
G1 X11.705 Y179.729 E7.7282
G1 X11.992 Y180.017 E.01376
G1 X173.724 Y18.285 E7.74201
G1 X174.299 Y18.285 E.01946
G1 X12.28 Y180.305 E7.75577
G1 X12.568 Y180.592 E.01376
G1 X174.875 Y18.285 E7.76953
G1 X175.451 Y18.286 E.0195
G1 X12.856 Y180.88 E7.7833
G1 X13.144 Y181.168 E.01379
G1 X176.026 Y18.286 E7.79706
G1 X176.602 Y18.286 E.0195
G1 X13.432 Y181.456 E7.81085
G1 X13.719 Y181.744 E.01376
G1 X177.178 Y18.286 E7.82466
G1 X177.753 Y18.286 E.01946
G1 X14.007 Y182.032 E7.83842
G1 X14.295 Y182.32 E.01379
G1 X178.329 Y18.286 E7.85221
G1 X178.904 Y18.286 E.01946
G1 X14.583 Y182.607 E7.86594
G1 X14.871 Y182.895 E.01379
G1 X179.48 Y18.286 E7.87973
G1 X180.056 Y18.286 E.0195
G1 X15.159 Y183.183 E7.89352
G1 X15.447 Y183.471 E.01379
G1 X180.631 Y18.286 E7.90728
G1 X181.207 Y18.286 E.0195
G1 X15.734 Y183.759 E7.92109
G1 X16.022 Y184.047 E.01379
G1 X181.782 Y18.287 E7.93483
G1 X182.358 Y18.287 E.0195
G1 X16.31 Y184.334 E7.94859
G1 X16.598 Y184.622 E.01379
G1 X182.934 Y18.287 E7.96238
G1 X183.509 Y18.287 E.01946
G1 X16.886 Y184.91 E7.97614
G1 X17.174 Y185.198 E.01379
G1 X184.085 Y18.287 E7.98993
G1 X184.661 Y18.287 E.0195
G1 X17.462 Y185.486 E8.00371
G1 X17.749 Y185.774 E.01376
G1 X185.236 Y18.287 E8.0175
G1 X185.812 Y18.287 E.0195
G1 X18.037 Y186.062 E8.03128
G1 X18.325 Y186.349 E.01376
G1 X186.387 Y18.287 E8.04502
G1 X186.963 Y18.287 E.0195
G1 X18.613 Y186.637 E8.05881
G1 X18.901 Y186.925 E.01379
G1 X187.539 Y18.287 E8.0726
G1 X187.863 Y18.539 E.01389
G1 X19.189 Y187.213 E8.07432
G1 X19.476 Y187.501 E.01376
G1 X188.151 Y18.826 E8.07437
G1 X188.439 Y19.114 E.01379
G1 X19.764 Y187.789 E8.07437
G1 X20.052 Y188.077 E.01379
G1 X188.727 Y19.402 E8.07437
G1 X189.014 Y19.69 E.01376
G1 X20.34 Y188.364 E8.07432
G1 X20.628 Y188.652 E.01379
G1 X189.302 Y19.978 E8.07432
G1 X189.59 Y20.266 E.01379
G1 X20.916 Y188.94 E8.07432
G1 X21.204 Y189.228 E.01379
G1 X189.878 Y20.554 E8.07432
G1 X190.166 Y20.841 E.01376
G1 X21.491 Y189.516 E8.07437
G1 X21.779 Y189.804 E.01379
G1 X190.454 Y21.129 E8.07437
G1 X190.741 Y21.417 E.01376
G1 X22.067 Y190.091 E8.07432
G1 X22.355 Y190.379 E.01379
G1 X191.029 Y21.705 E8.07432
G1 X191.317 Y21.993 E.01379
G1 X22.643 Y190.667 E8.07432
G1 X22.931 Y190.955 E.01379
G1 X191.605 Y22.281 E8.07432
G1 X191.893 Y22.569 E.01379
G1 X23.218 Y191.243 E8.07434
G1 X23.506 Y191.531 E.01379
G1 X192.181 Y22.856 E8.07437
G1 X192.469 Y23.144 E.01379
G1 X23.794 Y191.819 E8.07437
G1 X24.082 Y192.106 E.01376
G1 X192.756 Y23.432 E8.07432
G1 X193.044 Y23.72 E.01379
G1 X24.37 Y192.394 E8.07432
G1 X24.658 Y192.682 E.01379
G1 X193.332 Y24.008 E8.07432
G1 X193.62 Y24.296 E.01379
G1 X24.946 Y192.97 E8.07432
G1 X25.233 Y193.258 E.01376
G1 X193.908 Y24.583 E8.07437
G1 X194.196 Y24.871 E.01379
G1 X25.521 Y193.546 E8.07437
G1 X25.809 Y193.833 E.01376
G1 X194.483 Y25.159 E8.07432
G1 X194.771 Y25.447 E.01379
G1 X26.097 Y194.121 E8.07432
G1 X26.385 Y194.409 E.01379
G1 X195.059 Y25.735 E8.07432
G1 X195.347 Y26.023 E.01379
G1 X26.673 Y194.697 E8.07432
G1 X26.961 Y194.985 E.01379
G1 X195.635 Y26.311 E8.07432
G1 X195.923 Y26.598 E.01376
G1 X27.248 Y195.273 E8.07437
G1 X27.536 Y195.561 E.01379
G1 X196.211 Y26.886 E8.07437
G1 X196.498 Y27.174 E.01376
G1 X27.824 Y195.848 E8.07432
G1 X28.112 Y196.136 E.01379
G1 X196.786 Y27.462 E8.07432
G1 X197.074 Y27.75 E.01379
G1 X28.4 Y196.424 E8.07432
G1 X28.688 Y196.712 E.01379
G1 X197.362 Y28.038 E8.07432
G1 X197.65 Y28.325 E.01376
G1 X28.975 Y197 E8.07437
G1 X29.263 Y197.288 E.01379
G1 X197.938 Y28.613 E8.07437
G1 X198.226 Y28.901 E.01379
G1 X29.551 Y197.575 E8.07434
G1 X29.839 Y197.863 E.01379
G1 X198.513 Y29.189 E8.07432
G1 X198.801 Y29.477 E.01379
G1 X30.127 Y198.151 E8.07432
G1 X30.415 Y198.439 E.01379
G1 X199.089 Y29.765 E8.07432
G1 X199.377 Y30.053 E.01379
G1 X30.703 Y198.727 E8.07432
G1 X30.99 Y199.015 E.01376
G1 X199.665 Y30.34 E8.07437
G1 X199.953 Y30.628 E.01379
G1 X31.278 Y199.303 E8.07437
G1 X31.566 Y199.59 E.01376
G1 X200.24 Y30.916 E8.07432
G1 X200.528 Y31.204 E.01379
G1 X31.854 Y199.878 E8.07432
G1 X32.142 Y200.166 E.01379
G1 X200.816 Y31.492 E8.07432
G1 X201.104 Y31.78 E.01379
G1 X32.471 Y200.413 E8.07236
G1 X33.047 Y200.413 E.0195
G1 X201.392 Y32.068 E8.05857
G1 X201.68 Y32.355 E.01376
G1 X33.622 Y200.413 E8.04483
G1 X34.198 Y200.413 E.0195
G1 X201.968 Y32.643 E8.03105
G1 X202.255 Y32.931 E.01376
G1 X34.774 Y200.413 E8.01723
G1 X35.349 Y200.413 E.01946
G1 X202.543 Y33.219 E8.00347
G1 X202.831 Y33.507 E.01379
G1 X35.925 Y200.413 E7.98969
G1 X36.501 Y200.413 E.0195
G1 X203.119 Y33.795 E7.9759
G1 X203.407 Y34.082 E.01376
G1 X37.077 Y200.413 E7.96214
G1 X37.652 Y200.413 E.01946
G1 X203.695 Y34.37 E7.94837
G1 X203.982 Y34.658 E.01376
G1 X38.228 Y200.413 E7.93456
G1 X38.804 Y200.413 E.0195
G1 X204.27 Y34.946 E7.92078
G1 X204.558 Y35.234 E.01379
G1 X39.379 Y200.413 E7.90702
G1 X39.955 Y200.413 E.0195
G1 X204.846 Y35.522 E7.89323
G1 X205.134 Y35.81 E.01379
G1 X40.531 Y200.413 E7.87944
G1 X41.106 Y200.413 E.01946
G1 X205.422 Y36.097 E7.8657
G1 X205.71 Y36.385 E.01379
G1 X41.682 Y200.413 E7.85192
G1 X42.258 Y200.413 E.0195
G1 X205.997 Y36.673 E7.83811
G1 X206.285 Y36.961 E.01379
G1 X42.834 Y200.413 E7.82432
G1 X43.409 Y200.413 E.01946
G1 X206.573 Y37.249 E7.81056
G1 X206.861 Y37.537 E.01379
G1 X43.985 Y200.413 E7.79677
G1 X44.561 Y200.413 E.0195
G1 X207.149 Y37.824 E7.78301
G1 X207.437 Y38.112 E.01379
G1 X45.136 Y200.413 E7.76925
G1 X45.712 Y200.413 E.0195
G1 X207.725 Y38.4 E7.75546
G1 X208.012 Y38.688 E.01376
G1 X46.288 Y200.413 E7.74165
G1 X46.863 Y200.413 E.01946
G1 X208.3 Y38.976 E7.72789
G1 X208.588 Y39.264 E.01379
G1 X47.439 Y200.413 E7.7141
G1 X48.015 Y200.413 E.0195
G1 X208.876 Y39.552 E7.70032
G1 X209.164 Y39.839 E.01376
G1 X48.59 Y200.413 E7.68658
G1 X49.166 Y200.413 E.0195
G1 X209.452 Y40.127 E7.67279
G1 X209.739 Y40.415 E.01376
G1 X49.742 Y200.413 E7.65898
G1 X50.318 Y200.413 E.0195
G1 X210.027 Y40.703 E7.64519
G1 X210.315 Y40.991 E.01379
G1 X50.893 Y200.413 E7.63143
G1 X51.469 Y200.413 E.0195
G1 X210.603 Y41.279 E7.61765
G1 X210.891 Y41.566 E.01376
G1 X52.045 Y200.413 E7.60388
G1 X52.62 Y200.413 E.01946
G1 X211.179 Y41.854 E7.59012
G1 X211.467 Y42.142 E.01379
G1 X53.196 Y200.413 E7.57633
G1 X53.772 Y200.413 E.0195
G1 X211.754 Y42.43 E7.56252
G1 X212.042 Y42.718 E.01379
G1 X54.347 Y200.413 E7.54876
G1 X54.923 Y200.413 E.0195
G1 X212.33 Y43.006 E7.53497
G1 X212.618 Y43.294 E.01379
G1 X55.499 Y200.413 E7.52119
G1 X56.075 Y200.413 E.0195
G1 X212.906 Y43.581 E7.50743
G1 X213.194 Y43.869 E.01379
G1 X56.65 Y200.413 E7.49366
G1 X57.226 Y200.413 E.0195
G1 X213.481 Y44.157 E7.47985
G1 X213.769 Y44.445 E.01379
G1 X57.802 Y200.413 E7.46607
G1 X58.377 Y200.413 E.01946
G1 X214.057 Y44.733 E7.4523
G1 X214.345 Y45.021 E.01379
G1 X58.953 Y200.413 E7.43852
G1 X59.529 Y200.413 E.0195
G1 X214.633 Y45.309 E7.42473
G1 X214.921 Y45.596 E.01376
G1 X60.104 Y200.413 E7.41099
G1 X60.68 Y200.413 E.0195
G1 X215.209 Y45.884 E7.39721
G1 X215.496 Y46.172 E.01376
G1 X61.256 Y200.413 E7.3834
G1 X61.832 Y200.413 E.0195
G1 X215.784 Y46.46 E7.36961
G1 X216.072 Y46.748 E.01379
G1 X62.407 Y200.413 E7.35585
G1 X62.983 Y200.413 E.0195
G1 X216.36 Y47.036 E7.34206
G1 X216.648 Y47.323 E.01376
G1 X63.559 Y200.413 E7.3283
G1 X64.134 Y200.413 E.01946
G1 X216.936 Y47.611 E7.31454
G1 X217.063 Y48.06 E.01579
G1 X64.71 Y200.413 E7.29304
G1 X65.286 Y200.413 E.0195
G1 X217.063 Y48.636 E7.26547
G1 X217.063 Y49.211 E.01946
G1 X65.861 Y200.413 E7.23795
G1 X66.437 Y200.413 E.0195
G1 X217.063 Y49.787 E7.21037
G1 X217.063 Y50.363 E.0195
G1 X67.013 Y200.413 E7.1828
G1 X67.588 Y200.413 E.01946
G1 X217.063 Y50.939 E7.15525
G1 X217.063 Y51.514 E.01946
G1 X68.164 Y200.413 E7.1277
G1 X68.74 Y200.413 E.0195
G1 X217.063 Y52.09 E7.10013
G1 X217.063 Y52.666 E.0195
G1 X69.316 Y200.413 E7.07256
G1 X69.891 Y200.413 E.01946
G1 X217.063 Y53.241 E7.04503
G1 X217.063 Y53.817 E.0195
G1 X70.467 Y200.413 E7.01746
G1 X71.043 Y200.413 E.0195
G1 X217.063 Y54.393 E6.98989
G1 X217.063 Y54.968 E.01946
G1 X71.618 Y200.413 E6.96236
G1 X72.194 Y200.413 E.0195
G1 X217.063 Y55.544 E6.93479
G1 X217.063 Y56.12 E.0195
G1 X72.77 Y200.413 E6.90722
G1 X73.345 Y200.413 E.01946
G1 X217.063 Y56.695 E6.87969
G1 X217.063 Y57.271 E.0195
G1 X73.921 Y200.413 E6.85212
G1 X74.497 Y200.413 E.0195
G1 X217.063 Y57.847 E6.82455
G1 X217.063 Y58.423 E.0195
G1 X75.073 Y200.413 E6.79697
G1 X75.648 Y200.413 E.01946
G1 X217.063 Y58.998 E6.76945
G1 X217.063 Y59.574 E.0195
G1 X76.224 Y200.413 E6.74188
G1 X76.8 Y200.413 E.0195
G1 X217.063 Y60.15 E6.7143
G1 X217.063 Y60.725 E.01946
G1 X77.375 Y200.413 E6.68678
G1 X77.951 Y200.413 E.0195
G1 X217.063 Y61.301 E6.6592
G1 X217.063 Y61.877 E.0195
G1 X78.527 Y200.413 E6.63163
G1 X79.102 Y200.413 E.01946
G1 X217.063 Y62.452 E6.60411
G1 X217.063 Y63.028 E.0195
G1 X79.678 Y200.413 E6.57653
G1 X80.254 Y200.413 E.0195
G1 X217.063 Y63.604 E6.54896
G1 X217.063 Y64.18 E.0195
G1 X80.83 Y200.413 E6.52139
G1 X81.405 Y200.413 E.01946
G1 X217.063 Y64.755 E6.49386
G1 X217.063 Y65.331 E.0195
G1 X81.981 Y200.413 E6.46629
G1 X82.557 Y200.413 E.0195
G1 X217.063 Y65.907 E6.43872
G1 X217.063 Y66.482 E.01946
G1 X83.132 Y200.413 E6.41119
G1 X83.708 Y200.413 E.0195
G1 X217.063 Y67.058 E6.38362
G1 X217.063 Y67.634 E.0195
G1 X84.284 Y200.413 E6.35605
G1 X84.859 Y200.413 E.01946
G1 X217.063 Y68.209 E6.32852
G1 X217.063 Y68.785 E.0195
G1 X85.435 Y200.413 E6.30095
G1 X86.011 Y200.413 E.0195
G1 X217.063 Y69.361 E6.27338
G1 X217.063 Y69.937 E.0195
G1 X86.586 Y200.413 E6.24583
G1 X87.162 Y200.413 E.0195
G1 X217.063 Y70.512 E6.21828
G1 X217.063 Y71.088 E.0195
G1 X87.738 Y200.413 E6.19071
G1 X88.314 Y200.413 E.0195
G1 X217.063 Y71.664 E6.16313
G1 X217.063 Y72.239 E.01946
G1 X88.889 Y200.413 E6.13561
G1 X89.465 Y200.413 E.0195
G1 X217.063 Y72.815 E6.10804
G1 X217.063 Y73.391 E.0195
G1 X90.041 Y200.413 E6.08046
G1 X90.616 Y200.413 E.01946
G1 X217.063 Y73.966 E6.05294
G1 X217.063 Y74.542 E.0195
G1 X91.192 Y200.413 E6.02537
G1 X91.768 Y200.413 E.0195
G1 X217.063 Y75.118 E5.99779
G1 X217.063 Y75.693 E.01946
G1 X92.343 Y200.413 E5.97027
G1 X92.919 Y200.413 E.0195
G1 X217.063 Y76.269 E5.9427
G1 X217.063 Y76.845 E.0195
G1 X93.495 Y200.413 E5.91512
G1 X94.071 Y200.413 E.0195
G1 X217.063 Y77.421 E5.88755
G1 X217.063 Y77.996 E.01946
G1 X94.646 Y200.413 E5.86003
G1 X95.222 Y200.413 E.0195
G1 X217.063 Y78.572 E5.83245
G1 X217.063 Y79.148 E.0195
G1 X95.798 Y200.413 E5.80488
G1 X96.373 Y200.413 E.01946
G1 X217.063 Y79.723 E5.77735
G1 X217.063 Y80.299 E.0195
G1 X96.949 Y200.413 E5.74978
G1 X97.525 Y200.413 E.0195
G1 X217.063 Y80.875 E5.72221
G1 X217.063 Y81.45 E.01946
G1 X98.1 Y200.413 E5.69468
G1 X98.676 Y200.413 E.0195
G1 X217.063 Y82.026 E5.66711
G1 X217.063 Y82.602 E.0195
G1 X99.252 Y200.413 E5.63954
G1 X99.827 Y200.413 E.01946
G1 X217.063 Y83.178 E5.61199
G1 X217.063 Y83.753 E.01946
G1 X100.403 Y200.413 E5.58444
G1 X100.979 Y200.413 E.0195
G1 X217.063 Y84.329 E5.55687
G1 X217.063 Y84.905 E.0195
G1 X101.555 Y200.413 E5.5293
G1 X102.13 Y200.413 E.01946
G1 X217.063 Y85.48 E5.50177
G1 X217.063 Y86.056 E.0195
G1 X102.706 Y200.413 E5.4742
G1 X103.282 Y200.413 E.0195
G1 X217.063 Y86.632 E5.44663
G1 X217.063 Y87.207 E.01946
G1 X103.857 Y200.413 E5.4191
G1 X104.433 Y200.413 E.0195
G1 X217.063 Y87.783 E5.39153
G1 X217.063 Y88.359 E.0195
G1 X105.009 Y200.413 E5.36396
G1 X105.584 Y200.413 E.01946
G1 X217.063 Y88.935 E5.33641
G1 X217.063 Y89.51 E.01946
G1 X106.16 Y200.413 E5.30886
G1 X106.736 Y200.413 E.0195
G1 X217.063 Y90.086 E5.28128
G1 X217.063 Y90.662 E.0195
G1 X107.312 Y200.413 E5.25371
G1 X107.887 Y200.413 E.01946
G1 X217.063 Y91.237 E5.22619
G1 X217.063 Y91.813 E.0195
G1 X108.463 Y200.413 E5.19861
G1 X109.039 Y200.413 E.0195
G1 X217.063 Y92.389 E5.17104
G1 X217.063 Y92.964 E.01946
G1 X109.614 Y200.413 E5.14352
G1 X110.19 Y200.413 E.0195
G1 X217.063 Y93.54 E5.11594
G1 X217.063 Y94.116 E.0195
G1 X110.766 Y200.413 E5.08837
G1 X111.341 Y200.413 E.01946
G1 X217.063 Y94.691 E5.06085
G1 X217.063 Y95.267 E.0195
G1 X111.917 Y200.413 E5.03327
G1 X112.493 Y200.413 E.0195
G1 X217.063 Y95.843 E5.0057
G1 X217.063 Y96.419 E.0195
G1 X113.069 Y200.413 E4.97813
G1 X113.644 Y200.413 E.01946
G1 X217.063 Y96.994 E4.9506
G1 X217.063 Y97.57 E.0195
G1 X114.22 Y200.413 E4.92303
G1 X114.796 Y200.413 E.0195
G1 X217.063 Y98.146 E4.89546
G1 X217.063 Y98.721 E.01946
G1 X115.371 Y200.413 E4.86793
G1 X115.947 Y200.413 E.0195
G1 X217.063 Y99.297 E4.84036
G1 X217.063 Y99.873 E.0195
G1 X116.523 Y200.413 E4.81279
G1 X117.098 Y200.413 E.01946
G1 X217.063 Y100.448 E4.78526
G1 X217.063 Y101.024 E.0195
G1 X117.674 Y200.413 E4.75769
G1 X118.25 Y200.413 E.0195
G1 X217.063 Y101.6 E4.73012
G1 X217.063 Y102.176 E.0195
G1 X118.825 Y200.413 E4.70257
G1 X119.401 Y200.413 E.0195
G1 X217.063 Y102.751 E4.67502
G1 X217.063 Y103.327 E.0195
G1 X119.977 Y200.413 E4.64745
G1 X120.553 Y200.413 E.0195
G1 X217.063 Y103.903 E4.61987
G1 X217.063 Y104.478 E.01946
G1 X121.128 Y200.413 E4.59235
G1 X121.704 Y200.413 E.0195
G1 X217.063 Y105.054 E4.56478
G1 X217.063 Y105.63 E.0195
G1 X122.28 Y200.413 E4.5372
G1 X122.855 Y200.413 E.01946
G1 X217.063 Y106.205 E4.50968
G1 X217.063 Y106.781 E.0195
G1 X123.431 Y200.413 E4.48211
G1 X124.007 Y200.413 E.0195
G1 X217.063 Y107.357 E4.45453
G1 X217.063 Y107.932 E.01946
G1 X124.582 Y200.413 E4.42701
G1 X125.158 Y200.413 E.0195
G1 X217.063 Y108.508 E4.39943
G1 X217.063 Y109.084 E.0195
G1 X125.734 Y200.413 E4.37186
G1 X126.31 Y200.413 E.0195
G1 X217.063 Y109.66 E4.34429
G1 X217.063 Y110.235 E.01946
G1 X126.885 Y200.413 E4.31676
G1 X127.461 Y200.413 E.0195
G1 X217.063 Y110.811 E4.28919
G1 X217.063 Y111.387 E.0195
G1 X128.037 Y200.413 E4.26162
G1 X128.612 Y200.413 E.01946
G1 X217.063 Y111.962 E4.23409
G1 X217.063 Y112.538 E.0195
G1 X129.188 Y200.413 E4.20652
G1 X129.764 Y200.413 E.0195
G1 X217.063 Y113.114 E4.17895
G1 X217.063 Y113.689 E.01946
G1 X130.339 Y200.413 E4.15142
G1 X130.915 Y200.413 E.0195
G1 X217.063 Y114.265 E4.12385
G1 X217.063 Y114.841 E.0195
G1 X131.491 Y200.413 E4.09628
G1 X132.067 Y200.413 E.0195
G1 X217.063 Y115.417 E4.06871
G1 X217.063 Y115.992 E.01946
G1 X132.642 Y200.413 E4.04118
G1 X133.218 Y200.413 E.0195
G1 X217.063 Y116.568 E4.01361
G1 X217.063 Y117.144 E.0195
G1 X133.794 Y200.413 E3.98604
G1 X134.369 Y200.413 E.01946
G1 X217.063 Y117.719 E3.95851
G1 X217.063 Y118.295 E.0195
G1 X134.945 Y200.413 E3.93094
G1 X135.521 Y200.413 E.0195
G1 X217.063 Y118.871 E3.90336
G1 X217.063 Y119.446 E.01946
G1 X136.096 Y200.413 E3.87584
G1 X136.672 Y200.413 E.0195
G1 X217.063 Y120.022 E3.84827
G1 X217.063 Y120.598 E.0195
G1 X137.248 Y200.413 E3.82069
G1 X137.823 Y200.413 E.01946
G1 X217.063 Y121.174 E3.79315
G1 X217.063 Y121.749 E.01946
G1 X138.399 Y200.413 E3.7656
G1 X138.975 Y200.413 E.0195
G1 X217.063 Y122.325 E3.73802
G1 X217.063 Y122.901 E.0195
G1 X139.551 Y200.413 E3.71045
G1 X140.126 Y200.413 E.01946
G1 X217.063 Y123.476 E3.68293
G1 X217.063 Y124.052 E.0195
G1 X140.702 Y200.413 E3.65535
G1 X141.278 Y200.413 E.0195
G1 X217.063 Y124.628 E3.62778
G1 X217.063 Y125.203 E.01946
G1 X141.853 Y200.413 E3.60026
G1 X142.429 Y200.413 E.0195
G1 X217.063 Y125.779 E3.57268
G1 X217.063 Y126.355 E.0195
G1 X143.005 Y200.413 E3.54511
G1 X143.58 Y200.413 E.01946
G1 X217.063 Y126.93 E3.51759
G1 X217.063 Y127.506 E.0195
G1 X144.156 Y200.413 E3.49001
G1 X144.732 Y200.413 E.0195
G1 X217.063 Y128.082 E3.46244
G1 X217.063 Y128.658 E.0195
G1 X145.308 Y200.413 E3.43487
G1 X145.883 Y200.413 E.01946
G1 X217.063 Y129.233 E3.40734
G1 X217.063 Y129.809 E.0195
G1 X146.459 Y200.413 E3.37977
G1 X147.035 Y200.413 E.0195
G1 X217.063 Y130.385 E3.3522
G1 X217.063 Y130.96 E.01946
G1 X147.61 Y200.413 E3.32467
G1 X148.186 Y200.413 E.0195
G1 X217.063 Y131.536 E3.2971
G1 X217.063 Y132.112 E.0195
G1 X148.762 Y200.413 E3.26953
G1 X149.337 Y200.413 E.01946
G1 X217.063 Y132.687 E3.242
G1 X217.063 Y133.263 E.0195
G1 X149.913 Y200.413 E3.21443
G1 X150.489 Y200.413 E.0195
G1 X217.063 Y133.839 E3.18686
G1 X217.063 Y134.415 E.0195
G1 X151.065 Y200.413 E3.15928
G1 X151.64 Y200.413 E.01946
G1 X217.063 Y134.99 E3.13176
G1 X217.063 Y135.566 E.0195
G1 X152.216 Y200.413 E3.10419
G1 X152.792 Y200.413 E.0195
G1 X217.063 Y136.142 E3.07661
G1 X217.063 Y136.717 E.01946
G1 X153.367 Y200.413 E3.04909
G1 X153.943 Y200.413 E.0195
G1 X217.063 Y137.293 E3.02152
G1 X217.063 Y137.869 E.0195
G1 X154.519 Y200.413 E2.99394
G1 X155.094 Y200.413 E.01946
G1 X217.063 Y138.444 E2.96642
G1 X217.063 Y139.02 E.0195
G1 X155.67 Y200.413 E2.93884
G1 X156.246 Y200.413 E.0195
G1 X217.063 Y139.596 E2.91127
G1 X217.063 Y140.171 E.01946
G1 X156.821 Y200.413 E2.88375
G1 X157.397 Y200.413 E.0195
G1 X217.063 Y140.747 E2.85617
G1 X217.063 Y141.323 E.0195
G1 X157.973 Y200.413 E2.8286
G1 X158.549 Y200.413 E.0195
G1 X217.063 Y141.899 E2.80103
G1 X217.063 Y142.474 E.01946
G1 X159.124 Y200.413 E2.7735
G1 X159.7 Y200.413 E.0195
G1 X217.063 Y143.05 E2.74593
G1 X217.063 Y143.626 E.0195
G1 X160.276 Y200.413 E2.71836
G1 X160.851 Y200.413 E.01946
G1 X217.063 Y144.201 E2.69083
G1 X217.063 Y144.777 E.0195
G1 X161.427 Y200.413 E2.66326
G1 X162.003 Y200.413 E.0195
G1 X217.063 Y145.353 E2.63569
G1 X217.063 Y145.928 E.01946
G1 X162.578 Y200.413 E2.60816
G1 X163.154 Y200.413 E.0195
G1 X217.063 Y146.504 E2.58059
G1 X217.063 Y147.08 E.0195
G1 X163.73 Y200.413 E2.55302
G1 X164.306 Y200.413 E.0195
G1 X217.063 Y147.656 E2.52544
G1 X217.063 Y148.231 E.01946
G1 X164.881 Y200.413 E2.49792
G1 X165.457 Y200.413 E.0195
G1 X217.063 Y148.807 E2.47035
G1 X217.063 Y149.383 E.0195
G1 X166.033 Y200.413 E2.44277
G1 X166.608 Y200.413 E.01946
G1 X217.063 Y149.958 E2.41525
G1 X217.063 Y150.534 E.0195
G1 X167.184 Y200.413 E2.38768
G1 X167.76 Y200.413 E.0195
G1 X217.063 Y151.11 E2.3601
G1 X217.063 Y151.685 E.01946
G1 X168.335 Y200.413 E2.33258
G1 X168.911 Y200.413 E.0195
G1 X217.063 Y152.261 E2.30501
G1 X217.063 Y152.837 E.0195
G1 X169.487 Y200.413 E2.27743
G1 X170.062 Y200.413 E.01946
G1 X217.063 Y153.413 E2.24988
G1 X217.063 Y153.988 E.01946
G1 X170.638 Y200.413 E2.22234
G1 X171.214 Y200.413 E.0195
G1 X217.063 Y154.564 E2.19476
G1 X217.063 Y155.14 E.0195
G1 X171.79 Y200.413 E2.16719
G1 X172.365 Y200.413 E.01946
G1 X217.063 Y155.715 E2.13967
G1 X217.063 Y156.291 E.0195
G1 X172.941 Y200.413 E2.11209
G1 X173.517 Y200.413 E.0195
G1 X217.063 Y156.867 E2.08452
G1 X217.063 Y157.442 E.01946
G1 X174.092 Y200.413 E2.05699
G1 X174.668 Y200.413 E.0195
G1 X217.063 Y158.018 E2.02942
G1 X217.063 Y158.594 E.0195
G1 X175.244 Y200.413 E2.00185
G1 X175.819 Y200.413 E.01946
G1 X217.063 Y159.169 E1.97432
G1 X217.063 Y159.745 E.0195
G1 X176.395 Y200.413 E1.94675
G1 X176.971 Y200.413 E.0195
G1 X217.063 Y160.321 E1.91918
G1 X217.063 Y160.897 E.0195
G1 X177.547 Y200.413 E1.89161
G1 X178.122 Y200.413 E.01946
G1 X217.063 Y161.472 E1.86408
G1 X217.063 Y162.048 E.0195
G1 X178.698 Y200.413 E1.83651
G1 X179.274 Y200.413 E.0195
G1 X217.063 Y162.624 E1.80894
G1 X217.063 Y163.199 E.01946
G1 X179.849 Y200.413 E1.78141
G1 X180.425 Y200.413 E.0195
G1 X217.063 Y163.775 E1.75384
G1 X217.063 Y164.351 E.0195
G1 X181.001 Y200.413 E1.72627
G1 X181.576 Y200.413 E.01946
G1 X217.063 Y164.926 E1.69874
G1 X217.063 Y165.502 E.0195
G1 X182.152 Y200.413 E1.67117
G1 X182.728 Y200.413 E.0195
G1 X217.063 Y166.078 E1.6436
G1 X217.063 Y166.654 E.0195
G1 X183.304 Y200.413 E1.61602
G1 X183.879 Y200.413 E.01946
G1 X217.063 Y167.229 E1.5885
G1 X217.063 Y167.805 E.0195
G1 X184.455 Y200.413 E1.56092
G1 X185.031 Y200.413 E.0195
G1 X217.063 Y168.381 E1.53335
G1 X217.063 Y168.956 E.01946
G1 X185.606 Y200.413 E1.50583
G1 X186.182 Y200.413 E.0195
G1 X217.063 Y169.532 E1.47825
G1 X217.063 Y170.108 E.0195
G1 X186.758 Y200.413 E1.45068
G1 X187.333 Y200.413 E.01946
G1 X217.063 Y170.683 E1.42316
G1 X217.066 Y170.963 E.00948
;WIDTH:0.443254
G1 X187.613 Y200.416 E1.38654
;LAYER_CHANGE
;Z:1.8
;HEIGHT:0.2
G1 E-2 F2400
G1 Z1.8 F7800
G1 X56.445 Y209.404
G1 E2 F2400
;TYPE:Perimeter
;WIDTH:0.449999
G1 F3600
G1 X56.325 Y209.299 E.0054
G1 X56.021 Y209.218 E.01065
G1 X55.632 Y209.218 E.01317
G1 X55.632 Y204.482 E.16031
G1 X164.368 Y204.482 E3.68058
G1 X164.368 Y209.218 E.16031
G1 X163.979 Y209.218 E.01317
G1 X163.675 Y209.299 E.01065
G1 X163.542 Y209.401 E.00567
G1 X163.416 Y209.592 E.00775
G1 X163.368 Y209.829 E.00819
G1 X163.368 Y210.689 E.02911
G1 X56.632 Y210.689 E3.61288
G1 X56.632 Y209.829 E.02911
G1 X56.584 Y209.592 E.00819
G1 X56.508 Y209.46 E.00516
G1 X56.49 Y209.444 E.00082
G1 X56.154 Y209.691 F7800
;TYPE:External perimeter
G1 F1800
G1 X56.021 Y209.625 E.00503
G1 X55.225 Y209.625 E.02694
G1 X55.225 Y204.075 E.18786
G1 X164.775 Y204.075 E3.70813
G1 X164.775 Y209.625 E.18786
G1 X163.979 Y209.625 E.02694
G1 X163.833 Y209.686 E.00536
G1 X163.775 Y209.829 E.00522
G1 X163.775 Y211.096 E.04289
G1 X56.225 Y211.096 E3.64043
G1 X56.225 Y209.829 E.04289
G1 X56.192 Y209.731 E.0035
G1 X55.804 Y209.634 F7800
G1 X57.002 Y210.32
;TYPE:Solid infill
;WIDTH:0.578232
G1 F1200
G1 X162.998 Y210.32 E4.71803
G1 E-2 F2400
G1 X162.451 Y204.787 F7800
G1 E2 F2400
;TYPE:Internal infill
;WIDTH:0.45
G1 F4800
G1 X164.063 Y204.787 E.05456
G1 X164.063 Y205.619 E.02816
G1 X159.833 Y209.848 E.20246
G1 X163.063 Y209.848 E.10933
G1 X163.132 Y209.476 E.01281
G1 X163.237 Y209.293 E.00714
G1 X158.732 Y204.787 E.21568
G1 X153.38 Y204.787 E.18116
G1 X148.319 Y209.848 E.24227
G1 X152.279 Y209.848 E.13404
G1 X147.218 Y204.787 E.24227
G1 X141.866 Y204.787 E.18116
G1 X136.805 Y209.848 E.24227
G1 X140.765 Y209.848 E.13404
G1 X135.704 Y204.787 E.24227
G1 X130.352 Y204.787 E.18116
G1 X125.291 Y209.848 E.24227
G1 X129.251 Y209.848 E.13404
G1 X124.19 Y204.787 E.24227
G1 X118.838 Y204.787 E.18116
G1 X113.777 Y209.848 E.24227
G1 X117.737 Y209.848 E.13404
G1 X112.676 Y204.787 E.24227
G1 X107.324 Y204.787 E.18116
G1 X102.263 Y209.848 E.24227
G1 X106.223 Y209.848 E.13404
G1 X101.162 Y204.787 E.24227
G1 X95.81 Y204.787 E.18116
G1 X90.749 Y209.848 E.24227
G1 X94.709 Y209.848 E.13404
G1 X89.648 Y204.787 E.24227
G1 X84.296 Y204.787 E.18116
G1 X79.235 Y209.848 E.24227
G1 X83.195 Y209.848 E.13404
G1 X78.134 Y204.787 E.24227
G1 X72.782 Y204.787 E.18116
G1 X67.721 Y209.848 E.24227
G1 X71.681 Y209.848 E.13404
G1 X66.62 Y204.787 E.24227
G1 X61.268 Y204.787 E.18116
G1 X56.763 Y209.293 E.21568
G1 X56.868 Y209.476 E.00714
G1 X56.937 Y209.848 E.01281
G1 X60.167 Y209.848 E.10933
G1 X55.937 Y205.619 E.20246
G1 X55.937 Y204.787 E.02816
G1 X57.549 Y204.787 E.05456
G1 E-2 F2400
G1 X80.632 Y7.982 F7800
G1 E2 F2400
;TYPE:Perimeter
;WIDTH:0.449999
G1 F3600
G1 X139.368 Y7.982 E1.98814
G1 X139.368 Y17.444 E.32028
G1 X139.472 Y17.713 E.00976
G1 X139.684 Y17.906 E.0097
G1 X139.972 Y17.982 E.01008
G1 X187.738 Y17.982 E1.61682
G1 X217.368 Y47.612 E1.41837
G1 X217.368 Y171.088 E4.17951
G1 X187.738 Y200.718 E1.41837
G1 X32.262 Y200.718 E5.26267
G1 X2.632 Y171.088 E1.41837
G1 X2.632 Y47.612 E4.17951
G1 X32.262 Y17.982 E1.41837
G1 X80.076 Y17.982 E1.61844
G1 X80.366 Y17.876 E.01045
G1 X80.564 Y17.651 E.01014
G1 X80.632 Y17.371 E.00975
G1 X80.632 Y8.042 E.31578
G1 X80.225 Y7.575 F7800
;TYPE:External perimeter
G1 F1800
G1 X139.775 Y7.575 E2.01569
G1 X139.775 Y17.371 E.33158
G1 X139.825 Y17.505 E.00484
G1 X139.976 Y17.575 E.00563
G1 X187.907 Y17.575 E1.6224
G1 X217.775 Y47.443 E1.42976
G1 X217.775 Y171.257 E4.19095
G1 X187.907 Y201.125 E1.42976
G1 X32.093 Y201.125 E5.27411
G1 X2.225 Y171.257 E1.42976
G1 X2.225 Y47.443 E4.19095
G1 X32.093 Y17.575 E1.42976
G1 X80.021 Y17.575 E1.6223
G1 X80.155 Y17.525 E.00484
G1 X80.225 Y17.371 E.00573
G1 X80.225 Y7.635 E.32955
G1 X80.621 Y7.576 F7800
G1 E-2 F2400
G1 X82.617 Y8.287 F7800
G1 E2 F2400
;TYPE:Internal infill
;WIDTH:0.45
G1 F4800
G1 X85.059 Y8.287 E.08266
G1 X80.936 Y12.41 E.19737
G1 X80.936 Y11.853 E.01885
G1 X85.411 Y16.327 E.21419
G1 X88.533 Y16.327 E.10568
G1 X96.573 Y8.287 E.38487
G1 X100.399 Y8.287 E.12951
G1 X108.439 Y16.327 E.38487
G1 X111.561 Y16.327 E.10568
G1 X119.601 Y8.287 E.38487
G1 X123.427 Y8.287 E.12951
G1 X131.467 Y16.327 E.38487
G1 X134.589 Y16.327 E.10568
G1 X139.064 Y11.853 E.21419
G1 X139.064 Y12.41 E.01885
G1 X134.941 Y8.287 E.19737
G1 X131.115 Y8.287 E.12951
G1 X123.075 Y16.327 E.38487
G1 X119.953 Y16.327 E.10568
G1 X111.913 Y8.287 E.38487
G1 X108.087 Y8.287 E.12951
G1 X100.047 Y16.327 E.38487
G1 X96.925 Y16.327 E.10568
G1 X88.885 Y8.287 E.38487
G1 X91.328 Y8.287 E.08269
G1 E-2 F2400
G1 X217.248 Y47.889 F7800
G1 E2 F2400
;TYPE:Top solid infill
;WIDTH:0.400092
G1 F900
G1 X187.622 Y18.262 E1.24433
G1 X187.117 Y18.262 E.015
G1 X217.088 Y48.233 E1.2588
G1 X217.088 Y48.738 E.015
G1 X186.612 Y18.262 E1.28001
G1 X186.106 Y18.262 E.01503
G1 X217.088 Y49.243 E1.30124
G1 X217.088 Y49.749 E.01503
G1 X185.601 Y18.262 E1.32248
G1 X185.096 Y18.262 E.015
G1 X217.088 Y50.254 E1.34369
G1 X217.088 Y50.759 E.015
G1 X184.591 Y18.262 E1.3649
G1 X184.086 Y18.262 E.015
G1 X217.088 Y51.264 E1.38611
G1 X217.088 Y51.769 E.015
G1 X183.58 Y18.262 E1.40734
G1 X183.075 Y18.262 E.015
G1 X217.088 Y52.274 E1.42855
G1 X217.088 Y52.779 E.015
G1 X182.57 Y18.262 E1.44976
G1 X182.065 Y18.262 E.015
G1 X217.088 Y53.284 E1.47097
G1 X217.088 Y53.789 E.015
G1 X181.56 Y18.261 E1.4922
G1 X181.054 Y18.261 E.01503
G1 X217.088 Y54.295 E1.51345
G1 X217.088 Y54.8 E.015
G1 X180.549 Y18.261 E1.53466
G1 X180.044 Y18.261 E.015
G1 X217.088 Y55.305 E1.55587
G1 X217.088 Y55.81 E.015
G1 X179.539 Y18.261 E1.57708
G1 X179.034 Y18.261 E.015
G1 X217.088 Y56.315 E1.59829
G1 X217.088 Y56.82 E.015
G1 X178.528 Y18.261 E1.61953
G1 X178.023 Y18.261 E.015
G1 X217.088 Y57.325 E1.64074
G1 X217.088 Y57.83 E.015
G1 X177.518 Y18.261 E1.66195
G1 X177.013 Y18.261 E.015
G1 X217.088 Y58.336 E1.68318
G1 X217.088 Y58.841 E.015
G1 X176.508 Y18.261 E1.70439
G1 X176.003 Y18.261 E.015
G1 X217.088 Y59.346 E1.7256
G1 X217.088 Y59.851 E.015
G1 X175.497 Y18.261 E1.74683
G1 X174.992 Y18.26 E.015
G1 X217.088 Y60.356 E1.76806
G1 X217.088 Y60.861 E.015
G1 X174.487 Y18.26 E1.78927
G1 X173.982 Y18.26 E.015
G1 X217.088 Y61.366 E1.81048
G1 X217.088 Y61.871 E.015
G1 X173.477 Y18.26 E1.83169
G1 X172.971 Y18.26 E.01503
G1 X217.088 Y62.376 E1.85292
G1 X217.088 Y62.882 E.01503
G1 X172.466 Y18.26 E1.87415
G1 X171.961 Y18.26 E.015
G1 X217.088 Y63.387 E1.89537
G1 X217.088 Y63.892 E.015
G1 X171.456 Y18.26 E1.91658
G1 X170.951 Y18.26 E.015
G1 X217.088 Y64.397 E1.93779
G1 X217.088 Y64.902 E.015
G1 X170.445 Y18.26 E1.95902
G1 X169.94 Y18.26 E.015
G1 X217.088 Y65.407 E1.98023
G1 X217.088 Y65.912 E.015
G1 X169.435 Y18.26 E2.00144
G1 X168.93 Y18.26 E.015
G1 X217.088 Y66.417 E2.02265
G1 X217.088 Y66.923 E.01503
G1 X168.425 Y18.26 E2.04388
G1 X167.919 Y18.259 E.01503
G1 X217.088 Y67.428 E2.06513
G1 X217.088 Y67.933 E.015
G1 X167.414 Y18.259 E2.08634
G1 X166.909 Y18.259 E.015
G1 X217.088 Y68.438 E2.10755
G1 X217.088 Y68.943 E.015
G1 X166.404 Y18.259 E2.12876
G1 X165.899 Y18.259 E.015
G1 X217.088 Y69.448 E2.14997
G1 X217.088 Y69.953 E.015
G1 X165.393 Y18.259 E2.1712
G1 X164.888 Y18.259 E.015
G1 X217.088 Y70.458 E2.19242
G1 X217.088 Y70.963 E.015
G1 X164.383 Y18.259 E2.21363
G1 X163.878 Y18.259 E.015
G1 X217.088 Y71.469 E2.23486
G1 X217.088 Y71.974 E.015
G1 X163.373 Y18.259 E2.25607
G1 X162.868 Y18.259 E.015
G1 X217.088 Y72.479 E2.27728
G1 X217.088 Y72.984 E.015
G1 X162.362 Y18.259 E2.29851
G1 X161.857 Y18.259 E.015
G1 X217.088 Y73.489 E2.31972
G1 X217.088 Y73.994 E.015
G1 X161.352 Y18.258 E2.34095
G1 X160.847 Y18.258 E.015
G1 X217.088 Y74.499 E2.36216
G1 X217.088 Y75.004 E.015
G1 X160.342 Y18.258 E2.38337
G1 X159.836 Y18.258 E.01503
G1 X217.088 Y75.51 E2.40462
G1 X217.088 Y76.015 E.015
G1 X159.331 Y18.258 E2.42583
G1 X158.826 Y18.258 E.015
G1 X217.088 Y76.52 E2.44704
G1 X217.088 Y77.025 E.015
G1 X158.321 Y18.258 E2.46825
G1 X157.816 Y18.258 E.015
G1 X217.088 Y77.53 E2.48947
G1 X217.088 Y78.035 E.015
G1 X157.31 Y18.258 E2.5107
G1 X156.805 Y18.258 E.015
G1 X217.088 Y78.54 E2.53191
G1 X217.088 Y79.045 E.015
G1 X156.3 Y18.258 E2.55312
G1 X155.795 Y18.258 E.015
G1 X217.088 Y79.55 E2.57433
G1 X217.088 Y80.056 E.01503
G1 X155.29 Y18.258 E2.59556
G1 X154.784 Y18.258 E.01503
G1 X217.088 Y80.561 E2.61679
G1 X217.088 Y81.066 E.015
G1 X154.279 Y18.257 E2.63802
G1 X153.774 Y18.257 E.015
G1 X217.088 Y81.571 E2.65923
G1 X217.088 Y82.076 E.015
G1 X153.269 Y18.257 E2.68044
G1 X152.764 Y18.257 E.015
G1 X217.088 Y82.581 E2.70165
G1 X217.088 Y83.086 E.015
G1 X152.258 Y18.257 E2.72288
G1 X151.753 Y18.257 E.015
G1 X217.088 Y83.591 E2.74409
G1 X217.088 Y84.097 E.01503
G1 X151.248 Y18.257 E2.76533
G1 X150.743 Y18.257 E.015
G1 X217.088 Y84.602 E2.78654
G1 X217.088 Y85.107 E.015
G1 X150.238 Y18.257 E2.80775
G1 X149.733 Y18.257 E.015
G1 X217.088 Y85.612 E2.82896
G1 X217.088 Y86.117 E.015
G1 X149.227 Y18.257 E2.85019
G1 X148.722 Y18.257 E.015
G1 X217.088 Y86.622 E2.8714
G1 X217.088 Y87.127 E.015
G1 X148.217 Y18.257 E2.89261
G1 X147.712 Y18.256 E.015
G1 X217.088 Y87.632 E2.91384
G1 X217.088 Y88.137 E.015
G1 X147.207 Y18.256 E2.93505
G1 X146.701 Y18.256 E.01503
G1 X217.088 Y88.643 E2.9563
G1 X217.088 Y89.148 E.015
G1 X146.196 Y18.256 E2.97751
G1 X145.691 Y18.256 E.015
G1 X217.088 Y89.653 E2.99872
G1 X217.088 Y90.158 E.015
G1 X145.186 Y18.256 E3.01993
G1 X144.681 Y18.256 E.015
G1 X217.088 Y90.663 E3.04114
G1 X217.088 Y91.168 E.015
G1 X144.175 Y18.256 E3.06238
G1 X143.67 Y18.256 E.015
G1 X217.088 Y91.673 E3.08359
G1 X217.088 Y92.178 E.015
G1 X143.165 Y18.256 E3.1048
G1 X142.66 Y18.256 E.015
G1 X217.088 Y92.684 E3.12603
G1 X217.088 Y93.189 E.015
G1 X142.155 Y18.256 E3.14724
G1 X141.649 Y18.256 E.01503
G1 X217.088 Y93.694 E3.16847
G1 X217.088 Y94.199 E.015
G1 X141.144 Y18.255 E3.1897
G1 X140.639 Y18.255 E.015
G1 X217.088 Y94.704 E3.21091
G1 X217.088 Y95.209 E.015
G1 X139.973 Y18.095 E3.23886
G1 X139.251 Y17.372 F7800
G1 F900
G1 X138.588 Y16.709 E.02785
G1 X138.083 Y16.709 E.015
G1 X217.088 Y95.714 E3.31826
G1 X217.088 Y96.219 E.015
G1 X137.577 Y16.709 E3.3395
G1 X137.072 Y16.709 E.015
G1 X217.088 Y96.724 E3.36071
G1 X217.088 Y97.23 E.01503
G1 X136.567 Y16.709 E3.38194
G1 X136.062 Y16.709 E.015
G1 X217.088 Y97.735 E3.40315
G1 X217.088 Y98.24 E.015
G1 X135.557 Y16.709 E3.42436
G1 X135.052 Y16.709 E.015
G1 X217.088 Y98.745 E3.44557
G1 X217.088 Y99.25 E.015
G1 X134.547 Y16.709 E3.46678
G1 X134.042 Y16.709 E.015
G1 X217.088 Y99.755 E3.48799
G1 X217.088 Y100.26 E.015
G1 X133.537 Y16.709 E3.5092
G1 X133.031 Y16.709 E.01503
G1 X217.088 Y100.765 E3.53043
G1 X217.088 Y101.271 E.01503
G1 X132.526 Y16.709 E3.55166
G1 X132.021 Y16.709 E.015
G1 X217.088 Y101.776 E3.57287
G1 X217.088 Y102.281 E.015
G1 X131.516 Y16.709 E3.59408
G1 X131.011 Y16.709 E.015
G1 X217.088 Y102.786 E3.61529
G1 X217.088 Y103.291 E.015
G1 X130.506 Y16.709 E3.6365
G1 X130.001 Y16.709 E.015
G1 X217.088 Y103.796 E3.65771
G1 X217.088 Y104.301 E.015
G1 X129.496 Y16.709 E3.67892
G1 X128.99 Y16.709 E.01503
G1 X217.088 Y104.806 E3.70016
G1 X217.088 Y105.311 E.015
G1 X128.485 Y16.709 E3.72137
G1 X127.98 Y16.709 E.015
G1 X217.088 Y105.817 E3.7426
G1 X217.088 Y106.322 E.015
G1 X127.475 Y16.709 E3.76381
G1 X126.97 Y16.709 E.015
G1 X217.088 Y106.827 E3.78502
G1 X217.088 Y107.332 E.015
G1 X126.465 Y16.709 E3.80623
G1 X125.96 Y16.709 E.015
G1 X217.088 Y107.837 E3.82744
G1 X217.088 Y108.342 E.015
G1 X125.455 Y16.709 E3.84865
G1 X124.95 Y16.709 E.015
G1 X217.088 Y108.847 E3.86986
G1 X217.088 Y109.352 E.015
G1 X124.444 Y16.709 E3.89109
G1 X123.939 Y16.709 E.015
G1 X217.088 Y109.858 E3.91232
G1 X217.088 Y110.363 E.015
G1 X123.434 Y16.709 E3.93353
G1 X122.929 Y16.709 E.015
G1 X217.088 Y110.868 E3.95474
G1 X217.088 Y111.373 E.015
G1 X122.424 Y16.709 E3.97595
G1 X121.919 Y16.709 E.015
G1 X217.088 Y111.878 E3.99716
G1 X217.088 Y112.383 E.015
G1 X121.414 Y16.709 E4.01837
G1 X120.909 Y16.709 E.015
G1 X217.088 Y112.888 E4.03958
G1 X217.088 Y113.393 E.015
G1 X120.403 Y16.709 E4.06082
G1 X119.898 Y16.709 E.015
G1 X217.088 Y113.898 E4.08203
G1 X217.088 Y114.404 E.01503
G1 X119.393 Y16.709 E4.10326
G1 X118.888 Y16.709 E.015
G1 X217.088 Y114.909 E4.12447
G1 X217.088 Y115.414 E.015
G1 X118.383 Y16.709 E4.14568
G1 X117.878 Y16.709 E.015
G1 X217.088 Y115.919 E4.16689
G1 X217.088 Y116.424 E.015
G1 X117.373 Y16.709 E4.1881
G1 X116.868 Y16.709 E.015
G1 X217.088 Y116.929 E4.20931
G1 X217.088 Y117.434 E.015
G1 X116.363 Y16.709 E4.23052
G1 X115.857 Y16.709 E.01503
G1 X217.088 Y117.939 E4.25175
G1 X217.088 Y118.445 E.01503
G1 X115.352 Y16.709 E4.27298
G1 X114.847 Y16.709 E.015
G1 X217.088 Y118.95 E4.29419
G1 X217.088 Y119.455 E.015
G1 X114.342 Y16.709 E4.3154
G1 X113.837 Y16.709 E.015
G1 X217.088 Y119.96 E4.33661
G1 X217.088 Y120.465 E.015
G1 X113.332 Y16.709 E4.35782
G1 X112.827 Y16.709 E.015
G1 X217.088 Y120.97 E4.37903
G1 X217.088 Y121.475 E.015
G1 X112.322 Y16.709 E4.40024
G1 X111.816 Y16.709 E.01503
G1 X217.088 Y121.98 E4.42148
G1 X217.088 Y122.485 E.015
G1 X111.311 Y16.709 E4.44269
G1 X110.806 Y16.709 E.015
G1 X217.088 Y122.991 E4.46392
G1 X217.088 Y123.496 E.015
G1 X110.301 Y16.709 E4.48513
G1 X109.796 Y16.709 E.015
G1 X217.088 Y124.001 E4.50634
G1 X217.088 Y124.506 E.015
G1 X109.291 Y16.709 E4.52755
G1 X108.786 Y16.709 E.015
G1 X217.088 Y125.011 E4.54876
G1 X217.088 Y125.516 E.015
G1 X108.281 Y16.709 E4.56997
G1 X107.776 Y16.709 E.015
G1 X217.088 Y126.021 E4.59118
G1 X217.088 Y126.526 E.015
G1 X107.27 Y16.709 E4.61241
G1 X106.765 Y16.709 E.015
G1 X217.088 Y127.031 E4.63362
G1 X217.088 Y127.537 E.01503
G1 X106.26 Y16.709 E4.65485
G1 X105.755 Y16.709 E.015
G1 X217.088 Y128.042 E4.67606
G1 X217.088 Y128.547 E.015
G1 X105.25 Y16.709 E4.69727
G1 X104.745 Y16.709 E.015
G1 X217.088 Y129.052 E4.71848
G1 X217.088 Y129.557 E.015
G1 X104.24 Y16.709 E4.73969
G1 X103.735 Y16.709 E.015
G1 X217.088 Y130.062 E4.7609
G1 X217.088 Y130.567 E.015
G1 X103.229 Y16.709 E4.78214
G1 X102.724 Y16.709 E.015
G1 X217.088 Y131.072 E4.80335
G1 X217.088 Y131.578 E.01503
G1 X102.219 Y16.709 E4.82458
G1 X101.714 Y16.709 E.015
G1 X217.088 Y132.083 E4.84579
G1 X217.088 Y132.588 E.015
G1 X101.209 Y16.709 E4.867
G1 X100.704 Y16.709 E.015
G1 X217.088 Y133.093 E4.88821
G1 X217.088 Y133.598 E.015
G1 X100.199 Y16.709 E4.90942
G1 X99.694 Y16.709 E.015
G1 X217.088 Y134.103 E4.93063
G1 X217.088 Y134.608 E.015
G1 X99.189 Y16.709 E4.95184
G1 X98.683 Y16.709 E.01503
G1 X217.088 Y135.113 E4.97307
G1 X217.088 Y135.618 E.015
G1 X98.178 Y16.709 E4.99428
G1 X97.673 Y16.709 E.015
G1 X217.088 Y136.124 E5.01551
G1 X217.088 Y136.629 E.015
G1 X97.168 Y16.709 E5.03672
G1 X96.663 Y16.709 E.015
G1 X217.088 Y137.134 E5.05793
G1 X217.088 Y137.639 E.015
G1 X96.158 Y16.709 E5.07914
G1 X95.653 Y16.709 E.015
G1 X217.088 Y138.144 E5.10035
G1 X217.088 Y138.649 E.015
G1 X95.148 Y16.709 E5.12156
G1 X94.643 Y16.709 E.015
G1 X217.088 Y139.154 E5.14278
G1 X217.088 Y139.659 E.015
G1 X94.137 Y16.709 E5.16401
G1 X93.632 Y16.709 E.015
G1 X217.088 Y140.165 E5.18524
G1 X217.088 Y140.67 E.015
G1 X93.127 Y16.709 E5.20645
G1 X92.622 Y16.709 E.015
G1 X217.088 Y141.175 E5.22766
G1 X217.088 Y141.68 E.015
G1 X92.117 Y16.709 E5.24887
G1 X91.612 Y16.709 E.015
G1 X217.088 Y142.185 E5.27008
G1 X217.088 Y142.69 E.015
G1 X91.107 Y16.709 E5.29129
G1 X90.602 Y16.709 E.015
G1 X217.088 Y143.195 E5.3125
G1 X217.088 Y143.7 E.015
G1 X90.096 Y16.709 E5.33373
G1 X89.591 Y16.709 E.015
G1 X217.088 Y144.205 E5.35494
G1 X217.088 Y144.711 E.01503
G1 X89.086 Y16.709 E5.37617
G1 X88.581 Y16.709 E.015
G1 X217.088 Y145.216 E5.39738
G1 X217.088 Y145.721 E.015
G1 X88.076 Y16.709 E5.41859
G1 X87.571 Y16.709 E.015
G1 X217.088 Y146.226 E5.4398
G1 X217.088 Y146.731 E.015
G1 X87.066 Y16.709 E5.46101
G1 X86.561 Y16.709 E.015
G1 X217.088 Y147.236 E5.48222
G1 X217.088 Y147.741 E.015
G1 X86.056 Y16.709 E5.50344
G1 X85.55 Y16.709 E.01503
G1 X217.088 Y148.246 E5.52467
G1 X217.088 Y148.752 E.01503
G1 X85.045 Y16.709 E5.5459
G1 X84.54 Y16.709 E.015
G1 X217.088 Y149.257 E5.56711
G1 X217.088 Y149.762 E.015
G1 X84.035 Y16.709 E5.58832
G1 X83.53 Y16.709 E.015
G1 X217.088 Y150.267 E5.60953
G1 X217.088 Y150.772 E.015
G1 X83.025 Y16.709 E5.63074
G1 X82.52 Y16.709 E.015
G1 X217.088 Y151.277 E5.65195
G1 X217.088 Y151.782 E.015
G1 X82.015 Y16.709 E5.67316
G1 X81.509 Y16.709 E.01503
G1 X217.088 Y152.287 E5.69439
G1 X217.088 Y152.792 E.015
G1 X81.004 Y16.709 E5.7156
G1 X80.91 Y16.709 E.00279
G1 X80.91 Y17.12 E.01221
G1 X217.088 Y153.298 E5.71957
G1 X217.088 Y153.803 E.015
G1 X80.882 Y17.597 E5.72075
G1 X80.83 Y17.747 E.00471
G1 X80.707 Y17.927 E.00647
G1 X217.088 Y154.308 E5.7281
G1 X217.088 Y154.813 E.015
G1 X80.435 Y18.16 E5.73952
G1 X80.14 Y18.255 E.0092
G1 X80.025 Y18.255 E.00342
G1 X217.088 Y155.318 E5.75674
G1 X217.088 Y155.823 E.015
G1 X79.52 Y18.255 E5.77795
G1 X79.015 Y18.255 E.015
G1 X217.088 Y156.328 E5.79916
G1 X217.088 Y156.833 E.015
G1 X78.51 Y18.256 E5.82035
G1 X78.005 Y18.256 E.015
G1 X217.088 Y157.339 E5.84158
G1 X217.088 Y157.844 E.015
G1 X77.5 Y18.256 E5.86279
G1 X76.995 Y18.256 E.015
G1 X217.088 Y158.349 E5.884
G1 X217.088 Y158.854 E.015
G1 X76.49 Y18.256 E5.90521
G1 X75.985 Y18.256 E.015
G1 X217.088 Y159.359 E5.92642
G1 X217.088 Y159.864 E.015
G1 X75.479 Y18.256 E5.94766
G1 X74.974 Y18.256 E.015
G1 X217.088 Y160.369 E5.96887
G1 X217.088 Y160.874 E.015
G1 X74.469 Y18.256 E5.99008
G1 X73.964 Y18.256 E.015
G1 X217.088 Y161.379 E6.01129
G1 X217.088 Y161.885 E.01503
G1 X73.459 Y18.256 E6.03252
G1 X72.954 Y18.256 E.015
G1 X217.088 Y162.39 E6.05373
G1 X217.088 Y162.895 E.015
G1 X72.449 Y18.256 E6.07494
G1 X71.944 Y18.257 E.015
G1 X217.088 Y163.4 E6.09613
G1 X217.088 Y163.905 E.015
G1 X71.439 Y18.257 E6.11734
G1 X70.934 Y18.257 E.015
G1 X217.088 Y164.41 E6.13855
G1 X217.088 Y164.915 E.015
G1 X70.429 Y18.257 E6.15976
G1 X69.924 Y18.257 E.015
G1 X217.088 Y165.42 E6.18097
G1 X217.088 Y165.926 E.01503
G1 X69.419 Y18.257 E6.2022
G1 X68.914 Y18.257 E.015
G1 X217.088 Y166.431 E6.22341
G1 X217.088 Y166.936 E.015
G1 X68.409 Y18.257 E6.24462
G1 X67.904 Y18.257 E.015
G1 X217.088 Y167.441 E6.26583
G1 X217.088 Y167.946 E.015
G1 X67.399 Y18.257 E6.28704
G1 X66.894 Y18.257 E.015
G1 X217.088 Y168.451 E6.30825
G1 X217.088 Y168.956 E.015
G1 X66.389 Y18.257 E6.32946
G1 X65.884 Y18.257 E.015
G1 X217.088 Y169.461 E6.35067
G1 X217.088 Y169.966 E.015
G1 X65.379 Y18.257 E6.37188
G1 X64.874 Y18.258 E.015
G1 X217.088 Y170.472 E6.39309
G1 X217.088 Y170.972 E.01485
G1 X64.369 Y18.258 E6.4142
G1 X63.863 Y18.258 E.01503
G1 X216.833 Y171.227 E6.42483
G1 X216.58 Y171.48 E.01063
G1 X63.358 Y18.258 E6.43543
G1 X62.853 Y18.258 E.015
G1 X216.328 Y171.732 E6.44604
G1 X216.075 Y171.985 E.01063
G1 X62.348 Y18.258 E6.45664
G1 X61.843 Y18.258 E.015
G1 X215.823 Y172.237 E6.46725
G1 X215.57 Y172.49 E.01063
G1 X61.338 Y18.258 E6.47785
G1 X60.833 Y18.258 E.015
G1 X215.317 Y172.742 E6.48844
G1 X215.065 Y172.995 E.01061
G1 X60.328 Y18.258 E6.49906
G1 X59.823 Y18.258 E.015
G1 X214.812 Y173.247 E6.50965
G1 X214.56 Y173.5 E.01061
G1 X59.318 Y18.258 E6.52027
G1 X58.813 Y18.258 E.015
G1 X214.307 Y173.753 E6.53088
G1 X214.055 Y174.005 E.01058
G1 X58.308 Y18.259 E6.54146
G1 X57.803 Y18.259 E.015
G1 X213.802 Y174.258 E6.55207
G1 X213.549 Y174.51 E.01061
G1 X57.298 Y18.259 E6.56265
G1 X56.793 Y18.259 E.015
G1 X213.297 Y174.763 E6.57328
G1 X213.044 Y175.015 E.01061
G1 X56.288 Y18.259 E6.58386
G1 X55.783 Y18.259 E.015
G1 X212.792 Y175.268 E6.59449
G1 X212.539 Y175.52 E.01061
G1 X55.278 Y18.259 E6.60507
G1 X54.773 Y18.259 E.015
G1 X212.287 Y175.773 E6.6157
G1 X212.034 Y176.026 E.01063
G1 X54.268 Y18.259 E6.6263
G1 X53.763 Y18.259 E.015
G1 X211.782 Y176.278 E6.63691
G1 X211.529 Y176.531 E.01063
G1 X53.258 Y18.259 E6.64751
G1 X52.753 Y18.259 E.015
G1 X211.276 Y176.783 E6.6581
G1 X211.024 Y177.036 E.01061
G1 X52.248 Y18.259 E6.66872
G1 X51.742 Y18.26 E.01503
G1 X210.771 Y177.288 E6.67931
G1 X210.519 Y177.541 E.01061
G1 X51.237 Y18.26 E6.68993
G1 X50.732 Y18.26 E.015
G1 X210.266 Y177.793 E6.70052
G1 X210.014 Y178.046 E.01061
G1 X50.227 Y18.26 E6.71114
G1 X49.722 Y18.26 E.015
G1 X209.761 Y178.299 E6.72175
G1 X209.509 Y178.551 E.01058
G1 X49.217 Y18.26 E6.73235
G1 X48.712 Y18.26 E.015
G1 X209.256 Y178.804 E6.74296
G1 X209.003 Y179.056 E.01061
G1 X48.207 Y18.26 E6.75354
G1 X47.702 Y18.26 E.015
G1 X208.751 Y179.309 E6.76417
G1 X208.498 Y179.561 E.01061
G1 X47.197 Y18.26 E6.77475
G1 X46.692 Y18.26 E.015
G1 X208.246 Y179.814 E6.78538
G1 X207.993 Y180.067 E.01063
G1 X46.187 Y18.26 E6.79599
G1 X45.682 Y18.26 E.015
G1 X207.741 Y180.319 E6.80659
G1 X207.488 Y180.572 E.01063
G1 X45.177 Y18.26 E6.8172
G1 X44.672 Y18.261 E.015
G1 X207.236 Y180.824 E6.82778
G1 X206.983 Y181.077 E.01063
G1 X44.167 Y18.261 E6.83839
G1 X43.662 Y18.261 E.015
G1 X206.73 Y181.329 E6.84897
G1 X206.478 Y181.582 E.01061
G1 X43.157 Y18.261 E6.8596
G1 X42.652 Y18.261 E.015
G1 X206.225 Y181.834 E6.87018
G1 X205.973 Y182.087 E.01061
G1 X42.147 Y18.261 E6.88081
G1 X41.642 Y18.261 E.015
G1 X205.72 Y182.34 E6.89141
G1 X205.468 Y182.592 E.01058
G1 X41.137 Y18.261 E6.90202
G1 X40.632 Y18.261 E.015
G1 X205.215 Y182.845 E6.91262
G1 X204.962 Y183.097 E.01061
G1 X40.126 Y18.261 E6.92323
G1 X39.621 Y18.261 E.015
G1 X204.71 Y183.35 E6.93385
G1 X204.457 Y183.602 E.01061
G1 X39.116 Y18.261 E6.94444
G1 X38.611 Y18.261 E.015
G1 X204.205 Y183.855 E6.95506
G1 X203.952 Y184.107 E.01061
G1 X38.106 Y18.262 E6.96563
G1 X37.601 Y18.262 E.015
G1 X203.7 Y184.36 E6.97625
G1 X203.447 Y184.613 E.01063
G1 X37.096 Y18.262 E6.98686
G1 X36.591 Y18.262 E.015
G1 X203.195 Y184.865 E6.99746
G1 X202.942 Y185.118 E.01063
G1 X36.086 Y18.262 E7.00807
G1 X35.581 Y18.262 E.015
G1 X202.689 Y185.37 E7.01865
G1 X202.437 Y185.623 E.01061
G1 X35.076 Y18.262 E7.02928
G1 X34.571 Y18.262 E.015
G1 X202.184 Y185.875 E7.03986
G1 X201.932 Y186.128 E.01061
G1 X34.066 Y18.262 E7.05049
G1 X33.561 Y18.262 E.015
G1 X201.679 Y186.38 E7.06107
G1 X201.427 Y186.633 E.01061
G1 X33.056 Y18.262 E7.0717
G1 X32.551 Y18.262 E.015
G1 X201.174 Y186.886 E7.0823
G1 X200.922 Y187.138 E.01058
G1 X32.212 Y18.428 E7.08594
G1 X31.959 Y18.681 E.01063
G1 X200.669 Y187.391 E7.08594
G1 X200.416 Y187.643 E.01061
G1 X31.707 Y18.934 E7.0859
G1 X31.454 Y19.186 E.01061
G1 X200.164 Y187.896 E7.08594
G1 X199.911 Y188.148 E.01061
G1 X31.202 Y19.439 E7.0859
G1 X30.949 Y19.691 E.01061
G1 X199.659 Y188.401 E7.08594
G1 X199.406 Y188.654 E.01063
G1 X30.696 Y19.944 E7.08594
G1 X30.444 Y20.196 E.01058
G1 X199.154 Y188.906 E7.08594
G1 X198.901 Y189.159 E.01063
G1 X30.191 Y20.449 E7.08594
G1 X29.939 Y20.701 E.01058
G1 X198.649 Y189.411 E7.08594
G1 X198.396 Y189.664 E.01063
G1 X29.686 Y20.954 E7.08594
G1 X29.434 Y21.207 E.01061
G1 X198.143 Y189.916 E7.0859
G1 X197.891 Y190.169 E.01061
G1 X29.181 Y21.459 E7.08594
G1 X28.929 Y21.712 E.01061
G1 X197.638 Y190.421 E7.0859
G1 X197.386 Y190.674 E.01061
G1 X28.676 Y21.964 E7.08594
G1 X28.423 Y22.217 E.01063
G1 X197.133 Y190.927 E7.08594
G1 X196.881 Y191.179 E.01058
G1 X28.171 Y22.469 E7.08594
G1 X27.918 Y22.722 E.01063
G1 X196.628 Y191.432 E7.08594
G1 X196.375 Y191.684 E.01061
G1 X27.666 Y22.975 E7.0859
G1 X27.413 Y23.227 E.01061
G1 X196.123 Y191.937 E7.08594
G1 X195.87 Y192.189 E.01061
G1 X27.161 Y23.48 E7.0859
G1 X26.908 Y23.732 E.01061
G1 X195.618 Y192.442 E7.08594
G1 X195.365 Y192.694 E.01061
G1 X26.656 Y23.985 E7.0859
G1 X26.403 Y24.237 E.01061
G1 X195.113 Y192.947 E7.08594
G1 X194.86 Y193.2 E.01063
G1 X26.15 Y24.49 E7.08594
G1 X25.898 Y24.742 E.01058
G1 X194.608 Y193.452 E7.08594
G1 X194.355 Y193.705 E.01063
G1 X25.645 Y24.995 E7.08594
G1 X25.393 Y25.248 E.01061
G1 X194.102 Y193.957 E7.0859
G1 X193.85 Y194.21 E.01061
G1 X25.14 Y25.5 E7.08594
G1 X24.888 Y25.753 E.01061
G1 X193.597 Y194.462 E7.0859
G1 X193.345 Y194.715 E.01061
G1 X24.635 Y26.005 E7.08594
G1 X24.383 Y26.258 E.01061
G1 X193.092 Y194.967 E7.0859
G1 X192.84 Y195.22 E.01061
G1 X24.13 Y26.51 E7.08594
G1 X23.877 Y26.763 E.01063
G1 X192.587 Y195.473 E7.08594
G1 X192.335 Y195.725 E.01058
G1 X23.625 Y27.015 E7.08594
G1 X23.372 Y27.268 E.01063
G1 X192.082 Y195.978 E7.08594
G1 X191.829 Y196.23 E.01061
G1 X23.12 Y27.521 E7.0859
G1 X22.867 Y27.773 E.01061
G1 X191.577 Y196.483 E7.08594
G1 X191.324 Y196.735 E.01061
G1 X22.615 Y28.026 E7.0859
G1 X22.362 Y28.278 E.01061
G1 X191.072 Y196.988 E7.08594
G1 X190.819 Y197.241 E.01063
G1 X22.109 Y28.531 E7.08594
G1 X21.857 Y28.783 E.01058
G1 X190.567 Y197.493 E7.08594
G1 X190.314 Y197.746 E.01063
G1 X21.604 Y29.036 E7.08594
G1 X21.352 Y29.288 E.01058
G1 X190.062 Y197.998 E7.08594
G1 X189.809 Y198.251 E.01063
G1 X21.099 Y29.541 E7.08594
G1 X20.847 Y29.794 E.01061
G1 X189.556 Y198.503 E7.0859
G1 X189.304 Y198.756 E.01061
G1 X20.594 Y30.046 E7.08594
G1 X20.342 Y30.299 E.01061
G1 X189.051 Y199.008 E7.0859
G1 X188.799 Y199.261 E.01061
G1 X20.089 Y30.551 E7.08594
G1 X19.836 Y30.804 E.01063
G1 X188.546 Y199.514 E7.08594
G1 X188.294 Y199.766 E.01058
G1 X19.584 Y31.056 E7.08594
G1 X19.331 Y31.309 E.01063
G1 X188.041 Y200.019 E7.08594
G1 X187.788 Y200.271 E.01061
G1 X19.079 Y31.562 E7.0859
G1 X18.826 Y31.814 E.01061
G1 X187.45 Y200.438 E7.08233
G1 X186.945 Y200.438 E.015
G1 X18.574 Y32.067 E7.0717
G1 X18.321 Y32.319 E.01061
G1 X186.44 Y200.438 E7.06111
G1 X185.934 Y200.438 E.01503
G1 X18.069 Y32.572 E7.05047
G1 X17.816 Y32.824 E.01061
G1 X185.429 Y200.438 E7.03988
G1 X184.924 Y200.438 E.015
G1 X17.563 Y33.077 E7.02928
G1 X17.311 Y33.329 E.01058
G1 X184.419 Y200.438 E7.01867
G1 X183.914 Y200.438 E.015
G1 X17.058 Y33.582 E7.00807
G1 X16.806 Y33.835 E.01061
G1 X183.409 Y200.438 E6.99744
G1 X182.904 Y200.438 E.015
G1 X16.553 Y34.087 E6.98686
G1 X16.301 Y34.34 E.01061
G1 X182.399 Y200.438 E6.97623
G1 X181.893 Y200.438 E.01503
G1 X16.048 Y34.592 E6.96563
G1 X15.796 Y34.845 E.01061
G1 X181.388 Y200.438 E6.955
G1 X180.883 Y200.438 E.015
G1 X15.543 Y35.097 E6.94442
G1 X15.29 Y35.35 E.01063
G1 X180.378 Y200.438 E6.93381
G1 X179.873 Y200.438 E.015
G1 X15.038 Y35.602 E6.92321
G1 X14.785 Y35.855 E.01063
G1 X179.368 Y200.438 E6.9126
G1 X178.863 Y200.438 E.015
G1 X14.533 Y36.108 E6.90197
G1 X14.28 Y36.36 E.01061
G1 X178.358 Y200.438 E6.89139
G1 X177.853 Y200.438 E.015
G1 X14.028 Y36.613 E6.88076
G1 X13.775 Y36.865 E.01061
G1 X177.347 Y200.438 E6.87016
G1 X176.842 Y200.438 E.015
G1 X13.522 Y37.118 E6.85955
G1 X13.27 Y37.37 E.01058
G1 X176.337 Y200.438 E6.84895
G1 X175.832 Y200.438 E.015
G1 X13.017 Y37.623 E6.83834
G1 X12.765 Y37.875 E.01058
G1 X175.327 Y200.438 E6.82774
G1 X174.822 Y200.438 E.015
G1 X12.512 Y38.128 E6.81713
G1 X12.26 Y38.381 E.01061
G1 X174.317 Y200.438 E6.80651
G1 X173.812 Y200.438 E.015
G1 X12.007 Y38.633 E6.79592
G1 X11.755 Y38.886 E.01061
G1 X173.306 Y200.438 E6.78528
G1 X172.801 Y200.438 E.015
G1 X11.502 Y39.138 E6.77469
G1 X11.249 Y39.391 E.01063
G1 X172.296 Y200.438 E6.76409
G1 X171.791 Y200.438 E.015
G1 X10.997 Y39.643 E6.75348
G1 X10.744 Y39.896 E.01063
G1 X171.286 Y200.438 E6.74288
G1 X170.781 Y200.438 E.015
G1 X10.492 Y40.149 E6.73225
G1 X10.239 Y40.401 E.01061
G1 X170.276 Y200.438 E6.72167
G1 X169.771 Y200.438 E.015
G1 X9.987 Y40.654 E6.71104
G1 X9.734 Y40.906 E.01061
G1 X169.266 Y200.438 E6.70045
G1 X168.76 Y200.438 E.01503
G1 X9.482 Y41.159 E6.68981
G1 X9.229 Y41.411 E.01061
G1 X168.255 Y200.438 E6.67922
G1 X167.75 Y200.438 E.015
G1 X8.976 Y41.664 E6.66862
G1 X8.724 Y41.916 E.01058
G1 X167.245 Y200.438 E6.65801
G1 X166.74 Y200.438 E.015
G1 X8.471 Y42.169 E6.64741
G1 X8.219 Y42.422 E.01061
G1 X166.235 Y200.438 E6.63678
G1 X165.73 Y200.438 E.015
G1 X7.966 Y42.674 E6.6262
G1 X7.714 Y42.927 E.01061
G1 X165.225 Y200.438 E6.61557
G1 X164.72 Y200.438 E.015
G1 X7.461 Y43.179 E6.60499
G1 X7.209 Y43.432 E.01061
G1 X164.214 Y200.438 E6.59434
G1 X163.709 Y200.438 E.015
G1 X6.956 Y43.684 E6.58376
G1 X6.703 Y43.937 E.01063
G1 X163.204 Y200.438 E6.57315
G1 X162.699 Y200.438 E.015
G1 X6.451 Y44.189 E6.56255
G1 X6.198 Y44.442 E.01063
G1 X162.194 Y200.438 E6.55194
G1 X161.689 Y200.438 E.015
G1 X5.946 Y44.695 E6.54131
G1 X5.693 Y44.947 E.01061
G1 X161.184 Y200.438 E6.53073
G1 X160.679 Y200.438 E.015
G1 X5.441 Y45.2 E6.5201
G1 X5.188 Y45.452 E.01061
G1 X160.173 Y200.438 E6.5095
G1 X159.668 Y200.438 E.015
G1 X4.935 Y45.705 E6.49889
G1 X4.683 Y45.957 E.01058
G1 X159.163 Y200.438 E6.48829
G1 X158.658 Y200.438 E.015
G1 X4.43 Y46.21 E6.47768
G1 X4.178 Y46.462 E.01058
G1 X158.153 Y200.438 E6.46708
G1 X157.648 Y200.438 E.015
G1 X3.925 Y46.715 E6.45647
G1 X3.673 Y46.968 E.01061
G1 X157.143 Y200.438 E6.44585
G1 X156.638 Y200.438 E.015
G1 X3.42 Y47.22 E6.43526
G1 X3.168 Y47.473 E.01061
G1 X156.133 Y200.438 E6.42464
G1 X155.627 Y200.438 E.01503
G1 X2.915 Y47.725 E6.41403
G1 X2.912 Y48.228 E.01494
G1 X155.122 Y200.438 E6.39293
G1 X154.617 Y200.438 E.015
G1 X2.912 Y48.733 E6.37172
G1 X2.912 Y49.238 E.015
G1 X154.112 Y200.438 E6.35051
G1 X153.607 Y200.438 E.015
G1 X2.912 Y49.743 E6.32929
G1 X2.912 Y50.248 E.015
G1 X153.102 Y200.438 E6.30808
G1 X152.597 Y200.438 E.015
G1 X2.912 Y50.753 E6.28687
G1 X2.912 Y51.258 E.015
G1 X152.092 Y200.438 E6.26566
G1 X151.586 Y200.438 E.01503
G1 X2.912 Y51.764 E6.24441
G1 X2.912 Y52.269 E.015
G1 X151.081 Y200.438 E6.2232
G1 X150.576 Y200.438 E.015
G1 X2.912 Y52.774 E6.20199
G1 X2.912 Y53.279 E.015
G1 X150.071 Y200.438 E6.18078
G1 X149.566 Y200.438 E.015
G1 X2.912 Y53.784 E6.15957
G1 X2.912 Y54.289 E.015
G1 X149.061 Y200.438 E6.13836
G1 X148.556 Y200.438 E.015
G1 X2.912 Y54.794 E6.11715
G1 X2.912 Y55.299 E.015
G1 X148.051 Y200.438 E6.09594
G1 X147.546 Y200.438 E.015
G1 X2.912 Y55.804 E6.07473
G1 X2.912 Y56.31 E.01503
G1 X147.04 Y200.438 E6.05348
G1 X146.535 Y200.438 E.015
G1 X2.912 Y56.815 E6.03227
G1 X2.912 Y57.32 E.015
G1 X146.03 Y200.438 E6.01106
G1 X145.525 Y200.438 E.015
G1 X2.912 Y57.825 E5.98985
G1 X2.912 Y58.33 E.015
G1 X145.02 Y200.438 E5.96863
G1 X144.515 Y200.438 E.015
G1 X2.912 Y58.835 E5.94742
G1 X2.912 Y59.34 E.015
G1 X144.01 Y200.438 E5.92621
G1 X143.505 Y200.438 E.015
G1 X2.912 Y59.845 E5.905
G1 X2.912 Y60.351 E.01503
G1 X142.999 Y200.438 E5.88375
G1 X142.494 Y200.438 E.015
G1 X2.912 Y60.856 E5.86254
G1 X2.912 Y61.361 E.015
G1 X141.989 Y200.438 E5.84133
G1 X141.484 Y200.438 E.015
G1 X2.912 Y61.866 E5.82012
G1 X2.912 Y62.371 E.015
G1 X140.979 Y200.438 E5.79891
G1 X140.474 Y200.438 E.015
G1 X2.912 Y62.876 E5.7777
G1 X2.912 Y63.381 E.015
G1 X139.969 Y200.438 E5.75649
G1 X139.464 Y200.438 E.015
G1 X2.912 Y63.886 E5.73528
G1 X2.912 Y64.391 E.015
G1 X138.959 Y200.438 E5.71407
G1 X138.453 Y200.438 E.01503
G1 X2.912 Y64.897 E5.69282
G1 X2.912 Y65.402 E.015
G1 X137.948 Y200.438 E5.67161
G1 X137.443 Y200.438 E.015
G1 X2.912 Y65.907 E5.6504
G1 X2.912 Y66.412 E.015
G1 X136.938 Y200.438 E5.62919
G1 X136.433 Y200.438 E.015
G1 X2.912 Y66.917 E5.60797
G1 X2.912 Y67.422 E.015
G1 X135.928 Y200.438 E5.58676
G1 X135.423 Y200.438 E.015
G1 X2.912 Y67.927 E5.56555
G1 X2.912 Y68.432 E.015
G1 X134.918 Y200.438 E5.54434
G1 X134.412 Y200.438 E.01503
G1 X2.912 Y68.938 E5.52309
G1 X2.912 Y69.443 E.015
G1 X133.907 Y200.438 E5.50188
G1 X133.402 Y200.438 E.015
G1 X2.912 Y69.948 E5.48067
G1 X2.912 Y70.453 E.015
G1 X132.897 Y200.438 E5.45946
G1 X132.392 Y200.438 E.015
G1 X2.912 Y70.958 E5.43825
G1 X2.912 Y71.463 E.015
G1 X131.887 Y200.438 E5.41704
G1 X131.382 Y200.438 E.015
G1 X2.912 Y71.968 E5.39583
G1 X2.912 Y72.473 E.015
G1 X130.877 Y200.438 E5.37462
G1 X130.372 Y200.438 E.015
G1 X2.912 Y72.978 E5.35341
G1 X2.912 Y73.484 E.01503
G1 X129.866 Y200.438 E5.33216
G1 X129.361 Y200.438 E.015
G1 X2.912 Y73.989 E5.31095
G1 X2.912 Y74.494 E.015
G1 X128.856 Y200.438 E5.28974
G1 X128.351 Y200.438 E.015
G1 X2.912 Y74.999 E5.26853
G1 X2.912 Y75.504 E.015
G1 X127.846 Y200.438 E5.24731
G1 X127.341 Y200.438 E.015
G1 X2.912 Y76.009 E5.2261
G1 X2.912 Y76.514 E.015
G1 X126.836 Y200.438 E5.20489
G1 X126.331 Y200.438 E.015
G1 X2.912 Y77.019 E5.18368
G1 X2.912 Y77.525 E.01503
G1 X125.825 Y200.438 E5.16243
G1 X125.32 Y200.438 E.015
G1 X2.912 Y78.03 E5.14122
G1 X2.912 Y78.535 E.015
G1 X124.815 Y200.438 E5.12001
G1 X124.31 Y200.438 E.015
G1 X2.912 Y79.04 E5.0988
G1 X2.912 Y79.545 E.015
G1 X123.805 Y200.438 E5.07759
G1 X123.3 Y200.438 E.015
G1 X2.912 Y80.05 E5.05638
G1 X2.912 Y80.555 E.015
G1 X122.795 Y200.438 E5.03517
G1 X122.29 Y200.438 E.015
G1 X2.912 Y81.06 E5.01396
G1 X2.912 Y81.565 E.015
G1 X121.785 Y200.438 E4.99275
G1 X121.279 Y200.438 E.01503
G1 X2.912 Y82.071 E4.9715
G1 X2.912 Y82.576 E.015
G1 X120.774 Y200.438 E4.95029
G1 X120.269 Y200.438 E.015
G1 X2.912 Y83.081 E4.92908
G1 X2.912 Y83.586 E.015
G1 X119.764 Y200.438 E4.90787
G1 X119.259 Y200.438 E.015
G1 X2.912 Y84.091 E4.88665
G1 X2.912 Y84.596 E.015
G1 X118.754 Y200.438 E4.86544
G1 X118.249 Y200.438 E.015
G1 X2.912 Y85.101 E4.84423
G1 X2.912 Y85.606 E.015
G1 X117.744 Y200.438 E4.82302
G1 X117.238 Y200.438 E.01503
G1 X2.912 Y86.112 E4.80177
G1 X2.912 Y86.617 E.015
G1 X116.733 Y200.438 E4.78056
G1 X116.228 Y200.438 E.015
G1 X2.912 Y87.122 E4.75935
G1 X2.912 Y87.627 E.015
G1 X115.723 Y200.438 E4.73814
G1 X115.218 Y200.438 E.015
G1 X2.912 Y88.132 E4.71693
G1 X2.912 Y88.637 E.015
G1 X114.713 Y200.438 E4.69572
G1 X114.208 Y200.438 E.015
G1 X2.912 Y89.142 E4.67451
G1 X2.912 Y89.647 E.015
G1 X113.703 Y200.438 E4.6533
G1 X113.198 Y200.438 E.015
G1 X2.912 Y90.152 E4.63209
G1 X2.912 Y90.658 E.01503
G1 X112.692 Y200.438 E4.61084
G1 X112.187 Y200.438 E.015
G1 X2.912 Y91.163 E4.58963
G1 X2.912 Y91.668 E.015
G1 X111.682 Y200.438 E4.56842
G1 X111.177 Y200.438 E.015
G1 X2.912 Y92.173 E4.54721
G1 X2.912 Y92.678 E.015
G1 X110.672 Y200.438 E4.52599
G1 X110.167 Y200.438 E.015
G1 X2.912 Y93.183 E4.50478
G1 X2.912 Y93.688 E.015
G1 X109.662 Y200.438 E4.48357
G1 X109.157 Y200.438 E.015
G1 X2.912 Y94.193 E4.46236
G1 X2.912 Y94.699 E.01503
G1 X108.651 Y200.438 E4.44111
G1 X108.146 Y200.438 E.015
G1 X2.912 Y95.204 E4.4199
G1 X2.912 Y95.709 E.015
G1 X107.641 Y200.438 E4.39869
G1 X107.136 Y200.438 E.015
G1 X2.912 Y96.214 E4.37748
G1 X2.912 Y96.719 E.015
G1 X106.631 Y200.438 E4.35627
G1 X106.126 Y200.438 E.015
G1 X2.912 Y97.224 E4.33506
G1 X2.912 Y97.729 E.015
G1 X105.621 Y200.438 E4.31385
G1 X105.116 Y200.438 E.015
G1 X2.912 Y98.234 E4.29264
G1 X2.912 Y98.739 E.015
G1 X104.611 Y200.438 E4.27143
G1 X104.105 Y200.438 E.01503
G1 X2.912 Y99.245 E4.25018
G1 X2.912 Y99.75 E.015
G1 X103.6 Y200.438 E4.22897
G1 X103.095 Y200.438 E.015
G1 X2.912 Y100.255 E4.20776
G1 X2.912 Y100.76 E.015
G1 X102.59 Y200.438 E4.18655
G1 X102.085 Y200.438 E.015
G1 X2.912 Y101.265 E4.16533
G1 X2.912 Y101.77 E.015
G1 X101.58 Y200.438 E4.14412
G1 X101.075 Y200.438 E.015
G1 X2.912 Y102.275 E4.12291
G1 X2.912 Y102.78 E.015
G1 X100.57 Y200.438 E4.1017
G1 X100.064 Y200.438 E.01503
G1 X2.912 Y103.286 E4.08045
G1 X2.912 Y103.791 E.015
G1 X99.559 Y200.438 E4.05924
G1 X99.054 Y200.438 E.015
G1 X2.912 Y104.296 E4.03803
G1 X2.912 Y104.801 E.015
G1 X98.549 Y200.438 E4.01682
G1 X98.044 Y200.438 E.015
G1 X2.912 Y105.306 E3.99561
G1 X2.912 Y105.811 E.015
G1 X97.539 Y200.438 E3.9744
G1 X97.034 Y200.438 E.015
G1 X2.912 Y106.316 E3.95319
G1 X2.912 Y106.821 E.015
G1 X96.529 Y200.438 E3.93198
G1 X96.024 Y200.438 E.015
G1 X2.912 Y107.326 E3.91077
G1 X2.912 Y107.832 E.01503
G1 X95.518 Y200.438 E3.88952
G1 X95.013 Y200.438 E.015
G1 X2.912 Y108.337 E3.86831
G1 X2.912 Y108.842 E.015
G1 X94.508 Y200.438 E3.8471
G1 X94.003 Y200.438 E.015
G1 X2.912 Y109.347 E3.82589
G1 X2.912 Y109.852 E.015
G1 X93.498 Y200.438 E3.80467
G1 X92.993 Y200.438 E.015
G1 X2.912 Y110.357 E3.78346
G1 X2.912 Y110.862 E.015
G1 X92.488 Y200.438 E3.76225
G1 X91.983 Y200.438 E.015
G1 X2.912 Y111.367 E3.74104
G1 X2.912 Y111.873 E.01503
G1 X91.477 Y200.438 E3.71979
G1 X90.972 Y200.438 E.015
G1 X2.912 Y112.378 E3.69858
G1 X2.912 Y112.883 E.015
G1 X90.467 Y200.438 E3.67737
G1 X89.962 Y200.438 E.015
G1 X2.912 Y113.388 E3.65616
G1 X2.912 Y113.893 E.015
G1 X89.457 Y200.438 E3.63495
G1 X88.952 Y200.438 E.015
G1 X2.912 Y114.398 E3.61374
G1 X2.912 Y114.903 E.015
G1 X88.447 Y200.438 E3.59253
G1 X87.942 Y200.438 E.015
G1 X2.912 Y115.408 E3.57132
G1 X2.912 Y115.913 E.015
G1 X87.437 Y200.438 E3.55011
G1 X86.931 Y200.438 E.01503
G1 X2.912 Y116.419 E3.52886
G1 X2.912 Y116.924 E.015
G1 X86.426 Y200.438 E3.50765
G1 X85.921 Y200.438 E.015
G1 X2.912 Y117.429 E3.48644
G1 X2.912 Y117.934 E.015
G1 X85.416 Y200.438 E3.46523
G1 X84.911 Y200.438 E.015
G1 X2.912 Y118.439 E3.44401
G1 X2.912 Y118.944 E.015
G1 X84.406 Y200.438 E3.4228
G1 X83.901 Y200.438 E.015
G1 X2.912 Y119.449 E3.40159
G1 X2.912 Y119.954 E.015
G1 X83.396 Y200.438 E3.38038
G1 X82.89 Y200.438 E.01503
G1 X2.912 Y120.46 E3.35913
G1 X2.912 Y120.965 E.015
G1 X82.385 Y200.438 E3.33792
G1 X81.88 Y200.438 E.015
G1 X2.912 Y121.47 E3.31671
G1 X2.912 Y121.975 E.015
G1 X81.375 Y200.438 E3.2955
G1 X80.87 Y200.438 E.015
G1 X2.912 Y122.48 E3.27429
G1 X2.912 Y122.985 E.015
G1 X80.365 Y200.438 E3.25308
G1 X79.86 Y200.438 E.015
G1 X2.912 Y123.49 E3.23187
G1 X2.912 Y123.995 E.015
G1 X79.355 Y200.438 E3.21066
G1 X78.85 Y200.438 E.015
G1 X2.912 Y124.5 E3.18945
G1 X2.912 Y125.006 E.01503
G1 X78.344 Y200.438 E3.1682
G1 X77.839 Y200.438 E.015
G1 X2.912 Y125.511 E3.14699
G1 X2.912 Y126.016 E.015
G1 X77.334 Y200.438 E3.12578
G1 X76.829 Y200.438 E.015
G1 X2.912 Y126.521 E3.10457
G1 X2.912 Y127.026 E.015
G1 X76.324 Y200.438 E3.08335
G1 X75.819 Y200.438 E.015
G1 X2.912 Y127.531 E3.06214
G1 X2.912 Y128.036 E.015
G1 X75.314 Y200.438 E3.04093
G1 X74.809 Y200.438 E.015
G1 X2.912 Y128.541 E3.01972
G1 X2.912 Y129.047 E.01503
G1 X74.303 Y200.438 E2.99847
G1 X73.798 Y200.438 E.015
G1 X2.912 Y129.552 E2.97726
G1 X2.912 Y130.057 E.015
G1 X73.293 Y200.438 E2.95605
G1 X72.788 Y200.438 E.015
G1 X2.912 Y130.562 E2.93484
G1 X2.912 Y131.067 E.015
G1 X72.283 Y200.438 E2.91363
G1 X71.778 Y200.438 E.015
G1 X2.912 Y131.572 E2.89242
G1 X2.912 Y132.077 E.015
G1 X71.273 Y200.438 E2.87121
G1 X70.768 Y200.438 E.015
G1 X2.912 Y132.582 E2.85
G1 X2.912 Y133.087 E.015
G1 X70.263 Y200.438 E2.82879
G1 X69.757 Y200.438 E.01503
G1 X2.912 Y133.593 E2.80754
G1 X2.912 Y134.098 E.015
G1 X69.252 Y200.438 E2.78633
G1 X68.747 Y200.438 E.015
G1 X2.912 Y134.603 E2.76512
G1 X2.912 Y135.108 E.015
G1 X68.242 Y200.438 E2.74391
G1 X67.737 Y200.438 E.015
G1 X2.912 Y135.613 E2.7227
G1 X2.912 Y136.118 E.015
G1 X67.232 Y200.438 E2.70148
G1 X66.727 Y200.438 E.015
G1 X2.912 Y136.623 E2.68027
G1 X2.912 Y137.128 E.015
G1 X66.222 Y200.438 E2.65906
G1 X65.716 Y200.438 E.01503
G1 X2.912 Y137.634 E2.63781
G1 X2.912 Y138.139 E.015
G1 X65.211 Y200.438 E2.6166
G1 X64.706 Y200.438 E.015
G1 X2.912 Y138.644 E2.59539
G1 X2.912 Y139.149 E.015
G1 X64.201 Y200.438 E2.57418
G1 X63.696 Y200.438 E.015
G1 X2.912 Y139.654 E2.55297
G1 X2.912 Y140.159 E.015
G1 X63.191 Y200.438 E2.53176
G1 X62.686 Y200.438 E.015
G1 X2.912 Y140.664 E2.51055
G1 X2.912 Y141.169 E.015
G1 X62.181 Y200.438 E2.48934
G1 X61.676 Y200.438 E.015
G1 X2.912 Y141.674 E2.46813
G1 X2.912 Y142.18 E.01503
G1 X61.17 Y200.438 E2.44688
G1 X60.665 Y200.438 E.015
G1 X2.912 Y142.685 E2.42567
G1 X2.912 Y143.19 E.015
G1 X60.16 Y200.438 E2.40446
G1 X59.655 Y200.438 E.015
G1 X2.912 Y143.695 E2.38325
G1 X2.912 Y144.2 E.015
G1 X59.15 Y200.438 E2.36204
G1 X58.645 Y200.438 E.015
G1 X2.912 Y144.705 E2.34082
G1 X2.912 Y145.21 E.015
G1 X58.14 Y200.438 E2.31961
G1 X57.635 Y200.438 E.015
G1 X2.912 Y145.715 E2.2984
G1 X2.912 Y146.221 E.01503
G1 X57.129 Y200.438 E2.27715
G1 X56.624 Y200.438 E.015
G1 X2.912 Y146.726 E2.25594
G1 X2.912 Y147.231 E.015
G1 X56.119 Y200.438 E2.23473
G1 X55.614 Y200.438 E.015
G1 X2.912 Y147.736 E2.21352
G1 X2.912 Y148.241 E.015
G1 X55.109 Y200.438 E2.19231
G1 X54.604 Y200.438 E.015
G1 X2.912 Y148.746 E2.1711
G1 X2.912 Y149.251 E.015
G1 X54.099 Y200.438 E2.14989
G1 X53.594 Y200.438 E.015
G1 X2.912 Y149.756 E2.12868
G1 X2.912 Y150.261 E.015
G1 X53.089 Y200.438 E2.10747
G1 X52.583 Y200.438 E.01503
G1 X2.912 Y150.767 E2.08622
G1 X2.912 Y151.272 E.015
G1 X52.078 Y200.438 E2.06501
G1 X51.573 Y200.438 E.015
G1 X2.912 Y151.777 E2.0438
G1 X2.912 Y152.282 E.015
G1 X51.068 Y200.438 E2.02259
G1 X50.563 Y200.438 E.015
G1 X2.912 Y152.787 E2.00138
G1 X2.912 Y153.292 E.015
G1 X50.058 Y200.438 E1.98016
G1 X49.553 Y200.438 E.015
G1 X2.912 Y153.797 E1.95895
G1 X2.912 Y154.302 E.015
G1 X49.048 Y200.438 E1.93774
G1 X48.542 Y200.438 E.01503
G1 X2.912 Y154.808 E1.91649
G1 X2.912 Y155.313 E.015
G1 X48.037 Y200.438 E1.89528
G1 X47.532 Y200.438 E.015
G1 X2.912 Y155.818 E1.87407
G1 X2.912 Y156.323 E.015
G1 X47.027 Y200.438 E1.85286
G1 X46.522 Y200.438 E.015
G1 X2.912 Y156.828 E1.83165
G1 X2.912 Y157.333 E.015
G1 X46.017 Y200.438 E1.81044
G1 X45.512 Y200.438 E.015
G1 X2.912 Y157.838 E1.78923
G1 X2.912 Y158.343 E.015
G1 X45.007 Y200.438 E1.76802
G1 X44.502 Y200.438 E.015
G1 X2.912 Y158.848 E1.74681
G1 X2.912 Y159.354 E.01503
G1 X43.996 Y200.438 E1.72556
G1 X43.491 Y200.438 E.015
G1 X2.912 Y159.859 E1.70435
G1 X2.912 Y160.364 E.015
G1 X42.986 Y200.438 E1.68314
G1 X42.481 Y200.438 E.015
G1 X2.912 Y160.869 E1.66193
G1 X2.912 Y161.374 E.015
G1 X41.976 Y200.438 E1.64072
G1 X41.471 Y200.438 E.015
G1 X2.912 Y161.879 E1.6195
G1 X2.912 Y162.384 E.015
G1 X40.966 Y200.438 E1.59829
G1 X40.461 Y200.438 E.015
G1 X2.912 Y162.889 E1.57708
G1 X2.912 Y163.395 E.01503
G1 X39.955 Y200.438 E1.55583
G1 X39.45 Y200.438 E.015
G1 X2.912 Y163.9 E1.53462
G1 X2.912 Y164.405 E.015
G1 X38.945 Y200.438 E1.51341
G1 X38.44 Y200.438 E.015
G1 X2.912 Y164.91 E1.4922
G1 X2.912 Y165.415 E.015
G1 X37.935 Y200.438 E1.47099
G1 X37.43 Y200.438 E.015
G1 X2.912 Y165.92 E1.44978
G1 X2.912 Y166.425 E.015
G1 X36.925 Y200.438 E1.42857
G1 X36.42 Y200.438 E.015
G1 X2.912 Y166.93 E1.40736
G1 X2.912 Y167.435 E.015
G1 X35.915 Y200.438 E1.38615
G1 X35.409 Y200.438 E.01503
G1 X2.912 Y167.941 E1.3649
G1 X2.912 Y168.446 E.015
G1 X34.904 Y200.438 E1.34369
G1 X34.399 Y200.438 E.015
G1 X2.912 Y168.951 E1.32248
G1 X2.912 Y169.456 E.015
G1 X33.894 Y200.438 E1.30127
G1 X33.389 Y200.438 E.015
G1 X2.912 Y169.961 E1.28006
G1 X2.912 Y170.466 E.015
G1 X32.884 Y200.438 E1.25884
G1 X32.379 Y200.438 E.015
G1 X2.752 Y170.811 E1.24435
M106 S173.4
;LAYER_CHANGE
;Z:2
;HEIGHT:0.2
G1 E-2 F2400
G1 Z2 F7800
G1 X56.443 Y209.407
G1 E2 F2400
;TYPE:Perimeter
;WIDTH:0.449999
G1 F3600
G1 X56.325 Y209.299 E.00541
G1 X56.021 Y209.218 E.01065
G1 X55.632 Y209.218 E.01317
G1 X55.632 Y204.482 E.16031
G1 X164.368 Y204.482 E3.68058
G1 X164.368 Y209.218 E.16031
G1 X163.979 Y209.218 E.01317
G1 X163.675 Y209.299 E.01065
G1 X163.542 Y209.401 E.00567
G1 X163.408 Y209.61 E.0084
G1 X163.368 Y209.829 E.00754
G1 X163.368 Y210.853 E.03466
G1 X56.632 Y210.853 E3.61288
G1 X56.632 Y209.829 E.03466
G1 X56.592 Y209.61 E.00754
G1 X56.524 Y209.481 E.00494
G1 X56.487 Y209.447 E.0017
G1 X56.159 Y209.683 F7800
;TYPE:External perimeter
G1 F1800
G1 X56.021 Y209.625 E.00507
G1 X55.225 Y209.625 E.02694
G1 X55.225 Y204.075 E.18786
G1 X164.775 Y204.075 E3.70813
G1 X164.775 Y209.625 E.18786
G1 X163.979 Y209.625 E.02694
G1 X163.833 Y209.686 E.00536
G1 X163.775 Y209.829 E.00522
G1 X163.775 Y211.26 E.04844
G1 X56.225 Y211.26 E3.64043
G1 X56.225 Y209.829 E.04844
G1 X56.186 Y209.734 E.00348
G1 X55.799 Y209.633 F7800
G1 X56.962 Y210.524
;TYPE:Solid infill
;WIDTH:0.498916
G1 F1200
G1 X163.038 Y210.524 E4.022
G1 E-2 F2400
G1 X157.147 Y210.092 F7800
G1 E2 F2400
;TYPE:Internal infill
;WIDTH:0.45
G1 F4800
G1 X159.589 Y210.092 E.08266
G1 X164.063 Y205.619 E.21414
G1 X164.063 Y208.913 E.1115
G1 X163.528 Y209.029 E.01853
G1 X163.237 Y209.293 E.0133
G1 X158.732 Y204.787 E.21568
G1 X153.38 Y204.787 E.18116
G1 X148.075 Y210.092 E.25395
G1 X152.522 Y210.092 E.15053
G1 X147.218 Y204.787 E.25392
G1 X141.866 Y204.787 E.18116
G1 X136.561 Y210.092 E.25395
G1 X141.008 Y210.092 E.15053
G1 X135.704 Y204.787 E.25392
G1 X130.352 Y204.787 E.18116
G1 X125.047 Y210.092 E.25395
G1 X129.494 Y210.092 E.15053
G1 X124.19 Y204.787 E.25392
G1 X118.838 Y204.787 E.18116
G1 X113.533 Y210.092 E.25395
G1 X117.98 Y210.092 E.15053
G1 X112.676 Y204.787 E.25392
G1 X107.324 Y204.787 E.18116
G1 X102.02 Y210.092 E.25392
G1 X106.466 Y210.092 E.15049
G1 X101.162 Y204.787 E.25392
G1 X95.81 Y204.787 E.18116
G1 X90.506 Y210.092 E.25392
G1 X94.953 Y210.092 E.15053
G1 X89.648 Y204.787 E.25395
G1 X84.296 Y204.787 E.18116
G1 X78.992 Y210.092 E.25392
G1 X83.439 Y210.092 E.15053
G1 X78.134 Y204.787 E.25395
G1 X72.782 Y204.787 E.18116
G1 X67.478 Y210.092 E.25392
G1 X71.925 Y210.092 E.15053
G1 X66.62 Y204.787 E.25395
G1 X61.268 Y204.787 E.18116
G1 X56.763 Y209.293 E.21568
G1 X56.472 Y209.029 E.0133
G1 X55.937 Y208.913 E.01853
G1 X55.937 Y205.619 E.1115
G1 X60.411 Y210.092 E.21414
G1 X62.853 Y210.092 E.08266
G1 E-2 F2400
G1 X80.632 Y7.982 F7800
G1 E2 F2400
;TYPE:Perimeter
;WIDTH:0.449999
G1 F3600
G1 X139.368 Y7.982 E1.98814
G1 X139.368 Y16.718 E.2957
G1 X80.632 Y16.718 E1.98814
G1 X80.632 Y8.042 E.29367
G1 X80.225 Y7.575 F7800
;TYPE:External perimeter
G1 F1800
G1 X139.775 Y7.575 E2.01569
G1 X139.775 Y17.125 E.32326
G1 X80.225 Y17.125 E2.01569
G1 X80.225 Y7.635 E.32122
G1 X80.621 Y7.576 F7800
G1 E-2 F2400
G1 X82.617 Y8.287 F7800
G1 E2 F2400
;TYPE:Internal infill
;WIDTH:0.45
G1 F4800
G1 X85.059 Y8.287 E.08266
G1 X80.937 Y12.409 E.19732
G1 X80.937 Y11.854 E.01879
G1 X85.496 Y16.413 E.21824
G1 X88.448 Y16.413 E.09992
G1 X96.573 Y8.287 E.38896
G1 X100.399 Y8.287 E.12951
G1 X108.524 Y16.413 E.38896
G1 X111.476 Y16.413 E.09992
G1 X119.601 Y8.287 E.38896
G1 X123.427 Y8.287 E.12951
G1 X131.552 Y16.413 E.38896
G1 X134.504 Y16.413 E.09992
G1 X139.063 Y11.854 E.21824
G1 X139.063 Y12.409 E.01879
G1 X134.941 Y8.287 E.19732
G1 X131.115 Y8.287 E.12951
G1 X122.99 Y16.413 E.38896
G1 X120.038 Y16.413 E.09992
G1 X111.913 Y8.287 E.38896
G1 X108.087 Y8.287 E.12951
G1 X99.962 Y16.413 E.38896
G1 X97.01 Y16.413 E.09992
G1 X88.885 Y8.287 E.38896
G1 X91.328 Y8.287 E.08269
M106 S170.85
;LAYER_CHANGE
;Z:2.2
;HEIGHT:0.2
G1 E-2 F2400
G1 Z2.2 F7800
G1 X56.441 Y209.409
G1 E2 F2400
;TYPE:Perimeter
;WIDTH:0.449999
G1 F3600
G1 X56.325 Y209.299 E.00541
G1 X56.021 Y209.218 E.01065
G1 X55.632 Y209.218 E.01317
G1 X55.632 Y204.482 E.16031
G1 X164.368 Y204.482 E3.68058
G1 X164.368 Y209.218 E.16031
G1 X163.979 Y209.218 E.01317
G1 X163.675 Y209.299 E.01065
G1 X163.463 Y209.501 E.00991
G1 X163.368 Y209.829 E.01156
G1 X163.368 Y211.018 E.04025
G1 X56.632 Y211.018 E3.61288
G1 X56.632 Y209.829 E.04025
G1 X56.537 Y209.501 E.01156
G1 X56.484 Y209.451 E.00247
G1 X56.159 Y209.683 F7800
;TYPE:External perimeter
G1 F1800
G1 X56.021 Y209.625 E.00507
G1 X55.225 Y209.625 E.02694
G1 X55.225 Y204.075 E.18786
G1 X164.775 Y204.075 E3.70813
G1 X164.775 Y209.625 E.18786
G1 X163.979 Y209.625 E.02694
G1 X163.833 Y209.686 E.00536
G1 X163.775 Y209.829 E.00522
G1 X163.775 Y211.425 E.05402
G1 X56.225 Y211.425 E3.64043
G1 X56.225 Y209.829 E.05402
G1 X56.186 Y209.734 E.00348
G1 X55.799 Y209.633 F7800
G1 X56.941 Y210.709
;TYPE:Solid infill
;WIDTH:0.45688
G1 F1200
G1 X163.059 Y210.709 E3.65268
G1 E-2 F2400
G1 X156.941 Y210.298 F7800
G1 E2 F2400
;TYPE:Internal infill
;WIDTH:0.45
G1 F4800
G1 X159.383 Y210.298 E.08266
G1 X164.063 Y205.619 E.22401
G1 X164.063 Y208.913 E.1115
G1 X163.528 Y209.029 E.01853
G1 X163.239 Y209.295 E.0133
G1 X158.732 Y204.787 E.21577
G1 X153.38 Y204.787 E.18116
G1 X147.869 Y210.298 E.26381
G1 X152.729 Y210.298 E.16451
G1 X147.218 Y204.787 E.26381
G1 X141.866 Y204.787 E.18116
G1 X136.355 Y210.298 E.26381
G1 X141.215 Y210.298 E.16451
G1 X135.704 Y204.787 E.26381
G1 X130.352 Y204.787 E.18116
G1 X124.841 Y210.298 E.26381
G1 X129.701 Y210.298 E.16451
G1 X124.19 Y204.787 E.26381
G1 X118.838 Y204.787 E.18116
G1 X113.327 Y210.298 E.26381
G1 X118.187 Y210.298 E.16451
G1 X112.676 Y204.787 E.26381
G1 X107.324 Y204.787 E.18116
G1 X101.813 Y210.298 E.26381
G1 X106.673 Y210.298 E.16451
G1 X101.162 Y204.787 E.26381
G1 X95.81 Y204.787 E.18116
G1 X90.299 Y210.298 E.26381
G1 X95.159 Y210.298 E.16451
G1 X89.648 Y204.787 E.26381
G1 X84.296 Y204.787 E.18116
G1 X78.785 Y210.298 E.26381
G1 X83.645 Y210.298 E.16451
G1 X78.134 Y204.787 E.26381
G1 X72.782 Y204.787 E.18116
G1 X67.271 Y210.298 E.26381
G1 X72.131 Y210.298 E.16451
G1 X66.62 Y204.787 E.26381
G1 X61.268 Y204.787 E.18116
G1 X56.761 Y209.295 E.21577
G1 X56.472 Y209.029 E.0133
G1 X55.937 Y208.913 E.01853
G1 X55.937 Y205.619 E.1115
G1 X60.617 Y210.298 E.22401
G1 X63.059 Y210.298 E.08266
G1 E-2 F2400
G1 X80.632 Y7.982 F7800
G1 E2 F2400
;TYPE:Perimeter
;WIDTH:0.449999
G1 F3600
G1 X139.368 Y7.982 E1.98814
G1 X139.368 Y16.718 E.2957
G1 X80.632 Y16.718 E1.98814
G1 X80.632 Y8.042 E.29367
G1 X80.225 Y7.575 F7800
;TYPE:External perimeter
G1 F1800
G1 X139.775 Y7.575 E2.01569
G1 X139.775 Y17.125 E.32326
G1 X80.225 Y17.125 E2.01569
G1 X80.225 Y7.635 E.32122
G1 X80.621 Y7.576 F7800
G1 E-2 F2400
G1 X82.617 Y8.287 F7800
G1 E2 F2400
;TYPE:Internal infill
;WIDTH:0.45
G1 F4800
G1 X85.059 Y8.287 E.08266
G1 X80.937 Y12.409 E.19732
G1 X80.937 Y11.854 E.01879
G1 X85.496 Y16.413 E.21824
G1 X88.448 Y16.413 E.09992
G1 X96.573 Y8.287 E.38896
G1 X100.399 Y8.287 E.12951
G1 X108.524 Y16.413 E.38896
G1 X111.476 Y16.413 E.09992
G1 X119.601 Y8.287 E.38896
G1 X123.427 Y8.287 E.12951
G1 X131.552 Y16.413 E.38896
G1 X134.504 Y16.413 E.09992
G1 X139.063 Y11.854 E.21824
G1 X139.063 Y12.409 E.01879
G1 X134.941 Y8.287 E.19732
G1 X131.115 Y8.287 E.12951
G1 X122.99 Y16.413 E.38896
G1 X120.038 Y16.413 E.09992
G1 X111.913 Y8.287 E.38896
G1 X108.087 Y8.287 E.12951
G1 X99.962 Y16.413 E.38896
G1 X97.01 Y16.413 E.09992
G1 X88.885 Y8.287 E.38896
G1 X91.328 Y8.287 E.08269
M106 S150.45
;LAYER_CHANGE
;Z:2.4
;HEIGHT:0.2
G1 E-2 F2400
G1 Z2.4 F7800
G1 X56.439 Y209.411
G1 E2 F2400
;TYPE:Perimeter
;WIDTH:0.449999
G1 F3600
G1 X56.325 Y209.299 E.00541
G1 X56.021 Y209.218 E.01065
G1 X55.632 Y209.218 E.01317
G1 X55.632 Y204.482 E.16031
G1 X164.368 Y204.482 E3.68058
G1 X164.368 Y209.218 E.16031
G1 X163.979 Y209.218 E.01317
G1 X163.675 Y209.299 E.01065
G1 X163.451 Y209.521 E.01067
G1 X163.368 Y209.829 E.0108
G1 X163.368 Y211.182 E.0458
G1 X56.632 Y211.182 E3.61288
G1 X56.632 Y209.829 E.0458
G1 X56.549 Y209.521 E.0108
G1 X56.481 Y209.454 E.00323
G1 X56.159 Y209.683 F7800
;TYPE:External perimeter
G1 F1800
G1 X56.021 Y209.625 E.00507
G1 X55.225 Y209.625 E.02694
G1 X55.225 Y204.075 E.18786
G1 X164.775 Y204.075 E3.70813
G1 X164.775 Y209.625 E.18786
G1 X163.979 Y209.625 E.02694
G1 X163.833 Y209.686 E.00536
G1 X163.775 Y209.829 E.00522
G1 X163.775 Y211.589 E.05957
G1 X56.225 Y211.589 E3.64043
G1 X56.225 Y209.829 E.05957
G1 X56.186 Y209.734 E.00348
G1 X55.799 Y209.633 F7800
G1 E-2 F2400
G1 X63.224 Y210.463 F7800
G1 E2 F2400
;TYPE:Internal infill
;WIDTH:0.45
G1 F4800
G1 X60.781 Y210.463 E.08269
G1 X56.344 Y206.026 E.2124
G1 X56.344 Y208.574 E.08625
G1 X56.66 Y208.659 E.01108
G1 X57.05 Y209.006 E.01767
G1 X60.942 Y205.114 E.18631
G1 X66.655 Y205.114 E.19338
G1 X66.653 Y205.194 E.00271
G1 X67.027 Y205.194 E.01266
G1 X72.295 Y210.463 E.2522
G1 X67.107 Y210.463 E.17561
G1 X72.456 Y205.114 E.25605
G1 X78.151 Y205.114 E.19277
G1 X78.153 Y205.194 E.00271
G1 X78.541 Y205.194 E.01313
G1 X83.809 Y210.463 E.2522
G1 X78.621 Y210.463 E.17561
G1 X83.97 Y205.114 E.25605
G1 X89.65 Y205.114 E.19226
G1 X89.656 Y205.194 E.00272
G1 X90.055 Y205.194 E.01351
G1 X95.323 Y210.463 E.2522
G1 X90.135 Y210.463 E.17561
G1 X95.483 Y205.114 E.25603
G1 X101.191 Y205.114 E.19321
G1 X101.271 Y205.194 E.00383
G1 X101.569 Y205.194 E.01009
G1 X106.837 Y210.463 E.2522
G1 X101.649 Y210.463 E.17561
G1 X106.997 Y205.114 E.25603
G1 X112.705 Y205.114 E.19321
G1 X112.785 Y205.194 E.00383
G1 X113.083 Y205.194 E.01009
G1 X118.351 Y210.463 E.2522
G1 X113.163 Y210.463 E.17561
G1 X118.511 Y205.114 E.25603
G1 X124.219 Y205.114 E.19321
G1 X124.299 Y205.194 E.00383
G1 X124.597 Y205.194 E.01009
G1 X129.865 Y210.463 E.2522
G1 X124.677 Y210.463 E.17561
G1 X130.025 Y205.114 E.25603
G1 X135.733 Y205.114 E.19321
G1 X135.813 Y205.194 E.00383
G1 X136.111 Y205.194 E.01009
G1 X141.379 Y210.463 E.2522
G1 X136.191 Y210.463 E.17561
G1 X141.539 Y205.114 E.25603
G1 X147.341 Y205.114 E.19639
G1 X147.328 Y205.194 E.00274
G1 X147.625 Y205.194 E.01005
G1 X152.893 Y210.463 E.2522
G1 X147.705 Y210.463 E.17561
G1 X153.053 Y205.114 E.25603
G1 X158.829 Y205.114 E.19551
G1 X158.818 Y205.194 E.00273
G1 X159.139 Y205.194 E.01087
G1 X162.95 Y209.006 E.18245
G1 X163.34 Y208.659 E.01767
G1 X163.656 Y208.574 E.01108
G1 X163.656 Y206.026 E.08625
G1 X159.219 Y210.463 E.2124
G1 X156.776 Y210.463 E.08269
G1 E-2 F2400
G1 X151.332 Y204.787 F7800
G1 E2 F2400
;TYPE:Solid infill
;WIDTH:0.450038
G1 F1200
G1 X151.414 Y204.767 E.00286
;WIDTH:0.416479
G1 X151.497 Y204.747 E.00265
;WIDTH:0.38292
G1 X159.062 Y204.747 E.21387
;WIDTH:0.416479
G1 X159.173 Y204.767 E.0035
;WIDTH:0.450038
G1 X159.284 Y204.787 E.00382
G1 E-2 F2400
G1 X162.787 Y204.787 F7800
G1 E2 F2400
G1 F1200
G1 X162.87 Y204.767 E.00289
;WIDTH:0.416479
G1 X162.952 Y204.747 E.00262
;WIDTH:0.38292
G1 X163.531 Y204.747 E.01637
;WIDTH:0.42558
G1 X163.698 Y204.771 E.00537
;WIDTH:0.468239
G1 X163.865 Y204.794 E.00596
;WIDTH:0.510898
G1 X164.032 Y204.818 E.00657
G1 X164.047 Y204.897 E.00313
;WIDTH:0.480467
G1 X164.063 Y204.975 E.0029
;WIDTH:0.450038
G1 X164.063 Y208.73 E.12711
;WIDTH:0.478926
G1 X164.048 Y208.807 E.00284
;WIDTH:0.507814
G1 X164.034 Y208.884 E.00303
G1 X163.781 Y208.958 E.01019
;WIDTH:0.480469
G1 X163.529 Y209.032 E.00956
;WIDTH:0.453124
G1 X163.225 Y209.332 E.01457
;WIDTH:0.434748
G1 X163.103 Y209.608 E.00983
;WIDTH:0.45521
G1 X163.067 Y210.11 E.01725
G1 E-2 F2400
G1 X139.241 Y204.787 F7800
G1 E2 F2400
;WIDTH:0.450038
G1 F1200
G1 X139.323 Y204.767 E.00286
;WIDTH:0.416479
G1 X139.405 Y204.747 E.00262
;WIDTH:0.38292
G1 X147.582 Y204.747 E.23117
;WIDTH:0.41648
G1 X147.695 Y204.767 E.00356
;WIDTH:0.45004
G1 X147.809 Y204.787 E.00392
G1 E-2 F2400
G1 X127.786 Y204.787 F7800
G1 E2 F2400
;WIDTH:0.450038
G1 F1200
G1 X127.868 Y204.767 E.00286
;WIDTH:0.416479
G1 X127.95 Y204.747 E.00262
;WIDTH:0.38292
G1 X135.821 Y204.747 E.22252
;WIDTH:0.41648
G1 X135.909 Y204.767 E.0028
;WIDTH:0.45004
G1 X135.997 Y204.787 E.00305
G1 E-2 F2400
G1 X116.33 Y204.787 F7800
G1 E2 F2400
;WIDTH:0.450038
G1 F1200
G1 X116.413 Y204.767 E.00289
;WIDTH:0.416479
G1 X116.495 Y204.747 E.00262
;WIDTH:0.38292
G1 X124.322 Y204.747 E.22128
;WIDTH:0.416479
G1 X124.411 Y204.767 E.00283
;WIDTH:0.450038
G1 X124.5 Y204.787 E.00309
G1 E-2 F2400
G1 X104.875 Y204.787 F7800
G1 E2 F2400
G1 F1200
G1 X104.958 Y204.767 E.00289
;WIDTH:0.416479
G1 X105.04 Y204.747 E.00262
;WIDTH:0.38292
G1 X112.825 Y204.747 E.22009
;WIDTH:0.41648
G1 X112.917 Y204.767 E.00292
;WIDTH:0.45004
G1 X113.009 Y204.787 E.00319
G1 E-2 F2400
G1 X93.42 Y204.787 F7800
G1 E2 F2400
;WIDTH:0.450038
G1 F1200
G1 X93.502 Y204.767 E.00286
;WIDTH:0.416479
G1 X93.585 Y204.747 E.00265
;WIDTH:0.38292
G1 X101.331 Y204.747 E.21899
;WIDTH:0.41648
G1 X101.426 Y204.767 E.00302
;WIDTH:0.45004
G1 X101.521 Y204.787 E.00329
G1 E-2 F2400
G1 X81.965 Y204.787 F7800
G1 E2 F2400
;WIDTH:0.450038
G1 F1200
G1 X82.047 Y204.767 E.00286
;WIDTH:0.416479
G1 X82.13 Y204.747 E.00265
;WIDTH:0.38292
G1 X89.84 Y204.747 E.21797
;WIDTH:0.416479
G1 X89.937 Y204.767 E.00308
;WIDTH:0.450038
G1 X90.035 Y204.787 E.00339
G1 E-2 F2400
G1 X70.51 Y204.787 F7800
G1 E2 F2400
G1 F1200
G1 X70.592 Y204.767 E.00286
;WIDTH:0.416479
G1 X70.675 Y204.747 E.00265
;WIDTH:0.38292
G1 X78.351 Y204.747 E.21701
;WIDTH:0.416479
G1 X78.451 Y204.767 E.00317
;WIDTH:0.450038
G1 X78.552 Y204.787 E.00349
G1 E-2 F2400
G1 X67.071 Y204.787 F7800
G1 E2 F2400
G1 F1200
G1 X66.967 Y204.767 E.00359
;WIDTH:0.416479
G1 X66.864 Y204.747 E.00326
;WIDTH:0.38292
G1 X56.469 Y204.747 E.29388
;WIDTH:0.428575
G1 X56.303 Y204.772 E.00538
;WIDTH:0.47423
G1 X56.138 Y204.797 E.00599
;WIDTH:0.519884
G1 X55.972 Y204.822 E.00666
G1 X55.955 Y204.907 E.00344
;WIDTH:0.484961
G1 X55.937 Y204.991 E.00316
;WIDTH:0.450038
G1 X55.937 Y208.73 E.12657
;WIDTH:0.478921
G1 X55.952 Y208.807 E.00284
;WIDTH:0.507814
G1 X55.966 Y208.884 E.00303
G1 X56.217 Y208.957 E.0101
;WIDTH:0.480021
G1 X56.468 Y209.03 E.0095
;WIDTH:0.459542
G1 X56.717 Y209.253 E.01158
;WIDTH:0.473196
G1 X56.887 Y209.571 E.0129
G1 X56.937 Y209.836 E.00965
;WIDTH:0.450028
G1 X56.937 Y210.666 E.0281
;WIDTH:0.486993
G1 X56.956 Y210.753 E.00329
;WIDTH:0.523958
G1 X56.974 Y210.84 E.00355
G1 X57.058 Y210.856 E.00342
;WIDTH:0.490443
G1 X57.141 Y210.873 E.00315
;WIDTH:0.456928
G1 X163.059 Y210.873 E3.64622
G1 E-2 F2400
G1 X80.632 Y7.982 F7800
G1 E2 F2400
;TYPE:Perimeter
;WIDTH:0.449999
G1 F3600
G1 X139.368 Y7.982 E1.98814
G1 X139.368 Y16.718 E.2957
G1 X80.632 Y16.718 E1.98814
G1 X80.632 Y8.042 E.29367
G1 X80.225 Y7.575 F7800
;TYPE:External perimeter
G1 F1800
G1 X139.775 Y7.575 E2.01569
G1 X139.775 Y17.125 E.32326
G1 X80.225 Y17.125 E2.01569
G1 X80.225 Y7.635 E.32122
G1 X80.621 Y7.576 F7800
G1 E-2 F2400
G1 X82.617 Y8.287 F7800
G1 E2 F2400
;TYPE:Internal infill
;WIDTH:0.45
G1 F4800
G1 X85.059 Y8.287 E.08266
G1 X80.937 Y12.409 E.19732
G1 X80.937 Y11.854 E.01879
G1 X85.496 Y16.413 E.21824
G1 X88.448 Y16.413 E.09992
G1 X96.573 Y8.287 E.38896
G1 X100.399 Y8.287 E.12951
G1 X108.524 Y16.413 E.38896
G1 X111.476 Y16.413 E.09992
G1 X119.601 Y8.287 E.38896
G1 X123.427 Y8.287 E.12951
G1 X131.552 Y16.413 E.38896
G1 X134.504 Y16.413 E.09992
G1 X139.063 Y11.854 E.21824
G1 X139.063 Y12.409 E.01879
G1 X134.941 Y8.287 E.19732
G1 X131.115 Y8.287 E.12951
G1 X122.99 Y16.413 E.38896
G1 X120.038 Y16.413 E.09992
G1 X111.913 Y8.287 E.38896
G1 X108.087 Y8.287 E.12951
G1 X99.962 Y16.413 E.38896
G1 X97.01 Y16.413 E.09992
G1 X88.885 Y8.287 E.38896
G1 X91.328 Y8.287 E.08269
M106 S112.2
;LAYER_CHANGE
;Z:2.6
;HEIGHT:0.2
G1 E-2 F2400
G1 Z2.6 F7800
G1 X56.438 Y209.412
G1 E2 F2400
;TYPE:Perimeter
;WIDTH:0.449999
G1 F3600
G1 X56.328 Y209.301 E.00529
G1 X56.021 Y209.218 E.01076
G1 X55.632 Y209.218 E.01317
G1 X55.632 Y204.482 E.16031
G1 X56.22 Y204.449 E.01993
G1 X56.254 Y204.402 E.00196
G1 X163.746 Y204.402 E3.63847
G1 X163.78 Y204.449 E.00196
G1 X164.368 Y204.482 E.01993
G1 X164.368 Y209.218 E.16031
G1 X163.979 Y209.218 E.01317
G1 X163.672 Y209.301 E.01076
G1 X163.445 Y209.531 E.01094
G1 X163.368 Y209.829 E.01042
G1 X163.368 Y211.298 E.04972
G1 X56.632 Y211.298 E3.61288
G1 X56.632 Y209.829 E.04972
G1 X56.555 Y209.531 E.01042
G1 X56.48 Y209.455 E.00361
G1 X56.159 Y209.683 F7800
;TYPE:External perimeter
G1 F1800
G1 X56.021 Y209.625 E.00507
G1 X55.225 Y209.625 E.02694
G1 X55.225 Y204.075 E.18786
G1 X56.088 Y204.064 E.02921
G1 X56.137 Y203.995 E.00286
G1 X163.863 Y203.995 E3.64639
G1 X163.912 Y204.064 E.00286
G1 X163.979 Y204.075 E.0023
G1 X164.775 Y204.075 E.02694
G1 X164.775 Y209.625 E.18786
G1 X163.979 Y209.625 E.02694
G1 X163.832 Y209.687 E.0054
G1 X163.775 Y209.829 E.00518
G1 X163.775 Y211.705 E.0635
G1 X56.225 Y211.705 E3.64043
G1 X56.225 Y209.829 E.0635
G1 X56.187 Y209.733 E.00349
G1 X55.799 Y209.633 F7800
G1 E-2 F2400
G1 X57.891 Y211.013 F7800
G1 E2 F2400
;TYPE:Solid infill
;WIDTH:0.409098
G1 F1200
G1 X62.453 Y211.013 E.1389
G1 E-2 F2400
G1 X67.018 Y211.013 F7800
G1 E2 F2400
G1 F1200
G1 X71.446 Y211.013 E.13482
G1 E-2 F2400
G1 X78.473 Y211.013 F7800
G1 E2 F2400
G1 F1200
G1 X82.909 Y211.013 E.13507
G1 E-2 F2400
G1 X89.928 Y211.013 F7800
G1 E2 F2400
G1 F1200
G1 X94.372 Y211.013 E.13531
G1 E-2 F2400
G1 X101.383 Y211.013 F7800
G1 E2 F2400
;WIDTH:0.409096
G1 F1200
G1 X105.834 Y211.013 E.13552
G1 E-2 F2400
G1 X112.838 Y211.013 F7800
G1 E2 F2400
;WIDTH:0.409098
G1 F1200
G1 X117.826 Y211.013 E.15187
G1 E-2 F2400
G1 X124.293 Y211.013 F7800
G1 E2 F2400
;WIDTH:0.409096
G1 F1200
G1 X129.296 Y211.013 E.15233
G1 E-2 F2400
G1 X136.385 Y211.013 F7800
G1 E2 F2400
G1 F1200
G1 X140.764 Y211.013 E.13333
G1 E-2 F2400
G1 X147.84 Y211.013 F7800
G1 E2 F2400
G1 F1200
G1 X152.231 Y211.013 E.1337
G1 E-2 F2400
G1 X156.75 Y211.013 F7800
G1 E2 F2400
;WIDTH:0.409098
G1 F1200
G1 X158.549 Y211.013 E.05478
G1 E-2 F2400
G1 X162.288 Y211.013 F7800
G1 E2 F2400
;WIDTH:0.409096
G1 F1200
G1 X163.083 Y211.013 E.02421
G1 E-2 F2400
G1 X164.244 Y208.309 F7800
G1 E2 F2400
;TYPE:Bridge infill
;WIDTH:0.402207
;HEIGHT:0.4
M106 S255
G1 F3600
G1 X161.581 Y210.971 E.1989
G1 X160.942 Y210.971 E.03375
G1 X164.041 Y207.872 E.2315
G1 X164.041 Y207.233 E.03375
G1 X160.302 Y210.971 E.27928
G1 X159.663 Y210.971 E.03375
G1 X164.041 Y206.593 E.32705
G1 X164.041 Y205.954 E.03375
G1 X159.023 Y210.971 E.37482
G1 X158.966 Y210.971 E.00301
G1 X159.026 Y210.52 E.02403
G1 X158.835 Y210.52 E.01009
G1 X164.041 Y205.314 E.3889
G1 X164.041 Y204.809 E.02668
G1 X163.916 Y204.8 E.00662
G1 X158.195 Y210.52 E.42734
G1 X157.556 Y210.52 E.03375
G1 X163.348 Y204.729 E.43264
G1 X162.877 Y204.729 E.02488
G1 X160.898 Y206.707 E.1478
G1 X160.814 Y206.623 E.00628
G1 X156.916 Y210.52 E.29116
G1 X156.803 Y210.52 E.00597
G1 X155.961 Y210.971 E.05046
G1 X155.826 Y210.971 E.00713
G1 X160.495 Y206.303 E.34875
G1 X160.175 Y205.983 E.0239
G1 X155.186 Y210.971 E.37266
G1 X154.547 Y210.971 E.03375
G1 X159.855 Y205.663 E.39652
G1 X159.535 Y205.344 E.02387
G1 X153.907 Y210.971 E.42039
G1 X153.268 Y210.971 E.03375
G1 X159.233 Y205.007 E.44557
G1 X159.27 Y204.729 E.01481
G1 X158.871 Y204.729 E.02108
G1 X152.67 Y210.93 E.46323
G1 X152.756 Y210.573 E.0194
G1 X152.571 Y210.389 E.01378
G1 X158.232 Y204.729 E.42286
G1 X157.592 Y204.729 E.03381
G1 X152.252 Y210.069 E.39891
G1 X151.932 Y209.749 E.0239
G1 X156.953 Y204.729 E.37505
G1 X156.313 Y204.729 E.03381
G1 X151.612 Y209.429 E.35114
G1 X151.585 Y209.403 E.00198
G1 X150.026 Y210.376 E.09707
G1 X155.674 Y204.729 E.42189
G1 X155.034 Y204.729 E.03381
G1 X149.242 Y210.52 E.43264
G1 X148.603 Y210.52 E.03375
G1 X154.395 Y204.729 E.43264
G1 X153.755 Y204.729 E.03381
G1 X147.963 Y210.52 E.43264
G1 X147.894 Y210.52 E.00364
G1 X147.051 Y210.971 E.0505
G1 X146.873 Y210.971 E.0094
G1 X153.116 Y204.729 E.46633
G1 X152.476 Y204.729 E.03381
G1 X146.233 Y210.971 E.46633
G1 X145.594 Y210.971 E.03375
G1 X151.837 Y204.729 E.46633
G1 X151.421 Y204.729 E.02197
G1 X149.414 Y206.736 E.14993
G1 X149.302 Y206.624 E.00837
G1 X144.954 Y210.971 E.32477
G1 X144.315 Y210.971 E.03375
G1 X148.982 Y206.304 E.34864
G1 X148.662 Y205.984 E.0239
G1 X143.675 Y210.971 E.37254
G1 X143.035 Y210.971 E.03381
G1 X148.342 Y205.665 E.39641
G1 X148.023 Y205.345 E.02387
G1 X142.396 Y210.971 E.42032
G1 X141.756 Y210.971 E.03381
G1 X147.756 Y204.972 E.44818
G1 X147.797 Y204.729 E.01302
G1 X147.36 Y204.729 E.02308
G1 X141.209 Y210.879 E.45946
G1 X141.268 Y210.599 E.01512
G1 X141.059 Y210.39 E.01561
G1 X146.72 Y204.729 E.42289
G1 X146.081 Y204.729 E.03375
G1 X140.739 Y210.07 E.39903
G1 X140.419 Y209.751 E.02387
G1 X145.441 Y204.729 E.37516
G1 X144.802 Y204.729 E.03375
G1 X140.091 Y209.439 E.35189
G1 X138.419 Y210.472 E.10382
G1 X144.162 Y204.729 E.42902
G1 X143.523 Y204.729 E.03375
G1 X137.731 Y210.52 E.43264
G1 X137.091 Y210.52 E.03381
G1 X142.883 Y204.729 E.43264
G1 X142.244 Y204.729 E.03375
G1 X136.452 Y210.52 E.43264
G1 X135.596 Y210.971 E.05111
G1 X135.361 Y210.971 E.01241
G1 X141.604 Y204.729 E.46633
G1 X140.965 Y204.729 E.03375
G1 X134.722 Y210.971 E.46633
G1 X134.082 Y210.971 E.03381
G1 X140.325 Y204.729 E.46633
G1 X139.686 Y204.729 E.03375
G1 X133.443 Y210.971 E.46633
G1 X132.803 Y210.971 E.03381
G1 X137.469 Y206.305 E.34856
G1 X137.149 Y205.986 E.02387
G1 X132.164 Y210.971 E.37239
G1 X131.524 Y210.971 E.03381
G1 X136.83 Y205.666 E.39634
G1 X136.51 Y205.346 E.0239
G1 X130.885 Y210.971 E.4202
G1 X130.245 Y210.971 E.03381
G1 X136.19 Y205.026 E.44411
G1 X135.983 Y204.819 E.01546
G1 X135.952 Y204.729 E.00503
G1 X135.849 Y204.729 E.00544
G1 X129.743 Y210.834 E.4561
G1 X129.781 Y210.626 E.01117
G1 X129.546 Y210.391 E.01756
G1 X135.209 Y204.729 E.42301
G1 X134.57 Y204.729 E.03375
G1 X129.226 Y210.072 E.39918
G1 X128.907 Y209.752 E.02387
G1 X133.93 Y204.729 E.37523
G1 X133.291 Y204.729 E.03375
G1 X128.587 Y209.432 E.35137
G1 X128.294 Y209.139 E.02189
G1 X128.132 Y209.248 E.01031
G1 X132.651 Y204.729 E.33758
G1 X132.011 Y204.729 E.03381
G1 X126.22 Y210.52 E.43261
G1 X125.58 Y210.52 E.03381
G1 X131.372 Y204.729 E.43264
G1 X130.732 Y204.729 E.03381
G1 X124.941 Y210.52 E.43261
G1 X124.347 Y210.52 E.03138
G1 X124.248 Y210.573 E.00593
G1 X130.093 Y204.729 E.4366
G1 X129.453 Y204.729 E.03381
G1 X123.21 Y210.971 E.46633
G1 X122.571 Y210.971 E.03375
G1 X128.814 Y204.729 E.46633
G1 X128.174 Y204.729 E.03381
G1 X121.931 Y210.971 E.46633
G1 X121.292 Y210.971 E.03375
G1 X125.957 Y206.307 E.34845
G1 X125.637 Y205.987 E.0239
G1 X120.652 Y210.971 E.37236
G1 X120.013 Y210.971 E.03375
G1 X125.317 Y205.667 E.39622
G1 X124.997 Y205.347 E.0239
G1 X119.373 Y210.971 E.42013
G1 X118.734 Y210.971 E.03375
G1 X124.678 Y205.028 E.444
G1 X124.492 Y204.842 E.01389
G1 X124.463 Y204.729 E.00616
G1 X124.337 Y204.729 E.00666
G1 X118.272 Y210.794 E.45307
G1 X118.293 Y210.652 E.00758
G1 X118.034 Y210.393 E.01935
G1 X123.698 Y204.729 E.42312
G1 X123.058 Y204.729 E.03381
G1 X117.714 Y210.073 E.39921
G1 X117.394 Y209.753 E.0239
G1 X122.419 Y204.729 E.37535
G1 X121.779 Y204.729 E.03381
G1 X117.074 Y209.433 E.35144
G1 X116.809 Y209.169 E.01976
G1 X116.478 Y209.391 E.02105
G1 X121.14 Y204.729 E.34827
G1 X120.5 Y204.729 E.03381
G1 X114.708 Y210.52 E.43264
G1 X114.069 Y210.52 E.03375
G1 X119.861 Y204.729 E.43264
G1 X119.221 Y204.729 E.03381
G1 X113.429 Y210.52 E.43264
G1 X112.892 Y210.52 E.02837
G1 X112.672 Y210.638 E.01319
G1 X118.582 Y204.729 E.44146
G1 X117.942 Y204.729 E.03381
G1 X111.699 Y210.971 E.46633
G1 X111.06 Y210.971 E.03375
G1 X117.303 Y204.729 E.46633
G1 X116.663 Y204.729 E.03381
G1 X110.42 Y210.971 E.46633
G1 X109.781 Y210.971 E.03375
G1 X114.444 Y206.308 E.34834
G1 X114.124 Y205.988 E.0239
G1 X109.141 Y210.971 E.37225
G1 X108.502 Y210.971 E.03375
G1 X113.804 Y205.669 E.39608
G1 X113.485 Y205.349 E.02387
G1 X107.862 Y210.971 E.42002
G1 X107.223 Y210.971 E.03375
G1 X113.165 Y205.029 E.44389
G1 X113.002 Y204.866 E.01218
G1 X112.976 Y204.729 E.00737
G1 X112.826 Y204.729 E.00792
G1 X106.583 Y210.971 E.46633
G1 X106.288 Y210.971 E.01558
G1 X106.505 Y210.41 E.03177
G1 X112.186 Y204.729 E.42439
G1 X111.547 Y204.729 E.03375
G1 X106.201 Y210.074 E.39932
G1 X105.881 Y209.754 E.0239
G1 X110.907 Y204.729 E.37542
G1 X110.268 Y204.729 E.03375
G1 X105.562 Y209.435 E.35155
G1 X105.325 Y209.198 E.0177
G1 X104.829 Y209.528 E.03147
G1 X109.628 Y204.729 E.3585
G1 X108.989 Y204.729 E.03375
G1 X103.197 Y210.52 E.43264
G1 X102.557 Y210.52 E.03381
G1 X108.349 Y204.729 E.43264
G1 X107.71 Y204.729 E.03375
G1 X101.918 Y210.52 E.43264
G1 X101.437 Y210.52 E.02541
G1 X101.096 Y210.703 E.02044
G1 X107.07 Y204.729 E.44628
G1 X106.431 Y204.729 E.03375
G1 X100.188 Y210.971 E.46633
G1 X99.548 Y210.971 E.03381
G1 X105.791 Y204.729 E.46633
G1 X105.152 Y204.729 E.03375
G1 X98.909 Y210.971 E.46633
G1 X98.269 Y210.971 E.03381
G1 X102.931 Y206.309 E.34827
G1 X102.612 Y205.99 E.02383
G1 X97.63 Y210.971 E.37213
G1 X96.99 Y210.971 E.03381
G1 X102.292 Y205.67 E.39604
G1 X101.972 Y205.35 E.0239
G1 X96.351 Y210.971 E.41991
G1 X95.711 Y210.971 E.03381
G1 X101.652 Y205.03 E.44381
G1 X101.512 Y204.89 E.01046
G1 X101.492 Y204.729 E.00857
G1 X101.315 Y204.729 E.00935
G1 X95.072 Y210.971 E.46633
G1 X94.822 Y210.971 E.01321
G1 X95.027 Y210.414 E.03135
G1 X95.008 Y210.395 E.00142
G1 X100.675 Y204.729 E.4233
G1 X100.036 Y204.729 E.03375
G1 X94.689 Y210.076 E.39944
G1 X94.369 Y209.756 E.0239
G1 X99.396 Y204.729 E.37553
G1 X98.757 Y204.729 E.03375
G1 X94.049 Y209.436 E.35166
G1 X93.841 Y209.228 E.01554
G1 X93.185 Y209.661 E.04152
G1 X98.117 Y204.729 E.36844
G1 X97.478 Y204.729 E.03375
G1 X91.686 Y210.52 E.43264
G1 X91.046 Y210.52 E.03381
G1 X96.838 Y204.729 E.43264
G1 X96.199 Y204.729 E.03375
G1 X90.407 Y210.52 E.43264
G1 X89.982 Y210.52 E.02245
G1 X89.52 Y210.768 E.0277
G1 X95.559 Y204.729 E.45113
G1 X94.919 Y204.729 E.03381
G1 X88.677 Y210.971 E.4663
G1 X88.037 Y210.971 E.03381
G1 X94.28 Y204.729 E.46633
G1 X93.64 Y204.729 E.03381
G1 X87.397 Y210.971 E.46633
G1 X86.758 Y210.971 E.03375
G1 X91.419 Y206.311 E.34815
G1 X91.099 Y205.991 E.0239
G1 X86.118 Y210.971 E.37206
G1 X85.479 Y210.971 E.03375
G1 X90.779 Y205.671 E.39593
G1 X90.459 Y205.351 E.0239
G1 X84.839 Y210.971 E.41983
G1 X84.2 Y210.971 E.03375
G1 X90.14 Y205.032 E.4437
G1 X90.023 Y204.915 E.00874
G1 X90.009 Y204.729 E.00985
G1 X89.803 Y204.729 E.01088
G1 X83.56 Y210.971 E.46633
G1 X83.356 Y210.971 E.01078
G1 X83.541 Y210.442 E.0296
G1 X83.496 Y210.397 E.00336
G1 X89.164 Y204.729 E.42342
G1 X88.524 Y204.729 E.03381
G1 X83.176 Y210.077 E.39951
G1 X82.856 Y209.757 E.0239
G1 X87.885 Y204.729 E.37564
G1 X87.245 Y204.729 E.03381
G1 X82.536 Y209.437 E.35174
G1 X82.357 Y209.258 E.01337
G1 X81.546 Y209.788 E.05118
G1 X86.606 Y204.729 E.37796
G1 X85.966 Y204.729 E.03381
G1 X80.174 Y210.52 E.43264
G1 X79.535 Y210.52 E.03375
G1 X85.327 Y204.729 E.43264
G1 X84.687 Y204.729 E.03381
G1 X78.895 Y210.52 E.43264
G1 X78.526 Y210.52 E.01949
G1 X77.944 Y210.833 E.03491
G1 X84.048 Y204.729 E.45599
G1 X83.408 Y204.729 E.03381
G1 X77.165 Y210.971 E.46633
G1 X76.526 Y210.971 E.03375
G1 X82.769 Y204.729 E.46633
G1 X82.129 Y204.729 E.03381
G1 X75.886 Y210.971 E.46633
G1 X75.247 Y210.971 E.03375
G1 X79.906 Y206.312 E.34804
G1 X79.586 Y205.992 E.0239
G1 X74.607 Y210.971 E.37195
G1 X73.968 Y210.971 E.03375
G1 X79.267 Y205.673 E.39581
G1 X78.947 Y205.353 E.0239
G1 X73.328 Y210.971 E.41972
G1 X72.689 Y210.971 E.03375
G1 X78.627 Y205.033 E.44359
G1 X78.533 Y204.939 E.00702
G1 X78.529 Y204.729 E.01109
G1 X78.292 Y204.729 E.01252
G1 X72.049 Y210.971 E.46633
G1 X71.889 Y210.971 E.00845
G1 X72.054 Y210.469 E.02791
G1 X71.983 Y210.398 E.0053
G1 X77.653 Y204.729 E.42353
G1 X77.013 Y204.729 E.03381
G1 X71.663 Y210.078 E.39962
G1 X71.344 Y209.758 E.02387
G1 X76.373 Y204.729 E.37568
G1 X75.734 Y204.729 E.03375
G1 X71.024 Y209.439 E.35185
G1 X70.873 Y209.288 E.01128
G1 X69.913 Y209.91 E.06042
G1 X75.094 Y204.729 E.38704
G1 X74.455 Y204.729 E.03375
G1 X68.663 Y210.52 E.43264
G1 X68.024 Y210.52 E.03375
G1 X73.815 Y204.729 E.43261
G1 X73.176 Y204.729 E.03375
G1 X67.384 Y210.52 E.43264
G1 X67.071 Y210.52 E.01653
G1 X66.368 Y210.897 E.04214
G1 X72.536 Y204.729 E.46077
G1 X71.897 Y204.729 E.03375
G1 X65.654 Y210.971 E.46633
G1 X65.014 Y210.971 E.03381
G1 X71.257 Y204.729 E.46633
G1 X70.618 Y204.729 E.03375
G1 X64.375 Y210.971 E.46633
G1 X63.735 Y210.971 E.03381
G1 X68.393 Y206.313 E.34797
G1 X68.074 Y205.994 E.02383
G1 X63.096 Y210.971 E.37183
G1 X62.87 Y210.971 E.01194
G1 X62.93 Y210.52 E.02403
G1 X62.907 Y210.52 E.00121
G1 X67.754 Y205.674 E.36205
G1 X67.434 Y205.354 E.0239
G1 X62.268 Y210.52 E.38592
G1 X61.628 Y210.52 E.03381
G1 X67.114 Y205.034 E.40982
G1 X67.045 Y204.964 E.00519
G1 X67.051 Y204.729 E.01242
G1 X66.781 Y204.729 E.01426
G1 X60.989 Y210.52 E.43264
G1 X60.808 Y210.52 E.00956
G1 X60.483 Y210.387 E.01855
G1 X66.141 Y204.729 E.42267
G1 X65.502 Y204.729 E.03375
G1 X60.151 Y210.08 E.39974
G1 X59.831 Y209.76 E.0239
G1 X64.862 Y204.729 E.37583
G1 X64.223 Y204.729 E.03375
G1 X59.511 Y209.44 E.35196
G1 X59.199 Y209.128 E.02331
G1 X57.34 Y210.971 E.13828
G1 X63.583 Y204.729 E.46633
G1 X62.944 Y204.729 E.03375
G1 X56.959 Y210.713 E.44706
G1 X56.959 Y210.074 E.03375
G1 X62.304 Y204.729 E.39929
G1 X61.665 Y204.729 E.03375
G1 X56.895 Y209.498 E.3563
G1 X56.84 Y209.37 E.00736
G1 X56.696 Y209.176 E.01276
G1 X56.63 Y209.124 E.00444
G1 X61.025 Y204.729 E.32832
G1 X60.386 Y204.729 E.03375
G1 X56.184 Y208.93 E.31386
G1 X56.038 Y208.891 E.00798
G1 X55.959 Y208.891 E.00417
G1 X55.959 Y208.516 E.01981
G1 X59.746 Y204.729 E.2829
G1 X59.107 Y204.729 E.03375
G1 X55.959 Y207.876 E.23513
G1 X55.959 Y207.237 E.03375
G1 X58.467 Y204.729 E.18736
G1 X57.827 Y204.729 E.03381
G1 X55.959 Y206.597 E.13955
G1 X55.959 Y205.958 E.03375
G1 X57.188 Y204.729 E.09181
G1 X56.548 Y204.729 E.03381
G1 X55.756 Y205.521 E.05916
M106 S112.2
G1 E-2 F2400
G1 X80.632 Y7.982 F7800
G1 E2 F2400
;TYPE:Perimeter
;WIDTH:0.449999
;HEIGHT:0.2
G1 F3600
G1 X139.368 Y7.982 E1.98814
G1 X139.368 Y16.718 E.2957
G1 X80.632 Y16.718 E1.98814
G1 X80.632 Y8.042 E.29367
G1 X80.225 Y7.575 F7800
;TYPE:External perimeter
G1 F1800
G1 X139.775 Y7.575 E2.01569
G1 X139.775 Y17.125 E.32326
G1 X80.225 Y17.125 E2.01569
G1 X80.225 Y7.635 E.32122
G1 X80.621 Y7.576 F7800
G1 E-2 F2400
G1 X82.617 Y8.287 F7800
G1 E2 F2400
;TYPE:Internal infill
;WIDTH:0.45
G1 F4800
G1 X85.059 Y8.287 E.08266
G1 X80.937 Y12.409 E.19732
G1 X80.937 Y11.854 E.01879
G1 X85.496 Y16.413 E.21824
G1 X88.448 Y16.413 E.09992
G1 X96.573 Y8.287 E.38896
G1 X100.399 Y8.287 E.12951
G1 X108.524 Y16.413 E.38896
G1 X111.476 Y16.413 E.09992
G1 X119.601 Y8.287 E.38896
G1 X123.427 Y8.287 E.12951
G1 X131.552 Y16.413 E.38896
G1 X134.504 Y16.413 E.09992
G1 X139.063 Y11.854 E.21824
G1 X139.063 Y12.409 E.01879
G1 X134.941 Y8.287 E.19732
G1 X131.115 Y8.287 E.12951
G1 X122.99 Y16.413 E.38896
G1 X120.038 Y16.413 E.09992
G1 X111.913 Y8.287 E.38896
G1 X108.087 Y8.287 E.12951
G1 X99.962 Y16.413 E.38896
G1 X97.01 Y16.413 E.09992
G1 X88.885 Y8.287 E.38896
G1 X91.328 Y8.287 E.08269
M107
;LAYER_CHANGE
;Z:2.8
;HEIGHT:0.2
G1 E-2 F2400
G1 Z2.8 F7800
G1 X56.438 Y209.412
G1 E2 F2400
;TYPE:Perimeter
;WIDTH:0.449999
G1 F3600
G1 X56.332 Y209.303 E.00515
G1 X56.021 Y209.218 E.01091
G1 X55.632 Y209.218 E.01317
G1 X55.632 Y204.482 E.16031
G1 X56.021 Y204.482 E.01317
G1 X56.293 Y204.419 E.00945
G1 X56.37 Y204.295 E.00494
G1 X163.63 Y204.295 E3.63062
G1 X163.707 Y204.419 E.00494
G1 X163.979 Y204.482 E.00945
G1 X164.368 Y204.482 E.01317
G1 X164.368 Y209.218 E.16031
G1 X163.979 Y209.218 E.01317
G1 X163.668 Y209.303 E.01091
G1 X163.441 Y209.539 E.01108
G1 X163.368 Y209.829 E.01012
G1 X163.368 Y211.405 E.05335
G1 X56.632 Y211.405 E3.61288
G1 X56.632 Y209.829 E.05335
G1 X56.559 Y209.539 E.01012
G1 X56.479 Y209.456 E.0039
G1 X56.158 Y209.684 F7800
;TYPE:External perimeter
G1 F1800
G1 X56.021 Y209.625 E.00505
G1 X55.225 Y209.625 E.02694
G1 X55.225 Y204.075 E.18786
G1 X56.112 Y204.054 E.03003
G1 X56.215 Y203.888 E.00661
G1 X163.785 Y203.888 E3.64111
G1 X163.888 Y204.054 E.00661
G1 X163.979 Y204.075 E.00316
G1 X164.775 Y204.075 E.02694
G1 X164.775 Y209.625 E.18786
G1 X163.979 Y209.625 E.02694
G1 X163.831 Y209.688 E.00544
G1 X163.775 Y209.829 E.00514
G1 X163.775 Y211.812 E.06712
G1 X56.225 Y211.812 E3.64043
G1 X56.225 Y209.829 E.06712
G1 X56.187 Y209.733 E.00349
G1 X55.8 Y209.633 F7800
G1 X57.474 Y209.598
;TYPE:Internal infill
;WIDTH:0.45
G1 F4800
G1 X59.916 Y209.598 E.08266
G1 X61.419 Y211.1 E.07192
G1 X66.47 Y211.1 E.17097
G1 X67.972 Y209.598 E.0719
G1 X71.43 Y209.598 E.11705
G1 X72.933 Y211.1 E.07192
G1 X77.984 Y211.1 E.17097
G1 X79.486 Y209.598 E.0719
G1 X82.944 Y209.598 E.11705
G1 X84.446 Y211.1 E.0719
G1 X89.498 Y211.1 E.171
G1 X91 Y209.598 E.0719
G1 X94.458 Y209.598 E.11705
G1 X95.96 Y211.1 E.0719
G1 X101.012 Y211.1 E.171
G1 X102.514 Y209.598 E.0719
G1 X105.972 Y209.598 E.11705
G1 X107.474 Y211.1 E.0719
G1 X112.526 Y211.1 E.171
G1 X114.028 Y209.598 E.0719
G1 X117.486 Y209.598 E.11705
G1 X118.988 Y211.1 E.0719
G1 X124.04 Y211.1 E.171
G1 X125.542 Y209.598 E.0719
G1 X129 Y209.598 E.11705
G1 X130.502 Y211.1 E.0719
G1 X135.553 Y211.1 E.17097
G1 X137.056 Y209.598 E.07192
G1 X140.514 Y209.598 E.11705
G1 X142.016 Y211.1 E.0719
G1 X147.067 Y211.1 E.17097
G1 X148.57 Y209.598 E.07192
G1 X152.028 Y209.598 E.11705
G1 X153.53 Y211.1 E.0719
G1 X158.581 Y211.1 E.17097
G1 X160.084 Y209.598 E.07192
G1 X162.526 Y209.598 E.08266
G1 E-2 F2400
G1 X162.489 Y206.102 F7800
G1 E2 F2400
G1 F4800
G1 X160.046 Y206.102 E.08269
G1 X158.544 Y204.6 E.0719
G1 X153.567 Y204.6 E.16847
G1 X152.065 Y206.102 E.0719
G1 X148.533 Y206.102 E.11955
G1 X147.03 Y204.6 E.07192
G1 X142.053 Y204.6 E.16847
G1 X140.551 Y206.102 E.0719
G1 X137.019 Y206.102 E.11955
G1 X135.516 Y204.6 E.07192
G1 X130.539 Y204.6 E.16847
G1 X129.037 Y206.102 E.0719
G1 X125.505 Y206.102 E.11955
G1 X124.002 Y204.6 E.07192
G1 X119.025 Y204.6 E.16847
G1 X117.523 Y206.102 E.0719
G1 X113.991 Y206.102 E.11955
G1 X112.488 Y204.6 E.07192
G1 X107.512 Y204.6 E.16843
G1 X106.009 Y206.102 E.07192
G1 X102.477 Y206.102 E.11955
G1 X100.975 Y204.6 E.0719
G1 X95.998 Y204.6 E.16847
G1 X94.495 Y206.102 E.07192
G1 X90.963 Y206.102 E.11955
G1 X89.461 Y204.6 E.0719
G1 X84.484 Y204.6 E.16847
G1 X82.981 Y206.102 E.07192
G1 X79.449 Y206.102 E.11955
G1 X77.947 Y204.6 E.0719
G1 X72.97 Y204.6 E.16847
G1 X71.467 Y206.102 E.07192
G1 X67.935 Y206.102 E.11955
G1 X66.433 Y204.6 E.0719
G1 X61.456 Y204.6 E.16847
G1 X59.953 Y206.102 E.07192
G1 X57.511 Y206.102 E.08266
G1 X56.543 Y204.673 F7800
;TYPE:Solid infill
;WIDTH:0.585663
G1 F1200
G1 X56.548 Y206.251 E.07121
G1 X56.624 Y206.317 E.00454
;WIDTH:0.540442
G1 X56.7 Y206.384 E.00419
;WIDTH:0.495221
G1 X56.776 Y206.45 E.00379
;WIDTH:0.449999
G1 X56.919 Y206.509 E.00524
G1 X162.615 Y206.509 E3.57768
G1 X160.078 Y209.047 E.12147
G1 X160.078 Y209.191 E.00487
G1 X57.278 Y209.191 E3.47965
G1 X56.677 Y209.221 E.02037
G1 X56.442 Y209.024 E.01038
G1 X55.937 Y208.913 E.0175
G1 X55.937 Y206.797 E.07162
;WIDTH:0.495221
G1 X55.96 Y206.6 E.00746
;WIDTH:0.540442
G1 X55.983 Y206.403 E.00821
;WIDTH:0.585663
G1 X56.005 Y206.206 E.00895
G1 X56.005 Y204.861 E.0607
G1 X56.37 Y204.778 E.01689
G1 E-2 F2400
G1 X56.731 Y206.839 F7800
G1 E2 F2400
;WIDTH:0.449999
G1 F1200
G1 X56.488 Y206.738 E.00891
;WIDTH:0.461838
G1 X56.362 Y206.655 E.00526
G1 X56.344 Y207.491 E.02913
;WIDTH:0.449999
G1 X56.344 Y208.575 E.03669
G1 X56.693 Y208.691 E.01245
G1 X56.814 Y208.784 E.00517
G1 X159.765 Y208.784 E3.48476
G1 X161.632 Y206.916 E.0894
G1 X56.919 Y206.916 E3.54441
G1 E-2 F2400
G1 X160.446 Y207.324 F7800
G1 E2 F2400
G1 F1200
G1 X56.919 Y207.324 E3.50426
G1 X56.752 Y207.254 E.00613
G1 X56.752 Y208.278 E.03466
G1 X57.04 Y208.376 E.0103
G1 X159.597 Y208.376 E3.47143
G1 X160.649 Y207.324 E.05036
G1 X159.542 Y207.915 F7800
;WIDTH:0.36586
G1 F1200
G1 X159.768 Y207.689 E.00858
G1 X57.117 Y207.689 E2.75644
G1 X57.117 Y208.011 E.00865
G1 X159.378 Y208.011 E2.74597
G1 E-2 F2400
G1 X163.354 Y204.67 F7800
G1 E2 F2400
;WIDTH:0.388801
G1 F1200
G1 X163.354 Y205.238 E.01634
G1 X163.702 Y204.89 E.01415
G1 X164.046 Y204.68 E.01159
G1 X163.642 Y204.68 E.01162
G1 X163.457 Y204.569 E.0062
;WIDTH:0.449999
G1 X164.046 Y204.68 E.02029
;WIDTH:0.38292
G1 X164.151 Y204.699 E.00302
;WIDTH:0.41646
G1 X164.107 Y204.88 E.00579
;WIDTH:0.449999
G1 X164.063 Y205.062 E.00634
G1 X163.384 Y205.74 E.03248
G1 X164.063 Y205.637 E.02325
G1 X160.509 Y209.191 E.17013
G1 X161.085 Y209.191 E.0195
G1 X164.063 Y206.213 E.14256
G1 X164.165 Y206.15 E.00406
;WIDTH:0.41646
G1 X164.266 Y206.087 E.0037
;WIDTH:0.38292
G1 X164.225 Y206.098 E.0012
G1 X164.206 Y206.027 E.00208
G1 X164.277 Y206.046 E.00208
;WIDTH:0.449999
G1 X164.063 Y206.789 E.02617
G1 X164.063 Y208.913 E.07189
G1 X163.558 Y209.024 E.0175
G1 X163.323 Y209.221 E.01038
G1 X163.194 Y209.191 E.00448
G1 X161.661 Y209.191 E.05189
G1 X163.919 Y206.933 E.10809
G1 X163.631 Y207.831 F7800
;WIDTH:0.499343
G1 F1200
G1 X163.631 Y208.556 E.02752
G1 X163.463 Y208.602 E.00661
G1 X163.176 Y208.759 E.01242
G1 X162.703 Y208.759 E.01795
G1 X163.487 Y207.975 E.04208
G1 E-2 F2400
G1 X80.632 Y7.982 F7800
G1 E2 F2400
;TYPE:Perimeter
;WIDTH:0.449999
G1 F3600
G1 X139.368 Y7.982 E1.98814
G1 X139.368 Y16.718 E.2957
G1 X80.632 Y16.718 E1.98814
G1 X80.632 Y8.042 E.29367
G1 X80.225 Y7.575 F7800
;TYPE:External perimeter
G1 F1800
G1 X139.775 Y7.575 E2.01569
G1 X139.775 Y17.125 E.32326
G1 X80.225 Y17.125 E2.01569
G1 X80.225 Y7.635 E.32122
G1 X80.621 Y7.576 F7800
G1 E-2 F2400
G1 X82.617 Y8.287 F7800
G1 E2 F2400
;TYPE:Internal infill
;WIDTH:0.45
G1 F4800
G1 X85.059 Y8.287 E.08266
G1 X80.937 Y12.409 E.19732
G1 X80.937 Y11.854 E.01879
G1 X85.496 Y16.413 E.21824
G1 X88.448 Y16.413 E.09992
G1 X96.573 Y8.287 E.38896
G1 X100.399 Y8.287 E.12951
G1 X108.524 Y16.413 E.38896
G1 X111.476 Y16.413 E.09992
G1 X119.601 Y8.287 E.38896
G1 X123.427 Y8.287 E.12951
G1 X131.552 Y16.413 E.38896
G1 X134.504 Y16.413 E.09992
G1 X139.063 Y11.854 E.21824
G1 X139.063 Y12.409 E.01879
G1 X134.941 Y8.287 E.19732
G1 X131.115 Y8.287 E.12951
G1 X122.99 Y16.413 E.38896
G1 X120.038 Y16.413 E.09992
G1 X111.913 Y8.287 E.38896
G1 X108.087 Y8.287 E.12951
G1 X99.962 Y16.413 E.38896
G1 X97.01 Y16.413 E.09992
G1 X88.885 Y8.287 E.38896
G1 X91.328 Y8.287 E.08269
;LAYER_CHANGE
;Z:3
;HEIGHT:0.2
G1 E-2 F2400
G1 Z3 F7800
G1 X56.437 Y209.413
G1 E2 F2400
;TYPE:Perimeter
;WIDTH:0.449999
G1 F3600
G1 X56.336 Y209.305 E.00501
G1 X56.021 Y209.218 E.01106
G1 X55.632 Y209.218 E.01317
G1 X55.632 Y204.482 E.16031
G1 X56.021 Y204.482 E.01317
G1 X56.336 Y204.395 E.01106
G1 X56.453 Y204.188 E.00805
G1 X163.547 Y204.188 E3.625
G1 X163.664 Y204.395 E.00805
G1 X163.979 Y204.482 E.01106
G1 X164.368 Y204.482 E.01317
G1 X164.368 Y209.218 E.16031
G1 X163.979 Y209.218 E.01317
G1 X163.664 Y209.305 E.01106
G1 X163.437 Y209.546 E.01121
G1 X163.368 Y209.829 E.00986
G1 X163.368 Y211.512 E.05697
G1 X56.632 Y211.512 E3.61288
G1 X56.632 Y209.829 E.05697
G1 X56.563 Y209.546 E.00986
G1 X56.479 Y209.456 E.00417
G1 X56.158 Y209.684 F7800
;TYPE:External perimeter
G1 F1800
G1 X56.021 Y209.625 E.00505
G1 X55.225 Y209.625 E.02694
G1 X55.225 Y204.075 E.18786
G1 X56.021 Y204.075 E.02694
G1 X56.126 Y204.046 E.00369
G1 X56.225 Y203.871 E.00681
G1 X56.225 Y203.781 E.00305
G1 X163.775 Y203.781 E3.64043
G1 X163.775 Y203.871 E.00305
G1 X163.874 Y204.046 E.00681
G1 X163.979 Y204.075 E.00369
G1 X164.775 Y204.075 E.02694
G1 X164.775 Y209.625 E.18786
G1 X163.979 Y209.625 E.02694
G1 X163.83 Y209.69 E.0055
G1 X163.775 Y209.829 E.00506
G1 X163.775 Y211.919 E.07074
G1 X56.225 Y211.919 E3.64043
G1 X56.225 Y209.829 E.07074
G1 X56.187 Y209.733 E.00349
G1 X55.8 Y209.633 F7800
G1 X57.591 Y209.468
;TYPE:Solid infill
;WIDTH:0.487266
G1 F1200
G1 X57.552 Y209.507 E.00204
G1 X57.566 Y209.561 E.00206
G1 X57.62 Y209.575 E.00206
G1 X57.659 Y209.536 E.00204
G1 X57.645 Y209.482 E.00206
;WIDTH:0.449999
G1 X57.673 Y208.987 E.01678
G1 X58.299 Y209.606 E.0298
;WIDTH:0.41646
G1 X58.371 Y209.673 E.00305
;WIDTH:0.38292
G1 X58.352 Y209.744 E.00208
G1 X58.423 Y209.725 E.00208
G1 X58.412 Y209.684 E.0012
;WIDTH:0.449999
G1 X58.802 Y209.54 E.01407
G1 X57.673 Y208.412 E.05402
G1 X57.673 Y207.836 E.0195
G1 X59.377 Y209.54 E.08157
G1 X59.953 Y209.54 E.0195
G1 X57.673 Y207.26 E.10914
G1 X57.673 Y206.684 E.0195
G1 X60.529 Y209.54 E.13671
G1 X61.104 Y209.54 E.01946
G1 X57.724 Y206.16 E.1618
G1 X57.625 Y206.086 E.00418
;WIDTH:0.41646
G1 X57.525 Y206.012 E.00386
;WIDTH:0.38292
G1 X57.52 Y206.116 E.00294
;WIDTH:0.449999
G1 X58.3 Y206.16 E.02644
G1 X61.68 Y209.54 E.1618
G1 X62.256 Y209.54 E.0195
G1 X58.876 Y206.16 E.1618
G1 X59.451 Y206.16 E.01946
G1 X62.832 Y209.54 E.16182
G1 X63.407 Y209.54 E.01946
G1 X60.027 Y206.16 E.1618
G1 X60.603 Y206.16 E.0195
G1 X63.983 Y209.54 E.1618
G1 X64.559 Y209.54 E.0195
G1 X61.178 Y206.16 E.16182
G1 X61.754 Y206.16 E.0195
G1 X65.134 Y209.54 E.1618
G1 X65.71 Y209.54 E.0195
G1 X62.33 Y206.16 E.1618
G1 X62.906 Y206.16 E.0195
G1 X66.286 Y209.54 E.1618
G1 X66.861 Y209.54 E.01946
G1 X63.481 Y206.16 E.1618
G1 X64.057 Y206.16 E.0195
G1 X67.437 Y209.54 E.1618
G1 X68.013 Y209.54 E.0195
G1 X64.633 Y206.16 E.1618
G1 X65.208 Y206.16 E.01946
G1 X68.588 Y209.54 E.1618
G1 X69.164 Y209.54 E.0195
G1 X65.784 Y206.16 E.1618
G1 X66.36 Y206.16 E.0195
G1 X69.74 Y209.54 E.1618
G1 X70.316 Y209.54 E.0195
G1 X66.935 Y206.16 E.16182
G1 X67.511 Y206.16 E.0195
G1 X70.891 Y209.54 E.1618
G1 X71.467 Y209.54 E.0195
G1 X68.087 Y206.16 E.1618
G1 X68.663 Y206.16 E.0195
G1 X72.043 Y209.54 E.1618
G1 X72.618 Y209.54 E.01946
G1 X69.238 Y206.16 E.1618
G1 X69.814 Y206.16 E.0195
G1 X73.194 Y209.54 E.1618
G1 X73.77 Y209.54 E.0195
G1 X70.39 Y206.16 E.1618
G1 X70.965 Y206.16 E.01946
G1 X74.345 Y209.54 E.1618
G1 X74.921 Y209.54 E.0195
G1 X71.541 Y206.16 E.1618
G1 X72.117 Y206.16 E.0195
G1 X75.497 Y209.54 E.1618
G1 X76.073 Y209.54 E.0195
G1 X72.692 Y206.16 E.16182
G1 X73.268 Y206.16 E.0195
G1 X76.648 Y209.54 E.1618
G1 X77.224 Y209.54 E.0195
G1 X73.844 Y206.16 E.1618
G1 X74.42 Y206.16 E.0195
G1 X77.8 Y209.54 E.1618
G1 X78.375 Y209.54 E.01946
G1 X74.995 Y206.16 E.1618
G1 X75.571 Y206.16 E.0195
G1 X78.951 Y209.54 E.1618
G1 X79.527 Y209.54 E.0195
G1 X76.147 Y206.16 E.1618
G1 X76.722 Y206.16 E.01946
G1 X80.102 Y209.54 E.1618
G1 X80.678 Y209.54 E.0195
G1 X77.298 Y206.16 E.1618
G1 X77.874 Y206.16 E.0195
G1 X81.254 Y209.54 E.1618
G1 X81.829 Y209.54 E.01946
G1 X78.449 Y206.16 E.1618
G1 X79.025 Y206.16 E.0195
G1 X82.405 Y209.54 E.1618
G1 X82.981 Y209.54 E.0195
G1 X79.601 Y206.16 E.1618
G1 X80.176 Y206.16 E.01946
G1 X83.557 Y209.54 E.16182
G1 X84.132 Y209.54 E.01946
G1 X80.752 Y206.16 E.1618
G1 X81.328 Y206.16 E.0195
G1 X84.708 Y209.54 E.1618
G1 X85.284 Y209.54 E.0195
G1 X81.904 Y206.16 E.1618
G1 X82.479 Y206.16 E.01946
G1 X85.859 Y209.54 E.1618
G1 X86.435 Y209.54 E.0195
G1 X83.055 Y206.16 E.1618
G1 X83.631 Y206.16 E.0195
G1 X87.011 Y209.54 E.1618
G1 X87.586 Y209.54 E.01946
G1 X84.206 Y206.16 E.1618
G1 X84.782 Y206.16 E.0195
G1 X88.162 Y209.54 E.1618
G1 X88.738 Y209.54 E.0195
G1 X85.358 Y206.16 E.1618
G1 X85.933 Y206.16 E.01946
G1 X89.314 Y209.54 E.16182
G1 X89.889 Y209.54 E.01946
G1 X86.509 Y206.16 E.1618
G1 X87.085 Y206.16 E.0195
G1 X90.465 Y209.54 E.1618
G1 X91.041 Y209.54 E.0195
G1 X87.661 Y206.16 E.1618
G1 X88.236 Y206.16 E.01946
G1 X91.616 Y209.54 E.1618
G1 X92.192 Y209.54 E.0195
G1 X88.812 Y206.16 E.1618
G1 X89.388 Y206.16 E.0195
G1 X92.768 Y209.54 E.1618
G1 X93.343 Y209.54 E.01946
G1 X89.963 Y206.16 E.1618
G1 X90.539 Y206.16 E.0195
G1 X93.919 Y209.54 E.1618
G1 X94.495 Y209.54 E.0195
G1 X91.115 Y206.16 E.1618
G1 X91.69 Y206.16 E.01946
G1 X95.071 Y209.54 E.16182
G1 X95.646 Y209.54 E.01946
G1 X92.266 Y206.16 E.1618
G1 X92.842 Y206.16 E.0195
G1 X96.222 Y209.54 E.1618
G1 X96.798 Y209.54 E.0195
G1 X93.417 Y206.16 E.16182
G1 X93.993 Y206.16 E.0195
G1 X97.373 Y209.54 E.1618
G1 X97.949 Y209.54 E.0195
G1 X94.569 Y206.16 E.1618
G1 X95.145 Y206.16 E.0195
G1 X98.525 Y209.54 E.1618
G1 X99.1 Y209.54 E.01946
G1 X95.72 Y206.16 E.1618
G1 X96.296 Y206.16 E.0195
G1 X99.676 Y209.54 E.1618
G1 X100.252 Y209.54 E.0195
G1 X96.872 Y206.16 E.1618
G1 X97.447 Y206.16 E.01946
G1 X100.827 Y209.54 E.1618
G1 X101.403 Y209.54 E.0195
G1 X98.023 Y206.16 E.1618
G1 X98.599 Y206.16 E.0195
G1 X101.979 Y209.54 E.1618
G1 X102.555 Y209.54 E.0195
G1 X99.174 Y206.16 E.16182
G1 X99.75 Y206.16 E.0195
G1 X103.13 Y209.54 E.1618
G1 X103.706 Y209.54 E.0195
G1 X100.326 Y206.16 E.1618
G1 X100.902 Y206.16 E.0195
G1 X104.282 Y209.54 E.1618
G1 X104.857 Y209.54 E.01946
G1 X101.477 Y206.16 E.1618
G1 X102.053 Y206.16 E.0195
G1 X105.433 Y209.54 E.1618
G1 X106.009 Y209.54 E.0195
G1 X102.629 Y206.16 E.1618
G1 X103.204 Y206.16 E.01946
G1 X106.584 Y209.54 E.1618
G1 X107.16 Y209.54 E.0195
G1 X103.78 Y206.16 E.1618
G1 X104.356 Y206.16 E.0195
G1 X107.736 Y209.54 E.1618
G1 X108.312 Y209.54 E.0195
G1 X104.931 Y206.16 E.16182
G1 X105.507 Y206.16 E.0195
G1 X108.887 Y209.54 E.1618
G1 X109.463 Y209.54 E.0195
G1 X106.083 Y206.16 E.1618
G1 X106.659 Y206.16 E.0195
G1 X110.039 Y209.54 E.1618
G1 X110.614 Y209.54 E.01946
G1 X107.234 Y206.16 E.1618
G1 X107.81 Y206.16 E.0195
G1 X111.19 Y209.54 E.1618
G1 X111.766 Y209.54 E.0195
G1 X108.386 Y206.16 E.1618
G1 X108.961 Y206.16 E.01946
G1 X112.341 Y209.54 E.1618
G1 X112.917 Y209.54 E.0195
G1 X109.537 Y206.16 E.1618
G1 X110.113 Y206.16 E.0195
G1 X113.493 Y209.54 E.1618
G1 X114.069 Y209.54 E.0195
G1 X110.688 Y206.16 E.16182
G1 X111.264 Y206.16 E.0195
G1 X114.644 Y209.54 E.1618
G1 X115.22 Y209.54 E.0195
G1 X111.84 Y206.16 E.1618
G1 X112.415 Y206.16 E.01946
G1 X115.796 Y209.54 E.16182
G1 X116.371 Y209.54 E.01946
G1 X112.991 Y206.16 E.1618
G1 X113.567 Y206.16 E.0195
G1 X116.947 Y209.54 E.1618
G1 X117.523 Y209.54 E.0195
G1 X114.143 Y206.16 E.1618
G1 X114.718 Y206.16 E.01946
G1 X118.098 Y209.54 E.1618
G1 X118.674 Y209.54 E.0195
G1 X115.294 Y206.16 E.1618
G1 X115.87 Y206.16 E.0195
G1 X119.25 Y209.54 E.1618
G1 X119.825 Y209.54 E.01946
G1 X116.445 Y206.16 E.1618
G1 X117.021 Y206.16 E.0195
G1 X120.401 Y209.54 E.1618
G1 X120.977 Y209.54 E.0195
G1 X117.597 Y206.16 E.1618
G1 X118.172 Y206.16 E.01946
G1 X121.553 Y209.54 E.16182
G1 X122.128 Y209.54 E.01946
G1 X118.748 Y206.16 E.1618
G1 X119.324 Y206.16 E.0195
G1 X122.704 Y209.54 E.1618
G1 X123.28 Y209.54 E.0195
G1 X119.9 Y206.16 E.1618
G1 X120.475 Y206.16 E.01946
G1 X123.855 Y209.54 E.1618
G1 X124.431 Y209.54 E.0195
G1 X121.051 Y206.16 E.1618
G1 X121.627 Y206.16 E.0195
G1 X125.007 Y209.54 E.1618
G1 X125.582 Y209.54 E.01946
G1 X122.202 Y206.16 E.1618
G1 X122.778 Y206.16 E.0195
G1 X126.158 Y209.54 E.1618
G1 X126.734 Y209.54 E.0195
G1 X123.354 Y206.16 E.1618
G1 X123.929 Y206.16 E.01946
G1 X127.31 Y209.54 E.16182
G1 X127.885 Y209.54 E.01946
G1 X124.505 Y206.16 E.1618
G1 X125.081 Y206.16 E.0195
G1 X128.461 Y209.54 E.1618
G1 X129.037 Y209.54 E.0195
G1 X125.657 Y206.16 E.1618
G1 X126.232 Y206.16 E.01946
G1 X129.612 Y209.54 E.1618
G1 X130.188 Y209.54 E.0195
G1 X126.808 Y206.16 E.1618
G1 X127.384 Y206.16 E.0195
G1 X130.764 Y209.54 E.1618
G1 X131.339 Y209.54 E.01946
G1 X127.959 Y206.16 E.1618
G1 X128.535 Y206.16 E.0195
G1 X131.915 Y209.54 E.1618
G1 X132.491 Y209.54 E.0195
G1 X129.111 Y206.16 E.1618
G1 X129.686 Y206.16 E.01946
G1 X133.066 Y209.54 E.1618
G1 X133.642 Y209.54 E.0195
G1 X130.262 Y206.16 E.1618
G1 X130.838 Y206.16 E.0195
G1 X134.218 Y209.54 E.1618
G1 X134.794 Y209.54 E.0195
G1 X131.413 Y206.16 E.16182
G1 X131.989 Y206.16 E.0195
G1 X135.369 Y209.54 E.1618
G1 X135.945 Y209.54 E.0195
G1 X132.565 Y206.16 E.1618
G1 X133.141 Y206.16 E.0195
G1 X136.521 Y209.54 E.1618
G1 X137.096 Y209.54 E.01946
G1 X133.716 Y206.16 E.1618
G1 X134.292 Y206.16 E.0195
G1 X137.672 Y209.54 E.1618
G1 X138.248 Y209.54 E.0195
G1 X134.868 Y206.16 E.1618
G1 X135.443 Y206.16 E.01946
G1 X138.823 Y209.54 E.1618
G1 X139.399 Y209.54 E.0195
G1 X136.019 Y206.16 E.1618
G1 X136.595 Y206.16 E.0195
G1 X139.975 Y209.54 E.1618
G1 X140.551 Y209.54 E.0195
G1 X137.17 Y206.16 E.16182
G1 X137.746 Y206.16 E.0195
G1 X141.126 Y209.54 E.1618
G1 X141.702 Y209.54 E.0195
G1 X138.322 Y206.16 E.1618
G1 X138.898 Y206.16 E.0195
G1 X142.278 Y209.54 E.1618
G1 X142.853 Y209.54 E.01946
G1 X139.473 Y206.16 E.1618
G1 X140.049 Y206.16 E.0195
G1 X143.429 Y209.54 E.1618
G1 X144.005 Y209.54 E.0195
G1 X140.625 Y206.16 E.1618
G1 X141.2 Y206.16 E.01946
G1 X144.58 Y209.54 E.1618
G1 X145.156 Y209.54 E.0195
G1 X141.776 Y206.16 E.1618
G1 X142.352 Y206.16 E.0195
G1 X145.732 Y209.54 E.1618
G1 X146.308 Y209.54 E.0195
G1 X142.927 Y206.16 E.16182
G1 X143.503 Y206.16 E.0195
G1 X146.883 Y209.54 E.1618
G1 X147.459 Y209.54 E.0195
G1 X144.079 Y206.16 E.1618
G1 X144.654 Y206.16 E.01946
G1 X148.035 Y209.54 E.16182
G1 X148.61 Y209.54 E.01946
G1 X145.23 Y206.16 E.1618
G1 X145.806 Y206.16 E.0195
G1 X149.186 Y209.54 E.1618
G1 X149.762 Y209.54 E.0195
G1 X146.382 Y206.16 E.1618
G1 X146.957 Y206.16 E.01946
G1 X150.337 Y209.54 E.1618
G1 X150.913 Y209.54 E.0195
G1 X147.533 Y206.16 E.1618
G1 X148.109 Y206.16 E.0195
G1 X151.489 Y209.54 E.1618
G1 X152.064 Y209.54 E.01946
G1 X148.684 Y206.16 E.1618
G1 X149.26 Y206.16 E.0195
G1 X152.64 Y209.54 E.1618
G1 X153.216 Y209.54 E.0195
G1 X149.836 Y206.16 E.1618
G1 X150.411 Y206.16 E.01946
G1 X153.792 Y209.54 E.16182
G1 X154.367 Y209.54 E.01946
G1 X150.987 Y206.16 E.1618
G1 X151.563 Y206.16 E.0195
G1 X154.943 Y209.54 E.1618
G1 X155.519 Y209.54 E.0195
G1 X152.139 Y206.16 E.1618
G1 X152.714 Y206.16 E.01946
G1 X156.094 Y209.54 E.1618
G1 X156.67 Y209.54 E.0195
G1 X153.29 Y206.16 E.1618
G1 X153.866 Y206.16 E.0195
G1 X157.246 Y209.54 E.1618
G1 X157.821 Y209.54 E.01946
G1 X154.441 Y206.16 E.1618
G1 X155.017 Y206.16 E.0195
G1 X158.397 Y209.54 E.1618
G1 X158.973 Y209.54 E.0195
G1 X155.593 Y206.16 E.1618
G1 X156.168 Y206.16 E.01946
G1 X159.549 Y209.54 E.16182
G1 X160.124 Y209.54 E.01946
G1 X156.744 Y206.16 E.1618
G1 X157.32 Y206.16 E.0195
G1 X160.7 Y209.54 E.1618
G1 X161.276 Y209.54 E.0195
G1 X157.896 Y206.16 E.1618
G1 X158.471 Y206.16 E.01946
G1 X161.851 Y209.54 E.1618
G1 X162.651 Y209.638 E.02728
;WIDTH:0.38292
G1 X162.662 Y209.679 E.0012
G1 X162.59 Y209.698 E.00211
G1 X162.61 Y209.627 E.00209
;WIDTH:0.41646
G1 X162.506 Y209.571 E.00367
;WIDTH:0.449999
G1 X162.402 Y209.515 E.004
G1 X159.047 Y206.16 E.1606
G1 X159.623 Y206.16 E.0195
G1 X162.327 Y208.864 E.12944
G1 X162.327 Y208.289 E.01946
G1 X160.198 Y206.16 E.10191
G1 X162.327 Y206.16 E.07206
G1 X162.327 Y207.713 E.05257
G1 X160.918 Y206.304 E.06745
G1 X161.856 Y206.554 F7800
;WIDTH:0.545478
G1 F1200
G1 X161.811 Y206.599 E.00266
G1 X161.828 Y206.659 E.00261
G1 X161.888 Y206.675 E.00259
G1 X161.933 Y206.631 E.00263
G1 X161.916 Y206.57 E.00265
G1 X162.14 Y205.753 F7800
;TYPE:Internal infill
;WIDTH:0.45
G1 F4800
G1 X159.697 Y205.753 E.08269
G1 X158.437 Y204.493 E.06032
G1 X153.674 Y204.493 E.16122
G1 X152.415 Y205.753 E.06029
G1 X148.183 Y205.753 E.14325
G1 X146.923 Y204.493 E.06032
G1 X142.16 Y204.493 E.16122
G1 X140.901 Y205.753 E.06029
G1 X136.669 Y205.753 E.14325
G1 X135.409 Y204.493 E.06032
G1 X130.646 Y204.493 E.16122
G1 X129.387 Y205.753 E.06029
G1 X125.155 Y205.753 E.14325
G1 X123.895 Y204.493 E.06032
G1 X119.132 Y204.493 E.16122
G1 X117.873 Y205.753 E.06029
G1 X113.641 Y205.753 E.14325
G1 X112.381 Y204.493 E.06032
G1 X107.619 Y204.493 E.16119
G1 X106.359 Y205.753 E.06032
G1 X102.127 Y205.753 E.14325
G1 X100.868 Y204.493 E.06029
G1 X96.105 Y204.493 E.16122
G1 X94.845 Y205.753 E.06032
G1 X90.613 Y205.753 E.14325
G1 X89.354 Y204.493 E.06029
G1 X84.591 Y204.493 E.16122
G1 X83.331 Y205.753 E.06032
G1 X79.099 Y205.753 E.14325
G1 X77.84 Y204.493 E.06029
G1 X73.077 Y204.493 E.16122
G1 X71.817 Y205.753 E.06032
G1 X67.585 Y205.753 E.14325
G1 X66.326 Y204.493 E.06029
G1 X61.563 Y204.493 E.16122
G1 X60.303 Y205.753 E.06032
G1 X57.86 Y205.753 E.08269
G1 E-2 F2400
G1 X56.242 Y204.537 F7800
G1 E2 F2400
;TYPE:Top solid infill
;WIDTH:0.421585
G1 F900
G1 X56.641 Y204.936 E.01777
G1 X56.641 Y205.471 E.01685
G1 X55.932 Y204.762 E.03157
G1 X55.912 Y204.762 E.00063
G1 X55.912 Y205.278 E.01625
G1 X57.291 Y206.657 E.0614
G1 X57.291 Y207.193 E.01688
G1 X55.912 Y205.814 E.0614
G1 X55.912 Y206.349 E.01685
G1 X57.291 Y207.728 E.0614
G1 X57.291 Y208.264 E.01688
G1 X55.912 Y206.885 E.0614
G1 X55.912 Y207.42 E.01685
G1 X57.291 Y208.799 E.0614
G1 X57.29 Y209.141 E.01077
G1 X57.264 Y209.308 E.00532
G1 X55.912 Y207.956 E.0602
G1 X55.912 Y208.492 E.01688
G1 X57.147 Y209.726 E.05497
G1 X57.823 Y209.947 F7800
;TYPE:Internal infill
;WIDTH:0.45
G1 F4800
G1 X60.266 Y209.947 E.08269
G1 X61.526 Y211.207 E.06032
G1 X66.363 Y211.207 E.16373
G1 X67.623 Y209.947 E.06032
G1 X71.78 Y209.947 E.14071
G1 X73.04 Y211.207 E.06032
G1 X77.877 Y211.207 E.16373
G1 X79.137 Y209.947 E.06032
G1 X83.294 Y209.947 E.14071
G1 X84.553 Y211.207 E.06029
G1 X89.391 Y211.207 E.16376
G1 X90.65 Y209.947 E.06029
G1 X94.808 Y209.947 E.14074
G1 X96.067 Y211.207 E.06029
G1 X100.905 Y211.207 E.16376
G1 X102.164 Y209.947 E.06029
G1 X106.322 Y209.947 E.14074
G1 X107.581 Y211.207 E.06029
G1 X112.419 Y211.207 E.16376
G1 X113.678 Y209.947 E.06029
G1 X117.836 Y209.947 E.14074
G1 X119.095 Y211.207 E.06029
G1 X123.933 Y211.207 E.16376
G1 X125.192 Y209.947 E.06029
G1 X129.35 Y209.947 E.14074
G1 X130.609 Y211.207 E.06029
G1 X135.447 Y211.207 E.16376
G1 X136.706 Y209.947 E.06029
G1 X140.863 Y209.947 E.14071
G1 X142.123 Y211.207 E.06032
G1 X146.96 Y211.207 E.16373
G1 X148.22 Y209.947 E.06032
G1 X152.377 Y209.947 E.14071
G1 X153.637 Y211.207 E.06032
G1 X158.474 Y211.207 E.16373
G1 X159.734 Y209.947 E.06032
G1 X162.177 Y209.947 E.08269
G1 E-2 F2400
G1 X163.219 Y204.307 F7800
G1 E2 F2400
;TYPE:Top solid infill
;WIDTH:0.406311
G1 F900
G1 X164.088 Y205.176 E.03713
G1 X164.088 Y205.69 E.01553
G1 X163.359 Y204.962 E.03113
G1 X163.359 Y205.476 E.01553
G1 X164.088 Y206.204 E.03113
G1 X164.088 Y206.718 E.01553
G1 X163.33 Y205.96 E.03239
G1 X163.154 Y206.135 E.0075
G1 X162.991 Y206.135 E.00493
G1 X164.088 Y207.232 E.04688
G1 X164.088 Y207.746 E.01553
G1 X162.709 Y206.367 E.05893
G1 X162.709 Y206.881 E.01553
G1 X164.088 Y208.26 E.05893
G1 X164.088 Y208.774 E.01553
G1 X162.709 Y207.395 E.05893
G1 X162.709 Y207.909 E.01553
G1 X163.788 Y208.988 E.04611
G1 X163.523 Y209.061 E.00831
G1 X163.426 Y209.14 E.00378
G1 X162.709 Y208.423 E.03064
G1 X162.709 Y208.937 E.01553
G1 X163.312 Y209.54 E.02577
G1 E-2 F2400
G1 X80.632 Y7.982 F7800
G1 E2 F2400
;TYPE:Perimeter
;WIDTH:0.449999
G1 F3600
G1 X139.368 Y7.982 E1.98814
G1 X139.368 Y16.718 E.2957
G1 X80.632 Y16.718 E1.98814
G1 X80.632 Y8.042 E.29367
G1 X80.225 Y7.575 F7800
;TYPE:External perimeter
G1 F1800
G1 X139.775 Y7.575 E2.01569
G1 X139.775 Y17.125 E.32326
G1 X80.225 Y17.125 E2.01569
G1 X80.225 Y7.635 E.32122
G1 X80.621 Y7.576 F7800
G1 E-2 F2400
G1 X82.617 Y8.287 F7800
G1 E2 F2400
;TYPE:Internal infill
;WIDTH:0.45
G1 F4800
G1 X85.059 Y8.287 E.08266
G1 X80.937 Y12.409 E.19732
G1 X80.937 Y11.854 E.01879
G1 X85.496 Y16.413 E.21824
G1 X88.448 Y16.413 E.09992
G1 X96.573 Y8.287 E.38896
G1 X100.399 Y8.287 E.12951
G1 X108.524 Y16.413 E.38896
G1 X111.476 Y16.413 E.09992
G1 X119.601 Y8.287 E.38896
G1 X123.427 Y8.287 E.12951
G1 X131.552 Y16.413 E.38896
G1 X134.504 Y16.413 E.09992
G1 X139.063 Y11.854 E.21824
G1 X139.063 Y12.409 E.01879
G1 X134.941 Y8.287 E.19732
G1 X131.115 Y8.287 E.12951
G1 X122.99 Y16.413 E.38896
G1 X120.038 Y16.413 E.09992
G1 X111.913 Y8.287 E.38896
G1 X108.087 Y8.287 E.12951
G1 X99.962 Y16.413 E.38896
G1 X97.01 Y16.413 E.09992
G1 X88.885 Y8.287 E.38896
G1 X91.328 Y8.287 E.08269
;LAYER_CHANGE
;Z:3.2
;HEIGHT:0.2
G1 E-2 F2400
G1 Z3.2 F7800
G1 X56.632 Y211.619
G1 E2 F2400
;TYPE:Perimeter
;WIDTH:0.449999
G1 F3600
G1 X56.632 Y204.081 E.25515
G1 X163.368 Y204.081 E3.61288
G1 X163.368 Y211.619 E.25515
G1 X56.692 Y211.619 E3.61085
G1 X56.225 Y212.026 F7800
;TYPE:External perimeter
G1 F1800
G1 X56.225 Y203.674 E.2827
G1 X163.775 Y203.674 E3.64043
G1 X163.775 Y212.026 E.2827
G1 X56.285 Y212.026 E3.6384
G1 X56.226 Y211.631 F7800
G1 E-2 F2400
G1 X58.064 Y210.187 F7800
G1 E2 F2400
;TYPE:Internal infill
;WIDTH:0.45
G1 F4800
G1 X60.506 Y210.187 E.08266
G1 X61.633 Y211.314 E.05395
G1 X66.256 Y211.314 E.15648
G1 X67.382 Y210.187 E.05392
G1 X72.02 Y210.187 E.15699
G1 X73.147 Y211.314 E.05395
G1 X77.77 Y211.314 E.15648
G1 X78.896 Y210.187 E.05392
G1 X83.534 Y210.187 E.15699
G1 X84.66 Y211.314 E.05392
G1 X89.284 Y211.314 E.15652
G1 X90.41 Y210.187 E.05392
G1 X95.048 Y210.187 E.15699
G1 X96.174 Y211.314 E.05392
G1 X100.798 Y211.314 E.15652
G1 X101.924 Y210.187 E.05392
G1 X106.562 Y210.187 E.15699
G1 X107.688 Y211.314 E.05392
G1 X112.312 Y211.314 E.15652
G1 X113.438 Y210.187 E.05392
G1 X118.076 Y210.187 E.15699
G1 X119.202 Y211.314 E.05392
G1 X123.826 Y211.314 E.15652
G1 X124.952 Y210.187 E.05392
G1 X129.59 Y210.187 E.15699
G1 X130.716 Y211.314 E.05392
G1 X135.34 Y211.314 E.15652
G1 X136.466 Y210.187 E.05392
G1 X141.104 Y210.187 E.15699
G1 X142.23 Y211.314 E.05392
G1 X146.853 Y211.314 E.15648
G1 X147.98 Y210.187 E.05395
G1 X152.618 Y210.187 E.15699
G1 X153.744 Y211.314 E.05392
G1 X158.367 Y211.314 E.15648
G1 X159.494 Y210.187 E.05395
G1 X161.936 Y210.187 E.08266
G1 X162.48 Y209.966 F7800
;TYPE:Top solid infill
;WIDTH:0.400374
G1 F900
G1 X163.088 Y209.358 E.02556
G1 X163.088 Y208.853 E.01501
G1 X162.135 Y209.805 E.04004
G1 X161.629 Y209.805 E.01504
G1 X163.088 Y208.347 E.06131
G1 X163.088 Y207.842 E.01501
G1 X161.124 Y209.805 E.08253
G1 X160.618 Y209.805 E.01504
G1 X163.088 Y207.336 E.1038
G1 X163.088 Y206.831 E.01501
G1 X160.113 Y209.805 E.12503
G1 X159.607 Y209.805 E.01504
G1 X163.088 Y206.325 E.1463
G1 X163.088 Y205.895 E.01278
G1 X163.013 Y205.895 E.00223
G1 X159.102 Y209.805 E.16437
G1 X158.596 Y209.805 E.01504
G1 X162.507 Y205.895 E.16437
G1 X162.001 Y205.895 E.01504
G1 X158.091 Y209.805 E.16435
G1 X157.585 Y209.805 E.01504
G1 X161.496 Y205.895 E.16437
G1 X160.99 Y205.895 E.01504
G1 X157.08 Y209.805 E.16435
G1 X156.574 Y209.805 E.01504
G1 X160.485 Y205.895 E.16437
G1 X159.979 Y205.895 E.01504
G1 X156.069 Y209.805 E.16435
G1 X155.563 Y209.805 E.01504
G1 X159.474 Y205.895 E.16437
G1 X158.968 Y205.895 E.01504
G1 X155.058 Y209.805 E.16435
G1 X154.552 Y209.805 E.01504
G1 X158.463 Y205.895 E.16437
G1 X157.957 Y205.895 E.01504
G1 X154.047 Y209.805 E.16435
G1 X153.541 Y209.805 E.01504
G1 X157.452 Y205.895 E.16437
G1 X156.946 Y205.895 E.01504
G1 X153.036 Y209.805 E.16435
G1 X152.53 Y209.805 E.01504
G1 X156.441 Y205.895 E.16437
G1 X155.935 Y205.895 E.01504
G1 X152.025 Y209.805 E.16435
G1 X151.519 Y209.805 E.01504
G1 X155.43 Y205.895 E.16437
G1 X154.924 Y205.895 E.01504
G1 X151.014 Y209.805 E.16435
G1 X150.508 Y209.805 E.01504
G1 X154.419 Y205.895 E.16437
G1 X153.913 Y205.895 E.01504
G1 X150.002 Y209.805 E.16437
G1 X149.497 Y209.805 E.01501
G1 X153.408 Y205.895 E.16437
G1 X152.902 Y205.895 E.01504
G1 X148.991 Y209.805 E.16437
G1 X148.486 Y209.805 E.01501
G1 X152.397 Y205.895 E.16437
G1 X151.891 Y205.895 E.01504
G1 X147.98 Y209.805 E.16437
G1 X147.475 Y209.805 E.01501
G1 X151.386 Y205.895 E.16437
G1 X150.88 Y205.895 E.01504
G1 X146.969 Y209.805 E.16437
G1 X146.464 Y209.805 E.01501
G1 X150.375 Y205.895 E.16437
G1 X149.869 Y205.895 E.01504
G1 X145.958 Y209.805 E.16437
G1 X145.453 Y209.805 E.01501
G1 X149.364 Y205.895 E.16437
G1 X148.858 Y205.895 E.01504
G1 X144.947 Y209.805 E.16437
G1 X144.442 Y209.805 E.01501
G1 X148.353 Y205.895 E.16437
G1 X147.847 Y205.895 E.01504
G1 X143.936 Y209.805 E.16437
G1 X143.431 Y209.805 E.01501
G1 X147.342 Y205.895 E.16437
G1 X146.836 Y205.895 E.01504
G1 X142.925 Y209.805 E.16437
G1 X142.42 Y209.805 E.01501
G1 X146.33 Y205.895 E.16435
G1 X145.825 Y205.895 E.01501
G1 X141.914 Y209.805 E.16437
G1 X141.409 Y209.805 E.01501
G1 X145.319 Y205.895 E.16435
G1 X144.814 Y205.895 E.01501
G1 X140.903 Y209.805 E.16437
G1 X140.398 Y209.805 E.01501
G1 X144.308 Y205.895 E.16435
G1 X143.803 Y205.895 E.01501
G1 X139.892 Y209.805 E.16437
G1 X139.387 Y209.805 E.01501
G1 X143.297 Y205.895 E.16435
G1 X142.792 Y205.895 E.01501
G1 X138.881 Y209.805 E.16437
G1 X138.376 Y209.805 E.01501
G1 X142.286 Y205.895 E.16435
G1 X141.781 Y205.895 E.01501
G1 X137.87 Y209.805 E.16437
G1 X137.365 Y209.805 E.01501
G1 X141.275 Y205.895 E.16435
G1 X140.77 Y205.895 E.01501
G1 X136.859 Y209.805 E.16437
G1 X136.354 Y209.805 E.01501
G1 X140.264 Y205.895 E.16435
G1 X139.759 Y205.895 E.01501
G1 X135.848 Y209.805 E.16437
G1 X135.343 Y209.805 E.01501
G1 X139.253 Y205.895 E.16435
G1 X138.748 Y205.895 E.01501
G1 X134.837 Y209.805 E.16437
G1 X134.331 Y209.805 E.01504
G1 X138.242 Y205.895 E.16437
G1 X137.737 Y205.895 E.01501
G1 X133.826 Y209.805 E.16437
G1 X133.32 Y209.805 E.01504
G1 X137.231 Y205.895 E.16437
G1 X136.726 Y205.895 E.01501
G1 X132.815 Y209.805 E.16437
G1 X132.309 Y209.805 E.01504
G1 X136.22 Y205.895 E.16437
G1 X135.715 Y205.895 E.01501
G1 X131.804 Y209.805 E.16437
G1 X131.298 Y209.805 E.01504
G1 X135.209 Y205.895 E.16437
G1 X134.704 Y205.895 E.01501
G1 X130.793 Y209.805 E.16437
G1 X130.287 Y209.805 E.01504
G1 X134.198 Y205.895 E.16437
G1 X133.693 Y205.895 E.01501
G1 X129.782 Y209.805 E.16437
G1 X129.276 Y209.805 E.01504
G1 X133.187 Y205.895 E.16437
G1 X132.682 Y205.895 E.01501
G1 X128.771 Y209.805 E.16437
G1 X128.265 Y209.805 E.01504
G1 X132.176 Y205.895 E.16437
G1 X131.671 Y205.895 E.01501
G1 X127.76 Y209.805 E.16437
G1 X127.254 Y209.805 E.01504
G1 X131.165 Y205.895 E.16437
G1 X130.659 Y205.895 E.01504
G1 X126.749 Y209.805 E.16435
G1 X126.243 Y209.805 E.01504
G1 X130.154 Y205.895 E.16437
G1 X129.648 Y205.895 E.01504
G1 X125.738 Y209.805 E.16435
G1 X125.232 Y209.805 E.01504
G1 X129.143 Y205.895 E.16437
G1 X128.637 Y205.895 E.01504
G1 X124.727 Y209.805 E.16435
G1 X124.221 Y209.805 E.01504
G1 X128.132 Y205.895 E.16437
G1 X127.626 Y205.895 E.01504
G1 X123.716 Y209.805 E.16435
G1 X123.21 Y209.805 E.01504
G1 X127.121 Y205.895 E.16437
G1 X126.615 Y205.895 E.01504
G1 X122.705 Y209.805 E.16435
G1 X122.199 Y209.805 E.01504
G1 X126.11 Y205.895 E.16437
G1 X125.604 Y205.895 E.01504
G1 X121.694 Y209.805 E.16435
G1 X121.188 Y209.805 E.01504
G1 X125.099 Y205.895 E.16437
G1 X124.593 Y205.895 E.01504
G1 X120.683 Y209.805 E.16435
G1 X120.177 Y209.805 E.01504
G1 X124.088 Y205.895 E.16437
G1 X123.582 Y205.895 E.01504
G1 X119.671 Y209.805 E.16437
G1 X119.166 Y209.805 E.01501
G1 X123.077 Y205.895 E.16437
G1 X122.571 Y205.895 E.01504
G1 X118.66 Y209.805 E.16437
G1 X118.155 Y209.805 E.01501
G1 X122.066 Y205.895 E.16437
G1 X121.56 Y205.895 E.01504
G1 X117.649 Y209.805 E.16437
G1 X117.144 Y209.805 E.01501
G1 X121.055 Y205.895 E.16437
G1 X120.549 Y205.895 E.01504
G1 X116.638 Y209.805 E.16437
G1 X116.133 Y209.805 E.01501
G1 X120.044 Y205.895 E.16437
G1 X119.538 Y205.895 E.01504
G1 X115.627 Y209.805 E.16437
G1 X115.122 Y209.805 E.01501
G1 X119.033 Y205.895 E.16437
G1 X118.527 Y205.895 E.01504
G1 X114.616 Y209.805 E.16437
G1 X114.111 Y209.805 E.01501
G1 X118.022 Y205.895 E.16437
G1 X117.516 Y205.895 E.01504
G1 X113.605 Y209.805 E.16437
G1 X113.1 Y209.805 E.01501
G1 X117.011 Y205.895 E.16437
G1 X116.505 Y205.895 E.01504
G1 X112.594 Y209.805 E.16437
G1 X112.089 Y209.805 E.01501
G1 X116 Y205.895 E.16437
G1 X115.494 Y205.895 E.01504
G1 X111.583 Y209.805 E.16437
G1 X111.078 Y209.805 E.01501
G1 X114.988 Y205.895 E.16435
G1 X114.483 Y205.895 E.01501
G1 X110.572 Y209.805 E.16437
G1 X110.067 Y209.805 E.01501
G1 X113.977 Y205.895 E.16435
G1 X113.472 Y205.895 E.01501
G1 X109.561 Y209.805 E.16437
G1 X109.056 Y209.805 E.01501
G1 X112.966 Y205.895 E.16435
G1 X112.461 Y205.895 E.01501
G1 X108.55 Y209.805 E.16437
G1 X108.045 Y209.805 E.01501
G1 X111.955 Y205.895 E.16435
G1 X111.45 Y205.895 E.01501
G1 X107.539 Y209.805 E.16437
G1 X107.034 Y209.805 E.01501
G1 X110.944 Y205.895 E.16435
G1 X110.439 Y205.895 E.01501
G1 X106.528 Y209.805 E.16437
G1 X106.023 Y209.805 E.01501
G1 X109.933 Y205.895 E.16435
G1 X109.428 Y205.895 E.01501
G1 X105.517 Y209.805 E.16437
G1 X105.012 Y209.805 E.01501
G1 X108.922 Y205.895 E.16435
G1 X108.417 Y205.895 E.01501
G1 X104.506 Y209.805 E.16437
G1 X104 Y209.805 E.01504
G1 X107.911 Y205.895 E.16437
G1 X107.406 Y205.895 E.01501
G1 X103.495 Y209.805 E.16437
G1 X102.989 Y209.805 E.01504
G1 X106.9 Y205.895 E.16437
G1 X106.395 Y205.895 E.01501
G1 X102.484 Y209.805 E.16437
G1 X101.978 Y209.805 E.01504
G1 X105.889 Y205.895 E.16437
G1 X105.384 Y205.895 E.01501
G1 X101.473 Y209.805 E.16437
G1 X100.967 Y209.805 E.01504
G1 X104.878 Y205.895 E.16437
G1 X104.373 Y205.895 E.01501
G1 X100.462 Y209.805 E.16437
G1 X99.956 Y209.805 E.01504
G1 X103.867 Y205.895 E.16437
G1 X103.362 Y205.895 E.01501
G1 X99.451 Y209.805 E.16437
G1 X98.945 Y209.805 E.01504
G1 X102.856 Y205.895 E.16437
G1 X102.351 Y205.895 E.01501
G1 X98.44 Y209.805 E.16437
G1 X97.934 Y209.805 E.01504
G1 X101.845 Y205.895 E.16437
G1 X101.34 Y205.895 E.01501
G1 X97.429 Y209.805 E.16437
G1 X96.923 Y209.805 E.01504
G1 X100.834 Y205.895 E.16437
G1 X100.328 Y205.895 E.01504
G1 X96.418 Y209.805 E.16435
G1 X95.912 Y209.805 E.01504
G1 X99.823 Y205.895 E.16437
G1 X99.317 Y205.895 E.01504
G1 X95.407 Y209.805 E.16435
G1 X94.901 Y209.805 E.01504
G1 X98.812 Y205.895 E.16437
G1 X98.306 Y205.895 E.01504
G1 X94.396 Y209.805 E.16435
G1 X93.89 Y209.805 E.01504
G1 X97.801 Y205.895 E.16437
G1 X97.295 Y205.895 E.01504
G1 X93.385 Y209.805 E.16435
G1 X92.879 Y209.805 E.01504
G1 X96.79 Y205.895 E.16437
G1 X96.284 Y205.895 E.01504
G1 X92.374 Y209.805 E.16435
G1 X91.868 Y209.805 E.01504
G1 X95.779 Y205.895 E.16437
G1 X95.273 Y205.895 E.01504
G1 X91.363 Y209.805 E.16435
G1 X90.857 Y209.805 E.01504
G1 X94.768 Y205.895 E.16437
G1 X94.262 Y205.895 E.01504
G1 X90.352 Y209.805 E.16435
G1 X89.846 Y209.805 E.01504
G1 X93.757 Y205.895 E.16437
G1 X93.251 Y205.895 E.01504
G1 X89.341 Y209.805 E.16435
G1 X88.835 Y209.805 E.01504
G1 X92.746 Y205.895 E.16437
G1 X92.24 Y205.895 E.01504
G1 X88.329 Y209.805 E.16437
G1 X87.824 Y209.805 E.01501
G1 X91.735 Y205.895 E.16437
G1 X91.229 Y205.895 E.01504
G1 X87.318 Y209.805 E.16437
G1 X86.813 Y209.805 E.01501
G1 X90.724 Y205.895 E.16437
G1 X90.218 Y205.895 E.01504
G1 X86.307 Y209.805 E.16437
G1 X85.802 Y209.805 E.01501
G1 X89.713 Y205.895 E.16437
G1 X89.207 Y205.895 E.01504
G1 X85.296 Y209.805 E.16437
G1 X84.791 Y209.805 E.01501
G1 X88.702 Y205.895 E.16437
G1 X88.196 Y205.895 E.01504
G1 X84.285 Y209.805 E.16437
G1 X83.78 Y209.805 E.01501
G1 X87.691 Y205.895 E.16437
G1 X87.185 Y205.895 E.01504
G1 X83.274 Y209.805 E.16437
G1 X82.769 Y209.805 E.01501
G1 X86.68 Y205.895 E.16437
G1 X86.174 Y205.895 E.01504
G1 X82.263 Y209.805 E.16437
G1 X81.758 Y209.805 E.01501
G1 X85.669 Y205.895 E.16437
G1 X85.163 Y205.895 E.01504
G1 X81.252 Y209.805 E.16437
G1 X80.747 Y209.805 E.01501
G1 X84.657 Y205.895 E.16435
G1 X84.152 Y205.895 E.01501
G1 X80.241 Y209.805 E.16437
G1 X79.736 Y209.805 E.01501
G1 X83.646 Y205.895 E.16435
G1 X83.141 Y205.895 E.01501
G1 X79.23 Y209.805 E.16437
G1 X78.725 Y209.805 E.01501
G1 X82.635 Y205.895 E.16435
G1 X82.13 Y205.895 E.01501
G1 X78.219 Y209.805 E.16437
G1 X77.714 Y209.805 E.01501
G1 X81.624 Y205.895 E.16435
G1 X81.119 Y205.895 E.01501
G1 X77.208 Y209.805 E.16437
G1 X76.703 Y209.805 E.01501
G1 X80.613 Y205.895 E.16435
G1 X80.108 Y205.895 E.01501
G1 X76.197 Y209.805 E.16437
G1 X75.692 Y209.805 E.01501
G1 X79.602 Y205.895 E.16435
G1 X79.097 Y205.895 E.01501
G1 X75.186 Y209.805 E.16437
G1 X74.681 Y209.805 E.01501
G1 X78.591 Y205.895 E.16435
G1 X78.086 Y205.895 E.01501
G1 X74.175 Y209.805 E.16437
G1 X73.67 Y209.805 E.01501
G1 X77.58 Y205.895 E.16435
G1 X77.075 Y205.895 E.01501
G1 X73.164 Y209.805 E.16437
G1 X72.658 Y209.805 E.01504
G1 X76.569 Y205.895 E.16437
G1 X76.064 Y205.895 E.01501
G1 X72.153 Y209.805 E.16437
G1 X71.647 Y209.805 E.01504
G1 X75.558 Y205.895 E.16437
G1 X75.053 Y205.895 E.01501
G1 X71.142 Y209.805 E.16437
G1 X70.636 Y209.805 E.01504
G1 X74.547 Y205.895 E.16437
G1 X74.042 Y205.895 E.01501
G1 X70.131 Y209.805 E.16437
G1 X69.625 Y209.805 E.01504
G1 X73.536 Y205.895 E.16437
G1 X73.031 Y205.895 E.01501
G1 X69.12 Y209.805 E.16437
G1 X68.614 Y209.805 E.01504
G1 X72.525 Y205.895 E.16437
G1 X72.02 Y205.895 E.01501
G1 X68.109 Y209.805 E.16437
G1 X67.603 Y209.805 E.01504
G1 X71.514 Y205.895 E.16437
G1 X71.009 Y205.895 E.01501
G1 X67.098 Y209.805 E.16437
G1 X66.592 Y209.805 E.01504
G1 X70.503 Y205.895 E.16437
G1 X69.998 Y205.895 E.01501
G1 X66.087 Y209.805 E.16437
G1 X65.581 Y209.805 E.01504
G1 X69.492 Y205.895 E.16437
G1 X68.986 Y205.895 E.01504
G1 X65.076 Y209.805 E.16435
G1 X64.57 Y209.805 E.01504
G1 X68.481 Y205.895 E.16437
G1 X67.975 Y205.895 E.01504
G1 X64.065 Y209.805 E.16435
G1 X63.559 Y209.805 E.01504
G1 X67.47 Y205.895 E.16437
G1 X66.964 Y205.895 E.01504
G1 X63.054 Y209.805 E.16435
G1 X62.548 Y209.805 E.01504
G1 X66.459 Y205.895 E.16437
G1 X65.953 Y205.895 E.01504
G1 X62.043 Y209.805 E.16435
G1 X61.537 Y209.805 E.01504
G1 X65.448 Y205.895 E.16437
G1 X64.942 Y205.895 E.01504
G1 X61.032 Y209.805 E.16435
G1 X60.526 Y209.805 E.01504
G1 X64.437 Y205.895 E.16437
G1 X63.931 Y205.895 E.01504
G1 X60.021 Y209.805 E.16435
G1 X59.515 Y209.805 E.01504
G1 X63.426 Y205.895 E.16437
G1 X62.92 Y205.895 E.01504
G1 X59.01 Y209.805 E.16435
G1 X58.504 Y209.805 E.01504
G1 X62.415 Y205.895 E.16437
G1 X61.909 Y205.895 E.01504
G1 X57.998 Y209.805 E.16437
G1 X57.493 Y209.805 E.01501
G1 X61.404 Y205.895 E.16437
G1 X60.898 Y205.895 E.01504
G1 X56.987 Y209.805 E.16437
G1 X56.912 Y209.805 E.00223
G1 X56.912 Y209.375 E.01278
G1 X60.393 Y205.895 E.1463
G1 X59.887 Y205.895 E.01504
G1 X56.912 Y208.869 E.12503
G1 X56.912 Y208.364 E.01501
G1 X59.382 Y205.895 E.1038
G1 X58.876 Y205.895 E.01504
G1 X56.912 Y207.858 E.08253
G1 X56.912 Y207.353 E.01501
G1 X58.371 Y205.895 E.06131
G1 X57.865 Y205.895 E.01504
G1 X56.912 Y206.847 E.04004
G1 X56.912 Y206.342 E.01501
G1 X57.52 Y205.734 E.02556
G1 X58.101 Y205.513 F7800
;TYPE:Internal infill
;WIDTH:0.45
G1 F4800
G1 X60.543 Y205.513 E.08266
G1 X61.67 Y204.386 E.05395
G1 X66.219 Y204.386 E.15398
G1 X67.345 Y205.513 E.05392
G1 X72.057 Y205.513 E.1595
G1 X73.184 Y204.386 E.05395
G1 X77.733 Y204.386 E.15398
G1 X78.859 Y205.513 E.05392
G1 X83.571 Y205.513 E.1595
G1 X84.698 Y204.386 E.05395
G1 X89.247 Y204.386 E.15398
G1 X90.373 Y205.513 E.05392
G1 X95.085 Y205.513 E.1595
G1 X96.212 Y204.386 E.05395
G1 X100.761 Y204.386 E.15398
G1 X101.887 Y205.513 E.05392
G1 X106.599 Y205.513 E.1595
G1 X107.725 Y204.386 E.05392
G1 X112.274 Y204.386 E.15398
G1 X113.401 Y205.513 E.05395
G1 X118.113 Y205.513 E.1595
G1 X119.239 Y204.386 E.05392
G1 X123.788 Y204.386 E.15398
G1 X124.915 Y205.513 E.05395
G1 X129.627 Y205.513 E.1595
G1 X130.753 Y204.386 E.05392
G1 X135.302 Y204.386 E.15398
G1 X136.429 Y205.513 E.05395
G1 X141.141 Y205.513 E.1595
G1 X142.267 Y204.386 E.05392
G1 X146.816 Y204.386 E.15398
G1 X147.943 Y205.513 E.05395
G1 X152.655 Y205.513 E.1595
G1 X153.781 Y204.386 E.05392
G1 X158.33 Y204.386 E.15398
G1 X159.457 Y205.513 E.05395
G1 X161.899 Y205.513 E.08266
G1 E-2 F2400
G1 X80.632 Y7.982 F7800
G1 E2 F2400
;TYPE:Perimeter
;WIDTH:0.449999
G1 F3600
G1 X139.368 Y7.982 E1.98814
G1 X139.368 Y16.718 E.2957
G1 X80.632 Y16.718 E1.98814
G1 X80.632 Y8.042 E.29367
G1 X80.225 Y7.575 F7800
;TYPE:External perimeter
G1 F1800
G1 X139.775 Y7.575 E2.01569
G1 X139.775 Y17.125 E.32326
G1 X80.225 Y17.125 E2.01569
G1 X80.225 Y7.635 E.32122
G1 X80.621 Y7.576 F7800
G1 E-2 F2400
G1 X82.617 Y8.287 F7800
G1 E2 F2400
;TYPE:Internal infill
;WIDTH:0.45
G1 F4800
G1 X85.059 Y8.287 E.08266
G1 X80.937 Y12.409 E.19732
G1 X80.937 Y11.854 E.01879
G1 X85.496 Y16.413 E.21824
G1 X88.448 Y16.413 E.09992
G1 X96.573 Y8.287 E.38896
G1 X100.399 Y8.287 E.12951
G1 X108.524 Y16.413 E.38896
G1 X111.476 Y16.413 E.09992
G1 X119.601 Y8.287 E.38896
G1 X123.427 Y8.287 E.12951
G1 X131.552 Y16.413 E.38896
G1 X134.504 Y16.413 E.09992
G1 X139.063 Y11.854 E.21824
G1 X139.063 Y12.409 E.01879
G1 X134.941 Y8.287 E.19732
G1 X131.115 Y8.287 E.12951
G1 X122.99 Y16.413 E.38896
G1 X120.038 Y16.413 E.09992
G1 X111.913 Y8.287 E.38896
G1 X108.087 Y8.287 E.12951
G1 X99.962 Y16.413 E.38896
G1 X97.01 Y16.413 E.09992
G1 X88.885 Y8.287 E.38896
G1 X91.328 Y8.287 E.08269
M106 S94.35
;LAYER_CHANGE
;Z:3.4
;HEIGHT:0.2
G1 E-2 F2400
G1 Z3.4 F7800
G1 X80.632 Y7.982
G1 E2 F2400
;TYPE:Perimeter
;WIDTH:0.449999
G1 F3600
G1 X139.368 Y7.982 E1.98814
G1 X139.368 Y16.718 E.2957
G1 X80.632 Y16.718 E1.98814
G1 X80.632 Y8.042 E.29367
G1 X80.225 Y7.575 F7800
;TYPE:External perimeter
G1 F1800
G1 X139.775 Y7.575 E2.01569
G1 X139.775 Y17.125 E.32326
G1 X80.225 Y17.125 E2.01569
G1 X80.225 Y7.635 E.32122
G1 X80.621 Y7.576 F7800
G1 E-2 F2400
G1 X82.617 Y8.287 F7800
G1 E2 F2400
;TYPE:Internal infill
;WIDTH:0.45
G1 F4800
G1 X85.059 Y8.287 E.08266
G1 X80.937 Y12.409 E.19732
G1 X80.937 Y11.854 E.01879
G1 X85.496 Y16.413 E.21824
G1 X88.448 Y16.413 E.09992
G1 X96.573 Y8.287 E.38896
G1 X100.399 Y8.287 E.12951
G1 X108.524 Y16.413 E.38896
G1 X111.476 Y16.413 E.09992
G1 X119.601 Y8.287 E.38896
G1 X123.427 Y8.287 E.12951
G1 X131.552 Y16.413 E.38896
G1 X134.504 Y16.413 E.09992
G1 X139.063 Y11.854 E.21824
G1 X139.063 Y12.409 E.01879
G1 X134.941 Y8.287 E.19732
G1 X131.115 Y8.287 E.12951
G1 X122.99 Y16.413 E.38896
G1 X120.038 Y16.413 E.09992
G1 X111.913 Y8.287 E.38896
G1 X108.087 Y8.287 E.12951
G1 X99.962 Y16.413 E.38896
G1 X97.01 Y16.413 E.09992
G1 X88.885 Y8.287 E.38896
G1 X91.328 Y8.287 E.08269
G1 E-2 F2400
G1 X163.368 Y206.493 F7800
G1 E2 F2400
;TYPE:Perimeter
;WIDTH:0.449999
G1 F3600
G1 X56.632 Y206.493 E3.61288
G1 X56.632 Y204.006 E.08418
G1 X163.368 Y204.006 E3.61288
G1 X163.368 Y206.433 E.08215
G1 X163.775 Y206.9 F7800
;TYPE:External perimeter
G1 F1800
G1 X56.225 Y206.9 E3.64043
G1 X56.225 Y203.598 E.11177
G1 X163.775 Y203.598 E3.64043
G1 X163.775 Y206.84 E.10974
G1 X163.379 Y206.899 F7800
G1 E-2 F2400
G1 X161.735 Y205.348 F7800
G1 E2 F2400
;TYPE:Internal infill
;WIDTH:0.45
G1 F4800
G1 X159.292 Y205.348 E.08269
G1 X158.255 Y204.311 E.04964
G1 X153.857 Y204.311 E.14887
G1 X152.819 Y205.348 E.04966
G1 X147.779 Y205.348 E.1706
G1 X146.741 Y204.311 E.04966
G1 X142.343 Y204.311 E.14887
G1 X141.305 Y205.348 E.04966
G1 X136.265 Y205.348 E.1706
G1 X135.227 Y204.311 E.04966
G1 X130.829 Y204.311 E.14887
G1 X129.791 Y205.348 E.04966
G1 X124.751 Y205.348 E.1706
G1 X123.713 Y204.311 E.04966
G1 X119.315 Y204.311 E.14887
G1 X118.277 Y205.348 E.04966
G1 X113.237 Y205.348 E.1706
G1 X112.199 Y204.311 E.04966
G1 X107.801 Y204.311 E.14887
G1 X106.763 Y205.348 E.04966
G1 X101.723 Y205.348 E.1706
G1 X100.685 Y204.311 E.04966
G1 X96.287 Y204.311 E.14887
G1 X95.249 Y205.348 E.04966
G1 X90.209 Y205.348 E.1706
G1 X89.171 Y204.311 E.04966
G1 X84.773 Y204.311 E.14887
G1 X83.735 Y205.348 E.04966
G1 X78.695 Y205.348 E.1706
G1 X77.657 Y204.311 E.04966
G1 X73.259 Y204.311 E.14887
G1 X72.221 Y205.348 E.04966
G1 X67.181 Y205.348 E.1706
G1 X66.143 Y204.311 E.04966
G1 X61.745 Y204.311 E.14887
G1 X60.708 Y205.348 E.04964
G1 X58.265 Y205.348 E.08269
G1 X56.944 Y206.181 F7800
;TYPE:Solid infill
;WIDTH:0.462681
G1 F1200
G1 X56.944 Y205.762 E.01462
G1 X163.056 Y205.762 E3.70366
G1 X163.056 Y206.181 E.01462
G1 X57.147 Y206.181 E3.69657
G1 E-2 F2400
G1 X56.632 Y211.694 F7800
G1 E2 F2400
;TYPE:Perimeter
;WIDTH:0.449999
G1 F3600
G1 X56.632 Y209.207 E.08418
G1 X163.368 Y209.207 E3.61288
G1 X163.368 Y211.694 E.08418
G1 X56.692 Y211.694 E3.61085
G1 X56.225 Y212.102 F7800
;TYPE:External perimeter
G1 F1800
G1 X56.225 Y208.8 E.11177
G1 X163.775 Y208.8 E3.64043
G1 X163.775 Y212.102 E.11177
G1 X56.285 Y212.102 E3.6384
G1 X56.226 Y211.706 F7800
G1 E-2 F2400
G1 X58.228 Y210.352 F7800
G1 E2 F2400
;TYPE:Internal infill
;WIDTH:0.45
G1 F4800
G1 X60.67 Y210.352 E.08266
G1 X61.708 Y211.389 E.04966
G1 X66.181 Y211.389 E.15141
G1 X67.218 Y210.352 E.04964
G1 X72.184 Y210.352 E.16809
G1 X73.222 Y211.389 E.04966
G1 X77.695 Y211.389 E.15141
G1 X78.732 Y210.352 E.04964
G1 X83.698 Y210.352 E.16809
G1 X84.736 Y211.389 E.04966
G1 X89.209 Y211.389 E.15141
G1 X90.246 Y210.352 E.04964
G1 X95.212 Y210.352 E.16809
G1 X96.25 Y211.389 E.04966
G1 X100.722 Y211.389 E.15137
G1 X101.76 Y210.352 E.04966
G1 X106.726 Y210.352 E.16809
G1 X107.764 Y211.389 E.04966
G1 X112.236 Y211.389 E.15137
G1 X113.274 Y210.352 E.04966
G1 X118.24 Y210.352 E.16809
G1 X119.278 Y211.389 E.04966
G1 X123.75 Y211.389 E.15137
G1 X124.788 Y210.352 E.04966
G1 X129.754 Y210.352 E.16809
G1 X130.791 Y211.389 E.04964
G1 X135.264 Y211.389 E.15141
G1 X136.302 Y210.352 E.04966
G1 X141.268 Y210.352 E.16809
G1 X142.305 Y211.389 E.04964
G1 X146.778 Y211.389 E.15141
G1 X147.816 Y210.352 E.04966
G1 X152.782 Y210.352 E.16809
G1 X153.819 Y211.389 E.04964
G1 X158.292 Y211.389 E.15141
G1 X159.33 Y210.352 E.04966
G1 X161.772 Y210.352 E.08266
G1 E-2 F2400
G1 X56.944 Y209.519 F7800
G1 E2 F2400
;TYPE:Solid infill
;WIDTH:0.462682
G1 F1200
G1 X163.056 Y209.519 E3.70366
G1 X163.056 Y209.938 E.01462
G1 X56.944 Y209.938 E3.70366
G1 X56.944 Y209.722 E.00754
M106 S91.8
;LAYER_CHANGE
;Z:3.6
;HEIGHT:0.2
G1 E-2 F2400
G1 Z3.6 F7800
G1 X80.632 Y7.982
G1 E2 F2400
;TYPE:Perimeter
;WIDTH:0.449999
G1 F3600
G1 X139.368 Y7.982 E1.98814
G1 X139.368 Y16.718 E.2957
G1 X80.632 Y16.718 E1.98814
G1 X80.632 Y8.042 E.29367
G1 X80.225 Y7.575 F7800
;TYPE:External perimeter
G1 F1800
G1 X139.775 Y7.575 E2.01569
G1 X139.775 Y17.125 E.32326
G1 X80.225 Y17.125 E2.01569
G1 X80.225 Y7.635 E.32122
G1 X80.621 Y7.576 F7800
G1 E-2 F2400
G1 X82.617 Y8.287 F7800
G1 E2 F2400
;TYPE:Internal infill
;WIDTH:0.45
G1 F4800
G1 X85.059 Y8.287 E.08266
G1 X80.937 Y12.409 E.19732
G1 X80.937 Y11.854 E.01879
G1 X85.496 Y16.413 E.21824
G1 X88.448 Y16.413 E.09992
G1 X96.573 Y8.287 E.38896
G1 X100.399 Y8.287 E.12951
G1 X108.524 Y16.413 E.38896
G1 X111.476 Y16.413 E.09992
G1 X119.601 Y8.287 E.38896
G1 X123.427 Y8.287 E.12951
G1 X131.552 Y16.413 E.38896
G1 X134.504 Y16.413 E.09992
G1 X139.063 Y11.854 E.21824
G1 X139.063 Y12.409 E.01879
G1 X134.941 Y8.287 E.19732
G1 X131.115 Y8.287 E.12951
G1 X122.99 Y16.413 E.38896
G1 X120.038 Y16.413 E.09992
G1 X111.913 Y8.287 E.38896
G1 X108.087 Y8.287 E.12951
G1 X99.962 Y16.413 E.38896
G1 X97.01 Y16.413 E.09992
G1 X88.885 Y8.287 E.38896
G1 X91.328 Y8.287 E.08269
G1 E-2 F2400
G1 X163.368 Y206.144 F7800
G1 E2 F2400
;TYPE:Perimeter
;WIDTH:0.449999
G1 F3600
G1 X56.632 Y206.144 E3.61288
G1 X56.632 Y203.945 E.07443
G1 X163.368 Y203.945 E3.61288
G1 X163.368 Y206.084 E.0724
G1 X163.775 Y206.551 F7800
;TYPE:External perimeter
G1 F1800
G1 X56.225 Y206.551 E3.64043
G1 X56.225 Y203.538 E.10199
G1 X163.775 Y203.538 E3.64043
G1 X163.775 Y206.491 E.09996
G1 X163.379 Y206.55 F7800
G1 X163.112 Y205.579
;TYPE:Solid infill
;WIDTH:0.351745
G1 F1200
G1 X163.112 Y205.887 E.00791
G1 X56.888 Y205.887 E2.72772
G1 X56.888 Y205.579 E.00791
G1 X162.908 Y205.579 E2.72248
G1 X161.607 Y205.221 F7800
;TYPE:Internal infill
;WIDTH:0.45
G1 F4800
G1 X159.165 Y205.221 E.08266
G1 X158.194 Y204.25 E.04648
G1 X153.917 Y204.25 E.14477
G1 X152.947 Y205.221 E.04646
G1 X147.651 Y205.221 E.17926
G1 X146.681 Y204.25 E.04646
G1 X142.403 Y204.25 E.14481
G1 X141.433 Y205.221 E.04646
G1 X136.137 Y205.221 E.17926
G1 X135.167 Y204.25 E.04646
G1 X130.889 Y204.25 E.14481
G1 X129.919 Y205.221 E.04646
G1 X124.623 Y205.221 E.17926
G1 X123.653 Y204.25 E.04646
G1 X119.375 Y204.25 E.14481
G1 X118.405 Y205.221 E.04646
G1 X113.109 Y205.221 E.17926
G1 X112.139 Y204.25 E.04646
G1 X107.861 Y204.25 E.14481
G1 X106.891 Y205.221 E.04646
G1 X101.595 Y205.221 E.17926
G1 X100.625 Y204.25 E.04646
G1 X96.347 Y204.25 E.14481
G1 X95.377 Y205.221 E.04646
G1 X90.081 Y205.221 E.17926
G1 X89.111 Y204.25 E.04646
G1 X84.833 Y204.25 E.14481
G1 X83.863 Y205.221 E.04646
G1 X78.567 Y205.221 E.17926
G1 X77.597 Y204.25 E.04646
G1 X73.319 Y204.25 E.14481
G1 X72.349 Y205.221 E.04646
G1 X67.053 Y205.221 E.17926
G1 X66.083 Y204.25 E.04646
G1 X61.805 Y204.25 E.14481
G1 X60.835 Y205.221 E.04646
G1 X58.393 Y205.221 E.08266
G1 E-2 F2400
G1 X56.632 Y211.755 F7800
G1 E2 F2400
;TYPE:Perimeter
;WIDTH:0.449999
G1 F3600
G1 X56.632 Y209.556 E.07443
G1 X163.368 Y209.556 E3.61288
G1 X163.368 Y211.755 E.07443
G1 X56.692 Y211.755 E3.61085
G1 X56.225 Y212.162 F7800
;TYPE:External perimeter
G1 F1800
G1 X56.225 Y209.149 E.10199
G1 X163.775 Y209.149 E3.64043
G1 X163.775 Y212.162 E.10199
G1 X56.285 Y212.162 E3.6384
G1 X56.226 Y211.767 F7800
G1 E-2 F2400
G1 X58.355 Y210.479 F7800
G1 E2 F2400
;TYPE:Internal infill
;WIDTH:0.45
G1 F4800
G1 X60.798 Y210.479 E.08269
G1 X61.768 Y211.45 E.04646
G1 X66.12 Y211.45 E.14731
G1 X67.09 Y210.479 E.04646
G1 X72.312 Y210.479 E.17676
G1 X73.282 Y211.45 E.04646
G1 X77.634 Y211.45 E.14731
G1 X78.604 Y210.479 E.04646
G1 X83.826 Y210.479 E.17676
G1 X84.796 Y211.45 E.04646
G1 X89.148 Y211.45 E.14731
G1 X90.118 Y210.479 E.04646
G1 X95.34 Y210.479 E.17676
G1 X96.31 Y211.45 E.04646
G1 X100.662 Y211.45 E.14731
G1 X101.632 Y210.479 E.04646
G1 X106.854 Y210.479 E.17676
G1 X107.824 Y211.45 E.04646
G1 X112.176 Y211.45 E.14731
G1 X113.146 Y210.479 E.04646
G1 X118.368 Y210.479 E.17676
G1 X119.338 Y211.45 E.04646
G1 X123.69 Y211.45 E.14731
G1 X124.66 Y210.479 E.04646
G1 X129.882 Y210.479 E.17676
G1 X130.852 Y211.45 E.04646
G1 X135.204 Y211.45 E.14731
G1 X136.174 Y210.479 E.04646
G1 X141.396 Y210.479 E.17676
G1 X142.366 Y211.45 E.04646
G1 X146.718 Y211.45 E.14731
G1 X147.688 Y210.479 E.04646
G1 X152.91 Y210.479 E.17676
G1 X153.88 Y211.45 E.04646
G1 X158.232 Y211.45 E.14731
G1 X159.202 Y210.479 E.04646
G1 X161.645 Y210.479 E.08269
G1 X163.112 Y209.813 F7800
;TYPE:Solid infill
;WIDTH:0.35174
G1 F1200
G1 X163.112 Y210.121 E.00791
G1 X56.888 Y210.121 E2.72767
G1 X56.888 Y209.813 E.00791
G1 X162.908 Y209.813 E2.72243
M106 S122.4
;LAYER_CHANGE
;Z:3.8
;HEIGHT:0.2
G1 E-2 F2400
G1 Z3.8 F7800
G1 X80.632 Y7.982
G1 E2 F2400
;TYPE:Perimeter
;WIDTH:0.449999
G1 F3600
G1 X139.368 Y7.982 E1.98814
G1 X139.368 Y16.718 E.2957
G1 X80.632 Y16.718 E1.98814
G1 X80.632 Y8.042 E.29367
G1 X80.225 Y7.575 F7800
;TYPE:External perimeter
G1 F1800
G1 X139.775 Y7.575 E2.01569
G1 X139.775 Y17.125 E.32326
G1 X80.225 Y17.125 E2.01569
G1 X80.225 Y7.635 E.32122
G1 X80.621 Y7.576 F7800
G1 E-2 F2400
G1 X82.617 Y8.287 F7800
G1 E2 F2400
;TYPE:Internal infill
;WIDTH:0.45
G1 F4800
G1 X85.059 Y8.287 E.08266
G1 X80.937 Y12.409 E.19732
G1 X80.937 Y11.854 E.01879
G1 X85.496 Y16.413 E.21824
G1 X88.448 Y16.413 E.09992
G1 X96.573 Y8.287 E.38896
G1 X100.399 Y8.287 E.12951
G1 X108.524 Y16.413 E.38896
G1 X111.476 Y16.413 E.09992
G1 X119.601 Y8.287 E.38896
G1 X123.427 Y8.287 E.12951
G1 X131.552 Y16.413 E.38896
G1 X134.504 Y16.413 E.09992
G1 X139.063 Y11.854 E.21824
G1 X139.063 Y12.409 E.01879
G1 X134.941 Y8.287 E.19732
G1 X131.115 Y8.287 E.12951
G1 X122.99 Y16.413 E.38896
G1 X120.038 Y16.413 E.09992
G1 X111.913 Y8.287 E.38896
G1 X108.087 Y8.287 E.12951
G1 X99.962 Y16.413 E.38896
G1 X97.01 Y16.413 E.09992
G1 X88.885 Y8.287 E.38896
G1 X91.328 Y8.287 E.08269
G1 E-2 F2400
G1 X163.368 Y205.903 F7800
G1 E2 F2400
;TYPE:Perimeter
;WIDTH:0.449999
G1 F3600
G1 X56.632 Y205.903 E3.61288
G1 X56.632 Y203.884 E.06834
G1 X163.368 Y203.884 E3.61288
G1 X163.368 Y205.843 E.06631
G1 X163.775 Y206.31 F7800
;TYPE:External perimeter
G1 F1800
G1 X56.225 Y206.31 E3.64043
G1 X56.225 Y203.477 E.09589
G1 X163.775 Y203.477 E3.64043
G1 X163.775 Y206.25 E.09386
G1 X163.379 Y206.31 F7800
G1 E-2 F2400
G1 X161.502 Y205.116 F7800
G1 E2 F2400
;TYPE:Internal infill
;WIDTH:0.45
G1 F4800
G1 X159.06 Y205.116 E.08266
G1 X158.134 Y204.19 E.04433
G1 X153.978 Y204.19 E.14068
G1 X153.052 Y205.116 E.04433
G1 X147.546 Y205.116 E.18637
G1 X146.62 Y204.19 E.04433
G1 X142.464 Y204.19 E.14068
G1 X141.538 Y205.116 E.04433
G1 X136.032 Y205.116 E.18637
G1 X135.106 Y204.19 E.04433
G1 X130.95 Y204.19 E.14068
G1 X130.024 Y205.116 E.04433
G1 X124.518 Y205.116 E.18637
G1 X123.592 Y204.19 E.04433
G1 X119.436 Y204.19 E.14068
G1 X118.51 Y205.116 E.04433
G1 X113.004 Y205.116 E.18637
G1 X112.078 Y204.19 E.04433
G1 X107.922 Y204.19 E.14068
G1 X106.996 Y205.116 E.04433
G1 X101.49 Y205.116 E.18637
G1 X100.564 Y204.19 E.04433
G1 X96.408 Y204.19 E.14068
G1 X95.482 Y205.116 E.04433
G1 X89.976 Y205.116 E.18637
G1 X89.05 Y204.19 E.04433
G1 X84.894 Y204.19 E.14068
G1 X83.968 Y205.116 E.04433
G1 X78.462 Y205.116 E.18637
G1 X77.536 Y204.19 E.04433
G1 X73.38 Y204.19 E.14068
G1 X72.454 Y205.116 E.04433
G1 X66.948 Y205.116 E.18637
G1 X66.022 Y204.19 E.04433
G1 X61.866 Y204.19 E.14068
G1 X60.94 Y205.116 E.04433
G1 X58.498 Y205.116 E.08266
G1 X56.975 Y205.56 F7800
;TYPE:Solid infill
;WIDTH:0.525278
G1 F1200
G1 X163.025 Y205.56 E4.25348
G1 E-2 F2400
G1 X56.632 Y211.816 F7800
G1 E2 F2400
;TYPE:Perimeter
;WIDTH:0.449999
G1 F3600
G1 X56.632 Y209.797 E.06834
G1 X163.368 Y209.797 E3.61288
G1 X163.368 Y211.816 E.06834
G1 X56.692 Y211.816 E3.61085
G1 X56.225 Y212.223 F7800
;TYPE:External perimeter
G1 F1800
G1 X56.225 Y209.39 E.09589
G1 X163.775 Y209.39 E3.64043
G1 X163.775 Y212.223 E.09589
G1 X56.285 Y212.223 E3.6384
G1 X56.226 Y211.827 F7800
G1 X56.975 Y210.14
;TYPE:Solid infill
;WIDTH:0.525278
G1 F1200
G1 X163.025 Y210.14 E4.25348
G1 X161.54 Y210.584 F7800
;TYPE:Internal infill
;WIDTH:0.45
G1 F4800
G1 X159.097 Y210.584 E.08269
G1 X158.171 Y211.51 E.04433
G1 X153.941 Y211.51 E.14318
G1 X153.015 Y210.584 E.04433
G1 X147.583 Y210.584 E.18387
G1 X146.657 Y211.51 E.04433
G1 X142.427 Y211.51 E.14318
G1 X141.501 Y210.584 E.04433
G1 X136.069 Y210.584 E.18387
G1 X135.143 Y211.51 E.04433
G1 X130.913 Y211.51 E.14318
G1 X129.987 Y210.584 E.04433
G1 X124.555 Y210.584 E.18387
G1 X123.629 Y211.51 E.04433
G1 X119.399 Y211.51 E.14318
G1 X118.473 Y210.584 E.04433
G1 X113.041 Y210.584 E.18387
G1 X112.115 Y211.51 E.04433
G1 X107.885 Y211.51 E.14318
G1 X106.959 Y210.584 E.04433
G1 X101.527 Y210.584 E.18387
G1 X100.601 Y211.51 E.04433
G1 X96.371 Y211.51 E.14318
G1 X95.445 Y210.584 E.04433
G1 X90.013 Y210.584 E.18387
G1 X89.087 Y211.51 E.04433
G1 X84.857 Y211.51 E.14318
G1 X83.931 Y210.584 E.04433
G1 X78.499 Y210.584 E.18387
G1 X77.573 Y211.51 E.04433
G1 X73.343 Y211.51 E.14318
G1 X72.417 Y210.584 E.04433
G1 X66.985 Y210.584 E.18387
G1 X66.059 Y211.51 E.04433
G1 X61.829 Y211.51 E.14318
G1 X60.903 Y210.584 E.04433
G1 X58.46 Y210.584 E.08269
;LAYER_CHANGE
;Z:4
;HEIGHT:0.2
G1 E-2 F2400
G1 Z4 F7800
G1 X80.632 Y7.982
G1 E2 F2400
;TYPE:Perimeter
;WIDTH:0.449999
G1 F3600
G1 X139.368 Y7.982 E1.98814
G1 X139.368 Y16.718 E.2957
G1 X80.632 Y16.718 E1.98814
G1 X80.632 Y8.042 E.29367
G1 X80.225 Y7.575 F7800
;TYPE:External perimeter
G1 F1800
G1 X139.775 Y7.575 E2.01569
G1 X139.775 Y17.125 E.32326
G1 X80.225 Y17.125 E2.01569
G1 X80.225 Y7.635 E.32122
G1 X80.621 Y7.576 F7800
G1 E-2 F2400
G1 X82.617 Y8.287 F7800
G1 E2 F2400
;TYPE:Internal infill
;WIDTH:0.45
G1 F4800
G1 X85.059 Y8.287 E.08266
G1 X80.937 Y12.409 E.19732
G1 X80.937 Y11.854 E.01879
G1 X85.496 Y16.413 E.21824
G1 X88.448 Y16.413 E.09992
G1 X96.573 Y8.287 E.38896
G1 X100.399 Y8.287 E.12951
G1 X108.524 Y16.413 E.38896
G1 X111.476 Y16.413 E.09992
G1 X119.601 Y8.287 E.38896
G1 X123.427 Y8.287 E.12951
G1 X131.552 Y16.413 E.38896
G1 X134.504 Y16.413 E.09992
G1 X139.063 Y11.854 E.21824
G1 X139.063 Y12.409 E.01879
G1 X134.941 Y8.287 E.19732
G1 X131.115 Y8.287 E.12951
G1 X122.99 Y16.413 E.38896
G1 X120.038 Y16.413 E.09992
G1 X111.913 Y8.287 E.38896
G1 X108.087 Y8.287 E.12951
G1 X99.962 Y16.413 E.38896
G1 X97.01 Y16.413 E.09992
G1 X88.885 Y8.287 E.38896
G1 X91.328 Y8.287 E.08269
G1 E-2 F2400
G1 X163.368 Y205.739 F7800
G1 E2 F2400
;TYPE:Perimeter
;WIDTH:0.449999
G1 F3600
G1 X56.632 Y205.739 E3.61288
G1 X56.632 Y203.824 E.06482
G1 X163.368 Y203.824 E3.61288
G1 X163.368 Y205.679 E.06279
G1 X163.775 Y206.146 F7800
;TYPE:External perimeter
G1 F1800
G1 X56.225 Y206.146 E3.64043
G1 X56.225 Y203.417 E.09237
G1 X163.775 Y203.417 E3.64043
G1 X163.775 Y206.086 E.09034
G1 X163.379 Y206.145 F7800
G1 E-2 F2400
G1 X161.442 Y205.055 F7800
G1 E2 F2400
;TYPE:Internal infill
;WIDTH:0.45
G1 F4800
G1 X158.999 Y205.055 E.08269
G1 X158.073 Y204.129 E.04433
G1 X154.038 Y204.129 E.13658
G1 X153.112 Y205.055 E.04433
G1 X147.485 Y205.055 E.19047
G1 X146.559 Y204.129 E.04433
G1 X142.524 Y204.129 E.13658
G1 X141.598 Y205.055 E.04433
G1 X135.971 Y205.055 E.19047
G1 X135.045 Y204.129 E.04433
G1 X131.01 Y204.129 E.13658
G1 X130.084 Y205.055 E.04433
G1 X124.458 Y205.055 E.19043
G1 X123.531 Y204.129 E.04435
G1 X119.496 Y204.129 E.13658
G1 X118.57 Y205.055 E.04433
G1 X112.944 Y205.055 E.19043
G1 X112.017 Y204.129 E.04435
G1 X107.983 Y204.129 E.13655
G1 X107.056 Y205.055 E.04435
G1 X101.43 Y205.055 E.19043
G1 X100.504 Y204.129 E.04433
G1 X96.469 Y204.129 E.13658
G1 X95.542 Y205.055 E.04435
G1 X89.916 Y205.055 E.19043
G1 X88.99 Y204.129 E.04433
G1 X84.955 Y204.129 E.13658
G1 X84.029 Y205.055 E.04433
G1 X78.402 Y205.055 E.19047
G1 X77.476 Y204.129 E.04433
G1 X73.441 Y204.129 E.13658
G1 X72.515 Y205.055 E.04433
G1 X66.888 Y205.055 E.19047
G1 X65.962 Y204.129 E.04433
G1 X61.927 Y204.129 E.13658
G1 X61.001 Y205.055 E.04433
G1 X58.558 Y205.055 E.08269
G1 X56.923 Y205.448 F7800
;TYPE:Solid infill
;WIDTH:0.421512
G1 F1200
G1 X163.077 Y205.448 E3.34173
G1 E-2 F2400
G1 X56.632 Y211.876 F7800
G1 E2 F2400
;TYPE:Perimeter
;WIDTH:0.449999
G1 F3600
G1 X56.632 Y209.961 E.06482
G1 X163.368 Y209.961 E3.61288
G1 X163.368 Y211.876 E.06482
G1 X56.692 Y211.876 E3.61085
G1 X56.225 Y212.283 F7800
;TYPE:External perimeter
G1 F1800
G1 X56.225 Y209.554 E.09237
G1 X163.775 Y209.554 E3.64043
G1 X163.775 Y212.283 E.09237
G1 X56.285 Y212.283 E3.6384
G1 X56.226 Y211.888 F7800
G1 X56.923 Y210.252
;TYPE:Solid infill
;WIDTH:0.421508
G1 F1200
G1 X163.077 Y210.252 E3.3417
G1 X161.479 Y210.645 F7800
;TYPE:Internal infill
;WIDTH:0.45
G1 F4800
G1 X159.037 Y210.645 E.08266
G1 X158.11 Y211.571 E.04435
G1 X154.001 Y211.571 E.13908
G1 X153.075 Y210.645 E.04433
G1 X147.523 Y210.645 E.18793
G1 X146.596 Y211.571 E.04435
G1 X142.487 Y211.571 E.13908
G1 X141.561 Y210.645 E.04433
G1 X136.009 Y210.645 E.18793
G1 X135.083 Y211.571 E.04433
G1 X130.973 Y211.571 E.13912
G1 X130.047 Y210.645 E.04433
G1 X124.495 Y210.645 E.18793
G1 X123.569 Y211.571 E.04433
G1 X119.459 Y211.571 E.13912
G1 X118.533 Y210.645 E.04433
G1 X112.981 Y210.645 E.18793
G1 X112.055 Y211.571 E.04433
G1 X107.945 Y211.571 E.13912
G1 X107.019 Y210.645 E.04433
G1 X101.467 Y210.645 E.18793
G1 X100.541 Y211.571 E.04433
G1 X96.431 Y211.571 E.13912
G1 X95.505 Y210.645 E.04433
G1 X89.953 Y210.645 E.18793
G1 X89.027 Y211.571 E.04433
G1 X84.917 Y211.571 E.13912
G1 X83.991 Y210.645 E.04433
G1 X78.439 Y210.645 E.18793
G1 X77.513 Y211.571 E.04433
G1 X73.404 Y211.571 E.13908
G1 X72.477 Y210.645 E.04435
G1 X66.925 Y210.645 E.18793
G1 X65.999 Y211.571 E.04433
G1 X61.89 Y211.571 E.13908
G1 X60.963 Y210.645 E.04435
G1 X58.521 Y210.645 E.08266
M106 S155.55
;LAYER_CHANGE
;Z:4.2
;HEIGHT:0.2
G1 E-2 F2400
G1 Z4.2 F7800
G1 X80.632 Y7.982
G1 E2 F2400
;TYPE:Perimeter
;WIDTH:0.449999
G1 F3600
G1 X139.368 Y7.982 E1.98814
G1 X139.368 Y16.718 E.2957
G1 X80.632 Y16.718 E1.98814
G1 X80.632 Y8.042 E.29367
G1 X80.225 Y7.575 F7800
;TYPE:External perimeter
G1 F1800
G1 X139.775 Y7.575 E2.01569
G1 X139.775 Y17.125 E.32326
G1 X80.225 Y17.125 E2.01569
G1 X80.225 Y7.635 E.32122
G1 X80.621 Y7.576 F7800
G1 E-2 F2400
G1 X82.617 Y8.287 F7800
G1 E2 F2400
;TYPE:Internal infill
;WIDTH:0.45
G1 F4800
G1 X85.059 Y8.287 E.08266
G1 X80.937 Y12.409 E.19732
G1 X80.937 Y11.854 E.01879
G1 X85.496 Y16.413 E.21824
G1 X88.448 Y16.413 E.09992
G1 X96.573 Y8.287 E.38896
G1 X100.399 Y8.287 E.12951
G1 X108.524 Y16.413 E.38896
G1 X111.476 Y16.413 E.09992
G1 X119.601 Y8.287 E.38896
G1 X123.427 Y8.287 E.12951
G1 X131.552 Y16.413 E.38896
G1 X134.504 Y16.413 E.09992
G1 X139.063 Y11.854 E.21824
G1 X139.063 Y12.409 E.01879
G1 X134.941 Y8.287 E.19732
G1 X131.115 Y8.287 E.12951
G1 X122.99 Y16.413 E.38896
G1 X120.038 Y16.413 E.09992
G1 X111.913 Y8.287 E.38896
G1 X108.087 Y8.287 E.12951
G1 X99.962 Y16.413 E.38896
G1 X97.01 Y16.413 E.09992
G1 X88.885 Y8.287 E.38896
G1 X91.328 Y8.287 E.08269
G1 E-2 F2400
G1 X163.368 Y205.612 F7800
G1 E2 F2400
;TYPE:Perimeter
;WIDTH:0.449999
G1 F3600
G1 X56.632 Y205.612 E3.61288
G1 X56.632 Y203.771 E.06232
G1 X163.368 Y203.771 E3.61288
G1 X163.368 Y205.552 E.06028
G1 X163.775 Y206.019 F7800
;TYPE:External perimeter
G1 F1800
G1 X56.225 Y206.019 E3.64043
G1 X56.225 Y203.363 E.0899
G1 X163.775 Y203.363 E3.64043
G1 X163.775 Y205.959 E.08787
G1 X163.379 Y206.018 F7800
G1 X161.693 Y205.306
;TYPE:Internal infill
;WIDTH:0.45
G1 F4800
G1 X159.25 Y205.306 E.08269
G1 X158.02 Y204.076 E.05888
G1 X154.092 Y204.076 E.13296
G1 X152.861 Y205.306 E.0589
G1 X147.736 Y205.306 E.17348
G1 X146.506 Y204.076 E.05888
G1 X142.578 Y204.076 E.13296
G1 X141.347 Y205.306 E.0589
G1 X136.223 Y205.306 E.17344
G1 X134.992 Y204.076 E.0589
G1 X131.064 Y204.076 E.13296
G1 X129.833 Y205.306 E.0589
G1 X124.709 Y205.306 E.17344
G1 X123.478 Y204.076 E.0589
G1 X119.55 Y204.076 E.13296
G1 X118.319 Y205.306 E.0589
G1 X113.195 Y205.306 E.17344
G1 X111.964 Y204.076 E.0589
G1 X108.036 Y204.076 E.13296
G1 X106.805 Y205.306 E.0589
G1 X101.681 Y205.306 E.17344
G1 X100.45 Y204.076 E.0589
G1 X96.522 Y204.076 E.13296
G1 X95.291 Y205.306 E.0589
G1 X90.167 Y205.306 E.17344
G1 X88.936 Y204.076 E.0589
G1 X85.008 Y204.076 E.13296
G1 X83.777 Y205.306 E.0589
G1 X78.653 Y205.306 E.17344
G1 X77.422 Y204.076 E.0589
G1 X73.494 Y204.076 E.13296
G1 X72.263 Y205.306 E.0589
G1 X67.139 Y205.306 E.17344
G1 X65.908 Y204.076 E.0589
G1 X61.98 Y204.076 E.13296
G1 X60.75 Y205.306 E.05888
G1 X58.307 Y205.306 E.08269
G1 E-2 F2400
G1 X56.632 Y211.929 F7800
G1 E2 F2400
;TYPE:Perimeter
;WIDTH:0.449999
G1 F3600
G1 X56.632 Y210.088 E.06232
G1 X163.368 Y210.088 E3.61288
G1 X163.368 Y211.929 E.06232
G1 X56.692 Y211.929 E3.61085
G1 X56.225 Y212.337 F7800
;TYPE:External perimeter
G1 F1800
G1 X56.225 Y209.681 E.0899
G1 X163.775 Y209.681 E3.64043
G1 X163.775 Y212.337 E.0899
G1 X56.285 Y212.337 E3.6384
G1 X56.226 Y211.941 F7800
G1 E-2 F2400
G1 X58.27 Y210.394 F7800
G1 E2 F2400
;TYPE:Internal infill
;WIDTH:0.45
G1 F4800
G1 X60.712 Y210.394 E.08266
G1 X61.943 Y211.624 E.0589
G1 X65.946 Y211.624 E.1355
G1 X67.176 Y210.394 E.05888
G1 X72.226 Y210.394 E.17094
G1 X73.457 Y211.624 E.0589
G1 X77.46 Y211.624 E.1355
G1 X78.69 Y210.394 E.05888
G1 X83.74 Y210.394 E.17094
G1 X84.971 Y211.624 E.0589
G1 X88.973 Y211.624 E.13546
G1 X90.204 Y210.394 E.0589
G1 X95.254 Y210.394 E.17094
G1 X96.485 Y211.624 E.0589
G1 X100.487 Y211.624 E.13546
G1 X101.718 Y210.394 E.0589
G1 X106.768 Y210.394 E.17094
G1 X107.999 Y211.624 E.0589
G1 X112.001 Y211.624 E.13546
G1 X113.232 Y210.394 E.0589
G1 X118.282 Y210.394 E.17094
G1 X119.513 Y211.624 E.0589
G1 X123.515 Y211.624 E.13546
G1 X124.746 Y210.394 E.0589
G1 X129.796 Y210.394 E.17094
G1 X131.027 Y211.624 E.0589
G1 X135.029 Y211.624 E.13546
G1 X136.26 Y210.394 E.0589
G1 X141.31 Y210.394 E.17094
G1 X142.54 Y211.624 E.05888
G1 X146.543 Y211.624 E.1355
G1 X147.774 Y210.394 E.0589
G1 X152.824 Y210.394 E.17094
G1 X154.054 Y211.624 E.05888
G1 X158.057 Y211.624 E.1355
G1 X159.288 Y210.394 E.0589
G1 X161.73 Y210.394 E.08266
;LAYER_CHANGE
;Z:4.4
;HEIGHT:0.2
G1 E-2 F2400
G1 Z4.4 F7800
G1 X80.632 Y7.982
G1 E2 F2400
;TYPE:Perimeter
;WIDTH:0.449999
G1 F3600
G1 X139.368 Y7.982 E1.98814
G1 X139.368 Y16.718 E.2957
G1 X80.632 Y16.718 E1.98814
G1 X80.632 Y8.042 E.29367
G1 X80.225 Y7.575 F7800
;TYPE:External perimeter
G1 F1800
G1 X139.775 Y7.575 E2.01569
G1 X139.775 Y17.125 E.32326
G1 X80.225 Y17.125 E2.01569
G1 X80.225 Y7.635 E.32122
G1 X80.621 Y7.576 F7800
G1 E-2 F2400
G1 X82.617 Y8.287 F7800
G1 E2 F2400
;TYPE:Internal infill
;WIDTH:0.45
G1 F4800
G1 X85.059 Y8.287 E.08266
G1 X80.937 Y12.409 E.19732
G1 X80.937 Y11.854 E.01879
G1 X85.496 Y16.413 E.21824
G1 X88.448 Y16.413 E.09992
G1 X96.573 Y8.287 E.38896
G1 X100.399 Y8.287 E.12951
G1 X108.524 Y16.413 E.38896
G1 X111.476 Y16.413 E.09992
G1 X119.601 Y8.287 E.38896
G1 X123.427 Y8.287 E.12951
G1 X131.552 Y16.413 E.38896
G1 X134.504 Y16.413 E.09992
G1 X139.063 Y11.854 E.21824
G1 X139.063 Y12.409 E.01879
G1 X134.941 Y8.287 E.19732
G1 X131.115 Y8.287 E.12951
G1 X122.99 Y16.413 E.38896
G1 X120.038 Y16.413 E.09992
G1 X111.913 Y8.287 E.38896
G1 X108.087 Y8.287 E.12951
G1 X99.962 Y16.413 E.38896
G1 X97.01 Y16.413 E.09992
G1 X88.885 Y8.287 E.38896
G1 X91.328 Y8.287 E.08269
G1 E-2 F2400
G1 X163.368 Y205.507 F7800
G1 E2 F2400
;TYPE:Perimeter
;WIDTH:0.449999
G1 F3600
G1 X56.632 Y205.507 E3.61288
G1 X56.632 Y203.751 E.05944
G1 X163.368 Y203.751 E3.61288
G1 X163.368 Y205.447 E.05741
G1 X163.775 Y205.914 F7800
;TYPE:External perimeter
G1 F1800
G1 X56.225 Y205.914 E3.64043
G1 X56.225 Y203.344 E.08699
G1 X163.775 Y203.344 E3.64043
G1 X163.775 Y205.854 E.08496
G1 X163.379 Y205.913 F7800
G1 X161.588 Y205.201
;TYPE:Internal infill
;WIDTH:0.45
G1 F4800
G1 X159.145 Y205.201 E.08269
G1 X158 Y204.056 E.05481
G1 X154.111 Y204.056 E.13164
G1 X152.966 Y205.201 E.05481
G1 X147.631 Y205.201 E.18058
G1 X146.486 Y204.056 E.05481
G1 X142.597 Y204.056 E.13164
G1 X141.452 Y205.201 E.05481
G1 X136.118 Y205.201 E.18055
G1 X134.972 Y204.056 E.05483
G1 X131.083 Y204.056 E.13164
G1 X129.938 Y205.201 E.05481
G1 X124.604 Y205.201 E.18055
G1 X123.459 Y204.056 E.05481
G1 X119.569 Y204.056 E.13167
G1 X118.424 Y205.201 E.05481
G1 X113.09 Y205.201 E.18055
G1 X111.945 Y204.056 E.05481
G1 X108.055 Y204.056 E.13167
G1 X106.91 Y205.201 E.05481
G1 X101.576 Y205.201 E.18055
G1 X100.431 Y204.056 E.05481
G1 X96.541 Y204.056 E.13167
G1 X95.396 Y205.201 E.05481
G1 X90.062 Y205.201 E.18055
G1 X88.917 Y204.056 E.05481
G1 X85.027 Y204.056 E.13167
G1 X83.882 Y205.201 E.05481
G1 X78.548 Y205.201 E.18055
G1 X77.403 Y204.056 E.05481
G1 X73.514 Y204.056 E.13164
G1 X72.369 Y205.201 E.05481
G1 X67.034 Y205.201 E.18058
G1 X65.889 Y204.056 E.05481
G1 X62 Y204.056 E.13164
G1 X60.855 Y205.201 E.05481
G1 X58.412 Y205.201 E.08269
G1 E-2 F2400
G1 X56.632 Y211.949 F7800
G1 E2 F2400
;TYPE:Perimeter
;WIDTH:0.449999
G1 F3600
G1 X56.632 Y210.194 E.0594
G1 X163.368 Y210.194 E3.61288
G1 X163.368 Y211.949 E.0594
G1 X56.692 Y211.949 E3.61085
G1 X56.225 Y212.356 F7800
;TYPE:External perimeter
G1 F1800
G1 X56.225 Y209.786 E.08699
G1 X163.775 Y209.786 E3.64043
G1 X163.775 Y212.356 E.08699
G1 X56.285 Y212.356 E3.6384
G1 X56.226 Y211.961 F7800
G1 E-2 F2400
G1 X58.375 Y210.499 F7800
G1 E2 F2400
;TYPE:Internal infill
;WIDTH:0.45
G1 F4800
G1 X60.817 Y210.499 E.08266
G1 X61.962 Y211.644 E.05481
G1 X65.926 Y211.644 E.13418
G1 X67.071 Y210.499 E.05481
G1 X72.331 Y210.499 E.17804
G1 X73.476 Y211.644 E.05481
G1 X77.44 Y211.644 E.13418
G1 X78.585 Y210.499 E.05481
G1 X83.845 Y210.499 E.17804
G1 X84.99 Y211.644 E.05481
G1 X88.954 Y211.644 E.13418
G1 X90.099 Y210.499 E.05481
G1 X95.359 Y210.499 E.17804
G1 X96.504 Y211.644 E.05481
G1 X100.468 Y211.644 E.13418
G1 X101.613 Y210.499 E.05481
G1 X106.873 Y210.499 E.17804
G1 X108.018 Y211.644 E.05481
G1 X111.982 Y211.644 E.13418
G1 X113.127 Y210.499 E.05481
G1 X118.387 Y210.499 E.17804
G1 X119.532 Y211.644 E.05481
G1 X123.496 Y211.644 E.13418
G1 X124.641 Y210.499 E.05481
G1 X129.901 Y210.499 E.17804
G1 X131.046 Y211.644 E.05481
G1 X135.01 Y211.644 E.13418
G1 X136.155 Y210.499 E.05481
G1 X141.415 Y210.499 E.17804
G1 X142.56 Y211.644 E.05481
G1 X146.524 Y211.644 E.13418
G1 X147.669 Y210.499 E.05481
G1 X152.929 Y210.499 E.17804
G1 X154.074 Y211.644 E.05481
G1 X158.038 Y211.644 E.13418
G1 X159.183 Y210.499 E.05481
G1 X161.625 Y210.499 E.08266
;LAYER_CHANGE
;Z:4.6
;HEIGHT:0.2
G1 E-2 F2400
G1 Z4.6 F7800
G1 X80.632 Y7.982
G1 E2 F2400
;TYPE:Perimeter
;WIDTH:0.449999
G1 F3600
G1 X139.368 Y7.982 E1.98814
G1 X139.368 Y16.718 E.2957
G1 X80.632 Y16.718 E1.98814
G1 X80.632 Y8.042 E.29367
G1 X80.225 Y7.575 F7800
;TYPE:External perimeter
G1 F1800
G1 X139.775 Y7.575 E2.01569
G1 X139.775 Y17.125 E.32326
G1 X80.225 Y17.125 E2.01569
G1 X80.225 Y7.635 E.32122
G1 X80.621 Y7.576 F7800
G1 E-2 F2400
G1 X82.617 Y8.287 F7800
G1 E2 F2400
;TYPE:Internal infill
;WIDTH:0.45
G1 F4800
G1 X85.059 Y8.287 E.08266
G1 X80.937 Y12.409 E.19732
G1 X80.937 Y11.854 E.01879
G1 X85.496 Y16.413 E.21824
G1 X88.448 Y16.413 E.09992
G1 X96.573 Y8.287 E.38896
G1 X100.399 Y8.287 E.12951
G1 X108.524 Y16.413 E.38896
G1 X111.476 Y16.413 E.09992
G1 X119.601 Y8.287 E.38896
G1 X123.427 Y8.287 E.12951
G1 X131.552 Y16.413 E.38896
G1 X134.504 Y16.413 E.09992
G1 X139.063 Y11.854 E.21824
G1 X139.063 Y12.409 E.01879
G1 X134.941 Y8.287 E.19732
G1 X131.115 Y8.287 E.12951
G1 X122.99 Y16.413 E.38896
G1 X120.038 Y16.413 E.09992
G1 X111.913 Y8.287 E.38896
G1 X108.087 Y8.287 E.12951
G1 X99.962 Y16.413 E.38896
G1 X97.01 Y16.413 E.09992
G1 X88.885 Y8.287 E.38896
G1 X91.328 Y8.287 E.08269
G1 E-2 F2400
G1 X163.368 Y205.446 F7800
G1 E2 F2400
;TYPE:Perimeter
;WIDTH:0.449999
G1 F3600
G1 X56.632 Y205.446 E3.61288
G1 X56.632 Y203.731 E.05805
G1 X163.368 Y203.731 E3.61288
G1 X163.368 Y205.386 E.05602
G1 X163.775 Y205.853 F7800
;TYPE:External perimeter
G1 F1800
G1 X56.225 Y205.853 E3.64043
G1 X56.225 Y203.324 E.0856
G1 X163.775 Y203.324 E3.64043
G1 X163.775 Y205.793 E.08357
G1 X163.379 Y205.852 F7800
G1 X161.527 Y205.141
;TYPE:Internal infill
;WIDTH:0.45
G1 F4800
G1 X159.085 Y205.141 E.08266
G1 X157.981 Y204.037 E.05285
G1 X154.131 Y204.037 E.13032
G1 X153.027 Y205.141 E.05285
G1 X147.571 Y205.141 E.18468
G1 X146.467 Y204.037 E.05285
G1 X142.617 Y204.037 E.13032
G1 X141.513 Y205.141 E.05285
G1 X136.057 Y205.141 E.18468
G1 X134.953 Y204.037 E.05285
G1 X131.103 Y204.037 E.13032
G1 X129.999 Y205.141 E.05285
G1 X124.543 Y205.141 E.18468
G1 X123.439 Y204.037 E.05285
G1 X119.589 Y204.037 E.13032
G1 X118.485 Y205.141 E.05285
G1 X113.029 Y205.141 E.18468
G1 X111.925 Y204.037 E.05285
G1 X108.075 Y204.037 E.13032
G1 X106.971 Y205.141 E.05285
G1 X101.515 Y205.141 E.18468
G1 X100.411 Y204.037 E.05285
G1 X96.561 Y204.037 E.13032
G1 X95.457 Y205.141 E.05285
G1 X90.001 Y205.141 E.18468
G1 X88.897 Y204.037 E.05285
G1 X85.047 Y204.037 E.13032
G1 X83.943 Y205.141 E.05285
G1 X78.487 Y205.141 E.18468
G1 X77.383 Y204.037 E.05285
G1 X73.533 Y204.037 E.13032
G1 X72.429 Y205.141 E.05285
G1 X66.973 Y205.141 E.18468
G1 X65.869 Y204.037 E.05285
G1 X62.019 Y204.037 E.13032
G1 X60.915 Y205.141 E.05285
G1 X58.473 Y205.141 E.08266
G1 E-2 F2400
G1 X56.632 Y211.969 F7800
G1 E2 F2400
;TYPE:Perimeter
;WIDTH:0.449999
G1 F3600
G1 X56.632 Y210.254 E.05805
G1 X163.368 Y210.254 E3.61288
G1 X163.368 Y211.969 E.05805
G1 X56.692 Y211.969 E3.61085
G1 X56.225 Y212.376 F7800
;TYPE:External perimeter
G1 F1800
G1 X56.225 Y209.847 E.0856
G1 X163.775 Y209.847 E3.64043
G1 X163.775 Y212.376 E.0856
G1 X56.285 Y212.376 E3.6384
G1 X56.226 Y211.98 F7800
G1 E-2 F2400
G1 X58.435 Y210.559 F7800
G1 E2 F2400
;TYPE:Internal infill
;WIDTH:0.45
G1 F4800
G1 X60.878 Y210.559 E.08269
G1 X61.982 Y211.663 E.05285
G1 X65.906 Y211.663 E.13282
G1 X67.01 Y210.559 E.05285
G1 X72.392 Y210.559 E.18217
G1 X73.496 Y211.663 E.05285
G1 X77.42 Y211.663 E.13282
G1 X78.524 Y210.559 E.05285
G1 X83.906 Y210.559 E.18217
G1 X85.01 Y211.663 E.05285
G1 X88.934 Y211.663 E.13282
G1 X90.038 Y210.559 E.05285
G1 X95.42 Y210.559 E.18217
G1 X96.524 Y211.663 E.05285
G1 X100.448 Y211.663 E.13282
G1 X101.552 Y210.559 E.05285
G1 X106.934 Y210.559 E.18217
G1 X108.038 Y211.663 E.05285
G1 X111.962 Y211.663 E.13282
G1 X113.066 Y210.559 E.05285
G1 X118.448 Y210.559 E.18217
G1 X119.552 Y211.663 E.05285
G1 X123.476 Y211.663 E.13282
G1 X124.58 Y210.559 E.05285
G1 X129.962 Y210.559 E.18217
G1 X131.066 Y211.663 E.05285
G1 X134.99 Y211.663 E.13282
G1 X136.094 Y210.559 E.05285
G1 X141.476 Y210.559 E.18217
G1 X142.58 Y211.663 E.05285
G1 X146.504 Y211.663 E.13282
G1 X147.608 Y210.559 E.05285
G1 X152.99 Y210.559 E.18217
G1 X154.094 Y211.663 E.05285
G1 X158.018 Y211.663 E.13282
G1 X159.122 Y210.559 E.05285
G1 X161.564 Y210.559 E.08266
;LAYER_CHANGE
;Z:4.8
;HEIGHT:0.2
G1 E-2 F2400
G1 Z4.8 F7800
G1 X80.632 Y7.982
G1 E2 F2400
;TYPE:Perimeter
;WIDTH:0.449999
G1 F3600
G1 X139.368 Y7.982 E1.98814
G1 X139.368 Y16.718 E.2957
G1 X80.632 Y16.718 E1.98814
G1 X80.632 Y8.042 E.29367
G1 X80.225 Y7.575 F7800
;TYPE:External perimeter
G1 F1800
G1 X139.775 Y7.575 E2.01569
G1 X139.775 Y17.125 E.32326
G1 X80.225 Y17.125 E2.01569
G1 X80.225 Y7.635 E.32122
G1 X80.621 Y7.576 F7800
G1 E-2 F2400
G1 X82.617 Y8.287 F7800
G1 E2 F2400
;TYPE:Internal infill
;WIDTH:0.45
G1 F4800
G1 X85.059 Y8.287 E.08266
G1 X80.937 Y12.409 E.19732
G1 X80.937 Y11.854 E.01879
G1 X85.496 Y16.413 E.21824
G1 X88.448 Y16.413 E.09992
G1 X96.573 Y8.287 E.38896
G1 X100.399 Y8.287 E.12951
G1 X108.524 Y16.413 E.38896
G1 X111.476 Y16.413 E.09992
G1 X119.601 Y8.287 E.38896
G1 X123.427 Y8.287 E.12951
G1 X131.552 Y16.413 E.38896
G1 X134.504 Y16.413 E.09992
G1 X139.063 Y11.854 E.21824
G1 X139.063 Y12.409 E.01879
G1 X134.941 Y8.287 E.19732
G1 X131.115 Y8.287 E.12951
G1 X122.99 Y16.413 E.38896
G1 X120.038 Y16.413 E.09992
G1 X111.913 Y8.287 E.38896
G1 X108.087 Y8.287 E.12951
G1 X99.962 Y16.413 E.38896
G1 X97.01 Y16.413 E.09992
G1 X88.885 Y8.287 E.38896
G1 X91.328 Y8.287 E.08269
G1 E-2 F2400
G1 X163.368 Y205.398 F7800
G1 E2 F2400
;TYPE:Perimeter
;WIDTH:0.449999
G1 F3600
G1 X56.632 Y205.398 E3.61288
G1 X56.632 Y203.712 E.05707
G1 X163.368 Y203.712 E3.61288
G1 X163.368 Y205.338 E.05504
G1 X163.775 Y205.805 F7800
;TYPE:External perimeter
G1 F1800
G1 X56.225 Y205.805 E3.64043
G1 X56.225 Y203.304 E.08466
G1 X163.775 Y203.304 E3.64043
G1 X163.775 Y205.745 E.08262
G1 X163.379 Y205.804 F7800
G1 E-2 F2400
G1 X161.479 Y205.093 F7800
G1 E2 F2400
;TYPE:Internal infill
;WIDTH:0.45
G1 F4800
G1 X159.037 Y205.093 E.08266
G1 X157.961 Y204.017 E.05151
G1 X154.151 Y204.017 E.12896
G1 X153.075 Y205.093 E.05151
G1 X147.523 Y205.093 E.18793
G1 X146.447 Y204.017 E.05151
G1 X142.637 Y204.017 E.12896
G1 X141.561 Y205.093 E.05151
G1 X136.009 Y205.093 E.18793
G1 X134.933 Y204.017 E.05151
G1 X131.123 Y204.017 E.12896
G1 X130.047 Y205.093 E.05151
G1 X124.495 Y205.093 E.18793
G1 X123.419 Y204.017 E.05151
G1 X119.609 Y204.017 E.12896
G1 X118.533 Y205.093 E.05151
G1 X112.981 Y205.093 E.18793
G1 X111.905 Y204.017 E.05151
G1 X108.095 Y204.017 E.12896
G1 X107.019 Y205.093 E.05151
G1 X101.467 Y205.093 E.18793
G1 X100.391 Y204.017 E.05151
G1 X96.581 Y204.017 E.12896
G1 X95.505 Y205.093 E.05151
G1 X89.953 Y205.093 E.18793
G1 X88.877 Y204.017 E.05151
G1 X85.067 Y204.017 E.12896
G1 X83.991 Y205.093 E.05151
G1 X78.439 Y205.093 E.18793
G1 X77.363 Y204.017 E.05151
G1 X73.553 Y204.017 E.12896
G1 X72.477 Y205.093 E.05151
G1 X66.925 Y205.093 E.18793
G1 X65.849 Y204.017 E.05151
G1 X62.039 Y204.017 E.12896
G1 X60.963 Y205.093 E.05151
G1 X58.521 Y205.093 E.08266
G1 E-2 F2400
G1 X56.632 Y211.988 F7800
G1 E2 F2400
;TYPE:Perimeter
;WIDTH:0.449999
G1 F3600
G1 X56.632 Y210.302 E.05707
G1 X163.368 Y210.302 E3.61288
G1 X163.368 Y211.988 E.05707
G1 X56.692 Y211.988 E3.61085
G1 X56.225 Y212.396 F7800
;TYPE:External perimeter
G1 F1800
G1 X56.225 Y209.895 E.08466
G1 X163.775 Y209.895 E3.64043
G1 X163.775 Y212.396 E.08466
G1 X56.285 Y212.396 E3.6384
G1 X56.226 Y212 F7800
G1 E-2 F2400
G1 X58.484 Y210.607 F7800
G1 E2 F2400
;TYPE:Internal infill
;WIDTH:0.45
G1 F4800
G1 X60.926 Y210.607 E.08266
G1 X62.002 Y211.683 E.05151
G1 X65.887 Y211.683 E.1315
G1 X66.962 Y210.607 E.05148
G1 X72.44 Y210.607 E.18542
G1 X73.516 Y211.683 E.05151
G1 X77.401 Y211.683 E.1315
G1 X78.476 Y210.607 E.05148
G1 X83.954 Y210.607 E.18542
G1 X85.03 Y211.683 E.05151
G1 X88.914 Y211.683 E.13147
G1 X89.99 Y210.607 E.05151
G1 X95.468 Y210.607 E.18542
G1 X96.544 Y211.683 E.05151
G1 X100.428 Y211.683 E.13147
G1 X101.504 Y210.607 E.05151
G1 X106.982 Y210.607 E.18542
G1 X108.058 Y211.683 E.05151
G1 X111.942 Y211.683 E.13147
G1 X113.018 Y210.607 E.05151
G1 X118.496 Y210.607 E.18542
G1 X119.572 Y211.683 E.05151
G1 X123.456 Y211.683 E.13147
G1 X124.532 Y210.607 E.05151
G1 X130.01 Y210.607 E.18542
G1 X131.085 Y211.683 E.05148
G1 X134.97 Y211.683 E.1315
G1 X136.046 Y210.607 E.05151
G1 X141.524 Y210.607 E.18542
G1 X142.599 Y211.683 E.05148
G1 X146.484 Y211.683 E.1315
G1 X147.56 Y210.607 E.05151
G1 X153.038 Y210.607 E.18542
G1 X154.113 Y211.683 E.05148
G1 X157.998 Y211.683 E.1315
G1 X159.074 Y210.607 E.05151
G1 X161.516 Y210.607 E.08266
;LAYER_CHANGE
;Z:5
;HEIGHT:0.2
G1 E-2 F2400
G1 Z5 F7800
G1 X80.632 Y7.982
G1 E2 F2400
;TYPE:Perimeter
;WIDTH:0.449999
G1 F3600
G1 X139.368 Y7.982 E1.98814
G1 X139.368 Y16.718 E.2957
G1 X80.632 Y16.718 E1.98814
G1 X80.632 Y8.042 E.29367
G1 X80.225 Y7.575 F7800
;TYPE:External perimeter
G1 F1800
G1 X139.775 Y7.575 E2.01569
G1 X139.775 Y17.125 E.32326
G1 X80.225 Y17.125 E2.01569
G1 X80.225 Y7.635 E.32122
G1 X80.621 Y7.576 F7800
G1 E-2 F2400
G1 X82.617 Y8.287 F7800
G1 E2 F2400
;TYPE:Internal infill
;WIDTH:0.45
G1 F4800
G1 X85.059 Y8.287 E.08266
G1 X80.937 Y12.409 E.19732
G1 X80.937 Y11.854 E.01879
G1 X85.496 Y16.413 E.21824
G1 X88.448 Y16.413 E.09992
G1 X96.573 Y8.287 E.38896
G1 X100.399 Y8.287 E.12951
G1 X108.524 Y16.413 E.38896
G1 X111.476 Y16.413 E.09992
G1 X119.601 Y8.287 E.38896
G1 X123.427 Y8.287 E.12951
G1 X131.552 Y16.413 E.38896
G1 X134.504 Y16.413 E.09992
G1 X139.063 Y11.854 E.21824
G1 X139.063 Y12.409 E.01879
G1 X134.941 Y8.287 E.19732
G1 X131.115 Y8.287 E.12951
G1 X122.99 Y16.413 E.38896
G1 X120.038 Y16.413 E.09992
G1 X111.913 Y8.287 E.38896
G1 X108.087 Y8.287 E.12951
G1 X99.962 Y16.413 E.38896
G1 X97.01 Y16.413 E.09992
G1 X88.885 Y8.287 E.38896
G1 X91.328 Y8.287 E.08269
G1 E-2 F2400
G1 X163.368 Y205.378 F7800
G1 E2 F2400
;TYPE:Perimeter
;WIDTH:0.449999
G1 F3600
G1 X56.632 Y205.378 E3.61288
G1 X56.632 Y203.692 E.05707
G1 X163.368 Y203.692 E3.61288
G1 X163.368 Y205.318 E.05504
G1 X163.775 Y205.785 F7800
;TYPE:External perimeter
G1 F1800
G1 X56.225 Y205.785 E3.64043
G1 X56.225 Y203.285 E.08462
G1 X163.775 Y203.285 E3.64043
G1 X163.775 Y205.725 E.08259
G1 X163.379 Y205.784 F7800
G1 E-2 F2400
G1 X161.459 Y205.073 F7800
G1 E2 F2400
;TYPE:Internal infill
;WIDTH:0.45
G1 F4800
G1 X159.017 Y205.073 E.08266
G1 X157.941 Y203.997 E.05151
G1 X154.17 Y203.997 E.12764
G1 X153.095 Y205.073 E.05148
G1 X147.503 Y205.073 E.18928
G1 X146.427 Y203.997 E.05151
G1 X142.656 Y203.997 E.12764
G1 X141.581 Y205.073 E.05148
G1 X135.989 Y205.073 E.18928
G1 X134.914 Y203.997 E.05148
G1 X131.142 Y203.997 E.12768
G1 X130.067 Y205.073 E.05148
G1 X124.475 Y205.073 E.18928
G1 X123.4 Y203.997 E.05148
G1 X119.628 Y203.997 E.12768
G1 X118.553 Y205.073 E.05148
G1 X112.961 Y205.073 E.18928
G1 X111.886 Y203.997 E.05148
G1 X108.114 Y203.997 E.12768
G1 X107.039 Y205.073 E.05148
G1 X101.447 Y205.073 E.18928
G1 X100.372 Y203.997 E.05148
G1 X96.6 Y203.997 E.12768
G1 X95.525 Y205.073 E.05148
G1 X89.933 Y205.073 E.18928
G1 X88.858 Y203.997 E.05148
G1 X85.086 Y203.997 E.12768
G1 X84.011 Y205.073 E.05148
G1 X78.419 Y205.073 E.18928
G1 X77.344 Y203.997 E.05148
G1 X73.573 Y203.997 E.12764
G1 X72.497 Y205.073 E.05151
G1 X66.905 Y205.073 E.18928
G1 X65.83 Y203.997 E.05148
G1 X62.059 Y203.997 E.12764
G1 X60.983 Y205.073 E.05151
G1 X58.541 Y205.073 E.08266
G1 E-2 F2400
G1 X56.632 Y212.008 F7800
G1 E2 F2400
;TYPE:Perimeter
;WIDTH:0.449999
G1 F3600
G1 X56.632 Y210.322 E.05707
G1 X163.368 Y210.322 E3.61288
G1 X163.368 Y212.008 E.05707
G1 X56.692 Y212.008 E3.61085
G1 X56.225 Y212.415 F7800
;TYPE:External perimeter
G1 F1800
G1 X56.225 Y209.915 E.08462
G1 X163.775 Y209.915 E3.64043
G1 X163.775 Y212.415 E.08462
G1 X56.285 Y212.415 E3.6384
G1 X56.226 Y212.02 F7800
G1 E-2 F2400
G1 X58.504 Y210.627 F7800
G1 E2 F2400
;TYPE:Internal infill
;WIDTH:0.45
G1 F4800
G1 X60.946 Y210.627 E.08266
G1 X62.021 Y211.703 E.05148
G1 X65.867 Y211.703 E.13018
G1 X66.942 Y210.627 E.05148
G1 X72.46 Y210.627 E.18678
G1 X73.535 Y211.703 E.05148
G1 X77.381 Y211.703 E.13018
G1 X78.456 Y210.627 E.05148
G1 X83.974 Y210.627 E.18678
G1 X85.049 Y211.703 E.05148
G1 X88.895 Y211.703 E.13018
G1 X89.97 Y210.627 E.05148
G1 X95.488 Y210.627 E.18678
G1 X96.563 Y211.703 E.05148
G1 X100.409 Y211.703 E.13018
G1 X101.484 Y210.627 E.05148
G1 X107.002 Y210.627 E.18678
G1 X108.077 Y211.703 E.05148
G1 X111.923 Y211.703 E.13018
G1 X112.998 Y210.627 E.05148
G1 X118.516 Y210.627 E.18678
G1 X119.591 Y211.703 E.05148
G1 X123.437 Y211.703 E.13018
G1 X124.512 Y210.627 E.05148
G1 X130.03 Y210.627 E.18678
G1 X131.105 Y211.703 E.05148
G1 X134.951 Y211.703 E.13018
G1 X136.026 Y210.627 E.05148
G1 X141.544 Y210.627 E.18678
G1 X142.619 Y211.703 E.05148
G1 X146.465 Y211.703 E.13018
G1 X147.54 Y210.627 E.05148
G1 X153.058 Y210.627 E.18678
G1 X154.133 Y211.703 E.05148
G1 X157.979 Y211.703 E.13018
G1 X159.054 Y210.627 E.05148
G1 X161.496 Y210.627 E.08266
;LAYER_CHANGE
;Z:5.2
;HEIGHT:0.2
G1 E-2 F2400
G1 Z5.2 F7800
G1 X80.632 Y7.982
G1 E2 F2400
;TYPE:Perimeter
;WIDTH:0.449999
G1 F3600
G1 X139.368 Y7.982 E1.98814
G1 X139.368 Y16.718 E.2957
G1 X80.632 Y16.718 E1.98814
G1 X80.632 Y8.042 E.29367
G1 X80.225 Y7.575 F7800
;TYPE:External perimeter
G1 F1800
G1 X139.775 Y7.575 E2.01569
G1 X139.775 Y17.125 E.32326
G1 X80.225 Y17.125 E2.01569
G1 X80.225 Y7.635 E.32122
G1 X80.621 Y7.576 F7800
G1 E-2 F2400
G1 X82.617 Y8.287 F7800
G1 E2 F2400
;TYPE:Internal infill
;WIDTH:0.45
G1 F4800
G1 X85.059 Y8.287 E.08266
G1 X80.937 Y12.409 E.19732
G1 X80.937 Y11.854 E.01879
G1 X85.496 Y16.413 E.21824
G1 X88.448 Y16.413 E.09992
G1 X96.573 Y8.287 E.38896
G1 X100.399 Y8.287 E.12951
G1 X108.524 Y16.413 E.38896
G1 X111.476 Y16.413 E.09992
G1 X119.601 Y8.287 E.38896
G1 X123.427 Y8.287 E.12951
G1 X131.552 Y16.413 E.38896
G1 X134.504 Y16.413 E.09992
G1 X139.063 Y11.854 E.21824
G1 X139.063 Y12.409 E.01879
G1 X134.941 Y8.287 E.19732
G1 X131.115 Y8.287 E.12951
G1 X122.99 Y16.413 E.38896
G1 X120.038 Y16.413 E.09992
G1 X111.913 Y8.287 E.38896
G1 X108.087 Y8.287 E.12951
G1 X99.962 Y16.413 E.38896
G1 X97.01 Y16.413 E.09992
G1 X88.885 Y8.287 E.38896
G1 X91.328 Y8.287 E.08269
G1 E-2 F2400
G1 X163.368 Y205.378 F7800
G1 E2 F2400
;TYPE:Perimeter
;WIDTH:0.449999
G1 F3600
G1 X56.632 Y205.378 E3.61288
G1 X56.632 Y203.692 E.05707
G1 X163.368 Y203.692 E3.61288
G1 X163.368 Y205.318 E.05504
G1 X163.775 Y205.785 F7800
;TYPE:External perimeter
G1 F1800
G1 X56.225 Y205.785 E3.64043
G1 X56.225 Y203.285 E.08462
G1 X163.775 Y203.285 E3.64043
G1 X163.775 Y205.725 E.08259
G1 X163.379 Y205.784 F7800
G1 E-2 F2400
G1 X161.459 Y205.073 F7800
G1 E2 F2400
;TYPE:Internal infill
;WIDTH:0.45
G1 F4800
G1 X159.017 Y205.073 E.08266
G1 X157.941 Y203.997 E.05151
G1 X154.17 Y203.997 E.12764
G1 X153.095 Y205.073 E.05148
G1 X147.503 Y205.073 E.18928
G1 X146.427 Y203.997 E.05151
G1 X142.656 Y203.997 E.12764
G1 X141.581 Y205.073 E.05148
G1 X135.989 Y205.073 E.18928
G1 X134.914 Y203.997 E.05148
G1 X131.142 Y203.997 E.12768
G1 X130.067 Y205.073 E.05148
G1 X124.475 Y205.073 E.18928
G1 X123.4 Y203.997 E.05148
G1 X119.628 Y203.997 E.12768
G1 X118.553 Y205.073 E.05148
G1 X112.961 Y205.073 E.18928
G1 X111.886 Y203.997 E.05148
G1 X108.114 Y203.997 E.12768
G1 X107.039 Y205.073 E.05148
G1 X101.447 Y205.073 E.18928
G1 X100.372 Y203.997 E.05148
G1 X96.6 Y203.997 E.12768
G1 X95.525 Y205.073 E.05148
G1 X89.933 Y205.073 E.18928
G1 X88.858 Y203.997 E.05148
G1 X85.086 Y203.997 E.12768
G1 X84.011 Y205.073 E.05148
G1 X78.419 Y205.073 E.18928
G1 X77.344 Y203.997 E.05148
G1 X73.573 Y203.997 E.12764
G1 X72.497 Y205.073 E.05151
G1 X66.905 Y205.073 E.18928
G1 X65.83 Y203.997 E.05148
G1 X62.059 Y203.997 E.12764
G1 X60.983 Y205.073 E.05151
G1 X58.541 Y205.073 E.08266
G1 E-2 F2400
G1 X56.632 Y212.008 F7800
G1 E2 F2400
;TYPE:Perimeter
;WIDTH:0.449999
G1 F3600
G1 X56.632 Y210.322 E.05707
G1 X163.368 Y210.322 E3.61288
G1 X163.368 Y212.008 E.05707
G1 X56.692 Y212.008 E3.61085
G1 X56.225 Y212.415 F7800
;TYPE:External perimeter
G1 F1800
G1 X56.225 Y209.915 E.08462
G1 X163.775 Y209.915 E3.64043
G1 X163.775 Y212.415 E.08462
G1 X56.285 Y212.415 E3.6384
G1 X56.226 Y212.02 F7800
G1 E-2 F2400
G1 X58.504 Y210.627 F7800
G1 E2 F2400
;TYPE:Internal infill
;WIDTH:0.45
G1 F4800
G1 X60.946 Y210.627 E.08266
G1 X62.021 Y211.703 E.05148
G1 X65.867 Y211.703 E.13018
G1 X66.942 Y210.627 E.05148
G1 X72.46 Y210.627 E.18678
G1 X73.535 Y211.703 E.05148
G1 X77.381 Y211.703 E.13018
G1 X78.456 Y210.627 E.05148
G1 X83.974 Y210.627 E.18678
G1 X85.049 Y211.703 E.05148
G1 X88.895 Y211.703 E.13018
G1 X89.97 Y210.627 E.05148
G1 X95.488 Y210.627 E.18678
G1 X96.563 Y211.703 E.05148
G1 X100.409 Y211.703 E.13018
G1 X101.484 Y210.627 E.05148
G1 X107.002 Y210.627 E.18678
G1 X108.077 Y211.703 E.05148
G1 X111.923 Y211.703 E.13018
G1 X112.998 Y210.627 E.05148
G1 X118.516 Y210.627 E.18678
G1 X119.591 Y211.703 E.05148
G1 X123.437 Y211.703 E.13018
G1 X124.512 Y210.627 E.05148
G1 X130.03 Y210.627 E.18678
G1 X131.105 Y211.703 E.05148
G1 X134.951 Y211.703 E.13018
G1 X136.026 Y210.627 E.05148
G1 X141.544 Y210.627 E.18678
G1 X142.619 Y211.703 E.05148
G1 X146.465 Y211.703 E.13018
G1 X147.54 Y210.627 E.05148
G1 X153.058 Y210.627 E.18678
G1 X154.133 Y211.703 E.05148
G1 X157.979 Y211.703 E.13018
G1 X159.054 Y210.627 E.05148
G1 X161.496 Y210.627 E.08266
;LAYER_CHANGE
;Z:5.4
;HEIGHT:0.2
G1 E-2 F2400
G1 Z5.4 F7800
G1 X80.632 Y7.982
G1 E2 F2400
;TYPE:Perimeter
;WIDTH:0.449999
G1 F3600
G1 X139.368 Y7.982 E1.98814
G1 X139.368 Y16.718 E.2957
G1 X80.632 Y16.718 E1.98814
G1 X80.632 Y8.042 E.29367
G1 X80.225 Y7.575 F7800
;TYPE:External perimeter
G1 F1800
G1 X139.775 Y7.575 E2.01569
G1 X139.775 Y17.125 E.32326
G1 X80.225 Y17.125 E2.01569
G1 X80.225 Y7.635 E.32122
G1 X80.621 Y7.576 F7800
G1 E-2 F2400
G1 X82.617 Y8.287 F7800
G1 E2 F2400
;TYPE:Internal infill
;WIDTH:0.45
G1 F4800
G1 X85.059 Y8.287 E.08266
G1 X80.937 Y12.409 E.19732
G1 X80.937 Y11.854 E.01879
G1 X85.496 Y16.413 E.21824
G1 X88.448 Y16.413 E.09992
G1 X96.573 Y8.287 E.38896
G1 X100.399 Y8.287 E.12951
G1 X108.524 Y16.413 E.38896
G1 X111.476 Y16.413 E.09992
G1 X119.601 Y8.287 E.38896
G1 X123.427 Y8.287 E.12951
G1 X131.552 Y16.413 E.38896
G1 X134.504 Y16.413 E.09992
G1 X139.063 Y11.854 E.21824
G1 X139.063 Y12.409 E.01879
G1 X134.941 Y8.287 E.19732
G1 X131.115 Y8.287 E.12951
G1 X122.99 Y16.413 E.38896
G1 X120.038 Y16.413 E.09992
G1 X111.913 Y8.287 E.38896
G1 X108.087 Y8.287 E.12951
G1 X99.962 Y16.413 E.38896
G1 X97.01 Y16.413 E.09992
G1 X88.885 Y8.287 E.38896
G1 X91.328 Y8.287 E.08269
G1 E-2 F2400
G1 X163.368 Y205.398 F7800
G1 E2 F2400
;TYPE:Perimeter
;WIDTH:0.449999
G1 F3600
G1 X56.632 Y205.398 E3.61288
G1 X56.632 Y203.712 E.05707
G1 X163.368 Y203.712 E3.61288
G1 X163.368 Y205.338 E.05504
G1 X163.775 Y205.805 F7800
;TYPE:External perimeter
G1 F1800
G1 X56.225 Y205.805 E3.64043
G1 X56.225 Y203.304 E.08466
G1 X163.775 Y203.304 E3.64043
G1 X163.775 Y205.745 E.08262
G1 X163.379 Y205.804 F7800
G1 E-2 F2400
G1 X161.479 Y205.093 F7800
G1 E2 F2400
;TYPE:Internal infill
;WIDTH:0.45
G1 F4800
G1 X159.037 Y205.093 E.08266
G1 X157.961 Y204.017 E.05151
G1 X154.151 Y204.017 E.12896
G1 X153.075 Y205.093 E.05151
G1 X147.523 Y205.093 E.18793
G1 X146.447 Y204.017 E.05151
G1 X142.637 Y204.017 E.12896
G1 X141.561 Y205.093 E.05151
G1 X136.009 Y205.093 E.18793
G1 X134.933 Y204.017 E.05151
G1 X131.123 Y204.017 E.12896
G1 X130.047 Y205.093 E.05151
G1 X124.495 Y205.093 E.18793
G1 X123.419 Y204.017 E.05151
G1 X119.609 Y204.017 E.12896
G1 X118.533 Y205.093 E.05151
G1 X112.981 Y205.093 E.18793
G1 X111.905 Y204.017 E.05151
G1 X108.095 Y204.017 E.12896
G1 X107.019 Y205.093 E.05151
G1 X101.467 Y205.093 E.18793
G1 X100.391 Y204.017 E.05151
G1 X96.581 Y204.017 E.12896
G1 X95.505 Y205.093 E.05151
G1 X89.953 Y205.093 E.18793
G1 X88.877 Y204.017 E.05151
G1 X85.067 Y204.017 E.12896
G1 X83.991 Y205.093 E.05151
G1 X78.439 Y205.093 E.18793
G1 X77.363 Y204.017 E.05151
G1 X73.553 Y204.017 E.12896
G1 X72.477 Y205.093 E.05151
G1 X66.925 Y205.093 E.18793
G1 X65.849 Y204.017 E.05151
G1 X62.039 Y204.017 E.12896
G1 X60.963 Y205.093 E.05151
G1 X58.521 Y205.093 E.08266
G1 E-2 F2400
G1 X56.632 Y211.988 F7800
G1 E2 F2400
;TYPE:Perimeter
;WIDTH:0.449999
G1 F3600
G1 X56.632 Y210.302 E.05707
G1 X163.368 Y210.302 E3.61288
G1 X163.368 Y211.988 E.05707
G1 X56.692 Y211.988 E3.61085
G1 X56.225 Y212.396 F7800
;TYPE:External perimeter
G1 F1800
G1 X56.225 Y209.895 E.08466
G1 X163.775 Y209.895 E3.64043
G1 X163.775 Y212.396 E.08466
G1 X56.285 Y212.396 E3.6384
G1 X56.226 Y212 F7800
G1 E-2 F2400
G1 X58.484 Y210.607 F7800
G1 E2 F2400
;TYPE:Internal infill
;WIDTH:0.45
G1 F4800
G1 X60.926 Y210.607 E.08266
G1 X62.002 Y211.683 E.05151
G1 X65.887 Y211.683 E.1315
G1 X66.962 Y210.607 E.05148
G1 X72.44 Y210.607 E.18542
G1 X73.516 Y211.683 E.05151
G1 X77.401 Y211.683 E.1315
G1 X78.476 Y210.607 E.05148
G1 X83.954 Y210.607 E.18542
G1 X85.03 Y211.683 E.05151
G1 X88.914 Y211.683 E.13147
G1 X89.99 Y210.607 E.05151
G1 X95.468 Y210.607 E.18542
G1 X96.544 Y211.683 E.05151
G1 X100.428 Y211.683 E.13147
G1 X101.504 Y210.607 E.05151
G1 X106.982 Y210.607 E.18542
G1 X108.058 Y211.683 E.05151
G1 X111.942 Y211.683 E.13147
G1 X113.018 Y210.607 E.05151
G1 X118.496 Y210.607 E.18542
G1 X119.572 Y211.683 E.05151
G1 X123.456 Y211.683 E.13147
G1 X124.532 Y210.607 E.05151
G1 X130.01 Y210.607 E.18542
G1 X131.085 Y211.683 E.05148
G1 X134.97 Y211.683 E.1315
G1 X136.046 Y210.607 E.05151
G1 X141.524 Y210.607 E.18542
G1 X142.599 Y211.683 E.05148
G1 X146.484 Y211.683 E.1315
G1 X147.56 Y210.607 E.05151
G1 X153.038 Y210.607 E.18542
G1 X154.113 Y211.683 E.05148
G1 X157.998 Y211.683 E.1315
G1 X159.074 Y210.607 E.05151
G1 X161.516 Y210.607 E.08266
;LAYER_CHANGE
;Z:5.6
;HEIGHT:0.2
G1 E-2 F2400
G1 Z5.6 F7800
G1 X80.632 Y7.982
G1 E2 F2400
;TYPE:Perimeter
;WIDTH:0.449999
G1 F3600
G1 X139.368 Y7.982 E1.98814
G1 X139.368 Y16.718 E.2957
G1 X80.632 Y16.718 E1.98814
G1 X80.632 Y8.042 E.29367
G1 X80.225 Y7.575 F7800
;TYPE:External perimeter
G1 F1800
G1 X139.775 Y7.575 E2.01569
G1 X139.775 Y17.125 E.32326
G1 X80.225 Y17.125 E2.01569
G1 X80.225 Y7.635 E.32122
G1 X80.621 Y7.576 F7800
G1 E-2 F2400
G1 X82.617 Y8.287 F7800
G1 E2 F2400
;TYPE:Internal infill
;WIDTH:0.45
G1 F4800
G1 X85.059 Y8.287 E.08266
G1 X80.937 Y12.409 E.19732
G1 X80.937 Y11.854 E.01879
G1 X85.496 Y16.413 E.21824
G1 X88.448 Y16.413 E.09992
G1 X96.573 Y8.287 E.38896
G1 X100.399 Y8.287 E.12951
G1 X108.524 Y16.413 E.38896
G1 X111.476 Y16.413 E.09992
G1 X119.601 Y8.287 E.38896
G1 X123.427 Y8.287 E.12951
G1 X131.552 Y16.413 E.38896
G1 X134.504 Y16.413 E.09992
G1 X139.063 Y11.854 E.21824
G1 X139.063 Y12.409 E.01879
G1 X134.941 Y8.287 E.19732
G1 X131.115 Y8.287 E.12951
G1 X122.99 Y16.413 E.38896
G1 X120.038 Y16.413 E.09992
G1 X111.913 Y8.287 E.38896
G1 X108.087 Y8.287 E.12951
G1 X99.962 Y16.413 E.38896
G1 X97.01 Y16.413 E.09992
G1 X88.885 Y8.287 E.38896
G1 X91.328 Y8.287 E.08269
G1 E-2 F2400
G1 X163.368 Y205.446 F7800
G1 E2 F2400
;TYPE:Perimeter
;WIDTH:0.449999
G1 F3600
G1 X56.632 Y205.446 E3.61288
G1 X56.632 Y203.731 E.05805
G1 X163.368 Y203.731 E3.61288
G1 X163.368 Y205.386 E.05602
G1 X163.775 Y205.853 F7800
;TYPE:External perimeter
G1 F1800
G1 X56.225 Y205.853 E3.64043
G1 X56.225 Y203.324 E.0856
G1 X163.775 Y203.324 E3.64043
G1 X163.775 Y205.793 E.08357
G1 X163.379 Y205.852 F7800
G1 X161.527 Y205.141
;TYPE:Internal infill
;WIDTH:0.45
G1 F4800
G1 X159.085 Y205.141 E.08266
G1 X157.981 Y204.037 E.05285
G1 X154.131 Y204.037 E.13032
G1 X153.027 Y205.141 E.05285
G1 X147.571 Y205.141 E.18468
G1 X146.467 Y204.037 E.05285
G1 X142.617 Y204.037 E.13032
G1 X141.513 Y205.141 E.05285
G1 X136.057 Y205.141 E.18468
G1 X134.953 Y204.037 E.05285
G1 X131.103 Y204.037 E.13032
G1 X129.999 Y205.141 E.05285
G1 X124.543 Y205.141 E.18468
G1 X123.439 Y204.037 E.05285
G1 X119.589 Y204.037 E.13032
G1 X118.485 Y205.141 E.05285
G1 X113.029 Y205.141 E.18468
G1 X111.925 Y204.037 E.05285
G1 X108.075 Y204.037 E.13032
G1 X106.971 Y205.141 E.05285
G1 X101.515 Y205.141 E.18468
G1 X100.411 Y204.037 E.05285
G1 X96.561 Y204.037 E.13032
G1 X95.457 Y205.141 E.05285
G1 X90.001 Y205.141 E.18468
G1 X88.897 Y204.037 E.05285
G1 X85.047 Y204.037 E.13032
G1 X83.943 Y205.141 E.05285
G1 X78.487 Y205.141 E.18468
G1 X77.383 Y204.037 E.05285
G1 X73.533 Y204.037 E.13032
G1 X72.429 Y205.141 E.05285
G1 X66.973 Y205.141 E.18468
G1 X65.869 Y204.037 E.05285
G1 X62.019 Y204.037 E.13032
G1 X60.915 Y205.141 E.05285
G1 X58.473 Y205.141 E.08266
G1 E-2 F2400
G1 X56.632 Y211.969 F7800
G1 E2 F2400
;TYPE:Perimeter
;WIDTH:0.449999
G1 F3600
G1 X56.632 Y210.254 E.05805
G1 X163.368 Y210.254 E3.61288
G1 X163.368 Y211.969 E.05805
G1 X56.692 Y211.969 E3.61085
G1 X56.225 Y212.376 F7800
;TYPE:External perimeter
G1 F1800
G1 X56.225 Y209.847 E.0856
G1 X163.775 Y209.847 E3.64043
G1 X163.775 Y212.376 E.0856
G1 X56.285 Y212.376 E3.6384
G1 X56.226 Y211.98 F7800
G1 E-2 F2400
G1 X58.435 Y210.559 F7800
G1 E2 F2400
;TYPE:Internal infill
;WIDTH:0.45
G1 F4800
G1 X60.878 Y210.559 E.08269
G1 X61.982 Y211.663 E.05285
G1 X65.906 Y211.663 E.13282
G1 X67.01 Y210.559 E.05285
G1 X72.392 Y210.559 E.18217
G1 X73.496 Y211.663 E.05285
G1 X77.42 Y211.663 E.13282
G1 X78.524 Y210.559 E.05285
G1 X83.906 Y210.559 E.18217
G1 X85.01 Y211.663 E.05285
G1 X88.934 Y211.663 E.13282
G1 X90.038 Y210.559 E.05285
G1 X95.42 Y210.559 E.18217
G1 X96.524 Y211.663 E.05285
G1 X100.448 Y211.663 E.13282
G1 X101.552 Y210.559 E.05285
G1 X106.934 Y210.559 E.18217
G1 X108.038 Y211.663 E.05285
G1 X111.962 Y211.663 E.13282
G1 X113.066 Y210.559 E.05285
G1 X118.448 Y210.559 E.18217
G1 X119.552 Y211.663 E.05285
G1 X123.476 Y211.663 E.13282
G1 X124.58 Y210.559 E.05285
G1 X129.962 Y210.559 E.18217
G1 X131.066 Y211.663 E.05285
G1 X134.99 Y211.663 E.13282
G1 X136.094 Y210.559 E.05285
G1 X141.476 Y210.559 E.18217
G1 X142.58 Y211.663 E.05285
G1 X146.504 Y211.663 E.13282
G1 X147.608 Y210.559 E.05285
G1 X152.99 Y210.559 E.18217
G1 X154.094 Y211.663 E.05285
G1 X158.018 Y211.663 E.13282
G1 X159.122 Y210.559 E.05285
G1 X161.564 Y210.559 E.08266
;LAYER_CHANGE
;Z:5.8
;HEIGHT:0.2
G1 E-2 F2400
G1 Z5.8 F7800
G1 X80.632 Y7.982
G1 E2 F2400
;TYPE:Perimeter
;WIDTH:0.449999
G1 F3600
G1 X139.368 Y7.982 E1.98814
G1 X139.368 Y16.718 E.2957
G1 X80.632 Y16.718 E1.98814
G1 X80.632 Y8.042 E.29367
G1 X80.225 Y7.575 F7800
;TYPE:External perimeter
G1 F1800
G1 X139.775 Y7.575 E2.01569
G1 X139.775 Y17.125 E.32326
G1 X80.225 Y17.125 E2.01569
G1 X80.225 Y7.635 E.32122
G1 X80.621 Y7.576 F7800
G1 E-2 F2400
G1 X82.617 Y8.287 F7800
G1 E2 F2400
;TYPE:Internal infill
;WIDTH:0.45
G1 F4800
G1 X85.059 Y8.287 E.08266
G1 X80.937 Y12.409 E.19732
G1 X80.937 Y11.854 E.01879
G1 X85.496 Y16.413 E.21824
G1 X88.448 Y16.413 E.09992
G1 X96.573 Y8.287 E.38896
G1 X100.399 Y8.287 E.12951
G1 X108.524 Y16.413 E.38896
G1 X111.476 Y16.413 E.09992
G1 X119.601 Y8.287 E.38896
G1 X123.427 Y8.287 E.12951
G1 X131.552 Y16.413 E.38896
G1 X134.504 Y16.413 E.09992
G1 X139.063 Y11.854 E.21824
G1 X139.063 Y12.409 E.01879
G1 X134.941 Y8.287 E.19732
G1 X131.115 Y8.287 E.12951
G1 X122.99 Y16.413 E.38896
G1 X120.038 Y16.413 E.09992
G1 X111.913 Y8.287 E.38896
G1 X108.087 Y8.287 E.12951
G1 X99.962 Y16.413 E.38896
G1 X97.01 Y16.413 E.09992
G1 X88.885 Y8.287 E.38896
G1 X91.328 Y8.287 E.08269
G1 E-2 F2400
G1 X163.368 Y205.507 F7800
G1 E2 F2400
;TYPE:Perimeter
;WIDTH:0.449999
G1 F3600
G1 X56.632 Y205.507 E3.61288
G1 X56.632 Y203.751 E.05944
G1 X163.368 Y203.751 E3.61288
G1 X163.368 Y205.447 E.05741
G1 X163.775 Y205.914 F7800
;TYPE:External perimeter
G1 F1800
G1 X56.225 Y205.914 E3.64043
G1 X56.225 Y203.344 E.08699
G1 X163.775 Y203.344 E3.64043
G1 X163.775 Y205.854 E.08496
G1 X163.379 Y205.913 F7800
G1 X161.588 Y205.201
;TYPE:Internal infill
;WIDTH:0.45
G1 F4800
G1 X159.145 Y205.201 E.08269
G1 X158 Y204.056 E.05481
G1 X154.111 Y204.056 E.13164
G1 X152.966 Y205.201 E.05481
G1 X147.631 Y205.201 E.18058
G1 X146.486 Y204.056 E.05481
G1 X142.597 Y204.056 E.13164
G1 X141.452 Y205.201 E.05481
G1 X136.118 Y205.201 E.18055
G1 X134.972 Y204.056 E.05483
G1 X131.083 Y204.056 E.13164
G1 X129.938 Y205.201 E.05481
G1 X124.604 Y205.201 E.18055
G1 X123.459 Y204.056 E.05481
G1 X119.569 Y204.056 E.13167
G1 X118.424 Y205.201 E.05481
G1 X113.09 Y205.201 E.18055
G1 X111.945 Y204.056 E.05481
G1 X108.055 Y204.056 E.13167
G1 X106.91 Y205.201 E.05481
G1 X101.576 Y205.201 E.18055
G1 X100.431 Y204.056 E.05481
G1 X96.541 Y204.056 E.13167
G1 X95.396 Y205.201 E.05481
G1 X90.062 Y205.201 E.18055
G1 X88.917 Y204.056 E.05481
G1 X85.027 Y204.056 E.13167
G1 X83.882 Y205.201 E.05481
G1 X78.548 Y205.201 E.18055
G1 X77.403 Y204.056 E.05481
G1 X73.514 Y204.056 E.13164
G1 X72.369 Y205.201 E.05481
G1 X67.034 Y205.201 E.18058
G1 X65.889 Y204.056 E.05481
G1 X62 Y204.056 E.13164
G1 X60.855 Y205.201 E.05481
G1 X58.412 Y205.201 E.08269
G1 E-2 F2400
G1 X56.632 Y211.949 F7800
G1 E2 F2400
;TYPE:Perimeter
;WIDTH:0.449999
G1 F3600
G1 X56.632 Y210.194 E.0594
G1 X163.368 Y210.194 E3.61288
G1 X163.368 Y211.949 E.0594
G1 X56.692 Y211.949 E3.61085
G1 X56.225 Y212.356 F7800
;TYPE:External perimeter
G1 F1800
G1 X56.225 Y209.786 E.08699
G1 X163.775 Y209.786 E3.64043
G1 X163.775 Y212.356 E.08699
G1 X56.285 Y212.356 E3.6384
G1 X56.226 Y211.961 F7800
G1 E-2 F2400
G1 X58.375 Y210.499 F7800
G1 E2 F2400
;TYPE:Internal infill
;WIDTH:0.45
G1 F4800
G1 X60.817 Y210.499 E.08266
G1 X61.962 Y211.644 E.05481
G1 X65.926 Y211.644 E.13418
G1 X67.071 Y210.499 E.05481
G1 X72.331 Y210.499 E.17804
G1 X73.476 Y211.644 E.05481
G1 X77.44 Y211.644 E.13418
G1 X78.585 Y210.499 E.05481
G1 X83.845 Y210.499 E.17804
G1 X84.99 Y211.644 E.05481
G1 X88.954 Y211.644 E.13418
G1 X90.099 Y210.499 E.05481
G1 X95.359 Y210.499 E.17804
G1 X96.504 Y211.644 E.05481
G1 X100.468 Y211.644 E.13418
G1 X101.613 Y210.499 E.05481
G1 X106.873 Y210.499 E.17804
G1 X108.018 Y211.644 E.05481
G1 X111.982 Y211.644 E.13418
G1 X113.127 Y210.499 E.05481
G1 X118.387 Y210.499 E.17804
G1 X119.532 Y211.644 E.05481
G1 X123.496 Y211.644 E.13418
G1 X124.641 Y210.499 E.05481
G1 X129.901 Y210.499 E.17804
G1 X131.046 Y211.644 E.05481
G1 X135.01 Y211.644 E.13418
G1 X136.155 Y210.499 E.05481
G1 X141.415 Y210.499 E.17804
G1 X142.56 Y211.644 E.05481
G1 X146.524 Y211.644 E.13418
G1 X147.669 Y210.499 E.05481
G1 X152.929 Y210.499 E.17804
G1 X154.074 Y211.644 E.05481
G1 X158.038 Y211.644 E.13418
G1 X159.183 Y210.499 E.05481
G1 X161.625 Y210.499 E.08266
;LAYER_CHANGE
;Z:6
;HEIGHT:0.2
G1 E-2 F2400
G1 Z6 F7800
G1 X80.632 Y7.982
G1 E2 F2400
;TYPE:Perimeter
;WIDTH:0.449999
G1 F3600
G1 X139.368 Y7.982 E1.98814
G1 X139.368 Y16.718 E.2957
G1 X80.632 Y16.718 E1.98814
G1 X80.632 Y8.042 E.29367
G1 X80.225 Y7.575 F7800
;TYPE:External perimeter
G1 F1800
G1 X139.775 Y7.575 E2.01569
G1 X139.775 Y17.125 E.32326
G1 X80.225 Y17.125 E2.01569
G1 X80.225 Y7.635 E.32122
G1 X80.621 Y7.576 F7800
G1 E-2 F2400
G1 X82.617 Y8.287 F7800
G1 E2 F2400
;TYPE:Internal infill
;WIDTH:0.45
G1 F4800
G1 X85.059 Y8.287 E.08266
G1 X80.937 Y12.409 E.19732
G1 X80.937 Y11.854 E.01879
G1 X85.496 Y16.413 E.21824
G1 X88.448 Y16.413 E.09992
G1 X96.573 Y8.287 E.38896
G1 X100.399 Y8.287 E.12951
G1 X108.524 Y16.413 E.38896
G1 X111.476 Y16.413 E.09992
G1 X119.601 Y8.287 E.38896
G1 X123.427 Y8.287 E.12951
G1 X131.552 Y16.413 E.38896
G1 X134.504 Y16.413 E.09992
G1 X139.063 Y11.854 E.21824
G1 X139.063 Y12.409 E.01879
G1 X134.941 Y8.287 E.19732
G1 X131.115 Y8.287 E.12951
G1 X122.99 Y16.413 E.38896
G1 X120.038 Y16.413 E.09992
G1 X111.913 Y8.287 E.38896
G1 X108.087 Y8.287 E.12951
G1 X99.962 Y16.413 E.38896
G1 X97.01 Y16.413 E.09992
G1 X88.885 Y8.287 E.38896
G1 X91.328 Y8.287 E.08269
G1 E-2 F2400
G1 X163.368 Y205.612 F7800
G1 E2 F2400
;TYPE:Perimeter
;WIDTH:0.449999
G1 F3600
G1 X56.632 Y205.612 E3.61288
G1 X56.632 Y203.771 E.06232
G1 X163.368 Y203.771 E3.61288
G1 X163.368 Y205.552 E.06028
G1 X163.775 Y206.019 F7800
;TYPE:External perimeter
G1 F1800
G1 X56.225 Y206.019 E3.64043
G1 X56.225 Y203.363 E.0899
G1 X163.775 Y203.363 E3.64043
G1 X163.775 Y205.959 E.08787
G1 X163.379 Y206.018 F7800
G1 X161.693 Y205.306
;TYPE:Internal infill
;WIDTH:0.45
G1 F4800
G1 X159.25 Y205.306 E.08269
G1 X158.02 Y204.076 E.05888
G1 X154.092 Y204.076 E.13296
G1 X152.861 Y205.306 E.0589
G1 X147.736 Y205.306 E.17348
G1 X146.506 Y204.076 E.05888
G1 X142.578 Y204.076 E.13296
G1 X141.347 Y205.306 E.0589
G1 X136.223 Y205.306 E.17344
G1 X134.992 Y204.076 E.0589
G1 X131.064 Y204.076 E.13296
G1 X129.833 Y205.306 E.0589
G1 X124.709 Y205.306 E.17344
G1 X123.478 Y204.076 E.0589
G1 X119.55 Y204.076 E.13296
G1 X118.319 Y205.306 E.0589
G1 X113.195 Y205.306 E.17344
G1 X111.964 Y204.076 E.0589
G1 X108.036 Y204.076 E.13296
G1 X106.805 Y205.306 E.0589
G1 X101.681 Y205.306 E.17344
G1 X100.45 Y204.076 E.0589
G1 X96.522 Y204.076 E.13296
G1 X95.291 Y205.306 E.0589
G1 X90.167 Y205.306 E.17344
G1 X88.936 Y204.076 E.0589
G1 X85.008 Y204.076 E.13296
G1 X83.777 Y205.306 E.0589
G1 X78.653 Y205.306 E.17344
G1 X77.422 Y204.076 E.0589
G1 X73.494 Y204.076 E.13296
G1 X72.263 Y205.306 E.0589
G1 X67.139 Y205.306 E.17344
G1 X65.908 Y204.076 E.0589
G1 X61.98 Y204.076 E.13296
G1 X60.75 Y205.306 E.05888
G1 X58.307 Y205.306 E.08269
G1 E-2 F2400
G1 X56.632 Y211.929 F7800
G1 E2 F2400
;TYPE:Perimeter
;WIDTH:0.449999
G1 F3600
G1 X56.632 Y210.088 E.06232
G1 X163.368 Y210.088 E3.61288
G1 X163.368 Y211.929 E.06232
G1 X56.692 Y211.929 E3.61085
G1 X56.225 Y212.337 F7800
;TYPE:External perimeter
G1 F1800
G1 X56.225 Y209.681 E.0899
G1 X163.775 Y209.681 E3.64043
G1 X163.775 Y212.337 E.0899
G1 X56.285 Y212.337 E3.6384
G1 X56.226 Y211.941 F7800
G1 E-2 F2400
G1 X58.27 Y210.394 F7800
G1 E2 F2400
;TYPE:Internal infill
;WIDTH:0.45
G1 F4800
G1 X60.712 Y210.394 E.08266
G1 X61.943 Y211.624 E.0589
G1 X65.946 Y211.624 E.1355
G1 X67.176 Y210.394 E.05888
G1 X72.226 Y210.394 E.17094
G1 X73.457 Y211.624 E.0589
G1 X77.46 Y211.624 E.1355
G1 X78.69 Y210.394 E.05888
G1 X83.74 Y210.394 E.17094
G1 X84.971 Y211.624 E.0589
G1 X88.973 Y211.624 E.13546
G1 X90.204 Y210.394 E.0589
G1 X95.254 Y210.394 E.17094
G1 X96.485 Y211.624 E.0589
G1 X100.487 Y211.624 E.13546
G1 X101.718 Y210.394 E.0589
G1 X106.768 Y210.394 E.17094
G1 X107.999 Y211.624 E.0589
G1 X112.001 Y211.624 E.13546
G1 X113.232 Y210.394 E.0589
G1 X118.282 Y210.394 E.17094
G1 X119.513 Y211.624 E.0589
G1 X123.515 Y211.624 E.13546
G1 X124.746 Y210.394 E.0589
G1 X129.796 Y210.394 E.17094
G1 X131.027 Y211.624 E.0589
G1 X135.029 Y211.624 E.13546
G1 X136.26 Y210.394 E.0589
G1 X141.31 Y210.394 E.17094
G1 X142.54 Y211.624 E.05888
G1 X146.543 Y211.624 E.1355
G1 X147.774 Y210.394 E.0589
G1 X152.824 Y210.394 E.17094
G1 X154.054 Y211.624 E.05888
G1 X158.057 Y211.624 E.1355
G1 X159.288 Y210.394 E.0589
G1 X161.73 Y210.394 E.08266
M106 S137.7
;LAYER_CHANGE
;Z:6.2
;HEIGHT:0.2
G1 E-2 F2400
G1 Z6.2 F7800
G1 X80.632 Y7.982
G1 E2 F2400
;TYPE:Perimeter
;WIDTH:0.449999
G1 F3600
G1 X139.368 Y7.982 E1.98814
G1 X139.368 Y16.718 E.2957
G1 X80.632 Y16.718 E1.98814
G1 X80.632 Y8.042 E.29367
G1 X80.225 Y7.575 F7800
;TYPE:External perimeter
G1 F1800
G1 X139.775 Y7.575 E2.01569
G1 X139.775 Y17.125 E.32326
G1 X80.225 Y17.125 E2.01569
G1 X80.225 Y7.635 E.32122
G1 X80.621 Y7.576 F7800
G1 X80.937 Y8.491
;TYPE:Solid infill
;WIDTH:0.484931
G1 F1200
G1 X80.955 Y8.407 E.00316
;WIDTH:0.519854
G1 X80.972 Y8.322 E.00344
G1 X81.057 Y8.305 E.00344
;WIDTH:0.484932
G1 X81.141 Y8.287 E.00316
;WIDTH:0.45001
G1 X138.859 Y8.287 E1.95374
;WIDTH:0.484932
G1 X138.943 Y8.305 E.00316
;WIDTH:0.519856
G1 X139.028 Y8.322 E.00344
G1 X139.045 Y8.392 E.00286
;WIDTH:0.484932
G1 X139.063 Y8.462 E.00266
;WIDTH:0.450008
G1 X139.063 Y16.209 E.26223
;WIDTH:0.484931
G1 X139.045 Y16.293 E.00316
;WIDTH:0.519854
G1 X139.028 Y16.378 E.00344
G1 X138.943 Y16.395 E.00344
;WIDTH:0.484931
G1 X138.859 Y16.413 E.00316
;WIDTH:0.450008
G1 X81.141 Y16.413 E1.95373
;WIDTH:0.484931
G1 X81.057 Y16.395 E.00316
;WIDTH:0.519854
G1 X80.972 Y16.378 E.00344
G1 X80.955 Y16.293 E.00344
;WIDTH:0.484931
G1 X80.937 Y16.209 E.00316
;WIDTH:0.450008
G1 X80.937 Y8.694 E.25438
G1 X82.21 Y8.694 F7800
;TYPE:Internal infill
;WIDTH:0.45
G1 F4800
G1 X84.652 Y8.694 E.08266
G1 X81.344 Y12.002 E.15835
G1 X81.344 Y12.261 E.00877
G1 X85.089 Y16.006 E.17927
G1 X88.855 Y16.006 E.12747
G1 X96.166 Y8.694 E.35
G1 X100.806 Y8.694 E.15706
G1 X108.117 Y16.006 E.35
G1 X111.883 Y16.006 E.12747
G1 X119.194 Y8.694 E.35
G1 X123.834 Y8.694 E.15706
G1 X131.145 Y16.006 E.35
G1 X134.911 Y16.006 E.12747
G1 X138.656 Y12.261 E.17927
G1 X138.656 Y12.002 E.00877
G1 X135.348 Y8.694 E.15835
G1 X130.708 Y8.694 E.15706
G1 X123.397 Y16.006 E.35
G1 X119.631 Y16.006 E.12747
G1 X112.32 Y8.694 E.35
G1 X107.68 Y8.694 E.15706
G1 X100.369 Y16.006 E.35
G1 X96.603 Y16.006 E.12747
G1 X89.292 Y8.694 E.35
G1 X91.735 Y8.694 E.08269
G1 E-2 F2400
G1 X163.368 Y205.739 F7800
G1 E2 F2400
;TYPE:Perimeter
;WIDTH:0.449999
G1 F3600
G1 X56.632 Y205.739 E3.61288
G1 X56.632 Y203.824 E.06482
G1 X163.368 Y203.824 E3.61288
G1 X163.368 Y205.679 E.06279
G1 X163.775 Y206.146 F7800
;TYPE:External perimeter
G1 F1800
G1 X56.225 Y206.146 E3.64043
G1 X56.225 Y203.417 E.09237
G1 X163.775 Y203.417 E3.64043
G1 X163.775 Y206.086 E.09034
G1 X163.379 Y206.145 F7800
G1 X161.82 Y205.434
;TYPE:Internal infill
;WIDTH:0.45
G1 F4800
G1 X159.378 Y205.434 E.08266
G1 X158.073 Y204.129 E.06247
G1 X154.038 Y204.129 E.13658
G1 X152.734 Y205.434 E.06245
G1 X147.864 Y205.434 E.16484
G1 X146.559 Y204.129 E.06247
G1 X142.524 Y204.129 E.13658
G1 X141.22 Y205.434 E.06245
G1 X136.35 Y205.434 E.16484
G1 X135.045 Y204.129 E.06247
G1 X131.01 Y204.129 E.13658
G1 X129.706 Y205.434 E.06245
G1 X124.836 Y205.434 E.16484
G1 X123.531 Y204.129 E.06247
G1 X119.496 Y204.129 E.13658
G1 X118.192 Y205.434 E.06245
G1 X113.322 Y205.434 E.16484
G1 X112.017 Y204.129 E.06247
G1 X107.983 Y204.129 E.13655
G1 X106.678 Y205.434 E.06247
G1 X101.808 Y205.434 E.16484
G1 X100.504 Y204.129 E.06245
G1 X96.469 Y204.129 E.13658
G1 X95.164 Y205.434 E.06247
G1 X90.294 Y205.434 E.16484
G1 X88.99 Y204.129 E.06245
G1 X84.955 Y204.129 E.13658
G1 X83.65 Y205.434 E.06247
G1 X78.78 Y205.434 E.16484
G1 X77.476 Y204.129 E.06245
G1 X73.441 Y204.129 E.13658
G1 X72.136 Y205.434 E.06247
G1 X67.266 Y205.434 E.16484
G1 X65.962 Y204.129 E.06245
G1 X61.927 Y204.129 E.13658
G1 X60.622 Y205.434 E.06247
G1 X58.18 Y205.434 E.08266
G1 E-2 F2400
G1 X56.632 Y211.876 F7800
G1 E2 F2400
;TYPE:Perimeter
;WIDTH:0.449999
G1 F3600
G1 X56.632 Y209.961 E.06482
G1 X163.368 Y209.961 E3.61288
G1 X163.368 Y211.876 E.06482
G1 X56.692 Y211.876 E3.61085
G1 X56.225 Y212.283 F7800
;TYPE:External perimeter
G1 F1800
G1 X56.225 Y209.554 E.09237
G1 X163.775 Y209.554 E3.64043
G1 X163.775 Y212.283 E.09237
G1 X56.285 Y212.283 E3.6384
G1 X56.226 Y211.888 F7800
G1 E-2 F2400
G1 X58.142 Y210.266 F7800
G1 E2 F2400
;TYPE:Internal infill
;WIDTH:0.45
G1 F4800
G1 X60.585 Y210.266 E.08269
G1 X61.89 Y211.571 E.06247
G1 X65.999 Y211.571 E.13908
G1 X67.303 Y210.266 E.06245
G1 X72.099 Y210.266 E.16234
G1 X73.404 Y211.571 E.06247
G1 X77.513 Y211.571 E.13908
G1 X78.817 Y210.266 E.06245
G1 X83.613 Y210.266 E.16234
G1 X84.917 Y211.571 E.06245
G1 X89.027 Y211.571 E.13912
G1 X90.331 Y210.266 E.06245
G1 X95.127 Y210.266 E.16234
G1 X96.431 Y211.571 E.06245
G1 X100.541 Y211.571 E.13912
G1 X101.845 Y210.266 E.06245
G1 X106.641 Y210.266 E.16234
G1 X107.945 Y211.571 E.06245
G1 X112.055 Y211.571 E.13912
G1 X113.359 Y210.266 E.06245
G1 X118.155 Y210.266 E.16234
G1 X119.459 Y211.571 E.06245
G1 X123.569 Y211.571 E.13912
G1 X124.873 Y210.266 E.06245
G1 X129.669 Y210.266 E.16234
G1 X130.973 Y211.571 E.06245
G1 X135.083 Y211.571 E.13912
G1 X136.387 Y210.266 E.06245
G1 X141.183 Y210.266 E.16234
G1 X142.487 Y211.571 E.06245
G1 X146.596 Y211.571 E.13908
G1 X147.901 Y210.266 E.06247
G1 X152.696 Y210.266 E.16231
G1 X154.001 Y211.571 E.06247
G1 X158.11 Y211.571 E.13908
G1 X159.415 Y210.266 E.06247
G1 X161.858 Y210.266 E.08269
M107
;LAYER_CHANGE
;Z:6.4
;HEIGHT:0.2
G1 E-2 F2400
G1 Z6.4 F7800
G1 X80.632 Y7.982
G1 E2 F2400
;TYPE:Perimeter
;WIDTH:0.449999
G1 F3600
G1 X139.368 Y7.982 E1.98814
G1 X139.368 Y16.718 E.2957
G1 X80.632 Y16.718 E1.98814
G1 X80.632 Y8.042 E.29367
G1 X80.225 Y7.575 F7800
;TYPE:External perimeter
G1 F1800
G1 X139.775 Y7.575 E2.01569
G1 X139.775 Y17.125 E.32326
G1 X80.225 Y17.125 E2.01569
G1 X80.225 Y7.635 E.32122
G1 X80.621 Y7.576 F7800
G1 E-2 F2400
G1 X80.756 Y15.681 F7800
G1 E2 F2400
;TYPE:Bridge infill
;WIDTH:0.401636
;HEIGHT:0.4
M106 S255
G1 F3600
G1 X81.467 Y16.391 E.05293
G1 X82.106 Y16.391 E.03366
G1 X80.959 Y15.244 E.08544
G1 X80.959 Y14.606 E.03361
G1 X82.744 Y16.391 E.13297
G1 X83.383 Y16.391 E.03366
G1 X80.959 Y13.967 E.18057
G1 X80.959 Y13.328 E.03366
G1 X84.022 Y16.391 E.22817
G1 X84.661 Y16.391 E.03366
G1 X80.959 Y12.689 E.27577
G1 X80.959 Y12.051 E.03361
G1 X85.299 Y16.391 E.32329
G1 X85.938 Y16.391 E.03366
G1 X80.959 Y11.412 E.37089
G1 X80.959 Y10.773 E.03366
G1 X86.577 Y16.391 E.41849
G1 X87.215 Y16.391 E.03361
G1 X80.959 Y10.135 E.46602
G1 X80.959 Y9.496 E.03366
G1 X87.854 Y16.391 E.51362
G1 X88.493 Y16.391 E.03366
G1 X80.959 Y8.857 E.56122
G1 X80.959 Y8.309 E.02886
G1 X81.049 Y8.309 E.00474
G1 X89.132 Y16.391 E.60207
G1 X89.77 Y16.391 E.03361
G1 X81.688 Y8.309 E.60204
G1 X82.327 Y8.309 E.03366
G1 X90.409 Y16.391 E.60204
G1 X91.048 Y16.391 E.03366
G1 X82.965 Y8.309 E.60207
G1 X83.604 Y8.309 E.03366
G1 X91.686 Y16.391 E.60204
G1 X92.325 Y16.391 E.03366
G1 X84.243 Y8.309 E.60204
G1 X84.881 Y8.309 E.03361
G1 X92.964 Y16.391 E.60207
G1 X93.602 Y16.391 E.03361
G1 X85.52 Y8.309 E.60204
G1 X86.159 Y8.309 E.03366
G1 X94.241 Y16.391 E.60204
G1 X94.88 Y16.391 E.03366
G1 X86.798 Y8.309 E.60204
G1 X87.436 Y8.309 E.03361
G1 X95.519 Y16.391 E.60207
G1 X96.157 Y16.391 E.03361
G1 X88.075 Y8.309 E.60204
G1 X88.714 Y8.309 E.03366
G1 X96.796 Y16.391 E.60204
G1 X97.435 Y16.391 E.03366
G1 X89.352 Y8.309 E.60207
G1 X89.991 Y8.309 E.03366
G1 X98.073 Y16.391 E.60204
G1 X98.712 Y16.391 E.03366
G1 X90.63 Y8.309 E.60204
G1 X91.269 Y8.309 E.03366
G1 X99.351 Y16.391 E.60204
G1 X99.99 Y16.391 E.03366
G1 X91.907 Y8.309 E.60207
G1 X92.546 Y8.309 E.03366
G1 X100.628 Y16.391 E.60204
G1 X101.267 Y16.391 E.03366
G1 X93.185 Y8.309 E.60204
G1 X93.823 Y8.309 E.03361
G1 X101.906 Y16.391 E.60207
G1 X102.544 Y16.391 E.03361
G1 X94.462 Y8.309 E.60204
G1 X95.101 Y8.309 E.03366
G1 X103.183 Y16.391 E.60204
G1 X103.822 Y16.391 E.03366
G1 X95.74 Y8.309 E.60204
G1 X96.378 Y8.309 E.03361
G1 X104.461 Y16.391 E.60207
G1 X105.099 Y16.391 E.03361
G1 X97.017 Y8.309 E.60204
G1 X97.656 Y8.309 E.03366
G1 X105.738 Y16.391 E.60204
G1 X106.377 Y16.391 E.03366
G1 X98.294 Y8.309 E.60207
G1 X98.933 Y8.309 E.03366
G1 X107.015 Y16.391 E.60204
G1 X107.654 Y16.391 E.03366
G1 X99.572 Y8.309 E.60204
G1 X100.21 Y8.309 E.03361
G1 X108.293 Y16.391 E.60207
G1 X108.931 Y16.391 E.03361
G1 X100.849 Y8.309 E.60204
G1 X101.488 Y8.309 E.03366
G1 X109.57 Y16.391 E.60204
G1 X110.209 Y16.391 E.03366
G1 X102.127 Y8.309 E.60204
G1 X102.765 Y8.309 E.03361
G1 X110.848 Y16.391 E.60207
G1 X111.486 Y16.391 E.03361
G1 X103.404 Y8.309 E.60204
G1 X104.043 Y8.309 E.03366
G1 X112.125 Y16.391 E.60204
G1 X112.764 Y16.391 E.03366
G1 X104.681 Y8.309 E.60207
G1 X105.32 Y8.309 E.03366
G1 X113.402 Y16.391 E.60204
G1 X114.041 Y16.391 E.03366
G1 X105.959 Y8.309 E.60204
G1 X106.598 Y8.309 E.03366
G1 X114.68 Y16.391 E.60204
G1 X115.319 Y16.391 E.03366
G1 X107.236 Y8.309 E.60207
G1 X107.875 Y8.309 E.03366
G1 X115.957 Y16.391 E.60204
G1 X116.596 Y16.391 E.03366
G1 X108.514 Y8.309 E.60204
G1 X109.152 Y8.309 E.03361
G1 X117.235 Y16.391 E.60207
G1 X117.873 Y16.391 E.03361
G1 X109.791 Y8.309 E.60204
G1 X110.43 Y8.309 E.03366
G1 X118.512 Y16.391 E.60204
G1 X119.151 Y16.391 E.03366
G1 X111.069 Y8.309 E.60204
G1 X111.707 Y8.309 E.03361
G1 X119.79 Y16.391 E.60207
G1 X120.428 Y16.391 E.03361
G1 X112.346 Y8.309 E.60204
G1 X112.985 Y8.309 E.03366
G1 X121.067 Y16.391 E.60204
G1 X121.706 Y16.391 E.03366
G1 X113.623 Y8.309 E.60207
G1 X114.262 Y8.309 E.03366
G1 X122.344 Y16.391 E.60204
G1 X122.983 Y16.391 E.03366
G1 X114.901 Y8.309 E.60204
G1 X115.54 Y8.309 E.03366
G1 X123.622 Y16.391 E.60204
G1 X124.261 Y16.391 E.03366
G1 X116.178 Y8.309 E.60207
G1 X116.817 Y8.309 E.03366
G1 X124.899 Y16.391 E.60204
G1 X125.538 Y16.391 E.03366
G1 X117.456 Y8.309 E.60204
G1 X118.094 Y8.309 E.03361
G1 X126.177 Y16.391 E.60207
G1 X126.815 Y16.391 E.03361
G1 X118.733 Y8.309 E.60204
G1 X119.372 Y8.309 E.03366
G1 X127.454 Y16.391 E.60204
G1 X128.093 Y16.391 E.03366
G1 X120.01 Y8.309 E.60207
G1 X120.649 Y8.309 E.03366
G1 X128.731 Y16.391 E.60204
G1 X129.37 Y16.391 E.03366
G1 X121.288 Y8.309 E.60204
G1 X121.927 Y8.309 E.03366
G1 X130.009 Y16.391 E.60204
G1 X130.648 Y16.391 E.03366
G1 X122.565 Y8.309 E.60207
G1 X123.204 Y8.309 E.03366
G1 X131.286 Y16.391 E.60204
G1 X131.925 Y16.391 E.03366
G1 X123.843 Y8.309 E.60204
G1 X124.481 Y8.309 E.03361
G1 X132.564 Y16.391 E.60207
G1 X133.202 Y16.391 E.03361
G1 X125.12 Y8.309 E.60204
G1 X125.759 Y8.309 E.03366
G1 X133.841 Y16.391 E.60204
G1 X134.48 Y16.391 E.03366
G1 X126.398 Y8.309 E.60204
G1 X127.036 Y8.309 E.03361
G1 X135.119 Y16.391 E.60207
G1 X135.757 Y16.391 E.03361
G1 X127.675 Y8.309 E.60204
G1 X128.314 Y8.309 E.03366
G1 X136.396 Y16.391 E.60204
G1 X137.035 Y16.391 E.03366
G1 X128.952 Y8.309 E.60207
G1 X129.591 Y8.309 E.03366
G1 X137.673 Y16.391 E.60204
G1 X138.312 Y16.391 E.03366
G1 X130.23 Y8.309 E.60204
G1 X130.869 Y8.309 E.03366
G1 X138.951 Y16.391 E.60204
G1 X139.041 Y16.391 E.00474
G1 X139.041 Y15.843 E.02886
G1 X131.507 Y8.309 E.56122
G1 X132.146 Y8.309 E.03366
G1 X139.041 Y15.204 E.51362
G1 X139.041 Y14.565 E.03366
G1 X132.785 Y8.309 E.46602
G1 X133.423 Y8.309 E.03361
G1 X139.041 Y13.927 E.41849
G1 X139.041 Y13.288 E.03366
G1 X134.062 Y8.309 E.37089
G1 X134.701 Y8.309 E.03366
G1 X139.041 Y12.649 E.32329
G1 X139.041 Y12.01 E.03366
G1 X135.34 Y8.309 E.27569
G1 X135.978 Y8.309 E.03361
G1 X139.041 Y11.372 E.22817
G1 X139.041 Y10.733 E.03366
G1 X136.617 Y8.309 E.18057
G1 X137.256 Y8.309 E.03366
G1 X139.041 Y10.094 E.13297
G1 X139.041 Y9.456 E.03361
G1 X137.894 Y8.309 E.08544
G1 X138.533 Y8.309 E.03366
G1 X139.244 Y9.019 E.05293
M107
G1 E-2 F2400
G1 X163.368 Y205.903 F7800
G1 E2 F2400
;TYPE:Perimeter
;WIDTH:0.449999
;HEIGHT:0.2
G1 F3600
G1 X56.632 Y205.903 E3.61288
G1 X56.632 Y203.884 E.06834
G1 X163.368 Y203.884 E3.61288
G1 X163.368 Y205.843 E.06631
G1 X163.775 Y206.31 F7800
;TYPE:External perimeter
G1 F1800
G1 X56.225 Y206.31 E3.64043
G1 X56.225 Y203.477 E.09589
G1 X163.775 Y203.477 E3.64043
G1 X163.775 Y206.25 E.09386
G1 X163.379 Y206.31 F7800
G1 E-2 F2400
G1 X161.607 Y205.221 F7800
G1 E2 F2400
;TYPE:Internal infill
;WIDTH:0.45
G1 F4800
G1 X159.165 Y205.221 E.08266
G1 X158.134 Y204.19 E.04935
G1 X153.978 Y204.19 E.14068
G1 X152.947 Y205.221 E.04935
G1 X147.651 Y205.221 E.17926
G1 X146.62 Y204.19 E.04935
G1 X142.464 Y204.19 E.14068
G1 X141.433 Y205.221 E.04935
G1 X136.137 Y205.221 E.17926
G1 X135.106 Y204.19 E.04935
G1 X130.95 Y204.19 E.14068
G1 X129.919 Y205.221 E.04935
G1 X124.623 Y205.221 E.17926
G1 X123.592 Y204.19 E.04935
G1 X119.436 Y204.19 E.14068
G1 X118.405 Y205.221 E.04935
G1 X113.109 Y205.221 E.17926
G1 X112.078 Y204.19 E.04935
G1 X107.922 Y204.19 E.14068
G1 X106.891 Y205.221 E.04935
G1 X101.595 Y205.221 E.17926
G1 X100.564 Y204.19 E.04935
G1 X96.408 Y204.19 E.14068
G1 X95.377 Y205.221 E.04935
G1 X90.081 Y205.221 E.17926
G1 X89.05 Y204.19 E.04935
G1 X84.894 Y204.19 E.14068
G1 X83.863 Y205.221 E.04935
G1 X78.567 Y205.221 E.17926
G1 X77.536 Y204.19 E.04935
G1 X73.38 Y204.19 E.14068
G1 X72.349 Y205.221 E.04935
G1 X67.053 Y205.221 E.17926
G1 X66.022 Y204.19 E.04935
G1 X61.866 Y204.19 E.14068
G1 X60.835 Y205.221 E.04935
G1 X58.393 Y205.221 E.08266
G1 X56.923 Y205.613 F7800
;TYPE:Solid infill
;WIDTH:0.420262
G1 F1200
G1 X163.077 Y205.613 E3.3307
G1 E-2 F2400
G1 X56.632 Y211.816 F7800
G1 E2 F2400
;TYPE:Perimeter
;WIDTH:0.449999
G1 F3600
G1 X56.632 Y209.797 E.06834
G1 X163.368 Y209.797 E3.61288
G1 X163.368 Y211.816 E.06834
G1 X56.692 Y211.816 E3.61085
G1 X56.225 Y212.223 F7800
;TYPE:External perimeter
G1 F1800
G1 X56.225 Y209.39 E.09589
G1 X163.775 Y209.39 E3.64043
G1 X163.775 Y212.223 E.09589
G1 X56.285 Y212.223 E3.6384
G1 X56.226 Y211.827 F7800
G1 X56.923 Y210.087
;TYPE:Solid infill
;WIDTH:0.420252
G1 F1200
G1 X163.077 Y210.087 E3.33061
G1 X161.645 Y210.479 F7800
;TYPE:Internal infill
;WIDTH:0.45
G1 F4800
G1 X159.202 Y210.479 E.08269
G1 X158.171 Y211.51 E.04935
G1 X153.941 Y211.51 E.14318
G1 X152.91 Y210.479 E.04935
G1 X147.688 Y210.479 E.17676
G1 X146.657 Y211.51 E.04935
G1 X142.427 Y211.51 E.14318
G1 X141.396 Y210.479 E.04935
G1 X136.174 Y210.479 E.17676
G1 X135.143 Y211.51 E.04935
G1 X130.913 Y211.51 E.14318
G1 X129.882 Y210.479 E.04935
G1 X124.66 Y210.479 E.17676
G1 X123.629 Y211.51 E.04935
G1 X119.399 Y211.51 E.14318
G1 X118.368 Y210.479 E.04935
G1 X113.146 Y210.479 E.17676
G1 X112.115 Y211.51 E.04935
G1 X107.885 Y211.51 E.14318
G1 X106.854 Y210.479 E.04935
G1 X101.632 Y210.479 E.17676
G1 X100.601 Y211.51 E.04935
G1 X96.371 Y211.51 E.14318
G1 X95.34 Y210.479 E.04935
G1 X90.118 Y210.479 E.17676
G1 X89.087 Y211.51 E.04935
G1 X84.857 Y211.51 E.14318
G1 X83.826 Y210.479 E.04935
G1 X78.604 Y210.479 E.17676
G1 X77.573 Y211.51 E.04935
G1 X73.343 Y211.51 E.14318
G1 X72.312 Y210.479 E.04935
G1 X67.09 Y210.479 E.17676
G1 X66.059 Y211.51 E.04935
G1 X61.829 Y211.51 E.14318
G1 X60.798 Y210.479 E.04935
G1 X58.355 Y210.479 E.08269
;LAYER_CHANGE
;Z:6.6
;HEIGHT:0.2
G1 E-2 F2400
G1 Z6.6 F7800
G1 X80.632 Y7.982
G1 E2 F2400
;TYPE:Perimeter
;WIDTH:0.449999
G1 F3600
G1 X139.368 Y7.982 E1.98814
G1 X139.368 Y16.718 E.2957
G1 X80.632 Y16.718 E1.98814
G1 X80.632 Y8.042 E.29367
G1 X80.225 Y7.575 F7800
;TYPE:External perimeter
G1 F1800
G1 X139.775 Y7.575 E2.01569
G1 X139.775 Y17.125 E.32326
G1 X80.225 Y17.125 E2.01569
G1 X80.225 Y7.635 E.32122
G1 X80.621 Y7.576 F7800
G1 E-2 F2400
G1 X80.97 Y16.302 F7800
G1 E2 F2400
;TYPE:Solid infill
;WIDTH:0.548766
G1 F1200
G1 X80.926 Y16.347 E.00265
G1 X80.942 Y16.408 E.00265
G1 X81.003 Y16.424 E.00265
G1 X81.048 Y16.38 E.00265
G1 X81.031 Y16.319 E.00266
;WIDTH:0.449999
G1 X81.682 Y16.413 E.02226
G1 X80.937 Y15.668 E.03566
G1 X80.866 Y15.575 E.00396
;WIDTH:0.41646
G1 X80.794 Y15.482 E.00365
;WIDTH:0.38292
G1 X80.805 Y15.523 E.0012
G1 X80.734 Y15.542 E.00208
G1 X80.753 Y15.471 E.00208
;WIDTH:0.449999
G1 X80.937 Y15.093 E.01423
G1 X82.257 Y16.413 E.06319
G1 X82.833 Y16.413 E.0195
G1 X80.937 Y14.517 E.09076
G1 X80.937 Y13.941 E.0195
G1 X83.409 Y16.413 E.11833
G1 X83.984 Y16.413 E.01946
G1 X80.937 Y13.366 E.14586
G1 X80.937 Y12.79 E.0195
G1 X84.56 Y16.413 E.17343
G1 X85.136 Y16.413 E.0195
G1 X80.937 Y12.214 E.201
G1 X80.937 Y11.638 E.0195
G1 X85.712 Y16.413 E.22858
G1 X86.287 Y16.413 E.01946
G1 X80.937 Y11.063 E.2561
G1 X80.937 Y10.487 E.0195
G1 X86.863 Y16.413 E.28367
G1 X87.439 Y16.413 E.0195
G1 X80.937 Y9.911 E.31125
G1 X80.937 Y9.336 E.01946
G1 X88.014 Y16.413 E.33877
G1 X88.59 Y16.413 E.0195
G1 X80.937 Y8.76 E.36634
G1 X80.801 Y8.121 E.02211
;WIDTH:0.38292
G1 X80.782 Y8.192 E.00208
G1 X80.853 Y8.173 E.00208
G1 X80.842 Y8.132 E.0012
;WIDTH:0.41646
G1 X80.941 Y8.21 E.00391
;WIDTH:0.449999
G1 X81.041 Y8.287 E.00427
G1 X89.166 Y16.413 E.38896
G1 X89.741 Y16.413 E.01946
G1 X81.616 Y8.287 E.38896
G1 X82.192 Y8.287 E.0195
G1 X90.317 Y16.413 E.38896
G1 X90.893 Y16.413 E.0195
G1 X82.768 Y8.287 E.38896
G1 X83.343 Y8.287 E.01946
G1 X91.469 Y16.413 E.38899
G1 X92.044 Y16.413 E.01946
G1 X83.919 Y8.287 E.38896
G1 X84.495 Y8.287 E.0195
G1 X92.62 Y16.413 E.38896
G1 X93.196 Y16.413 E.0195
G1 X85.07 Y8.287 E.38899
G1 X85.646 Y8.287 E.0195
G1 X93.771 Y16.413 E.38896
G1 X94.347 Y16.413 E.0195
G1 X86.222 Y8.287 E.38896
G1 X86.797 Y8.287 E.01946
G1 X94.923 Y16.413 E.38899
G1 X95.498 Y16.413 E.01946
G1 X87.373 Y8.287 E.38896
G1 X87.949 Y8.287 E.0195
G1 X96.074 Y16.413 E.38896
G1 X96.65 Y16.413 E.0195
G1 X88.525 Y8.287 E.38896
G1 X89.1 Y8.287 E.01946
G1 X97.226 Y16.413 E.38899
G1 X97.801 Y16.413 E.01946
G1 X89.676 Y8.287 E.38896
G1 X90.252 Y8.287 E.0195
G1 X98.377 Y16.413 E.38896
G1 X98.953 Y16.413 E.0195
G1 X90.827 Y8.287 E.38899
G1 X91.403 Y8.287 E.0195
G1 X99.528 Y16.413 E.38896
G1 X100.104 Y16.413 E.0195
G1 X91.979 Y8.287 E.38896
G1 X92.554 Y8.287 E.01946
G1 X100.68 Y16.413 E.38899
G1 X101.255 Y16.413 E.01946
G1 X93.13 Y8.287 E.38896
G1 X93.706 Y8.287 E.0195
G1 X101.831 Y16.413 E.38896
G1 X102.407 Y16.413 E.0195
G1 X94.282 Y8.287 E.38896
G1 X94.857 Y8.287 E.01946
G1 X102.982 Y16.413 E.38896
G1 X103.558 Y16.413 E.0195
G1 X95.433 Y8.287 E.38896
G1 X96.009 Y8.287 E.0195
G1 X104.134 Y16.413 E.38896
G1 X104.71 Y16.413 E.0195
G1 X96.584 Y8.287 E.38899
G1 X97.16 Y8.287 E.0195
G1 X105.285 Y16.413 E.38896
G1 X105.861 Y16.413 E.0195
G1 X97.736 Y8.287 E.38896
G1 X98.311 Y8.287 E.01946
G1 X106.437 Y16.413 E.38899
G1 X107.012 Y16.413 E.01946
G1 X98.887 Y8.287 E.38896
G1 X99.463 Y8.287 E.0195
G1 X107.588 Y16.413 E.38896
G1 X108.164 Y16.413 E.0195
G1 X100.038 Y8.287 E.38899
G1 X100.614 Y8.287 E.0195
G1 X108.739 Y16.413 E.38896
G1 X109.315 Y16.413 E.0195
G1 X101.19 Y8.287 E.38896
G1 X101.766 Y8.287 E.0195
G1 X109.891 Y16.413 E.38896
G1 X110.467 Y16.413 E.0195
G1 X102.341 Y8.287 E.38899
G1 X102.917 Y8.287 E.0195
G1 X111.042 Y16.413 E.38896
G1 X111.618 Y16.413 E.0195
G1 X103.493 Y8.287 E.38896
G1 X104.068 Y8.287 E.01946
G1 X112.194 Y16.413 E.38899
G1 X112.769 Y16.413 E.01946
G1 X104.644 Y8.287 E.38896
G1 X105.22 Y8.287 E.0195
G1 X113.345 Y16.413 E.38896
G1 X113.921 Y16.413 E.0195
G1 X105.795 Y8.287 E.38899
G1 X106.371 Y8.287 E.0195
G1 X114.496 Y16.413 E.38896
G1 X115.072 Y16.413 E.0195
G1 X106.947 Y8.287 E.38896
G1 X107.523 Y8.287 E.0195
G1 X115.648 Y16.413 E.38896
G1 X116.223 Y16.413 E.01946
G1 X108.098 Y8.287 E.38896
G1 X108.674 Y8.287 E.0195
G1 X116.799 Y16.413 E.38896
G1 X117.375 Y16.413 E.0195
G1 X109.25 Y8.287 E.38896
G1 X109.825 Y8.287 E.01946
G1 X117.951 Y16.413 E.38899
G1 X118.526 Y16.413 E.01946
G1 X110.401 Y8.287 E.38896
G1 X110.977 Y8.287 E.0195
G1 X119.102 Y16.413 E.38896
G1 X119.678 Y16.413 E.0195
G1 X111.552 Y8.287 E.38899
G1 X112.128 Y8.287 E.0195
G1 X120.253 Y16.413 E.38896
G1 X120.829 Y16.413 E.0195
G1 X112.704 Y8.287 E.38896
G1 X113.28 Y8.287 E.0195
G1 X121.405 Y16.413 E.38896
G1 X121.98 Y16.413 E.01946
G1 X113.855 Y8.287 E.38896
G1 X114.431 Y8.287 E.0195
G1 X122.556 Y16.413 E.38896
G1 X123.132 Y16.413 E.0195
G1 X115.007 Y8.287 E.38896
G1 X115.582 Y8.287 E.01946
G1 X123.708 Y16.413 E.38899
G1 X124.283 Y16.413 E.01946
G1 X116.158 Y8.287 E.38896
G1 X116.734 Y8.287 E.0195
G1 X124.859 Y16.413 E.38896
G1 X125.435 Y16.413 E.0195
G1 X117.309 Y8.287 E.38899
G1 X117.885 Y8.287 E.0195
G1 X126.01 Y16.413 E.38896
G1 X126.586 Y16.413 E.0195
G1 X118.461 Y8.287 E.38896
G1 X119.036 Y8.287 E.01946
G1 X127.162 Y16.413 E.38899
G1 X127.737 Y16.413 E.01946
G1 X119.612 Y8.287 E.38896
G1 X120.188 Y8.287 E.0195
G1 X128.313 Y16.413 E.38896
G1 X128.889 Y16.413 E.0195
G1 X120.764 Y8.287 E.38896
G1 X121.339 Y8.287 E.01946
G1 X129.465 Y16.413 E.38899
G1 X130.04 Y16.413 E.01946
G1 X121.915 Y8.287 E.38896
G1 X122.491 Y8.287 E.0195
G1 X130.616 Y16.413 E.38896
G1 X131.192 Y16.413 E.0195
G1 X123.066 Y8.287 E.38899
G1 X123.642 Y8.287 E.0195
G1 X131.767 Y16.413 E.38896
G1 X132.343 Y16.413 E.0195
G1 X124.218 Y8.287 E.38896
G1 X124.793 Y8.287 E.01946
G1 X132.919 Y16.413 E.38899
G1 X133.494 Y16.413 E.01946
G1 X125.369 Y8.287 E.38896
G1 X125.945 Y8.287 E.0195
G1 X134.07 Y16.413 E.38896
G1 X134.646 Y16.413 E.0195
G1 X126.521 Y8.287 E.38896
G1 X127.096 Y8.287 E.01946
G1 X135.221 Y16.413 E.38896
G1 X135.797 Y16.413 E.0195
G1 X127.672 Y8.287 E.38896
G1 X128.248 Y8.287 E.0195
G1 X136.373 Y16.413 E.38896
G1 X136.949 Y16.413 E.0195
G1 X128.823 Y8.287 E.38899
G1 X129.399 Y8.287 E.0195
G1 X137.524 Y16.413 E.38896
G1 X138.1 Y16.413 E.0195
G1 X129.975 Y8.287 E.38896
G1 X130.55 Y8.287 E.01946
G1 X138.676 Y16.413 E.38899
G1 X139.19 Y16.479 E.01754
;WIDTH:0.38292
G1 X139.201 Y16.52 E.0012
G1 X139.129 Y16.54 E.00211
G1 X139.148 Y16.468 E.00211
;WIDTH:0.41646
G1 X139.106 Y16.346 E.00401
;WIDTH:0.449999
G1 X139.063 Y16.224 E.00438
G1 X131.126 Y8.287 E.37994
G1 X131.702 Y8.287 E.0195
G1 X139.063 Y15.648 E.35237
G1 X139.063 Y15.072 E.0195
G1 X132.278 Y8.287 E.32479
G1 X132.853 Y8.287 E.01946
G1 X139.063 Y14.497 E.29727
G1 X139.063 Y13.921 E.0195
G1 X133.429 Y8.287 E.2697
G1 X134.005 Y8.287 E.0195
G1 X139.063 Y13.345 E.24212
G1 X139.063 Y12.77 E.01946
G1 X134.58 Y8.287 E.2146
G1 X135.156 Y8.287 E.0195
G1 X139.063 Y12.194 E.18703
G1 X139.063 Y11.618 E.0195
G1 X135.732 Y8.287 E.15945
G1 X136.307 Y8.287 E.01946
G1 X139.063 Y11.043 E.13193
G1 X139.266 Y10.593 E.01671
;WIDTH:0.38292
G1 X139.277 Y10.634 E.0012
G1 X139.206 Y10.653 E.00208
G1 X139.225 Y10.582 E.00208
;WIDTH:0.41646
G1 X139.144 Y10.525 E.00308
;WIDTH:0.449999
G1 X139.063 Y10.467 E.00337
G1 X136.883 Y8.287 E.10436
G1 X139.063 Y8.287 E.07379
G1 X139.063 Y9.891 E.05429
G1 X137.603 Y8.431 E.06989
G1 X138.576 Y8.693 F7800
;WIDTH:0.575344
G1 F1200
G1 X138.529 Y8.74 E.00294
G1 X138.546 Y8.804 E.00293
G1 X138.61 Y8.821 E.00293
G1 X138.657 Y8.774 E.00294
G1 X138.64 Y8.71 E.00293
G1 E-2 F2400
G1 X163.368 Y206.144 F7800
G1 E2 F2400
;TYPE:Perimeter
;WIDTH:0.449999
G1 F3600
G1 X56.632 Y206.144 E3.61288
G1 X56.632 Y203.945 E.07443
G1 X163.368 Y203.945 E3.61288
G1 X163.368 Y206.084 E.0724
G1 X163.775 Y206.551 F7800
;TYPE:External perimeter
G1 F1800
G1 X56.225 Y206.551 E3.64043
G1 X56.225 Y203.538 E.10199
G1 X163.775 Y203.538 E3.64043
G1 X163.775 Y206.491 E.09996
G1 X163.379 Y206.55 F7800
G1 E-2 F2400
G1 X161.735 Y205.348 F7800
G1 E2 F2400
;TYPE:Internal infill
;WIDTH:0.45
G1 F4800
G1 X159.292 Y205.348 E.08269
G1 X158.194 Y204.25 E.05256
G1 X153.917 Y204.25 E.14477
G1 X152.819 Y205.348 E.05256
G1 X147.779 Y205.348 E.1706
G1 X146.681 Y204.25 E.05256
G1 X142.403 Y204.25 E.14481
G1 X141.305 Y205.348 E.05256
G1 X136.265 Y205.348 E.1706
G1 X135.167 Y204.25 E.05256
G1 X130.889 Y204.25 E.14481
G1 X129.791 Y205.348 E.05256
G1 X124.751 Y205.348 E.1706
G1 X123.653 Y204.25 E.05256
G1 X119.375 Y204.25 E.14481
G1 X118.277 Y205.348 E.05256
G1 X113.237 Y205.348 E.1706
G1 X112.139 Y204.25 E.05256
G1 X107.861 Y204.25 E.14481
G1 X106.763 Y205.348 E.05256
G1 X101.723 Y205.348 E.1706
G1 X100.625 Y204.25 E.05256
G1 X96.347 Y204.25 E.14481
G1 X95.249 Y205.348 E.05256
G1 X90.209 Y205.348 E.1706
G1 X89.111 Y204.25 E.05256
G1 X84.833 Y204.25 E.14481
G1 X83.735 Y205.348 E.05256
G1 X78.695 Y205.348 E.1706
G1 X77.597 Y204.25 E.05256
G1 X73.319 Y204.25 E.14481
G1 X72.221 Y205.348 E.05256
G1 X67.181 Y205.348 E.1706
G1 X66.083 Y204.25 E.05256
G1 X61.805 Y204.25 E.14481
G1 X60.708 Y205.348 E.05254
G1 X58.265 Y205.348 E.08269
G1 X56.979 Y205.797 F7800
;TYPE:Solid infill
;WIDTH:0.53303
G1 F1200
G1 X163.021 Y205.797 E4.32151
G1 E-2 F2400
G1 X56.632 Y211.755 F7800
G1 E2 F2400
;TYPE:Perimeter
;WIDTH:0.449999
G1 F3600
G1 X56.632 Y209.556 E.07443
G1 X163.368 Y209.556 E3.61288
G1 X163.368 Y211.755 E.07443
G1 X56.692 Y211.755 E3.61085
G1 X56.225 Y212.162 F7800
;TYPE:External perimeter
G1 F1800
G1 X56.225 Y209.149 E.10199
G1 X163.775 Y209.149 E3.64043
G1 X163.775 Y212.162 E.10199
G1 X56.285 Y212.162 E3.6384
G1 X56.226 Y211.767 F7800
G1 E-2 F2400
G1 X56.979 Y209.903 F7800
G1 E2 F2400
;TYPE:Solid infill
;WIDTH:0.533018
G1 F1200
G1 X163.021 Y209.903 E4.3214
G1 X161.772 Y210.352 F7800
;TYPE:Internal infill
;WIDTH:0.45
G1 F4800
G1 X159.33 Y210.352 E.08266
G1 X158.232 Y211.45 E.05256
G1 X153.88 Y211.45 E.14731
G1 X152.782 Y210.352 E.05256
G1 X147.816 Y210.352 E.16809
G1 X146.718 Y211.45 E.05256
G1 X142.366 Y211.45 E.14731
G1 X141.268 Y210.352 E.05256
G1 X136.302 Y210.352 E.16809
G1 X135.204 Y211.45 E.05256
G1 X130.852 Y211.45 E.14731
G1 X129.754 Y210.352 E.05256
G1 X124.788 Y210.352 E.16809
G1 X123.69 Y211.45 E.05256
G1 X119.338 Y211.45 E.14731
G1 X118.24 Y210.352 E.05256
G1 X113.274 Y210.352 E.16809
G1 X112.176 Y211.45 E.05256
G1 X107.824 Y211.45 E.14731
G1 X106.726 Y210.352 E.05256
G1 X101.76 Y210.352 E.16809
G1 X100.662 Y211.45 E.05256
G1 X96.31 Y211.45 E.14731
G1 X95.212 Y210.352 E.05256
G1 X90.246 Y210.352 E.16809
G1 X89.148 Y211.45 E.05256
G1 X84.796 Y211.45 E.14731
G1 X83.698 Y210.352 E.05256
G1 X78.732 Y210.352 E.16809
G1 X77.634 Y211.45 E.05256
G1 X73.282 Y211.45 E.14731
G1 X72.184 Y210.352 E.05256
G1 X67.218 Y210.352 E.16809
G1 X66.12 Y211.45 E.05256
G1 X61.768 Y211.45 E.14731
G1 X60.67 Y210.352 E.05256
G1 X58.228 Y210.352 E.08266
;LAYER_CHANGE
;Z:6.8
;HEIGHT:0.2
G1 E-2 F2400
G1 Z6.8 F7800
G1 X80.632 Y7.982
G1 E2 F2400
;TYPE:Perimeter
;WIDTH:0.449999
G1 F3600
G1 X139.368 Y7.982 E1.98814
G1 X139.368 Y16.718 E.2957
G1 X80.632 Y16.718 E1.98814
G1 X80.632 Y8.042 E.29367
G1 X80.225 Y7.575 F7800
;TYPE:External perimeter
G1 F1800
G1 X139.775 Y7.575 E2.01569
G1 X139.775 Y17.125 E.32326
G1 X80.225 Y17.125 E2.01569
G1 X80.225 Y7.635 E.32122
G1 X80.621 Y7.576 F7800
G1 X81.048 Y8.32
;TYPE:Solid infill
;WIDTH:0.548766
G1 F1200
G1 X81.003 Y8.276 E.00265
G1 X80.942 Y8.292 E.00265
G1 X80.926 Y8.353 E.00265
G1 X80.97 Y8.398 E.00265
G1 X81.031 Y8.381 E.00266
;WIDTH:0.449999
G1 X81.682 Y8.287 E.02226
G1 X80.871 Y9.104 E.03897
;WIDTH:0.41646
G1 X80.805 Y9.177 E.00306
;WIDTH:0.38292
G1 X80.734 Y9.158 E.00208
G1 X80.753 Y9.229 E.00208
G1 X80.794 Y9.218 E.0012
;WIDTH:0.449999
G1 X80.937 Y9.607 E.01403
G1 X82.257 Y8.287 E.06319
G1 X82.833 Y8.287 E.0195
G1 X80.937 Y10.183 E.09076
G1 X80.937 Y10.759 E.0195
G1 X83.409 Y8.287 E.11833
G1 X83.984 Y8.287 E.01946
G1 X80.937 Y11.334 E.14586
G1 X80.937 Y11.91 E.0195
G1 X84.56 Y8.287 E.17343
G1 X85.136 Y8.287 E.0195
G1 X80.937 Y12.486 E.201
G1 X80.937 Y13.062 E.0195
G1 X85.712 Y8.287 E.22858
G1 X86.287 Y8.287 E.01946
G1 X80.937 Y13.637 E.2561
G1 X80.937 Y14.213 E.0195
G1 X86.863 Y8.287 E.28367
G1 X87.439 Y8.287 E.0195
G1 X80.937 Y14.789 E.31125
G1 X80.937 Y15.364 E.01946
G1 X88.014 Y8.287 E.33877
G1 X88.59 Y8.287 E.0195
G1 X80.937 Y15.94 E.36634
G1 X80.842 Y16.568 E.0215
;WIDTH:0.38292
G1 X80.801 Y16.579 E.0012
G1 X80.782 Y16.508 E.00208
G1 X80.853 Y16.527 E.00208
;WIDTH:0.41646
G1 X80.947 Y16.47 E.00341
;WIDTH:0.449999
G1 X81.041 Y16.413 E.00372
G1 X89.166 Y8.287 E.38896
G1 X89.741 Y8.287 E.01946
G1 X81.616 Y16.413 E.38896
G1 X82.192 Y16.413 E.0195
G1 X90.317 Y8.287 E.38896
G1 X90.893 Y8.287 E.0195
G1 X82.768 Y16.413 E.38896
G1 X83.343 Y16.413 E.01946
G1 X91.469 Y8.287 E.38899
G1 X92.044 Y8.287 E.01946
G1 X83.919 Y16.413 E.38896
G1 X84.495 Y16.413 E.0195
G1 X92.62 Y8.287 E.38896
G1 X93.196 Y8.287 E.0195
G1 X85.07 Y16.413 E.38899
G1 X85.646 Y16.413 E.0195
G1 X93.771 Y8.287 E.38896
G1 X94.347 Y8.287 E.0195
G1 X86.222 Y16.413 E.38896
G1 X86.797 Y16.413 E.01946
G1 X94.923 Y8.287 E.38899
G1 X95.498 Y8.287 E.01946
G1 X87.373 Y16.413 E.38896
G1 X87.949 Y16.413 E.0195
G1 X96.074 Y8.287 E.38896
G1 X96.65 Y8.287 E.0195
G1 X88.525 Y16.413 E.38896
G1 X89.1 Y16.413 E.01946
G1 X97.226 Y8.287 E.38899
G1 X97.801 Y8.287 E.01946
G1 X89.676 Y16.413 E.38896
G1 X90.252 Y16.413 E.0195
G1 X98.377 Y8.287 E.38896
G1 X98.953 Y8.287 E.0195
G1 X90.827 Y16.413 E.38899
G1 X91.403 Y16.413 E.0195
G1 X99.528 Y8.287 E.38896
G1 X100.104 Y8.287 E.0195
G1 X91.979 Y16.413 E.38896
G1 X92.554 Y16.413 E.01946
G1 X100.68 Y8.287 E.38899
G1 X101.255 Y8.287 E.01946
G1 X93.13 Y16.413 E.38896
G1 X93.706 Y16.413 E.0195
G1 X101.831 Y8.287 E.38896
G1 X102.407 Y8.287 E.0195
G1 X94.282 Y16.413 E.38896
G1 X94.857 Y16.413 E.01946
G1 X102.982 Y8.287 E.38896
G1 X103.558 Y8.287 E.0195
G1 X95.433 Y16.413 E.38896
G1 X96.009 Y16.413 E.0195
G1 X104.134 Y8.287 E.38896
G1 X104.71 Y8.287 E.0195
G1 X96.584 Y16.413 E.38899
G1 X97.16 Y16.413 E.0195
G1 X105.285 Y8.287 E.38896
G1 X105.861 Y8.287 E.0195
G1 X97.736 Y16.413 E.38896
G1 X98.311 Y16.413 E.01946
G1 X106.437 Y8.287 E.38899
G1 X107.012 Y8.287 E.01946
G1 X98.887 Y16.413 E.38896
G1 X99.463 Y16.413 E.0195
G1 X107.588 Y8.287 E.38896
G1 X108.164 Y8.287 E.0195
G1 X100.038 Y16.413 E.38899
G1 X100.614 Y16.413 E.0195
G1 X108.739 Y8.287 E.38896
G1 X109.315 Y8.287 E.0195
G1 X101.19 Y16.413 E.38896
G1 X101.766 Y16.413 E.0195
G1 X109.891 Y8.287 E.38896
G1 X110.467 Y8.287 E.0195
G1 X102.341 Y16.413 E.38899
G1 X102.917 Y16.413 E.0195
G1 X111.042 Y8.287 E.38896
G1 X111.618 Y8.287 E.0195
G1 X103.493 Y16.413 E.38896
G1 X104.068 Y16.413 E.01946
G1 X112.194 Y8.287 E.38899
G1 X112.769 Y8.287 E.01946
G1 X104.644 Y16.413 E.38896
G1 X105.22 Y16.413 E.0195
G1 X113.345 Y8.287 E.38896
G1 X113.921 Y8.287 E.0195
G1 X105.795 Y16.413 E.38899
G1 X106.371 Y16.413 E.0195
G1 X114.496 Y8.287 E.38896
G1 X115.072 Y8.287 E.0195
G1 X106.947 Y16.413 E.38896
G1 X107.523 Y16.413 E.0195
G1 X115.648 Y8.287 E.38896
G1 X116.223 Y8.287 E.01946
G1 X108.098 Y16.413 E.38896
G1 X108.674 Y16.413 E.0195
G1 X116.799 Y8.287 E.38896
G1 X117.375 Y8.287 E.0195
G1 X109.25 Y16.413 E.38896
G1 X109.825 Y16.413 E.01946
G1 X117.951 Y8.287 E.38899
G1 X118.526 Y8.287 E.01946
G1 X110.401 Y16.413 E.38896
G1 X110.977 Y16.413 E.0195
G1 X119.102 Y8.287 E.38896
G1 X119.678 Y8.287 E.0195
G1 X111.552 Y16.413 E.38899
G1 X112.128 Y16.413 E.0195
G1 X120.253 Y8.287 E.38896
G1 X120.829 Y8.287 E.0195
G1 X112.704 Y16.413 E.38896
G1 X113.28 Y16.413 E.0195
G1 X121.405 Y8.287 E.38896
G1 X121.98 Y8.287 E.01946
G1 X113.855 Y16.413 E.38896
G1 X114.431 Y16.413 E.0195
G1 X122.556 Y8.287 E.38896
G1 X123.132 Y8.287 E.0195
G1 X115.007 Y16.413 E.38896
G1 X115.582 Y16.413 E.01946
G1 X123.708 Y8.287 E.38899
G1 X124.283 Y8.287 E.01946
G1 X116.158 Y16.413 E.38896
G1 X116.734 Y16.413 E.0195
G1 X124.859 Y8.287 E.38896
G1 X125.435 Y8.287 E.0195
G1 X117.309 Y16.413 E.38899
G1 X117.885 Y16.413 E.0195
G1 X126.01 Y8.287 E.38896
G1 X126.586 Y8.287 E.0195
G1 X118.461 Y16.413 E.38896
G1 X119.036 Y16.413 E.01946
G1 X127.162 Y8.287 E.38899
G1 X127.737 Y8.287 E.01946
G1 X119.612 Y16.413 E.38896
G1 X120.188 Y16.413 E.0195
G1 X128.313 Y8.287 E.38896
G1 X128.889 Y8.287 E.0195
G1 X120.764 Y16.413 E.38896
G1 X121.339 Y16.413 E.01946
G1 X129.465 Y8.287 E.38899
G1 X130.04 Y8.287 E.01946
G1 X121.915 Y16.413 E.38896
G1 X122.491 Y16.413 E.0195
G1 X130.616 Y8.287 E.38896
G1 X131.192 Y8.287 E.0195
G1 X123.066 Y16.413 E.38899
G1 X123.642 Y16.413 E.0195
G1 X131.767 Y8.287 E.38896
G1 X132.343 Y8.287 E.0195
G1 X124.218 Y16.413 E.38896
G1 X124.793 Y16.413 E.01946
G1 X132.919 Y8.287 E.38899
G1 X133.494 Y8.287 E.01946
G1 X125.369 Y16.413 E.38896
G1 X125.945 Y16.413 E.0195
G1 X134.07 Y8.287 E.38896
G1 X134.646 Y8.287 E.0195
G1 X126.521 Y16.413 E.38896
G1 X127.096 Y16.413 E.01946
G1 X135.221 Y8.287 E.38896
G1 X135.797 Y8.287 E.0195
G1 X127.672 Y16.413 E.38896
G1 X128.248 Y16.413 E.0195
G1 X136.373 Y8.287 E.38896
G1 X136.949 Y8.287 E.0195
G1 X128.823 Y16.413 E.38899
G1 X129.399 Y16.413 E.0195
G1 X137.524 Y8.287 E.38896
G1 X138.1 Y8.287 E.0195
G1 X129.975 Y16.413 E.38896
G1 X130.55 Y16.413 E.01946
G1 X138.676 Y8.287 E.38899
G1 X139.201 Y8.18 E.01814
;WIDTH:0.38292
G1 X139.129 Y8.16 E.00211
G1 X139.148 Y8.232 E.00211
G1 X139.19 Y8.221 E.00123
;WIDTH:0.41646
G1 X139.126 Y8.348 E.00442
;WIDTH:0.449999
G1 X139.063 Y8.476 E.00483
G1 X131.126 Y16.413 E.37994
G1 X131.702 Y16.413 E.0195
G1 X139.063 Y9.052 E.35237
G1 X139.063 Y9.628 E.0195
G1 X132.278 Y16.413 E.32479
G1 X132.853 Y16.413 E.01946
G1 X139.063 Y10.203 E.29727
G1 X139.063 Y10.779 E.0195
G1 X133.429 Y16.413 E.2697
G1 X134.005 Y16.413 E.0195
G1 X139.063 Y11.355 E.24212
G1 X139.063 Y11.93 E.01946
G1 X134.58 Y16.413 E.2146
G1 X135.156 Y16.413 E.0195
G1 X139.063 Y12.506 E.18703
G1 X139.063 Y13.082 E.0195
G1 X135.732 Y16.413 E.15945
G1 X136.307 Y16.413 E.01946
G1 X139.063 Y13.657 E.13193
G1 X139.063 Y14.233 E.0195
G1 X136.883 Y16.413 E.10436
G1 E-2 F2400
G1 X138.919 Y14.953 F7800
G1 E2 F2400
G1 F1200
G1 X137.459 Y16.413 E.06989
G1 X139.063 Y16.413 E.05429
G1 X139.063 Y14.809 E.05429
G1 X138.657 Y15.926 F7800
;WIDTH:0.575342
G1 F1200
G1 X138.61 Y15.879 E.00294
G1 X138.546 Y15.896 E.00293
G1 X138.529 Y15.96 E.00293
G1 X138.576 Y16.007 E.00294
G1 X138.64 Y15.99 E.00293
G1 E-2 F2400
G1 X163.368 Y204.006 F7800
G1 E2 F2400
;TYPE:Perimeter
;WIDTH:0.449999
G1 F3600
G1 X163.368 Y206.493 E.08418
G1 X56.632 Y206.493 E3.61288
G1 X56.632 Y204.006 E.08418
G1 X163.308 Y204.006 E3.61085
G1 X163.775 Y203.598 F7800
;TYPE:External perimeter
G1 F1800
G1 X163.775 Y206.9 E.11177
G1 X56.225 Y206.9 E3.64043
G1 X56.225 Y203.598 E.11177
G1 X163.715 Y203.598 E3.6384
G1 X163.774 Y203.994 F7800
G1 E-2 F2400
G1 X163.097 Y205.885 F7800
G1 E2 F2400
;TYPE:Solid infill
;WIDTH:0.380533
G1 F1200
G1 X163.097 Y206.223 E.00949
G1 X56.903 Y206.223 E2.98115
G1 X56.903 Y205.885 E.00949
G1 X162.894 Y205.885 E2.97545
G1 X161.899 Y205.513 F7800
;TYPE:Internal infill
;WIDTH:0.45
G1 F4800
G1 X159.457 Y205.513 E.08266
G1 X158.63 Y204.686 E.03959
G1 X153.482 Y204.686 E.17425
G1 X152.655 Y205.513 E.03959
G1 X147.943 Y205.513 E.1595
G1 X147.116 Y204.686 E.03959
G1 X141.968 Y204.686 E.17425
G1 X141.141 Y205.513 E.03959
G1 X136.429 Y205.513 E.1595
G1 X135.602 Y204.686 E.03959
G1 X130.454 Y204.686 E.17425
G1 X129.627 Y205.513 E.03959
G1 X124.915 Y205.513 E.1595
G1 X124.088 Y204.686 E.03959
G1 X118.94 Y204.686 E.17425
G1 X118.113 Y205.513 E.03959
G1 X113.401 Y205.513 E.1595
G1 X112.574 Y204.686 E.03959
G1 X107.426 Y204.686 E.17425
G1 X106.599 Y205.513 E.03959
G1 X101.887 Y205.513 E.1595
G1 X101.06 Y204.686 E.03959
G1 X95.912 Y204.686 E.17425
G1 X95.085 Y205.513 E.03959
G1 X90.373 Y205.513 E.1595
G1 X89.546 Y204.686 E.03959
G1 X84.398 Y204.686 E.17425
G1 X83.571 Y205.513 E.03959
G1 X78.859 Y205.513 E.1595
G1 X78.032 Y204.686 E.03959
G1 X72.884 Y204.686 E.17425
G1 X72.057 Y205.513 E.03959
G1 X67.345 Y205.513 E.1595
G1 X66.518 Y204.686 E.03959
G1 X61.37 Y204.686 E.17425
G1 X60.543 Y205.513 E.03959
G1 X58.101 Y205.513 E.08266
G1 X56.921 Y204.295 F7800
;TYPE:Solid infill
;WIDTH:0.417614
G1 F1200
G1 X163.079 Y204.295 E3.30745
G1 E-2 F2400
G1 X56.632 Y211.694 F7800
G1 E2 F2400
;TYPE:Perimeter
;WIDTH:0.449999
G1 F3600
G1 X56.632 Y209.207 E.08418
G1 X163.368 Y209.207 E3.61288
G1 X163.368 Y211.694 E.08418
G1 X56.692 Y211.694 E3.61085
G1 X56.225 Y212.102 F7800
;TYPE:External perimeter
G1 F1800
G1 X56.225 Y208.8 E.11177
G1 X163.775 Y208.8 E3.64043
G1 X163.775 Y212.102 E.11177
G1 X56.285 Y212.102 E3.6384
G1 X56.226 Y211.706 F7800
G1 X56.921 Y211.405
;TYPE:Solid infill
;WIDTH:0.417614
G1 F1200
G1 X163.079 Y211.405 E3.30745
G1 X163.097 Y209.477 F7800
;WIDTH:0.380541
G1 F1200
G1 X163.097 Y209.815 E.00949
G1 X56.903 Y209.815 E2.98122
G1 X56.903 Y209.477 E.00949
G1 X162.894 Y209.477 E2.97552
G1 X161.936 Y210.187 F7800
;TYPE:Internal infill
;WIDTH:0.45
G1 F4800
G1 X159.494 Y210.187 E.08266
G1 X158.667 Y211.014 E.03959
G1 X153.445 Y211.014 E.17676
G1 X152.618 Y210.187 E.03959
G1 X147.98 Y210.187 E.15699
G1 X147.153 Y211.014 E.03959
G1 X141.931 Y211.014 E.17676
G1 X141.104 Y210.187 E.03959
G1 X136.466 Y210.187 E.15699
G1 X135.639 Y211.014 E.03959
G1 X130.417 Y211.014 E.17676
G1 X129.59 Y210.187 E.03959
G1 X124.952 Y210.187 E.15699
G1 X124.125 Y211.014 E.03959
G1 X118.903 Y211.014 E.17676
G1 X118.076 Y210.187 E.03959
G1 X113.438 Y210.187 E.15699
G1 X112.611 Y211.014 E.03959
G1 X107.389 Y211.014 E.17676
G1 X106.562 Y210.187 E.03959
G1 X101.924 Y210.187 E.15699
G1 X101.097 Y211.014 E.03959
G1 X95.875 Y211.014 E.17676
G1 X95.048 Y210.187 E.03959
G1 X90.41 Y210.187 E.15699
G1 X89.583 Y211.014 E.03959
G1 X84.361 Y211.014 E.17676
G1 X83.534 Y210.187 E.03959
G1 X78.896 Y210.187 E.15699
G1 X78.069 Y211.014 E.03959
G1 X72.847 Y211.014 E.17676
G1 X72.02 Y210.187 E.03959
G1 X67.382 Y210.187 E.15699
G1 X66.555 Y211.014 E.03959
G1 X61.333 Y211.014 E.17676
G1 X60.506 Y210.187 E.03959
G1 X58.064 Y210.187 E.08266
;LAYER_CHANGE
;Z:7
;HEIGHT:0.2
G1 E-2 F2400
G1 Z7 F7800
G1 X56.632 Y211.619
G1 E2 F2400
;TYPE:Perimeter
;WIDTH:0.449999
G1 F3600
G1 X56.632 Y208.375 E.10981
;TYPE:Overhang perimeter
;WIDTH:0.4
;HEIGHT:0.4
M106 S255
G1 X56.632 Y207.325 E.05486
M107
;TYPE:Perimeter
;WIDTH:0.449999
;HEIGHT:0.2
G1 X56.632 Y204.081 E.10981
G1 X163.368 Y204.081 E3.61288
G1 X163.368 Y207.325 E.10981
;TYPE:Overhang perimeter
;WIDTH:0.4
;HEIGHT:0.4
M106 S255
G1 X163.368 Y208.375 E.05486
M107
;TYPE:Perimeter
;WIDTH:0.449999
;HEIGHT:0.2
G1 X163.368 Y211.619 E.10981
G1 X56.692 Y211.619 E3.61085
G1 X56.225 Y212.026 F7800
;TYPE:External perimeter
G1 F1800
G1 X56.225 Y208.375 E.12358
;TYPE:Overhang perimeter
;WIDTH:0.4
;HEIGHT:0.4
M106 S255
G1 F3600
G1 X56.225 Y207.325 E.05486
M107
;TYPE:External perimeter
;WIDTH:0.449999
;HEIGHT:0.2
G1 F1800
G1 X56.225 Y203.674 E.12358
G1 X163.775 Y203.674 E3.64043
G1 X163.775 Y207.325 E.12358
;TYPE:Overhang perimeter
;WIDTH:0.4
;HEIGHT:0.4
M106 S255
G1 F3600
G1 X163.775 Y208.375 E.05486
M107
;TYPE:External perimeter
;WIDTH:0.449999
;HEIGHT:0.2
G1 F1800
G1 X163.775 Y212.026 E.12358
G1 X56.285 Y212.026 E3.6384
G1 X56.226 Y211.631 F7800
G1 X56.937 Y211.314
;TYPE:Solid infill
;WIDTH:0.449372
G1 F1200
G1 X163.063 Y211.314 E3.5867
G1 X162.177 Y209.947 F7800
;TYPE:Internal infill
;WIDTH:0.45
G1 F4800
G1 X159.734 Y209.947 E.08269
G1 X158.774 Y210.907 E.04595
G1 X153.338 Y210.907 E.184
G1 X152.377 Y209.947 E.04598
G1 X148.22 Y209.947 E.14071
G1 X147.26 Y210.907 E.04595
G1 X141.824 Y210.907 E.184
G1 X140.863 Y209.947 E.04598
G1 X136.706 Y209.947 E.14071
G1 X135.746 Y210.907 E.04595
G1 X130.31 Y210.907 E.184
G1 X129.35 Y209.947 E.04595
G1 X125.192 Y209.947 E.14074
G1 X124.232 Y210.907 E.04595
G1 X118.796 Y210.907 E.184
G1 X117.836 Y209.947 E.04595
G1 X113.678 Y209.947 E.14074
G1 X112.718 Y210.907 E.04595
G1 X107.282 Y210.907 E.184
G1 X106.322 Y209.947 E.04595
G1 X102.164 Y209.947 E.14074
G1 X101.204 Y210.907 E.04595
G1 X95.768 Y210.907 E.184
G1 X94.808 Y209.947 E.04595
G1 X90.65 Y209.947 E.14074
G1 X89.69 Y210.907 E.04595
G1 X84.254 Y210.907 E.184
G1 X83.294 Y209.947 E.04595
G1 X79.137 Y209.947 E.14071
G1 X78.176 Y210.907 E.04598
G1 X72.74 Y210.907 E.184
G1 X71.78 Y209.947 E.04595
G1 X67.623 Y209.947 E.14071
G1 X66.662 Y210.907 E.04598
G1 X61.226 Y210.907 E.184
G1 X60.266 Y209.947 E.04595
G1 X57.823 Y209.947 E.08269
G1 E-2 F2400
G1 X56.96 Y205.979 F7800
G1 E2 F2400
;TYPE:Bridge infill
;WIDTH:0.401408
;HEIGHT:0.4
M106 S255
G1 F3600
G1 X56.96 Y209.519 E.18625
G1 X57.411 Y209.519 E.02373
G1 X57.411 Y206.181 E.17562
G1 X57.862 Y206.181 E.02373
G1 X57.862 Y209.519 E.17562
G1 X58.314 Y209.519 E.02378
G1 X58.314 Y206.181 E.17562
G1 X58.765 Y206.181 E.02373
G1 X58.765 Y209.519 E.17562
G1 X59.217 Y209.519 E.02378
G1 X59.217 Y206.181 E.17562
G1 X59.668 Y206.181 E.02373
G1 X59.668 Y209.519 E.17562
G1 X60.119 Y209.519 E.02373
G1 X60.119 Y206.181 E.17562
G1 X60.571 Y206.181 E.02378
G1 X60.571 Y209.519 E.17562
G1 X61.022 Y209.519 E.02373
G1 X61.022 Y206.181 E.17562
G1 X61.474 Y206.181 E.02378
G1 X61.474 Y209.519 E.17562
G1 X61.925 Y209.519 E.02373
G1 X61.925 Y206.181 E.17562
G1 X62.377 Y206.181 E.02378
G1 X62.377 Y209.519 E.17562
G1 X62.828 Y209.519 E.02373
G1 X62.828 Y206.181 E.17562
G1 X63.279 Y206.181 E.02373
G1 X63.279 Y209.519 E.17562
G1 X63.731 Y209.519 E.02378
G1 X63.731 Y206.181 E.17562
G1 X64.182 Y206.181 E.02373
G1 X64.182 Y209.519 E.17562
G1 X64.634 Y209.519 E.02378
G1 X64.634 Y206.181 E.17562
G1 X65.085 Y206.181 E.02373
G1 X65.085 Y209.519 E.17562
G1 X65.536 Y209.519 E.02373
G1 X65.536 Y206.181 E.17562
G1 X65.988 Y206.181 E.02378
G1 X65.988 Y209.519 E.17562
G1 X66.439 Y209.519 E.02373
G1 X66.439 Y206.181 E.17562
G1 X66.891 Y206.181 E.02378
G1 X66.891 Y209.519 E.17562
G1 X67.342 Y209.519 E.02373
G1 X67.342 Y206.181 E.17562
G1 X67.793 Y206.181 E.02373
G1 X67.793 Y209.519 E.17562
G1 X68.245 Y209.519 E.02378
G1 X68.245 Y206.181 E.17562
G1 X68.696 Y206.181 E.02373
G1 X68.696 Y209.519 E.17562
G1 X69.148 Y209.519 E.02378
G1 X69.148 Y206.181 E.17562
G1 X69.599 Y206.181 E.02373
G1 X69.599 Y209.519 E.17562
G1 X70.05 Y209.519 E.02373
G1 X70.05 Y206.181 E.17562
G1 X70.502 Y206.181 E.02378
G1 X70.502 Y209.519 E.17562
G1 X70.953 Y209.519 E.02373
G1 X70.953 Y206.181 E.17562
G1 X71.405 Y206.181 E.02378
G1 X71.405 Y209.519 E.17562
G1 X71.856 Y209.519 E.02373
G1 X71.856 Y206.181 E.17562
G1 X72.307 Y206.181 E.02373
G1 X72.307 Y209.519 E.17562
G1 X72.759 Y209.519 E.02378
G1 X72.759 Y206.181 E.17562
G1 X73.21 Y206.181 E.02373
G1 X73.21 Y209.519 E.17562
G1 X73.662 Y209.519 E.02378
G1 X73.662 Y206.181 E.17562
G1 X74.113 Y206.181 E.02373
G1 X74.113 Y209.519 E.17562
G1 X74.565 Y209.519 E.02378
G1 X74.565 Y206.181 E.17562
G1 X75.016 Y206.181 E.02373
G1 X75.016 Y209.519 E.17562
G1 X75.467 Y209.519 E.02373
G1 X75.467 Y206.181 E.17562
G1 X75.919 Y206.181 E.02378
G1 X75.919 Y209.519 E.17562
G1 X76.37 Y209.519 E.02373
G1 X76.37 Y206.181 E.17562
G1 X76.822 Y206.181 E.02378
G1 X76.822 Y209.519 E.17562
G1 X77.273 Y209.519 E.02373
G1 X77.273 Y206.181 E.17562
G1 X77.724 Y206.181 E.02373
G1 X77.724 Y209.519 E.17562
G1 X78.176 Y209.519 E.02378
G1 X78.176 Y206.181 E.17562
G1 X78.627 Y206.181 E.02373
G1 X78.627 Y209.519 E.17562
G1 X79.079 Y209.519 E.02378
G1 X79.079 Y206.181 E.17562
G1 X79.53 Y206.181 E.02373
G1 X79.53 Y209.519 E.17562
G1 X79.981 Y209.519 E.02373
G1 X79.981 Y206.181 E.17562
G1 X80.433 Y206.181 E.02378
G1 X80.433 Y209.519 E.17562
G1 X80.884 Y209.519 E.02373
G1 X80.884 Y206.181 E.17562
G1 X81.336 Y206.181 E.02378
G1 X81.336 Y209.519 E.17562
G1 X81.787 Y209.519 E.02373
G1 X81.787 Y206.181 E.17562
G1 X82.238 Y206.181 E.02373
G1 X82.238 Y209.519 E.17562
G1 X82.69 Y209.519 E.02378
G1 X82.69 Y206.181 E.17562
G1 X83.141 Y206.181 E.02373
G1 X83.141 Y209.519 E.17562
G1 X83.593 Y209.519 E.02378
G1 X83.593 Y206.181 E.17562
G1 X84.044 Y206.181 E.02373
G1 X84.044 Y209.519 E.17562
G1 X84.495 Y209.519 E.02373
G1 X84.495 Y206.181 E.17562
G1 X84.947 Y206.181 E.02378
G1 X84.947 Y209.519 E.17562
G1 X85.398 Y209.519 E.02373
G1 X85.398 Y206.181 E.17562
G1 X85.85 Y206.181 E.02378
G1 X85.85 Y209.519 E.17562
G1 X86.301 Y209.519 E.02373
G1 X86.301 Y206.181 E.17562
G1 X86.753 Y206.181 E.02378
G1 X86.753 Y209.519 E.17562
G1 X87.204 Y209.519 E.02373
G1 X87.204 Y206.181 E.17562
G1 X87.655 Y206.181 E.02373
G1 X87.655 Y209.519 E.17562
G1 X88.107 Y209.519 E.02378
G1 X88.107 Y206.181 E.17562
G1 X88.558 Y206.181 E.02373
G1 X88.558 Y209.519 E.17562
G1 X89.01 Y209.519 E.02378
G1 X89.01 Y206.181 E.17562
G1 X89.461 Y206.181 E.02373
G1 X89.461 Y209.519 E.17562
G1 X89.912 Y209.519 E.02373
G1 X89.912 Y206.181 E.17562
G1 X90.364 Y206.181 E.02378
G1 X90.364 Y209.519 E.17562
G1 X90.815 Y209.519 E.02373
G1 X90.815 Y206.181 E.17562
G1 X91.267 Y206.181 E.02378
G1 X91.267 Y209.519 E.17562
G1 X91.718 Y209.519 E.02373
G1 X91.718 Y206.181 E.17562
G1 X92.169 Y206.181 E.02373
G1 X92.169 Y209.519 E.17562
G1 X92.621 Y209.519 E.02378
G1 X92.621 Y206.181 E.17562
G1 X93.072 Y206.181 E.02373
G1 X93.072 Y209.519 E.17562
G1 X93.524 Y209.519 E.02378
G1 X93.524 Y206.181 E.17562
G1 X93.975 Y206.181 E.02373
G1 X93.975 Y209.519 E.17562
G1 X94.426 Y209.519 E.02373
G1 X94.426 Y206.181 E.17562
G1 X94.878 Y206.181 E.02378
G1 X94.878 Y209.519 E.17562
G1 X95.329 Y209.519 E.02373
G1 X95.329 Y206.181 E.17562
G1 X95.781 Y206.181 E.02378
G1 X95.781 Y209.519 E.17562
G1 X96.232 Y209.519 E.02373
G1 X96.232 Y206.181 E.17562
G1 X96.684 Y206.181 E.02378
G1 X96.684 Y209.519 E.17562
G1 X97.135 Y209.519 E.02373
G1 X97.135 Y206.181 E.17562
G1 X97.586 Y206.181 E.02373
G1 X97.586 Y209.519 E.17562
G1 X98.038 Y209.519 E.02378
G1 X98.038 Y206.181 E.17562
G1 X98.489 Y206.181 E.02373
G1 X98.489 Y209.519 E.17562
G1 X98.941 Y209.519 E.02378
G1 X98.941 Y206.181 E.17562
G1 X99.392 Y206.181 E.02373
G1 X99.392 Y209.519 E.17562
G1 X99.843 Y209.519 E.02373
G1 X99.843 Y206.181 E.17562
G1 X100.295 Y206.181 E.02378
G1 X100.295 Y209.519 E.17562
G1 X100.746 Y209.519 E.02373
G1 X100.746 Y206.181 E.17562
G1 X101.198 Y206.181 E.02378
G1 X101.198 Y209.519 E.17562
G1 X101.649 Y209.519 E.02373
G1 X101.649 Y206.181 E.17562
G1 X102.1 Y206.181 E.02373
G1 X102.1 Y209.519 E.17562
G1 X102.552 Y209.519 E.02378
G1 X102.552 Y206.181 E.17562
G1 X103.003 Y206.181 E.02373
G1 X103.003 Y209.519 E.17562
G1 X103.455 Y209.519 E.02378
G1 X103.455 Y206.181 E.17562
G1 X103.906 Y206.181 E.02373
G1 X103.906 Y209.519 E.17562
G1 X104.357 Y209.519 E.02373
G1 X104.357 Y206.181 E.17562
G1 X104.809 Y206.181 E.02378
G1 X104.809 Y209.519 E.17562
G1 X105.26 Y209.519 E.02373
G1 X105.26 Y206.181 E.17562
G1 X105.712 Y206.181 E.02378
G1 X105.712 Y209.519 E.17562
G1 X106.163 Y209.519 E.02373
G1 X106.163 Y206.181 E.17562
G1 X106.614 Y206.181 E.02373
G1 X106.614 Y209.519 E.17562
G1 X107.066 Y209.519 E.02378
G1 X107.066 Y206.181 E.17562
G1 X107.517 Y206.181 E.02373
G1 X107.517 Y209.519 E.17562
G1 X107.969 Y209.519 E.02378
G1 X107.969 Y206.181 E.17562
G1 X108.42 Y206.181 E.02373
G1 X108.42 Y209.519 E.17562
G1 X108.872 Y209.519 E.02378
G1 X108.872 Y206.181 E.17562
G1 X109.323 Y206.181 E.02373
G1 X109.323 Y209.519 E.17562
G1 X109.774 Y209.519 E.02373
G1 X109.774 Y206.181 E.17562
G1 X110.226 Y206.181 E.02378
G1 X110.226 Y209.519 E.17562
G1 X110.677 Y209.519 E.02373
G1 X110.677 Y206.181 E.17562
G1 X111.129 Y206.181 E.02378
G1 X111.129 Y209.519 E.17562
G1 X111.58 Y209.519 E.02373
G1 X111.58 Y206.181 E.17562
G1 X112.031 Y206.181 E.02373
G1 X112.031 Y209.519 E.17562
G1 X112.483 Y209.519 E.02378
G1 X112.483 Y206.181 E.17562
G1 X112.934 Y206.181 E.02373
G1 X112.934 Y209.519 E.17562
G1 X113.386 Y209.519 E.02378
G1 X113.386 Y206.181 E.17562
G1 X113.837 Y206.181 E.02373
G1 X113.837 Y209.519 E.17562
G1 X114.288 Y209.519 E.02373
G1 X114.288 Y206.181 E.17562
G1 X114.74 Y206.181 E.02378
G1 X114.74 Y209.519 E.17562
G1 X115.191 Y209.519 E.02373
G1 X115.191 Y206.181 E.17562
G1 X115.643 Y206.181 E.02378
G1 X115.643 Y209.519 E.17562
G1 X116.094 Y209.519 E.02373
G1 X116.094 Y206.181 E.17562
G1 X116.545 Y206.181 E.02373
G1 X116.545 Y209.519 E.17562
G1 X116.997 Y209.519 E.02378
G1 X116.997 Y206.181 E.17562
G1 X117.448 Y206.181 E.02373
G1 X117.448 Y209.519 E.17562
G1 X117.9 Y209.519 E.02378
G1 X117.9 Y206.181 E.17562
G1 X118.351 Y206.181 E.02373
G1 X118.351 Y209.519 E.17562
G1 X118.803 Y209.519 E.02378
G1 X118.803 Y206.181 E.17562
G1 X119.254 Y206.181 E.02373
G1 X119.254 Y209.519 E.17562
G1 X119.705 Y209.519 E.02373
G1 X119.705 Y206.181 E.17562
G1 X120.157 Y206.181 E.02378
G1 X120.157 Y209.519 E.17562
G1 X120.608 Y209.519 E.02373
G1 X120.608 Y206.181 E.17562
G1 X121.06 Y206.181 E.02378
G1 X121.06 Y209.519 E.17562
G1 X121.511 Y209.519 E.02373
G1 X121.511 Y206.181 E.17562
G1 X121.962 Y206.181 E.02373
G1 X121.962 Y209.519 E.17562
G1 X122.414 Y209.519 E.02378
G1 X122.414 Y206.181 E.17562
G1 X122.865 Y206.181 E.02373
G1 X122.865 Y209.519 E.17562
G1 X123.317 Y209.519 E.02378
G1 X123.317 Y206.181 E.17562
G1 X123.768 Y206.181 E.02373
G1 X123.768 Y209.519 E.17562
G1 X124.219 Y209.519 E.02373
G1 X124.219 Y206.181 E.17562
G1 X124.671 Y206.181 E.02378
G1 X124.671 Y209.519 E.17562
G1 X125.122 Y209.519 E.02373
G1 X125.122 Y206.181 E.17562
G1 X125.574 Y206.181 E.02378
G1 X125.574 Y209.519 E.17562
G1 X126.025 Y209.519 E.02373
G1 X126.025 Y206.181 E.17562
G1 X126.476 Y206.181 E.02373
G1 X126.476 Y209.519 E.17562
G1 X126.928 Y209.519 E.02378
G1 X126.928 Y206.181 E.17562
G1 X127.379 Y206.181 E.02373
G1 X127.379 Y209.519 E.17562
G1 X127.831 Y209.519 E.02378
G1 X127.831 Y206.181 E.17562
G1 X128.282 Y206.181 E.02373
G1 X128.282 Y209.519 E.17562
G1 X128.733 Y209.519 E.02373
G1 X128.733 Y206.181 E.17562
G1 X129.185 Y206.181 E.02378
G1 X129.185 Y209.519 E.17562
G1 X129.636 Y209.519 E.02373
G1 X129.636 Y206.181 E.17562
G1 X130.088 Y206.181 E.02378
G1 X130.088 Y209.519 E.17562
G1 X130.539 Y209.519 E.02373
G1 X130.539 Y206.181 E.17562
G1 X130.991 Y206.181 E.02378
G1 X130.991 Y209.519 E.17562
G1 X131.442 Y209.519 E.02373
G1 X131.442 Y206.181 E.17562
G1 X131.893 Y206.181 E.02373
G1 X131.893 Y209.519 E.17562
G1 X132.345 Y209.519 E.02378
G1 X132.345 Y206.181 E.17562
G1 X132.796 Y206.181 E.02373
G1 X132.796 Y209.519 E.17562
G1 X133.248 Y209.519 E.02378
G1 X133.248 Y206.181 E.17562
G1 X133.699 Y206.181 E.02373
G1 X133.699 Y209.519 E.17562
G1 X134.15 Y209.519 E.02373
G1 X134.15 Y206.181 E.17562
G1 X134.602 Y206.181 E.02378
G1 X134.602 Y209.519 E.17562
G1 X135.053 Y209.519 E.02373
G1 X135.053 Y206.181 E.17562
G1 X135.505 Y206.181 E.02378
G1 X135.505 Y209.519 E.17562
G1 X135.956 Y209.519 E.02373
G1 X135.956 Y206.181 E.17562
G1 X136.407 Y206.181 E.02373
G1 X136.407 Y209.519 E.17562
G1 X136.859 Y209.519 E.02378
G1 X136.859 Y206.181 E.17562
G1 X137.31 Y206.181 E.02373
G1 X137.31 Y209.519 E.17562
G1 X137.762 Y209.519 E.02378
G1 X137.762 Y206.181 E.17562
G1 X138.213 Y206.181 E.02373
G1 X138.213 Y209.519 E.17562
G1 X138.664 Y209.519 E.02373
G1 X138.664 Y206.181 E.17562
G1 X139.116 Y206.181 E.02378
G1 X139.116 Y209.519 E.17562
G1 X139.567 Y209.519 E.02373
G1 X139.567 Y206.181 E.17562
G1 X140.019 Y206.181 E.02378
G1 X140.019 Y209.519 E.17562
G1 X140.47 Y209.519 E.02373
G1 X140.47 Y206.181 E.17562
G1 X140.921 Y206.181 E.02373
G1 X140.921 Y209.519 E.17562
G1 X141.373 Y209.519 E.02378
G1 X141.373 Y206.181 E.17562
G1 X141.824 Y206.181 E.02373
G1 X141.824 Y209.519 E.17562
G1 X142.276 Y209.519 E.02378
G1 X142.276 Y206.181 E.17562
G1 X142.727 Y206.181 E.02373
G1 X142.727 Y209.519 E.17562
G1 X143.179 Y209.519 E.02378
G1 X143.179 Y206.181 E.17562
G1 X143.63 Y206.181 E.02373
G1 X143.63 Y209.519 E.17562
G1 X144.081 Y209.519 E.02373
G1 X144.081 Y206.181 E.17562
G1 X144.533 Y206.181 E.02378
G1 X144.533 Y209.519 E.17562
G1 X144.984 Y209.519 E.02373
G1 X144.984 Y206.181 E.17562
G1 X145.436 Y206.181 E.02378
G1 X145.436 Y209.519 E.17562
G1 X145.887 Y209.519 E.02373
G1 X145.887 Y206.181 E.17562
G1 X146.338 Y206.181 E.02373
G1 X146.338 Y209.519 E.17562
G1 X146.79 Y209.519 E.02378
G1 X146.79 Y206.181 E.17562
G1 X147.241 Y206.181 E.02373
G1 X147.241 Y209.519 E.17562
G1 X147.693 Y209.519 E.02378
G1 X147.693 Y206.181 E.17562
G1 X148.144 Y206.181 E.02373
G1 X148.144 Y209.519 E.17562
G1 X148.595 Y209.519 E.02373
G1 X148.595 Y206.181 E.17562
G1 X149.047 Y206.181 E.02378
G1 X149.047 Y209.519 E.17562
G1 X149.498 Y209.519 E.02373
G1 X149.498 Y206.181 E.17562
G1 X149.95 Y206.181 E.02378
G1 X149.95 Y209.519 E.17562
G1 X150.401 Y209.519 E.02373
G1 X150.401 Y206.181 E.17562
G1 X150.852 Y206.181 E.02373
G1 X150.852 Y209.519 E.17562
G1 X151.304 Y209.519 E.02378
G1 X151.304 Y206.181 E.17562
G1 X151.755 Y206.181 E.02373
G1 X151.755 Y209.519 E.17562
G1 X152.207 Y209.519 E.02378
G1 X152.207 Y206.181 E.17562
G1 X152.658 Y206.181 E.02373
G1 X152.658 Y209.519 E.17562
G1 X153.11 Y209.519 E.02378
G1 X153.11 Y206.181 E.17562
G1 X153.561 Y206.181 E.02373
G1 X153.561 Y209.519 E.17562
G1 X154.012 Y209.519 E.02373
G1 X154.012 Y206.181 E.17562
G1 X154.464 Y206.181 E.02378
G1 X154.464 Y209.519 E.17562
G1 X154.915 Y209.519 E.02373
G1 X154.915 Y206.181 E.17562
G1 X155.367 Y206.181 E.02378
G1 X155.367 Y209.519 E.17562
G1 X155.818 Y209.519 E.02373
G1 X155.818 Y206.181 E.17562
G1 X156.269 Y206.181 E.02373
G1 X156.269 Y209.519 E.17562
G1 X156.721 Y209.519 E.02378
G1 X156.721 Y206.181 E.17562
G1 X157.172 Y206.181 E.02373
G1 X157.172 Y209.519 E.17562
G1 X157.624 Y209.519 E.02378
G1 X157.624 Y206.181 E.17562
G1 X158.075 Y206.181 E.02373
G1 X158.075 Y209.519 E.17562
G1 X158.526 Y209.519 E.02373
G1 X158.526 Y206.181 E.17562
G1 X158.978 Y206.181 E.02378
G1 X158.978 Y209.519 E.17562
G1 X159.429 Y209.519 E.02373
G1 X159.429 Y206.181 E.17562
G1 X159.881 Y206.181 E.02378
G1 X159.881 Y209.519 E.17562
G1 X160.332 Y209.519 E.02373
G1 X160.332 Y206.181 E.17562
G1 X160.783 Y206.181 E.02373
G1 X160.783 Y209.519 E.17562
G1 X161.235 Y209.519 E.02378
G1 X161.235 Y206.181 E.17562
G1 X161.686 Y206.181 E.02373
G1 X161.686 Y209.519 E.17562
G1 X162.138 Y209.519 E.02378
G1 X162.138 Y206.181 E.17562
G1 X162.589 Y206.181 E.02373
G1 X162.589 Y209.519 E.17562
G1 X163.04 Y209.519 E.02373
G1 X163.04 Y205.979 E.18625
M107
G1 X162.14 Y205.753 F7800
;TYPE:Internal infill
;WIDTH:0.45
;HEIGHT:0.2
G1 F4800
G1 X159.697 Y205.753 E.08269
G1 X158.737 Y204.793 E.04595
G1 X153.375 Y204.793 E.1815
G1 X152.415 Y205.753 E.04595
G1 X148.183 Y205.753 E.14325
G1 X147.223 Y204.793 E.04595
G1 X141.861 Y204.793 E.1815
G1 X140.901 Y205.753 E.04595
G1 X136.669 Y205.753 E.14325
G1 X135.709 Y204.793 E.04595
G1 X130.347 Y204.793 E.1815
G1 X129.387 Y205.753 E.04595
G1 X125.155 Y205.753 E.14325
G1 X124.195 Y204.793 E.04595
G1 X118.833 Y204.793 E.1815
G1 X117.873 Y205.753 E.04595
G1 X113.641 Y205.753 E.14325
G1 X112.681 Y204.793 E.04595
G1 X107.319 Y204.793 E.1815
G1 X106.359 Y205.753 E.04595
G1 X102.127 Y205.753 E.14325
G1 X101.167 Y204.793 E.04595
G1 X95.805 Y204.793 E.1815
G1 X94.845 Y205.753 E.04595
G1 X90.613 Y205.753 E.14325
G1 X89.653 Y204.793 E.04595
G1 X84.291 Y204.793 E.1815
G1 X83.331 Y205.753 E.04595
G1 X79.099 Y205.753 E.14325
G1 X78.139 Y204.793 E.04595
G1 X72.777 Y204.793 E.1815
G1 X71.817 Y205.753 E.04595
G1 X67.585 Y205.753 E.14325
G1 X66.625 Y204.793 E.04595
G1 X61.263 Y204.793 E.1815
G1 X60.303 Y205.753 E.04595
G1 X57.86 Y205.753 E.08269
G1 X56.937 Y204.386 F7800
;TYPE:Solid infill
;WIDTH:0.449372
G1 F1200
G1 X163.063 Y204.386 E3.5867
G1 E-2 F2400
G1 X80.632 Y7.982 F7800
G1 E2 F2400
;TYPE:Perimeter
;WIDTH:0.449999
G1 F3600
G1 X139.368 Y7.982 E1.98814
G1 X139.368 Y16.718 E.2957
G1 X80.632 Y16.718 E1.98814
G1 X80.632 Y8.042 E.29367
G1 X80.225 Y7.575 F7800
;TYPE:External perimeter
G1 F1800
G1 X139.775 Y7.575 E2.01569
G1 X139.775 Y17.125 E.32326
G1 X80.225 Y17.125 E2.01569
G1 X80.225 Y7.635 E.32122
G1 X80.621 Y7.576 F7800
G1 E-2 F2400
G1 X139.248 Y8.828 F7800
G1 E2 F2400
;TYPE:Top solid infill
;WIDTH:0.402176
G1 F900
G1 X138.683 Y8.262 E.02389
G1 X138.174 Y8.262 E.0152
G1 X139.088 Y9.176 E.03861
G1 X139.088 Y9.684 E.01518
G1 X137.666 Y8.262 E.06007
G1 X137.158 Y8.262 E.01518
G1 X139.088 Y10.192 E.08153
G1 X139.088 Y10.7 E.01518
G1 X136.65 Y8.262 E.103
G1 X136.142 Y8.262 E.01518
G1 X139.088 Y11.208 E.12446
G1 X139.088 Y11.716 E.01518
G1 X135.634 Y8.262 E.14592
G1 X135.126 Y8.262 E.01518
G1 X139.088 Y12.224 E.16738
G1 X139.088 Y12.732 E.01518
G1 X134.618 Y8.262 E.18884
G1 X134.11 Y8.262 E.01518
G1 X139.088 Y13.24 E.2103
G1 X139.088 Y13.748 E.01518
G1 X133.602 Y8.262 E.23176
G1 X133.094 Y8.262 E.01518
G1 X139.088 Y14.256 E.25322
G1 X139.088 Y14.764 E.01518
G1 X132.586 Y8.262 E.27468
G1 X132.078 Y8.262 E.01518
G1 X139.088 Y15.272 E.29614
G1 X139.088 Y15.78 E.01518
G1 X131.57 Y8.262 E.3176
G1 X131.062 Y8.262 E.01518
G1 X139.088 Y16.288 E.33906
G1 X139.088 Y16.438 E.00448
G1 X138.729 Y16.438 E.01072
G1 X130.553 Y8.262 E.3454
G1 X130.045 Y8.262 E.01518
G1 X138.221 Y16.438 E.3454
G1 X137.713 Y16.438 E.01518
G1 X129.537 Y8.262 E.3454
G1 X129.029 Y8.262 E.01518
G1 X137.205 Y16.438 E.3454
G1 X136.696 Y16.438 E.0152
G1 X128.521 Y8.262 E.34538
G1 X128.013 Y8.262 E.01518
G1 X136.188 Y16.438 E.34538
G1 X135.68 Y16.438 E.01518
G1 X127.505 Y8.262 E.34538
G1 X126.997 Y8.262 E.01518
G1 X135.172 Y16.438 E.34538
G1 X134.664 Y16.438 E.01518
G1 X126.489 Y8.262 E.34538
G1 X125.981 Y8.262 E.01518
G1 X134.156 Y16.438 E.34538
G1 X133.648 Y16.438 E.01518
G1 X125.473 Y8.262 E.34538
G1 X124.965 Y8.262 E.01518
G1 X133.14 Y16.438 E.34538
G1 X132.632 Y16.438 E.01518
G1 X124.457 Y8.262 E.34538
G1 X123.949 Y8.262 E.01518
G1 X132.124 Y16.438 E.34538
G1 X131.616 Y16.438 E.01518
G1 X123.441 Y8.262 E.34538
G1 X122.933 Y8.262 E.01518
G1 X131.108 Y16.438 E.34538
G1 X130.6 Y16.438 E.01518
G1 X122.424 Y8.262 E.3454
G1 X121.916 Y8.262 E.01518
G1 X130.092 Y16.438 E.3454
G1 X129.584 Y16.438 E.01518
G1 X121.408 Y8.262 E.3454
G1 X120.9 Y8.262 E.01518
G1 X129.075 Y16.438 E.34538
G1 X128.567 Y16.438 E.01518
G1 X120.392 Y8.262 E.34538
G1 X119.884 Y8.262 E.01518
G1 X128.059 Y16.438 E.34538
G1 X127.551 Y16.438 E.01518
G1 X119.376 Y8.262 E.34538
G1 X118.868 Y8.262 E.01518
G1 X127.043 Y16.438 E.34538
G1 X126.535 Y16.438 E.01518
G1 X118.36 Y8.262 E.34538
G1 X117.852 Y8.262 E.01518
G1 X126.027 Y16.438 E.34538
G1 X125.519 Y16.438 E.01518
G1 X117.344 Y8.262 E.34538
G1 X116.836 Y8.262 E.01518
G1 X125.011 Y16.438 E.34538
G1 X124.503 Y16.438 E.01518
G1 X116.328 Y8.262 E.34538
G1 X115.82 Y8.262 E.01518
G1 X123.995 Y16.438 E.34538
G1 X123.487 Y16.438 E.01518
G1 X115.312 Y8.262 E.34538
G1 X114.803 Y8.262 E.0152
G1 X122.979 Y16.438 E.3454
G1 X122.471 Y16.438 E.01518
G1 X114.295 Y8.262 E.3454
G1 X113.787 Y8.262 E.01518
G1 X121.963 Y16.438 E.3454
G1 X121.455 Y16.438 E.01518
G1 X113.279 Y8.262 E.3454
G1 X112.771 Y8.262 E.01518
G1 X120.946 Y16.438 E.34538
G1 X120.438 Y16.438 E.01518
G1 X112.263 Y8.262 E.34538
G1 X111.755 Y8.262 E.01518
G1 X119.93 Y16.438 E.34538
G1 X119.422 Y16.438 E.01518
G1 X111.247 Y8.262 E.34538
G1 X110.739 Y8.262 E.01518
G1 X118.914 Y16.438 E.34538
G1 X118.406 Y16.438 E.01518
G1 X110.231 Y8.262 E.34538
G1 X109.723 Y8.262 E.01518
G1 X117.898 Y16.438 E.34538
G1 X117.39 Y16.438 E.01518
G1 X109.215 Y8.262 E.34538
G1 X108.707 Y8.262 E.01518
G1 X116.882 Y16.438 E.34538
G1 X116.374 Y16.438 E.01518
G1 X108.199 Y8.262 E.34538
G1 X107.691 Y8.262 E.01518
G1 X115.866 Y16.438 E.34538
G1 X115.358 Y16.438 E.01518
G1 X107.183 Y8.262 E.34538
G1 X106.674 Y8.262 E.0152
G1 X114.85 Y16.438 E.3454
G1 X114.342 Y16.438 E.01518
G1 X106.166 Y8.262 E.3454
G1 X105.658 Y8.262 E.01518
G1 X113.834 Y16.438 E.3454
G1 X113.325 Y16.438 E.0152
G1 X105.15 Y8.262 E.34538
G1 X104.642 Y8.262 E.01518
G1 X112.817 Y16.438 E.34538
G1 X112.309 Y16.438 E.01518
G1 X104.134 Y8.262 E.34538
G1 X103.626 Y8.262 E.01518
G1 X111.801 Y16.438 E.34538
G1 X111.293 Y16.438 E.01518
G1 X103.118 Y8.262 E.34538
G1 X102.61 Y8.262 E.01518
G1 X110.785 Y16.438 E.34538
G1 X110.277 Y16.438 E.01518
G1 X102.102 Y8.262 E.34538
G1 X101.594 Y8.262 E.01518
G1 X109.769 Y16.438 E.34538
G1 X109.261 Y16.438 E.01518
G1 X101.086 Y8.262 E.34538
G1 X100.578 Y8.262 E.01518
G1 X108.753 Y16.438 E.34538
G1 X108.245 Y16.438 E.01518
G1 X100.07 Y8.262 E.34538
G1 X99.562 Y8.262 E.01518
G1 X107.737 Y16.438 E.34538
G1 X107.229 Y16.438 E.01518
G1 X99.053 Y8.262 E.3454
G1 X98.545 Y8.262 E.01518
G1 X106.721 Y16.438 E.3454
G1 X106.213 Y16.438 E.01518
G1 X98.037 Y8.262 E.3454
G1 X97.529 Y8.262 E.01518
G1 X105.705 Y16.438 E.3454
G1 X105.196 Y16.438 E.0152
G1 X97.021 Y8.262 E.34538
G1 X96.513 Y8.262 E.01518
G1 X104.688 Y16.438 E.34538
G1 X104.18 Y16.438 E.01518
G1 X96.005 Y8.262 E.34538
G1 X95.497 Y8.262 E.01518
G1 X103.672 Y16.438 E.34538
G1 X103.164 Y16.438 E.01518
G1 X94.989 Y8.262 E.34538
G1 X94.481 Y8.262 E.01518
G1 X102.656 Y16.438 E.34538
G1 X102.148 Y16.438 E.01518
G1 X93.973 Y8.262 E.34538
G1 X93.465 Y8.262 E.01518
G1 X101.64 Y16.438 E.34538
G1 X101.132 Y16.438 E.01518
G1 X92.957 Y8.262 E.34538
G1 X92.449 Y8.262 E.01518
G1 X100.624 Y16.438 E.34538
G1 X100.116 Y16.438 E.01518
G1 X91.941 Y8.262 E.34538
G1 X91.433 Y8.262 E.01518
G1 X99.608 Y16.438 E.34538
G1 X99.1 Y16.438 E.01518
G1 X90.924 Y8.262 E.3454
G1 X90.416 Y8.262 E.01518
G1 X98.592 Y16.438 E.3454
G1 X98.084 Y16.438 E.01518
G1 X89.908 Y8.262 E.3454
G1 X89.4 Y8.262 E.01518
G1 X97.575 Y16.438 E.34538
G1 X97.067 Y16.438 E.01518
G1 X88.892 Y8.262 E.34538
G1 X88.384 Y8.262 E.01518
G1 X96.559 Y16.438 E.34538
G1 X96.051 Y16.438 E.01518
G1 X87.876 Y8.262 E.34538
G1 X87.368 Y8.262 E.01518
G1 X95.543 Y16.438 E.34538
G1 X95.035 Y16.438 E.01518
G1 X86.86 Y8.262 E.34538
G1 X86.352 Y8.262 E.01518
G1 X94.527 Y16.438 E.34538
G1 X94.019 Y16.438 E.01518
G1 X85.844 Y8.262 E.34538
G1 X85.336 Y8.262 E.01518
G1 X93.511 Y16.438 E.34538
G1 X93.003 Y16.438 E.01518
G1 X84.828 Y8.262 E.34538
G1 X84.32 Y8.262 E.01518
G1 X92.495 Y16.438 E.34538
G1 X91.987 Y16.438 E.01518
G1 X83.812 Y8.262 E.34538
G1 X83.303 Y8.262 E.0152
G1 X91.479 Y16.438 E.3454
G1 X90.971 Y16.438 E.01518
G1 X82.795 Y8.262 E.3454
G1 X82.287 Y8.262 E.01518
G1 X90.463 Y16.438 E.3454
G1 X89.955 Y16.438 E.01518
G1 X81.779 Y8.262 E.3454
G1 X81.271 Y8.262 E.01518
G1 X89.446 Y16.438 E.34538
G1 X88.938 Y16.438 E.01518
G1 X80.912 Y8.412 E.33906
G1 X80.912 Y8.92 E.01518
G1 X88.43 Y16.438 E.3176
G1 X87.922 Y16.438 E.01518
G1 X80.912 Y9.428 E.29614
G1 X80.912 Y9.936 E.01518
G1 X87.414 Y16.438 E.27468
G1 X86.906 Y16.438 E.01518
G1 X80.912 Y10.444 E.25322
G1 X80.912 Y10.952 E.01518
G1 X86.398 Y16.438 E.23176
G1 X85.89 Y16.438 E.01518
G1 X80.912 Y11.46 E.2103
G1 X80.912 Y11.968 E.01518
G1 X85.382 Y16.438 E.18884
G1 X84.874 Y16.438 E.01518
G1 X80.912 Y12.476 E.16738
G1 X80.912 Y12.984 E.01518
G1 X84.366 Y16.438 E.14592
G1 X83.858 Y16.438 E.01518
G1 X80.912 Y13.492 E.12446
G1 X80.912 Y14 E.01518
G1 X83.35 Y16.438 E.103
G1 X82.842 Y16.438 E.01518
G1 X80.912 Y14.508 E.08153
G1 X80.912 Y15.016 E.01518
G1 X82.334 Y16.438 E.06007
G1 X81.825 Y16.438 E.0152
G1 X80.912 Y15.525 E.03857
G1 X80.912 Y16.033 E.01518
G1 X81.478 Y16.598 E.02389
;LAYER_CHANGE
;Z:7.2
;HEIGHT:0.2
G1 E-2 F2400
G1 Z7.2 F7800
G1 X56.632 Y211.512
G1 E2 F2400
;TYPE:Perimeter
;WIDTH:0.449999
G1 F3600
G1 X56.632 Y204.188 E.24791
G1 X163.368 Y204.188 E3.61288
G1 X163.368 Y211.512 E.24791
G1 X56.692 Y211.512 E3.61085
G1 X56.225 Y211.919 F7800
;TYPE:External perimeter
G1 F1800
G1 X56.225 Y203.781 E.27546
G1 X163.775 Y203.781 E3.64043
G1 X163.775 Y211.919 E.27546
G1 X56.285 Y211.919 E3.6384
G1 X56.226 Y211.524 F7800
G1 X56.942 Y211.203
;TYPE:Solid infill
;WIDTH:0.458834
G1 F1200
G1 X163.058 Y211.203 E3.66985
G1 X162.526 Y209.598 F7800
;TYPE:Internal infill
;WIDTH:0.45
G1 F4800
G1 X160.084 Y209.598 E.08266
G1 X158.89 Y210.791 E.05713
G1 X153.221 Y210.791 E.19189
G1 X152.028 Y209.598 E.05711
G1 X148.57 Y209.598 E.11705
G1 X147.376 Y210.791 E.05713
G1 X141.707 Y210.791 E.19189
G1 X140.514 Y209.598 E.05711
G1 X137.056 Y209.598 E.11705
G1 X135.862 Y210.791 E.05713
G1 X130.193 Y210.791 E.19189
G1 X129 Y209.598 E.05711
G1 X125.542 Y209.598 E.11705
G1 X124.348 Y210.791 E.05713
G1 X118.679 Y210.791 E.19189
G1 X117.486 Y209.598 E.05711
G1 X114.028 Y209.598 E.11705
G1 X112.835 Y210.791 E.05711
G1 X107.165 Y210.791 E.19192
G1 X105.972 Y209.598 E.05711
G1 X102.514 Y209.598 E.11705
G1 X101.321 Y210.791 E.05711
G1 X95.652 Y210.791 E.19189
G1 X94.458 Y209.598 E.05713
G1 X91 Y209.598 E.11705
G1 X89.807 Y210.791 E.05711
G1 X84.138 Y210.791 E.19189
G1 X82.944 Y209.598 E.05713
G1 X79.486 Y209.598 E.11705
G1 X78.293 Y210.791 E.05711
G1 X72.624 Y210.791 E.19189
G1 X71.43 Y209.598 E.05713
G1 X67.972 Y209.598 E.11705
G1 X66.779 Y210.791 E.05711
G1 X61.11 Y210.791 E.19189
G1 X59.916 Y209.598 E.05713
G1 X57.474 Y209.598 E.08266
G1 E-2 F2400
G1 X57.511 Y206.102 F7800
G1 E2 F2400
G1 F4800
G1 X59.953 Y206.102 E.08266
G1 X61.147 Y204.909 E.05713
G1 X66.742 Y204.909 E.18938
G1 X67.935 Y206.102 E.05711
G1 X71.467 Y206.102 E.11955
G1 X72.661 Y204.909 E.05713
G1 X78.256 Y204.909 E.18938
G1 X79.449 Y206.102 E.05711
G1 X82.981 Y206.102 E.11955
G1 X84.175 Y204.909 E.05713
G1 X89.769 Y204.909 E.18935
G1 X90.963 Y206.102 E.05713
G1 X94.495 Y206.102 E.11955
G1 X95.689 Y204.909 E.05713
G1 X101.283 Y204.909 E.18935
G1 X102.477 Y206.102 E.05713
G1 X106.009 Y206.102 E.11955
G1 X107.203 Y204.909 E.05713
G1 X112.797 Y204.909 E.18935
G1 X113.991 Y206.102 E.05713
G1 X117.523 Y206.102 E.11955
G1 X118.717 Y204.909 E.05713
G1 X124.311 Y204.909 E.18935
G1 X125.505 Y206.102 E.05713
G1 X129.037 Y206.102 E.11955
G1 X130.231 Y204.909 E.05713
G1 X135.825 Y204.909 E.18935
G1 X137.019 Y206.102 E.05713
G1 X140.551 Y206.102 E.11955
G1 X141.744 Y204.909 E.05711
G1 X147.339 Y204.909 E.18938
G1 X148.533 Y206.102 E.05713
G1 X152.065 Y206.102 E.11955
G1 X153.258 Y204.909 E.05711
G1 X158.853 Y204.909 E.18938
G1 X160.046 Y206.102 E.05711
G1 X162.489 Y206.102 E.08269
G1 X162.859 Y206.509 F7800
;TYPE:Solid infill
;WIDTH:0.449999
G1 F1200
G1 X56.937 Y206.509 E3.58533
G1 X56.937 Y209.191 E.09078
G1 X163.063 Y209.191 E3.59223
G1 X163.063 Y206.509 E.09078
G1 X162.656 Y206.916 E.01948
G1 X162.656 Y208.784 E.06323
G1 X57.344 Y208.784 E3.56468
G1 X57.344 Y206.916 E.06323
G1 X162.452 Y206.916 E3.55778
G1 X162.248 Y207.324 E.01544
G1 X162.248 Y208.376 E.03561
G1 X57.752 Y208.376 E3.53706
G1 X57.752 Y207.324 E.03561
G1 X162.045 Y207.324 E3.53019
G1 X161.883 Y207.689 E.01352
;WIDTH:0.36587
G1 X161.883 Y208.011 E.00865
G1 X58.117 Y208.011 E2.78647
G1 X58.117 Y207.689 E.00865
G1 X161.68 Y207.689 E2.78102
G1 E-2 F2400
G1 X56.942 Y204.497 F7800
G1 E2 F2400
;WIDTH:0.458836
G1 F1200
G1 X163.058 Y204.497 E3.66987
M106 S122.4
;LAYER_CHANGE
;Z:7.4
;HEIGHT:0.2
G1 E-2 F2400
G1 Z7.4 F7800
G1 X56.632 Y211.405
G1 E2 F2400
;TYPE:Perimeter
;WIDTH:0.449999
G1 F3600
G1 X56.632 Y204.295 E.24066
G1 X163.368 Y204.295 E3.61288
G1 X163.368 Y211.405 E.24066
G1 X56.692 Y211.405 E3.61085
G1 X56.225 Y211.812 F7800
;TYPE:External perimeter
G1 F1800
G1 X56.225 Y203.888 E.26822
G1 X163.775 Y203.888 E3.64043
G1 X163.775 Y211.812 E.26822
G1 X56.285 Y211.812 E3.6384
G1 X56.226 Y211.417 F7800
G1 X56.97 Y211.067
;TYPE:Solid infill
;WIDTH:0.516086
G1 F1200
G1 X163.03 Y211.067 E4.17282
G1 X162.129 Y210.627 F7800
;TYPE:Internal infill
;WIDTH:0.45
G1 F4800
G1 X163.063 Y210.627 E.03161
G1 X163.063 Y209.118 E.05108
G1 X162.828 Y208.884 E.01123
G1 X160.797 Y208.884 E.06875
G1 X159.055 Y210.627 E.08341
G1 X153.057 Y210.627 E.20303
G1 X151.314 Y208.884 E.08344
G1 X149.283 Y208.884 E.06875
G1 X147.541 Y210.627 E.08341
G1 X141.543 Y210.627 E.20303
G1 X139.801 Y208.884 E.08341
G1 X137.769 Y208.884 E.06878
G1 X136.027 Y210.627 E.08341
G1 X130.029 Y210.627 E.20303
G1 X128.287 Y208.884 E.08341
G1 X126.255 Y208.884 E.06878
G1 X124.513 Y210.627 E.08341
G1 X118.515 Y210.627 E.20303
G1 X116.773 Y208.884 E.08341
G1 X114.741 Y208.884 E.06878
G1 X112.999 Y210.627 E.08341
G1 X107.001 Y210.627 E.20303
G1 X105.259 Y208.884 E.08341
G1 X103.227 Y208.884 E.06878
G1 X101.485 Y210.627 E.08341
G1 X95.487 Y210.627 E.20303
G1 X93.745 Y208.884 E.08341
G1 X91.713 Y208.884 E.06878
G1 X89.971 Y210.627 E.08341
G1 X83.973 Y210.627 E.20303
G1 X82.231 Y208.884 E.08341
G1 X80.199 Y208.884 E.06878
G1 X78.457 Y210.627 E.08341
G1 X72.459 Y210.627 E.20303
G1 X70.717 Y208.884 E.08341
G1 X68.686 Y208.884 E.06875
G1 X66.943 Y210.627 E.08344
G1 X60.945 Y210.627 E.20303
G1 X59.203 Y208.884 E.08341
G1 X57.172 Y208.884 E.06875
G1 X56.937 Y209.118 E.01123
G1 X56.937 Y210.627 E.05108
G1 X57.871 Y210.627 E.03161
G1 E-2 F2400
G1 X56.937 Y207.426 F7800
G1 E2 F2400
;TYPE:Solid infill
;WIDTH:0.449999
G1 F1200
G1 X56.937 Y208.477 E.03558
G1 X163.063 Y208.477 E3.59223
G1 X163.063 Y207.223 E.04245
G1 X56.937 Y207.223 E3.59223
G1 X57.353 Y207.638 E.01989
;WIDTH:0.466526
G1 X162.647 Y207.638 E3.70877
G1 X162.647 Y208.062 E.01493
G1 X57.353 Y208.062 E3.70877
G1 X57.353 Y207.842 E.00775
G1 E-2 F2400
G1 X57.834 Y205.073 F7800
G1 E2 F2400
;TYPE:Internal infill
;WIDTH:0.45
G1 F4800
G1 X56.937 Y205.073 E.03036
G1 X56.937 Y206.619 E.05233
G1 X57.134 Y206.816 E.00943
G1 X59.24 Y206.816 E.07129
G1 X60.983 Y205.073 E.08344
G1 X66.906 Y205.073 E.20049
G1 X68.648 Y206.816 E.08341
G1 X70.754 Y206.816 E.07129
G1 X72.497 Y205.073 E.08344
G1 X78.42 Y205.073 E.20049
G1 X80.162 Y206.816 E.08341
G1 X82.268 Y206.816 E.07129
G1 X84.01 Y205.073 E.08341
G1 X89.934 Y205.073 E.20052
G1 X91.676 Y206.816 E.08341
G1 X93.782 Y206.816 E.07129
G1 X95.524 Y205.073 E.08341
G1 X101.448 Y205.073 E.20052
G1 X103.19 Y206.816 E.08341
G1 X105.296 Y206.816 E.07129
G1 X107.038 Y205.073 E.08341
G1 X112.962 Y205.073 E.20052
G1 X114.704 Y206.816 E.08341
G1 X116.81 Y206.816 E.07129
G1 X118.552 Y205.073 E.08341
G1 X124.476 Y205.073 E.20052
G1 X126.218 Y206.816 E.08341
G1 X128.324 Y206.816 E.07129
G1 X130.066 Y205.073 E.08341
G1 X135.99 Y205.073 E.20052
G1 X137.732 Y206.816 E.08341
G1 X139.838 Y206.816 E.07129
G1 X141.58 Y205.073 E.08341
G1 X147.503 Y205.073 E.20049
G1 X149.246 Y206.816 E.08344
G1 X151.352 Y206.816 E.07129
G1 X153.094 Y205.073 E.08341
G1 X159.017 Y205.073 E.20049
G1 X160.76 Y206.816 E.08344
G1 X162.866 Y206.816 E.07129
G1 X163.063 Y206.619 E.00943
G1 X163.063 Y205.073 E.05233
G1 X162.166 Y205.073 E.03036
G1 E-2 F2400
G1 X56.97 Y204.633 F7800
G1 E2 F2400
;TYPE:Solid infill
;WIDTH:0.516086
G1 F1200
G1 X163.03 Y204.633 E4.17282
M106 S188.7
;LAYER_CHANGE
;Z:7.6
;HEIGHT:0.2
G1 E-2 F2400
G1 Z7.6 F7800
G1 X56.632 Y211.298
G1 E2 F2400
;TYPE:Perimeter
;WIDTH:0.449999
G1 F3600
G1 X56.632 Y204.402 E.23342
G1 X163.368 Y204.402 E3.61288
G1 X163.368 Y211.298 E.23342
G1 X56.692 Y211.298 E3.61085
G1 X56.225 Y211.705 F7800
;TYPE:External perimeter
G1 F1800
G1 X56.225 Y203.995 E.26097
G1 X163.775 Y203.995 E3.64043
G1 X163.775 Y211.705 E.26097
G1 X56.285 Y211.705 E3.6384
G1 X56.226 Y211.31 F7800
G1 X56.999 Y210.931
;TYPE:Solid infill
;WIDTH:0.573332
G1 F1200
G1 X163.001 Y210.931 E4.67511
G1 E-2 F2400
G1 X156.776 Y210.463 F7800
G1 E2 F2400
;TYPE:Internal infill
;WIDTH:0.45
G1 F4800
G1 X159.219 Y210.463 E.08269
G1 X163.063 Y206.619 E.18401
G1 X163.063 Y209.118 E.08459
G1 X159.182 Y205.237 E.18578
G1 X152.93 Y205.237 E.21162
G1 X147.705 Y210.463 E.25014
G1 X152.893 Y210.463 E.17561
G1 X147.668 Y205.237 E.25014
G1 X141.416 Y205.237 E.21162
G1 X136.191 Y210.463 E.25014
G1 X141.379 Y210.463 E.17561
G1 X136.154 Y205.237 E.25014
G1 X129.902 Y205.237 E.21162
G1 X124.677 Y210.463 E.25014
G1 X129.865 Y210.463 E.17561
G1 X124.64 Y205.237 E.25014
G1 X118.388 Y205.237 E.21162
G1 X113.163 Y210.463 E.25014
G1 X118.351 Y210.463 E.17561
G1 X113.126 Y205.237 E.25014
G1 X106.874 Y205.237 E.21162
G1 X101.649 Y210.463 E.25014
G1 X106.837 Y210.463 E.17561
G1 X101.612 Y205.237 E.25014
G1 X95.36 Y205.237 E.21162
G1 X90.135 Y210.463 E.25014
G1 X95.323 Y210.463 E.17561
G1 X90.098 Y205.237 E.25014
G1 X83.846 Y205.237 E.21162
G1 X78.621 Y210.463 E.25014
G1 X83.809 Y210.463 E.17561
G1 X78.584 Y205.237 E.25014
G1 X72.332 Y205.237 E.21162
G1 X67.107 Y210.463 E.25014
G1 X72.295 Y210.463 E.17561
G1 X67.07 Y205.237 E.25014
G1 X60.818 Y205.237 E.21162
G1 X56.937 Y209.118 E.18578
G1 X56.937 Y206.619 E.08459
G1 X60.781 Y210.463 E.18401
G1 X63.224 Y210.463 E.08269
G1 E-2 F2400
G1 X56.999 Y204.769 F7800
G1 E2 F2400
;TYPE:Solid infill
;WIDTH:0.573334
G1 F1200
G1 X163.001 Y204.769 E4.67512
;LAYER_CHANGE
;Z:7.8
;HEIGHT:0.2
G1 E-2 F2400
G1 Z7.8 F7800
G1 X56.632 Y211.182
G1 E2 F2400
;TYPE:Perimeter
;WIDTH:0.449999
G1 F3600
G1 X56.632 Y204.518 E.22557
G1 X163.368 Y204.518 E3.61288
G1 X163.368 Y211.182 E.22557
G1 X56.692 Y211.182 E3.61085
G1 X56.225 Y211.589 F7800
;TYPE:External perimeter
G1 F1800
G1 X56.225 Y204.111 E.25312
G1 X163.775 Y204.111 E3.64043
G1 X163.775 Y211.589 E.25312
G1 X56.285 Y211.589 E3.6384
G1 X56.226 Y211.193 F7800
G1 X57.023 Y210.791
;TYPE:Solid infill
;WIDTH:0.621138
G1 F1200
G1 X162.977 Y210.791 E5.09416
G1 E-2 F2400
G1 X156.941 Y210.298 F7800
G1 E2 F2400
;TYPE:Internal infill
;WIDTH:0.45
G1 F4800
G1 X159.383 Y210.298 E.08266
G1 X163.063 Y206.619 E.17614
G1 X163.063 Y209.118 E.08459
G1 X159.346 Y205.402 E.17791
G1 X152.766 Y205.402 E.22273
G1 X147.869 Y210.298 E.23439
G1 X152.729 Y210.298 E.16451
G1 X147.832 Y205.402 E.23439
G1 X141.252 Y205.402 E.22273
G1 X136.355 Y210.298 E.23439
G1 X141.215 Y210.298 E.16451
G1 X136.318 Y205.402 E.23439
G1 X129.738 Y205.402 E.22273
G1 X124.841 Y210.298 E.23439
G1 X129.701 Y210.298 E.16451
G1 X124.804 Y205.402 E.23439
G1 X118.224 Y205.402 E.22273
G1 X113.327 Y210.298 E.23439
G1 X118.187 Y210.298 E.16451
G1 X113.29 Y205.402 E.23439
G1 X106.71 Y205.402 E.22273
G1 X101.813 Y210.298 E.23439
G1 X106.673 Y210.298 E.16451
G1 X101.776 Y205.402 E.23439
G1 X95.196 Y205.402 E.22273
G1 X90.299 Y210.298 E.23439
G1 X95.159 Y210.298 E.16451
G1 X90.262 Y205.402 E.23439
G1 X83.682 Y205.402 E.22273
G1 X78.785 Y210.298 E.23439
G1 X83.645 Y210.298 E.16451
G1 X78.748 Y205.402 E.23439
G1 X72.168 Y205.402 E.22273
G1 X67.271 Y210.298 E.23439
G1 X72.131 Y210.298 E.16451
G1 X67.234 Y205.402 E.23439
G1 X60.654 Y205.402 E.22273
G1 X56.937 Y209.118 E.17791
G1 X56.937 Y206.619 E.08459
G1 X60.617 Y210.298 E.17614
G1 X63.059 Y210.298 E.08266
G1 E-2 F2400
G1 X57.023 Y204.909 F7800
G1 E2 F2400
;TYPE:Solid infill
;WIDTH:0.621136
G1 F1200
G1 X162.977 Y204.909 E5.09415
M106 S158.1
;LAYER_CHANGE
;Z:8
;HEIGHT:0.2
G1 E-2 F2400
G1 Z8 F7800
G1 X56.632 Y211.018
G1 E2 F2400
;TYPE:Perimeter
;WIDTH:0.449999
G1 F3600
G1 X56.632 Y204.682 E.21447
G1 X163.368 Y204.682 E3.61288
G1 X163.368 Y211.018 E.21447
G1 X56.692 Y211.018 E3.61085
G1 X56.225 Y211.425 F7800
;TYPE:External perimeter
G1 F1800
G1 X56.225 Y204.275 E.24202
G1 X163.775 Y204.275 E3.64043
G1 X163.775 Y211.425 E.24202
G1 X56.285 Y211.425 E3.6384
G1 X56.226 Y211.029 F7800
G1 E-2 F2400
G1 X62.853 Y210.092 F7800
G1 E2 F2400
;TYPE:Internal infill
;WIDTH:0.45
G1 F4800
G1 X60.411 Y210.092 E.08266
G1 X56.937 Y206.619 E.16627
G1 X56.937 Y209.118 E.08459
G1 X60.448 Y205.608 E.16805
G1 X67.441 Y205.608 E.2367
G1 X71.925 Y210.092 E.21465
G1 X67.478 Y210.092 E.15053
G1 X71.962 Y205.608 E.21465
G1 X78.955 Y205.608 E.2367
G1 X83.439 Y210.092 E.21465
G1 X78.992 Y210.092 E.15053
G1 X83.476 Y205.608 E.21465
G1 X90.468 Y205.608 E.23667
G1 X94.953 Y210.092 E.21467
G1 X90.506 Y210.092 E.15053
G1 X94.99 Y205.608 E.21465
G1 X101.982 Y205.608 E.23667
G1 X106.466 Y210.092 E.21465
G1 X102.02 Y210.092 E.15049
G1 X106.504 Y205.608 E.21465
G1 X113.496 Y205.608 E.23667
G1 X117.98 Y210.092 E.21465
G1 X113.533 Y210.092 E.15053
G1 X118.018 Y205.608 E.21467
G1 X125.01 Y205.608 E.23667
G1 X129.494 Y210.092 E.21465
G1 X125.047 Y210.092 E.15053
G1 X129.532 Y205.608 E.21467
G1 X136.524 Y205.608 E.23667
G1 X141.008 Y210.092 E.21465
G1 X136.561 Y210.092 E.15053
G1 X141.045 Y205.608 E.21465
G1 X148.038 Y205.608 E.2367
G1 X152.522 Y210.092 E.21465
G1 X148.075 Y210.092 E.15053
G1 X152.559 Y205.608 E.21465
G1 X159.552 Y205.608 E.2367
G1 X163.063 Y209.118 E.16805
G1 X163.063 Y206.619 E.08459
G1 X159.589 Y210.092 E.16627
G1 X157.147 Y210.092 E.08266
G1 E-2 F2400
G1 X163.111 Y210.451 F7800
G1 E2 F2400
;TYPE:Solid infill
;WIDTH:0.353046
G1 F1200
G1 X163.111 Y210.761 E.00799
G1 X56.889 Y210.761 E2.73916
G1 X56.889 Y210.451 E.00799
G1 X162.908 Y210.451 E2.73392
G1 E-2 F2400
G1 X163.111 Y204.939 F7800
G1 E2 F2400
;WIDTH:0.353048
G1 F1200
G1 X163.111 Y205.249 E.00799
G1 X56.889 Y205.249 E2.73917
G1 X56.889 Y204.939 E.00799
G1 X162.908 Y204.939 E2.73394
;LAYER_CHANGE
;Z:8.2
;HEIGHT:0.2
G1 E-2 F2400
G1 Z8.2 F7800
G1 X56.632 Y210.853
G1 E2 F2400
;TYPE:Perimeter
;WIDTH:0.449999
G1 F3600
G1 X56.632 Y204.847 E.2033
G1 X163.368 Y204.847 E3.61288
G1 X163.368 Y210.853 E.2033
G1 X56.692 Y210.853 E3.61085
G1 X56.225 Y211.26 F7800
;TYPE:External perimeter
G1 F1800
G1 X56.225 Y204.44 E.23085
G1 X163.775 Y204.44 E3.64043
G1 X163.775 Y211.26 E.23085
G1 X56.285 Y211.26 E3.6384
G1 X56.226 Y210.865 F7800
G1 X56.909 Y210.577
;TYPE:Solid infill
;WIDTH:0.392704
G1 F1200
G1 X56.909 Y210.227 E.01018
G1 X163.091 Y210.227 E3.08827
G1 X163.091 Y210.577 E.01018
G1 X57.112 Y210.577 E3.08236
G1 E-2 F2400
G1 X56.909 Y205.123 F7800
G1 E2 F2400
;WIDTH:0.392705
G1 F1200
G1 X163.091 Y205.123 E3.08828
G1 X163.091 Y205.473 E.01018
G1 X56.909 Y205.473 E3.08828
G1 X56.909 Y205.327 E.00425
G1 E-2 F2400
G1 X62.61 Y209.848 F7800
G1 E2 F2400
;TYPE:Internal infill
;WIDTH:0.45
G1 F4800
G1 X60.167 Y209.848 E.08269
G1 X56.937 Y206.619 E.15459
G1 X56.937 Y209.118 E.08459
G1 X60.204 Y205.852 E.15637
G1 X67.684 Y205.852 E.25319
G1 X71.681 Y209.848 E.19131
G1 X67.721 Y209.848 E.13404
G1 X71.718 Y205.852 E.19131
G1 X79.198 Y205.852 E.25319
G1 X83.195 Y209.848 E.19131
G1 X79.235 Y209.848 E.13404
G1 X83.232 Y205.852 E.19131
G1 X90.712 Y205.852 E.25319
G1 X94.709 Y209.848 E.19131
G1 X90.749 Y209.848 E.13404
G1 X94.746 Y205.852 E.19131
G1 X102.226 Y205.852 E.25319
G1 X106.223 Y209.848 E.19131
G1 X102.263 Y209.848 E.13404
G1 X106.26 Y205.852 E.19131
G1 X113.74 Y205.852 E.25319
G1 X117.737 Y209.848 E.19131
G1 X113.777 Y209.848 E.13404
G1 X117.774 Y205.852 E.19131
G1 X125.254 Y205.852 E.25319
G1 X129.251 Y209.848 E.19131
G1 X125.291 Y209.848 E.13404
G1 X129.288 Y205.852 E.19131
G1 X136.768 Y205.852 E.25319
G1 X140.765 Y209.848 E.19131
G1 X136.805 Y209.848 E.13404
G1 X140.802 Y205.852 E.19131
G1 X148.282 Y205.852 E.25319
G1 X152.279 Y209.848 E.19131
G1 X148.319 Y209.848 E.13404
G1 X152.316 Y205.852 E.19131
G1 X159.796 Y205.852 E.25319
G1 X163.063 Y209.118 E.15637
G1 X163.063 Y206.619 E.08459
G1 X159.833 Y209.848 E.15459
G1 X157.39 Y209.848 E.08269
;LAYER_CHANGE
;Z:8.4
;HEIGHT:0.2
G1 E-2 F2400
G1 Z8.4 F7800
G1 X56.632 Y210.689
G1 E2 F2400
;TYPE:Perimeter
;WIDTH:0.449999
G1 F3600
G1 X56.632 Y205.011 E.19219
G1 X163.368 Y205.011 E3.61288
G1 X163.368 Y210.689 E.19219
G1 X56.692 Y210.689 E3.61085
G1 X56.225 Y211.096 F7800
;TYPE:External perimeter
G1 F1800
G1 X56.225 Y204.604 E.21975
G1 X163.775 Y204.604 E3.64043
G1 X163.775 Y211.096 E.21975
G1 X56.285 Y211.096 E3.6384
G1 X56.226 Y210.701 F7800
G1 E-2 F2400
G1 X62.366 Y209.605 F7800
G1 E2 F2400
;TYPE:Internal infill
;WIDTH:0.45
G1 F4800
G1 X59.924 Y209.605 E.08266
G1 X56.937 Y206.619 E.14296
G1 X56.937 Y209.118 E.08459
G1 X59.961 Y206.095 E.14473
G1 X67.928 Y206.095 E.26967
G1 X71.438 Y209.605 E.16802
G1 X67.965 Y209.605 E.11756
G1 X71.475 Y206.095 E.16802
G1 X79.442 Y206.095 E.26967
G1 X82.951 Y209.605 E.168
G1 X79.479 Y209.605 E.11752
G1 X82.989 Y206.095 E.16802
G1 X90.956 Y206.095 E.26967
G1 X94.465 Y209.605 E.168
G1 X90.993 Y209.605 E.11752
G1 X94.503 Y206.095 E.16802
G1 X102.47 Y206.095 E.26967
G1 X105.979 Y209.605 E.168
G1 X102.507 Y209.605 E.11752
G1 X106.017 Y206.095 E.16802
G1 X113.983 Y206.095 E.26964
G1 X117.493 Y209.605 E.16802
G1 X114.021 Y209.605 E.11752
G1 X117.53 Y206.095 E.168
G1 X125.497 Y206.095 E.26967
G1 X129.007 Y209.605 E.16802
G1 X125.535 Y209.605 E.11752
G1 X129.044 Y206.095 E.168
G1 X137.011 Y206.095 E.26967
G1 X140.521 Y209.605 E.16802
G1 X137.049 Y209.605 E.11752
G1 X140.558 Y206.095 E.168
G1 X148.525 Y206.095 E.26967
G1 X152.035 Y209.605 E.16802
G1 X148.562 Y209.605 E.11756
G1 X152.072 Y206.095 E.16802
G1 X160.039 Y206.095 E.26967
G1 X163.063 Y209.118 E.14473
G1 X163.063 Y206.619 E.08459
G1 X160.076 Y209.605 E.14296
G1 X157.634 Y209.605 E.08266
G1 E-2 F2400
G1 X163.071 Y210.003 F7800
G1 E2 F2400
;TYPE:Solid infill
;WIDTH:0.432361
G1 F1200
G1 X163.071 Y210.393 E.01263
G1 X56.929 Y210.393 E3.43711
G1 X56.929 Y210.003 E.01263
G1 X162.868 Y210.003 E3.43053
G1 E-2 F2400
G1 X163.071 Y205.307 F7800
G1 E2 F2400
;WIDTH:0.432364
G1 F1200
G1 X163.071 Y205.697 E.01263
G1 X56.929 Y205.697 E3.43713
G1 X56.929 Y205.307 E.01263
G1 X162.868 Y205.307 E3.43056
M106 S160.65
;LAYER_CHANGE
;Z:8.6
;HEIGHT:0.200001
G1 E-2 F2400
G1 Z8.6 F7800
G1 X56.632 Y210.483
G1 E2 F2400
;TYPE:Perimeter
;WIDTH:0.449999
G1 F3600
G1 X56.632 Y205.217 E.17825
G1 X163.368 Y205.217 E3.61288
G1 X163.368 Y210.483 E.17825
G1 X56.692 Y210.483 E3.61085
G1 X56.225 Y210.89 F7800
;TYPE:External perimeter
G1 F1800
G1 X56.225 Y204.81 E.2058
G1 X163.775 Y204.81 E3.64043
G1 X163.775 Y210.89 E.2058
G1 X56.285 Y210.89 E3.6384
G1 X56.226 Y210.494 F7800
G1 X56.956 Y210.159
;TYPE:Solid infill
;WIDTH:0.486514
G1 F1200
G1 X56.956 Y209.716 E.01634
G1 X163.044 Y209.716 E3.91306
G1 X163.044 Y210.159 E.01634
G1 X57.159 Y210.159 E3.90557
G1 E-2 F2400
G1 X56.956 Y205.541 F7800
G1 E2 F2400
;WIDTH:0.486517
G1 F1200
G1 X163.044 Y205.541 E3.91308
G1 X163.044 Y205.984 E.01634
G1 X56.956 Y205.984 E3.91308
G1 X56.956 Y205.744 E.00885
G1 E-2 F2400
G1 X62.051 Y209.29 F7800
G1 E2 F2400
;TYPE:Internal infill
;WIDTH:0.45
G1 F4800
G1 X59.609 Y209.29 E.08266
G1 X56.937 Y206.619 E.12788
G1 X56.937 Y209.118 E.08459
G1 X59.646 Y206.41 E.12965
G1 X68.242 Y206.41 E.29096
G1 X71.123 Y209.29 E.13789
G1 X68.279 Y209.29 E.09627
G1 X71.16 Y206.41 E.13789
G1 X79.756 Y206.41 E.29096
G1 X82.637 Y209.29 E.13789
G1 X79.793 Y209.29 E.09627
G1 X82.674 Y206.41 E.13789
G1 X91.27 Y206.41 E.29096
G1 X94.151 Y209.29 E.13789
G1 X91.307 Y209.29 E.09627
G1 X94.188 Y206.41 E.13789
G1 X102.784 Y206.41 E.29096
G1 X105.665 Y209.29 E.13789
G1 X102.821 Y209.29 E.09627
G1 X105.702 Y206.41 E.13789
G1 X114.298 Y206.41 E.29096
G1 X117.179 Y209.29 E.13789
G1 X114.335 Y209.29 E.09627
G1 X117.216 Y206.41 E.13789
G1 X125.812 Y206.41 E.29096
G1 X128.693 Y209.29 E.13789
G1 X125.849 Y209.29 E.09627
G1 X128.73 Y206.41 E.13789
G1 X137.326 Y206.41 E.29096
G1 X140.207 Y209.29 E.13789
G1 X137.363 Y209.29 E.09627
G1 X140.244 Y206.41 E.13789
G1 X148.84 Y206.41 E.29096
G1 X151.721 Y209.29 E.13789
G1 X148.877 Y209.29 E.09627
G1 X151.758 Y206.41 E.13789
G1 X160.354 Y206.41 E.29096
G1 X163.063 Y209.118 E.12965
G1 X163.063 Y206.619 E.08459
G1 X160.391 Y209.29 E.12788
G1 X157.949 Y209.29 E.08266
;LAYER_CHANGE
;Z:8.8
;HEIGHT:0.2
G1 E-2 F2400
G1 Z8.8 F7800
G1 X56.632 Y210.239
G1 E2 F2400
;TYPE:Perimeter
;WIDTH:0.449999
G1 F3600
G1 X56.632 Y205.461 E.16173
G1 X163.368 Y205.461 E3.61288
G1 X163.368 Y210.239 E.16173
G1 X56.692 Y210.239 E3.61085
G1 X56.225 Y210.646 F7800
;TYPE:External perimeter
G1 F1800
G1 X56.225 Y205.054 E.18928
G1 X163.775 Y205.054 E3.64043
G1 X163.775 Y210.646 E.18928
G1 X56.285 Y210.646 E3.6384
G1 X56.226 Y210.251 F7800
G1 X56.937 Y208.915
;TYPE:Internal infill
;WIDTH:0.45
G1 F4800
G1 X56.937 Y206.784 E.07213
G1 X57.102 Y206.784 E.00559
G1 X59.235 Y208.916 E.10208
G1 X57.139 Y208.916 E.07095
G1 X59.272 Y206.784 E.10208
G1 X68.616 Y206.784 E.31628
G1 X70.749 Y208.916 E.10208
G1 X68.653 Y208.916 E.07095
G1 X70.786 Y206.784 E.10208
G1 X80.13 Y206.784 E.31628
G1 X82.263 Y208.916 E.10208
G1 X80.167 Y208.916 E.07095
G1 X82.3 Y206.784 E.10208
G1 X91.644 Y206.784 E.31628
G1 X93.777 Y208.916 E.10208
G1 X91.681 Y208.916 E.07095
G1 X93.814 Y206.784 E.10208
G1 X103.158 Y206.784 E.31628
G1 X105.291 Y208.916 E.10208
G1 X103.195 Y208.916 E.07095
G1 X105.328 Y206.784 E.10208
G1 X114.672 Y206.784 E.31628
G1 X116.805 Y208.916 E.10208
G1 X114.709 Y208.916 E.07095
G1 X116.842 Y206.784 E.10208
G1 X126.186 Y206.784 E.31628
G1 X128.319 Y208.916 E.10208
G1 X126.223 Y208.916 E.07095
G1 X128.356 Y206.784 E.10208
G1 X137.7 Y206.784 E.31628
G1 X139.833 Y208.916 E.10208
G1 X137.737 Y208.916 E.07095
G1 X139.87 Y206.784 E.10208
G1 X149.214 Y206.784 E.31628
G1 X151.347 Y208.916 E.10208
G1 X149.251 Y208.916 E.07095
G1 X151.384 Y206.784 E.10208
G1 X160.728 Y206.784 E.31628
G1 X162.861 Y208.916 E.10208
G1 X160.765 Y208.916 E.07095
G1 X162.898 Y206.784 E.10208
G1 X163.063 Y206.784 E.00559
G1 X163.063 Y208.915 E.07213
G1 X163.012 Y209.374 F7800
;TYPE:Solid infill
;WIDTH:0.551674
G1 F1200
G1 X163.012 Y209.883 E.02153
G1 X56.988 Y209.883 E4.48514
G1 X56.988 Y209.374 E.02153
G1 X162.808 Y209.374 E4.47651
G1 E-2 F2400
G1 X163.012 Y205.817 F7800
G1 E2 F2400
;WIDTH:0.551676
G1 F1200
G1 X163.012 Y206.326 E.02153
G1 X56.988 Y206.326 E4.48516
G1 X56.988 Y205.817 E.02153
G1 X162.808 Y205.817 E4.47653
M106 S130.05
;LAYER_CHANGE
;Z:9
;HEIGHT:0.2
G1 E-2 F2400
G1 Z9 F7800
G1 X56.632 Y209.996
G1 E2 F2400
;TYPE:Perimeter
;WIDTH:0.449999
G1 F3600
G1 X56.632 Y205.704 E.14528
G1 X163.368 Y205.704 E3.61288
G1 X163.368 Y209.996 E.14528
G1 X56.692 Y209.996 E3.61085
G1 X56.225 Y210.403 F7800
;TYPE:External perimeter
G1 F1800
G1 X56.225 Y205.297 E.17283
G1 X163.775 Y205.297 E3.64043
G1 X163.775 Y210.403 E.17283
G1 X56.285 Y210.403 E3.6384
G1 X56.226 Y210.007 F7800
G1 X56.937 Y209.69
;TYPE:Solid infill
G1 F1200
G1 X56.937 Y208.857 E.0282
G1 X163.063 Y208.857 E3.59223
G1 X163.063 Y209.69 E.0282
G1 X57.141 Y209.69 E3.58533
G1 X57.354 Y209.274 E.01582
;WIDTH:0.46961
G1 X162.646 Y209.274 E3.7357
G1 X162.597 Y208.45 F7800
;TYPE:Internal infill
;WIDTH:0.45
G1 F4800
G1 X163.063 Y208.45 E.01577
G1 X163.063 Y207.25 E.04062
G1 X162.431 Y207.25 E.02139
G1 X161.232 Y208.45 E.05742
G1 X162.394 Y208.45 E.03933
G1 X161.195 Y207.25 E.05742
G1 X150.917 Y207.25 E.3479
G1 X149.718 Y208.45 E.05742
G1 X150.88 Y208.45 E.03933
G1 X149.681 Y207.25 E.05742
G1 X139.403 Y207.25 E.3479
G1 X138.204 Y208.45 E.05742
G1 X139.366 Y208.45 E.03933
G1 X138.167 Y207.25 E.05742
G1 X127.889 Y207.25 E.3479
G1 X126.69 Y208.45 E.05742
G1 X127.852 Y208.45 E.03933
G1 X126.653 Y207.25 E.05742
G1 X116.375 Y207.25 E.3479
G1 X115.176 Y208.45 E.05742
G1 X116.338 Y208.45 E.03933
G1 X115.139 Y207.25 E.05742
G1 X104.861 Y207.25 E.3479
G1 X103.662 Y208.45 E.05742
G1 X104.824 Y208.45 E.03933
G1 X103.625 Y207.25 E.05742
G1 X93.347 Y207.25 E.3479
G1 X92.148 Y208.45 E.05742
G1 X93.31 Y208.45 E.03933
G1 X92.111 Y207.25 E.05742
G1 X81.833 Y207.25 E.3479
G1 X80.634 Y208.45 E.05742
G1 X81.796 Y208.45 E.03933
G1 X80.597 Y207.25 E.05742
G1 X70.319 Y207.25 E.3479
G1 X69.12 Y208.45 E.05742
G1 X70.282 Y208.45 E.03933
G1 X69.083 Y207.25 E.05742
G1 X58.805 Y207.25 E.3479
G1 X57.606 Y208.45 E.05742
G1 X58.768 Y208.45 E.03933
G1 X57.569 Y207.25 E.05742
G1 X56.937 Y207.25 E.02139
G1 X56.937 Y208.45 E.04062
G1 X57.403 Y208.45 E.01577
G1 E-2 F2400
G1 X56.937 Y206.213 F7800
G1 E2 F2400
;TYPE:Solid infill
;WIDTH:0.449999
G1 F1200
G1 X56.937 Y206.843 E.02132
G1 X163.063 Y206.843 E3.59223
G1 X163.063 Y206.01 E.0282
G1 X56.937 Y206.01 E3.59223
G1 X57.354 Y206.426 E.01994
;WIDTH:0.46961
G1 X162.646 Y206.426 E3.7357
M106 S94.35
;LAYER_CHANGE
;Z:9.2
;HEIGHT:0.2
G1 E-2 F2400
G1 Z9.2 F7800
G1 X56.632 Y209.681
G1 E2 F2400
;TYPE:Perimeter
;WIDTH:0.449999
G1 F3600
G1 X56.632 Y206.019 E.12395
G1 X163.368 Y206.019 E3.61288
G1 X163.368 Y209.681 E.12395
G1 X56.692 Y209.681 E3.61085
G1 X56.225 Y210.088 F7800
;TYPE:External perimeter
G1 F1800
G1 X56.225 Y205.612 E.15151
G1 X163.775 Y205.612 E3.64043
G1 X163.775 Y210.088 E.15151
G1 X56.285 Y210.088 E3.6384
G1 X56.226 Y209.693 F7800
G1 E-2 F2400
G1 X57.048 Y206.357 F7800
G1 E2 F2400
;TYPE:Solid infill
;WIDTH:0.548766
G1 F1200
G1 X57.003 Y206.312 E.00268
G1 X56.942 Y206.329 E.00266
G1 X56.926 Y206.39 E.00265
G1 X56.97 Y206.435 E.00265
G1 X57.031 Y206.418 E.00266
;WIDTH:0.449999
G1 X56.937 Y207.068 E.02223
G1 X57.682 Y206.324 E.03564
G1 X58.257 Y206.324 E.01946
G1 X56.937 Y207.644 E.06319
G1 X56.937 Y208.22 E.0195
G1 X58.833 Y206.324 E.09076
G1 X59.409 Y206.324 E.0195
G1 X56.937 Y208.796 E.11833
G1 X56.937 Y209.371 E.01946
G1 X59.984 Y206.324 E.14586
G1 X60.56 Y206.324 E.0195
G1 X57.508 Y209.376 E.1461
G1 X58.084 Y209.376 E.0195
G1 X61.136 Y206.324 E.1461
G1 X61.712 Y206.324 E.0195
G1 X58.66 Y209.376 E.1461
G1 X59.236 Y209.376 E.0195
G1 X62.287 Y206.324 E.14607
G1 X62.863 Y206.324 E.0195
G1 X59.811 Y209.376 E.1461
G1 X60.387 Y209.376 E.0195
G1 X63.439 Y206.324 E.1461
G1 X64.014 Y206.324 E.01946
G1 X60.963 Y209.376 E.14607
G1 X61.538 Y209.376 E.01946
G1 X64.59 Y206.324 E.1461
G1 X65.166 Y206.324 E.0195
G1 X62.114 Y209.376 E.1461
G1 X62.69 Y209.376 E.0195
G1 X65.741 Y206.324 E.14607
G1 X66.317 Y206.324 E.0195
G1 X63.265 Y209.376 E.1461
G1 X63.841 Y209.376 E.0195
G1 X66.893 Y206.324 E.1461
G1 X67.469 Y206.324 E.0195
G1 X64.417 Y209.376 E.1461
G1 X64.993 Y209.376 E.0195
G1 X68.044 Y206.324 E.14607
G1 X68.62 Y206.324 E.0195
G1 X65.568 Y209.376 E.1461
G1 X66.144 Y209.376 E.0195
G1 X69.196 Y206.324 E.1461
G1 X69.771 Y206.324 E.01946
G1 X66.72 Y209.376 E.14607
G1 X67.295 Y209.376 E.01946
G1 X70.347 Y206.324 E.1461
G1 X70.923 Y206.324 E.0195
G1 X67.871 Y209.376 E.1461
G1 X68.447 Y209.376 E.0195
G1 X71.498 Y206.324 E.14607
G1 X72.074 Y206.324 E.0195
G1 X69.022 Y209.376 E.1461
G1 X69.598 Y209.376 E.0195
G1 X72.65 Y206.324 E.1461
G1 X73.226 Y206.324 E.0195
G1 X70.174 Y209.376 E.1461
G1 X70.75 Y209.376 E.0195
G1 X73.801 Y206.324 E.14607
G1 X74.377 Y206.324 E.0195
G1 X71.325 Y209.376 E.1461
G1 X71.901 Y209.376 E.0195
G1 X74.953 Y206.324 E.1461
G1 X75.528 Y206.324 E.01946
G1 X72.477 Y209.376 E.14607
G1 X73.052 Y209.376 E.01946
G1 X76.104 Y206.324 E.1461
G1 X76.68 Y206.324 E.0195
G1 X73.628 Y209.376 E.1461
G1 X74.204 Y209.376 E.0195
G1 X77.255 Y206.324 E.14607
G1 X77.831 Y206.324 E.0195
G1 X74.779 Y209.376 E.1461
G1 X75.355 Y209.376 E.0195
G1 X78.407 Y206.324 E.1461
G1 X78.982 Y206.324 E.01946
G1 X75.931 Y209.376 E.14607
G1 X76.506 Y209.376 E.01946
G1 X79.558 Y206.324 E.1461
G1 X80.134 Y206.324 E.0195
G1 X77.082 Y209.376 E.1461
G1 X77.658 Y209.376 E.0195
G1 X80.71 Y206.324 E.1461
G1 X81.285 Y206.324 E.01946
G1 X78.234 Y209.376 E.14607
G1 X78.809 Y209.376 E.01946
G1 X81.861 Y206.324 E.1461
G1 X82.437 Y206.324 E.0195
G1 X79.385 Y209.376 E.1461
G1 X79.961 Y209.376 E.0195
G1 X83.012 Y206.324 E.14607
G1 X83.588 Y206.324 E.0195
G1 X80.536 Y209.376 E.1461
G1 X81.112 Y209.376 E.0195
G1 X84.164 Y206.324 E.1461
G1 X84.739 Y206.324 E.01946
G1 X81.688 Y209.376 E.14607
G1 X82.263 Y209.376 E.01946
G1 X85.315 Y206.324 E.1461
G1 X85.891 Y206.324 E.0195
G1 X82.839 Y209.376 E.1461
G1 X83.415 Y209.376 E.0195
G1 X86.467 Y206.324 E.1461
G1 X87.042 Y206.324 E.01946
G1 X83.991 Y209.376 E.14607
G1 X84.566 Y209.376 E.01946
G1 X87.618 Y206.324 E.1461
G1 X88.194 Y206.324 E.0195
G1 X85.142 Y209.376 E.1461
G1 X85.718 Y209.376 E.0195
G1 X88.769 Y206.324 E.14607
G1 X89.345 Y206.324 E.0195
G1 X86.293 Y209.376 E.1461
G1 X86.869 Y209.376 E.0195
G1 X89.921 Y206.324 E.1461
G1 X90.496 Y206.324 E.01946
G1 X87.445 Y209.376 E.14607
G1 X88.02 Y209.376 E.01946
G1 X91.072 Y206.324 E.1461
G1 X91.648 Y206.324 E.0195
G1 X88.596 Y209.376 E.1461
G1 X89.172 Y209.376 E.0195
G1 X92.224 Y206.324 E.1461
G1 X92.799 Y206.324 E.01946
G1 X89.748 Y209.376 E.14607
G1 X90.323 Y209.376 E.01946
G1 X93.375 Y206.324 E.1461
G1 X93.951 Y206.324 E.0195
G1 X90.899 Y209.376 E.1461
G1 X91.475 Y209.376 E.0195
G1 X94.526 Y206.324 E.14607
G1 X95.102 Y206.324 E.0195
G1 X92.05 Y209.376 E.1461
G1 X92.626 Y209.376 E.0195
G1 X95.678 Y206.324 E.1461
G1 X96.253 Y206.324 E.01946
G1 X93.202 Y209.376 E.14607
G1 X93.777 Y209.376 E.01946
G1 X96.829 Y206.324 E.1461
G1 X97.405 Y206.324 E.0195
G1 X94.353 Y209.376 E.1461
G1 X94.929 Y209.376 E.0195
G1 X97.98 Y206.324 E.14607
G1 X98.556 Y206.324 E.0195
G1 X95.504 Y209.376 E.1461
G1 X96.08 Y209.376 E.0195
G1 X99.132 Y206.324 E.1461
G1 X99.708 Y206.324 E.0195
G1 X96.656 Y209.376 E.1461
G1 X97.232 Y209.376 E.0195
G1 X100.283 Y206.324 E.14607
G1 X100.859 Y206.324 E.0195
G1 X97.807 Y209.376 E.1461
G1 X98.383 Y209.376 E.0195
G1 X101.435 Y206.324 E.1461
G1 X102.01 Y206.324 E.01946
G1 X98.959 Y209.376 E.14607
G1 X99.534 Y209.376 E.01946
G1 X102.586 Y206.324 E.1461
G1 X103.162 Y206.324 E.0195
G1 X100.11 Y209.376 E.1461
G1 X100.686 Y209.376 E.0195
G1 X103.737 Y206.324 E.14607
G1 X104.313 Y206.324 E.0195
G1 X101.261 Y209.376 E.1461
G1 X101.837 Y209.376 E.0195
G1 X104.889 Y206.324 E.1461
G1 X105.465 Y206.324 E.0195
G1 X102.413 Y209.376 E.1461
G1 X102.989 Y209.376 E.0195
G1 X106.04 Y206.324 E.14607
G1 X106.616 Y206.324 E.0195
G1 X103.564 Y209.376 E.1461
G1 X104.14 Y209.376 E.0195
G1 X107.192 Y206.324 E.1461
G1 X107.767 Y206.324 E.01946
G1 X104.716 Y209.376 E.14607
G1 X105.291 Y209.376 E.01946
G1 X108.343 Y206.324 E.1461
G1 X108.919 Y206.324 E.0195
G1 X105.867 Y209.376 E.1461
G1 X106.443 Y209.376 E.0195
G1 X109.494 Y206.324 E.14607
G1 X110.07 Y206.324 E.0195
G1 X107.018 Y209.376 E.1461
G1 X107.594 Y209.376 E.0195
G1 X110.646 Y206.324 E.1461
G1 X111.222 Y206.324 E.0195
G1 X108.17 Y209.376 E.1461
G1 X108.745 Y209.376 E.01946
G1 X111.797 Y206.324 E.1461
G1 X112.373 Y206.324 E.0195
G1 X109.321 Y209.376 E.1461
G1 X109.897 Y209.376 E.0195
G1 X112.949 Y206.324 E.1461
G1 X113.524 Y206.324 E.01946
G1 X110.473 Y209.376 E.14607
G1 X111.048 Y209.376 E.01946
G1 X114.1 Y206.324 E.1461
G1 X114.676 Y206.324 E.0195
G1 X111.624 Y209.376 E.1461
G1 X112.2 Y209.376 E.0195
G1 X115.251 Y206.324 E.14607
G1 X115.827 Y206.324 E.0195
G1 X112.775 Y209.376 E.1461
G1 X113.351 Y209.376 E.0195
G1 X116.403 Y206.324 E.1461
G1 X116.978 Y206.324 E.01946
G1 X113.927 Y209.376 E.14607
G1 X114.502 Y209.376 E.01946
G1 X117.554 Y206.324 E.1461
G1 X118.13 Y206.324 E.0195
G1 X115.078 Y209.376 E.1461
G1 X115.654 Y209.376 E.0195
G1 X118.706 Y206.324 E.1461
G1 X119.281 Y206.324 E.01946
G1 X116.23 Y209.376 E.14607
G1 X116.805 Y209.376 E.01946
G1 X119.857 Y206.324 E.1461
G1 X120.433 Y206.324 E.0195
G1 X117.381 Y209.376 E.1461
G1 X117.957 Y209.376 E.0195
G1 X121.008 Y206.324 E.14607
G1 X121.584 Y206.324 E.0195
G1 X118.532 Y209.376 E.1461
G1 X119.108 Y209.376 E.0195
G1 X122.16 Y206.324 E.1461
G1 X122.735 Y206.324 E.01946
G1 X119.684 Y209.376 E.14607
G1 X120.259 Y209.376 E.01946
G1 X123.311 Y206.324 E.1461
G1 X123.887 Y206.324 E.0195
G1 X120.835 Y209.376 E.1461
G1 X121.411 Y209.376 E.0195
G1 X124.463 Y206.324 E.1461
G1 X125.038 Y206.324 E.01946
G1 X121.987 Y209.376 E.14607
G1 X122.562 Y209.376 E.01946
G1 X125.614 Y206.324 E.1461
G1 X126.19 Y206.324 E.0195
G1 X123.138 Y209.376 E.1461
G1 X123.714 Y209.376 E.0195
G1 X126.765 Y206.324 E.14607
G1 X127.341 Y206.324 E.0195
G1 X124.289 Y209.376 E.1461
G1 X124.865 Y209.376 E.0195
G1 X127.917 Y206.324 E.1461
G1 X128.492 Y206.324 E.01946
G1 X125.441 Y209.376 E.14607
G1 X126.016 Y209.376 E.01946
G1 X129.068 Y206.324 E.1461
G1 X129.644 Y206.324 E.0195
G1 X126.592 Y209.376 E.1461
G1 X127.168 Y209.376 E.0195
G1 X130.219 Y206.324 E.14607
G1 X130.795 Y206.324 E.0195
G1 X127.743 Y209.376 E.1461
G1 X128.319 Y209.376 E.0195
G1 X131.371 Y206.324 E.1461
G1 X131.947 Y206.324 E.0195
G1 X128.895 Y209.376 E.1461
G1 X129.471 Y209.376 E.0195
G1 X132.522 Y206.324 E.14607
G1 X133.098 Y206.324 E.0195
G1 X130.046 Y209.376 E.1461
G1 X130.622 Y209.376 E.0195
G1 X133.674 Y206.324 E.1461
G1 X134.249 Y206.324 E.01946
G1 X131.198 Y209.376 E.14607
G1 X131.773 Y209.376 E.01946
G1 X134.825 Y206.324 E.1461
G1 X135.401 Y206.324 E.0195
G1 X132.349 Y209.376 E.1461
G1 X132.925 Y209.376 E.0195
G1 X135.976 Y206.324 E.14607
G1 X136.552 Y206.324 E.0195
G1 X133.5 Y209.376 E.1461
G1 X134.076 Y209.376 E.0195
G1 X137.128 Y206.324 E.1461
G1 X137.704 Y206.324 E.0195
G1 X134.652 Y209.376 E.1461
G1 X135.228 Y209.376 E.0195
G1 X138.279 Y206.324 E.14607
G1 X138.855 Y206.324 E.0195
G1 X135.803 Y209.376 E.1461
G1 X136.379 Y209.376 E.0195
G1 X139.431 Y206.324 E.1461
G1 X140.006 Y206.324 E.01946
G1 X136.955 Y209.376 E.14607
G1 X137.53 Y209.376 E.01946
G1 X140.582 Y206.324 E.1461
G1 X141.158 Y206.324 E.0195
G1 X138.106 Y209.376 E.1461
G1 X138.682 Y209.376 E.0195
G1 X141.733 Y206.324 E.14607
G1 X142.309 Y206.324 E.0195
G1 X139.257 Y209.376 E.1461
G1 X139.833 Y209.376 E.0195
G1 X142.885 Y206.324 E.1461
G1 X143.461 Y206.324 E.0195
G1 X140.409 Y209.376 E.1461
G1 X140.985 Y209.376 E.0195
G1 X144.036 Y206.324 E.14607
G1 X144.612 Y206.324 E.0195
G1 X141.56 Y209.376 E.1461
G1 X142.136 Y209.376 E.0195
G1 X145.188 Y206.324 E.1461
G1 X145.763 Y206.324 E.01946
G1 X142.712 Y209.376 E.14607
G1 X143.287 Y209.376 E.01946
G1 X146.339 Y206.324 E.1461
G1 X146.915 Y206.324 E.0195
G1 X143.863 Y209.376 E.1461
G1 X144.439 Y209.376 E.0195
G1 X147.49 Y206.324 E.14607
G1 X148.066 Y206.324 E.0195
G1 X145.014 Y209.376 E.1461
G1 X145.59 Y209.376 E.0195
G1 X148.642 Y206.324 E.1461
G1 X149.217 Y206.324 E.01946
G1 X146.166 Y209.376 E.14607
G1 X146.741 Y209.376 E.01946
G1 X149.793 Y206.324 E.1461
G1 X150.369 Y206.324 E.0195
G1 X147.317 Y209.376 E.1461
G1 X147.893 Y209.376 E.0195
G1 X150.945 Y206.324 E.1461
G1 X151.52 Y206.324 E.01946
G1 X148.469 Y209.376 E.14607
G1 X149.044 Y209.376 E.01946
G1 X152.096 Y206.324 E.1461
G1 X152.672 Y206.324 E.0195
G1 X149.62 Y209.376 E.1461
G1 X150.196 Y209.376 E.0195
G1 X153.247 Y206.324 E.14607
G1 X153.823 Y206.324 E.0195
G1 X150.771 Y209.376 E.1461
G1 X151.347 Y209.376 E.0195
G1 X154.399 Y206.324 E.1461
G1 X154.974 Y206.324 E.01946
G1 X151.923 Y209.376 E.14607
G1 X152.498 Y209.376 E.01946
G1 X155.55 Y206.324 E.1461
G1 X156.126 Y206.324 E.0195
G1 X153.074 Y209.376 E.1461
G1 X153.65 Y209.376 E.0195
G1 X156.702 Y206.324 E.1461
G1 X157.277 Y206.324 E.01946
G1 X154.226 Y209.376 E.14607
G1 X154.801 Y209.376 E.01946
G1 X157.853 Y206.324 E.1461
G1 X158.429 Y206.324 E.0195
G1 X155.377 Y209.376 E.1461
G1 X155.953 Y209.376 E.0195
G1 X159.004 Y206.324 E.14607
G1 X159.58 Y206.324 E.0195
G1 X156.528 Y209.376 E.1461
G1 X157.104 Y209.376 E.0195
G1 X160.156 Y206.324 E.1461
G1 X160.731 Y206.324 E.01946
G1 X157.68 Y209.376 E.14607
G1 X158.255 Y209.376 E.01946
G1 X161.307 Y206.324 E.1461
G1 X161.883 Y206.324 E.0195
G1 X158.831 Y209.376 E.1461
G1 X159.407 Y209.376 E.0195
G1 X162.459 Y206.324 E.1461
G1 X163.034 Y206.324 E.01946
G1 X159.983 Y209.376 E.14607
G1 X160.558 Y209.376 E.01946
G1 X163.063 Y206.871 E.11991
G1 X163.063 Y207.447 E.0195
G1 X161.134 Y209.376 E.09234
G1 E-2 F2400
G1 X162.919 Y208.167 F7800
G1 E2 F2400
G1 F1200
G1 X161.71 Y209.376 E.05787
G1 X163.063 Y209.376 E.0458
G1 X163.063 Y208.023 E.0458
M106 S135.15
;LAYER_CHANGE
;Z:9.4
;HEIGHT:0.2
G1 E-2 F2400
G1 Z9.4 F7800
G1 X56.632 Y209.307
G1 E2 F2400
;TYPE:Perimeter
G1 F3600
G1 X56.632 Y206.393 E.09864
G1 X163.368 Y206.393 E3.61288
G1 X163.368 Y209.307 E.09864
G1 X56.692 Y209.307 E3.61085
G1 X56.225 Y209.714 F7800
;TYPE:External perimeter
G1 F1800
G1 X56.225 Y205.986 E.12619
G1 X163.775 Y205.986 E3.64043
G1 X163.775 Y209.714 E.12619
G1 X56.285 Y209.714 E3.6384
G1 X56.226 Y209.319 F7800
G1 E-2 F2400
G1 X56.937 Y206.902 F7800
G1 E2 F2400
;TYPE:Solid infill
G1 F1200
G1 X56.937 Y209.002 E.07108
G1 X163.063 Y209.002 E3.59223
G1 X163.063 Y206.698 E.07799
G1 X56.937 Y206.698 E3.59223
G1 X57.344 Y207.105 E.01948
G1 X162.656 Y207.105 E3.56468
G1 X162.656 Y208.595 E.05043
G1 X57.344 Y208.595 E3.56468
G1 X57.344 Y207.309 E.04353
G1 X57.819 Y207.579 E.01849
;WIDTH:0.58428
G1 X162.181 Y207.579 E4.69778
G1 X162.181 Y208.121 E.0244
G1 X57.819 Y208.121 E4.69778
G1 X57.819 Y207.783 E.01521
M106 S168.3
;LAYER_CHANGE
;Z:9.6
;HEIGHT:0.200001
G1 Z9.6 F7800
G1 X56.632 Y208.84
;TYPE:Perimeter
;WIDTH:0.449999
G1 F3600
G1 X56.632 Y206.86 E.06702
G1 X163.368 Y206.86 E3.61288
G1 X163.368 Y208.84 E.06702
G1 X56.692 Y208.84 E3.61085
G1 X56.225 Y209.247 F7800
;TYPE:External perimeter
G1 F1800
G1 X56.225 Y206.453 E.09457
G1 X163.775 Y206.453 E3.64043
G1 X163.775 Y209.247 E.09457
G1 X56.285 Y209.247 E3.6384
G1 X56.226 Y208.852 F7800
G1 E-2 F2400
G1 X162.859 Y207.165 F7800
G1 E2 F2400
;TYPE:Solid infill
G1 F1200
G1 X56.937 Y207.165 E3.58533
G1 X56.937 Y208.535 E.04637
G1 X163.063 Y208.535 E3.59223
G1 X163.063 Y207.165 E.04637
G1 X162.618 Y207.609 E.02128
;WIDTH:0.524469
G1 X162.618 Y208.091 E.0193
G1 X57.382 Y208.091 E4.21375
G1 X57.382 Y207.609 E.0193
G1 X162.415 Y207.609 E4.20562
M106 S234.6
;LAYER_CHANGE
;Z:9.8
;HEIGHT:0.2
G1 E-2 F2400
G1 Z9.8 F7800
G1 X56.695 Y208.117
G1 E2 F2400
;TYPE:Perimeter
;WIDTH:0.576781
G1 F3600
G1 X56.695 Y207.583 E.0237
G1 X163.305 Y207.583 E4.73249
G1 X163.305 Y208.117 E.0237
G1 X56.755 Y208.117 E4.72983
G1 X56.225 Y208.587 F7800
;TYPE:External perimeter
;WIDTH:0.449999
G1 F1800
G1 X56.225 Y207.113 E.04989
G1 X163.775 Y207.113 E3.64043
G1 X163.775 Y208.587 E.04989
G1 X56.285 Y208.587 E3.6384
G1 X56.226 Y208.192 F7800
G1 E-2 F2400
M107
;TYPE:Custom
; Filament-specific end gcode 
;END gcode for filament
G1 Z11.8 F600
G1 X5 Y176 F12000
M140 S0
M104 S0
M107
M84 X Y E
; objects_info = {"objects":[]}
; filament used [mm] = 26935.60
; filament used [cm3] = 64.79
; filament used [g] = 80.34
; total filament used [g] = 80.34
; total filament cost = 0.00
; total filament used for wipe tower [g] = 0.00
; estimated printing time (normal mode) = 9h 22m 14s
; estimated first layer printing time (normal mode) = 1h 0m 48s

; prusaslicer_config = begin
; arc_fitting = disabled
; autoemit_temperature_commands = 1
; automatic_extrusion_widths = 0
; automatic_infill_combination = 0
; automatic_infill_combination_max_layer_height = 100%
; avoid_crossing_curled_overhangs = 0
; avoid_crossing_perimeters = 0
; avoid_crossing_perimeters_max_detour = 0
; bed_shape = 0x0,220x0,220x220,0x220
; bed_temperature = 55
; bed_temperature_extruder = 0
; before_layer_gcode = 
; between_objects_gcode = 
; binary_gcode = 0
; bottom_fill_pattern = monotonic
; bottom_solid_layers = 3
; bottom_solid_min_thickness = 0
; bridge_acceleration = 0
; bridge_angle = 0
; bridge_fan_speed = 100
; bridge_flow_ratio = 1
; bridge_speed = 60
; brim_separation = 0
; brim_type = outer_only
; brim_width = 0
; chamber_minimal_temperature = 0
; chamber_temperature = 0
; color_change_gcode = M600
; colorprint_heights = 
; complete_objects = 0
; cooling = 1
; cooling_perimeter_transition_distance = 0
; cooling_slowdown_logic = uniform_cooling
; cooling_tube_length = 5
; cooling_tube_retraction = 91.5
; custom_parameters_filament = ""
; custom_parameters_print = 
; custom_parameters_printer = 
; default_acceleration = 0
; deretract_speed = 0
; disable_fan_first_layers = 3
; dont_support_bridges = 1
; draft_shield = disabled
; duplicate_distance = 6
; elefant_foot_compensation = 0
; enable_dynamic_fan_speeds = 0
; enable_dynamic_overhang_speeds = 0
; end_filament_gcode = "; Filament-specific end gcode \n;END gcode for filament\n"
; end_gcode = G1 Z{min(layer_z+2,250)} F600\nG1 X5 Y176 F12000\nM140 S0\nM104 S0\nM107\nM84 X Y E
; ensure_vertical_shell_thickness = enabled
; external_perimeter_acceleration = 0
; external_perimeter_extrusion_width = 0
; external_perimeter_speed = 50%
; external_perimeters_first = 0
; extra_loading_move = -2
; extra_perimeters = 1
; extra_perimeters_on_overhangs = 0
; extruder_clearance_height = 20
; extruder_clearance_radius = 20
; extruder_colour = ""
; extruder_offset = 0x0
; extrusion_axis = E
; extrusion_multiplier = 1
; extrusion_width = 0
; fan_always_on = 0
; fan_below_layer_time = 60
; filament_abrasive = 0
; filament_colour = #29B2B2
; filament_cooling_final_speed = 3.4
; filament_cooling_initial_speed = 2.2
; filament_cooling_moves = 4
; filament_cost = 0
; filament_density = 1.24
; filament_diameter = 1.75
; filament_flush_speed = 0
; filament_flush_volume = 0
; filament_infill_max_crossing_speed = 0
; filament_infill_max_speed = 0
; filament_load_time = 0
; filament_loading_speed = 28
; filament_loading_speed_start = 3
; filament_max_volumetric_speed = 0
; filament_minimal_purge_on_wipe_tower = 15
; filament_multitool_ramming = 0
; filament_multitool_ramming_flow = 10
; filament_multitool_ramming_volume = 10
; filament_notes = ""
; filament_purge_multiplier = 100%
; filament_ramming_parameters = "120 100 6.6 6.8 7.2 7.6 7.9 8.2 8.7 9.4 9.9 10.0| 0.05 6.6 0.45 6.8 0.95 7.8 1.45 8.3 1.95 9.7 2.45 10 2.95 7.6 3.45 7.6 3.95 7.6 4.45 7.6 4.95 7.6"
; filament_seam_gap_distance = 15%
; filament_settings_id = ""
; filament_shrinkage_compensation_xy = 0%
; filament_shrinkage_compensation_z = 0%
; filament_soluble = 0
; filament_spool_weight = 0
; filament_stamping_distance = 0
; filament_stamping_loading_speed = 20
; filament_toolchange_delay = 0
; filament_type = PLA
; filament_unload_time = 0
; filament_unloading_speed = 90
; filament_unloading_speed_start = 100
; fill_angle = 45
; fill_density = 10%
; fill_pattern = grid
; first_layer_acceleration = 0
; first_layer_acceleration_over_raft = 0
; first_layer_bed_temperature = 60
; first_layer_extrusion_width = 200%
; first_layer_height = 0.2
; first_layer_infill_speed = 0
; first_layer_speed = 30
; first_layer_speed_over_raft = 30
; first_layer_temperature = 220
; full_fan_speed_layer = 0
; fuzzy_skin = none
; fuzzy_skin_point_dist = 0.8
; fuzzy_skin_thickness = 0.3
; gap_fill_enabled = 1
; gap_fill_speed = 20
; gcode_comments = 0
; gcode_flavor = klipper
; gcode_label_objects = disabled
; gcode_resolution = 0.0125
; gcode_substitutions = 
; high_current_on_filament_swap = 0
; idle_temperature = nil
; infill_acceleration = 0
; infill_anchor = 600%
; infill_anchor_max = 50
; infill_every_layers = 1
; infill_extruder = 1
; infill_extrusion_width = 0
; infill_first = 0
; infill_overlap = 25%
; infill_speed = 80
; interface_shells = 0
; interlocking_beam = 0
; interlocking_beam_layer_count = 2
; interlocking_beam_width = 0.8
; interlocking_boundary_avoidance = 2
; interlocking_depth = 2
; interlocking_orientation = 22.5
; ironing = 0
; ironing_flowrate = 15%
; ironing_spacing = 0.1
; ironing_speed = 15
; ironing_type = top
; layer_gcode = 
; layer_height = 0.2
; machine_limits_usage = time_estimate_only
; machine_max_acceleration_e = 10000,5000
; machine_max_acceleration_extruding = 1500,1250
; machine_max_acceleration_retracting = 1500,1250
; machine_max_acceleration_travel = 1500,1250
; machine_max_acceleration_x = 9000,1000
; machine_max_acceleration_y = 9000,1000
; machine_max_acceleration_z = 500,200
; machine_max_feedrate_e = 120,120
; machine_max_feedrate_x = 500,200
; machine_max_feedrate_y = 500,200
; machine_max_feedrate_z = 12,12
; machine_max_jerk_e = 2.5,2.5
; machine_max_jerk_x = 10,10
; machine_max_jerk_y = 10,10
; machine_max_jerk_z = 0.2,0.4
; machine_max_junction_deviation = 0,0
; machine_min_extruding_rate = 0,0
; machine_min_travel_rate = 0,0
; max_fan_speed = 100
; max_layer_height = 0
; max_print_height = 250
; max_print_speed = 80
; max_volumetric_extrusion_rate_slope_negative = 0
; max_volumetric_extrusion_rate_slope_positive = 0
; max_volumetric_speed = 0
; min_bead_width = 85%
; min_fan_speed = 35
; min_feature_size = 25%
; min_layer_height = 0.07
; min_print_speed = 10
; min_skirt_length = 0
; mmu_segmented_region_interlocking_depth = 0
; mmu_segmented_region_max_width = 0
; multimaterial_purging = 140
; notes = 
; nozzle_diameter = 0.4
; nozzle_high_flow = 0
; only_one_perimeter_first_layer = 0
; only_retract_when_crossing_perimeters = 0
; ooze_prevention = 0
; output_filename_format = [input_filename_base].gcode
; over_bridge_speed = 0
; overhang_fan_speed_0 = 0
; overhang_fan_speed_1 = 0
; overhang_fan_speed_2 = 0
; overhang_fan_speed_3 = 0
; overhang_speed_0 = 15
; overhang_speed_1 = 15
; overhang_speed_2 = 20
; overhang_speed_3 = 25
; overhangs = 1
; parking_pos_retraction = 92
; pause_print_gcode = M601
; perimeter_acceleration = 0
; perimeter_extruder = 1
; perimeter_extrusion_width = 0
; perimeter_generator = arachne
; perimeter_speed = 60
; perimeters = 2
; physical_printer_settings_id = 
; post_process = 
; prefer_clockwise_movements = 0
; print_settings_id = 
; printer_model = 
; printer_notes = Creality K1 SE compatible profile generated locally
; printer_settings_id = 
; printer_technology = FFF
; raft_contact_distance = 0.1
; raft_expansion = 1.5
; raft_first_layer_density = 90%
; raft_first_layer_expansion = 3
; raft_layers = 0
; remaining_times = 0
; resolution = 0
; retract_before_travel = 2
; retract_before_wipe = 0%
; retract_layer_change = 0
; retract_length = 2
; retract_length_toolchange = 10
; retract_lift = 0
; retract_lift_above = 0
; retract_lift_below = 0
; retract_restart_extra = 0
; retract_restart_extra_toolchange = 0
; retract_speed = 40
; scarf_seam_entire_loop = 0
; scarf_seam_length = 20
; scarf_seam_max_segment_length = 1
; scarf_seam_on_inner_perimeters = 0
; scarf_seam_only_on_smooth = 1
; scarf_seam_placement = nowhere
; scarf_seam_start_height = 0%
; seam_gap_distance = 15%
; seam_position = aligned
; silent_mode = 1
; single_extruder_multi_material = 0
; single_extruder_multi_material_priming = 1
; skirt_distance = 6
; skirt_height = 1
; skirts = 0
; slice_closing_radius = 0.049
; slicing_mode = regular
; slowdown_below_layer_time = 5
; small_perimeter_speed = 15
; solid_infill_acceleration = 0
; solid_infill_below_area = 70
; solid_infill_every_layers = 0
; solid_infill_extruder = 1
; solid_infill_extrusion_width = 0
; solid_infill_speed = 20
; spiral_vase = 0
; staggered_inner_seams = 0
; standby_temperature_delta = -5
; start_filament_gcode = "; Filament gcode\n"
; start_gcode = G90\nM83\nM140 S[first_layer_bed_temperature]\nM104 S150\nG28\nG1 Z50 F240\nM104 S[first_layer_temperature]\nM190 S[first_layer_bed_temperature]\nM109 S[first_layer_temperature]\nG1 X2 Y10 F3000\nG1 Z0.28 F240\nG92 E0\nG1 Y140 E10 F1500\nG1 X2.3 F5000\nG92 E0\nG1 Y10 E10 F1200\nG92 E0
; support_material = 0
; support_material_angle = 0
; support_material_auto = 1
; support_material_bottom_contact_distance = 0
; support_material_bottom_interface_layers = -1
; support_material_buildplate_only = 0
; support_material_closing_radius = 2
; support_material_contact_distance = 0.2
; support_material_enforce_layers = 0
; support_material_extruder = 1
; support_material_extrusion_width = 0
; support_material_interface_contact_loops = 0
; support_material_interface_extruder = 1
; support_material_interface_layers = 3
; support_material_interface_pattern = rectilinear
; support_material_interface_spacing = 0
; support_material_interface_speed = 100%
; support_material_pattern = rectilinear
; support_material_spacing = 2.5
; support_material_speed = 60
; support_material_style = grid
; support_material_synchronize_layers = 0
; support_material_threshold = 0
; support_material_with_sheath = 1
; support_material_xy_spacing = 50%
; support_tree_angle = 40
; support_tree_angle_slow = 25
; support_tree_branch_diameter = 2
; support_tree_branch_diameter_angle = 5
; support_tree_branch_diameter_double_wall = 3
; support_tree_branch_distance = 1
; support_tree_tip_diameter = 0.8
; support_tree_top_rate = 15%
; temperature = 210
; template_custom_gcode = 
; thick_bridges = 1
; thin_walls = 1
; thumbnails = 
; thumbnails_format = PNG
; toolchange_gcode = 
; toolchange_ordering = optimized
; top_fill_pattern = monotonic
; top_infill_extrusion_width = 0
; top_one_perimeter_type = none
; top_solid_infill_acceleration = 0
; top_solid_infill_speed = 15
; top_solid_layers = 4
; top_solid_min_thickness = 0
; travel_acceleration = 0
; travel_lift_before_obstacle = 0
; travel_max_lift = 0
; travel_ramping_lift = 0
; travel_short_distance_acceleration = 0
; travel_slope = 0
; travel_speed = 130
; travel_speed_z = 0
; use_firmware_retraction = 0
; use_relative_e_distances = 1
; use_volumetric_e = 0
; variable_layer_height = 1
; wall_distribution_count = 1
; wall_transition_angle = 10
; wall_transition_filter_deviation = 25%
; wall_transition_length = 100%
; wipe = 0
; wipe_into_infill = 0
; wipe_into_objects = 0
; wipe_tower = 0
; wipe_tower_acceleration = 0
; wipe_tower_bridging = 10
; wipe_tower_brim_width = 2
; wipe_tower_cone_angle = 0
; wipe_tower_extra_flow = 100%
; wipe_tower_extra_spacing = 100%
; wipe_tower_extruder = 0
; wipe_tower_no_sparse_layers = 0
; wipe_tower_width = 60
; wiping_volumes_matrix = 0,140,140,140,140,140,0,140,140,140,140,140,0,140,140,140,140,140,0,140,140,140,140,140,0
; wiping_volumes_use_custom_matrix = 0
; xy_size_compensation = 0
; z_offset = 0
; prusaslicer_config = end
