; generated by PrusaSlicer 2.9.6 on 2026-09-06 at 14:23:31 UTC

; 

; external perimeters extrusion width = 0.45mm
; perimeters extrusion width = 0.45mm
; infill extrusion width = 0.45mm
; solid infill extrusion width = 0.45mm
; top infill extrusion width = 0.40mm
; support material extrusion width = 0.40mm
; first layer extrusion width = 0.40mm

;TYPE:Custom
G90
M83
M140 S60
M104 S150
G28
G1 Z50 F240
M104 S220
M190 S60
M109 S220
G1 X2 Y10 F3000
G1 Z0.28 F240
G92 E0
G1 Y140 E10 F1500
G1 X2.3 F5000
G92 E0
G1 Y10 E10 F1200
G92 E0
G21 ; set units to millimeters
G90 ; use absolute coordinates
M83 ; use relative distances for extrusion
; Filament gcode
M107
;LAYER_CHANGE
;Z:0.2
;HEIGHT:0.2
G1 E-2 F2400
G1 Z.2 F24000
G1 X215.517 Y173.016
G1 E2 F2400
M204 S1000
;TYPE:Support material interface
;WIDTH:0.4
G1 F3600
G1 X215.517 Y50.001 E3.65247
G1 X215.16 Y50.001 E.0106
G1 X215.16 Y172.856 E3.64772
G1 X214.803 Y172.856 E.0106
G1 X214.803 Y50.001 E3.64772
G1 X214.446 Y50.001 E.0106
G1 X214.446 Y172.856 E3.64772
G1 X214.088 Y172.856 E.01063
G1 X214.088 Y50.001 E3.64772
G1 X213.731 Y50.001 E.0106
G1 X213.731 Y50.963 E.02856
G1 X213.374 Y50.606 E.01499
G1 X213.374 Y50.001 E.01796
G1 X213.017 Y50.001 E.0106
G1 X213.017 Y50.249 E.00736
G1 X212.66 Y49.891 E.01501
G1 X212.66 Y47.144 E.08156
G1 X212.303 Y47.144 E.0106
G1 X212.303 Y49.534 E.07096
G1 X211.946 Y49.177 E.01499
G1 X211.946 Y47.144 E.06036
G1 X211.589 Y47.144 E.0106
G1 X211.589 Y48.82 E.04976
G1 X211.232 Y48.463 E.01499
G1 X211.232 Y47.144 E.03916
G1 X210.875 Y47.144 E.0106
G1 X210.875 Y48.106 E.02856
G1 X210.518 Y47.749 E.01499
G1 X210.518 Y47.144 E.01796
G1 X210.161 Y47.144 E.0106
G1 X210.161 Y47.392 E.00736
G1 X209.804 Y47.035 E.01499
G1 X209.804 Y44.287 E.08159
G1 X209.446 Y44.287 E.01063
G1 X209.446 Y46.678 E.07099
G1 X209.089 Y46.321 E.01499
G1 X209.089 Y44.287 E.06039
G1 X208.732 Y44.287 E.0106
G1 X208.732 Y45.964 E.04979
G1 X208.375 Y45.607 E.01499
G1 X208.375 Y44.287 E.03919
G1 X208.018 Y44.287 E.0106
G1 X208.018 Y45.249 E.02856
G1 X207.661 Y44.892 E.01499
G1 X207.661 Y44.287 E.01796
G1 X207.304 Y44.287 E.0106
G1 X207.304 Y44.535 E.00736
G1 X206.947 Y44.178 E.01499
G1 X206.947 Y41.43 E.08159
G1 X206.59 Y41.43 E.0106
G1 X206.59 Y43.821 E.07099
G1 X206.233 Y43.464 E.01499
G1 X206.233 Y41.43 E.06039
G1 X205.876 Y41.43 E.0106
G1 X205.876 Y43.107 E.04979
G1 X205.519 Y42.75 E.01499
G1 X205.519 Y41.43 E.03919
G1 X205.162 Y41.43 E.0106
G1 X205.162 Y42.393 E.02859
G1 X204.804 Y42.036 E.01501
G1 X204.804 Y41.43 E.01799
G1 X204.447 Y41.43 E.0106
G1 X204.447 Y41.679 E.00739
G1 X204.09 Y41.322 E.01499
G1 X204.09 Y38.573 E.08162
G1 X203.733 Y38.573 E.0106
G1 X203.733 Y40.964 E.07099
G1 X203.376 Y40.607 E.01499
G1 X203.376 Y38.573 E.06039
G1 X203.019 Y38.573 E.0106
G1 X203.019 Y40.25 E.04979
G1 X202.662 Y39.893 E.01499
G1 X202.662 Y38.573 E.03919
G1 X202.305 Y38.573 E.0106
G1 X202.305 Y39.536 E.02859
G1 X201.948 Y39.179 E.01499
G1 X201.948 Y38.573 E.01799
G1 X201.591 Y38.573 E.0106
G1 X201.591 Y38.822 E.00739
G1 X201.234 Y38.465 E.01499
G1 X201.234 Y35.716 E.08162
G1 X200.877 Y35.716 E.0106
G1 X200.877 Y38.108 E.07102
G1 X200.519 Y37.751 E.01501
G1 X200.519 Y35.716 E.06042
G1 X200.162 Y35.716 E.0106
G1 X200.162 Y37.394 E.04982
G1 X199.805 Y37.037 E.01499
G1 X199.805 Y35.716 E.03922
G1 X199.448 Y35.716 E.0106
G1 X199.448 Y36.68 E.02862
G1 X199.091 Y36.322 E.01501
G1 X199.091 Y35.716 E.01799
G1 X198.734 Y35.716 E.0106
G1 X198.734 Y35.965 E.00739
G1 X198.377 Y35.608 E.01499
G1 X198.377 Y32.859 E.08162
G1 X198.02 Y32.859 E.0106
G1 X198.02 Y35.251 E.07102
G1 X197.663 Y34.894 E.01499
G1 X197.663 Y32.859 E.06042
G1 X197.306 Y32.859 E.0106
G1 X197.306 Y34.537 E.04982
G1 X196.949 Y34.18 E.01499
G1 X196.949 Y32.859 E.03922
G1 X196.592 Y32.859 E.0106
G1 X196.592 Y33.823 E.02862
G1 X196.235 Y33.466 E.01499
G1 X196.235 Y32.859 E.01802
G1 X195.877 Y32.859 E.01063
G1 X195.877 Y33.109 E.00742
G1 X195.52 Y32.752 E.01499
G1 X195.52 Y30.002 E.08165
G1 X195.163 Y30.002 E.0106
G1 X195.163 Y32.395 E.07105
G1 X194.806 Y32.038 E.01499
G1 X194.806 Y30.002 E.06045
G1 X194.449 Y30.002 E.0106
G1 X194.449 Y31.68 E.04982
G1 X194.092 Y31.323 E.01499
G1 X194.092 Y30.002 E.03922
G1 X193.735 Y30.002 E.0106
G1 X193.735 Y30.966 E.02862
G1 X193.378 Y30.609 E.01499
G1 X193.378 Y30.002 E.01802
G1 X193.021 Y30.002 E.0106
G1 X193.021 Y30.252 E.00742
G1 X192.664 Y29.895 E.01499
G1 X192.664 Y27.145 E.08165
G1 X192.307 Y27.145 E.0106
G1 X192.307 Y29.538 E.07105
G1 X191.95 Y29.181 E.01499
G1 X191.95 Y27.145 E.06045
G1 X191.593 Y27.145 E.0106
G1 X191.593 Y28.824 E.04985
G1 X191.235 Y28.467 E.01501
G1 X191.235 Y27.145 E.03925
G1 X190.878 Y27.145 E.0106
G1 X190.878 Y28.11 E.02865
G1 X190.521 Y27.753 E.01499
G1 X190.521 Y27.145 E.01805
G1 X190.164 Y27.145 E.0106
G1 X190.164 Y27.395 E.00742
G1 X189.807 Y27.038 E.01499
G1 X189.807 Y24.288 E.08165
G1 X189.45 Y24.288 E.0106
G1 X189.45 Y26.681 E.07105
G1 X189.093 Y26.324 E.01499
G1 X189.093 Y24.288 E.06045
G1 X188.736 Y24.288 E.0106
G1 X188.736 Y25.967 E.04985
G1 X188.379 Y25.61 E.01499
G1 X188.379 Y24.288 E.03925
G1 X188.022 Y24.288 E.0106
G1 X188.022 Y25.325 E.03079
G1 X187.665 Y25.266 E.01074
G1 X187.665 Y24.288 E.02904
G1 X187.308 Y24.288 E.0106
G1 X187.308 Y25.266 E.02904
G1 X186.95 Y25.266 E.01063
G1 X186.95 Y24.288 E.02904
G1 X186.593 Y24.288 E.0106
G1 X186.593 Y25.266 E.02904
G1 X186.236 Y25.266 E.0106
G1 X186.236 Y24.288 E.02904
G1 X185.879 Y24.288 E.0106
G1 X185.879 Y25.266 E.02904
G1 X185.522 Y25.266 E.0106
G1 X185.522 Y24.288 E.02904
G1 X185.165 Y24.288 E.0106
G1 X185.165 Y25.266 E.02904
G1 X184.808 Y25.266 E.0106
G1 X184.808 Y24.288 E.02904
G1 X184.451 Y24.288 E.0106
G1 X184.451 Y25.266 E.02904
G1 X184.094 Y25.266 E.0106
G1 X184.094 Y24.288 E.02904
G1 X183.737 Y24.288 E.0106
G1 X183.737 Y25.266 E.02904
G1 X183.38 Y25.266 E.0106
G1 X183.38 Y24.288 E.02904
G1 X183.023 Y24.288 E.0106
G1 X183.023 Y25.266 E.02904
G1 X182.666 Y25.266 E.0106
G1 X182.666 Y24.288 E.02904
G1 X182.308 Y24.288 E.01063
G1 X182.308 Y25.266 E.02904
G1 X181.951 Y25.266 E.0106
G1 X181.951 Y24.288 E.02904
G1 X181.594 Y24.288 E.0106
G1 X181.594 Y25.266 E.02904
G1 X181.237 Y25.266 E.0106
G1 X181.237 Y24.288 E.02904
G1 X180.88 Y24.288 E.0106
G1 X180.88 Y25.266 E.02904
G1 X180.523 Y25.266 E.0106
G1 X180.523 Y24.288 E.02904
G1 X180.166 Y24.288 E.0106
G1 X180.166 Y25.266 E.02904
G1 X179.809 Y25.266 E.0106
G1 X179.809 Y24.288 E.02904
G1 X179.452 Y24.288 E.0106
G1 X179.452 Y25.266 E.02904
G1 X179.095 Y25.266 E.0106
G1 X179.095 Y24.288 E.02904
G1 X178.738 Y24.288 E.0106
G1 X178.738 Y25.266 E.02904
G1 X178.381 Y25.266 E.0106
G1 X178.381 Y24.288 E.02904
G1 X178.024 Y24.288 E.0106
G1 X178.024 Y25.266 E.02904
G1 X177.666 Y25.266 E.01063
G1 X177.666 Y24.288 E.02904
G1 X177.309 Y24.288 E.0106
G1 X177.309 Y25.266 E.02904
G1 X176.952 Y25.266 E.0106
G1 X176.952 Y24.288 E.02904
G1 X176.595 Y24.288 E.0106
G1 X176.595 Y25.266 E.02904
G1 X176.238 Y25.266 E.0106
G1 X176.238 Y24.288 E.02904
G1 X175.881 Y24.288 E.0106
G1 X175.881 Y25.266 E.02904
G1 X175.524 Y25.266 E.0106
G1 X175.524 Y24.288 E.02904
G1 X175.167 Y24.288 E.0106
G1 X175.167 Y25.266 E.02904
G1 X174.81 Y25.266 E.0106
G1 X174.81 Y24.288 E.02904
G1 X174.453 Y24.288 E.0106
G1 X174.453 Y25.266 E.02904
G1 X174.096 Y25.266 E.0106
G1 X174.096 Y24.288 E.02904
G1 X173.739 Y24.288 E.0106
G1 X173.739 Y25.266 E.02904
G1 X173.381 Y25.266 E.01063
G1 X173.381 Y24.288 E.02904
G1 X173.024 Y24.288 E.0106
G1 X173.024 Y25.266 E.02904
G1 X172.667 Y25.266 E.0106
G1 X172.667 Y24.288 E.02904
G1 X172.31 Y24.288 E.0106
G1 X172.31 Y25.266 E.02904
G1 X171.953 Y25.266 E.0106
G1 X171.953 Y24.288 E.02904
G1 X171.596 Y24.288 E.0106
G1 X171.596 Y25.266 E.02904
G1 X171.239 Y25.266 E.0106
G1 X171.239 Y24.288 E.02904
G1 X170.882 Y24.288 E.0106
G1 X170.882 Y25.266 E.02904
G1 X170.525 Y25.266 E.0106
G1 X170.525 Y24.288 E.02904
G1 X170.168 Y24.288 E.0106
G1 X170.168 Y25.266 E.02904
G1 X169.811 Y25.266 E.0106
G1 X169.811 Y24.288 E.02904
G1 X169.454 Y24.288 E.0106
G1 X169.454 Y25.266 E.02904
G1 X169.097 Y25.266 E.0106
G1 X169.097 Y24.288 E.02904
G1 X168.739 Y24.288 E.01063
G1 X168.739 Y25.266 E.02904
G1 X168.382 Y25.266 E.0106
G1 X168.382 Y24.288 E.02904
G1 X168.025 Y24.288 E.0106
G1 X168.025 Y25.266 E.02904
G1 X167.668 Y25.266 E.0106
G1 X167.668 Y24.288 E.02904
G1 X167.311 Y24.288 E.0106
G1 X167.311 Y25.266 E.02904
G1 X166.954 Y25.266 E.0106
G1 X166.954 Y24.288 E.02904
G1 X166.597 Y24.288 E.0106
G1 X166.597 Y25.266 E.02904
G1 X166.24 Y25.266 E.0106
G1 X166.24 Y24.288 E.02904
G1 X165.883 Y24.288 E.0106
G1 X165.883 Y25.266 E.02904
G1 X165.526 Y25.266 E.0106
G1 X165.526 Y24.288 E.02904
G1 X165.169 Y24.288 E.0106
G1 X165.169 Y25.266 E.02904
G1 X164.812 Y25.266 E.0106
G1 X164.812 Y24.288 E.02904
G1 X164.455 Y24.288 E.0106
G1 X164.455 Y25.266 E.02904
G1 X164.097 Y25.266 E.01063
G1 X164.097 Y24.288 E.02904
G1 X163.74 Y24.288 E.0106
G1 X163.74 Y25.266 E.02904
G1 X163.383 Y25.266 E.0106
G1 X163.383 Y24.288 E.02904
G1 X163.026 Y24.288 E.0106
G1 X163.026 Y25.266 E.02904
G1 X162.669 Y25.266 E.0106
G1 X162.669 Y24.288 E.02904
G1 X162.312 Y24.288 E.0106
G1 X162.312 Y25.266 E.02904
G1 X161.955 Y25.266 E.0106
G1 X161.955 Y24.288 E.02904
G1 X161.598 Y24.288 E.0106
G1 X161.598 Y25.266 E.02904
G1 X161.241 Y25.266 E.0106
G1 X161.241 Y24.288 E.02904
G1 X160.884 Y24.288 E.0106
G1 X160.884 Y25.266 E.02904
G1 X160.527 Y25.266 E.0106
G1 X160.527 Y24.288 E.02904
G1 X160.17 Y24.288 E.0106
G1 X160.17 Y25.266 E.02904
G1 X159.812 Y25.266 E.01063
G1 X159.812 Y24.288 E.02904
G1 X159.455 Y24.288 E.0106
G1 X159.455 Y25.266 E.02904
G1 X159.098 Y25.266 E.0106
G1 X159.098 Y24.288 E.02904
G1 X158.741 Y24.288 E.0106
G1 X158.741 Y25.266 E.02904
G1 X158.384 Y25.266 E.0106
G1 X158.384 Y24.288 E.02904
G1 X158.027 Y24.288 E.0106
G1 X158.027 Y25.266 E.02904
G1 X157.67 Y25.266 E.0106
G1 X157.67 Y24.288 E.02904
G1 X157.313 Y24.288 E.0106
G1 X157.313 Y25.266 E.02904
G1 X156.956 Y25.266 E.0106
G1 X156.956 Y24.288 E.02904
G1 X156.599 Y24.288 E.0106
G1 X156.599 Y25.266 E.02904
G1 X156.242 Y25.266 E.0106
G1 X156.242 Y24.288 E.02904
G1 X155.885 Y24.288 E.0106
G1 X155.885 Y25.266 E.02904
G1 X155.528 Y25.266 E.0106
G1 X155.528 Y24.288 E.02904
G1 X155.17 Y24.288 E.01063
G1 X155.17 Y25.266 E.02904
G1 X154.813 Y25.266 E.0106
G1 X154.813 Y24.288 E.02904
G1 X154.456 Y24.288 E.0106
G1 X154.456 Y25.266 E.02904
G1 X154.099 Y25.266 E.0106
G1 X154.099 Y24.288 E.02904
G1 X153.742 Y24.288 E.0106
G1 X153.742 Y25.266 E.02904
G1 X153.385 Y25.266 E.0106
G1 X153.385 Y24.288 E.02904
G1 X153.028 Y24.288 E.0106
G1 X153.028 Y25.266 E.02904
G1 X152.671 Y25.266 E.0106
G1 X152.671 Y24.288 E.02904
G1 X152.314 Y24.288 E.0106
G1 X152.314 Y25.266 E.02904
G1 X151.957 Y25.266 E.0106
G1 X151.957 Y24.288 E.02904
G1 X151.6 Y24.288 E.0106
G1 X151.6 Y25.266 E.02904
G1 X151.243 Y25.266 E.0106
G1 X151.243 Y24.288 E.02904
G1 X150.886 Y24.288 E.0106
G1 X150.886 Y25.266 E.02904
G1 X150.528 Y25.266 E.01063
G1 X150.528 Y24.288 E.02904
G1 X150.171 Y24.288 E.0106
G1 X150.171 Y25.266 E.02904
G1 X149.814 Y25.266 E.0106
G1 X149.814 Y24.288 E.02904
G1 X149.457 Y24.288 E.0106
G1 X149.457 Y25.266 E.02904
G1 X149.1 Y25.266 E.0106
G1 X149.1 Y24.288 E.02904
G1 X148.743 Y24.288 E.0106
G1 X148.743 Y25.266 E.02904
G1 X148.386 Y25.266 E.0106
G1 X148.386 Y24.288 E.02904
G1 X148.029 Y24.288 E.0106
G1 X148.029 Y25.266 E.02904
G1 X147.672 Y25.266 E.0106
G1 X147.672 Y24.288 E.02904
G1 X147.315 Y24.288 E.0106
G1 X147.315 Y25.266 E.02904
G1 X146.958 Y25.266 E.0106
G1 X146.958 Y24.288 E.02904
G1 X146.601 Y24.288 E.0106
G1 X146.601 Y25.266 E.02904
G1 X146.243 Y25.266 E.01063
G1 X146.243 Y24.288 E.02904
G1 X145.886 Y24.288 E.0106
G1 X145.886 Y25.266 E.02904
G1 X145.529 Y25.266 E.0106
G1 X145.529 Y24.288 E.02904
G1 X145.172 Y24.288 E.0106
G1 X145.172 Y25.266 E.02904
G1 X144.815 Y25.266 E.0106
G1 X144.815 Y24.288 E.02904
G1 X144.458 Y24.288 E.0106
G1 X144.458 Y25.266 E.02904
G1 X144.101 Y25.266 E.0106
G1 X144.101 Y24.288 E.02904
G1 X143.744 Y24.288 E.0106
G1 X143.744 Y25.266 E.02904
G1 X143.387 Y25.266 E.0106
G1 X143.387 Y24.288 E.02904
G1 X143.03 Y24.288 E.0106
G1 X143.03 Y25.266 E.02904
G1 X142.673 Y25.266 E.0106
G1 X142.673 Y24.288 E.02904
G1 X142.316 Y24.288 E.0106
G1 X142.316 Y25.266 E.02904
G1 X141.959 Y25.266 E.0106
G1 X141.959 Y24.288 E.02904
G1 X141.601 Y24.288 E.01063
G1 X141.601 Y25.266 E.02904
G1 X141.244 Y25.266 E.0106
G1 X141.244 Y24.288 E.02904
G1 X140.887 Y24.288 E.0106
G1 X140.887 Y25.266 E.02904
G1 X140.53 Y25.266 E.0106
G1 X140.53 Y24.288 E.02904
G1 X140.173 Y24.288 E.0106
G1 X140.173 Y25.266 E.02904
G1 X139.816 Y25.266 E.0106
G1 X139.816 Y24.288 E.02904
G1 X139.459 Y24.288 E.0106
G1 X139.459 Y25.266 E.02904
G1 X139.102 Y25.266 E.0106
G1 X139.102 Y24.288 E.02904
G1 X138.745 Y24.288 E.0106
G1 X138.745 Y25.266 E.02904
G1 X138.388 Y25.266 E.0106
G1 X138.388 Y15.716 E.28355
G1 X138.031 Y15.716 E.0106
G1 X138.031 Y25.266 E.28355
G1 X137.674 Y25.266 E.0106
G1 X137.674 Y15.716 E.28355
G1 X137.317 Y15.716 E.0106
G1 X137.317 Y25.266 E.28355
G1 X136.959 Y25.266 E.01063
G1 X136.959 Y15.716 E.28355
G1 X136.602 Y15.716 E.0106
G1 X136.602 Y25.266 E.28355
G1 X136.245 Y25.266 E.0106
G1 X136.245 Y15.716 E.28355
G1 X135.888 Y15.716 E.0106
G1 X135.888 Y17.49 E.05267
G1 X135.665 Y17.266 E.00938
G1 X135.531 Y17.266 E.00398
G1 X135.531 Y15.716 E.04602
G1 X135.174 Y15.716 E.0106
G1 X135.174 Y17.266 E.04602
G1 X134.817 Y17.266 E.0106
G1 X134.817 Y15.716 E.04602
G1 X134.46 Y15.716 E.0106
G1 X134.46 Y17.266 E.04602
G1 X134.103 Y17.266 E.0106
G1 X134.103 Y15.716 E.04602
G1 X133.746 Y15.716 E.0106
G1 X133.746 Y17.266 E.04602
G1 X133.389 Y17.266 E.0106
G1 X133.389 Y15.716 E.04602
G1 X133.032 Y15.716 E.0106
G1 X133.032 Y17.266 E.04602
G1 X132.674 Y17.266 E.01063
G1 X132.674 Y15.716 E.04602
G1 X132.317 Y15.716 E.0106
G1 X132.317 Y17.266 E.04602
G1 X131.96 Y17.266 E.0106
G1 X131.96 Y15.716 E.04602
G1 X131.603 Y15.716 E.0106
G1 X131.603 Y17.266 E.04602
G1 X131.246 Y17.266 E.0106
G1 X131.246 Y15.716 E.04602
G1 X130.889 Y15.716 E.0106
G1 X130.889 Y17.266 E.04602
G1 X130.532 Y17.266 E.0106
G1 X130.532 Y15.716 E.04602
G1 X130.175 Y15.716 E.0106
G1 X130.175 Y17.266 E.04602
G1 X129.818 Y17.266 E.0106
G1 X129.818 Y15.716 E.04602
G1 X129.461 Y15.716 E.0106
G1 X129.461 Y17.266 E.04602
G1 X129.104 Y17.266 E.0106
G1 X129.104 Y15.716 E.04602
G1 X128.747 Y15.716 E.0106
G1 X128.747 Y17.266 E.04602
G1 X128.39 Y17.266 E.0106
G1 X128.39 Y15.716 E.04602
G1 X128.032 Y15.716 E.01063
G1 X128.032 Y17.266 E.04602
G1 X127.675 Y17.266 E.0106
G1 X127.675 Y15.716 E.04602
G1 X127.318 Y15.716 E.0106
G1 X127.318 Y17.266 E.04602
G1 X126.961 Y17.266 E.0106
G1 X126.961 Y15.716 E.04602
G1 X126.604 Y15.716 E.0106
G1 X126.604 Y17.266 E.04602
G1 X126.247 Y17.266 E.0106
G1 X126.247 Y15.716 E.04602
G1 X125.89 Y15.716 E.0106
G1 X125.89 Y17.266 E.04602
G1 X125.533 Y17.266 E.0106
G1 X125.533 Y15.716 E.04602
G1 X125.176 Y15.716 E.0106
G1 X125.176 Y17.266 E.04602
G1 X124.819 Y17.266 E.0106
G1 X124.819 Y15.716 E.04602
G1 X124.462 Y15.716 E.0106
G1 X124.462 Y17.266 E.04602
G1 X124.105 Y17.266 E.0106
G1 X124.105 Y15.716 E.04602
G1 X123.748 Y15.716 E.0106
G1 X123.748 Y17.266 E.04602
G1 X123.39 Y17.266 E.01063
G1 X123.39 Y15.716 E.04602
G1 X123.033 Y15.716 E.0106
G1 X123.033 Y17.266 E.04602
G1 X122.676 Y17.266 E.0106
G1 X122.676 Y15.716 E.04602
G1 X122.319 Y15.716 E.0106
G1 X122.319 Y17.266 E.04602
G1 X121.962 Y17.266 E.0106
G1 X121.962 Y15.716 E.04602
G1 X121.605 Y15.716 E.0106
G1 X121.605 Y17.266 E.04602
G1 X121.248 Y17.266 E.0106
G1 X121.248 Y15.716 E.04602
G1 X120.891 Y15.716 E.0106
G1 X120.891 Y17.266 E.04602
G1 X120.534 Y17.266 E.0106
G1 X120.534 Y15.716 E.04602
G1 X120.177 Y15.716 E.0106
G1 X120.177 Y17.266 E.04602
G1 X119.82 Y17.266 E.0106
G1 X119.82 Y15.716 E.04602
G1 X119.463 Y15.716 E.0106
G1 X119.463 Y17.266 E.04602
G1 X119.105 Y17.266 E.01063
G1 X119.105 Y15.716 E.04602
G1 X118.748 Y15.716 E.0106
G1 X118.748 Y17.266 E.04602
G1 X118.391 Y17.266 E.0106
G1 X118.391 Y15.716 E.04602
G1 X118.034 Y15.716 E.0106
G1 X118.034 Y17.266 E.04602
G1 X117.677 Y17.266 E.0106
G1 X117.677 Y15.716 E.04602
G1 X117.32 Y15.716 E.0106
G1 X117.32 Y17.266 E.04602
G1 X116.963 Y17.266 E.0106
G1 X116.963 Y15.716 E.04602
G1 X116.606 Y15.716 E.0106
G1 X116.606 Y17.266 E.04602
G1 X116.249 Y17.266 E.0106
G1 X116.249 Y15.716 E.04602
G1 X115.892 Y15.716 E.0106
G1 X115.892 Y17.266 E.04602
G1 X115.535 Y17.266 E.0106
G1 X115.535 Y15.716 E.04602
G1 X115.178 Y15.716 E.0106
G1 X115.178 Y17.266 E.04602
G1 X114.821 Y17.266 E.0106
G1 X114.821 Y15.716 E.04602
G1 X114.463 Y15.716 E.01063
G1 X114.463 Y17.266 E.04602
G1 X114.106 Y17.266 E.0106
G1 X114.106 Y15.716 E.04602
G1 X113.749 Y15.716 E.0106
G1 X113.749 Y17.266 E.04602
G1 X113.392 Y17.266 E.0106
G1 X113.392 Y15.716 E.04602
G1 X113.035 Y15.716 E.0106
G1 X113.035 Y17.266 E.04602
G1 X112.678 Y17.266 E.0106
G1 X112.678 Y15.716 E.04602
G1 X112.321 Y15.716 E.0106
G1 X112.321 Y17.266 E.04602
G1 X111.964 Y17.266 E.0106
G1 X111.964 Y15.716 E.04602
G1 X111.607 Y15.716 E.0106
G1 X111.607 Y17.266 E.04602
G1 X111.25 Y17.266 E.0106
G1 X111.25 Y15.716 E.04602
G1 X110.893 Y15.716 E.0106
G1 X110.893 Y17.266 E.04602
G1 X110.536 Y17.266 E.0106
G1 X110.536 Y15.716 E.04602
G1 X110.178 Y15.716 E.01063
G1 X110.178 Y17.266 E.04602
G1 X109.821 Y17.266 E.0106
G1 X109.821 Y15.716 E.04602
G1 X109.464 Y15.716 E.0106
G1 X109.464 Y17.266 E.04602
G1 X109.107 Y17.266 E.0106
G1 X109.107 Y15.716 E.04602
G1 X108.75 Y15.716 E.0106
G1 X108.75 Y17.266 E.04602
G1 X108.393 Y17.266 E.0106
G1 X108.393 Y15.716 E.04602
G1 X108.036 Y15.716 E.0106
G1 X108.036 Y17.266 E.04602
G1 X107.679 Y17.266 E.0106
G1 X107.679 Y15.716 E.04602
G1 X107.322 Y15.716 E.0106
G1 X107.322 Y17.266 E.04602
G1 X106.965 Y17.266 E.0106
G1 X106.965 Y15.716 E.04602
G1 X106.608 Y15.716 E.0106
G1 X106.608 Y17.266 E.04602
G1 X106.251 Y17.266 E.0106
G1 X106.251 Y15.716 E.04602
G1 X105.894 Y15.716 E.0106
G1 X105.894 Y17.266 E.04602
G1 X105.536 Y17.266 E.01063
G1 X105.536 Y15.716 E.04602
G1 X105.179 Y15.716 E.0106
G1 X105.179 Y17.266 E.04602
G1 X104.822 Y17.266 E.0106
G1 X104.822 Y15.716 E.04602
G1 X104.465 Y15.716 E.0106
G1 X104.465 Y17.266 E.04602
G1 X104.108 Y17.266 E.0106
G1 X104.108 Y15.716 E.04602
G1 X103.751 Y15.716 E.0106
G1 X103.751 Y17.266 E.04602
G1 X103.394 Y17.266 E.0106
G1 X103.394 Y15.716 E.04602
G1 X103.037 Y15.716 E.0106
G1 X103.037 Y17.266 E.04602
G1 X102.68 Y17.266 E.0106
G1 X102.68 Y15.716 E.04602
G1 X102.323 Y15.716 E.0106
G1 X102.323 Y17.266 E.04602
G1 X101.966 Y17.266 E.0106
G1 X101.966 Y15.716 E.04602
G1 X101.609 Y15.716 E.0106
G1 X101.609 Y17.266 E.04602
G1 X101.252 Y17.266 E.0106
G1 X101.252 Y15.716 E.04602
G1 X100.894 Y15.716 E.01063
G1 X100.894 Y17.266 E.04602
G1 X100.537 Y17.266 E.0106
G1 X100.537 Y15.716 E.04602
G1 X100.18 Y15.716 E.0106
G1 X100.18 Y17.266 E.04602
G1 X99.823 Y17.266 E.0106
G1 X99.823 Y15.716 E.04602
G1 X99.466 Y15.716 E.0106
G1 X99.466 Y17.266 E.04602
G1 X99.109 Y17.266 E.0106
G1 X99.109 Y15.716 E.04602
G1 X98.752 Y15.716 E.0106
G1 X98.752 Y17.266 E.04602
G1 X98.395 Y17.266 E.0106
G1 X98.395 Y15.716 E.04602
G1 X98.038 Y15.716 E.0106
G1 X98.038 Y17.266 E.04602
G1 X97.681 Y17.266 E.0106
G1 X97.681 Y15.716 E.04602
G1 X97.324 Y15.716 E.0106
G1 X97.324 Y17.266 E.04602
G1 X96.967 Y17.266 E.0106
G1 X96.967 Y15.716 E.04602
G1 X96.609 Y15.716 E.01063
G1 X96.609 Y17.266 E.04602
G1 X96.252 Y17.266 E.0106
G1 X96.252 Y15.716 E.04602
G1 X95.895 Y15.716 E.0106
G1 X95.895 Y17.266 E.04602
G1 X95.538 Y17.266 E.0106
G1 X95.538 Y15.716 E.04602
G1 X95.181 Y15.716 E.0106
G1 X95.181 Y17.266 E.04602
G1 X94.824 Y17.266 E.0106
G1 X94.824 Y15.716 E.04602
G1 X94.467 Y15.716 E.0106
G1 X94.467 Y17.266 E.04602
G1 X94.11 Y17.266 E.0106
G1 X94.11 Y15.716 E.04602
G1 X93.753 Y15.716 E.0106
G1 X93.753 Y17.266 E.04602
G1 X93.396 Y17.266 E.0106
G1 X93.396 Y15.716 E.04602
G1 X93.039 Y15.716 E.0106
G1 X93.039 Y17.266 E.04602
G1 X92.682 Y17.266 E.0106
G1 X92.682 Y15.716 E.04602
G1 X92.325 Y15.716 E.0106
G1 X92.325 Y17.266 E.04602
G1 X91.967 Y17.266 E.01063
G1 X91.967 Y15.716 E.04602
G1 X91.61 Y15.716 E.0106
G1 X91.61 Y17.266 E.04602
G1 X91.253 Y17.266 E.0106
G1 X91.253 Y15.716 E.04602
G1 X90.896 Y15.716 E.0106
G1 X90.896 Y17.266 E.04602
G1 X90.539 Y17.266 E.0106
G1 X90.539 Y15.716 E.04602
G1 X90.182 Y15.716 E.0106
G1 X90.182 Y17.266 E.04602
G1 X89.825 Y17.266 E.0106
G1 X89.825 Y15.716 E.04602
G1 X89.468 Y15.716 E.0106
G1 X89.468 Y17.266 E.04602
G1 X89.111 Y17.266 E.0106
G1 X89.111 Y15.716 E.04602
G1 X88.754 Y15.716 E.0106
G1 X88.754 Y17.266 E.04602
G1 X88.397 Y17.266 E.0106
G1 X88.397 Y15.716 E.04602
G1 X88.04 Y15.716 E.0106
G1 X88.04 Y17.266 E.04602
G1 X87.683 Y17.266 E.0106
G1 X87.683 Y15.716 E.04602
G1 X87.325 Y15.716 E.01063
G1 X87.325 Y17.266 E.04602
G1 X86.968 Y17.266 E.0106
G1 X86.968 Y15.716 E.04602
G1 X86.611 Y15.716 E.0106
G1 X86.611 Y17.266 E.04602
G1 X86.254 Y17.266 E.0106
G1 X86.254 Y15.716 E.04602
G1 X85.897 Y15.716 E.0106
G1 X85.897 Y17.266 E.04602
G1 X85.54 Y17.266 E.0106
G1 X85.54 Y15.716 E.04602
G1 X85.183 Y15.716 E.0106
G1 X85.183 Y17.266 E.04602
G1 X84.826 Y17.266 E.0106
G1 X84.826 Y15.716 E.04602
G1 X84.469 Y15.716 E.0106
G1 X84.469 Y17.266 E.04602
G1 X84.335 Y17.266 E.00398
G1 X84.112 Y17.49 E.00938
G1 X84.112 Y15.716 E.05267
G1 X83.755 Y15.716 E.0106
G1 X83.755 Y25.266 E.28355
G1 X83.398 Y25.266 E.0106
G1 X83.398 Y15.716 E.28355
G1 X83.04 Y15.716 E.01063
G1 X83.04 Y25.266 E.28355
G1 X82.683 Y25.266 E.0106
G1 X82.683 Y15.716 E.28355
G1 X82.326 Y15.716 E.0106
G1 X82.326 Y25.266 E.28355
G1 X81.969 Y25.266 E.0106
G1 X81.969 Y15.716 E.28355
G1 X81.612 Y15.716 E.0106
G1 X81.612 Y25.266 E.28355
G1 X81.255 Y25.266 E.0106
G1 X81.255 Y24.288 E.02904
G1 X80.898 Y24.288 E.0106
G1 X80.898 Y25.266 E.02904
G1 X80.541 Y25.266 E.0106
G1 X80.541 Y24.288 E.02904
G1 X80.184 Y24.288 E.0106
G1 X80.184 Y25.266 E.02904
G1 X79.827 Y25.266 E.0106
G1 X79.827 Y24.288 E.02904
G1 X79.47 Y24.288 E.0106
G1 X79.47 Y25.266 E.02904
G1 X79.113 Y25.266 E.0106
G1 X79.113 Y24.288 E.02904
G1 X78.756 Y24.288 E.0106
G1 X78.756 Y25.266 E.02904
G1 X78.398 Y25.266 E.01063
G1 X78.398 Y24.288 E.02904
G1 X78.041 Y24.288 E.0106
G1 X78.041 Y25.266 E.02904
G1 X77.684 Y25.266 E.0106
G1 X77.684 Y24.288 E.02904
G1 X77.327 Y24.288 E.0106
G1 X77.327 Y25.266 E.02904
G1 X76.97 Y25.266 E.0106
G1 X76.97 Y24.288 E.02904
G1 X76.613 Y24.288 E.0106
G1 X76.613 Y25.266 E.02904
G1 X76.256 Y25.266 E.0106
G1 X76.256 Y24.288 E.02904
G1 X75.899 Y24.288 E.0106
G1 X75.899 Y25.266 E.02904
G1 X75.542 Y25.266 E.0106
G1 X75.542 Y24.288 E.02904
G1 X75.185 Y24.288 E.0106
G1 X75.185 Y25.266 E.02904
G1 X74.828 Y25.266 E.0106
G1 X74.828 Y24.288 E.02904
G1 X74.471 Y24.288 E.0106
G1 X74.471 Y25.266 E.02904
G1 X74.114 Y25.266 E.0106
G1 X74.114 Y24.288 E.02904
G1 X73.756 Y24.288 E.01063
G1 X73.756 Y25.266 E.02904
G1 X73.399 Y25.266 E.0106
G1 X73.399 Y24.288 E.02904
G1 X73.042 Y24.288 E.0106
G1 X73.042 Y25.266 E.02904
G1 X72.685 Y25.266 E.0106
G1 X72.685 Y24.288 E.02904
G1 X72.328 Y24.288 E.0106
G1 X72.328 Y25.266 E.02904
G1 X71.971 Y25.266 E.0106
G1 X71.971 Y24.288 E.02904
G1 X71.614 Y24.288 E.0106
G1 X71.614 Y25.266 E.02904
G1 X71.257 Y25.266 E.0106
G1 X71.257 Y24.288 E.02904
G1 X70.9 Y24.288 E.0106
G1 X70.9 Y25.266 E.02904
G1 X70.543 Y25.266 E.0106
G1 X70.543 Y24.288 E.02904
G1 X70.186 Y24.288 E.0106
G1 X70.186 Y25.266 E.02904
G1 X69.829 Y25.266 E.0106
G1 X69.829 Y24.288 E.02904
G1 X69.471 Y24.288 E.01063
G1 X69.471 Y25.266 E.02904
G1 X69.114 Y25.266 E.0106
G1 X69.114 Y24.288 E.02904
G1 X68.757 Y24.288 E.0106
G1 X68.757 Y25.266 E.02904
G1 X68.4 Y25.266 E.0106
G1 X68.4 Y24.288 E.02904
G1 X68.043 Y24.288 E.0106
G1 X68.043 Y25.266 E.02904
G1 X67.686 Y25.266 E.0106
G1 X67.686 Y24.288 E.02904
G1 X67.329 Y24.288 E.0106
G1 X67.329 Y25.266 E.02904
G1 X66.972 Y25.266 E.0106
G1 X66.972 Y24.288 E.02904
G1 X66.615 Y24.288 E.0106
G1 X66.615 Y25.266 E.02904
G1 X66.258 Y25.266 E.0106
G1 X66.258 Y24.288 E.02904
G1 X65.901 Y24.288 E.0106
G1 X65.901 Y25.266 E.02904
G1 X65.544 Y25.266 E.0106
G1 X65.544 Y24.288 E.02904
G1 X65.187 Y24.288 E.0106
G1 X65.187 Y25.266 E.02904
G1 X64.829 Y25.266 E.01063
G1 X64.829 Y24.288 E.02904
G1 X64.472 Y24.288 E.0106
G1 X64.472 Y25.266 E.02904
G1 X64.115 Y25.266 E.0106
G1 X64.115 Y24.288 E.02904
G1 X63.758 Y24.288 E.0106
G1 X63.758 Y25.266 E.02904
G1 X63.401 Y25.266 E.0106
G1 X63.401 Y24.288 E.02904
G1 X63.044 Y24.288 E.0106
G1 X63.044 Y25.266 E.02904
G1 X62.687 Y25.266 E.0106
G1 X62.687 Y24.288 E.02904
G1 X62.33 Y24.288 E.0106
G1 X62.33 Y25.266 E.02904
G1 X61.973 Y25.266 E.0106
G1 X61.973 Y24.288 E.02904
G1 X61.616 Y24.288 E.0106
G1 X61.616 Y25.266 E.02904
G1 X61.259 Y25.266 E.0106
G1 X61.259 Y24.288 E.02904
G1 X60.902 Y24.288 E.0106
G1 X60.902 Y25.266 E.02904
G1 X60.545 Y25.266 E.0106
G1 X60.545 Y24.288 E.02904
G1 X60.187 Y24.288 E.01063
G1 X60.187 Y25.266 E.02904
G1 X59.83 Y25.266 E.0106
G1 X59.83 Y24.288 E.02904
G1 X59.473 Y24.288 E.0106
G1 X59.473 Y25.266 E.02904
G1 X59.116 Y25.266 E.0106
G1 X59.116 Y24.288 E.02904
G1 X58.759 Y24.288 E.0106
G1 X58.759 Y25.266 E.02904
G1 X58.402 Y25.266 E.0106
G1 X58.402 Y24.288 E.02904
G1 X58.045 Y24.288 E.0106
G1 X58.045 Y25.266 E.02904
G1 X57.688 Y25.266 E.0106
G1 X57.688 Y24.288 E.02904
G1 X57.331 Y24.288 E.0106
G1 X57.331 Y25.266 E.02904
G1 X56.974 Y25.266 E.0106
G1 X56.974 Y24.288 E.02904
G1 X56.617 Y24.288 E.0106
G1 X56.617 Y25.266 E.02904
G1 X56.26 Y25.266 E.0106
G1 X56.26 Y24.288 E.02904
G1 X55.902 Y24.288 E.01063
G1 X55.902 Y25.266 E.02904
G1 X55.545 Y25.266 E.0106
G1 X55.545 Y24.288 E.02904
G1 X55.188 Y24.288 E.0106
G1 X55.188 Y25.266 E.02904
G1 X54.831 Y25.266 E.0106
G1 X54.831 Y24.288 E.02904
G1 X54.474 Y24.288 E.0106
G1 X54.474 Y25.266 E.02904
G1 X54.117 Y25.266 E.0106
G1 X54.117 Y24.288 E.02904
G1 X53.76 Y24.288 E.0106
G1 X53.76 Y25.266 E.02904
G1 X53.403 Y25.266 E.0106
G1 X53.403 Y24.288 E.02904
G1 X53.046 Y24.288 E.0106
G1 X53.046 Y25.266 E.02904
G1 X52.689 Y25.266 E.0106
G1 X52.689 Y24.288 E.02904
G1 X52.332 Y24.288 E.0106
G1 X52.332 Y25.266 E.02904
G1 X51.975 Y25.266 E.0106
G1 X51.975 Y24.288 E.02904
G1 X51.618 Y24.288 E.0106
G1 X51.618 Y25.266 E.02904
G1 X51.26 Y25.266 E.01063
G1 X51.26 Y24.288 E.02904
G1 X50.903 Y24.288 E.0106
G1 X50.903 Y25.266 E.02904
G1 X50.546 Y25.266 E.0106
G1 X50.546 Y24.288 E.02904
G1 X50.189 Y24.288 E.0106
G1 X50.189 Y25.266 E.02904
G1 X49.832 Y25.266 E.0106
G1 X49.832 Y24.288 E.02904
G1 X49.475 Y24.288 E.0106
G1 X49.475 Y25.266 E.02904
G1 X49.118 Y25.266 E.0106
G1 X49.118 Y24.288 E.02904
G1 X48.761 Y24.288 E.0106
G1 X48.761 Y25.266 E.02904
G1 X48.404 Y25.266 E.0106
G1 X48.404 Y24.288 E.02904
G1 X48.047 Y24.288 E.0106
G1 X48.047 Y25.266 E.02904
G1 X47.69 Y25.266 E.0106
G1 X47.69 Y24.288 E.02904
G1 X47.333 Y24.288 E.0106
G1 X47.333 Y25.266 E.02904
G1 X46.976 Y25.266 E.0106
G1 X46.976 Y24.288 E.02904
G1 X46.618 Y24.288 E.01063
G1 X46.618 Y25.266 E.02904
G1 X46.261 Y25.266 E.0106
G1 X46.261 Y24.288 E.02904
G1 X45.904 Y24.288 E.0106
G1 X45.904 Y25.266 E.02904
G1 X45.547 Y25.266 E.0106
G1 X45.547 Y24.288 E.02904
G1 X45.19 Y24.288 E.0106
G1 X45.19 Y25.266 E.02904
G1 X44.833 Y25.266 E.0106
G1 X44.833 Y24.288 E.02904
G1 X44.476 Y24.288 E.0106
G1 X44.476 Y25.266 E.02904
G1 X44.119 Y25.266 E.0106
G1 X44.119 Y24.288 E.02904
G1 X43.762 Y24.288 E.0106
G1 X43.762 Y25.266 E.02904
G1 X43.405 Y25.266 E.0106
G1 X43.405 Y24.288 E.02904
G1 X43.048 Y24.288 E.0106
G1 X43.048 Y25.266 E.02904
G1 X42.691 Y25.266 E.0106
G1 X42.691 Y24.288 E.02904
G1 X42.333 Y24.288 E.01063
G1 X42.333 Y25.266 E.02904
G1 X41.976 Y25.266 E.0106
G1 X41.976 Y24.288 E.02904
G1 X41.619 Y24.288 E.0106
G1 X41.619 Y25.266 E.02904
G1 X41.262 Y25.266 E.0106
G1 X41.262 Y24.288 E.02904
G1 X40.905 Y24.288 E.0106
G1 X40.905 Y25.266 E.02904
G1 X40.548 Y25.266 E.0106
G1 X40.548 Y24.288 E.02904
G1 X40.191 Y24.288 E.0106
G1 X40.191 Y25.266 E.02904
G1 X39.834 Y25.266 E.0106
G1 X39.834 Y24.288 E.02904
G1 X39.477 Y24.288 E.0106
G1 X39.477 Y25.266 E.02904
G1 X39.12 Y25.266 E.0106
G1 X39.12 Y24.288 E.02904
G1 X38.763 Y24.288 E.0106
G1 X38.763 Y25.266 E.02904
G1 X38.406 Y25.266 E.0106
G1 X38.406 Y24.288 E.02904
G1 X38.049 Y24.288 E.0106
G1 X38.049 Y25.266 E.02904
G1 X37.691 Y25.266 E.01063
G1 X37.691 Y24.288 E.02904
G1 X37.334 Y24.288 E.0106
G1 X37.334 Y25.266 E.02904
G1 X36.977 Y25.266 E.0106
G1 X36.977 Y24.288 E.02904
G1 X36.62 Y24.288 E.0106
G1 X36.62 Y25.266 E.02904
G1 X36.263 Y25.266 E.0106
G1 X36.263 Y24.288 E.02904
G1 X35.906 Y24.288 E.0106
G1 X35.906 Y25.266 E.02904
G1 X35.549 Y25.266 E.0106
G1 X35.549 Y24.288 E.02904
G1 X35.192 Y24.288 E.0106
G1 X35.192 Y25.266 E.02904
G1 X34.835 Y25.266 E.0106
G1 X34.835 Y24.288 E.02904
G1 X34.478 Y24.288 E.0106
G1 X34.478 Y25.266 E.02904
G1 X34.121 Y25.266 E.0106
G1 X34.121 Y24.288 E.02904
G1 X33.764 Y24.288 E.0106
G1 X33.764 Y25.266 E.02904
G1 X33.407 Y25.266 E.0106
G1 X33.407 Y24.288 E.02904
G1 X33.049 Y24.288 E.01063
G1 X33.049 Y25.266 E.02904
G1 X32.692 Y25.266 E.0106
G1 X32.692 Y24.288 E.02904
G1 X32.335 Y24.288 E.0106
G1 X32.335 Y25.266 E.02904
G1 X31.978 Y25.325 E.01074
G1 X31.978 Y24.288 E.03079
G1 X31.621 Y24.288 E.0106
G1 X31.621 Y25.61 E.03925
G1 X31.264 Y25.967 E.01499
G1 X31.264 Y24.288 E.04985
G1 X30.907 Y24.288 E.0106
G1 X30.907 Y26.324 E.06045
G1 X30.55 Y26.681 E.01499
G1 X30.55 Y24.288 E.07105
G1 X30.193 Y24.288 E.0106
G1 X30.193 Y27.038 E.08165
G1 X29.836 Y27.396 E.01501
G1 X29.836 Y27.145 E.00745
G1 X29.479 Y27.145 E.0106
G1 X29.479 Y27.753 E.01805
G1 X29.122 Y28.11 E.01499
G1 X29.122 Y27.145 E.02865
G1 X28.764 Y27.145 E.01063
G1 X28.764 Y28.467 E.03925
G1 X28.407 Y28.824 E.01499
G1 X28.407 Y27.145 E.04985
G1 X28.05 Y27.145 E.0106
G1 X28.05 Y29.181 E.06045
G1 X27.693 Y29.538 E.01499
G1 X27.693 Y27.145 E.07105
G1 X27.336 Y27.145 E.0106
G1 X27.336 Y29.895 E.08165
G1 X26.979 Y30.252 E.01499
G1 X26.979 Y30.002 E.00742
G1 X26.622 Y30.002 E.0106
G1 X26.622 Y30.609 E.01802
G1 X26.265 Y30.966 E.01499
G1 X26.265 Y30.002 E.02862
G1 X25.908 Y30.002 E.0106
G1 X25.908 Y31.323 E.03922
G1 X25.551 Y31.681 E.01501
G1 X25.551 Y30.002 E.04985
G1 X25.194 Y30.002 E.0106
G1 X25.194 Y32.038 E.06045
G1 X24.837 Y32.395 E.01499
G1 X24.837 Y30.002 E.07105
G1 X24.48 Y30.002 E.0106
G1 X24.48 Y32.752 E.08165
G1 X24.122 Y33.109 E.01501
G1 X24.122 Y32.859 E.00742
G1 X23.765 Y32.859 E.0106
G1 X23.765 Y33.466 E.01802
G1 X23.408 Y33.823 E.01499
G1 X23.408 Y32.859 E.02862
G1 X23.051 Y32.859 E.0106
G1 X23.051 Y34.18 E.03922
G1 X22.694 Y34.537 E.01499
G1 X22.694 Y32.859 E.04982
G1 X22.337 Y32.859 E.0106
G1 X22.337 Y34.894 E.06042
G1 X21.98 Y35.251 E.01499
G1 X21.98 Y32.859 E.07102
G1 X21.623 Y32.859 E.0106
G1 X21.623 Y35.608 E.08162
G1 X21.266 Y35.965 E.01499
G1 X21.266 Y35.716 E.00739
G1 X20.909 Y35.716 E.0106
G1 X20.909 Y36.323 E.01802
G1 X20.552 Y36.68 E.01499
G1 X20.552 Y35.716 E.02862
G1 X20.195 Y35.716 E.0106
G1 X20.195 Y37.037 E.03922
G1 X19.838 Y37.394 E.01499
G1 X19.838 Y35.716 E.04982
G1 X19.48 Y35.716 E.01063
G1 X19.48 Y37.751 E.06042
G1 X19.123 Y38.108 E.01499
G1 X19.123 Y35.716 E.07102
G1 X18.766 Y35.716 E.0106
G1 X18.766 Y38.465 E.08162
G1 X18.409 Y38.822 E.01499
G1 X18.409 Y38.573 E.00739
G1 X18.052 Y38.573 E.0106
G1 X18.052 Y39.179 E.01799
G1 X17.695 Y39.536 E.01499
G1 X17.695 Y38.573 E.02859
G1 X17.338 Y38.573 E.0106
G1 X17.338 Y39.893 E.03919
G1 X16.981 Y40.25 E.01499
G1 X16.981 Y38.573 E.04979
G1 X16.624 Y38.573 E.0106
G1 X16.624 Y40.607 E.06039
G1 X16.267 Y40.965 E.01501
G1 X16.267 Y38.573 E.07102
G1 X15.91 Y38.573 E.0106
G1 X15.91 Y41.322 E.08162
G1 X15.553 Y41.679 E.01499
G1 X15.553 Y41.43 E.00739
G1 X15.195 Y41.43 E.01063
G1 X15.195 Y42.036 E.01799
G1 X14.838 Y42.393 E.01499
G1 X14.838 Y41.43 E.02859
G1 X14.481 Y41.43 E.0106
G1 X14.481 Y42.75 E.03919
G1 X14.124 Y43.107 E.01499
G1 X14.124 Y41.43 E.04979
G1 X13.767 Y41.43 E.0106
G1 X13.767 Y43.464 E.06039
G1 X13.41 Y43.821 E.01499
G1 X13.41 Y41.43 E.07099
G1 X13.053 Y41.43 E.0106
G1 X13.053 Y44.178 E.08159
G1 X12.696 Y44.535 E.01499
G1 X12.696 Y44.287 E.00736
G1 X12.339 Y44.287 E.0106
G1 X12.339 Y44.892 E.01796
G1 X11.982 Y45.25 E.01501
G1 X11.982 Y44.287 E.02859
G1 X11.625 Y44.287 E.0106
G1 X11.625 Y45.607 E.03919
G1 X11.268 Y45.964 E.01499
G1 X11.268 Y44.287 E.04979
G1 X10.911 Y44.287 E.0106
G1 X10.911 Y46.321 E.06039
G1 X10.553 Y46.678 E.01501
G1 X10.553 Y44.287 E.07099
G1 X10.196 Y44.287 E.0106
G1 X10.196 Y47.035 E.08159
G1 X9.839 Y47.392 E.01499
G1 X9.839 Y47.144 E.00736
G1 X9.482 Y47.144 E.0106
G1 X9.482 Y47.749 E.01796
G1 X9.125 Y48.106 E.01499
G1 X9.125 Y47.144 E.02856
G1 X8.768 Y47.144 E.0106
G1 X8.768 Y48.463 E.03916
G1 X8.411 Y48.82 E.01499
G1 X8.411 Y47.144 E.04976
G1 X8.054 Y47.144 E.0106
G1 X8.054 Y49.177 E.06036
G1 X7.697 Y49.534 E.01499
G1 X7.697 Y47.144 E.07096
G1 X7.34 Y47.144 E.0106
G1 X7.34 Y49.892 E.08159
G1 X6.983 Y50.249 E.01499
G1 X6.983 Y50.001 E.00736
G1 X6.626 Y50.001 E.0106
G1 X6.626 Y50.606 E.01796
G1 X6.269 Y50.963 E.01499
G1 X6.269 Y50.001 E.02856
G1 X5.911 Y50.001 E.01063
G1 X5.911 Y172.856 E3.64772
G1 X6.268 Y172.856 E.0106
G1 X6.268 Y171.737 E.03322
G1 X6.626 Y172.094 E.01501
G1 X6.626 Y172.856 E.02262
G1 X6.983 Y172.856 E.0106
G1 X6.983 Y172.451 E.01202
G1 X7.34 Y172.808 E.01499
G1 X7.34 Y175.713 E.08625
G1 X7.697 Y175.713 E.0106
G1 X7.697 Y173.166 E.07562
G1 X8.054 Y173.523 E.01499
G1 X8.054 Y175.713 E.06502
G1 X8.411 Y175.713 E.0106
G1 X8.411 Y173.88 E.05442
G1 X8.768 Y174.237 E.01499
G1 X8.768 Y175.713 E.04382
G1 X9.125 Y175.713 E.0106
G1 X9.125 Y174.594 E.03322
G1 X9.482 Y174.951 E.01499
G1 X9.482 Y175.713 E.02262
G1 X9.839 Y175.713 E.0106
G1 X9.839 Y175.308 E.01202
G1 X10.196 Y175.665 E.01499
G1 X10.196 Y178.57 E.08625
G1 X10.553 Y178.57 E.0106
G1 X10.553 Y176.022 E.07565
G1 X10.911 Y176.379 E.01501
G1 X10.911 Y178.57 E.06505
G1 X11.268 Y178.57 E.0106
G1 X11.268 Y176.736 E.05445
G1 X11.625 Y177.093 E.01499
G1 X11.625 Y178.57 E.04385
G1 X11.982 Y178.57 E.0106
G1 X11.982 Y177.45 E.03325
G1 X12.339 Y177.808 E.01501
G1 X12.339 Y178.57 E.02262
G1 X12.696 Y178.57 E.0106
G1 X12.696 Y178.165 E.01202
G1 X13.053 Y178.522 E.01499
G1 X13.053 Y181.427 E.08625
G1 X13.41 Y181.427 E.0106
G1 X13.41 Y178.879 E.07565
G1 X13.767 Y179.236 E.01499
G1 X13.767 Y181.427 E.06505
G1 X14.124 Y181.427 E.0106
G1 X14.124 Y179.593 E.05445
G1 X14.481 Y179.95 E.01499
G1 X14.481 Y181.427 E.04385
G1 X14.838 Y181.427 E.0106
G1 X14.838 Y180.307 E.03325
G1 X15.195 Y180.664 E.01499
G1 X15.195 Y181.427 E.02265
G1 X15.553 Y181.427 E.01063
G1 X15.553 Y181.021 E.01205
G1 X15.91 Y181.378 E.01499
G1 X15.91 Y184.284 E.08628
G1 X16.267 Y184.284 E.0106
G1 X16.267 Y181.735 E.07568
G1 X16.624 Y182.093 E.01501
G1 X16.624 Y184.284 E.06505
G1 X16.981 Y184.284 E.0106
G1 X16.981 Y182.45 E.05445
G1 X17.338 Y182.807 E.01499
G1 X17.338 Y184.284 E.04385
G1 X17.695 Y184.284 E.0106
G1 X17.695 Y183.164 E.03325
G1 X18.052 Y183.521 E.01499
G1 X18.052 Y184.284 E.02265
G1 X18.409 Y184.284 E.0106
G1 X18.409 Y183.878 E.01205
G1 X18.766 Y184.235 E.01499
G1 X18.766 Y187.141 E.08628
G1 X19.123 Y187.141 E.0106
G1 X19.123 Y184.592 E.07568
G1 X19.48 Y184.949 E.01499
G1 X19.48 Y187.141 E.06508
G1 X19.837 Y187.141 E.0106
G1 X19.837 Y185.306 E.05448
G1 X20.195 Y185.663 E.01501
G1 X20.195 Y187.141 E.04388
G1 X20.552 Y187.141 E.0106
G1 X20.552 Y186.02 E.03328
G1 X20.909 Y186.377 E.01499
G1 X20.909 Y187.141 E.02268
G1 X21.266 Y187.141 E.0106
G1 X21.266 Y186.735 E.01205
G1 X21.623 Y187.092 E.01499
G1 X21.623 Y189.998 E.08628
G1 X21.98 Y189.998 E.0106
G1 X21.98 Y187.449 E.07568
G1 X22.337 Y187.806 E.01499
G1 X22.337 Y189.998 E.06508
G1 X22.694 Y189.998 E.0106
G1 X22.694 Y188.163 E.05448
G1 X23.051 Y188.52 E.01499
G1 X23.051 Y189.998 E.04388
G1 X23.408 Y189.998 E.0106
G1 X23.408 Y188.877 E.03328
G1 X23.765 Y189.234 E.01499
G1 X23.765 Y189.998 E.02268
G1 X24.122 Y189.998 E.0106
G1 X24.122 Y189.591 E.01208
G1 X24.48 Y189.948 E.01501
G1 X24.48 Y192.855 E.08631
G1 X24.837 Y192.855 E.0106
G1 X24.837 Y190.305 E.07571
G1 X25.194 Y190.662 E.01499
G1 X25.194 Y192.855 E.06511
G1 X25.551 Y192.855 E.0106
G1 X25.551 Y191.019 E.05451
G1 X25.908 Y191.377 E.01501
G1 X25.908 Y192.855 E.04388
G1 X26.265 Y192.855 E.0106
G1 X26.265 Y191.734 E.03328
G1 X26.622 Y192.091 E.01499
G1 X26.622 Y192.855 E.02268
G1 X26.979 Y192.855 E.0106
G1 X26.979 Y192.448 E.01208
G1 X27.336 Y192.805 E.01499
G1 X27.336 Y195.712 E.08631
G1 X27.693 Y195.712 E.0106
G1 X27.693 Y193.162 E.07571
G1 X28.05 Y193.519 E.01499
G1 X28.05 Y195.712 E.06511
G1 X28.407 Y195.712 E.0106
G1 X28.407 Y193.876 E.05451
G1 X28.764 Y194.233 E.01499
G1 X28.764 Y195.712 E.04391
G1 X29.122 Y195.712 E.01063
G1 X29.122 Y194.59 E.03331
G1 X29.479 Y194.947 E.01499
G1 X29.479 Y195.712 E.02271
G1 X29.836 Y195.712 E.0106
G1 X29.836 Y195.304 E.01211
G1 X30.193 Y195.662 E.01501
G1 X30.193 Y198.57 E.08634
G1 X30.55 Y198.57 E.0106
G1 X30.55 Y196.019 E.07574
G1 X30.907 Y196.376 E.01499
G1 X30.907 Y198.57 E.06514
G1 X31.264 Y198.57 E.0106
G1 X31.264 Y196.733 E.05454
G1 X31.621 Y197.09 E.01499
G1 X31.621 Y198.57 E.04394
G1 X31.978 Y198.57 E.0106
G1 X31.978 Y197.375 E.03548
G1 X32.335 Y197.434 E.01074
G1 X32.335 Y198.57 E.03373
G1 X32.692 Y198.57 E.0106
G1 X32.692 Y197.434 E.03373
G1 X33.049 Y197.434 E.0106
G1 X33.049 Y198.57 E.03373
G1 X33.406 Y198.57 E.0106
G1 X33.406 Y197.434 E.03373
G1 X33.764 Y197.434 E.01063
G1 X33.764 Y198.57 E.03373
G1 X34.121 Y198.57 E.0106
G1 X34.121 Y197.434 E.03373
G1 X34.478 Y197.434 E.0106
G1 X34.478 Y198.57 E.03373
G1 X34.835 Y198.57 E.0106
G1 X34.835 Y197.434 E.03373
G1 X35.192 Y197.434 E.0106
G1 X35.192 Y198.57 E.03373
G1 X35.549 Y198.57 E.0106
G1 X35.549 Y197.434 E.03373
G1 X35.906 Y197.434 E.0106
G1 X35.906 Y198.57 E.03373
G1 X36.263 Y198.57 E.0106
G1 X36.263 Y197.434 E.03373
G1 X36.62 Y197.434 E.0106
G1 X36.62 Y198.57 E.03373
G1 X36.977 Y198.57 E.0106
G1 X36.977 Y197.434 E.03373
G1 X37.334 Y197.434 E.0106
G1 X37.334 Y198.57 E.03373
G1 X37.691 Y198.57 E.0106
G1 X37.691 Y197.434 E.03373
G1 X38.049 Y197.434 E.01063
G1 X38.049 Y198.57 E.03373
G1 X38.406 Y198.57 E.0106
G1 X38.406 Y197.434 E.03373
G1 X38.763 Y197.434 E.0106
G1 X38.763 Y198.57 E.03373
G1 X39.12 Y198.57 E.0106
G1 X39.12 Y197.434 E.03373
G1 X39.477 Y197.434 E.0106
G1 X39.477 Y198.57 E.03373
G1 X39.834 Y198.57 E.0106
G1 X39.834 Y197.434 E.03373
G1 X40.191 Y197.434 E.0106
G1 X40.191 Y198.57 E.03373
G1 X40.548 Y198.57 E.0106
G1 X40.548 Y197.434 E.03373
G1 X40.905 Y197.434 E.0106
G1 X40.905 Y198.57 E.03373
G1 X41.262 Y198.57 E.0106
G1 X41.262 Y197.434 E.03373
G1 X41.619 Y197.434 E.0106
G1 X41.619 Y198.57 E.03373
G1 X41.976 Y198.57 E.0106
G1 X41.976 Y197.434 E.03373
G1 X42.333 Y197.434 E.0106
G1 X42.333 Y198.57 E.03373
G1 X42.691 Y198.57 E.01063
G1 X42.691 Y197.434 E.03373
G1 X43.048 Y197.434 E.0106
G1 X43.048 Y198.57 E.03373
G1 X43.405 Y198.57 E.0106
G1 X43.405 Y197.434 E.03373
G1 X43.762 Y197.434 E.0106
G1 X43.762 Y198.57 E.03373
G1 X44.119 Y198.57 E.0106
G1 X44.119 Y197.434 E.03373
G1 X44.476 Y197.434 E.0106
G1 X44.476 Y198.57 E.03373
G1 X44.833 Y198.57 E.0106
G1 X44.833 Y197.434 E.03373
G1 X45.19 Y197.434 E.0106
G1 X45.19 Y198.57 E.03373
G1 X45.547 Y198.57 E.0106
G1 X45.547 Y197.434 E.03373
G1 X45.904 Y197.434 E.0106
G1 X45.904 Y198.57 E.03373
G1 X46.261 Y198.57 E.0106
G1 X46.261 Y197.434 E.03373
G1 X46.618 Y197.434 E.0106
G1 X46.618 Y198.57 E.03373
G1 X46.975 Y198.57 E.0106
G1 X46.975 Y197.434 E.03373
G1 X47.333 Y197.434 E.01063
G1 X47.333 Y198.57 E.03373
G1 X47.69 Y198.57 E.0106
G1 X47.69 Y197.434 E.03373
G1 X48.047 Y197.434 E.0106
G1 X48.047 Y198.57 E.03373
G1 X48.404 Y198.57 E.0106
G1 X48.404 Y197.434 E.03373
G1 X48.761 Y197.434 E.0106
G1 X48.761 Y198.57 E.03373
G1 X49.118 Y198.57 E.0106
G1 X49.118 Y197.434 E.03373
G1 X49.475 Y197.434 E.0106
G1 X49.475 Y198.57 E.03373
G1 X49.832 Y198.57 E.0106
G1 X49.832 Y197.434 E.03373
G1 X50.189 Y197.434 E.0106
G1 X50.189 Y204.284 E.20339
G1 X50.546 Y204.284 E.0106
G1 X50.546 Y197.434 E.20339
G1 X50.903 Y197.434 E.0106
G1 X50.903 Y204.284 E.20339
G1 X51.26 Y204.284 E.0106
G1 X51.26 Y197.434 E.20339
G1 X51.618 Y197.434 E.01063
G1 X51.618 Y204.284 E.20339
G1 X51.975 Y204.284 E.0106
G1 X51.975 Y197.434 E.20339
G1 X52.332 Y197.434 E.0106
G1 X52.332 Y198.57 E.03373
G1 X52.689 Y198.57 E.0106
G1 X52.689 Y197.434 E.03373
G1 X53.046 Y197.434 E.0106
G1 X53.046 Y198.57 E.03373
G1 X53.403 Y198.57 E.0106
G1 X53.403 Y197.434 E.03373
G1 X53.76 Y197.434 E.0106
G1 X53.76 Y198.57 E.03373
G1 X54.117 Y198.57 E.0106
G1 X54.117 Y197.434 E.03373
G1 X54.474 Y197.434 E.0106
G1 X54.474 Y198.57 E.03373
G1 X54.831 Y198.57 E.0106
G1 X54.831 Y197.434 E.03373
G1 X55.188 Y197.434 E.0106
G1 X55.188 Y198.57 E.03373
G1 X55.545 Y198.57 E.0106
G1 X55.545 Y197.434 E.03373
G1 X55.902 Y197.434 E.0106
G1 X55.902 Y198.57 E.03373
G1 X56.26 Y198.57 E.01063
G1 X56.26 Y197.434 E.03373
G1 X56.617 Y197.434 E.0106
G1 X56.617 Y198.57 E.03373
G1 X56.974 Y198.57 E.0106
G1 X56.974 Y197.434 E.03373
G1 X57.331 Y197.434 E.0106
G1 X57.331 Y198.57 E.03373
G1 X57.688 Y198.57 E.0106
G1 X57.688 Y197.434 E.03373
G1 X58.045 Y197.434 E.0106
G1 X58.045 Y198.57 E.03373
G1 X58.402 Y198.57 E.0106
G1 X58.402 Y197.434 E.03373
G1 X58.759 Y197.434 E.0106
G1 X58.759 Y201.427 E.11856
G1 X59.116 Y201.427 E.0106
G1 X59.116 Y197.434 E.11856
G1 X59.473 Y197.434 E.0106
G1 X59.473 Y201.427 E.11856
G1 X59.83 Y201.427 E.0106
G1 X59.83 Y199.988 E.04273
G1 X60.187 Y199.988 E.0106
G1 X60.187 Y201.427 E.04273
G1 X60.545 Y201.427 E.01063
G1 X60.545 Y199.988 E.04273
G1 X60.902 Y199.988 E.0106
G1 X60.902 Y201.427 E.04273
G1 X61.259 Y201.427 E.0106
G1 X61.259 Y199.988 E.04273
G1 X61.616 Y199.988 E.0106
G1 X61.616 Y201.427 E.04273
G1 X61.973 Y201.427 E.0106
G1 X61.973 Y199.988 E.04273
G1 X62.33 Y199.988 E.0106
G1 X62.33 Y201.427 E.04273
G1 X62.687 Y201.427 E.0106
G1 X62.687 Y199.988 E.04273
G1 X63.044 Y199.988 E.0106
G1 X63.044 Y201.427 E.04273
G1 X63.401 Y201.427 E.0106
G1 X63.401 Y199.988 E.04273
G1 X63.758 Y199.988 E.0106
G1 X63.758 Y201.427 E.04273
G1 X64.115 Y201.427 E.0106
G1 X64.115 Y199.988 E.04273
G1 X64.472 Y199.988 E.0106
G1 X64.472 Y201.427 E.04273
G1 X64.829 Y201.427 E.0106
G1 X64.829 Y199.988 E.04273
G1 X65.187 Y199.988 E.01063
G1 X65.187 Y201.427 E.04273
G1 X65.544 Y201.427 E.0106
G1 X65.544 Y199.988 E.04273
G1 X65.901 Y199.988 E.0106
G1 X65.901 Y201.427 E.04273
G1 X66.258 Y201.427 E.0106
G1 X66.258 Y199.988 E.04273
G1 X66.615 Y199.988 E.0106
G1 X66.615 Y201.427 E.04273
G1 X66.972 Y201.427 E.0106
G1 X66.972 Y199.988 E.04273
G1 X67.329 Y199.988 E.0106
G1 X67.329 Y201.427 E.04273
G1 X67.686 Y201.427 E.0106
G1 X67.686 Y199.988 E.04273
G1 X68.043 Y199.988 E.0106
G1 X68.043 Y201.427 E.04273
G1 X68.4 Y201.427 E.0106
G1 X68.4 Y199.988 E.04273
G1 X68.757 Y199.988 E.0106
G1 X68.757 Y201.427 E.04273
G1 X69.114 Y201.427 E.0106
G1 X69.114 Y199.988 E.04273
G1 X69.471 Y199.988 E.0106
G1 X69.471 Y201.427 E.04273
G1 X69.829 Y201.427 E.01063
G1 X69.829 Y199.988 E.04273
G1 X70.186 Y199.988 E.0106
G1 X70.186 Y201.427 E.04273
G1 X70.543 Y201.427 E.0106
G1 X70.543 Y199.988 E.04273
G1 X70.9 Y199.988 E.0106
G1 X70.9 Y201.427 E.04273
G1 X71.257 Y201.427 E.0106
G1 X71.257 Y199.988 E.04273
G1 X71.614 Y199.988 E.0106
G1 X71.614 Y201.427 E.04273
G1 X71.971 Y201.427 E.0106
G1 X71.971 Y199.988 E.04273
G1 X72.328 Y199.988 E.0106
G1 X72.328 Y201.427 E.04273
G1 X72.685 Y201.427 E.0106
G1 X72.685 Y199.988 E.04273
G1 X73.042 Y199.988 E.0106
G1 X73.042 Y201.427 E.04273
G1 X73.399 Y201.427 E.0106
G1 X73.399 Y199.988 E.04273
G1 X73.756 Y199.988 E.0106
G1 X73.756 Y201.427 E.04273
G1 X74.114 Y201.427 E.01063
G1 X74.114 Y199.988 E.04273
G1 X74.471 Y199.988 E.0106
G1 X74.471 Y201.427 E.04273
G1 X74.828 Y201.427 E.0106
G1 X74.828 Y199.988 E.04273
G1 X75.185 Y199.988 E.0106
G1 X75.185 Y201.427 E.04273
G1 X75.542 Y201.427 E.0106
G1 X75.542 Y199.988 E.04273
G1 X75.899 Y199.988 E.0106
G1 X75.899 Y201.427 E.04273
G1 X76.256 Y201.427 E.0106
G1 X76.256 Y199.988 E.04273
G1 X76.613 Y199.988 E.0106
G1 X76.613 Y201.427 E.04273
G1 X76.97 Y201.427 E.0106
G1 X76.97 Y199.988 E.04273
G1 X77.327 Y199.988 E.0106
G1 X77.327 Y201.427 E.04273
G1 X77.684 Y201.427 E.0106
G1 X77.684 Y199.988 E.04273
G1 X78.041 Y199.988 E.0106
G1 X78.041 Y201.427 E.04273
G1 X78.398 Y201.427 E.0106
G1 X78.398 Y199.988 E.04273
G1 X78.756 Y199.988 E.01063
G1 X78.756 Y201.427 E.04273
G1 X79.113 Y201.427 E.0106
G1 X79.113 Y199.988 E.04273
G1 X79.47 Y199.988 E.0106
G1 X79.47 Y201.427 E.04273
G1 X79.827 Y201.427 E.0106
G1 X79.827 Y199.988 E.04273
G1 X80.184 Y199.988 E.0106
G1 X80.184 Y201.427 E.04273
G1 X80.541 Y201.427 E.0106
G1 X80.541 Y199.988 E.04273
G1 X80.898 Y199.988 E.0106
G1 X80.898 Y201.427 E.04273
G1 X81.255 Y201.427 E.0106
G1 X81.255 Y199.988 E.04273
G1 X81.612 Y199.988 E.0106
G1 X81.612 Y201.427 E.04273
G1 X81.969 Y201.427 E.0106
G1 X81.969 Y199.988 E.04273
G1 X82.326 Y199.988 E.0106
G1 X82.326 Y201.427 E.04273
G1 X82.683 Y201.427 E.0106
G1 X82.683 Y199.988 E.04273
G1 X83.04 Y199.988 E.0106
G1 X83.04 Y201.427 E.04273
G1 X83.398 Y201.427 E.01063
G1 X83.398 Y199.988 E.04273
G1 X83.755 Y199.988 E.0106
G1 X83.755 Y201.427 E.04273
G1 X84.112 Y201.427 E.0106
G1 X84.112 Y199.988 E.04273
G1 X84.469 Y199.988 E.0106
G1 X84.469 Y201.427 E.04273
G1 X84.826 Y201.427 E.0106
G1 X84.826 Y199.988 E.04273
G1 X85.183 Y199.988 E.0106
G1 X85.183 Y201.427 E.04273
G1 X85.54 Y201.427 E.0106
G1 X85.54 Y199.988 E.04273
G1 X85.897 Y199.988 E.0106
G1 X85.897 Y201.427 E.04273
G1 X86.254 Y201.427 E.0106
G1 X86.254 Y199.988 E.04273
G1 X86.611 Y199.988 E.0106
G1 X86.611 Y201.427 E.04273
G1 X86.968 Y201.427 E.0106
G1 X86.968 Y199.988 E.04273
G1 X87.325 Y199.988 E.0106
G1 X87.325 Y201.427 E.04273
G1 X87.683 Y201.427 E.01063
G1 X87.683 Y199.988 E.04273
G1 X88.04 Y199.988 E.0106
G1 X88.04 Y201.427 E.04273
G1 X88.397 Y201.427 E.0106
G1 X88.397 Y199.988 E.04273
G1 X88.754 Y199.988 E.0106
G1 X88.754 Y201.427 E.04273
G1 X89.111 Y201.427 E.0106
G1 X89.111 Y199.988 E.04273
G1 X89.468 Y199.988 E.0106
G1 X89.468 Y201.427 E.04273
G1 X89.825 Y201.427 E.0106
G1 X89.825 Y199.988 E.04273
G1 X90.182 Y199.988 E.0106
G1 X90.182 Y201.427 E.04273
G1 X90.539 Y201.427 E.0106
G1 X90.539 Y199.988 E.04273
G1 X90.896 Y199.988 E.0106
G1 X90.896 Y201.427 E.04273
G1 X91.253 Y201.427 E.0106
G1 X91.253 Y199.988 E.04273
G1 X91.61 Y199.988 E.0106
G1 X91.61 Y201.427 E.04273
G1 X91.967 Y201.427 E.0106
G1 X91.967 Y199.988 E.04273
G1 X92.325 Y199.988 E.01063
G1 X92.325 Y201.427 E.04273
G1 X92.682 Y201.427 E.0106
G1 X92.682 Y199.988 E.04273
G1 X93.039 Y199.988 E.0106
G1 X93.039 Y201.427 E.04273
G1 X93.396 Y201.427 E.0106
G1 X93.396 Y199.988 E.04273
G1 X93.753 Y199.988 E.0106
G1 X93.753 Y201.427 E.04273
G1 X94.11 Y201.427 E.0106
G1 X94.11 Y199.988 E.04273
G1 X94.467 Y199.988 E.0106
G1 X94.467 Y201.427 E.04273
G1 X94.824 Y201.427 E.0106
G1 X94.824 Y199.988 E.04273
G1 X95.181 Y199.988 E.0106
G1 X95.181 Y201.427 E.04273
G1 X95.538 Y201.427 E.0106
G1 X95.538 Y199.988 E.04273
G1 X95.895 Y199.988 E.0106
G1 X95.895 Y201.427 E.04273
G1 X96.252 Y201.427 E.0106
G1 X96.252 Y199.988 E.04273
G1 X96.609 Y199.988 E.0106
G1 X96.609 Y201.427 E.04273
G1 X96.967 Y201.427 E.01063
G1 X96.967 Y199.988 E.04273
G1 X97.324 Y199.988 E.0106
G1 X97.324 Y201.427 E.04273
G1 X97.681 Y201.427 E.0106
G1 X97.681 Y199.988 E.04273
G1 X98.038 Y199.988 E.0106
G1 X98.038 Y201.427 E.04273
G1 X98.395 Y201.427 E.0106
G1 X98.395 Y199.988 E.04273
G1 X98.752 Y199.988 E.0106
G1 X98.752 Y201.427 E.04273
G1 X99.109 Y201.427 E.0106
G1 X99.109 Y199.988 E.04273
G1 X99.466 Y199.988 E.0106
G1 X99.466 Y201.427 E.04273
G1 X99.823 Y201.427 E.0106
G1 X99.823 Y199.988 E.04273
G1 X100.18 Y199.988 E.0106
G1 X100.18 Y201.427 E.04273
G1 X100.537 Y201.427 E.0106
G1 X100.537 Y199.988 E.04273
G1 X100.894 Y199.988 E.0106
G1 X100.894 Y201.427 E.04273
G1 X101.252 Y201.427 E.01063
G1 X101.252 Y199.988 E.04273
G1 X101.609 Y199.988 E.0106
G1 X101.609 Y201.427 E.04273
G1 X101.966 Y201.427 E.0106
G1 X101.966 Y199.988 E.04273
G1 X102.323 Y199.988 E.0106
G1 X102.323 Y201.427 E.04273
G1 X102.68 Y201.427 E.0106
G1 X102.68 Y199.988 E.04273
G1 X103.037 Y199.988 E.0106
G1 X103.037 Y201.427 E.04273
G1 X103.394 Y201.427 E.0106
G1 X103.394 Y199.988 E.04273
G1 X103.751 Y199.988 E.0106
G1 X103.751 Y201.427 E.04273
G1 X104.108 Y201.427 E.0106
G1 X104.108 Y199.988 E.04273
G1 X104.465 Y199.988 E.0106
G1 X104.465 Y201.427 E.04273
G1 X104.822 Y201.427 E.0106
G1 X104.822 Y199.988 E.04273
G1 X105.179 Y199.988 E.0106
G1 X105.179 Y201.427 E.04273
G1 X105.536 Y201.427 E.0106
G1 X105.536 Y199.988 E.04273
G1 X105.894 Y199.988 E.01063
G1 X105.894 Y201.427 E.04273
G1 X106.251 Y201.427 E.0106
G1 X106.251 Y199.988 E.04273
G1 X106.608 Y199.988 E.0106
G1 X106.608 Y201.427 E.04273
G1 X106.965 Y201.427 E.0106
G1 X106.965 Y199.988 E.04273
G1 X107.322 Y199.988 E.0106
G1 X107.322 Y201.427 E.04273
G1 X107.679 Y201.427 E.0106
G1 X107.679 Y199.988 E.04273
G1 X108.036 Y199.988 E.0106
G1 X108.036 Y201.427 E.04273
G1 X108.393 Y201.427 E.0106
G1 X108.393 Y199.988 E.04273
G1 X108.75 Y199.988 E.0106
G1 X108.75 Y201.427 E.04273
G1 X109.107 Y201.427 E.0106
G1 X109.107 Y199.988 E.04273
G1 X109.464 Y199.988 E.0106
G1 X109.464 Y201.427 E.04273
G1 X109.821 Y201.427 E.0106
G1 X109.821 Y199.988 E.04273
G1 X110.178 Y199.988 E.0106
G1 X110.178 Y201.427 E.04273
G1 X110.536 Y201.427 E.01063
G1 X110.536 Y199.988 E.04273
G1 X110.893 Y199.988 E.0106
G1 X110.893 Y201.427 E.04273
G1 X111.25 Y201.427 E.0106
G1 X111.25 Y199.988 E.04273
G1 X111.607 Y199.988 E.0106
G1 X111.607 Y201.427 E.04273
G1 X111.964 Y201.427 E.0106
G1 X111.964 Y199.988 E.04273
G1 X112.321 Y199.988 E.0106
G1 X112.321 Y201.427 E.04273
G1 X112.678 Y201.427 E.0106
G1 X112.678 Y199.988 E.04273
G1 X113.035 Y199.988 E.0106
G1 X113.035 Y201.427 E.04273
G1 X113.392 Y201.427 E.0106
G1 X113.392 Y199.988 E.04273
G1 X113.749 Y199.988 E.0106
G1 X113.749 Y201.427 E.04273
G1 X114.106 Y201.427 E.0106
G1 X114.106 Y199.988 E.04273
G1 X114.463 Y199.988 E.0106
G1 X114.463 Y201.427 E.04273
G1 X114.821 Y201.427 E.01063
G1 X114.821 Y199.988 E.04273
G1 X115.178 Y199.988 E.0106
G1 X115.178 Y201.427 E.04273
G1 X115.535 Y201.427 E.0106
G1 X115.535 Y199.988 E.04273
G1 X115.892 Y199.988 E.0106
G1 X115.892 Y201.427 E.04273
G1 X116.249 Y201.427 E.0106
G1 X116.249 Y199.988 E.04273
G1 X116.606 Y199.988 E.0106
G1 X116.606 Y201.427 E.04273
G1 X116.963 Y201.427 E.0106
G1 X116.963 Y199.988 E.04273
G1 X117.32 Y199.988 E.0106
G1 X117.32 Y201.427 E.04273
G1 X117.677 Y201.427 E.0106
G1 X117.677 Y199.988 E.04273
G1 X118.034 Y199.988 E.0106
G1 X118.034 Y201.427 E.04273
G1 X118.391 Y201.427 E.0106
G1 X118.391 Y199.988 E.04273
G1 X118.748 Y199.988 E.0106
G1 X118.748 Y201.427 E.04273
G1 X119.105 Y201.427 E.0106
G1 X119.105 Y199.988 E.04273
G1 X119.463 Y199.988 E.01063
G1 X119.463 Y201.427 E.04273
G1 X119.82 Y201.427 E.0106
G1 X119.82 Y199.988 E.04273
G1 X120.177 Y199.988 E.0106
G1 X120.177 Y201.427 E.04273
G1 X120.534 Y201.427 E.0106
G1 X120.534 Y199.988 E.04273
G1 X120.891 Y199.988 E.0106
G1 X120.891 Y201.427 E.04273
G1 X121.248 Y201.427 E.0106
G1 X121.248 Y199.988 E.04273
G1 X121.605 Y199.988 E.0106
G1 X121.605 Y201.427 E.04273
G1 X121.962 Y201.427 E.0106
G1 X121.962 Y199.988 E.04273
G1 X122.319 Y199.988 E.0106
G1 X122.319 Y201.427 E.04273
G1 X122.676 Y201.427 E.0106
G1 X122.676 Y199.988 E.04273
G1 X123.033 Y199.988 E.0106
G1 X123.033 Y201.427 E.04273
G1 X123.39 Y201.427 E.0106
G1 X123.39 Y199.988 E.04273
G1 X123.747 Y199.988 E.0106
G1 X123.747 Y201.427 E.04273
G1 X124.105 Y201.427 E.01063
G1 X124.105 Y199.988 E.04273
G1 X124.462 Y199.988 E.0106
G1 X124.462 Y201.427 E.04273
G1 X124.819 Y201.427 E.0106
G1 X124.819 Y199.988 E.04273
G1 X125.176 Y199.988 E.0106
G1 X125.176 Y201.427 E.04273
G1 X125.533 Y201.427 E.0106
G1 X125.533 Y199.988 E.04273
G1 X125.89 Y199.988 E.0106
G1 X125.89 Y201.427 E.04273
G1 X126.247 Y201.427 E.0106
G1 X126.247 Y199.988 E.04273
G1 X126.604 Y199.988 E.0106
G1 X126.604 Y201.427 E.04273
G1 X126.961 Y201.427 E.0106
G1 X126.961 Y199.988 E.04273
G1 X127.318 Y199.988 E.0106
G1 X127.318 Y201.427 E.04273
G1 X127.675 Y201.427 E.0106
G1 X127.675 Y199.988 E.04273
G1 X128.032 Y199.988 E.0106
G1 X128.032 Y201.427 E.04273
G1 X128.39 Y201.427 E.01063
G1 X128.39 Y199.988 E.04273
G1 X128.747 Y199.988 E.0106
G1 X128.747 Y201.427 E.04273
G1 X129.104 Y201.427 E.0106
G1 X129.104 Y199.988 E.04273
G1 X129.461 Y199.988 E.0106
G1 X129.461 Y201.427 E.04273
G1 X129.818 Y201.427 E.0106
G1 X129.818 Y199.988 E.04273
G1 X130.175 Y199.988 E.0106
G1 X130.175 Y201.427 E.04273
G1 X130.532 Y201.427 E.0106
G1 X130.532 Y199.988 E.04273
G1 X130.889 Y199.988 E.0106
G1 X130.889 Y201.427 E.04273
G1 X131.246 Y201.427 E.0106
G1 X131.246 Y199.988 E.04273
G1 X131.603 Y199.988 E.0106
G1 X131.603 Y201.427 E.04273
G1 X131.96 Y201.427 E.0106
G1 X131.96 Y199.988 E.04273
G1 X132.317 Y199.988 E.0106
G1 X132.317 Y201.427 E.04273
G1 X132.674 Y201.427 E.0106
G1 X132.674 Y199.988 E.04273
G1 X133.032 Y199.988 E.01063
G1 X133.032 Y201.427 E.04273
G1 X133.389 Y201.427 E.0106
G1 X133.389 Y199.988 E.04273
G1 X133.746 Y199.988 E.0106
G1 X133.746 Y201.427 E.04273
G1 X134.103 Y201.427 E.0106
G1 X134.103 Y199.988 E.04273
G1 X134.46 Y199.988 E.0106
G1 X134.46 Y201.427 E.04273
G1 X134.817 Y201.427 E.0106
G1 X134.817 Y199.988 E.04273
G1 X135.174 Y199.988 E.0106
G1 X135.174 Y201.427 E.04273
G1 X135.531 Y201.427 E.0106
G1 X135.531 Y199.988 E.04273
G1 X135.888 Y199.988 E.0106
G1 X135.888 Y201.427 E.04273
G1 X136.245 Y201.427 E.0106
G1 X136.245 Y199.988 E.04273
G1 X136.602 Y199.988 E.0106
G1 X136.602 Y201.427 E.04273
G1 X136.959 Y201.427 E.0106
G1 X136.959 Y199.988 E.04273
G1 X137.316 Y199.988 E.0106
G1 X137.316 Y201.427 E.04273
G1 X137.674 Y201.427 E.01063
G1 X137.674 Y199.988 E.04273
G1 X138.031 Y199.988 E.0106
G1 X138.031 Y201.427 E.04273
G1 X138.388 Y201.427 E.0106
G1 X138.388 Y199.988 E.04273
G1 X138.745 Y199.988 E.0106
G1 X138.745 Y201.427 E.04273
G1 X139.102 Y201.427 E.0106
G1 X139.102 Y199.988 E.04273
G1 X139.459 Y199.988 E.0106
G1 X139.459 Y201.427 E.04273
G1 X139.816 Y201.427 E.0106
G1 X139.816 Y199.988 E.04273
G1 X140.173 Y199.988 E.0106
G1 X140.173 Y201.427 E.04273
G1 X140.53 Y201.427 E.0106
G1 X140.53 Y199.988 E.04273
G1 X140.887 Y199.988 E.0106
G1 X140.887 Y201.427 E.04273
G1 X141.244 Y201.427 E.0106
G1 X141.244 Y199.988 E.04273
G1 X141.601 Y199.988 E.0106
G1 X141.601 Y201.427 E.04273
G1 X141.959 Y201.427 E.01063
G1 X141.959 Y199.988 E.04273
G1 X142.316 Y199.988 E.0106
G1 X142.316 Y201.427 E.04273
G1 X142.673 Y201.427 E.0106
G1 X142.673 Y199.988 E.04273
G1 X143.03 Y199.988 E.0106
G1 X143.03 Y201.427 E.04273
G1 X143.387 Y201.427 E.0106
G1 X143.387 Y199.988 E.04273
G1 X143.744 Y199.988 E.0106
G1 X143.744 Y201.427 E.04273
G1 X144.101 Y201.427 E.0106
G1 X144.101 Y199.988 E.04273
G1 X144.458 Y199.988 E.0106
G1 X144.458 Y201.427 E.04273
G1 X144.815 Y201.427 E.0106
G1 X144.815 Y199.988 E.04273
G1 X145.172 Y199.988 E.0106
G1 X145.172 Y201.427 E.04273
G1 X145.529 Y201.427 E.0106
G1 X145.529 Y199.988 E.04273
G1 X145.886 Y199.988 E.0106
G1 X145.886 Y201.427 E.04273
G1 X146.243 Y201.427 E.0106
G1 X146.243 Y199.988 E.04273
G1 X146.601 Y199.988 E.01063
G1 X146.601 Y201.427 E.04273
G1 X146.958 Y201.427 E.0106
G1 X146.958 Y199.988 E.04273
G1 X147.315 Y199.988 E.0106
G1 X147.315 Y201.427 E.04273
G1 X147.672 Y201.427 E.0106
G1 X147.672 Y199.988 E.04273
G1 X148.029 Y199.988 E.0106
G1 X148.029 Y201.427 E.04273
G1 X148.386 Y201.427 E.0106
G1 X148.386 Y199.988 E.04273
G1 X148.743 Y199.988 E.0106
G1 X148.743 Y201.427 E.04273
G1 X149.1 Y201.427 E.0106
G1 X149.1 Y199.988 E.04273
G1 X149.457 Y199.988 E.0106
G1 X149.457 Y201.427 E.04273
G1 X149.814 Y201.427 E.0106
G1 X149.814 Y199.988 E.04273
G1 X150.171 Y199.988 E.0106
G1 X150.171 Y201.427 E.04273
G1 X150.528 Y201.427 E.0106
G1 X150.528 Y199.988 E.04273
G1 X150.885 Y199.988 E.0106
G1 X150.885 Y201.427 E.04273
G1 X151.243 Y201.427 E.01063
G1 X151.243 Y199.988 E.04273
G1 X151.6 Y199.988 E.0106
G1 X151.6 Y201.427 E.04273
G1 X151.957 Y201.427 E.0106
G1 X151.957 Y199.988 E.04273
G1 X152.314 Y199.988 E.0106
G1 X152.314 Y201.427 E.04273
G1 X152.671 Y201.427 E.0106
G1 X152.671 Y199.988 E.04273
G1 X153.028 Y199.988 E.0106
G1 X153.028 Y201.427 E.04273
G1 X153.385 Y201.427 E.0106
G1 X153.385 Y199.988 E.04273
G1 X153.742 Y199.988 E.0106
G1 X153.742 Y201.427 E.04273
G1 X154.099 Y201.427 E.0106
G1 X154.099 Y199.988 E.04273
G1 X154.456 Y199.988 E.0106
G1 X154.456 Y201.427 E.04273
G1 X154.813 Y201.427 E.0106
G1 X154.813 Y199.988 E.04273
G1 X155.17 Y199.988 E.0106
G1 X155.17 Y201.427 E.04273
G1 X155.528 Y201.427 E.01063
G1 X155.528 Y199.988 E.04273
G1 X155.885 Y199.988 E.0106
G1 X155.885 Y201.427 E.04273
G1 X156.242 Y201.427 E.0106
G1 X156.242 Y199.988 E.04273
G1 X156.599 Y199.988 E.0106
G1 X156.599 Y201.427 E.04273
G1 X156.956 Y201.427 E.0106
G1 X156.956 Y199.988 E.04273
G1 X157.313 Y199.988 E.0106
G1 X157.313 Y201.427 E.04273
G1 X157.67 Y201.427 E.0106
G1 X157.67 Y199.988 E.04273
G1 X158.027 Y199.988 E.0106
G1 X158.027 Y201.427 E.04273
G1 X158.384 Y201.427 E.0106
G1 X158.384 Y199.988 E.04273
G1 X158.741 Y199.988 E.0106
G1 X158.741 Y201.427 E.04273
G1 X159.098 Y201.427 E.0106
G1 X159.098 Y199.988 E.04273
G1 X159.455 Y199.988 E.0106
G1 X159.455 Y201.427 E.04273
G1 X159.812 Y201.427 E.0106
G1 X159.812 Y199.988 E.04273
G1 X160.17 Y199.988 E.01063
G1 X160.17 Y201.427 E.04273
G1 X160.527 Y201.427 E.0106
G1 X160.527 Y197.434 E.11856
G1 X160.884 Y197.434 E.0106
G1 X160.884 Y201.427 E.11856
G1 X161.241 Y201.427 E.0106
G1 X161.241 Y197.434 E.11856
G1 X161.598 Y197.434 E.0106
G1 X161.598 Y198.57 E.03373
G1 X161.955 Y198.57 E.0106
G1 X161.955 Y197.434 E.03373
G1 X162.312 Y197.434 E.0106
G1 X162.312 Y198.57 E.03373
G1 X162.669 Y198.57 E.0106
G1 X162.669 Y197.434 E.03373
G1 X163.026 Y197.434 E.0106
G1 X163.026 Y198.57 E.03373
G1 X163.383 Y198.57 E.0106
G1 X163.383 Y197.434 E.03373
G1 X163.74 Y197.434 E.0106
G1 X163.74 Y198.57 E.03373
G1 X164.097 Y198.57 E.0106
G1 X164.097 Y197.434 E.03373
G1 X164.454 Y197.434 E.0106
G1 X164.454 Y198.57 E.03373
G1 X164.812 Y198.57 E.01063
G1 X164.812 Y197.434 E.03373
G1 X165.169 Y197.434 E.0106
G1 X165.169 Y198.57 E.03373
G1 X165.526 Y198.57 E.0106
G1 X165.526 Y197.434 E.03373
G1 X165.883 Y197.434 E.0106
G1 X165.883 Y198.57 E.03373
G1 X166.24 Y198.57 E.0106
G1 X166.24 Y197.434 E.03373
G1 X166.597 Y197.434 E.0106
G1 X166.597 Y198.57 E.03373
G1 X166.954 Y198.57 E.0106
G1 X166.954 Y197.434 E.03373
G1 X167.311 Y197.434 E.0106
G1 X167.311 Y198.57 E.03373
G1 X167.668 Y198.57 E.0106
G1 X167.668 Y197.434 E.03373
G1 X168.025 Y197.434 E.0106
G1 X168.025 Y204.284 E.20339
G1 X168.382 Y204.284 E.0106
G1 X168.382 Y197.434 E.20339
G1 X168.739 Y197.434 E.0106
G1 X168.739 Y204.284 E.20339
G1 X169.097 Y204.284 E.01063
G1 X169.097 Y197.434 E.20339
G1 X169.454 Y197.434 E.0106
G1 X169.454 Y204.284 E.20339
G1 X169.811 Y204.284 E.0106
G1 X169.811 Y197.434 E.20339
G1 X170.168 Y197.434 E.0106
G1 X170.168 Y198.57 E.03373
G1 X170.525 Y198.57 E.0106
G1 X170.525 Y197.434 E.03373
G1 X170.882 Y197.434 E.0106
G1 X170.882 Y198.57 E.03373
G1 X171.239 Y198.57 E.0106
G1 X171.239 Y197.434 E.03373
G1 X171.596 Y197.434 E.0106
G1 X171.596 Y198.57 E.03373
G1 X171.953 Y198.57 E.0106
G1 X171.953 Y197.434 E.03373
G1 X172.31 Y197.434 E.0106
G1 X172.31 Y198.57 E.03373
G1 X172.667 Y198.57 E.0106
G1 X172.667 Y197.434 E.03373
G1 X173.024 Y197.434 E.0106
G1 X173.024 Y198.57 E.03373
G1 X173.381 Y198.57 E.0106
G1 X173.381 Y197.434 E.03373
G1 X173.739 Y197.434 E.01063
G1 X173.739 Y198.57 E.03373
G1 X174.096 Y198.57 E.0106
G1 X174.096 Y197.434 E.03373
G1 X174.453 Y197.434 E.0106
G1 X174.453 Y198.57 E.03373
G1 X174.81 Y198.57 E.0106
G1 X174.81 Y197.434 E.03373
G1 X175.167 Y197.434 E.0106
G1 X175.167 Y198.57 E.03373
G1 X175.524 Y198.57 E.0106
G1 X175.524 Y197.434 E.03373
G1 X175.881 Y197.434 E.0106
G1 X175.881 Y198.57 E.03373
G1 X176.238 Y198.57 E.0106
G1 X176.238 Y197.434 E.03373
G1 X176.595 Y197.434 E.0106
G1 X176.595 Y198.57 E.03373
G1 X176.952 Y198.57 E.0106
G1 X176.952 Y197.434 E.03373
G1 X177.309 Y197.434 E.0106
G1 X177.309 Y198.57 E.03373
G1 X177.666 Y198.57 E.0106
G1 X177.666 Y197.434 E.03373
G1 X178.023 Y197.434 E.0106
G1 X178.023 Y198.57 E.03373
G1 X178.381 Y198.57 E.01063
G1 X178.381 Y197.434 E.03373
G1 X178.738 Y197.434 E.0106
G1 X178.738 Y198.57 E.03373
G1 X179.095 Y198.57 E.0106
G1 X179.095 Y197.434 E.03373
G1 X179.452 Y197.434 E.0106
G1 X179.452 Y198.57 E.03373
G1 X179.809 Y198.57 E.0106
G1 X179.809 Y197.434 E.03373
G1 X180.166 Y197.434 E.0106
G1 X180.166 Y198.57 E.03373
G1 X180.523 Y198.57 E.0106
G1 X180.523 Y197.434 E.03373
G1 X180.88 Y197.434 E.0106
G1 X180.88 Y198.57 E.03373
G1 X181.237 Y198.57 E.0106
G1 X181.237 Y197.434 E.03373
G1 X181.594 Y197.434 E.0106
G1 X181.594 Y198.57 E.03373
G1 X181.951 Y198.57 E.0106
G1 X181.951 Y197.434 E.03373
G1 X182.308 Y197.434 E.0106
G1 X182.308 Y198.57 E.03373
G1 X182.666 Y198.57 E.01063
G1 X182.666 Y197.434 E.03373
G1 X183.023 Y197.434 E.0106
G1 X183.023 Y198.57 E.03373
G1 X183.38 Y198.57 E.0106
G1 X183.38 Y197.434 E.03373
G1 X183.737 Y197.434 E.0106
G1 X183.737 Y198.57 E.03373
G1 X184.094 Y198.57 E.0106
G1 X184.094 Y197.434 E.03373
G1 X184.451 Y197.434 E.0106
G1 X184.451 Y198.57 E.03373
G1 X184.808 Y198.57 E.0106
G1 X184.808 Y197.434 E.03373
G1 X185.165 Y197.434 E.0106
G1 X185.165 Y198.57 E.03373
G1 X185.522 Y198.57 E.0106
G1 X185.522 Y197.434 E.03373
G1 X185.879 Y197.434 E.0106
G1 X185.879 Y198.57 E.03373
G1 X186.236 Y198.57 E.0106
G1 X186.236 Y197.434 E.03373
G1 X186.593 Y197.434 E.0106
G1 X186.593 Y198.57 E.03373
G1 X186.95 Y198.57 E.0106
G1 X186.95 Y197.434 E.03373
G1 X187.308 Y197.434 E.01063
G1 X187.308 Y198.57 E.03373
G1 X187.665 Y198.57 E.0106
G1 X187.665 Y197.434 E.03373
G1 X188.022 Y197.376 E.01074
G1 X188.022 Y198.57 E.03545
G1 X188.379 Y198.57 E.0106
G1 X188.379 Y197.09 E.04394
G1 X188.736 Y196.733 E.01499
G1 X188.736 Y198.57 E.05454
G1 X189.093 Y198.57 E.0106
G1 X189.093 Y196.376 E.06514
G1 X189.45 Y196.019 E.01499
G1 X189.45 Y198.57 E.07574
G1 X189.807 Y198.57 E.0106
G1 X189.807 Y195.662 E.08634
G1 X190.164 Y195.305 E.01499
G1 X190.164 Y195.712 E.01208
G1 X190.521 Y195.712 E.0106
G1 X190.521 Y194.947 E.02271
G1 X190.878 Y194.59 E.01499
G1 X190.878 Y195.712 E.03331
G1 X191.235 Y195.712 E.0106
G1 X191.235 Y194.233 E.04391
G1 X191.592 Y193.876 E.01499
G1 X191.592 Y195.712 E.05451
G1 X191.95 Y195.712 E.01063
G1 X191.95 Y193.519 E.06511
G1 X192.307 Y193.162 E.01499
G1 X192.307 Y195.712 E.07571
G1 X192.664 Y195.712 E.0106
G1 X192.664 Y192.805 E.08631
G1 X193.021 Y192.448 E.01499
G1 X193.021 Y192.855 E.01208
G1 X193.378 Y192.855 E.0106
G1 X193.378 Y192.091 E.02268
G1 X193.735 Y191.734 E.01499
G1 X193.735 Y192.855 E.03328
G1 X194.092 Y192.855 E.0106
G1 X194.092 Y191.377 E.04388
G1 X194.449 Y191.02 E.01499
G1 X194.449 Y192.855 E.05448
G1 X194.806 Y192.855 E.0106
G1 X194.806 Y190.663 E.06508
G1 X195.163 Y190.305 E.01501
G1 X195.163 Y192.855 E.07571
G1 X195.52 Y192.855 E.0106
G1 X195.52 Y189.948 E.08631
G1 X195.877 Y189.591 E.01499
G1 X195.877 Y189.998 E.01208
G1 X196.235 Y189.998 E.01063
G1 X196.235 Y189.234 E.02268
G1 X196.592 Y188.877 E.01499
G1 X196.592 Y189.998 E.03328
G1 X196.949 Y189.998 E.0106
G1 X196.949 Y188.52 E.04388
G1 X197.306 Y188.163 E.01499
G1 X197.306 Y189.998 E.05448
G1 X197.663 Y189.998 E.0106
G1 X197.663 Y187.806 E.06508
G1 X198.02 Y187.449 E.01499
G1 X198.02 Y189.998 E.07568
G1 X198.377 Y189.998 E.0106
G1 X198.377 Y187.092 E.08628
G1 X198.734 Y186.735 E.01499
G1 X198.734 Y187.141 E.01205
G1 X199.091 Y187.141 E.0106
G1 X199.091 Y186.378 E.02265
G1 X199.448 Y186.02 E.01501
G1 X199.448 Y187.141 E.03328
G1 X199.805 Y187.141 E.0106
G1 X199.805 Y185.663 E.04388
G1 X200.162 Y185.306 E.01499
G1 X200.162 Y187.141 E.05448
G1 X200.519 Y187.141 E.0106
G1 X200.519 Y184.949 E.06508
G1 X200.877 Y184.592 E.01501
G1 X200.877 Y187.141 E.07568
G1 X201.234 Y187.141 E.0106
G1 X201.234 Y184.235 E.08628
G1 X201.591 Y183.878 E.01499
G1 X201.591 Y184.284 E.01205
G1 X201.948 Y184.284 E.0106
G1 X201.948 Y183.521 E.02265
G1 X202.305 Y183.164 E.01499
G1 X202.305 Y184.284 E.03325
G1 X202.662 Y184.284 E.0106
G1 X202.662 Y182.807 E.04385
G1 X203.019 Y182.45 E.01499
G1 X203.019 Y184.284 E.05445
G1 X203.376 Y184.284 E.0106
G1 X203.376 Y182.093 E.06505
G1 X203.733 Y181.736 E.01499
G1 X203.733 Y184.284 E.07565
G1 X204.09 Y184.284 E.0106
G1 X204.09 Y181.378 E.08628
G1 X204.447 Y181.021 E.01499
G1 X204.447 Y181.427 E.01205
G1 X204.804 Y181.427 E.0106
G1 X204.804 Y180.664 E.02265
G1 X205.161 Y180.307 E.01499
G1 X205.161 Y181.427 E.03325
G1 X205.519 Y181.427 E.01063
G1 X205.519 Y179.95 E.04385
G1 X205.876 Y179.593 E.01499
G1 X205.876 Y181.427 E.05445
G1 X206.233 Y181.427 E.0106
G1 X206.233 Y179.236 E.06505
G1 X206.59 Y178.879 E.01499
G1 X206.59 Y181.427 E.07565
G1 X206.947 Y181.427 E.0106
G1 X206.947 Y178.522 E.08625
G1 X207.304 Y178.165 E.01499
G1 X207.304 Y178.57 E.01202
G1 X207.661 Y178.57 E.0106
G1 X207.661 Y177.808 E.02262
G1 X208.018 Y177.451 E.01499
G1 X208.018 Y178.57 E.03322
G1 X208.375 Y178.57 E.0106
G1 X208.375 Y177.094 E.04382
G1 X208.732 Y176.736 E.01501
G1 X208.732 Y178.57 E.05445
G1 X209.089 Y178.57 E.0106
G1 X209.089 Y176.379 E.06505
G1 X209.446 Y176.022 E.01499
G1 X209.446 Y178.57 E.07565
G1 X209.804 Y178.57 E.01063
G1 X209.804 Y175.665 E.08625
G1 X210.161 Y175.308 E.01499
G1 X210.161 Y175.713 E.01202
G1 X210.518 Y175.713 E.0106
G1 X210.518 Y174.951 E.02262
G1 X210.875 Y174.594 E.01499
G1 X210.875 Y175.713 E.03322
G1 X211.232 Y175.713 E.0106
G1 X211.232 Y174.237 E.04382
G1 X211.589 Y173.88 E.01499
G1 X211.589 Y175.713 E.05442
G1 X211.946 Y175.713 E.0106
G1 X211.946 Y173.523 E.06502
G1 X212.303 Y173.166 E.01499
G1 X212.303 Y175.713 E.07562
G1 X212.66 Y175.713 E.0106
G1 X212.66 Y172.809 E.08622
G1 X213.017 Y172.451 E.01501
G1 X213.017 Y172.856 E.01202
G1 X213.374 Y172.856 E.0106
G1 X213.374 Y172.094 E.02262
G1 X213.731 Y171.737 E.01499
G1 X213.731 Y173.016 E.03798
M204 S5000
G1 E-2 F2400
M204 S8000
G1 X172.977 Y197.055 F24000
G1 E2 F2400
M204 S1000
;TYPE:Support material
G1 F3600
G1 X164.163 Y197.055 E.2617
G1 X164.163 Y195.948 E.03287
G1 X172.977 Y195.948 E.2617
G1 X172.977 Y197.002 E.03129
M204 S5000
M204 S8000
G1 X172.291 Y196.895 F24000
M204 S1000
G1 F3600
G1 X172.291 Y196.27 E.01856
G1 X171.894 Y196.27 E.01179
G1 X171.894 Y196.734 E.01378
G1 X171.497 Y196.734 E.01179
G1 X171.497 Y196.27 E.01378
G1 X171.1 Y196.27 E.01179
G1 X171.1 Y196.734 E.01378
G1 X170.704 Y196.734 E.01176
G1 X170.704 Y196.27 E.01378
G1 X170.307 Y196.27 E.01179
G1 X170.307 Y196.734 E.01378
G1 X169.91 Y196.734 E.01179
G1 X169.91 Y196.27 E.01378
G1 X169.513 Y196.27 E.01179
G1 X169.513 Y196.734 E.01378
G1 X169.116 Y196.734 E.01179
G1 X169.116 Y196.27 E.01378
G1 X168.72 Y196.27 E.01176
G1 X168.72 Y196.734 E.01378
G1 X168.323 Y196.734 E.01179
G1 X168.323 Y196.27 E.01378
G1 X167.926 Y196.27 E.01179
G1 X167.926 Y196.734 E.01378
G1 X167.529 Y196.734 E.01179
G1 X167.529 Y196.27 E.01378
G1 X167.133 Y196.27 E.01176
G1 X167.133 Y196.734 E.01378
G1 X166.736 Y196.734 E.01179
G1 X166.736 Y196.27 E.01378
G1 X166.339 Y196.27 E.01179
G1 X166.339 Y196.734 E.01378
G1 X165.942 Y196.734 E.01179
G1 X165.942 Y196.27 E.01378
G1 X165.546 Y196.27 E.01176
G1 X165.546 Y196.734 E.01378
G1 X165.149 Y196.734 E.01179
G1 X165.149 Y196.27 E.01378
G1 X164.752 Y196.27 E.01179
G1 X164.752 Y196.895 E.01856
M204 S5000
G1 E-2 F2400
M204 S8000
G1 X160.137 Y199.529 F24000
G1 E2 F2400
M204 S1000
G1 F3600
G1 X160.057 Y199.61 E.00338
G1 X59.943 Y199.61 E2.97251
G1 X59.863 Y199.529 E.00338
G1 X59.863 Y199.35 E.00531
G1 X160.137 Y199.35 E2.97726
G1 X160.137 Y199.476 E.00374
M204 S5000
G1 E-2 F2400
M204 S8000
G1 X167.668 Y204.444 F24000
G1 E2 F2400
M204 S1000
;TYPE:Support material interface
G1 F3600
G1 X167.668 Y202.43 E.0598
G1 X167.311 Y202.434 E.0106
G1 X167.311 Y204.284 E.05493
G1 X166.954 Y204.284 E.0106
G1 X166.954 Y202.434 E.05493
G1 X166.597 Y202.434 E.0106
G1 X166.597 Y204.284 E.05493
G1 X166.24 Y204.284 E.0106
G1 X166.24 Y202.434 E.05493
G1 X165.883 Y202.434 E.0106
G1 X165.883 Y204.284 E.05493
G1 X165.526 Y204.284 E.0106
G1 X165.526 Y202.434 E.05493
G1 X165.169 Y202.434 E.0106
G1 X165.169 Y204.284 E.05493
G1 X164.812 Y204.284 E.0106
G1 X164.812 Y202.434 E.05493
G1 X164.454 Y202.434 E.01063
G1 X164.454 Y204.284 E.05493
G1 X164.097 Y204.284 E.0106
G1 X164.097 Y202.434 E.05493
G1 X163.74 Y202.434 E.0106
G1 X163.74 Y204.284 E.05493
G1 X163.383 Y204.284 E.0106
G1 X163.383 Y202.434 E.05493
G1 X163.026 Y202.434 E.0106
G1 X163.026 Y204.284 E.05493
G1 X162.669 Y204.284 E.0106
G1 X162.669 Y202.434 E.05493
G1 X162.312 Y202.434 E.0106
G1 X162.312 Y204.284 E.05493
G1 X161.955 Y204.284 E.0106
G1 X161.955 Y202.434 E.05493
G1 X161.598 Y202.434 E.0106
G1 X161.598 Y204.284 E.05493
G1 X161.241 Y204.284 E.0106
G1 X161.241 Y202.434 E.05493
G1 X160.884 Y202.434 E.0106
G1 X160.884 Y204.284 E.05493
G1 X160.527 Y204.284 E.0106
G1 X160.527 Y202.434 E.05493
G1 X160.17 Y202.434 E.0106
G1 X160.17 Y204.284 E.05493
G1 X159.812 Y204.284 E.01063
G1 X159.812 Y202.434 E.05493
G1 X159.455 Y202.434 E.0106
G1 X159.455 Y204.284 E.05493
G1 X159.098 Y204.284 E.0106
G1 X159.098 Y202.434 E.05493
G1 X158.741 Y202.434 E.0106
G1 X158.741 Y204.284 E.05493
G1 X158.384 Y204.284 E.0106
G1 X158.384 Y202.434 E.05493
G1 X158.027 Y202.434 E.0106
G1 X158.027 Y204.284 E.05493
G1 X157.67 Y204.284 E.0106
G1 X157.67 Y202.434 E.05493
G1 X157.313 Y202.434 E.0106
G1 X157.313 Y204.284 E.05493
G1 X156.956 Y204.284 E.0106
G1 X156.956 Y202.434 E.05493
G1 X156.599 Y202.434 E.0106
G1 X156.599 Y204.284 E.05493
G1 X156.242 Y204.284 E.0106
G1 X156.242 Y202.434 E.05493
G1 X155.885 Y202.434 E.0106
G1 X155.885 Y204.284 E.05493
G1 X155.528 Y204.284 E.0106
G1 X155.528 Y202.434 E.05493
G1 X155.17 Y202.434 E.01063
G1 X155.17 Y204.284 E.05493
G1 X154.813 Y204.284 E.0106
G1 X154.813 Y202.434 E.05493
G1 X154.456 Y202.434 E.0106
G1 X154.456 Y204.284 E.05493
G1 X154.099 Y204.284 E.0106
G1 X154.099 Y202.434 E.05493
G1 X153.742 Y202.434 E.0106
G1 X153.742 Y204.284 E.05493
G1 X153.385 Y204.284 E.0106
G1 X153.385 Y202.434 E.05493
G1 X153.028 Y202.434 E.0106
G1 X153.028 Y204.284 E.05493
G1 X152.671 Y204.284 E.0106
G1 X152.671 Y202.434 E.05493
G1 X152.314 Y202.434 E.0106
G1 X152.314 Y204.284 E.05493
G1 X151.957 Y204.284 E.0106
G1 X151.957 Y202.434 E.05493
G1 X151.6 Y202.434 E.0106
G1 X151.6 Y204.284 E.05493
G1 X151.243 Y204.284 E.0106
G1 X151.243 Y202.434 E.05493
G1 X150.885 Y202.434 E.01063
G1 X150.885 Y204.284 E.05493
G1 X150.528 Y204.284 E.0106
G1 X150.528 Y202.434 E.05493
G1 X150.171 Y202.434 E.0106
G1 X150.171 Y204.284 E.05493
G1 X149.814 Y204.284 E.0106
G1 X149.814 Y202.434 E.05493
G1 X149.457 Y202.434 E.0106
G1 X149.457 Y204.284 E.05493
G1 X149.1 Y204.284 E.0106
G1 X149.1 Y202.434 E.05493
G1 X148.743 Y202.434 E.0106
G1 X148.743 Y204.284 E.05493
G1 X148.386 Y204.284 E.0106
G1 X148.386 Y202.434 E.05493
G1 X148.029 Y202.434 E.0106
G1 X148.029 Y204.284 E.05493
G1 X147.672 Y204.284 E.0106
G1 X147.672 Y202.434 E.05493
G1 X147.315 Y202.434 E.0106
G1 X147.315 Y204.284 E.05493
G1 X146.958 Y204.284 E.0106
G1 X146.958 Y202.434 E.05493
G1 X146.601 Y202.434 E.0106
G1 X146.601 Y204.284 E.05493
G1 X146.243 Y204.284 E.01063
G1 X146.243 Y202.434 E.05493
G1 X145.886 Y202.434 E.0106
G1 X145.886 Y204.284 E.05493
G1 X145.529 Y204.284 E.0106
G1 X145.529 Y202.434 E.05493
G1 X145.172 Y202.434 E.0106
G1 X145.172 Y204.284 E.05493
G1 X144.815 Y204.284 E.0106
G1 X144.815 Y202.434 E.05493
G1 X144.458 Y202.434 E.0106
G1 X144.458 Y204.284 E.05493
G1 X144.101 Y204.284 E.0106
G1 X144.101 Y202.434 E.05493
G1 X143.744 Y202.434 E.0106
G1 X143.744 Y204.284 E.05493
G1 X143.387 Y204.284 E.0106
G1 X143.387 Y202.434 E.05493
G1 X143.03 Y202.434 E.0106
G1 X143.03 Y204.284 E.05493
G1 X142.673 Y204.284 E.0106
G1 X142.673 Y202.434 E.05493
G1 X142.316 Y202.434 E.0106
G1 X142.316 Y204.284 E.05493
G1 X141.959 Y204.284 E.0106
G1 X141.959 Y202.434 E.05493
G1 X141.601 Y202.434 E.01063
G1 X141.601 Y204.284 E.05493
G1 X141.244 Y204.284 E.0106
G1 X141.244 Y202.434 E.05493
G1 X140.887 Y202.434 E.0106
G1 X140.887 Y204.284 E.05493
G1 X140.53 Y204.284 E.0106
G1 X140.53 Y202.434 E.05493
G1 X140.173 Y202.434 E.0106
G1 X140.173 Y204.284 E.05493
G1 X139.816 Y204.284 E.0106
G1 X139.816 Y202.434 E.05493
G1 X139.459 Y202.434 E.0106
G1 X139.459 Y204.284 E.05493
G1 X139.102 Y204.284 E.0106
G1 X139.102 Y202.434 E.05493
G1 X138.745 Y202.434 E.0106
G1 X138.745 Y204.284 E.05493
G1 X138.388 Y204.284 E.0106
G1 X138.388 Y202.434 E.05493
G1 X138.031 Y202.434 E.0106
G1 X138.031 Y204.284 E.05493
G1 X137.674 Y204.284 E.0106
G1 X137.674 Y202.434 E.05493
G1 X137.316 Y202.434 E.01063
G1 X137.316 Y204.284 E.05493
G1 X136.959 Y204.284 E.0106
G1 X136.959 Y202.434 E.05493
G1 X136.602 Y202.434 E.0106
G1 X136.602 Y204.284 E.05493
G1 X136.245 Y204.284 E.0106
G1 X136.245 Y202.434 E.05493
G1 X135.888 Y202.434 E.0106
G1 X135.888 Y204.284 E.05493
G1 X135.531 Y204.284 E.0106
G1 X135.531 Y202.434 E.05493
G1 X135.174 Y202.434 E.0106
G1 X135.174 Y204.284 E.05493
G1 X134.817 Y204.284 E.0106
G1 X134.817 Y202.434 E.05493
G1 X134.46 Y202.434 E.0106
G1 X134.46 Y204.284 E.05493
G1 X134.103 Y204.284 E.0106
G1 X134.103 Y202.434 E.05493
G1 X133.746 Y202.434 E.0106
G1 X133.746 Y204.284 E.05493
G1 X133.389 Y204.284 E.0106
G1 X133.389 Y202.434 E.05493
G1 X133.032 Y202.434 E.0106
G1 X133.032 Y204.284 E.05493
G1 X132.674 Y204.284 E.01063
G1 X132.674 Y202.434 E.05493
G1 X132.317 Y202.434 E.0106
G1 X132.317 Y204.284 E.05493
G1 X131.96 Y204.284 E.0106
G1 X131.96 Y202.434 E.05493
G1 X131.603 Y202.434 E.0106
G1 X131.603 Y204.284 E.05493
G1 X131.246 Y204.284 E.0106
G1 X131.246 Y202.434 E.05493
G1 X130.889 Y202.434 E.0106
G1 X130.889 Y204.284 E.05493
G1 X130.532 Y204.284 E.0106
G1 X130.532 Y202.434 E.05493
G1 X130.175 Y202.434 E.0106
G1 X130.175 Y204.284 E.05493
G1 X129.818 Y204.284 E.0106
G1 X129.818 Y202.434 E.05493
G1 X129.461 Y202.434 E.0106
G1 X129.461 Y204.284 E.05493
G1 X129.104 Y204.284 E.0106
G1 X129.104 Y202.434 E.05493
G1 X128.747 Y202.434 E.0106
G1 X128.747 Y204.284 E.05493
G1 X128.39 Y204.284 E.0106
G1 X128.39 Y202.434 E.05493
G1 X128.032 Y202.434 E.01063
G1 X128.032 Y204.284 E.05493
G1 X127.675 Y204.284 E.0106
G1 X127.675 Y202.434 E.05493
G1 X127.318 Y202.434 E.0106
G1 X127.318 Y204.284 E.05493
G1 X126.961 Y204.284 E.0106
G1 X126.961 Y202.434 E.05493
G1 X126.604 Y202.434 E.0106
G1 X126.604 Y204.284 E.05493
G1 X126.247 Y204.284 E.0106
G1 X126.247 Y202.434 E.05493
G1 X125.89 Y202.434 E.0106
G1 X125.89 Y204.284 E.05493
G1 X125.533 Y204.284 E.0106
G1 X125.533 Y202.434 E.05493
G1 X125.176 Y202.434 E.0106
G1 X125.176 Y204.284 E.05493
G1 X124.819 Y204.284 E.0106
G1 X124.819 Y202.434 E.05493
G1 X124.462 Y202.434 E.0106
G1 X124.462 Y204.284 E.05493
G1 X124.105 Y204.284 E.0106
G1 X124.105 Y202.434 E.05493
G1 X123.747 Y202.434 E.01063
G1 X123.747 Y204.284 E.05493
G1 X123.39 Y204.284 E.0106
G1 X123.39 Y202.434 E.05493
G1 X123.033 Y202.434 E.0106
G1 X123.033 Y204.284 E.05493
G1 X122.676 Y204.284 E.0106
G1 X122.676 Y202.434 E.05493
G1 X122.319 Y202.434 E.0106
G1 X122.319 Y204.284 E.05493
G1 X121.962 Y204.284 E.0106
G1 X121.962 Y202.434 E.05493
G1 X121.605 Y202.434 E.0106
G1 X121.605 Y204.284 E.05493
G1 X121.248 Y204.284 E.0106
G1 X121.248 Y202.434 E.05493
G1 X120.891 Y202.434 E.0106
G1 X120.891 Y204.284 E.05493
G1 X120.534 Y204.284 E.0106
G1 X120.534 Y202.434 E.05493
G1 X120.177 Y202.434 E.0106
G1 X120.177 Y204.284 E.05493
G1 X119.82 Y204.284 E.0106
G1 X119.82 Y202.434 E.05493
G1 X119.463 Y202.434 E.0106
G1 X119.463 Y204.284 E.05493
G1 X119.105 Y204.284 E.01063
G1 X119.105 Y202.434 E.05493
G1 X118.748 Y202.434 E.0106
G1 X118.748 Y204.284 E.05493
G1 X118.391 Y204.284 E.0106
G1 X118.391 Y202.434 E.05493
G1 X118.034 Y202.434 E.0106
G1 X118.034 Y204.284 E.05493
G1 X117.677 Y204.284 E.0106
G1 X117.677 Y202.434 E.05493
G1 X117.32 Y202.434 E.0106
G1 X117.32 Y204.284 E.05493
G1 X116.963 Y204.284 E.0106
G1 X116.963 Y202.434 E.05493
G1 X116.606 Y202.434 E.0106
G1 X116.606 Y204.284 E.05493
G1 X116.249 Y204.284 E.0106
G1 X116.249 Y202.434 E.05493
G1 X115.892 Y202.434 E.0106
G1 X115.892 Y204.284 E.05493
G1 X115.535 Y204.284 E.0106
G1 X115.535 Y202.434 E.05493
G1 X115.178 Y202.434 E.0106
G1 X115.178 Y204.284 E.05493
G1 X114.821 Y204.284 E.0106
G1 X114.821 Y202.434 E.05493
G1 X114.463 Y202.434 E.01063
G1 X114.463 Y204.284 E.05493
G1 X114.106 Y204.284 E.0106
G1 X114.106 Y202.434 E.05493
G1 X113.749 Y202.434 E.0106
G1 X113.749 Y204.284 E.05493
G1 X113.392 Y204.284 E.0106
G1 X113.392 Y202.434 E.05493
G1 X113.035 Y202.434 E.0106
G1 X113.035 Y204.284 E.05493
G1 X112.678 Y204.284 E.0106
G1 X112.678 Y202.434 E.05493
G1 X112.321 Y202.434 E.0106
G1 X112.321 Y204.284 E.05493
G1 X111.964 Y204.284 E.0106
G1 X111.964 Y202.434 E.05493
G1 X111.607 Y202.434 E.0106
G1 X111.607 Y204.284 E.05493
G1 X111.25 Y204.284 E.0106
G1 X111.25 Y202.434 E.05493
G1 X110.893 Y202.434 E.0106
G1 X110.893 Y204.284 E.05493
G1 X110.536 Y204.284 E.0106
G1 X110.536 Y202.434 E.05493
G1 X110.178 Y202.434 E.01063
G1 X110.178 Y204.284 E.05493
G1 X109.821 Y204.284 E.0106
G1 X109.821 Y202.434 E.05493
G1 X109.464 Y202.434 E.0106
G1 X109.464 Y204.284 E.05493
G1 X109.107 Y204.284 E.0106
G1 X109.107 Y202.434 E.05493
G1 X108.75 Y202.434 E.0106
G1 X108.75 Y204.284 E.05493
G1 X108.393 Y204.284 E.0106
G1 X108.393 Y202.434 E.05493
G1 X108.036 Y202.434 E.0106
G1 X108.036 Y204.284 E.05493
G1 X107.679 Y204.284 E.0106
G1 X107.679 Y202.434 E.05493
G1 X107.322 Y202.434 E.0106
G1 X107.322 Y204.284 E.05493
G1 X106.965 Y204.284 E.0106
G1 X106.965 Y202.434 E.05493
G1 X106.608 Y202.434 E.0106
G1 X106.608 Y204.284 E.05493
G1 X106.251 Y204.284 E.0106
G1 X106.251 Y202.434 E.05493
G1 X105.894 Y202.434 E.0106
G1 X105.894 Y204.284 E.05493
G1 X105.536 Y204.284 E.01063
G1 X105.536 Y202.434 E.05493
G1 X105.179 Y202.434 E.0106
G1 X105.179 Y204.284 E.05493
G1 X104.822 Y204.284 E.0106
G1 X104.822 Y202.434 E.05493
G1 X104.465 Y202.434 E.0106
G1 X104.465 Y204.284 E.05493
G1 X104.108 Y204.284 E.0106
G1 X104.108 Y202.434 E.05493
G1 X103.751 Y202.434 E.0106
G1 X103.751 Y204.284 E.05493
G1 X103.394 Y204.284 E.0106
G1 X103.394 Y202.434 E.05493
G1 X103.037 Y202.434 E.0106
G1 X103.037 Y204.284 E.05493
G1 X102.68 Y204.284 E.0106
G1 X102.68 Y202.434 E.05493
G1 X102.323 Y202.434 E.0106
G1 X102.323 Y204.284 E.05493
G1 X101.966 Y204.284 E.0106
G1 X101.966 Y202.434 E.05493
G1 X101.609 Y202.434 E.0106
G1 X101.609 Y204.284 E.05493
G1 X101.252 Y204.284 E.0106
G1 X101.252 Y202.434 E.05493
G1 X100.894 Y202.434 E.01063
G1 X100.894 Y204.284 E.05493
G1 X100.537 Y204.284 E.0106
G1 X100.537 Y202.434 E.05493
G1 X100.18 Y202.434 E.0106
G1 X100.18 Y204.284 E.05493
G1 X99.823 Y204.284 E.0106
G1 X99.823 Y202.434 E.05493
G1 X99.466 Y202.434 E.0106
G1 X99.466 Y204.284 E.05493
G1 X99.109 Y204.284 E.0106
G1 X99.109 Y202.434 E.05493
G1 X98.752 Y202.434 E.0106
G1 X98.752 Y204.284 E.05493
G1 X98.395 Y204.284 E.0106
G1 X98.395 Y202.434 E.05493
G1 X98.038 Y202.434 E.0106
G1 X98.038 Y204.284 E.05493
G1 X97.681 Y204.284 E.0106
G1 X97.681 Y202.434 E.05493
G1 X97.324 Y202.434 E.0106
G1 X97.324 Y204.284 E.05493
G1 X96.967 Y204.284 E.0106
G1 X96.967 Y202.434 E.05493
G1 X96.609 Y202.434 E.01063
G1 X96.609 Y204.284 E.05493
G1 X96.252 Y204.284 E.0106
G1 X96.252 Y202.434 E.05493
G1 X95.895 Y202.434 E.0106
G1 X95.895 Y204.284 E.05493
G1 X95.538 Y204.284 E.0106
G1 X95.538 Y202.434 E.05493
G1 X95.181 Y202.434 E.0106
G1 X95.181 Y204.284 E.05493
G1 X94.824 Y204.284 E.0106
G1 X94.824 Y202.434 E.05493
G1 X94.467 Y202.434 E.0106
G1 X94.467 Y204.284 E.05493
G1 X94.11 Y204.284 E.0106
G1 X94.11 Y202.434 E.05493
G1 X93.753 Y202.434 E.0106
G1 X93.753 Y204.284 E.05493
G1 X93.396 Y204.284 E.0106
G1 X93.396 Y202.434 E.05493
G1 X93.039 Y202.434 E.0106
G1 X93.039 Y204.284 E.05493
G1 X92.682 Y204.284 E.0106
G1 X92.682 Y202.434 E.05493
G1 X92.325 Y202.434 E.0106
G1 X92.325 Y204.284 E.05493
G1 X91.967 Y204.284 E.01063
G1 X91.967 Y202.434 E.05493
G1 X91.61 Y202.434 E.0106
G1 X91.61 Y204.284 E.05493
G1 X91.253 Y204.284 E.0106
G1 X91.253 Y202.434 E.05493
G1 X90.896 Y202.434 E.0106
G1 X90.896 Y204.284 E.05493
G1 X90.539 Y204.284 E.0106
G1 X90.539 Y202.434 E.05493
G1 X90.182 Y202.434 E.0106
G1 X90.182 Y204.284 E.05493
G1 X89.825 Y204.284 E.0106
G1 X89.825 Y202.434 E.05493
G1 X89.468 Y202.434 E.0106
G1 X89.468 Y204.284 E.05493
G1 X89.111 Y204.284 E.0106
G1 X89.111 Y202.434 E.05493
G1 X88.754 Y202.434 E.0106
G1 X88.754 Y204.284 E.05493
G1 X88.397 Y204.284 E.0106
G1 X88.397 Y202.434 E.05493
G1 X88.04 Y202.434 E.0106
G1 X88.04 Y204.284 E.05493
G1 X87.683 Y204.284 E.0106
G1 X87.683 Y202.434 E.05493
G1 X87.325 Y202.434 E.01063
G1 X87.325 Y204.284 E.05493
G1 X86.968 Y204.284 E.0106
G1 X86.968 Y202.434 E.05493
G1 X86.611 Y202.434 E.0106
G1 X86.611 Y204.284 E.05493
G1 X86.254 Y204.284 E.0106
G1 X86.254 Y202.434 E.05493
G1 X85.897 Y202.434 E.0106
G1 X85.897 Y204.284 E.05493
G1 X85.54 Y204.284 E.0106
G1 X85.54 Y202.434 E.05493
G1 X85.183 Y202.434 E.0106
G1 X85.183 Y204.284 E.05493
G1 X84.826 Y204.284 E.0106
G1 X84.826 Y202.434 E.05493
G1 X84.469 Y202.434 E.0106
G1 X84.469 Y204.284 E.05493
G1 X84.112 Y204.284 E.0106
G1 X84.112 Y202.434 E.05493
G1 X83.755 Y202.434 E.0106
G1 X83.755 Y204.284 E.05493
G1 X83.398 Y204.284 E.0106
G1 X83.398 Y202.434 E.05493
G1 X83.04 Y202.434 E.01063
G1 X83.04 Y204.284 E.05493
G1 X82.683 Y204.284 E.0106
G1 X82.683 Y202.434 E.05493
G1 X82.326 Y202.434 E.0106
G1 X82.326 Y204.284 E.05493
G1 X81.969 Y204.284 E.0106
G1 X81.969 Y202.434 E.05493
G1 X81.612 Y202.434 E.0106
G1 X81.612 Y204.284 E.05493
G1 X81.255 Y204.284 E.0106
G1 X81.255 Y202.434 E.05493
G1 X80.898 Y202.434 E.0106
G1 X80.898 Y204.284 E.05493
G1 X80.541 Y204.284 E.0106
G1 X80.541 Y202.434 E.05493
G1 X80.184 Y202.434 E.0106
G1 X80.184 Y204.284 E.05493
G1 X79.827 Y204.284 E.0106
G1 X79.827 Y202.434 E.05493
G1 X79.47 Y202.434 E.0106
G1 X79.47 Y204.284 E.05493
G1 X79.113 Y204.284 E.0106
G1 X79.113 Y202.434 E.05493
G1 X78.756 Y202.434 E.0106
G1 X78.756 Y204.284 E.05493
G1 X78.398 Y204.284 E.01063
G1 X78.398 Y202.434 E.05493
G1 X78.041 Y202.434 E.0106
G1 X78.041 Y204.284 E.05493
G1 X77.684 Y204.284 E.0106
G1 X77.684 Y202.434 E.05493
G1 X77.327 Y202.434 E.0106
G1 X77.327 Y204.284 E.05493
G1 X76.97 Y204.284 E.0106
G1 X76.97 Y202.434 E.05493
G1 X76.613 Y202.434 E.0106
G1 X76.613 Y204.284 E.05493
G1 X76.256 Y204.284 E.0106
G1 X76.256 Y202.434 E.05493
G1 X75.899 Y202.434 E.0106
G1 X75.899 Y204.284 E.05493
G1 X75.542 Y204.284 E.0106
G1 X75.542 Y202.434 E.05493
G1 X75.185 Y202.434 E.0106
G1 X75.185 Y204.284 E.05493
G1 X74.828 Y204.284 E.0106
G1 X74.828 Y202.434 E.05493
G1 X74.471 Y202.434 E.0106
G1 X74.471 Y204.284 E.05493
G1 X74.114 Y204.284 E.0106
G1 X74.114 Y202.434 E.05493
G1 X73.756 Y202.434 E.01063
G1 X73.756 Y204.284 E.05493
G1 X73.399 Y204.284 E.0106
G1 X73.399 Y202.434 E.05493
G1 X73.042 Y202.434 E.0106
G1 X73.042 Y204.284 E.05493
G1 X72.685 Y204.284 E.0106
G1 X72.685 Y202.434 E.05493
G1 X72.328 Y202.434 E.0106
G1 X72.328 Y204.284 E.05493
G1 X71.971 Y204.284 E.0106
G1 X71.971 Y202.434 E.05493
G1 X71.614 Y202.434 E.0106
G1 X71.614 Y204.284 E.05493
G1 X71.257 Y204.284 E.0106
G1 X71.257 Y202.434 E.05493
G1 X70.9 Y202.434 E.0106
G1 X70.9 Y204.284 E.05493
G1 X70.543 Y204.284 E.0106
G1 X70.543 Y202.434 E.05493
G1 X70.186 Y202.434 E.0106
G1 X70.186 Y204.284 E.05493
G1 X69.829 Y204.284 E.0106
G1 X69.829 Y202.434 E.05493
G1 X69.471 Y202.434 E.01063
G1 X69.471 Y204.284 E.05493
G1 X69.114 Y204.284 E.0106
G1 X69.114 Y202.434 E.05493
G1 X68.757 Y202.434 E.0106
G1 X68.757 Y204.284 E.05493
G1 X68.4 Y204.284 E.0106
G1 X68.4 Y202.434 E.05493
G1 X68.043 Y202.434 E.0106
G1 X68.043 Y204.284 E.05493
G1 X67.686 Y204.284 E.0106
G1 X67.686 Y202.434 E.05493
G1 X67.329 Y202.434 E.0106
G1 X67.329 Y204.284 E.05493
G1 X66.972 Y204.284 E.0106
G1 X66.972 Y202.434 E.05493
G1 X66.615 Y202.434 E.0106
G1 X66.615 Y204.284 E.05493
G1 X66.258 Y204.284 E.0106
G1 X66.258 Y202.434 E.05493
G1 X65.901 Y202.434 E.0106
G1 X65.901 Y204.284 E.05493
G1 X65.544 Y204.284 E.0106
G1 X65.544 Y202.434 E.05493
G1 X65.187 Y202.434 E.0106
G1 X65.187 Y204.284 E.05493
G1 X64.829 Y204.284 E.01063
G1 X64.829 Y202.434 E.05493
G1 X64.472 Y202.434 E.0106
G1 X64.472 Y204.284 E.05493
G1 X64.115 Y204.284 E.0106
G1 X64.115 Y202.434 E.05493
G1 X63.758 Y202.434 E.0106
G1 X63.758 Y204.284 E.05493
G1 X63.401 Y204.284 E.0106
G1 X63.401 Y202.434 E.05493
G1 X63.044 Y202.434 E.0106
G1 X63.044 Y204.284 E.05493
G1 X62.687 Y204.284 E.0106
G1 X62.687 Y202.434 E.05493
G1 X62.33 Y202.434 E.0106
G1 X62.33 Y204.284 E.05493
G1 X61.973 Y204.284 E.0106
G1 X61.973 Y202.434 E.05493
G1 X61.616 Y202.434 E.0106
G1 X61.616 Y204.284 E.05493
G1 X61.259 Y204.284 E.0106
G1 X61.259 Y202.434 E.05493
G1 X60.902 Y202.434 E.0106
G1 X60.902 Y204.284 E.05493
G1 X60.545 Y204.284 E.0106
G1 X60.545 Y202.434 E.05493
G1 X60.187 Y202.434 E.01063
G1 X60.187 Y204.284 E.05493
G1 X59.83 Y204.284 E.0106
G1 X59.83 Y202.434 E.05493
G1 X59.473 Y202.434 E.0106
G1 X59.473 Y204.284 E.05493
G1 X59.116 Y204.284 E.0106
G1 X59.116 Y202.434 E.05493
G1 X58.759 Y202.434 E.0106
G1 X58.759 Y204.284 E.05493
G1 X58.402 Y204.284 E.0106
G1 X58.402 Y202.434 E.05493
G1 X58.045 Y202.434 E.0106
G1 X58.045 Y204.284 E.05493
G1 X57.688 Y204.284 E.0106
G1 X57.688 Y202.434 E.05493
G1 X57.331 Y202.434 E.0106
G1 X57.331 Y204.284 E.05493
G1 X56.974 Y204.284 E.0106
G1 X56.974 Y202.434 E.05493
G1 X56.617 Y202.434 E.0106
G1 X56.617 Y204.284 E.05493
G1 X56.26 Y204.284 E.0106
G1 X56.26 Y202.434 E.05493
G1 X55.902 Y202.434 E.01063
G1 X55.902 Y204.284 E.05493
G1 X55.545 Y204.284 E.0106
G1 X55.545 Y202.434 E.05493
G1 X55.188 Y202.434 E.0106
G1 X55.188 Y204.284 E.05493
G1 X54.831 Y204.284 E.0106
G1 X54.831 Y202.434 E.05493
G1 X54.474 Y202.434 E.0106
G1 X54.474 Y204.284 E.05493
G1 X54.117 Y204.284 E.0106
G1 X54.117 Y202.434 E.05493
G1 X53.76 Y202.434 E.0106
G1 X53.76 Y204.284 E.05493
G1 X53.403 Y204.284 E.0106
G1 X53.403 Y202.434 E.05493
G1 X53.046 Y202.434 E.0106
G1 X53.046 Y204.284 E.05493
G1 X52.689 Y204.284 E.0106
G1 X52.689 Y202.434 E.05493
G1 X52.454 Y202.434 E.00698
G1 X52.454 Y202.066 E.01093
G1 X52.332 Y201.944 E.00512
G1 X52.332 Y204.444 E.07423
M204 S5000
G1 E-2 F2400
M204 S8000
G1 X49.623 Y204.662 F24000
G1 E2 F2400
M204 S1000
;TYPE:Support material
G1 F3600
G1 X170.377 Y204.662 E3.58534
G1 X170.377 Y198.948 E.16966
G1 X172.977 Y198.948 E.0772
G1 X172.977 Y207.262 E.24685
G1 X47.023 Y207.262 E3.73974
G1 X47.023 Y201.662 E.16627
G1 X49.295 Y201.662 E.06746
G1 X49.295 Y198.948 E.08058
G1 X49.623 Y198.948 E.00974
G1 X49.623 Y204.609 E.16808
M204 S5000
M204 S8000
G1 X172.291 Y207.101 F24000
M204 S1000
G1 F3600
G1 X172.291 Y199.269 E.23254
G1 X171.894 Y199.269 E.01179
G1 X171.894 Y206.941 E.22779
G1 X171.497 Y206.941 E.01179
G1 X171.497 Y199.269 E.22779
G1 X171.1 Y199.269 E.01179
G1 X171.1 Y206.941 E.22779
G1 X170.704 Y206.941 E.01176
G1 X170.704 Y199.269 E.22779
G1 X170.699 Y204.984 E.16969
G1 X170.307 Y204.984 E.01164
G1 X170.307 Y206.941 E.05811
G1 X169.91 Y206.941 E.01179
G1 X169.91 Y204.984 E.05811
G1 X169.513 Y204.984 E.01179
G1 X169.513 Y206.941 E.05811
G1 X169.116 Y206.941 E.01179
G1 X169.116 Y204.984 E.05811
G1 X168.72 Y204.984 E.01176
G1 X168.72 Y206.941 E.05811
G1 X168.323 Y206.941 E.01179
G1 X168.323 Y204.984 E.05811
G1 X167.926 Y204.984 E.01179
G1 X167.926 Y206.941 E.05811
G1 X167.529 Y206.941 E.01179
G1 X167.529 Y204.984 E.05811
G1 X167.133 Y204.984 E.01176
G1 X167.133 Y206.941 E.05811
G1 X166.736 Y206.941 E.01179
G1 X166.736 Y204.984 E.05811
G1 X166.339 Y204.984 E.01179
G1 X166.339 Y206.941 E.05811
G1 X165.942 Y206.941 E.01179
G1 X165.942 Y204.984 E.05811
G1 X165.546 Y204.984 E.01176
G1 X165.546 Y206.941 E.05811
G1 X165.149 Y206.941 E.01179
G1 X165.149 Y204.984 E.05811
G1 X164.752 Y204.984 E.01179
G1 X164.752 Y206.941 E.05811
G1 X164.355 Y206.941 E.01179
G1 X164.355 Y204.984 E.05811
G1 X163.959 Y204.984 E.01176
G1 X163.959 Y206.941 E.05811
G1 X163.562 Y206.941 E.01179
G1 X163.562 Y204.984 E.05811
G1 X163.165 Y204.984 E.01179
G1 X163.165 Y206.941 E.05811
G1 X162.768 Y206.941 E.01179
G1 X162.768 Y204.984 E.05811
G1 X162.372 Y204.984 E.01176
G1 X162.372 Y206.941 E.05811
G1 X161.975 Y206.941 E.01179
G1 X161.975 Y204.984 E.05811
G1 X161.578 Y204.984 E.01179
G1 X161.578 Y206.941 E.05811
G1 X161.181 Y206.941 E.01179
G1 X161.181 Y204.984 E.05811
G1 X160.785 Y204.984 E.01176
G1 X160.785 Y206.941 E.05811
G1 X160.388 Y206.941 E.01179
G1 X160.388 Y204.984 E.05811
G1 X159.991 Y204.984 E.01179
G1 X159.991 Y206.941 E.05811
G1 X159.594 Y206.941 E.01179
G1 X159.594 Y204.984 E.05811
G1 X159.198 Y204.984 E.01176
G1 X159.198 Y206.941 E.05811
G1 X158.801 Y206.941 E.01179
G1 X158.801 Y204.984 E.05811
G1 X158.404 Y204.984 E.01179
G1 X158.404 Y206.941 E.05811
G1 X158.007 Y206.941 E.01179
G1 X158.007 Y204.984 E.05811
G1 X157.611 Y204.984 E.01176
G1 X157.611 Y206.941 E.05811
G1 X157.214 Y206.941 E.01179
G1 X157.214 Y204.984 E.05811
G1 X156.817 Y204.984 E.01179
G1 X156.817 Y206.941 E.05811
G1 X156.42 Y206.941 E.01179
G1 X156.42 Y204.984 E.05811
G1 X156.024 Y204.984 E.01176
G1 X156.024 Y206.941 E.05811
G1 X155.627 Y206.941 E.01179
G1 X155.627 Y204.984 E.05811
G1 X155.23 Y204.984 E.01179
G1 X155.23 Y206.941 E.05811
G1 X154.833 Y206.941 E.01179
G1 X154.833 Y204.984 E.05811
G1 X154.437 Y204.984 E.01176
G1 X154.437 Y206.941 E.05811
G1 X154.04 Y206.941 E.01179
G1 X154.04 Y204.984 E.05811
G1 X153.643 Y204.984 E.01179
G1 X153.643 Y206.941 E.05811
G1 X153.246 Y206.941 E.01179
G1 X153.246 Y204.984 E.05811
G1 X152.85 Y204.984 E.01176
G1 X152.85 Y206.941 E.05811
G1 X152.453 Y206.941 E.01179
G1 X152.453 Y204.984 E.05811
G1 X152.056 Y204.984 E.01179
G1 X152.056 Y206.941 E.05811
G1 X151.659 Y206.941 E.01179
G1 X151.659 Y204.984 E.05811
G1 X151.263 Y204.984 E.01176
G1 X151.263 Y206.941 E.05811
G1 X150.866 Y206.941 E.01179
G1 X150.866 Y204.984 E.05811
G1 X150.469 Y204.984 E.01179
G1 X150.469 Y206.941 E.05811
G1 X150.072 Y206.941 E.01179
G1 X150.072 Y204.984 E.05811
G1 X149.675 Y204.984 E.01179
G1 X149.675 Y206.941 E.05811
G1 X149.279 Y206.941 E.01176
G1 X149.279 Y204.984 E.05811
G1 X148.882 Y204.984 E.01179
G1 X148.882 Y206.941 E.05811
G1 X148.485 Y206.941 E.01179
G1 X148.485 Y204.984 E.05811
G1 X148.088 Y204.984 E.01179
G1 X148.088 Y206.941 E.05811
G1 X147.692 Y206.941 E.01176
G1 X147.692 Y204.984 E.05811
G1 X147.295 Y204.984 E.01179
G1 X147.295 Y206.941 E.05811
G1 X146.898 Y206.941 E.01179
G1 X146.898 Y204.984 E.05811
G1 X146.501 Y204.984 E.01179
G1 X146.501 Y206.941 E.05811
G1 X146.105 Y206.941 E.01176
G1 X146.105 Y204.984 E.05811
G1 X145.708 Y204.984 E.01179
G1 X145.708 Y206.941 E.05811
G1 X145.311 Y206.941 E.01179
G1 X145.311 Y204.984 E.05811
G1 X144.914 Y204.984 E.01179
G1 X144.914 Y206.941 E.05811
G1 X144.518 Y206.941 E.01176
G1 X144.518 Y204.984 E.05811
G1 X144.121 Y204.984 E.01179
G1 X144.121 Y206.941 E.05811
G1 X143.724 Y206.941 E.01179
G1 X143.724 Y204.984 E.05811
G1 X143.327 Y204.984 E.01179
G1 X143.327 Y206.941 E.05811
G1 X142.931 Y206.941 E.01176
G1 X142.931 Y204.984 E.05811
G1 X142.534 Y204.984 E.01179
G1 X142.534 Y206.941 E.05811
G1 X142.137 Y206.941 E.01179
G1 X142.137 Y204.984 E.05811
G1 X141.74 Y204.984 E.01179
G1 X141.74 Y206.941 E.05811
G1 X141.344 Y206.941 E.01176
G1 X141.344 Y204.984 E.05811
G1 X140.947 Y204.984 E.01179
G1 X140.947 Y206.941 E.05811
G1 X140.55 Y206.941 E.01179
G1 X140.55 Y204.984 E.05811
G1 X140.153 Y204.984 E.01179
G1 X140.153 Y206.941 E.05811
G1 X139.757 Y206.941 E.01176
G1 X139.757 Y204.984 E.05811
G1 X139.36 Y204.984 E.01179
G1 X139.36 Y206.941 E.05811
G1 X138.963 Y206.941 E.01179
G1 X138.963 Y204.984 E.05811
G1 X138.566 Y204.984 E.01179
G1 X138.566 Y206.941 E.05811
G1 X138.17 Y206.941 E.01176
G1 X138.17 Y204.984 E.05811
G1 X137.773 Y204.984 E.01179
G1 X137.773 Y206.941 E.05811
G1 X137.376 Y206.941 E.01179
G1 X137.376 Y204.984 E.05811
G1 X136.979 Y204.984 E.01179
G1 X136.979 Y206.941 E.05811
G1 X136.583 Y206.941 E.01176
G1 X136.583 Y204.984 E.05811
G1 X136.186 Y204.984 E.01179
G1 X136.186 Y206.941 E.05811
G1 X135.789 Y206.941 E.01179
G1 X135.789 Y204.984 E.05811
G1 X135.392 Y204.984 E.01179
G1 X135.392 Y206.941 E.05811
G1 X134.996 Y206.941 E.01176
G1 X134.996 Y204.984 E.05811
G1 X134.599 Y204.984 E.01179
G1 X134.599 Y206.941 E.05811
G1 X134.202 Y206.941 E.01179
G1 X134.202 Y204.984 E.05811
G1 X133.805 Y204.984 E.01179
G1 X133.805 Y206.941 E.05811
G1 X133.409 Y206.941 E.01176
G1 X133.409 Y204.984 E.05811
G1 X133.012 Y204.984 E.01179
G1 X133.012 Y206.941 E.05811
G1 X132.615 Y206.941 E.01179
G1 X132.615 Y204.984 E.05811
G1 X132.218 Y204.984 E.01179
G1 X132.218 Y206.941 E.05811
G1 X131.822 Y206.941 E.01176
G1 X131.822 Y204.984 E.05811
G1 X131.425 Y204.984 E.01179
G1 X131.425 Y206.941 E.05811
G1 X131.028 Y206.941 E.01179
G1 X131.028 Y204.984 E.05811
G1 X130.631 Y204.984 E.01179
G1 X130.631 Y206.941 E.05811
G1 X130.234 Y206.941 E.01179
G1 X130.234 Y204.984 E.05811
G1 X129.838 Y204.984 E.01176
G1 X129.838 Y206.941 E.05811
G1 X129.441 Y206.941 E.01179
G1 X129.441 Y204.984 E.05811
G1 X129.044 Y204.984 E.01179
G1 X129.044 Y206.941 E.05811
G1 X128.647 Y206.941 E.01179
G1 X128.647 Y204.984 E.05811
G1 X128.251 Y204.984 E.01176
G1 X128.251 Y206.941 E.05811
G1 X127.854 Y206.941 E.01179
G1 X127.854 Y204.984 E.05811
G1 X127.457 Y204.984 E.01179
G1 X127.457 Y206.941 E.05811
G1 X127.06 Y206.941 E.01179
G1 X127.06 Y204.984 E.05811
G1 X126.664 Y204.984 E.01176
G1 X126.664 Y206.941 E.05811
G1 X126.267 Y206.941 E.01179
G1 X126.267 Y204.984 E.05811
G1 X125.87 Y204.984 E.01179
G1 X125.87 Y206.941 E.05811
G1 X125.473 Y206.941 E.01179
G1 X125.473 Y204.984 E.05811
G1 X125.077 Y204.984 E.01176
G1 X125.077 Y206.941 E.05811
G1 X124.68 Y206.941 E.01179
G1 X124.68 Y204.984 E.05811
G1 X124.283 Y204.984 E.01179
G1 X124.283 Y206.941 E.05811
G1 X123.886 Y206.941 E.01179
G1 X123.886 Y204.984 E.05811
G1 X123.49 Y204.984 E.01176
G1 X123.49 Y206.941 E.05811
G1 X123.093 Y206.941 E.01179
G1 X123.093 Y204.984 E.05811
G1 X122.696 Y204.984 E.01179
G1 X122.696 Y206.941 E.05811
G1 X122.299 Y206.941 E.01179
G1 X122.299 Y204.984 E.05811
G1 X121.903 Y204.984 E.01176
G1 X121.903 Y206.941 E.05811
G1 X121.506 Y206.941 E.01179
G1 X121.506 Y204.984 E.05811
G1 X121.109 Y204.984 E.01179
G1 X121.109 Y206.941 E.05811
G1 X120.712 Y206.941 E.01179
G1 X120.712 Y204.984 E.05811
G1 X120.316 Y204.984 E.01176
G1 X120.316 Y206.941 E.05811
G1 X119.919 Y206.941 E.01179
G1 X119.919 Y204.984 E.05811
G1 X119.522 Y204.984 E.01179
G1 X119.522 Y206.941 E.05811
G1 X119.125 Y206.941 E.01179
G1 X119.125 Y204.984 E.05811
G1 X118.729 Y204.984 E.01176
G1 X118.729 Y206.941 E.05811
G1 X118.332 Y206.941 E.01179
G1 X118.332 Y204.984 E.05811
G1 X117.935 Y204.984 E.01179
G1 X117.935 Y206.941 E.05811
G1 X117.538 Y206.941 E.01179
G1 X117.538 Y204.984 E.05811
G1 X117.142 Y204.984 E.01176
G1 X117.142 Y206.941 E.05811
G1 X116.745 Y206.941 E.01179
G1 X116.745 Y204.984 E.05811
G1 X116.348 Y204.984 E.01179
G1 X116.348 Y206.941 E.05811
G1 X115.951 Y206.941 E.01179
G1 X115.951 Y204.984 E.05811
G1 X115.555 Y204.984 E.01176
G1 X115.555 Y206.941 E.05811
G1 X115.158 Y206.941 E.01179
G1 X115.158 Y204.984 E.05811
G1 X114.761 Y204.984 E.01179
G1 X114.761 Y206.941 E.05811
G1 X114.364 Y206.941 E.01179
G1 X114.364 Y204.984 E.05811
G1 X113.968 Y204.984 E.01176
G1 X113.968 Y206.941 E.05811
G1 X113.571 Y206.941 E.01179
G1 X113.571 Y204.984 E.05811
G1 X113.174 Y204.984 E.01179
G1 X113.174 Y206.941 E.05811
G1 X112.777 Y206.941 E.01179
G1 X112.777 Y204.984 E.05811
G1 X112.381 Y204.984 E.01176
G1 X112.381 Y206.941 E.05811
G1 X111.984 Y206.941 E.01179
G1 X111.984 Y204.984 E.05811
G1 X111.587 Y204.984 E.01179
G1 X111.587 Y206.941 E.05811
G1 X111.19 Y206.941 E.01179
G1 X111.19 Y204.984 E.05811
G1 X110.794 Y204.984 E.01176
G1 X110.794 Y206.941 E.05811
G1 X110.397 Y206.941 E.01179
G1 X110.397 Y204.984 E.05811
G1 X110 Y204.984 E.01179
G1 X110 Y206.941 E.05811
G1 X109.603 Y206.941 E.01179
G1 X109.603 Y204.984 E.05811
G1 X109.206 Y204.984 E.01179
G1 X109.206 Y206.941 E.05811
G1 X108.81 Y206.941 E.01176
G1 X108.81 Y204.984 E.05811
G1 X108.413 Y204.984 E.01179
G1 X108.413 Y206.941 E.05811
G1 X108.016 Y206.941 E.01179
G1 X108.016 Y204.984 E.05811
G1 X107.619 Y204.984 E.01179
G1 X107.619 Y206.941 E.05811
G1 X107.223 Y206.941 E.01176
G1 X107.223 Y204.984 E.05811
G1 X106.826 Y204.984 E.01179
G1 X106.826 Y206.941 E.05811
G1 X106.429 Y206.941 E.01179
G1 X106.429 Y204.984 E.05811
G1 X106.032 Y204.984 E.01179
G1 X106.032 Y206.941 E.05811
G1 X105.636 Y206.941 E.01176
G1 X105.636 Y204.984 E.05811
G1 X105.239 Y204.984 E.01179
G1 X105.239 Y206.941 E.05811
G1 X104.842 Y206.941 E.01179
G1 X104.842 Y204.984 E.05811
G1 X104.445 Y204.984 E.01179
G1 X104.445 Y206.941 E.05811
G1 X104.049 Y206.941 E.01176
G1 X104.049 Y204.984 E.05811
G1 X103.652 Y204.984 E.01179
G1 X103.652 Y206.941 E.05811
G1 X103.255 Y206.941 E.01179
G1 X103.255 Y204.984 E.05811
G1 X102.858 Y204.984 E.01179
G1 X102.858 Y206.941 E.05811
G1 X102.462 Y206.941 E.01176
G1 X102.462 Y204.984 E.05811
G1 X102.065 Y204.984 E.01179
G1 X102.065 Y206.941 E.05811
G1 X101.668 Y206.941 E.01179
G1 X101.668 Y204.984 E.05811
G1 X101.271 Y204.984 E.01179
G1 X101.271 Y206.941 E.05811
G1 X100.875 Y206.941 E.01176
G1 X100.875 Y204.984 E.05811
G1 X100.478 Y204.984 E.01179
G1 X100.478 Y206.941 E.05811
G1 X100.081 Y206.941 E.01179
G1 X100.081 Y204.984 E.05811
G1 X99.684 Y204.984 E.01179
G1 X99.684 Y206.941 E.05811
G1 X99.288 Y206.941 E.01176
G1 X99.288 Y204.984 E.05811
G1 X98.891 Y204.984 E.01179
G1 X98.891 Y206.941 E.05811
G1 X98.494 Y206.941 E.01179
G1 X98.494 Y204.984 E.05811
G1 X98.097 Y204.984 E.01179
G1 X98.097 Y206.941 E.05811
G1 X97.701 Y206.941 E.01176
G1 X97.701 Y204.984 E.05811
G1 X97.304 Y204.984 E.01179
G1 X97.304 Y206.941 E.05811
G1 X96.907 Y206.941 E.01179
G1 X96.907 Y204.984 E.05811
G1 X96.51 Y204.984 E.01179
G1 X96.51 Y206.941 E.05811
G1 X96.114 Y206.941 E.01176
G1 X96.114 Y204.984 E.05811
G1 X95.717 Y204.984 E.01179
G1 X95.717 Y206.941 E.05811
G1 X95.32 Y206.941 E.01179
G1 X95.32 Y204.984 E.05811
G1 X94.923 Y204.984 E.01179
G1 X94.923 Y206.941 E.05811
G1 X94.527 Y206.941 E.01176
G1 X94.527 Y204.984 E.05811
G1 X94.13 Y204.984 E.01179
G1 X94.13 Y206.941 E.05811
G1 X93.733 Y206.941 E.01179
G1 X93.733 Y204.984 E.05811
G1 X93.336 Y204.984 E.01179
G1 X93.336 Y206.941 E.05811
G1 X92.94 Y206.941 E.01176
G1 X92.94 Y204.984 E.05811
G1 X92.543 Y204.984 E.01179
G1 X92.543 Y206.941 E.05811
G1 X92.146 Y206.941 E.01179
G1 X92.146 Y204.984 E.05811
G1 X91.749 Y204.984 E.01179
G1 X91.749 Y206.941 E.05811
G1 X91.353 Y206.941 E.01176
G1 X91.353 Y204.984 E.05811
G1 X90.956 Y204.984 E.01179
G1 X90.956 Y206.941 E.05811
G1 X90.559 Y206.941 E.01179
G1 X90.559 Y204.984 E.05811
G1 X90.162 Y204.984 E.01179
G1 X90.162 Y206.941 E.05811
G1 X89.765 Y206.941 E.01179
G1 X89.765 Y204.984 E.05811
G1 X89.369 Y204.984 E.01176
G1 X89.369 Y206.941 E.05811
G1 X88.972 Y206.941 E.01179
G1 X88.972 Y204.984 E.05811
G1 X88.575 Y204.984 E.01179
G1 X88.575 Y206.941 E.05811
G1 X88.178 Y206.941 E.01179
G1 X88.178 Y204.984 E.05811
G1 X87.782 Y204.984 E.01176
G1 X87.782 Y206.941 E.05811
G1 X87.385 Y206.941 E.01179
G1 X87.385 Y204.984 E.05811
G1 X86.988 Y204.984 E.01179
G1 X86.988 Y206.941 E.05811
G1 X86.591 Y206.941 E.01179
G1 X86.591 Y204.984 E.05811
G1 X86.195 Y204.984 E.01176
G1 X86.195 Y206.941 E.05811
G1 X85.798 Y206.941 E.01179
G1 X85.798 Y204.984 E.05811
G1 X85.401 Y204.984 E.01179
G1 X85.401 Y206.941 E.05811
G1 X85.004 Y206.941 E.01179
G1 X85.004 Y204.984 E.05811
G1 X84.608 Y204.984 E.01176
G1 X84.608 Y206.941 E.05811
G1 X84.211 Y206.941 E.01179
G1 X84.211 Y204.984 E.05811
G1 X83.814 Y204.984 E.01179
G1 X83.814 Y206.941 E.05811
G1 X83.417 Y206.941 E.01179
G1 X83.417 Y204.984 E.05811
G1 X83.021 Y204.984 E.01176
G1 X83.021 Y206.941 E.05811
G1 X82.624 Y206.941 E.01179
G1 X82.624 Y204.984 E.05811
G1 X82.227 Y204.984 E.01179
G1 X82.227 Y206.941 E.05811
G1 X81.83 Y206.941 E.01179
G1 X81.83 Y204.984 E.05811
G1 X81.434 Y204.984 E.01176
G1 X81.434 Y206.941 E.05811
G1 X81.037 Y206.941 E.01179
G1 X81.037 Y204.984 E.05811
G1 X80.64 Y204.984 E.01179
G1 X80.64 Y206.941 E.05811
G1 X80.243 Y206.941 E.01179
G1 X80.243 Y204.984 E.05811
G1 X79.847 Y204.984 E.01176
G1 X79.847 Y206.941 E.05811
G1 X79.45 Y206.941 E.01179
G1 X79.45 Y204.984 E.05811
G1 X79.053 Y204.984 E.01179
G1 X79.053 Y206.941 E.05811
G1 X78.656 Y206.941 E.01179
G1 X78.656 Y204.984 E.05811
G1 X78.26 Y204.984 E.01176
G1 X78.26 Y206.941 E.05811
G1 X77.863 Y206.941 E.01179
G1 X77.863 Y204.984 E.05811
G1 X77.466 Y204.984 E.01179
G1 X77.466 Y206.941 E.05811
G1 X77.069 Y206.941 E.01179
G1 X77.069 Y204.984 E.05811
G1 X76.673 Y204.984 E.01176
G1 X76.673 Y206.941 E.05811
G1 X76.276 Y206.941 E.01179
G1 X76.276 Y204.984 E.05811
G1 X75.879 Y204.984 E.01179
G1 X75.879 Y206.941 E.05811
G1 X75.482 Y206.941 E.01179
G1 X75.482 Y204.984 E.05811
G1 X75.086 Y204.984 E.01176
G1 X75.086 Y206.941 E.05811
G1 X74.689 Y206.941 E.01179
G1 X74.689 Y204.984 E.05811
G1 X74.292 Y204.984 E.01179
G1 X74.292 Y206.941 E.05811
G1 X73.895 Y206.941 E.01179
G1 X73.895 Y204.984 E.05811
G1 X73.499 Y204.984 E.01176
G1 X73.499 Y206.941 E.05811
G1 X73.102 Y206.941 E.01179
G1 X73.102 Y204.984 E.05811
G1 X72.705 Y204.984 E.01179
G1 X72.705 Y206.941 E.05811
G1 X72.308 Y206.941 E.01179
G1 X72.308 Y204.984 E.05811
G1 X71.912 Y204.984 E.01176
G1 X71.912 Y206.941 E.05811
G1 X71.515 Y206.941 E.01179
G1 X71.515 Y204.984 E.05811
G1 X71.118 Y204.984 E.01179
G1 X71.118 Y206.941 E.05811
G1 X70.721 Y206.941 E.01179
G1 X70.721 Y204.984 E.05811
G1 X70.324 Y204.984 E.01179
G1 X70.324 Y206.941 E.05811
G1 X69.928 Y206.941 E.01176
G1 X69.928 Y204.984 E.05811
G1 X69.531 Y204.984 E.01179
G1 X69.531 Y206.941 E.05811
G1 X69.134 Y206.941 E.01179
G1 X69.134 Y204.984 E.05811
G1 X68.737 Y204.984 E.01179
G1 X68.737 Y206.941 E.05811
G1 X68.341 Y206.941 E.01176
G1 X68.341 Y204.984 E.05811
G1 X67.944 Y204.984 E.01179
G1 X67.944 Y206.941 E.05811
G1 X67.547 Y206.941 E.01179
G1 X67.547 Y204.984 E.05811
G1 X67.15 Y204.984 E.01179
G1 X67.15 Y206.941 E.05811
G1 X66.754 Y206.941 E.01176
G1 X66.754 Y204.984 E.05811
G1 X66.357 Y204.984 E.01179
G1 X66.357 Y206.941 E.05811
G1 X65.96 Y206.941 E.01179
G1 X65.96 Y204.984 E.05811
G1 X65.563 Y204.984 E.01179
G1 X65.563 Y206.941 E.05811
G1 X65.167 Y206.941 E.01176
G1 X65.167 Y204.984 E.05811
G1 X64.77 Y204.984 E.01179
G1 X64.77 Y206.941 E.05811
G1 X64.373 Y206.941 E.01179
G1 X64.373 Y204.984 E.05811
G1 X63.976 Y204.984 E.01179
G1 X63.976 Y206.941 E.05811
G1 X63.58 Y206.941 E.01176
G1 X63.58 Y204.984 E.05811
G1 X63.183 Y204.984 E.01179
G1 X63.183 Y206.941 E.05811
G1 X62.786 Y206.941 E.01179
G1 X62.786 Y204.984 E.05811
G1 X62.389 Y204.984 E.01179
G1 X62.389 Y206.941 E.05811
G1 X61.993 Y206.941 E.01176
G1 X61.993 Y204.984 E.05811
G1 X61.596 Y204.984 E.01179
G1 X61.596 Y206.941 E.05811
G1 X61.199 Y206.941 E.01179
G1 X61.199 Y204.984 E.05811
G1 X60.802 Y204.984 E.01179
G1 X60.802 Y206.941 E.05811
G1 X60.406 Y206.941 E.01176
G1 X60.406 Y204.984 E.05811
G1 X60.009 Y204.984 E.01179
G1 X60.009 Y206.941 E.05811
G1 X59.612 Y206.941 E.01179
G1 X59.612 Y204.984 E.05811
G1 X59.215 Y204.984 E.01179
G1 X59.215 Y206.941 E.05811
G1 X58.819 Y206.941 E.01176
G1 X58.819 Y204.984 E.05811
G1 X58.422 Y204.984 E.01179
G1 X58.422 Y206.941 E.05811
G1 X58.025 Y206.941 E.01179
G1 X58.025 Y204.984 E.05811
G1 X57.628 Y204.984 E.01179
G1 X57.628 Y206.941 E.05811
G1 X57.232 Y206.941 E.01176
G1 X57.232 Y204.984 E.05811
G1 X56.835 Y204.984 E.01179
G1 X56.835 Y206.941 E.05811
G1 X56.438 Y206.941 E.01179
G1 X56.438 Y204.984 E.05811
G1 X56.041 Y204.984 E.01179
G1 X56.041 Y206.941 E.05811
G1 X55.645 Y206.941 E.01176
G1 X55.645 Y204.984 E.05811
G1 X55.248 Y204.984 E.01179
G1 X55.248 Y206.941 E.05811
G1 X54.851 Y206.941 E.01179
G1 X54.851 Y204.984 E.05811
G1 X54.454 Y204.984 E.01179
G1 X54.454 Y206.941 E.05811
G1 X54.058 Y206.941 E.01176
G1 X54.058 Y204.984 E.05811
G1 X53.661 Y204.984 E.01179
G1 X53.661 Y206.941 E.05811
G1 X53.264 Y206.941 E.01179
G1 X53.264 Y204.984 E.05811
G1 X52.867 Y204.984 E.01179
G1 X52.867 Y206.941 E.05811
G1 X52.471 Y206.941 E.01176
G1 X52.471 Y204.984 E.05811
G1 X52.074 Y204.984 E.01179
G1 X52.074 Y206.941 E.05811
G1 X51.677 Y206.941 E.01179
G1 X51.677 Y204.984 E.05811
G1 X51.28 Y204.984 E.01179
G1 X51.28 Y206.941 E.05811
G1 X50.883 Y206.941 E.01179
G1 X50.883 Y204.984 E.05811
G1 X50.487 Y204.984 E.01176
G1 X50.487 Y206.941 E.05811
G1 X50.09 Y206.941 E.01179
G1 X50.09 Y204.984 E.05811
G1 X49.693 Y204.984 E.01179
G1 X49.693 Y206.941 E.05811
G1 X49.296 Y206.941 E.01179
G1 X49.296 Y201.984 E.14718
G1 X48.9 Y201.984 E.01176
G1 X48.9 Y206.941 E.14718
G1 X48.503 Y206.941 E.01179
G1 X48.503 Y201.984 E.14718
G1 X48.106 Y201.984 E.01179
G1 X48.106 Y206.941 E.14718
G1 X47.709 Y206.941 E.01179
G1 X47.709 Y201.823 E.15196
M204 S5000
G1 E-2 F2400
M204 S8000
G1 X55.837 Y197.055 F24000
G1 E2 F2400
M204 S1000
G1 F3600
G1 X49.295 Y197.055 E.19424
G1 X49.295 Y195.948 E.03287
G1 X55.837 Y195.948 E.19424
G1 X55.837 Y197.002 E.03129
M204 S5000
M204 S8000
G1 X55.248 Y196.895 F24000
M204 S1000
G1 F3600
G1 X55.248 Y196.27 E.01856
G1 X54.851 Y196.27 E.01179
G1 X54.851 Y196.734 E.01378
G1 X54.454 Y196.734 E.01179
G1 X54.454 Y196.27 E.01378
G1 X54.058 Y196.27 E.01176
G1 X54.058 Y196.734 E.01378
G1 X53.661 Y196.734 E.01179
G1 X53.661 Y196.27 E.01378
G1 X53.264 Y196.27 E.01179
G1 X53.264 Y196.734 E.01378
G1 X52.867 Y196.734 E.01179
G1 X52.867 Y196.27 E.01378
G1 X52.471 Y196.27 E.01176
G1 X52.471 Y196.734 E.01378
G1 X52.074 Y196.734 E.01179
G1 X52.074 Y196.27 E.01378
G1 X51.677 Y196.27 E.01179
G1 X51.677 Y196.734 E.01378
G1 X51.28 Y196.734 E.01179
G1 X51.28 Y196.27 E.01378
G1 X50.883 Y196.27 E.01179
G1 X50.883 Y196.734 E.01378
G1 X50.487 Y196.734 E.01176
G1 X50.487 Y196.27 E.01378
G1 X50.09 Y196.27 E.01179
G1 X50.09 Y196.734 E.01378
G1 X49.693 Y196.734 E.01179
G1 X49.693 Y196.109 E.01856
M204 S5000
G1 E-2 F2400
M204 S8000
G1 X58.194 Y201.805 F24000
G1 E2 F2400
M204 S1000
G1 F3600
G1 X161.806 Y201.805 E3.07637
G1 X161.806 Y198.948 E.08483
G1 X167.705 Y198.948 E.17515
G1 X167.705 Y201.858 E.0864
G1 X167.508 Y202.055 E.00827
G1 X52.832 Y202.055 E3.40488
G1 X52.832 Y201.754 E.00894
G1 X52.677 Y201.754 E.0046
G1 X52.596 Y201.673 E.0034
G1 X52.596 Y201.518 E.0046
G1 X52.295 Y201.518 E.00894
G1 X52.295 Y198.948 E.07631
G1 X58.194 Y198.948 E.17515
G1 X58.194 Y201.752 E.08325
M204 S5000
M204 S8000
G1 X167.133 Y201.895 F24000
M204 S1000
G1 F3600
G1 X167.133 Y199.269 E.07797
G1 X166.736 Y199.269 E.01179
G1 X166.736 Y201.734 E.07319
G1 X166.339 Y201.734 E.01179
G1 X166.339 Y199.269 E.07319
G1 X165.942 Y199.269 E.01179
G1 X165.942 Y201.734 E.07319
G1 X165.546 Y201.734 E.01176
G1 X165.546 Y199.269 E.07319
G1 X165.149 Y199.269 E.01179
G1 X165.149 Y201.734 E.07319
G1 X164.752 Y201.734 E.01179
G1 X164.752 Y199.269 E.07319
G1 X164.355 Y199.269 E.01179
G1 X164.355 Y201.734 E.07319
G1 X163.959 Y201.734 E.01176
G1 X163.959 Y199.269 E.07319
G1 X163.562 Y199.269 E.01179
G1 X163.562 Y201.734 E.07319
G1 X163.165 Y201.734 E.01179
G1 X163.165 Y199.269 E.07319
G1 X162.768 Y199.269 E.01179
G1 X162.768 Y201.734 E.07319
G1 X162.372 Y201.734 E.01176
G1 X162.372 Y199.109 E.07794
M204 S5000
G1 E-2 F2400
M204 S8000
G1 X57.628 Y201.895 F24000
G1 E2 F2400
M204 S1000
G1 F3600
G1 X57.628 Y199.269 E.07797
G1 X57.232 Y199.269 E.01176
G1 X57.232 Y201.734 E.07319
G1 X56.835 Y201.734 E.01179
G1 X56.835 Y199.269 E.07319
G1 X56.438 Y199.269 E.01179
G1 X56.438 Y201.734 E.07319
G1 X56.041 Y201.734 E.01179
G1 X56.041 Y199.269 E.07319
G1 X55.645 Y199.269 E.01176
G1 X55.645 Y201.734 E.07319
G1 X55.248 Y201.734 E.01179
G1 X55.248 Y199.269 E.07319
G1 X54.851 Y199.269 E.01179
G1 X54.851 Y201.734 E.07319
G1 X54.454 Y201.734 E.01179
G1 X54.454 Y199.269 E.07319
G1 X54.058 Y199.269 E.01176
G1 X54.058 Y201.734 E.07319
G1 X53.661 Y201.734 E.01179
G1 X53.661 Y199.269 E.07319
G1 X53.264 Y199.269 E.01179
G1 X53.264 Y201.734 E.07319
G1 X53.154 Y201.734 E.00327
G1 X53.154 Y201.432 E.00897
G1 X52.918 Y201.432 E.00701
G1 X52.867 Y201.196 E.00717
G1 X52.867 Y199.109 E.06197
M204 S5000
G1 E-2 F2400
M204 S8000
G1 X5.554 Y173.016 F24000
G1 E2 F2400
M204 S1000
;TYPE:Support material interface
G1 F3600
G1 X5.554 Y50.001 E3.65247
G1 X5.197 Y50.001 E.0106
G1 X5.197 Y172.856 E3.64772
G1 X4.84 Y172.856 E.0106
G1 X4.84 Y50.001 E3.64772
G1 X4.483 Y50.001 E.0106
G1 X4.483 Y173.016 E3.65247
M204 S5000
G1 E-2 F2400
M204 S8000
G1 X60.557 Y198.255 F24000
G1 E2 F2400
M204 S1000
;TYPE:Perimeter
;WIDTH:0.399999
G1 F3600
G1 X60.557 Y197.445 E.02405
G1 X159.443 Y197.445 E2.93605
G1 X159.443 Y198.255 E.02405
G1 X60.617 Y198.255 E2.93427
M204 S5000
M204 S8000
G1 X60.2 Y198.612 F24000
M204 S1000
;TYPE:External perimeter
G1 F3600
G1 X60.2 Y197.088 E.04525
G1 X159.8 Y197.088 E2.95725
G1 X159.8 Y198.612 E.04525
G1 X60.26 Y198.612 E2.95547
M204 S5000
G1 X60.201 Y198.217 F24000
G1 E-2 F2400
M204 S8000
G1 X159.208 Y198.148 F24000
G1 E2 F2400
M204 S1000
;TYPE:Solid infill
;WIDTH:0.401305
G1 F3600
G1 X158.772 Y197.712 E.01837
G1 X158.265 Y197.712 E.01511
G1 X158.54 Y197.988 E.01161
G1 X158.033 Y197.988 E.01511
G1 X157.758 Y197.712 E.01161
G1 X157.251 Y197.712 E.01511
G1 X157.526 Y197.988 E.01161
G1 X157.02 Y197.988 E.01508
G1 X156.745 Y197.712 E.01161
G1 X156.238 Y197.712 E.01511
G1 X156.513 Y197.988 E.01161
G1 X156.006 Y197.988 E.01511
G1 X155.731 Y197.712 E.01161
G1 X155.224 Y197.712 E.01511
G1 X155.499 Y197.988 E.01161
G1 X154.992 Y197.988 E.01511
G1 X154.717 Y197.712 E.01161
G1 X154.21 Y197.712 E.01511
G1 X154.485 Y197.988 E.01161
G1 X153.979 Y197.988 E.01508
G1 X153.704 Y197.712 E.01161
G1 X153.197 Y197.712 E.01511
G1 X153.472 Y197.988 E.01161
G1 X152.965 Y197.988 E.01511
G1 X152.69 Y197.712 E.01161
G1 X152.183 Y197.712 E.01511
G1 X152.458 Y197.988 E.01161
G1 X151.951 Y197.988 E.01511
G1 X151.676 Y197.712 E.01161
G1 X151.169 Y197.712 E.01511
G1 X151.444 Y197.988 E.01161
G1 X150.938 Y197.988 E.01508
G1 X150.663 Y197.712 E.01161
G1 X150.156 Y197.712 E.01511
G1 X150.431 Y197.988 E.01161
G1 X149.924 Y197.988 E.01511
G1 X149.649 Y197.712 E.01161
G1 X149.142 Y197.712 E.01511
G1 X149.417 Y197.988 E.01161
G1 X148.91 Y197.988 E.01511
G1 X148.635 Y197.712 E.01161
G1 X148.128 Y197.712 E.01511
G1 X148.403 Y197.988 E.01161
G1 X147.897 Y197.988 E.01508
G1 X147.622 Y197.712 E.01161
G1 X147.115 Y197.712 E.01511
G1 X147.39 Y197.988 E.01161
G1 X146.883 Y197.988 E.01511
G1 X146.608 Y197.712 E.01161
G1 X146.101 Y197.712 E.01511
G1 X146.376 Y197.988 E.01161
G1 X145.869 Y197.988 E.01511
G1 X145.594 Y197.712 E.01161
G1 X145.087 Y197.712 E.01511
G1 X145.362 Y197.988 E.01161
G1 X144.856 Y197.988 E.01508
G1 X144.581 Y197.712 E.01161
G1 X144.074 Y197.712 E.01511
G1 X144.349 Y197.988 E.01161
G1 X143.842 Y197.988 E.01511
G1 X143.567 Y197.712 E.01161
G1 X143.06 Y197.712 E.01511
G1 X143.335 Y197.988 E.01161
G1 X142.828 Y197.988 E.01511
G1 X142.553 Y197.712 E.01161
G1 X142.046 Y197.712 E.01511
G1 X142.321 Y197.988 E.01161
G1 X141.815 Y197.988 E.01508
G1 X141.54 Y197.712 E.01161
G1 X141.033 Y197.712 E.01511
G1 X141.308 Y197.988 E.01161
G1 X140.801 Y197.988 E.01511
G1 X140.526 Y197.712 E.01161
G1 X140.019 Y197.712 E.01511
G1 X140.294 Y197.988 E.01161
G1 X139.787 Y197.988 E.01511
G1 X139.512 Y197.712 E.01161
G1 X139.005 Y197.712 E.01511
G1 X139.28 Y197.988 E.01161
G1 X138.774 Y197.988 E.01508
G1 X138.499 Y197.712 E.01161
G1 X137.992 Y197.712 E.01511
G1 X138.267 Y197.988 E.01161
G1 X137.76 Y197.988 E.01511
G1 X137.485 Y197.712 E.01161
G1 X136.978 Y197.712 E.01511
G1 X137.253 Y197.988 E.01161
G1 X136.746 Y197.988 E.01511
G1 X136.471 Y197.712 E.01161
G1 X135.964 Y197.712 E.01511
G1 X136.239 Y197.988 E.01161
G1 X135.733 Y197.988 E.01508
G1 X135.458 Y197.712 E.01161
G1 X134.951 Y197.712 E.01511
G1 X135.226 Y197.988 E.01161
G1 X134.719 Y197.988 E.01511
G1 X134.444 Y197.712 E.01161
G1 X133.937 Y197.712 E.01511
G1 X134.212 Y197.988 E.01161
G1 X133.705 Y197.988 E.01511
G1 X133.43 Y197.712 E.01161
G1 X132.923 Y197.712 E.01511
G1 X133.198 Y197.988 E.01161
G1 X132.692 Y197.988 E.01508
G1 X132.417 Y197.712 E.01161
G1 X131.91 Y197.712 E.01511
G1 X132.185 Y197.988 E.01161
G1 X131.678 Y197.988 E.01511
G1 X131.403 Y197.712 E.01161
G1 X130.896 Y197.712 E.01511
G1 X131.171 Y197.988 E.01161
G1 X130.664 Y197.988 E.01511
G1 X130.389 Y197.712 E.01161
G1 X129.882 Y197.712 E.01511
G1 X130.157 Y197.988 E.01161
G1 X129.651 Y197.988 E.01508
G1 X129.376 Y197.712 E.01161
G1 X128.869 Y197.712 E.01511
G1 X129.144 Y197.988 E.01161
G1 X128.637 Y197.988 E.01511
G1 X128.362 Y197.712 E.01161
G1 X127.855 Y197.712 E.01511
G1 X128.13 Y197.988 E.01161
G1 X127.623 Y197.988 E.01511
G1 X127.348 Y197.712 E.01161
G1 X126.841 Y197.712 E.01511
G1 X127.116 Y197.988 E.01161
G1 X126.61 Y197.988 E.01508
G1 X126.335 Y197.712 E.01161
G1 X125.828 Y197.712 E.01511
G1 X126.103 Y197.988 E.01161
G1 X125.596 Y197.988 E.01511
G1 X125.321 Y197.712 E.01161
G1 X124.814 Y197.712 E.01511
G1 X125.089 Y197.988 E.01161
G1 X124.582 Y197.988 E.01511
G1 X124.307 Y197.712 E.01161
G1 X123.8 Y197.712 E.01511
G1 X124.075 Y197.988 E.01161
G1 X123.569 Y197.988 E.01508
G1 X123.294 Y197.712 E.01161
G1 X122.787 Y197.712 E.01511
G1 X123.062 Y197.988 E.01161
G1 X122.555 Y197.988 E.01511
G1 X122.28 Y197.712 E.01161
G1 X121.773 Y197.712 E.01511
G1 X122.048 Y197.988 E.01161
G1 X121.541 Y197.988 E.01511
G1 X121.266 Y197.712 E.01161
G1 X120.759 Y197.712 E.01511
G1 X121.034 Y197.988 E.01161
G1 X120.528 Y197.988 E.01508
G1 X120.253 Y197.712 E.01161
G1 X119.746 Y197.712 E.01511
G1 X120.021 Y197.988 E.01161
G1 X119.514 Y197.988 E.01511
G1 X119.239 Y197.712 E.01161
G1 X118.732 Y197.712 E.01511
G1 X119.007 Y197.988 E.01161
G1 X118.5 Y197.988 E.01511
G1 X118.225 Y197.712 E.01161
G1 X117.718 Y197.712 E.01511
G1 X117.993 Y197.988 E.01161
G1 X117.487 Y197.988 E.01508
G1 X117.212 Y197.712 E.01161
G1 X116.705 Y197.712 E.01511
G1 X116.98 Y197.988 E.01161
G1 X116.473 Y197.988 E.01511
G1 X116.198 Y197.712 E.01161
G1 X115.691 Y197.712 E.01511
G1 X115.966 Y197.988 E.01161
G1 X115.459 Y197.988 E.01511
G1 X115.184 Y197.712 E.01161
G1 X114.677 Y197.712 E.01511
G1 X114.952 Y197.988 E.01161
G1 X114.446 Y197.988 E.01508
G1 X114.171 Y197.712 E.01161
G1 X113.664 Y197.712 E.01511
G1 X113.939 Y197.988 E.01161
G1 X113.432 Y197.988 E.01511
G1 X113.157 Y197.712 E.01161
G1 X112.65 Y197.712 E.01511
G1 X112.925 Y197.988 E.01161
G1 X112.418 Y197.988 E.01511
G1 X112.143 Y197.712 E.01161
G1 X111.636 Y197.712 E.01511
G1 X111.911 Y197.988 E.01161
G1 X111.405 Y197.988 E.01508
G1 X111.13 Y197.712 E.01161
G1 X110.623 Y197.712 E.01511
G1 X110.898 Y197.988 E.01161
G1 X110.391 Y197.988 E.01511
G1 X110.116 Y197.712 E.01161
G1 X109.609 Y197.712 E.01511
G1 X109.884 Y197.988 E.01161
G1 X109.377 Y197.988 E.01511
G1 X109.102 Y197.712 E.01161
G1 X108.595 Y197.712 E.01511
G1 X108.87 Y197.988 E.01161
G1 X108.364 Y197.988 E.01508
G1 X108.089 Y197.712 E.01161
G1 X107.582 Y197.712 E.01511
G1 X107.857 Y197.988 E.01161
G1 X107.35 Y197.988 E.01511
G1 X107.075 Y197.712 E.01161
G1 X106.568 Y197.712 E.01511
G1 X106.843 Y197.988 E.01161
G1 X106.336 Y197.988 E.01511
G1 X106.061 Y197.712 E.01161
G1 X105.554 Y197.712 E.01511
G1 X105.829 Y197.988 E.01161
G1 X105.323 Y197.988 E.01508
G1 X105.048 Y197.712 E.01161
G1 X104.541 Y197.712 E.01511
G1 X104.816 Y197.988 E.01161
G1 X104.309 Y197.988 E.01511
G1 X104.034 Y197.712 E.01161
G1 X103.527 Y197.712 E.01511
G1 X103.802 Y197.988 E.01161
G1 X103.295 Y197.988 E.01511
G1 X103.02 Y197.712 E.01161
G1 X102.513 Y197.712 E.01511
G1 X102.788 Y197.988 E.01161
G1 X102.282 Y197.988 E.01508
G1 X102.007 Y197.712 E.01161
G1 X101.5 Y197.712 E.01511
G1 X101.775 Y197.988 E.01161
G1 X101.268 Y197.988 E.01511
G1 X100.993 Y197.712 E.01161
G1 X100.486 Y197.712 E.01511
G1 X100.761 Y197.988 E.01161
G1 X100.254 Y197.988 E.01511
G1 X99.979 Y197.712 E.01161
G1 X99.472 Y197.712 E.01511
G1 X99.747 Y197.988 E.01161
G1 X99.241 Y197.988 E.01508
G1 X98.966 Y197.712 E.01161
G1 X98.459 Y197.712 E.01511
G1 X98.734 Y197.988 E.01161
G1 X98.227 Y197.988 E.01511
G1 X97.952 Y197.712 E.01161
G1 X97.445 Y197.712 E.01511
G1 X97.72 Y197.988 E.01161
G1 X97.213 Y197.988 E.01511
G1 X96.938 Y197.712 E.01161
G1 X96.431 Y197.712 E.01511
G1 X96.706 Y197.988 E.01161
G1 X96.2 Y197.988 E.01508
G1 X95.925 Y197.712 E.01161
G1 X95.418 Y197.712 E.01511
G1 X95.693 Y197.988 E.01161
G1 X95.186 Y197.988 E.01511
G1 X94.911 Y197.712 E.01161
G1 X94.404 Y197.712 E.01511
G1 X94.679 Y197.988 E.01161
G1 X94.172 Y197.988 E.01511
G1 X93.897 Y197.712 E.01161
G1 X93.39 Y197.712 E.01511
G1 X93.665 Y197.988 E.01161
G1 X93.159 Y197.988 E.01508
G1 X92.884 Y197.712 E.01161
G1 X92.377 Y197.712 E.01511
G1 X92.652 Y197.988 E.01161
G1 X92.145 Y197.988 E.01511
G1 X91.87 Y197.712 E.01161
G1 X91.363 Y197.712 E.01511
G1 X91.638 Y197.988 E.01161
G1 X91.131 Y197.988 E.01511
G1 X90.856 Y197.712 E.01161
G1 X90.349 Y197.712 E.01511
G1 X90.624 Y197.988 E.01161
G1 X90.118 Y197.988 E.01508
G1 X89.843 Y197.712 E.01161
G1 X89.336 Y197.712 E.01511
G1 X89.611 Y197.988 E.01161
G1 X89.104 Y197.988 E.01511
G1 X88.829 Y197.712 E.01161
G1 X88.322 Y197.712 E.01511
G1 X88.597 Y197.988 E.01161
G1 X88.09 Y197.988 E.01511
G1 X87.815 Y197.712 E.01161
G1 X87.308 Y197.712 E.01511
G1 X87.583 Y197.988 E.01161
G1 X87.077 Y197.988 E.01508
G1 X86.802 Y197.712 E.01161
G1 X86.295 Y197.712 E.01511
G1 X86.57 Y197.988 E.01161
G1 X86.063 Y197.988 E.01511
G1 X85.788 Y197.712 E.01161
G1 X85.281 Y197.712 E.01511
G1 X85.556 Y197.988 E.01161
G1 X85.049 Y197.988 E.01511
G1 X84.774 Y197.712 E.01161
G1 X84.267 Y197.712 E.01511
G1 X84.542 Y197.988 E.01161
G1 X84.036 Y197.988 E.01508
G1 X83.761 Y197.712 E.01161
G1 X83.254 Y197.712 E.01511
G1 X83.529 Y197.988 E.01161
G1 X83.022 Y197.988 E.01511
G1 X82.747 Y197.712 E.01161
G1 X82.24 Y197.712 E.01511
G1 X82.515 Y197.988 E.01161
G1 X82.008 Y197.988 E.01511
G1 X81.733 Y197.712 E.01161
G1 X81.226 Y197.712 E.01511
G1 X81.501 Y197.988 E.01161
G1 X80.995 Y197.988 E.01508
G1 X80.72 Y197.712 E.01161
G1 X80.213 Y197.712 E.01511
G1 X80.488 Y197.988 E.01161
G1 X79.981 Y197.988 E.01511
G1 X79.706 Y197.712 E.01161
G1 X79.199 Y197.712 E.01511
G1 X79.474 Y197.988 E.01161
G1 X78.967 Y197.988 E.01511
G1 X78.692 Y197.712 E.01161
G1 X78.185 Y197.712 E.01511
G1 X78.46 Y197.988 E.01161
G1 X77.954 Y197.988 E.01508
G1 X77.679 Y197.712 E.01161
G1 X77.172 Y197.712 E.01511
G1 X77.447 Y197.988 E.01161
G1 X76.94 Y197.988 E.01511
G1 X76.665 Y197.712 E.01161
G1 X76.158 Y197.712 E.01511
G1 X76.433 Y197.988 E.01161
G1 X75.926 Y197.988 E.01511
G1 X75.651 Y197.712 E.01161
G1 X75.144 Y197.712 E.01511
G1 X75.419 Y197.988 E.01161
G1 X74.913 Y197.988 E.01508
G1 X74.638 Y197.712 E.01161
G1 X74.131 Y197.712 E.01511
G1 X74.406 Y197.988 E.01161
G1 X73.899 Y197.988 E.01511
G1 X73.624 Y197.712 E.01161
G1 X73.117 Y197.712 E.01511
G1 X73.392 Y197.988 E.01161
G1 X72.885 Y197.988 E.01511
G1 X72.61 Y197.712 E.01161
G1 X72.103 Y197.712 E.01511
G1 X72.378 Y197.988 E.01161
G1 X71.872 Y197.988 E.01508
G1 X71.597 Y197.712 E.01161
G1 X71.09 Y197.712 E.01511
G1 X71.365 Y197.988 E.01161
G1 X70.858 Y197.988 E.01511
G1 X70.583 Y197.712 E.01161
G1 X70.076 Y197.712 E.01511
G1 X70.351 Y197.988 E.01161
G1 X69.844 Y197.988 E.01511
G1 X69.569 Y197.712 E.01161
G1 X69.062 Y197.712 E.01511
G1 X69.337 Y197.988 E.01161
G1 X68.831 Y197.988 E.01508
G1 X68.556 Y197.712 E.01161
G1 X68.049 Y197.712 E.01511
G1 X68.324 Y197.988 E.01161
G1 X67.817 Y197.988 E.01511
G1 X67.542 Y197.712 E.01161
G1 X67.035 Y197.712 E.01511
G1 X67.31 Y197.988 E.01161
G1 X66.803 Y197.988 E.01511
G1 X66.528 Y197.712 E.01161
G1 X66.021 Y197.712 E.01511
G1 X66.296 Y197.988 E.01161
G1 X65.79 Y197.988 E.01508
G1 X65.515 Y197.712 E.01161
G1 X65.008 Y197.712 E.01511
G1 X65.283 Y197.988 E.01161
G1 X64.776 Y197.988 E.01511
G1 X64.501 Y197.712 E.01161
G1 X63.994 Y197.712 E.01511
G1 X64.269 Y197.988 E.01161
G1 X63.762 Y197.988 E.01511
G1 X63.487 Y197.712 E.01161
G1 X62.98 Y197.712 E.01511
G1 X63.255 Y197.988 E.01161
G1 X62.749 Y197.988 E.01508
G1 X62.474 Y197.712 E.01161
G1 X61.967 Y197.712 E.01511
G1 X62.242 Y197.988 E.01161
G1 X61.735 Y197.988 E.01511
G1 X61.46 Y197.712 E.01161
G1 X60.953 Y197.712 E.01511
G1 X61.389 Y198.148 E.01837
M204 S5000
;LAYER_CHANGE
;Z:0.4
;HEIGHT:0.2
G1 E-2 F2400
G1 Z.4 F24000
M104 S210 ; set temperature
M140 S55 ; set bed temperature
M204 S8000
G1 X169.811 Y204.444
G1 E2 F2400
M204 S5000
;TYPE:Support material interface
;WIDTH:0.4
G1 F4800
G1 X169.811 Y197.866 E.19531
G1 X169.454 Y197.866 E.0106
G1 X169.454 Y204.284 E.19056
G1 X169.097 Y204.284 E.0106
G1 X169.097 Y197.866 E.19056
G1 X168.739 Y197.866 E.01063
G1 X168.739 Y204.284 E.19056
G1 X168.382 Y204.284 E.0106
G1 X168.382 Y197.866 E.19056
G1 X168.084 Y197.866 E.00885
G1 X168.025 Y204.284 E.19057
G1 X167.668 Y204.284 E.0106
G1 X167.668 Y202.43 E.05505
G1 X167.311 Y202.434 E.0106
G1 X167.311 Y204.284 E.05493
G1 X166.954 Y204.284 E.0106
G1 X166.954 Y202.434 E.05493
G1 X166.597 Y202.434 E.0106
G1 X166.597 Y204.284 E.05493
G1 X166.24 Y204.284 E.0106
G1 X166.24 Y202.434 E.05493
G1 X165.883 Y202.434 E.0106
G1 X165.883 Y204.284 E.05493
G1 X165.526 Y204.284 E.0106
G1 X165.526 Y202.434 E.05493
G1 X165.169 Y202.434 E.0106
G1 X165.169 Y204.284 E.05493
G1 X164.812 Y204.284 E.0106
G1 X164.812 Y202.434 E.05493
G1 X164.454 Y202.434 E.01063
G1 X164.454 Y204.284 E.05493
G1 X164.097 Y204.284 E.0106
G1 X164.097 Y202.434 E.05493
G1 X163.74 Y202.434 E.0106
G1 X163.74 Y204.284 E.05493
G1 X163.383 Y204.284 E.0106
G1 X163.383 Y202.434 E.05493
G1 X163.026 Y202.434 E.0106
G1 X163.026 Y204.284 E.05493
G1 X162.669 Y204.284 E.0106
G1 X162.669 Y202.434 E.05493
G1 X162.312 Y202.434 E.0106
G1 X162.312 Y204.284 E.05493
G1 X161.955 Y204.284 E.0106
G1 X161.955 Y202.434 E.05493
G1 X161.598 Y202.434 E.0106
G1 X161.598 Y204.284 E.05493
G1 X161.241 Y204.284 E.0106
G1 X161.241 Y202.434 E.05493
G1 X160.884 Y202.434 E.0106
G1 X160.884 Y204.284 E.05493
G1 X160.527 Y204.284 E.0106
G1 X160.527 Y202.434 E.05493
G1 X160.17 Y202.434 E.0106
G1 X160.17 Y204.284 E.05493
G1 X159.812 Y204.284 E.01063
G1 X159.812 Y202.434 E.05493
G1 X159.455 Y202.434 E.0106
G1 X159.455 Y204.284 E.05493
G1 X159.098 Y204.284 E.0106
G1 X159.098 Y202.434 E.05493
G1 X158.741 Y202.434 E.0106
G1 X158.741 Y204.284 E.05493
G1 X158.384 Y204.284 E.0106
G1 X158.384 Y202.434 E.05493
G1 X158.027 Y202.434 E.0106
G1 X158.027 Y204.284 E.05493
G1 X157.67 Y204.284 E.0106
G1 X157.67 Y202.434 E.05493
G1 X157.313 Y202.434 E.0106
G1 X157.313 Y204.284 E.05493
G1 X156.956 Y204.284 E.0106
G1 X156.956 Y202.434 E.05493
G1 X156.599 Y202.434 E.0106
G1 X156.599 Y204.284 E.05493
G1 X156.242 Y204.284 E.0106
G1 X156.242 Y202.434 E.05493
G1 X155.885 Y202.434 E.0106
G1 X155.885 Y204.284 E.05493
G1 X155.528 Y204.284 E.0106
G1 X155.528 Y202.434 E.05493
G1 X155.17 Y202.434 E.01063
G1 X155.17 Y204.284 E.05493
G1 X154.813 Y204.284 E.0106
G1 X154.813 Y202.434 E.05493
G1 X154.456 Y202.434 E.0106
G1 X154.456 Y204.284 E.05493
G1 X154.099 Y204.284 E.0106
G1 X154.099 Y202.434 E.05493
G1 X153.742 Y202.434 E.0106
G1 X153.742 Y204.284 E.05493
G1 X153.385 Y204.284 E.0106
G1 X153.385 Y202.434 E.05493
G1 X153.028 Y202.434 E.0106
G1 X153.028 Y204.284 E.05493
G1 X152.671 Y204.284 E.0106
G1 X152.671 Y202.434 E.05493
G1 X152.314 Y202.434 E.0106
G1 X152.314 Y204.284 E.05493
G1 X151.957 Y204.284 E.0106
G1 X151.957 Y202.434 E.05493
G1 X151.6 Y202.434 E.0106
G1 X151.6 Y204.284 E.05493
G1 X151.243 Y204.284 E.0106
G1 X151.243 Y202.434 E.05493
G1 X150.885 Y202.434 E.01063
G1 X150.885 Y204.284 E.05493
G1 X150.528 Y204.284 E.0106
G1 X150.528 Y202.434 E.05493
G1 X150.171 Y202.434 E.0106
G1 X150.171 Y204.284 E.05493
G1 X149.814 Y204.284 E.0106
G1 X149.814 Y202.434 E.05493
G1 X149.457 Y202.434 E.0106
G1 X149.457 Y204.284 E.05493
G1 X149.1 Y204.284 E.0106
G1 X149.1 Y202.434 E.05493
G1 X148.743 Y202.434 E.0106
G1 X148.743 Y204.284 E.05493
G1 X148.386 Y204.284 E.0106
G1 X148.386 Y202.434 E.05493
G1 X148.029 Y202.434 E.0106
G1 X148.029 Y204.284 E.05493
G1 X147.672 Y204.284 E.0106
G1 X147.672 Y202.434 E.05493
G1 X147.315 Y202.434 E.0106
G1 X147.315 Y204.284 E.05493
G1 X146.958 Y204.284 E.0106
G1 X146.958 Y202.434 E.05493
G1 X146.601 Y202.434 E.0106
G1 X146.601 Y204.284 E.05493
G1 X146.243 Y204.284 E.01063
G1 X146.243 Y202.434 E.05493
G1 X145.886 Y202.434 E.0106
G1 X145.886 Y204.284 E.05493
G1 X145.529 Y204.284 E.0106
G1 X145.529 Y202.434 E.05493
G1 X145.172 Y202.434 E.0106
G1 X145.172 Y204.284 E.05493
G1 X144.815 Y204.284 E.0106
G1 X144.815 Y202.434 E.05493
G1 X144.458 Y202.434 E.0106
G1 X144.458 Y204.284 E.05493
G1 X144.101 Y204.284 E.0106
G1 X144.101 Y202.434 E.05493
G1 X143.744 Y202.434 E.0106
G1 X143.744 Y204.284 E.05493
G1 X143.387 Y204.284 E.0106
G1 X143.387 Y202.434 E.05493
G1 X143.03 Y202.434 E.0106
G1 X143.03 Y204.284 E.05493
G1 X142.673 Y204.284 E.0106
G1 X142.673 Y202.434 E.05493
G1 X142.316 Y202.434 E.0106
G1 X142.316 Y204.284 E.05493
G1 X141.959 Y204.284 E.0106
G1 X141.959 Y202.434 E.05493
G1 X141.601 Y202.434 E.01063
G1 X141.601 Y204.284 E.05493
G1 X141.244 Y204.284 E.0106
G1 X141.244 Y202.434 E.05493
G1 X140.887 Y202.434 E.0106
G1 X140.887 Y204.284 E.05493
G1 X140.53 Y204.284 E.0106
G1 X140.53 Y202.434 E.05493
G1 X140.173 Y202.434 E.0106
G1 X140.173 Y204.284 E.05493
G1 X139.816 Y204.284 E.0106
G1 X139.816 Y202.434 E.05493
G1 X139.459 Y202.434 E.0106
G1 X139.459 Y204.284 E.05493
G1 X139.102 Y204.284 E.0106
G1 X139.102 Y202.434 E.05493
G1 X138.745 Y202.434 E.0106
G1 X138.745 Y204.284 E.05493
G1 X138.388 Y204.284 E.0106
G1 X138.388 Y202.434 E.05493
G1 X138.031 Y202.434 E.0106
G1 X138.031 Y204.284 E.05493
G1 X137.674 Y204.284 E.0106
G1 X137.674 Y202.434 E.05493
G1 X137.316 Y202.434 E.01063
G1 X137.316 Y204.284 E.05493
G1 X136.959 Y204.284 E.0106
G1 X136.959 Y202.434 E.05493
G1 X136.602 Y202.434 E.0106
G1 X136.602 Y204.284 E.05493
G1 X136.245 Y204.284 E.0106
G1 X136.245 Y202.434 E.05493
G1 X135.888 Y202.434 E.0106
G1 X135.888 Y204.284 E.05493
G1 X135.531 Y204.284 E.0106
G1 X135.531 Y202.434 E.05493
G1 X135.174 Y202.434 E.0106
G1 X135.174 Y204.284 E.05493
G1 X134.817 Y204.284 E.0106
G1 X134.817 Y202.434 E.05493
G1 X134.46 Y202.434 E.0106
G1 X134.46 Y204.284 E.05493
G1 X134.103 Y204.284 E.0106
G1 X134.103 Y202.434 E.05493
G1 X133.746 Y202.434 E.0106
G1 X133.746 Y204.284 E.05493
G1 X133.389 Y204.284 E.0106
G1 X133.389 Y202.434 E.05493
G1 X133.032 Y202.434 E.0106
G1 X133.032 Y204.284 E.05493
G1 X132.674 Y204.284 E.01063
G1 X132.674 Y202.434 E.05493
G1 X132.317 Y202.434 E.0106
G1 X132.317 Y204.284 E.05493
G1 X131.96 Y204.284 E.0106
G1 X131.96 Y202.434 E.05493
G1 X131.603 Y202.434 E.0106
G1 X131.603 Y204.284 E.05493
G1 X131.246 Y204.284 E.0106
G1 X131.246 Y202.434 E.05493
G1 X130.889 Y202.434 E.0106
G1 X130.889 Y204.284 E.05493
G1 X130.532 Y204.284 E.0106
G1 X130.532 Y202.434 E.05493
G1 X130.175 Y202.434 E.0106
G1 X130.175 Y204.284 E.05493
G1 X129.818 Y204.284 E.0106
G1 X129.818 Y202.434 E.05493
G1 X129.461 Y202.434 E.0106
G1 X129.461 Y204.284 E.05493
G1 X129.104 Y204.284 E.0106
G1 X129.104 Y202.434 E.05493
G1 X128.747 Y202.434 E.0106
G1 X128.747 Y204.284 E.05493
G1 X128.39 Y204.284 E.0106
G1 X128.39 Y202.434 E.05493
G1 X128.032 Y202.434 E.01063
G1 X128.032 Y204.284 E.05493
G1 X127.675 Y204.284 E.0106
G1 X127.675 Y202.434 E.05493
G1 X127.318 Y202.434 E.0106
G1 X127.318 Y204.284 E.05493
G1 X126.961 Y204.284 E.0106
G1 X126.961 Y202.434 E.05493
G1 X126.604 Y202.434 E.0106
G1 X126.604 Y204.284 E.05493
G1 X126.247 Y204.284 E.0106
G1 X126.247 Y202.434 E.05493
G1 X125.89 Y202.434 E.0106
G1 X125.89 Y204.284 E.05493
G1 X125.533 Y204.284 E.0106
G1 X125.533 Y202.434 E.05493
G1 X125.176 Y202.434 E.0106
G1 X125.176 Y204.284 E.05493
G1 X124.819 Y204.284 E.0106
G1 X124.819 Y202.434 E.05493
G1 X124.462 Y202.434 E.0106
G1 X124.462 Y204.284 E.05493
G1 X124.105 Y204.284 E.0106
G1 X124.105 Y202.434 E.05493
G1 X123.747 Y202.434 E.01063
G1 X123.747 Y204.284 E.05493
G1 X123.39 Y204.284 E.0106
G1 X123.39 Y202.434 E.05493
G1 X123.033 Y202.434 E.0106
G1 X123.033 Y204.284 E.05493
G1 X122.676 Y204.284 E.0106
G1 X122.676 Y202.434 E.05493
G1 X122.319 Y202.434 E.0106
G1 X122.319 Y204.284 E.05493
G1 X121.962 Y204.284 E.0106
G1 X121.962 Y202.434 E.05493
G1 X121.605 Y202.434 E.0106
G1 X121.605 Y204.284 E.05493
G1 X121.248 Y204.284 E.0106
G1 X121.248 Y202.434 E.05493
G1 X120.891 Y202.434 E.0106
G1 X120.891 Y204.284 E.05493
G1 X120.534 Y204.284 E.0106
G1 X120.534 Y202.434 E.05493
G1 X120.177 Y202.434 E.0106
G1 X120.177 Y204.284 E.05493
G1 X119.82 Y204.284 E.0106
G1 X119.82 Y202.434 E.05493
G1 X119.463 Y202.434 E.0106
G1 X119.463 Y204.284 E.05493
G1 X119.105 Y204.284 E.01063
G1 X119.105 Y202.434 E.05493
G1 X118.748 Y202.434 E.0106
G1 X118.748 Y204.284 E.05493
G1 X118.391 Y204.284 E.0106
G1 X118.391 Y202.434 E.05493
G1 X118.034 Y202.434 E.0106
G1 X118.034 Y204.284 E.05493
G1 X117.677 Y204.284 E.0106
G1 X117.677 Y202.434 E.05493
G1 X117.32 Y202.434 E.0106
G1 X117.32 Y204.284 E.05493
G1 X116.963 Y204.284 E.0106
G1 X116.963 Y202.434 E.05493
G1 X116.606 Y202.434 E.0106
G1 X116.606 Y204.284 E.05493
G1 X116.249 Y204.284 E.0106
G1 X116.249 Y202.434 E.05493
G1 X115.892 Y202.434 E.0106
G1 X115.892 Y204.284 E.05493
G1 X115.535 Y204.284 E.0106
G1 X115.535 Y202.434 E.05493
G1 X115.178 Y202.434 E.0106
G1 X115.178 Y204.284 E.05493
G1 X114.821 Y204.284 E.0106
G1 X114.821 Y202.434 E.05493
G1 X114.463 Y202.434 E.01063
G1 X114.463 Y204.284 E.05493
G1 X114.106 Y204.284 E.0106
G1 X114.106 Y202.434 E.05493
G1 X113.749 Y202.434 E.0106
G1 X113.749 Y204.284 E.05493
G1 X113.392 Y204.284 E.0106
G1 X113.392 Y202.434 E.05493
G1 X113.035 Y202.434 E.0106
G1 X113.035 Y204.284 E.05493
G1 X112.678 Y204.284 E.0106
G1 X112.678 Y202.434 E.05493
G1 X112.321 Y202.434 E.0106
G1 X112.321 Y204.284 E.05493
G1 X111.964 Y204.284 E.0106
G1 X111.964 Y202.434 E.05493
G1 X111.607 Y202.434 E.0106
G1 X111.607 Y204.284 E.05493
G1 X111.25 Y204.284 E.0106
G1 X111.25 Y202.434 E.05493
G1 X110.893 Y202.434 E.0106
G1 X110.893 Y204.284 E.05493
G1 X110.536 Y204.284 E.0106
G1 X110.536 Y202.434 E.05493
G1 X110.178 Y202.434 E.01063
G1 X110.178 Y204.284 E.05493
G1 X109.821 Y204.284 E.0106
G1 X109.821 Y202.434 E.05493
G1 X109.464 Y202.434 E.0106
G1 X109.464 Y204.284 E.05493
G1 X109.107 Y204.284 E.0106
G1 X109.107 Y202.434 E.05493
G1 X108.75 Y202.434 E.0106
G1 X108.75 Y204.284 E.05493
G1 X108.393 Y204.284 E.0106
G1 X108.393 Y202.434 E.05493
G1 X108.036 Y202.434 E.0106
G1 X108.036 Y204.284 E.05493
G1 X107.679 Y204.284 E.0106
G1 X107.679 Y202.434 E.05493
G1 X107.322 Y202.434 E.0106
G1 X107.322 Y204.284 E.05493
G1 X106.965 Y204.284 E.0106
G1 X106.965 Y202.434 E.05493
G1 X106.608 Y202.434 E.0106
G1 X106.608 Y204.284 E.05493
G1 X106.251 Y204.284 E.0106
G1 X106.251 Y202.434 E.05493
G1 X105.894 Y202.434 E.0106
G1 X105.894 Y204.284 E.05493
G1 X105.536 Y204.284 E.01063
G1 X105.536 Y202.434 E.05493
G1 X105.179 Y202.434 E.0106
G1 X105.179 Y204.284 E.05493
G1 X104.822 Y204.284 E.0106
G1 X104.822 Y202.434 E.05493
G1 X104.465 Y202.434 E.0106
G1 X104.465 Y204.284 E.05493
G1 X104.108 Y204.284 E.0106
G1 X104.108 Y202.434 E.05493
G1 X103.751 Y202.434 E.0106
G1 X103.751 Y204.284 E.05493
G1 X103.394 Y204.284 E.0106
G1 X103.394 Y202.434 E.05493
G1 X103.037 Y202.434 E.0106
G1 X103.037 Y204.284 E.05493
G1 X102.68 Y204.284 E.0106
G1 X102.68 Y202.434 E.05493
G1 X102.323 Y202.434 E.0106
G1 X102.323 Y204.284 E.05493
G1 X101.966 Y204.284 E.0106
G1 X101.966 Y202.434 E.05493
G1 X101.609 Y202.434 E.0106
G1 X101.609 Y204.284 E.05493
G1 X101.252 Y204.284 E.0106
G1 X101.252 Y202.434 E.05493
G1 X100.894 Y202.434 E.01063
G1 X100.894 Y204.284 E.05493
G1 X100.537 Y204.284 E.0106
G1 X100.537 Y202.434 E.05493
G1 X100.18 Y202.434 E.0106
G1 X100.18 Y204.284 E.05493
G1 X99.823 Y204.284 E.0106
G1 X99.823 Y202.434 E.05493
G1 X99.466 Y202.434 E.0106
G1 X99.466 Y204.284 E.05493
G1 X99.109 Y204.284 E.0106
G1 X99.109 Y202.434 E.05493
G1 X98.752 Y202.434 E.0106
G1 X98.752 Y204.284 E.05493
G1 X98.395 Y204.284 E.0106
G1 X98.395 Y202.434 E.05493
G1 X98.038 Y202.434 E.0106
G1 X98.038 Y204.284 E.05493
G1 X97.681 Y204.284 E.0106
G1 X97.681 Y202.434 E.05493
G1 X97.324 Y202.434 E.0106
G1 X97.324 Y204.284 E.05493
G1 X96.967 Y204.284 E.0106
G1 X96.967 Y202.434 E.05493
G1 X96.609 Y202.434 E.01063
G1 X96.609 Y204.284 E.05493
G1 X96.252 Y204.284 E.0106
G1 X96.252 Y202.434 E.05493
G1 X95.895 Y202.434 E.0106
G1 X95.895 Y204.284 E.05493
G1 X95.538 Y204.284 E.0106
G1 X95.538 Y202.434 E.05493
G1 X95.181 Y202.434 E.0106
G1 X95.181 Y204.284 E.05493
G1 X94.824 Y204.284 E.0106
G1 X94.824 Y202.434 E.05493
G1 X94.467 Y202.434 E.0106
G1 X94.467 Y204.284 E.05493
G1 X94.11 Y204.284 E.0106
G1 X94.11 Y202.434 E.05493
G1 X93.753 Y202.434 E.0106
G1 X93.753 Y204.284 E.05493
G1 X93.396 Y204.284 E.0106
G1 X93.396 Y202.434 E.05493
G1 X93.039 Y202.434 E.0106
G1 X93.039 Y204.284 E.05493
G1 X92.682 Y204.284 E.0106
G1 X92.682 Y202.434 E.05493
G1 X92.325 Y202.434 E.0106
G1 X92.325 Y204.284 E.05493
G1 X91.967 Y204.284 E.01063
G1 X91.967 Y202.434 E.05493
G1 X91.61 Y202.434 E.0106
G1 X91.61 Y204.284 E.05493
G1 X91.253 Y204.284 E.0106
G1 X91.253 Y202.434 E.05493
G1 X90.896 Y202.434 E.0106
G1 X90.896 Y204.284 E.05493
G1 X90.539 Y204.284 E.0106
G1 X90.539 Y202.434 E.05493
G1 X90.182 Y202.434 E.0106
G1 X90.182 Y204.284 E.05493
G1 X89.825 Y204.284 E.0106
G1 X89.825 Y202.434 E.05493
G1 X89.468 Y202.434 E.0106
G1 X89.468 Y204.284 E.05493
G1 X89.111 Y204.284 E.0106
G1 X89.111 Y202.434 E.05493
G1 X88.754 Y202.434 E.0106
G1 X88.754 Y204.284 E.05493
G1 X88.397 Y204.284 E.0106
G1 X88.397 Y202.434 E.05493
G1 X88.04 Y202.434 E.0106
G1 X88.04 Y204.284 E.05493
G1 X87.683 Y204.284 E.0106
G1 X87.683 Y202.434 E.05493
G1 X87.325 Y202.434 E.01063
G1 X87.325 Y204.284 E.05493
G1 X86.968 Y204.284 E.0106
G1 X86.968 Y202.434 E.05493
G1 X86.611 Y202.434 E.0106
G1 X86.611 Y204.284 E.05493
G1 X86.254 Y204.284 E.0106
G1 X86.254 Y202.434 E.05493
G1 X85.897 Y202.434 E.0106
G1 X85.897 Y204.284 E.05493
G1 X85.54 Y204.284 E.0106
G1 X85.54 Y202.434 E.05493
G1 X85.183 Y202.434 E.0106
G1 X85.183 Y204.284 E.05493
G1 X84.826 Y204.284 E.0106
G1 X84.826 Y202.434 E.05493
G1 X84.469 Y202.434 E.0106
G1 X84.469 Y204.284 E.05493
G1 X84.112 Y204.284 E.0106
G1 X84.112 Y202.434 E.05493
G1 X83.755 Y202.434 E.0106
G1 X83.755 Y204.284 E.05493
G1 X83.398 Y204.284 E.0106
G1 X83.398 Y202.434 E.05493
G1 X83.04 Y202.434 E.01063
G1 X83.04 Y204.284 E.05493
G1 X82.683 Y204.284 E.0106
G1 X82.683 Y202.434 E.05493
G1 X82.326 Y202.434 E.0106
G1 X82.326 Y204.284 E.05493
G1 X81.969 Y204.284 E.0106
G1 X81.969 Y202.434 E.05493
G1 X81.612 Y202.434 E.0106
G1 X81.612 Y204.284 E.05493
G1 X81.255 Y204.284 E.0106
G1 X81.255 Y202.434 E.05493
G1 X80.898 Y202.434 E.0106
G1 X80.898 Y204.284 E.05493
G1 X80.541 Y204.284 E.0106
G1 X80.541 Y202.434 E.05493
G1 X80.184 Y202.434 E.0106
G1 X80.184 Y204.284 E.05493
G1 X79.827 Y204.284 E.0106
G1 X79.827 Y202.434 E.05493
G1 X79.47 Y202.434 E.0106
G1 X79.47 Y204.284 E.05493
G1 X79.113 Y204.284 E.0106
G1 X79.113 Y202.434 E.05493
G1 X78.756 Y202.434 E.0106
G1 X78.756 Y204.284 E.05493
G1 X78.398 Y204.284 E.01063
G1 X78.398 Y202.434 E.05493
G1 X78.041 Y202.434 E.0106
G1 X78.041 Y204.284 E.05493
G1 X77.684 Y204.284 E.0106
G1 X77.684 Y202.434 E.05493
G1 X77.327 Y202.434 E.0106
G1 X77.327 Y204.284 E.05493
G1 X76.97 Y204.284 E.0106
G1 X76.97 Y202.434 E.05493
G1 X76.613 Y202.434 E.0106
G1 X76.613 Y204.284 E.05493
G1 X76.256 Y204.284 E.0106
G1 X76.256 Y202.434 E.05493
G1 X75.899 Y202.434 E.0106
G1 X75.899 Y204.284 E.05493
G1 X75.542 Y204.284 E.0106
G1 X75.542 Y202.434 E.05493
G1 X75.185 Y202.434 E.0106
G1 X75.185 Y204.284 E.05493
G1 X74.828 Y204.284 E.0106
G1 X74.828 Y202.434 E.05493
G1 X74.471 Y202.434 E.0106
G1 X74.471 Y204.284 E.05493
G1 X74.114 Y204.284 E.0106
G1 X74.114 Y202.434 E.05493
G1 X73.756 Y202.434 E.01063
G1 X73.756 Y204.284 E.05493
G1 X73.399 Y204.284 E.0106
G1 X73.399 Y202.434 E.05493
G1 X73.042 Y202.434 E.0106
G1 X73.042 Y204.284 E.05493
G1 X72.685 Y204.284 E.0106
G1 X72.685 Y202.434 E.05493
G1 X72.328 Y202.434 E.0106
G1 X72.328 Y204.284 E.05493
G1 X71.971 Y204.284 E.0106
G1 X71.971 Y202.434 E.05493
G1 X71.614 Y202.434 E.0106
G1 X71.614 Y204.284 E.05493
G1 X71.257 Y204.284 E.0106
G1 X71.257 Y202.434 E.05493
G1 X70.9 Y202.434 E.0106
G1 X70.9 Y204.284 E.05493
G1 X70.543 Y204.284 E.0106
G1 X70.543 Y202.434 E.05493
G1 X70.186 Y202.434 E.0106
G1 X70.186 Y204.284 E.05493
G1 X69.829 Y204.284 E.0106
G1 X69.829 Y202.434 E.05493
G1 X69.471 Y202.434 E.01063
G1 X69.471 Y204.284 E.05493
G1 X69.114 Y204.284 E.0106
G1 X69.114 Y202.434 E.05493
G1 X68.757 Y202.434 E.0106
G1 X68.757 Y204.284 E.05493
G1 X68.4 Y204.284 E.0106
G1 X68.4 Y202.434 E.05493
G1 X68.043 Y202.434 E.0106
G1 X68.043 Y204.284 E.05493
G1 X67.686 Y204.284 E.0106
G1 X67.686 Y202.434 E.05493
G1 X67.329 Y202.434 E.0106
G1 X67.329 Y204.284 E.05493
G1 X66.972 Y204.284 E.0106
G1 X66.972 Y202.434 E.05493
G1 X66.615 Y202.434 E.0106
G1 X66.615 Y204.284 E.05493
G1 X66.258 Y204.284 E.0106
G1 X66.258 Y202.434 E.05493
G1 X65.901 Y202.434 E.0106
G1 X65.901 Y204.284 E.05493
G1 X65.544 Y204.284 E.0106
G1 X65.544 Y202.434 E.05493
G1 X65.187 Y202.434 E.0106
G1 X65.187 Y204.284 E.05493
G1 X64.829 Y204.284 E.01063
G1 X64.829 Y202.434 E.05493
G1 X64.472 Y202.434 E.0106
G1 X64.472 Y204.284 E.05493
G1 X64.115 Y204.284 E.0106
G1 X64.115 Y202.434 E.05493
G1 X63.758 Y202.434 E.0106
G1 X63.758 Y204.284 E.05493
G1 X63.401 Y204.284 E.0106
G1 X63.401 Y202.434 E.05493
G1 X63.044 Y202.434 E.0106
G1 X63.044 Y204.284 E.05493
G1 X62.687 Y204.284 E.0106
G1 X62.687 Y202.434 E.05493
G1 X62.33 Y202.434 E.0106
G1 X62.33 Y204.284 E.05493
G1 X61.973 Y204.284 E.0106
G1 X61.973 Y202.434 E.05493
G1 X61.616 Y202.434 E.0106
G1 X61.616 Y204.284 E.05493
G1 X61.259 Y204.284 E.0106
G1 X61.259 Y202.434 E.05493
G1 X60.902 Y202.434 E.0106
G1 X60.902 Y204.284 E.05493
G1 X60.545 Y204.284 E.0106
G1 X60.545 Y202.434 E.05493
G1 X60.187 Y202.434 E.01063
G1 X60.187 Y204.284 E.05493
G1 X59.83 Y204.284 E.0106
G1 X59.83 Y202.434 E.05493
G1 X59.473 Y202.434 E.0106
G1 X59.473 Y204.284 E.05493
G1 X59.116 Y204.284 E.0106
G1 X59.116 Y202.434 E.05493
G1 X58.759 Y202.434 E.0106
G1 X58.759 Y204.284 E.05493
G1 X58.402 Y204.284 E.0106
G1 X58.402 Y202.434 E.05493
G1 X58.045 Y202.434 E.0106
G1 X58.045 Y204.284 E.05493
G1 X57.688 Y204.284 E.0106
G1 X57.688 Y202.434 E.05493
G1 X57.331 Y202.434 E.0106
G1 X57.331 Y204.284 E.05493
G1 X56.974 Y204.284 E.0106
G1 X56.974 Y202.434 E.05493
G1 X56.617 Y202.434 E.0106
G1 X56.617 Y204.284 E.05493
G1 X56.26 Y204.284 E.0106
G1 X56.26 Y202.434 E.05493
G1 X55.902 Y202.434 E.01063
G1 X55.902 Y204.284 E.05493
G1 X55.545 Y204.284 E.0106
G1 X55.545 Y202.434 E.05493
G1 X55.188 Y202.434 E.0106
G1 X55.188 Y204.284 E.05493
G1 X54.831 Y204.284 E.0106
G1 X54.831 Y202.434 E.05493
G1 X54.474 Y202.434 E.0106
G1 X54.474 Y204.284 E.05493
G1 X54.117 Y204.284 E.0106
G1 X54.117 Y202.434 E.05493
G1 X53.76 Y202.434 E.0106
G1 X53.76 Y204.284 E.05493
G1 X53.403 Y204.284 E.0106
G1 X53.403 Y202.434 E.05493
G1 X53.046 Y202.434 E.0106
G1 X53.046 Y204.284 E.05493
G1 X52.689 Y204.284 E.0106
G1 X52.689 Y202.434 E.05493
G1 X52.454 Y202.434 E.00698
G1 X52.454 Y202.066 E.01093
G1 X52.332 Y201.944 E.00512
G1 X52.332 Y204.284 E.06948
G1 X51.975 Y204.284 E.0106
G1 X51.916 Y197.866 E.19057
G1 X51.618 Y197.866 E.00885
G1 X51.618 Y204.284 E.19056
G1 X51.26 Y204.284 E.01063
G1 X51.26 Y197.866 E.19056
G1 X50.903 Y197.866 E.0106
G1 X50.903 Y204.284 E.19056
G1 X50.546 Y204.284 E.0106
G1 X50.546 Y197.866 E.19056
G1 X50.189 Y197.866 E.0106
G1 X50.189 Y204.444 E.19531
G1 E-2 F2400
M204 S8000
G1 X60.632 Y198.84 F24000
G1 E2 F2400
M204 S4000
;TYPE:Perimeter
;WIDTH:0.449999
G1 F10800
G1 X60.632 Y196.86 E.06702
G1 X159.368 Y196.86 E3.34209
G1 X159.368 Y198.84 E.06702
G1 X60.692 Y198.84 E3.34006
M204 S5000
M204 S8000
G1 X60.225 Y199.012 F24000
M204 S4000
;TYPE:External perimeter
G1 F7200
G1 X60.225 Y196.688 E.07866
M204 S1500
;TYPE:Overhang perimeter
;WIDTH:0.4
;HEIGHT:0.4
G1 F3000
G1 X60.225 Y196.453 E.01228
G1 X159.775 Y196.453 E5.20098
G1 X159.775 Y196.688 E.01228
M204 S4000
;TYPE:External perimeter
;WIDTH:0.449999
;HEIGHT:0.2
G1 F7200
G1 X159.775 Y199.012 E.07866
M204 S1500
;TYPE:Overhang perimeter
;WIDTH:0.4
;HEIGHT:0.4
G1 F3000
G1 X159.775 Y199.247 E.01228
G1 X60.225 Y199.247 E5.20098
G1 X60.225 Y199.072 E.00914
M204 S5000
G1 X60.225 Y198.672 F24000
G1 E-2 F2400
M204 S8000
G1 X158.524 Y198.721 F24000
G1 E2 F2400
M204 S5000
;TYPE:Top solid infill
;WIDTH:0.40115
;HEIGHT:0.2
G1 F7200
G1 X159.088 Y198.157 E.02376
G1 X159.088 Y197.651 E.01507
G1 X158.178 Y198.56 E.03831
G1 X157.671 Y198.56 E.0151
G1 X159.088 Y197.14 E.05975
G1 X158.585 Y197.14 E.01498
G1 X157.165 Y198.56 E.05982
G1 X156.658 Y198.56 E.0151
G1 X158.078 Y197.14 E.05982
G1 X157.572 Y197.14 E.01507
G1 X156.152 Y198.56 E.05982
G1 X155.645 Y198.56 E.0151
G1 X157.065 Y197.14 E.05982
G1 X156.559 Y197.14 E.01507
G1 X155.138 Y198.56 E.05984
G1 X154.632 Y198.56 E.01507
G1 X156.052 Y197.14 E.05982
G1 X155.545 Y197.14 E.0151
G1 X154.125 Y198.56 E.05982
G1 X153.619 Y198.56 E.01507
G1 X155.039 Y197.14 E.05982
G1 X154.532 Y197.14 E.0151
G1 X153.112 Y198.56 E.05982
G1 X152.605 Y198.56 E.0151
G1 X154.026 Y197.14 E.05984
G1 X153.519 Y197.14 E.0151
G1 X152.099 Y198.56 E.05982
G1 X151.592 Y198.56 E.0151
G1 X153.012 Y197.14 E.05982
G1 X152.506 Y197.14 E.01507
G1 X151.086 Y198.56 E.05982
G1 X150.579 Y198.56 E.0151
G1 X151.999 Y197.14 E.05982
G1 X151.492 Y197.14 E.0151
G1 X150.072 Y198.56 E.05982
G1 X149.566 Y198.56 E.01507
G1 X150.986 Y197.14 E.05982
G1 X150.479 Y197.14 E.0151
G1 X149.059 Y198.56 E.05982
G1 X148.552 Y198.56 E.0151
G1 X149.973 Y197.14 E.05984
G1 X149.466 Y197.14 E.0151
G1 X148.046 Y198.56 E.05982
G1 X147.539 Y198.56 E.0151
G1 X148.959 Y197.14 E.05982
G1 X148.453 Y197.14 E.01507
G1 X147.033 Y198.56 E.05982
G1 X146.526 Y198.56 E.0151
G1 X147.946 Y197.14 E.05982
G1 X147.44 Y197.14 E.01507
G1 X146.019 Y198.56 E.05984
G1 X145.513 Y198.56 E.01507
G1 X146.933 Y197.14 E.05982
G1 X146.426 Y197.14 E.0151
G1 X145.006 Y198.56 E.05982
G1 X144.5 Y198.56 E.01507
G1 X145.92 Y197.14 E.05982
G1 X145.413 Y197.14 E.0151
G1 X143.993 Y198.56 E.05982
G1 X143.486 Y198.56 E.0151
G1 X144.906 Y197.14 E.05982
G1 X144.4 Y197.14 E.01507
G1 X142.98 Y198.56 E.05982
G1 X142.473 Y198.56 E.0151
G1 X143.893 Y197.14 E.05982
G1 X143.387 Y197.14 E.01507
G1 X141.966 Y198.56 E.05984
G1 X141.46 Y198.56 E.01507
G1 X142.88 Y197.14 E.05982
G1 X142.373 Y197.14 E.0151
G1 X140.953 Y198.56 E.05982
G1 X140.447 Y198.56 E.01507
G1 X141.867 Y197.14 E.05982
G1 X141.36 Y197.14 E.0151
G1 X139.94 Y198.56 E.05982
G1 X139.433 Y198.56 E.0151
G1 X140.854 Y197.14 E.05984
G1 X140.347 Y197.14 E.0151
G1 X138.927 Y198.56 E.05982
G1 X138.42 Y198.56 E.0151
G1 X139.84 Y197.14 E.05982
G1 X139.334 Y197.14 E.01507
G1 X137.914 Y198.56 E.05982
G1 X137.407 Y198.56 E.0151
G1 X138.827 Y197.14 E.05982
G1 X138.321 Y197.14 E.01507
G1 X136.9 Y198.56 E.05984
G1 X136.394 Y198.56 E.01507
G1 X137.814 Y197.14 E.05982
G1 X137.307 Y197.14 E.0151
G1 X135.887 Y198.56 E.05982
G1 X135.38 Y198.56 E.0151
G1 X136.801 Y197.14 E.05984
G1 X136.294 Y197.14 E.0151
G1 X134.874 Y198.56 E.05982
G1 X134.367 Y198.56 E.0151
G1 X135.787 Y197.14 E.05982
G1 X135.281 Y197.14 E.01507
G1 X133.861 Y198.56 E.05982
G1 X133.354 Y198.56 E.0151
G1 X134.774 Y197.14 E.05982
G1 X134.268 Y197.14 E.01507
G1 X132.847 Y198.56 E.05984
G1 X132.341 Y198.56 E.01507
G1 X133.761 Y197.14 E.05982
G1 X133.254 Y197.14 E.0151
G1 X131.834 Y198.56 E.05982
G1 X131.328 Y198.56 E.01507
G1 X132.748 Y197.14 E.05982
G1 X132.241 Y197.14 E.0151
G1 X130.821 Y198.56 E.05982
G1 X130.314 Y198.56 E.0151
G1 X131.735 Y197.14 E.05984
G1 X131.228 Y197.14 E.0151
G1 X129.808 Y198.56 E.05982
G1 X129.301 Y198.56 E.0151
G1 X130.721 Y197.14 E.05982
G1 X130.215 Y197.14 E.01507
G1 X128.794 Y198.56 E.05984
G1 X128.288 Y198.56 E.01507
G1 X129.708 Y197.14 E.05982
G1 X129.201 Y197.14 E.0151
G1 X127.781 Y198.56 E.05982
G1 X127.275 Y198.56 E.01507
G1 X128.695 Y197.14 E.05982
G1 X128.188 Y197.14 E.0151
G1 X126.768 Y198.56 E.05982
G1 X126.261 Y198.56 E.0151
G1 X127.682 Y197.14 E.05984
G1 X127.175 Y197.14 E.0151
G1 X125.755 Y198.56 E.05982
G1 X125.248 Y198.56 E.0151
G1 X126.668 Y197.14 E.05982
G1 X126.162 Y197.14 E.01507
G1 X124.742 Y198.56 E.05982
G1 X124.235 Y198.56 E.0151
G1 X125.655 Y197.14 E.05982
G1 X125.149 Y197.14 E.01507
G1 X123.728 Y198.56 E.05984
G1 X123.222 Y198.56 E.01507
G1 X124.642 Y197.14 E.05982
G1 X124.135 Y197.14 E.0151
G1 X122.715 Y198.56 E.05982
G1 X122.209 Y198.56 E.01507
G1 X123.629 Y197.14 E.05982
G1 X123.122 Y197.14 E.0151
G1 X121.702 Y198.56 E.05982
G1 X121.195 Y198.56 E.0151
G1 X122.615 Y197.14 E.05982
G1 X122.109 Y197.14 E.01507
G1 X120.689 Y198.56 E.05982
G1 X120.182 Y198.56 E.0151
G1 X121.602 Y197.14 E.05982
G1 X121.096 Y197.14 E.01507
G1 X119.675 Y198.56 E.05984
G1 X119.169 Y198.56 E.01507
G1 X120.589 Y197.14 E.05982
G1 X120.082 Y197.14 E.0151
G1 X118.662 Y198.56 E.05982
G1 X118.156 Y198.56 E.01507
G1 X119.576 Y197.14 E.05982
G1 X119.069 Y197.14 E.0151
G1 X117.649 Y198.56 E.05982
G1 X117.142 Y198.56 E.0151
G1 X118.563 Y197.14 E.05984
G1 X118.056 Y197.14 E.0151
G1 X116.636 Y198.56 E.05982
G1 X116.129 Y198.56 E.0151
G1 X117.549 Y197.14 E.05982
G1 X117.043 Y197.14 E.01507
G1 X115.623 Y198.56 E.05982
G1 X115.116 Y198.56 E.0151
G1 X116.536 Y197.14 E.05982
G1 X116.03 Y197.14 E.01507
G1 X114.609 Y198.56 E.05984
G1 X114.103 Y198.56 E.01507
G1 X115.523 Y197.14 E.05982
G1 X115.016 Y197.14 E.0151
G1 X113.596 Y198.56 E.05982
G1 X113.089 Y198.56 E.0151
G1 X114.51 Y197.14 E.05984
G1 X114.003 Y197.14 E.0151
G1 X112.583 Y198.56 E.05982
G1 X112.076 Y198.56 E.0151
G1 X113.496 Y197.14 E.05982
G1 X112.99 Y197.14 E.01507
G1 X111.57 Y198.56 E.05982
G1 X111.063 Y198.56 E.0151
G1 X112.483 Y197.14 E.05982
G1 X111.977 Y197.14 E.01507
G1 X110.556 Y198.56 E.05984
G1 X110.05 Y198.56 E.01507
G1 X111.47 Y197.14 E.05982
G1 X110.963 Y197.14 E.0151
G1 X109.543 Y198.56 E.05982
G1 X109.037 Y198.56 E.01507
G1 X110.457 Y197.14 E.05982
G1 X109.95 Y197.14 E.0151
G1 X108.53 Y198.56 E.05982
G1 X108.023 Y198.56 E.0151
G1 X109.444 Y197.14 E.05984
G1 X108.937 Y197.14 E.0151
G1 X107.517 Y198.56 E.05982
G1 X107.01 Y198.56 E.0151
G1 X108.43 Y197.14 E.05982
G1 X107.924 Y197.14 E.01507
G1 X106.503 Y198.56 E.05984
G1 X105.997 Y198.56 E.01507
G1 X107.417 Y197.14 E.05982
G1 X106.91 Y197.14 E.0151
G1 X105.49 Y198.56 E.05982
G1 X104.984 Y198.56 E.01507
G1 X106.404 Y197.14 E.05982
G1 X105.897 Y197.14 E.0151
G1 X104.477 Y198.56 E.05982
G1 X103.97 Y198.56 E.0151
G1 X105.391 Y197.14 E.05984
G1 X104.884 Y197.14 E.0151
G1 X103.464 Y198.56 E.05982
G1 X102.957 Y198.56 E.0151
G1 X104.377 Y197.14 E.05982
G1 X103.871 Y197.14 E.01507
G1 X102.451 Y198.56 E.05982
G1 X101.944 Y198.56 E.0151
G1 X103.364 Y197.14 E.05982
G1 X102.858 Y197.14 E.01507
G1 X101.437 Y198.56 E.05984
G1 X100.931 Y198.56 E.01507
G1 X102.351 Y197.14 E.05982
G1 X101.844 Y197.14 E.0151
G1 X100.424 Y198.56 E.05982
G1 X99.918 Y198.56 E.01507
G1 X101.338 Y197.14 E.05982
G1 X100.831 Y197.14 E.0151
G1 X99.411 Y198.56 E.05982
G1 X98.904 Y198.56 E.0151
G1 X100.324 Y197.14 E.05982
G1 X99.818 Y197.14 E.01507
G1 X98.398 Y198.56 E.05982
G1 X97.891 Y198.56 E.0151
G1 X99.311 Y197.14 E.05982
G1 X98.805 Y197.14 E.01507
G1 X97.384 Y198.56 E.05984
G1 X96.878 Y198.56 E.01507
G1 X98.298 Y197.14 E.05982
G1 X97.791 Y197.14 E.0151
G1 X96.371 Y198.56 E.05982
G1 X95.865 Y198.56 E.01507
G1 X97.285 Y197.14 E.05982
G1 X96.778 Y197.14 E.0151
G1 X95.358 Y198.56 E.05982
G1 X94.851 Y198.56 E.0151
G1 X96.272 Y197.14 E.05984
G1 X95.765 Y197.14 E.0151
G1 X94.345 Y198.56 E.05982
G1 X93.838 Y198.56 E.0151
G1 X95.258 Y197.14 E.05982
G1 X94.752 Y197.14 E.01507
G1 X93.332 Y198.56 E.05982
G1 X92.825 Y198.56 E.0151
G1 X94.245 Y197.14 E.05982
G1 X93.739 Y197.14 E.01507
G1 X92.318 Y198.56 E.05984
G1 X91.812 Y198.56 E.01507
G1 X93.232 Y197.14 E.05982
G1 X92.725 Y197.14 E.0151
G1 X91.305 Y198.56 E.05982
G1 X90.798 Y198.56 E.0151
G1 X92.219 Y197.14 E.05984
G1 X91.712 Y197.14 E.0151
G1 X90.292 Y198.56 E.05982
G1 X89.785 Y198.56 E.0151
G1 X91.205 Y197.14 E.05982
G1 X90.699 Y197.14 E.01507
G1 X89.279 Y198.56 E.05982
G1 X88.772 Y198.56 E.0151
G1 X90.192 Y197.14 E.05982
G1 X89.686 Y197.14 E.01507
G1 X88.265 Y198.56 E.05984
G1 X87.759 Y198.56 E.01507
G1 X89.179 Y197.14 E.05982
G1 X88.672 Y197.14 E.0151
G1 X87.252 Y198.56 E.05982
G1 X86.746 Y198.56 E.01507
G1 X88.166 Y197.14 E.05982
G1 X87.659 Y197.14 E.0151
G1 X86.239 Y198.56 E.05982
G1 X85.732 Y198.56 E.0151
G1 X87.153 Y197.14 E.05984
G1 X86.646 Y197.14 E.0151
G1 X85.226 Y198.56 E.05982
G1 X84.719 Y198.56 E.0151
G1 X86.139 Y197.14 E.05982
G1 X85.633 Y197.14 E.01507
G1 X84.212 Y198.56 E.05984
G1 X83.706 Y198.56 E.01507
G1 X85.126 Y197.14 E.05982
G1 X84.619 Y197.14 E.0151
G1 X83.199 Y198.56 E.05982
G1 X82.693 Y198.56 E.01507
G1 X84.113 Y197.14 E.05982
G1 X83.606 Y197.14 E.0151
G1 X82.186 Y198.56 E.05982
G1 X81.679 Y198.56 E.0151
G1 X83.1 Y197.14 E.05984
G1 X82.593 Y197.14 E.0151
G1 X81.173 Y198.56 E.05982
G1 X80.666 Y198.56 E.0151
G1 X82.086 Y197.14 E.05982
G1 X81.58 Y197.14 E.01507
G1 X80.16 Y198.56 E.05982
G1 X79.653 Y198.56 E.0151
G1 X81.073 Y197.14 E.05982
G1 X80.567 Y197.14 E.01507
G1 X79.146 Y198.56 E.05984
G1 X78.64 Y198.56 E.01507
G1 X80.06 Y197.14 E.05982
G1 X79.553 Y197.14 E.0151
G1 X78.133 Y198.56 E.05982
G1 X77.627 Y198.56 E.01507
G1 X79.047 Y197.14 E.05982
G1 X78.54 Y197.14 E.0151
G1 X77.12 Y198.56 E.05982
G1 X76.613 Y198.56 E.0151
G1 X78.033 Y197.14 E.05982
G1 X77.527 Y197.14 E.01507
G1 X76.107 Y198.56 E.05982
G1 X75.6 Y198.56 E.0151
G1 X77.02 Y197.14 E.05982
G1 X76.514 Y197.14 E.01507
G1 X75.093 Y198.56 E.05984
G1 X74.587 Y198.56 E.01507
G1 X76.007 Y197.14 E.05982
G1 X75.5 Y197.14 E.0151
G1 X74.08 Y198.56 E.05982
G1 X73.574 Y198.56 E.01507
G1 X74.994 Y197.14 E.05982
G1 X74.487 Y197.14 E.0151
G1 X73.067 Y198.56 E.05982
G1 X72.56 Y198.56 E.0151
G1 X73.981 Y197.14 E.05984
G1 X73.474 Y197.14 E.0151
G1 X72.054 Y198.56 E.05982
G1 X71.547 Y198.56 E.0151
G1 X72.967 Y197.14 E.05982
G1 X72.461 Y197.14 E.01507
G1 X71.041 Y198.56 E.05982
G1 X70.534 Y198.56 E.0151
G1 X71.954 Y197.14 E.05982
G1 X71.447 Y197.14 E.0151
G1 X70.027 Y198.56 E.05982
G1 X69.521 Y198.56 E.01507
G1 X70.941 Y197.14 E.05982
G1 X70.434 Y197.14 E.0151
G1 X69.014 Y198.56 E.05982
G1 X68.507 Y198.56 E.0151
G1 X69.928 Y197.14 E.05984
G1 X69.421 Y197.14 E.0151
G1 X68.001 Y198.56 E.05982
G1 X67.494 Y198.56 E.0151
G1 X68.914 Y197.14 E.05982
G1 X68.408 Y197.14 E.01507
G1 X66.988 Y198.56 E.05982
G1 X66.481 Y198.56 E.0151
G1 X67.901 Y197.14 E.05982
G1 X67.395 Y197.14 E.01507
G1 X65.974 Y198.56 E.05984
G1 X65.468 Y198.56 E.01507
G1 X66.888 Y197.14 E.05982
G1 X66.381 Y197.14 E.0151
G1 X64.961 Y198.56 E.05982
G1 X64.455 Y198.56 E.01507
G1 X65.875 Y197.14 E.05982
G1 X65.368 Y197.14 E.0151
G1 X63.948 Y198.56 E.05982
G1 X63.441 Y198.56 E.0151
G1 X64.862 Y197.14 E.05984
G1 X64.355 Y197.14 E.0151
G1 X62.935 Y198.56 E.05982
G1 X62.428 Y198.56 E.0151
G1 X63.848 Y197.14 E.05982
G1 X63.342 Y197.14 E.01507
G1 X61.921 Y198.56 E.05984
G1 X61.415 Y198.56 E.01507
G1 X62.835 Y197.14 E.05982
G1 X62.328 Y197.14 E.0151
G1 X60.912 Y198.556 E.05965
G1 X60.912 Y198.049 E.0151
G1 X61.822 Y197.14 E.03831
G1 X61.315 Y197.14 E.0151
G1 X60.752 Y197.703 E.02372
;LAYER_CHANGE
;Z:0.6
;HEIGHT:0.2
G1 E-2 F2400
G1 Z.6 F24000
M204 S8000
G1 X159.368 Y197.982
G1 E2 F2400
M204 S4000
;TYPE:Perimeter
;WIDTH:0.449999
G1 F10800
G1 X159.368 Y199.307 E.04485
G1 X60.632 Y199.307 E3.34209
G1 X60.632 Y197.982 E.04485
G1 X159.308 Y197.982 E3.34006
M204 S5000
M204 S8000
G1 X159.775 Y197.575 F24000
M204 S4000
;TYPE:External perimeter
G1 F7200
G1 X159.775 Y199.672 E.07098
M204 S1500
;TYPE:Overhang perimeter
;WIDTH:0.4
;HEIGHT:0.4
G1 F3000
G1 X159.775 Y199.714 E.00219
G1 X60.225 Y199.714 E5.20098
G1 X60.225 Y199.672 E.00219
M204 S4000
;TYPE:External perimeter
;WIDTH:0.449999
;HEIGHT:0.2
G1 F7200
G1 X60.225 Y197.575 E.07098
G1 X159.715 Y197.575 E3.36761
M204 S5000
G1 X159.774 Y197.971 F24000
G1 E-2 F2400
M204 S8000
G1 X84.632 Y17.982 F24000
G1 E2 F2400
M204 S1500
;TYPE:Overhang perimeter
;WIDTH:0.4
;HEIGHT:0.4
G1 F3000
G1 X135.368 Y17.982 E2.6507
G1 X135.368 Y25.459 E.39064
G1 X135.478 Y25.721 E.01485
G1 X135.683 Y25.906 E.01443
G1 X135.972 Y25.982 E.01561
G1 X187.738 Y25.982 E2.70451
G1 X213.368 Y51.612 E1.89368
G1 X213.368 Y171.088 E6.24201
G1 X187.738 Y196.718 E1.89368
G1 X160.632 Y196.718 E1.41615
G1 X160.632 Y195.739 E.05115
G1 X160.584 Y195.503 E.01258
G1 X160.508 Y195.371 E.00796
G1 X160.307 Y195.199 E.01382
G1 X160.021 Y195.129 E.01538
G1 X91.364 Y195.129 E3.58698
G1 X59.905 Y195.129 E1.64357
G1 X59.614 Y195.249 E.01645
G1 X59.416 Y195.503 E.01683
G1 X59.368 Y195.739 E.01258
G1 X59.368 Y196.718 E.05115
G1 X32.262 Y196.718 E1.41615
G1 X6.632 Y171.088 E1.89368
G1 X6.632 Y51.612 E6.24201
G1 X32.262 Y25.982 E1.89368
G1 X84.085 Y25.982 E2.70749
G1 X84.374 Y25.87 E.01619
G1 X84.568 Y25.643 E.0156
G1 X84.632 Y25.371 E.0146
G1 X84.632 Y18.042 E.3829
M204 S5000
M204 S8000
G1 X84.225 Y17.575 F24000
M204 S1500
G1 F3000
G1 X135.775 Y17.575 E2.69322
G1 X135.775 Y25.371 E.4073
G1 X135.826 Y25.507 E.00759
G1 X135.977 Y25.575 E.00865
G1 X187.907 Y25.575 E2.71308
G1 X213.775 Y51.443 E1.91127
G1 X213.775 Y171.257 E6.25967
G1 X187.907 Y197.125 E1.91127
G1 X160.225 Y197.125 E1.44624
G1 X160.225 Y195.739 E.07241
G1 X160.161 Y195.591 E.00842
G1 X160.025 Y195.536 E.00766
G1 X59.979 Y195.536 E5.22689
G1 X59.839 Y195.591 E.00786
G1 X59.775 Y195.739 E.00842
G1 X59.775 Y197.125 E.07241
G1 X32.093 Y197.125 E1.44624
G1 X6.225 Y171.257 E1.91127
G1 X6.225 Y51.443 E6.25967
G1 X32.093 Y25.575 E1.91127
G1 X84.021 Y25.575 E2.71297
G1 X84.157 Y25.524 E.00759
G1 X84.225 Y25.371 E.00875
G1 X84.225 Y17.635 E.40417
M204 S5000
G1 X84.621 Y17.576 F24000
M204 S8000
G1 X84.756 Y18.309
M204 S1500
;TYPE:Bridge infill
;WIDTH:0.400839
G1 F3000
G1 X135.041 Y18.309 E2.63817
G1 X135.041 Y18.76 E.02366
G1 X84.959 Y18.76 E2.62752
G1 X84.958 Y19.211 E.02366
G1 X135.042 Y19.211 E2.62762
G1 X135.042 Y19.662 E.02366
G1 X84.958 Y19.662 E2.62762
G1 X84.958 Y20.113 E.02366
G1 X135.042 Y20.113 E2.62762
G1 X135.042 Y20.564 E.02366
G1 X84.958 Y20.564 E2.62762
G1 X84.957 Y21.014 E.02361
G1 X135.043 Y21.014 E2.62773
G1 X135.043 Y21.465 E.02366
G1 X84.957 Y21.465 E2.62773
G1 X84.957 Y21.916 E.02366
G1 X135.043 Y21.916 E2.62773
G1 X135.043 Y22.367 E.02366
G1 X84.957 Y22.367 E2.62773
G1 X84.956 Y22.818 E.02366
G1 X135.044 Y22.818 E2.62783
G1 X135.044 Y23.269 E.02366
G1 X84.956 Y23.269 E2.62783
G1 X84.956 Y23.719 E.02361
G1 X135.044 Y23.719 E2.62783
G1 X135.044 Y24.17 E.02366
G1 X84.956 Y24.17 E2.62783
G1 X84.955 Y24.621 E.02366
G1 X135.045 Y24.621 E2.62794
G1 X135.045 Y25.072 E.02366
G1 X84.955 Y25.072 E2.62794
G1 X84.944 Y25.523 E.02367
G1 X135.056 Y25.523 E2.62909
G1 X135.14 Y25.792 E.01478
G1 X135.271 Y25.974 E.01176
G1 X84.729 Y25.974 E2.65165
G1 X84.682 Y26.039 E.00421
G1 X84.422 Y26.221 E.01665
G1 X84.124 Y26.304 E.01623
G1 X32.397 Y26.309 E2.71382
G1 X32.282 Y26.424 E.00853
G1 X187.718 Y26.424 E8.15484
G1 X188.169 Y26.875 E.03346
G1 X31.831 Y26.875 E8.20216
G1 X31.38 Y27.326 E.03346
G1 X188.62 Y27.326 E8.24949
G1 X189.071 Y27.777 E.03346
G1 X30.929 Y27.777 E8.29681
G1 X30.478 Y28.228 E.03346
G1 X189.522 Y28.228 E8.34413
G1 X189.973 Y28.679 E.03346
G1 X30.027 Y28.679 E8.39145
G1 X29.577 Y29.129 E.03339
G1 X190.423 Y29.129 E8.43867
G1 X190.874 Y29.58 E.03346
G1 X29.126 Y29.58 E8.486
G1 X28.675 Y30.031 E.03346
G1 X191.325 Y30.031 E8.53332
G1 X191.776 Y30.482 E.03346
G1 X28.224 Y30.482 E8.58064
G1 X27.773 Y30.933 E.03346
G1 X192.227 Y30.933 E8.62796
G1 X192.678 Y31.384 E.03346
G1 X27.322 Y31.384 E8.67529
G1 X26.872 Y31.834 E.03339
G1 X193.128 Y31.835 E8.7225
G1 X193.579 Y32.285 E.03343
G1 X26.421 Y32.285 E8.76983
G1 X25.97 Y32.736 E.03346
G1 X194.03 Y32.736 E8.81715
G1 X194.481 Y33.187 E.03346
G1 X25.519 Y33.187 E8.86447
G1 X25.068 Y33.638 E.03346
G1 X194.932 Y33.638 E8.9118
G1 X195.383 Y34.089 E.03346
G1 X24.617 Y34.089 E8.95912
G1 X24.167 Y34.539 E.03339
G1 X195.834 Y34.54 E9.00639
G1 X196.284 Y34.99 E.03339
G1 X23.716 Y34.99 E9.05366
G1 X23.265 Y35.441 E.03346
G1 X196.735 Y35.441 E9.10098
G1 X197.186 Y35.892 E.03346
G1 X22.814 Y35.892 E9.1483
G1 X22.363 Y36.343 E.03346
G1 X197.637 Y36.343 E9.19563
G1 X198.088 Y36.794 E.03346
G1 X21.912 Y36.794 E9.24295
G1 X21.461 Y37.245 E.03346
G1 X198.539 Y37.245 E9.29027
G1 X198.989 Y37.695 E.03339
G1 X21.011 Y37.695 E9.33749
G1 X20.56 Y38.146 E.03346
G1 X199.44 Y38.146 E9.38481
G1 X199.891 Y38.597 E.03346
G1 X20.109 Y38.597 E9.43214
G1 X19.658 Y39.048 E.03346
G1 X200.342 Y39.048 E9.47946
G1 X200.793 Y39.499 E.03346
G1 X19.207 Y39.499 E9.52678
G1 X18.756 Y39.95 E.03346
G1 X201.244 Y39.95 E9.5741
G1 X201.694 Y40.4 E.03339
G1 X18.306 Y40.4 E9.62132
G1 X17.855 Y40.851 E.03346
G1 X202.145 Y40.851 E9.66865
G1 X202.596 Y41.302 E.03346
G1 X17.404 Y41.302 E9.71597
G1 X16.953 Y41.753 E.03346
G1 X203.047 Y41.753 E9.76329
G1 X203.498 Y42.204 E.03346
G1 X16.502 Y42.204 E9.81061
G1 X16.051 Y42.655 E.03346
G1 X203.949 Y42.655 E9.85794
G1 X204.399 Y43.105 E.03339
G1 X15.601 Y43.105 E9.90515
G1 X15.15 Y43.556 E.03346
G1 X204.85 Y43.556 E9.95248
G1 X205.301 Y44.007 E.03346
G1 X14.699 Y44.007 E9.9998
G1 X14.248 Y44.458 E.03346
G1 X205.752 Y44.458 E10.04712
G1 X206.203 Y44.909 E.03346
G1 X13.797 Y44.909 E10.09445
G1 X13.346 Y45.36 E.03346
G1 X206.654 Y45.36 E10.14177
G1 X207.105 Y45.811 E.03346
G1 X12.896 Y45.81 E10.18904
G1 X12.445 Y46.261 E.03346
G1 X207.555 Y46.261 E10.23631
G1 X208.006 Y46.712 E.03346
G1 X11.994 Y46.712 E10.28363
G1 X11.543 Y47.163 E.03346
G1 X208.457 Y47.163 E10.33095
G1 X208.908 Y47.614 E.03346
G1 X11.092 Y47.614 E10.37828
G1 X10.641 Y48.065 E.03346
G1 X209.359 Y48.065 E10.4256
G1 X209.81 Y48.516 E.03346
G1 X10.191 Y48.515 E10.47287
G1 X9.74 Y48.966 E.03346
G1 X210.26 Y48.966 E10.52014
G1 X210.711 Y49.417 E.03346
G1 X9.289 Y49.417 E10.56746
G1 X8.838 Y49.868 E.03346
G1 X211.162 Y49.868 E10.61479
G1 X211.613 Y50.319 E.03346
G1 X8.387 Y50.319 E10.66211
G1 X7.936 Y50.77 E.03346
G1 X212.064 Y50.77 E10.70943
G1 X212.515 Y51.221 E.03346
G1 X7.485 Y51.221 E10.75675
G1 X7.035 Y51.671 E.03339
G1 X212.965 Y51.671 E10.80397
G1 X213.041 Y51.747 E.00564
G1 X213.041 Y52.122 E.01967
G1 X6.959 Y52.122 E10.81195
G1 X6.959 Y52.573 E.02366
G1 X213.041 Y52.573 E10.81195
G1 X213.041 Y53.024 E.02366
G1 X6.959 Y53.024 E10.81195
G1 X6.959 Y53.475 E.02366
G1 X213.041 Y53.475 E10.81195
G1 X213.041 Y53.926 E.02366
G1 X6.959 Y53.926 E10.81195
G1 X6.959 Y54.376 E.02361
G1 X213.041 Y54.376 E10.81195
G1 X213.041 Y54.827 E.02366
G1 X6.959 Y54.827 E10.81195
G1 X6.959 Y55.278 E.02366
G1 X213.041 Y55.278 E10.81195
G1 X213.041 Y55.729 E.02366
G1 X6.959 Y55.729 E10.81195
G1 X6.959 Y56.18 E.02366
G1 X213.041 Y56.18 E10.81195
G1 X213.041 Y56.631 E.02366
G1 X6.959 Y56.631 E10.81195
G1 X6.959 Y57.081 E.02361
G1 X213.041 Y57.082 E10.81195
G1 X213.041 Y57.532 E.02361
G1 X6.959 Y57.532 E10.81195
G1 X6.959 Y57.983 E.02366
G1 X213.041 Y57.983 E10.81195
G1 X213.041 Y58.434 E.02366
G1 X6.959 Y58.434 E10.81195
G1 X6.959 Y58.885 E.02366
G1 X213.041 Y58.885 E10.81195
G1 X213.041 Y59.336 E.02366
G1 X6.959 Y59.336 E10.81195
G1 X6.959 Y59.786 E.02361
G1 X213.041 Y59.787 E10.81195
G1 X213.041 Y60.237 E.02361
G1 X6.959 Y60.237 E10.81195
G1 X6.959 Y60.688 E.02366
G1 X213.041 Y60.688 E10.81195
G1 X213.041 Y61.139 E.02366
G1 X6.959 Y61.139 E10.81195
G1 X6.959 Y61.59 E.02366
G1 X213.041 Y61.59 E10.81195
G1 X213.041 Y62.041 E.02366
G1 X6.959 Y62.041 E10.81195
G1 X6.959 Y62.492 E.02366
G1 X213.041 Y62.492 E10.81195
G1 X213.041 Y62.942 E.02361
G1 X6.959 Y62.942 E10.81195
G1 X6.959 Y63.393 E.02366
G1 X213.041 Y63.393 E10.81195
G1 X213.041 Y63.844 E.02366
G1 X6.959 Y63.844 E10.81195
G1 X6.959 Y64.295 E.02366
G1 X213.041 Y64.295 E10.81195
G1 X213.041 Y64.746 E.02366
G1 X6.959 Y64.746 E10.81195
G1 X6.959 Y65.197 E.02366
G1 X213.041 Y65.197 E10.81195
G1 X213.041 Y65.647 E.02361
G1 X6.959 Y65.647 E10.81195
G1 X6.959 Y66.098 E.02366
G1 X213.041 Y66.098 E10.81195
G1 X213.041 Y66.549 E.02366
G1 X6.959 Y66.549 E10.81195
G1 X6.959 Y67 E.02366
G1 X213.041 Y67 E10.81195
G1 X213.041 Y67.451 E.02366
G1 X6.959 Y67.451 E10.81195
G1 X6.959 Y67.902 E.02366
G1 X213.041 Y67.902 E10.81195
G1 X213.041 Y68.352 E.02361
G1 X6.959 Y68.352 E10.81195
G1 X6.959 Y68.803 E.02366
G1 X213.041 Y68.803 E10.81195
G1 X213.041 Y69.254 E.02366
G1 X6.959 Y69.254 E10.81195
G1 X6.959 Y69.705 E.02366
G1 X213.041 Y69.705 E10.81195
G1 X213.041 Y70.156 E.02366
G1 X6.959 Y70.156 E10.81195
G1 X6.959 Y70.607 E.02366
G1 X213.041 Y70.607 E10.81195
G1 X213.041 Y71.058 E.02366
G1 X6.959 Y71.057 E10.81195
G1 X6.959 Y71.508 E.02366
G1 X213.041 Y71.508 E10.81195
G1 X213.041 Y71.959 E.02366
G1 X6.959 Y71.959 E10.81195
G1 X6.959 Y72.41 E.02366
G1 X213.041 Y72.41 E10.81195
G1 X213.041 Y72.861 E.02366
G1 X6.959 Y72.861 E10.81195
G1 X6.959 Y73.312 E.02366
G1 X213.041 Y73.312 E10.81195
G1 X213.041 Y73.763 E.02366
G1 X6.959 Y73.762 E10.81195
G1 X6.959 Y74.213 E.02366
G1 X213.041 Y74.213 E10.81195
G1 X213.041 Y74.664 E.02366
G1 X6.959 Y74.664 E10.81195
G1 X6.959 Y75.115 E.02366
G1 X213.041 Y75.115 E10.81195
G1 X213.041 Y75.566 E.02366
G1 X6.959 Y75.566 E10.81195
G1 X6.959 Y76.017 E.02366
G1 X213.041 Y76.017 E10.81195
G1 X213.041 Y76.468 E.02366
G1 X6.959 Y76.468 E10.81195
G1 X6.959 Y76.918 E.02361
G1 X213.041 Y76.918 E10.81195
G1 X213.041 Y77.369 E.02366
G1 X6.959 Y77.369 E10.81195
G1 X6.959 Y77.82 E.02366
G1 X213.041 Y77.82 E10.81195
G1 X213.041 Y78.271 E.02366
G1 X6.959 Y78.271 E10.81195
G1 X6.959 Y78.722 E.02366
G1 X213.041 Y78.722 E10.81195
G1 X213.041 Y79.173 E.02366
G1 X6.959 Y79.173 E10.81195
G1 X6.959 Y79.623 E.02361
G1 X213.041 Y79.623 E10.81195
G1 X213.041 Y80.074 E.02366
G1 X6.959 Y80.074 E10.81195
G1 X6.959 Y80.525 E.02366
G1 X213.041 Y80.525 E10.81195
G1 X213.041 Y80.976 E.02366
G1 X6.959 Y80.976 E10.81195
G1 X6.959 Y81.427 E.02366
G1 X213.041 Y81.427 E10.81195
G1 X213.041 Y81.878 E.02366
G1 X6.959 Y81.878 E10.81195
G1 X6.959 Y82.328 E.02361
G1 X213.041 Y82.328 E10.81195
G1 X213.041 Y82.779 E.02366
G1 X6.959 Y82.779 E10.81195
G1 X6.959 Y83.23 E.02366
G1 X213.041 Y83.23 E10.81195
G1 X213.041 Y83.681 E.02366
G1 X6.959 Y83.681 E10.81195
G1 X6.959 Y84.132 E.02366
G1 X213.041 Y84.132 E10.81195
G1 X213.041 Y84.583 E.02366
G1 X6.959 Y84.583 E10.81195
G1 X6.959 Y85.033 E.02361
G1 X213.041 Y85.034 E10.81195
G1 X213.041 Y85.484 E.02361
G1 X6.959 Y85.484 E10.81195
G1 X6.959 Y85.935 E.02366
G1 X213.041 Y85.935 E10.81195
G1 X213.041 Y86.386 E.02366
G1 X6.959 Y86.386 E10.81195
G1 X6.959 Y86.837 E.02366
G1 X213.041 Y86.837 E10.81195
G1 X213.041 Y87.288 E.02366
G1 X6.959 Y87.288 E10.81195
G1 X6.959 Y87.738 E.02361
G1 X213.041 Y87.739 E10.81195
G1 X213.041 Y88.189 E.02361
G1 X6.959 Y88.189 E10.81195
G1 X6.959 Y88.64 E.02366
G1 X213.041 Y88.64 E10.81195
G1 X213.041 Y89.091 E.02366
G1 X6.959 Y89.091 E10.81195
G1 X6.959 Y89.542 E.02366
G1 X213.041 Y89.542 E10.81195
G1 X213.041 Y89.993 E.02366
G1 X6.959 Y89.993 E10.81195
G1 X6.959 Y90.444 E.02366
G1 X213.041 Y90.444 E10.81195
G1 X213.041 Y90.894 E.02361
G1 X6.959 Y90.894 E10.81195
G1 X6.959 Y91.345 E.02366
G1 X213.041 Y91.345 E10.81195
G1 X213.041 Y91.796 E.02366
G1 X6.959 Y91.796 E10.81195
G1 X6.959 Y92.247 E.02366
G1 X213.041 Y92.247 E10.81195
G1 X213.041 Y92.698 E.02366
G1 X6.959 Y92.698 E10.81195
G1 X6.959 Y93.149 E.02366
G1 X213.041 Y93.149 E10.81195
G1 X213.041 Y93.599 E.02361
G1 X6.959 Y93.599 E10.81195
G1 X6.959 Y94.05 E.02366
G1 X213.041 Y94.05 E10.81195
G1 X213.041 Y94.501 E.02366
G1 X6.959 Y94.501 E10.81195
G1 X6.959 Y94.952 E.02366
G1 X213.041 Y94.952 E10.81195
G1 X213.041 Y95.403 E.02366
G1 X6.959 Y95.403 E10.81195
G1 X6.959 Y95.854 E.02366
G1 X213.041 Y95.854 E10.81195
G1 X213.041 Y96.304 E.02361
G1 X6.959 Y96.304 E10.81195
G1 X6.959 Y96.755 E.02366
G1 X213.041 Y96.755 E10.81195
G1 X213.041 Y97.206 E.02366
G1 X6.959 Y97.206 E10.81195
G1 X6.959 Y97.657 E.02366
G1 X213.041 Y97.657 E10.81195
G1 X213.041 Y98.108 E.02366
G1 X6.959 Y98.108 E10.81195
G1 X6.959 Y98.559 E.02366
G1 X213.041 Y98.559 E10.81195
G1 X213.041 Y99.01 E.02366
G1 X6.959 Y99.009 E10.81195
G1 X6.959 Y99.46 E.02366
G1 X213.041 Y99.46 E10.81195
G1 X213.041 Y99.911 E.02366
G1 X6.959 Y99.911 E10.81195
G1 X6.959 Y100.362 E.02366
G1 X213.041 Y100.362 E10.81195
G1 X213.041 Y100.813 E.02366
G1 X6.959 Y100.813 E10.81195
G1 X6.959 Y101.264 E.02366
G1 X213.041 Y101.264 E10.81195
G1 X213.041 Y101.715 E.02366
G1 X6.959 Y101.714 E10.81195
G1 X6.959 Y102.165 E.02366
G1 X213.041 Y102.165 E10.81195
G1 X213.041 Y102.616 E.02366
G1 X6.959 Y102.616 E10.81195
G1 X6.959 Y103.067 E.02366
G1 X213.041 Y103.067 E10.81195
G1 X213.041 Y103.518 E.02366
G1 X6.959 Y103.518 E10.81195
G1 X6.959 Y103.969 E.02366
G1 X213.041 Y103.969 E10.81195
G1 X213.041 Y104.42 E.02366
G1 X6.959 Y104.42 E10.81195
G1 X6.959 Y104.87 E.02361
G1 X213.041 Y104.87 E10.81195
G1 X213.041 Y105.321 E.02366
G1 X6.959 Y105.321 E10.81195
G1 X6.959 Y105.772 E.02366
G1 X213.041 Y105.772 E10.81195
G1 X213.041 Y106.223 E.02366
G1 X6.959 Y106.223 E10.81195
G1 X6.959 Y106.674 E.02366
G1 X213.041 Y106.674 E10.81195
G1 X213.041 Y107.125 E.02366
G1 X6.959 Y107.125 E10.81195
G1 X6.959 Y107.575 E.02361
G1 X213.041 Y107.575 E10.81195
G1 X213.041 Y108.026 E.02366
G1 X6.959 Y108.026 E10.81195
G1 X6.959 Y108.477 E.02366
G1 X213.041 Y108.477 E10.81195
G1 X213.041 Y108.928 E.02366
G1 X6.959 Y108.928 E10.81195
G1 X6.959 Y109.379 E.02366
G1 X213.041 Y109.379 E10.81195
G1 X213.041 Y109.83 E.02366
G1 X6.959 Y109.83 E10.81195
G1 X6.959 Y110.28 E.02361
G1 X213.041 Y110.281 E10.81195
G1 X213.041 Y110.731 E.02361
G1 X6.959 Y110.731 E10.81195
G1 X6.959 Y111.182 E.02366
G1 X213.041 Y111.182 E10.81195
G1 X213.041 Y111.633 E.02366
G1 X6.959 Y111.633 E10.81195
G1 X6.959 Y112.084 E.02366
G1 X213.041 Y112.084 E10.81195
G1 X213.041 Y112.535 E.02366
G1 X6.959 Y112.535 E10.81195
G1 X6.959 Y112.985 E.02361
G1 X213.041 Y112.986 E10.81195
G1 X213.041 Y113.436 E.02361
G1 X6.959 Y113.436 E10.81195
G1 X6.959 Y113.887 E.02366
G1 X213.041 Y113.887 E10.81195
G1 X213.041 Y114.338 E.02366
G1 X6.959 Y114.338 E10.81195
G1 X6.959 Y114.789 E.02366
G1 X213.041 Y114.789 E10.81195
G1 X213.041 Y115.24 E.02366
G1 X6.959 Y115.24 E10.81195
G1 X6.959 Y115.691 E.02366
G1 X213.041 Y115.691 E10.81195
G1 X213.041 Y116.141 E.02361
G1 X6.959 Y116.141 E10.81195
G1 X6.959 Y116.592 E.02366
G1 X213.041 Y116.592 E10.81195
G1 X213.041 Y117.043 E.02366
G1 X6.959 Y117.043 E10.81195
G1 X6.959 Y117.494 E.02366
G1 X213.041 Y117.494 E10.81195
G1 X213.041 Y117.945 E.02366
G1 X6.959 Y117.945 E10.81195
G1 X6.959 Y118.396 E.02366
G1 X213.041 Y118.396 E10.81195
G1 X213.041 Y118.846 E.02361
G1 X6.959 Y118.846 E10.81195
G1 X6.959 Y119.297 E.02366
G1 X213.041 Y119.297 E10.81195
G1 X213.041 Y119.748 E.02366
G1 X6.959 Y119.748 E10.81195
G1 X6.959 Y120.199 E.02366
G1 X213.041 Y120.199 E10.81195
G1 X213.041 Y120.65 E.02366
G1 X6.959 Y120.65 E10.81195
G1 X6.959 Y121.101 E.02366
G1 X213.041 Y121.101 E10.81195
G1 X213.041 Y121.551 E.02361
G1 X6.959 Y121.551 E10.81195
G1 X6.959 Y122.002 E.02366
G1 X213.041 Y122.002 E10.81195
G1 X213.041 Y122.453 E.02366
G1 X6.959 Y122.453 E10.81195
G1 X6.959 Y122.904 E.02366
G1 X213.041 Y122.904 E10.81195
G1 X213.041 Y123.355 E.02366
G1 X6.959 Y123.355 E10.81195
G1 X6.959 Y123.806 E.02366
G1 X213.041 Y123.806 E10.81195
G1 X213.041 Y124.257 E.02366
G1 X6.959 Y124.256 E10.81195
G1 X6.959 Y124.707 E.02366
G1 X213.041 Y124.707 E10.81195
G1 X213.041 Y125.158 E.02366
G1 X6.959 Y125.158 E10.81195
G1 X6.959 Y125.609 E.02366
G1 X213.041 Y125.609 E10.81195
G1 X213.041 Y126.06 E.02366
G1 X6.959 Y126.06 E10.81195
G1 X6.959 Y126.511 E.02366
G1 X213.041 Y126.511 E10.81195
G1 X213.041 Y126.962 E.02366
G1 X6.959 Y126.961 E10.81195
G1 X6.959 Y127.412 E.02366
G1 X213.041 Y127.412 E10.81195
G1 X213.041 Y127.863 E.02366
G1 X6.959 Y127.863 E10.81195
G1 X6.959 Y128.314 E.02366
G1 X213.041 Y128.314 E10.81195
G1 X213.041 Y128.765 E.02366
G1 X6.959 Y128.765 E10.81195
G1 X6.959 Y129.216 E.02366
G1 X213.041 Y129.216 E10.81195
G1 X213.041 Y129.667 E.02366
G1 X6.959 Y129.667 E10.81195
G1 X6.959 Y130.117 E.02361
G1 X213.041 Y130.117 E10.81195
G1 X213.041 Y130.568 E.02366
G1 X6.959 Y130.568 E10.81195
G1 X6.959 Y131.019 E.02366
G1 X213.041 Y131.019 E10.81195
G1 X213.041 Y131.47 E.02366
G1 X6.959 Y131.47 E10.81195
G1 X6.959 Y131.921 E.02366
G1 X213.041 Y131.921 E10.81195
G1 X213.041 Y132.372 E.02366
G1 X6.959 Y132.372 E10.81195
G1 X6.959 Y132.822 E.02361
G1 X213.041 Y132.822 E10.81195
G1 X213.041 Y133.273 E.02366
G1 X6.959 Y133.273 E10.81195
G1 X6.959 Y133.724 E.02366
G1 X213.041 Y133.724 E10.81195
G1 X213.041 Y134.175 E.02366
G1 X6.959 Y134.175 E10.81195
G1 X6.959 Y134.626 E.02366
G1 X213.041 Y134.626 E10.81195
G1 X213.041 Y135.077 E.02366
G1 X6.959 Y135.077 E10.81195
G1 X6.959 Y135.527 E.02361
G1 X213.041 Y135.527 E10.81195
G1 X213.041 Y135.978 E.02366
G1 X6.959 Y135.978 E10.81195
G1 X6.959 Y136.429 E.02366
G1 X213.041 Y136.429 E10.81195
G1 X213.041 Y136.88 E.02366
G1 X6.959 Y136.88 E10.81195
G1 X6.959 Y137.331 E.02366
G1 X213.041 Y137.331 E10.81195
G1 X213.041 Y137.782 E.02366
G1 X6.959 Y137.782 E10.81195
G1 X6.959 Y138.232 E.02361
G1 X213.041 Y138.233 E10.81195
G1 X213.041 Y138.683 E.02361
G1 X6.959 Y138.683 E10.81195
G1 X6.959 Y139.134 E.02366
G1 X213.041 Y139.134 E10.81195
G1 X213.041 Y139.585 E.02366
G1 X6.959 Y139.585 E10.81195
G1 X6.959 Y140.036 E.02366
G1 X213.041 Y140.036 E10.81195
G1 X213.041 Y140.487 E.02366
G1 X6.959 Y140.487 E10.81195
G1 X6.959 Y140.937 E.02361
G1 X213.041 Y140.938 E10.81195
G1 X213.041 Y141.388 E.02361
G1 X6.959 Y141.388 E10.81195
G1 X6.959 Y141.839 E.02366
G1 X213.041 Y141.839 E10.81195
G1 X213.041 Y142.29 E.02366
G1 X6.959 Y142.29 E10.81195
G1 X6.959 Y142.741 E.02366
G1 X213.041 Y142.741 E10.81195
G1 X213.041 Y143.192 E.02366
G1 X6.959 Y143.192 E10.81195
G1 X6.959 Y143.643 E.02366
G1 X213.041 Y143.643 E10.81195
G1 X213.041 Y144.093 E.02361
G1 X6.959 Y144.093 E10.81195
G1 X6.959 Y144.544 E.02366
G1 X213.041 Y144.544 E10.81195
G1 X213.041 Y144.995 E.02366
G1 X6.959 Y144.995 E10.81195
G1 X6.959 Y145.446 E.02366
G1 X213.041 Y145.446 E10.81195
G1 X213.041 Y145.897 E.02366
G1 X6.959 Y145.897 E10.81195
G1 X6.959 Y146.348 E.02366
G1 X213.041 Y146.348 E10.81195
G1 X213.041 Y146.798 E.02361
G1 X6.959 Y146.798 E10.81195
G1 X6.959 Y147.249 E.02366
G1 X213.041 Y147.249 E10.81195
G1 X213.041 Y147.7 E.02366
G1 X6.959 Y147.7 E10.81195
G1 X6.959 Y148.151 E.02366
G1 X213.041 Y148.151 E10.81195
G1 X213.041 Y148.602 E.02366
G1 X6.959 Y148.602 E10.81195
G1 X6.959 Y149.053 E.02366
G1 X213.041 Y149.053 E10.81195
G1 X213.041 Y149.503 E.02361
G1 X6.959 Y149.503 E10.81195
G1 X6.959 Y149.954 E.02366
G1 X213.041 Y149.954 E10.81195
G1 X213.041 Y150.405 E.02366
G1 X6.959 Y150.405 E10.81195
G1 X6.959 Y150.856 E.02366
G1 X213.041 Y150.856 E10.81195
G1 X213.041 Y151.307 E.02366
G1 X6.959 Y151.307 E10.81195
G1 X6.959 Y151.758 E.02366
G1 X213.041 Y151.758 E10.81195
G1 X213.041 Y152.209 E.02366
G1 X6.959 Y152.208 E10.81195
G1 X6.959 Y152.659 E.02366
G1 X213.041 Y152.659 E10.81195
G1 X213.041 Y153.11 E.02366
G1 X6.959 Y153.11 E10.81195
G1 X6.959 Y153.561 E.02366
G1 X213.041 Y153.561 E10.81195
G1 X213.041 Y154.012 E.02366
G1 X6.959 Y154.012 E10.81195
G1 X6.959 Y154.463 E.02366
G1 X213.041 Y154.463 E10.81195
G1 X213.041 Y154.914 E.02366
G1 X6.959 Y154.913 E10.81195
G1 X6.959 Y155.364 E.02366
G1 X213.041 Y155.364 E10.81195
G1 X213.041 Y155.815 E.02366
G1 X6.959 Y155.815 E10.81195
G1 X6.959 Y156.266 E.02366
G1 X213.041 Y156.266 E10.81195
G1 X213.041 Y156.717 E.02366
G1 X6.959 Y156.717 E10.81195
G1 X6.959 Y157.168 E.02366
G1 X213.041 Y157.168 E10.81195
G1 X213.041 Y157.619 E.02366
G1 X6.959 Y157.619 E10.81195
G1 X6.959 Y158.069 E.02361
G1 X213.041 Y158.069 E10.81195
G1 X213.041 Y158.52 E.02366
G1 X6.959 Y158.52 E10.81195
G1 X6.959 Y158.971 E.02366
G1 X213.041 Y158.971 E10.81195
G1 X213.041 Y159.422 E.02366
G1 X6.959 Y159.422 E10.81195
G1 X6.959 Y159.873 E.02366
G1 X213.041 Y159.873 E10.81195
G1 X213.041 Y160.324 E.02366
G1 X6.959 Y160.324 E10.81195
G1 X6.959 Y160.774 E.02361
G1 X213.041 Y160.774 E10.81195
G1 X213.041 Y161.225 E.02366
G1 X6.959 Y161.225 E10.81195
G1 X6.959 Y161.676 E.02366
G1 X213.041 Y161.676 E10.81195
G1 X213.041 Y162.127 E.02366
G1 X6.959 Y162.127 E10.81195
G1 X6.959 Y162.578 E.02366
G1 X213.041 Y162.578 E10.81195
G1 X213.041 Y163.029 E.02366
G1 X6.959 Y163.029 E10.81195
G1 X6.959 Y163.479 E.02361
G1 X213.041 Y163.48 E10.81195
G1 X213.041 Y163.93 E.02361
G1 X6.959 Y163.93 E10.81195
G1 X6.959 Y164.381 E.02366
G1 X213.041 Y164.381 E10.81195
G1 X213.041 Y164.832 E.02366
G1 X6.959 Y164.832 E10.81195
G1 X6.959 Y165.283 E.02366
G1 X213.041 Y165.283 E10.81195
G1 X213.041 Y165.734 E.02366
G1 X6.959 Y165.734 E10.81195
G1 X6.959 Y166.184 E.02361
G1 X213.041 Y166.185 E10.81195
G1 X213.041 Y166.635 E.02361
G1 X6.959 Y166.635 E10.81195
G1 X6.959 Y167.086 E.02366
G1 X213.041 Y167.086 E10.81195
G1 X213.041 Y167.537 E.02366
G1 X6.959 Y167.537 E10.81195
G1 X6.959 Y167.988 E.02366
G1 X213.041 Y167.988 E10.81195
G1 X213.041 Y168.439 E.02366
G1 X6.959 Y168.439 E10.81195
G1 X6.959 Y168.89 E.02366
G1 X213.041 Y168.89 E10.81195
G1 X213.041 Y169.34 E.02361
G1 X6.959 Y169.34 E10.81195
G1 X6.959 Y169.791 E.02366
G1 X213.041 Y169.791 E10.81195
G1 X213.041 Y170.242 E.02366
G1 X6.959 Y170.242 E10.81195
G1 X6.959 Y170.693 E.02366
G1 X213.041 Y170.693 E10.81195
G1 X213.041 Y170.953 E.01364
G1 X212.85 Y171.144 E.01417
G1 X7.15 Y171.144 E10.79191
G1 X7.601 Y171.595 E.03346
G1 X212.399 Y171.595 E10.74458
G1 X211.949 Y172.045 E.03339
G1 X8.051 Y172.045 E10.69737
G1 X8.502 Y172.496 E.03346
G1 X211.498 Y172.496 E10.65004
G1 X211.047 Y172.947 E.03346
G1 X8.953 Y172.947 E10.60272
G1 X9.404 Y173.398 E.03346
G1 X210.596 Y173.398 E10.5554
G1 X210.145 Y173.849 E.03346
G1 X9.855 Y173.849 E10.50807
G1 X10.306 Y174.3 E.03346
G1 X209.694 Y174.3 E10.46075
G1 X209.244 Y174.75 E.03339
G1 X10.756 Y174.75 E10.41353
G1 X11.207 Y175.201 E.03346
G1 X208.793 Y175.201 E10.36621
G1 X208.342 Y175.652 E.03346
G1 X11.658 Y175.652 E10.31889
G1 X12.109 Y176.103 E.03346
G1 X207.891 Y176.103 E10.27156
G1 X207.44 Y176.554 E.03346
G1 X12.56 Y176.554 E10.22424
G1 X13.011 Y177.005 E.03346
G1 X206.989 Y177.005 E10.17692
G1 X206.538 Y177.456 E.03346
G1 X13.461 Y177.455 E10.12965
G1 X13.912 Y177.906 E.03346
G1 X206.088 Y177.906 E10.08238
G1 X205.637 Y178.357 E.03346
G1 X14.363 Y178.357 E10.03506
G1 X14.814 Y178.808 E.03346
G1 X205.186 Y178.808 E9.98773
G1 X204.735 Y179.259 E.03346
G1 X15.265 Y179.259 E9.94041
G1 X15.716 Y179.71 E.03346
G1 X204.284 Y179.71 E9.89309
G1 X203.833 Y180.161 E.03346
G1 X16.166 Y180.16 E9.84582
G1 X16.617 Y180.611 E.03346
G1 X203.383 Y180.611 E9.79855
G1 X202.932 Y181.062 E.03346
G1 X17.068 Y181.062 E9.75122
G1 X17.519 Y181.513 E.03346
G1 X202.481 Y181.513 E9.7039
G1 X202.03 Y181.964 E.03346
G1 X17.97 Y181.964 E9.65658
G1 X18.421 Y182.415 E.03346
G1 X201.579 Y182.415 E9.60926
G1 X201.128 Y182.866 E.03346
G1 X18.872 Y182.866 E9.56193
G1 X19.322 Y183.316 E.03339
G1 X200.678 Y183.316 E9.51472
G1 X200.227 Y183.767 E.03346
G1 X19.773 Y183.767 E9.46739
G1 X20.224 Y184.218 E.03346
G1 X199.776 Y184.218 E9.42007
G1 X199.325 Y184.669 E.03346
G1 X20.675 Y184.669 E9.37275
G1 X21.126 Y185.12 E.03346
G1 X198.874 Y185.12 E9.32542
G1 X198.423 Y185.571 E.03346
G1 X21.577 Y185.571 E9.2781
G1 X22.027 Y186.021 E.03339
G1 X197.973 Y186.021 E9.23088
G1 X197.522 Y186.472 E.03346
G1 X22.478 Y186.472 E9.18356
G1 X22.929 Y186.923 E.03346
G1 X197.071 Y186.923 E9.13624
G1 X196.62 Y187.374 E.03346
G1 X23.38 Y187.374 E9.08891
G1 X23.831 Y187.825 E.03346
G1 X196.169 Y187.825 E9.04159
G1 X195.718 Y188.276 E.03346
G1 X24.282 Y188.276 E8.99427
G1 X24.732 Y188.726 E.03339
G1 X195.268 Y188.726 E8.94705
G1 X194.817 Y189.177 E.03346
G1 X25.183 Y189.177 E8.89973
G1 X25.634 Y189.628 E.03346
G1 X194.366 Y189.628 E8.85241
G1 X193.915 Y190.079 E.03346
G1 X26.085 Y190.079 E8.80508
G1 X26.536 Y190.53 E.03346
G1 X193.464 Y190.53 E8.75776
G1 X193.013 Y190.981 E.03346
G1 X26.987 Y190.981 E8.71044
G1 X27.437 Y191.431 E.03339
G1 X192.562 Y191.432 E8.66317
G1 X192.112 Y191.882 E.03339
G1 X27.888 Y191.882 E8.6159
G1 X28.339 Y192.333 E.03346
G1 X191.661 Y192.333 E8.56857
G1 X191.21 Y192.784 E.03346
G1 X28.79 Y192.784 E8.52125
G1 X29.241 Y193.235 E.03346
G1 X190.759 Y193.235 E8.47393
G1 X190.308 Y193.686 E.03346
G1 X29.692 Y193.686 E8.42661
G1 X30.143 Y194.136 E.03343
G1 X189.857 Y194.137 E8.37928
G1 X189.407 Y194.587 E.03339
G1 X30.593 Y194.587 E8.33206
G1 X31.044 Y195.038 E.03346
G1 X59.359 Y195.038 E1.48553
G1 X59.488 Y194.94 E.0085
G1 X59.718 Y194.838 E.0132
G1 X59.957 Y194.802 E.01268
G1 X110 Y194.802 E2.62547
G1 X160.043 Y194.802 E2.62547
G1 X160.282 Y194.838 E.01268
G1 X160.512 Y194.94 E.0132
G1 X160.641 Y195.038 E.0085
G1 X188.956 Y195.038 E1.48553
G1 X188.505 Y195.489 E.03346
G1 X160.911 Y195.489 E1.4477
G1 X160.959 Y195.727 E.01274
G1 X160.959 Y195.94 E.01117
G1 X188.054 Y195.94 E1.42152
G1 X187.603 Y196.391 E.03346
G1 X160.756 Y196.391 E1.40851
M204 S5000
G1 E-2 F2400
M204 S8000
G1 X59.296 Y195.489 F24000
G1 E2 F2400
M204 S1500
G1 F3000
G1 X31.495 Y195.489 E1.45856
G1 X31.946 Y195.94 E.03346
G1 X59.041 Y195.94 E1.42152
G1 X59.041 Y196.391 E.02366
G1 X32.11 Y196.391 E1.41292
M204 S5000
G1 E-2 F2400
M204 S8000
G1 X61.014 Y198.364 F24000
G1 E2 F2400
M204 S5000
;TYPE:Solid infill
;WIDTH:0.603751
;HEIGHT:0.2
G1 F9600
G1 X158.986 Y198.364 E4.56876
G1 X158.986 Y198.925 E.02616
G1 X61.014 Y198.925 E4.56876
G1 X61.014 Y198.568 E.01665
;LAYER_CHANGE
;Z:0.8
;HEIGHT:0.2
G1 E-2 F2400
G1 Z.8 F24000
M204 S8000
G1 X159.558 Y197.794
G1 E2 F2400
M204 S4000
;TYPE:Perimeter
;WIDTH:0.449999
G1 F10800
G1 X159.791 Y197.953 E.00955
G1 X159.979 Y197.982 E.00644
G1 X160.2 Y197.982 E.00748
M204 S1500
;TYPE:Overhang perimeter
;WIDTH:0.4
;HEIGHT:0.4
M106 S255
G1 F3000
G1 X167.368 Y197.982 E.37449
G1 X167.368 Y201.718 E.19519
G1 X52.632 Y201.718 E5.99437
G1 X52.632 Y197.982 E.19519
G1 X59.8 Y197.982 E.37449
M107
M204 S4000
;TYPE:Perimeter
;WIDTH:0.449999
;HEIGHT:0.2
G1 F10800
G1 X60.105 Y197.982 E.01032
G1 X60.371 Y197.872 E.00974
G1 X60.572 Y197.636 E.01049
G1 X60.632 Y197.371 E.0092
G1 X60.632 Y197.15 E.00748
M204 S1500
;TYPE:Overhang perimeter
;WIDTH:0.4
;HEIGHT:0.4
M106 S255
G1 F3000
G1 X60.632 Y196.019 E.05909
G1 X159.368 Y196.019 E5.15845
G1 X159.368 Y197.15 E.05909
M107
M204 S4000
;TYPE:Perimeter
;WIDTH:0.449999
;HEIGHT:0.2
G1 F10800
G1 X159.368 Y197.371 E.00748
G1 X159.428 Y197.636 E.0092
G1 X159.507 Y197.76 E.00498
G1 X159.509 Y197.761 E.00008
M204 S5000
M204 S8000
G1 X159.844 Y197.512 F24000
M204 S4000
;TYPE:External perimeter
G1 F7200
G1 X159.979 Y197.575 E.00504
G1 X160.2 Y197.575 E.00748
M204 S1500
;TYPE:Overhang perimeter
;WIDTH:0.4
;HEIGHT:0.4
M106 S255
G1 F3000
G1 X167.775 Y197.575 E.39576
G1 X167.775 Y202.125 E.23771
G1 X52.225 Y202.125 E6.0369
G1 X52.225 Y197.575 E.23771
G1 X59.8 Y197.575 E.39576
M107
M204 S4000
;TYPE:External perimeter
;WIDTH:0.449999
;HEIGHT:0.2
G1 F7200
G1 X60.021 Y197.575 E.00748
G1 X60.179 Y197.501 E.00591
G1 X60.225 Y197.371 E.00467
G1 X60.225 Y197.15 E.00748
M204 S1500
;TYPE:Overhang perimeter
;WIDTH:0.4
;HEIGHT:0.4
M106 S255
G1 F3000
G1 X60.225 Y195.961 E.06212
M107
M204 S4000
;TYPE:External perimeter
;WIDTH:0.449999
;HEIGHT:0.2
G1 F7200
G1 X60.225 Y195.612 E.01181
G1 X159.775 Y195.612 E3.36964
G1 X159.775 Y195.961 E.01181
M204 S1500
;TYPE:Overhang perimeter
;WIDTH:0.4
;HEIGHT:0.4
M106 S255
G1 F3000
G1 X159.775 Y197.15 E.06212
M107
M204 S4000
;TYPE:External perimeter
;WIDTH:0.449999
;HEIGHT:0.2
G1 F7200
G1 X159.775 Y197.371 E.00748
G1 X159.81 Y197.468 E.00349
M204 S5000
G1 X160.197 Y197.567 F24000
G1 E-2 F2400
M204 S8000
G1 X84.632 Y17.982 F24000
G1 E2 F2400
M204 S4000
;TYPE:Perimeter
G1 F10800
G1 X135.368 Y17.982 E1.71735
G1 X135.368 Y25.459 E.25309
G1 X135.478 Y25.721 E.00962
G1 X135.69 Y25.91 E.00961
G1 X135.979 Y25.982 E.01008
G1 X187.738 Y25.982 E1.75198
G1 X213.368 Y51.612 E1.22689
G1 X213.368 Y171.088 E4.04411
G1 X187.738 Y196.718 E1.22689
G1 X168.632 Y196.718 E.64671
G1 X168.632 Y191.267 E.18451
G1 X168.525 Y190.983 E.01027
G1 X168.303 Y190.787 E.01002
G1 X168.021 Y190.718 E.00983
G1 X51.914 Y190.718 E3.93008
G1 X51.626 Y190.83 E.01046
G1 X51.436 Y191.048 E.00979
G1 X51.368 Y191.329 E.00979
G1 X51.368 Y196.718 E.18241
G1 X32.262 Y196.718 E.64671
G1 X6.632 Y171.088 E1.22689
G1 X6.632 Y51.612 E4.04411
G1 X32.262 Y25.982 E1.22689
G1 X84.087 Y25.982 E1.75421
G1 X84.374 Y25.87 E.01043
G1 X84.568 Y25.643 E.01011
G1 X84.632 Y25.371 E.00946
G1 X84.632 Y18.042 E.24808
M204 S5000
M204 S8000
G1 X84.225 Y17.575 F24000
M204 S4000
;TYPE:External perimeter
G1 F7200
G1 X135.775 Y17.575 E1.7449
G1 X135.775 Y25.371 E.26388
G1 X135.826 Y25.507 E.00492
G1 X135.976 Y25.575 E.00557
G1 X187.907 Y25.575 E1.7578
G1 X213.775 Y51.443 E1.23829
G1 X213.775 Y171.257 E4.05556
G1 X187.907 Y197.125 E1.23829
G1 X168.225 Y197.125 E.66621
G1 X168.225 Y191.329 E.19619
G1 X168.177 Y191.197 E.00475
G1 X168.025 Y191.125 E.00569
G1 X51.979 Y191.125 E3.92801
G1 X51.842 Y191.177 E.00496
G1 X51.775 Y191.329 E.00562
G1 X51.775 Y197.125 E.19619
G1 X32.093 Y197.125 E.66621
G1 X6.225 Y171.257 E1.23829
G1 X6.225 Y51.443 E4.05556
G1 X32.093 Y25.575 E1.23829
G1 X84.021 Y25.575 E1.7577
G1 X84.157 Y25.524 E.00492
G1 X84.225 Y25.371 E.00567
G1 X84.225 Y17.635 E.26185
M204 S5000
G1 X84.621 Y17.576 F24000
M204 S8000
G1 X85.011 Y18.293
M204 S5000
;TYPE:Solid infill
;WIDTH:0.489504
G1 F9600
G1 X84.972 Y18.253 E.00207
G1 X84.918 Y18.268 E.00208
G1 X84.903 Y18.322 E.00208
G1 X84.943 Y18.361 E.00207
G1 X84.997 Y18.347 E.00207
;WIDTH:0.449999
G1 X84.937 Y18.931 E.01987
G1 X85.58 Y18.287 E.0308
G1 X85.674 Y18.216 E.00399
;WIDTH:0.41646
G1 X85.767 Y18.144 E.00365
;WIDTH:0.38292
G1 X85.726 Y18.155 E.0012
G1 X85.707 Y18.084 E.00208
G1 X85.778 Y18.103 E.00208
;WIDTH:0.449999
G1 X86.156 Y18.287 E.01423
G1 X84.937 Y19.507 E.05838
G1 X84.936 Y20.083 E.0195
G1 X86.732 Y18.287 E.08597
G1 X87.308 Y18.287 E.0195
G1 X84.936 Y20.659 E.11355
G1 X84.936 Y21.235 E.0195
G1 X87.883 Y18.287 E.14109
G1 X88.459 Y18.287 E.0195
G1 X84.935 Y21.811 E.16869
G1 X84.935 Y22.387 E.0195
G1 X89.035 Y18.287 E.19626
G1 X89.61 Y18.287 E.01946
G1 X84.935 Y22.963 E.22381
G1 X84.935 Y23.539 E.0195
G1 X90.186 Y18.287 E.25139
G1 X90.762 Y18.287 E.0195
G1 X84.934 Y24.115 E.27898
G1 X84.934 Y24.691 E.0195
G1 X91.337 Y18.287 E.30653
M204 S8000
G1 X92.242 Y18.157 F24000
M204 S5000
;WIDTH:0.38292
G1 F9600
G1 X92.171 Y18.138 E.00208
G1 X92.19 Y18.209 E.00208
G1 X92.231 Y18.198 E.0012
;WIDTH:0.41646
G1 X92.072 Y18.243 E.00513
;WIDTH:0.449999
G1 X91.913 Y18.287 E.00558
G1 X84.934 Y25.267 E.3341
G1 X84.889 Y25.405 E.00491
;WIDTH:0.41646
G1 X84.844 Y25.544 E.00454
;WIDTH:0.38292
G1 X84.773 Y25.525 E.00208
G1 X84.792 Y25.596 E.00208
G1 X84.833 Y25.585 E.0012
G1 E-2 F2400
M204 S8000
G1 X6.836 Y51.696 F24000
G1 E2 F2400
M204 S5000
G1 F9600
G1 X32.346 Y26.186 E1.01993
;WIDTH:0.41646
G1 X32.511 Y26.236 E.00536
;WIDTH:0.449999
G1 X32.676 Y26.287 E.00585
G1 X6.937 Y52.026 E1.23211
G1 X6.866 Y52.119 E.00396
;WIDTH:0.41646
G1 X6.794 Y52.212 E.00365
;WIDTH:0.38292
G1 X6.753 Y52.223 E.0012
G1 X6.734 Y52.152 E.00208
G1 X6.805 Y52.171 E.00208
;WIDTH:0.449999
G1 X6.937 Y52.602 E.01526
G1 X33.252 Y26.287 E1.25968
G1 X33.828 Y26.287 E.0195
G1 X6.937 Y53.178 E1.28726
G1 X6.937 Y53.753 E.01946
G1 X34.403 Y26.287 E1.31478
G1 X34.979 Y26.287 E.0195
G1 X6.937 Y54.329 E1.34235
G1 X6.937 Y54.905 E.0195
G1 X35.555 Y26.287 E1.36993
G1 X36.131 Y26.287 E.0195
G1 X6.937 Y55.48 E1.39747
G1 X6.937 Y56.056 E.0195
G1 X36.706 Y26.287 E1.42502
G1 X37.282 Y26.287 E.0195
G1 X6.937 Y56.632 E1.4526
G1 X6.937 Y57.207 E.01946
G1 X37.858 Y26.287 E1.48015
G1 X38.434 Y26.287 E.0195
G1 X6.937 Y57.783 E1.50772
G1 X6.937 Y58.359 E.0195
G1 X39.009 Y26.287 E1.53527
G1 X39.585 Y26.287 E.0195
G1 X6.937 Y58.934 E1.56282
G1 X6.937 Y59.51 E.0195
G1 X40.161 Y26.287 E1.59039
G1 X40.737 Y26.287 E.0195
G1 X6.937 Y60.086 E1.61796
G1 X6.937 Y60.662 E.0195
G1 X41.312 Y26.287 E1.64551
G1 X41.888 Y26.287 E.0195
G1 X6.937 Y61.237 E1.67306
G1 X6.937 Y61.813 E.0195
G1 X42.464 Y26.287 E1.70063
G1 X43.04 Y26.287 E.0195
G1 X6.937 Y62.389 E1.7282
G1 X6.937 Y62.964 E.01946
G1 X43.615 Y26.287 E1.75573
G1 X44.191 Y26.286 E.0195
G1 X6.937 Y63.54 E1.78333
G1 X6.937 Y64.116 E.0195
G1 X44.767 Y26.286 E1.8109
G1 X45.342 Y26.286 E.01946
G1 X6.937 Y64.691 E1.83842
G1 X6.937 Y65.267 E.0195
G1 X45.918 Y26.286 E1.866
G1 X46.494 Y26.286 E.0195
G1 X6.937 Y65.843 E1.89357
G1 X6.937 Y66.419 E.0195
G1 X47.07 Y26.286 E1.92114
G1 X47.645 Y26.286 E.01946
G1 X6.937 Y66.994 E1.94867
G1 X6.937 Y67.57 E.0195
G1 X48.221 Y26.286 E1.97624
G1 X48.797 Y26.286 E.0195
G1 X6.937 Y68.146 E2.00381
G1 X6.937 Y68.721 E.01946
G1 X49.373 Y26.286 E2.03136
G1 X49.948 Y26.286 E.01946
G1 X6.937 Y69.297 E2.05891
G1 X6.937 Y69.873 E.0195
G1 X50.524 Y26.286 E2.08648
G1 X51.1 Y26.286 E.0195
G1 X6.937 Y70.448 E2.11403
G1 X6.937 Y71.024 E.0195
G1 X51.676 Y26.286 E2.1416
G1 X52.251 Y26.286 E.01946
G1 X6.937 Y71.6 E2.16915
G1 X6.937 Y72.175 E.01946
G1 X52.827 Y26.286 E2.1967
G1 X53.403 Y26.286 E.0195
G1 X6.937 Y72.751 E2.22427
G1 X6.937 Y73.327 E.0195
G1 X53.979 Y26.286 E2.25185
G1 X54.554 Y26.286 E.01946
G1 X6.937 Y73.903 E2.2794
G1 X6.937 Y74.478 E.01946
G1 X55.13 Y26.286 E2.30694
G1 X55.706 Y26.286 E.0195
G1 X6.937 Y75.054 E2.33452
G1 X6.937 Y75.63 E.0195
G1 X56.282 Y26.286 E2.36209
G1 X56.857 Y26.285 E.01946
G1 X6.937 Y76.205 E2.38964
G1 X6.937 Y76.781 E.0195
G1 X57.433 Y26.285 E2.41721
G1 X58.009 Y26.285 E.0195
G1 X6.937 Y77.357 E2.44478
G1 X6.937 Y77.932 E.01946
G1 X58.585 Y26.285 E2.47233
G1 X59.16 Y26.285 E.01946
G1 X6.937 Y78.508 E2.49988
G1 X6.937 Y79.084 E.0195
G1 X59.736 Y26.285 E2.52746
G1 X60.312 Y26.285 E.0195
G1 X6.937 Y79.66 E2.55503
G1 X6.937 Y80.235 E.01946
G1 X60.887 Y26.285 E2.58255
G1 X61.463 Y26.285 E.0195
G1 X6.937 Y80.811 E2.61013
G1 X6.937 Y81.387 E.0195
G1 X62.039 Y26.285 E2.6377
G1 X62.615 Y26.285 E.0195
G1 X6.937 Y81.962 E2.66525
G1 X6.937 Y82.538 E.0195
G1 X63.19 Y26.285 E2.6928
G1 X63.766 Y26.285 E.0195
G1 X6.937 Y83.114 E2.72037
G1 X6.937 Y83.689 E.01946
G1 X64.342 Y26.285 E2.74792
G1 X64.918 Y26.285 E.0195
G1 X6.937 Y84.265 E2.77549
G1 X6.937 Y84.841 E.0195
G1 X65.493 Y26.285 E2.80304
G1 X66.069 Y26.285 E.0195
G1 X6.937 Y85.417 E2.83061
G1 X6.937 Y85.992 E.01946
G1 X66.645 Y26.285 E2.85816
G1 X67.221 Y26.285 E.0195
G1 X6.937 Y86.568 E2.88573
G1 X6.937 Y87.144 E.0195
G1 X67.796 Y26.285 E2.91328
G1 X68.372 Y26.285 E.0195
G1 X6.937 Y87.719 E2.94083
G1 X6.937 Y88.295 E.0195
G1 X68.948 Y26.285 E2.9684
G1 X69.524 Y26.284 E.0195
G1 X6.937 Y88.871 E2.996
G1 X6.937 Y89.446 E.01946
G1 X70.099 Y26.284 E3.02353
G1 X70.675 Y26.284 E.0195
G1 X6.937 Y90.022 E3.0511
G1 X6.937 Y90.598 E.0195
G1 X71.251 Y26.284 E3.07867
G1 X71.827 Y26.284 E.0195
G1 X6.937 Y91.173 E3.10622
G1 X6.937 Y91.749 E.0195
G1 X72.402 Y26.284 E3.13377
G1 X72.978 Y26.284 E.0195
G1 X6.937 Y92.325 E3.16134
G1 X6.937 Y92.901 E.0195
G1 X73.554 Y26.284 E3.18891
G1 X74.13 Y26.284 E.0195
G1 X6.937 Y93.476 E3.21646
G1 X6.937 Y94.052 E.0195
G1 X74.705 Y26.284 E3.24401
G1 X75.281 Y26.284 E.0195
G1 X6.937 Y94.628 E3.27158
G1 X6.937 Y95.203 E.01946
G1 X75.857 Y26.284 E3.29913
G1 X76.433 Y26.284 E.0195
G1 X6.937 Y95.779 E3.32671
G1 X6.937 Y96.355 E.0195
G1 X77.008 Y26.284 E3.35426
G1 X77.584 Y26.284 E.0195
G1 X6.937 Y96.93 E3.3818
G1 X6.937 Y97.506 E.0195
G1 X78.16 Y26.284 E3.40938
G1 X78.735 Y26.284 E.01946
G1 X6.937 Y98.082 E3.43693
G1 X6.937 Y98.658 E.0195
G1 X79.311 Y26.284 E3.4645
G1 X79.887 Y26.284 E.0195
G1 X6.937 Y99.233 E3.49205
G1 X6.937 Y99.809 E.0195
G1 X80.463 Y26.284 E3.51962
G1 X81.038 Y26.284 E.01946
G1 X6.937 Y100.385 E3.54717
G1 X6.937 Y100.96 E.01946
G1 X81.614 Y26.284 E3.57472
G1 X82.19 Y26.284 E.0195
G1 X6.937 Y101.536 E3.60229
G1 X6.937 Y102.112 E.0195
G1 X82.766 Y26.283 E3.62989
G1 X83.341 Y26.283 E.01946
G1 X6.937 Y102.687 E3.65741
G1 X6.937 Y103.263 E.0195
G1 X83.917 Y26.283 E3.68498
G1 X84.061 Y26.215 E.00539
;WIDTH:0.41646
G1 X84.205 Y26.147 E.00495
;WIDTH:0.38292
G1 X84.376 Y26.04 E.0057
G1 E-2 F2400
M204 S8000
G1 X92.489 Y18.287 F24000
G1 E2 F2400
M204 S5000
;WIDTH:0.449999
G1 F9600
G1 X6.937 Y103.839 E4.09532
G1 X6.937 Y104.415 E.0195
G1 X93.065 Y18.287 E4.12289
G1 X93.64 Y18.287 E.01946
G1 X6.937 Y104.99 E4.15042
G1 X6.937 Y105.566 E.0195
G1 X94.216 Y18.287 E4.17799
G1 X94.792 Y18.287 E.0195
G1 X6.937 Y106.142 E4.20556
G1 X6.937 Y106.717 E.01946
G1 X95.367 Y18.287 E4.23309
G1 X95.943 Y18.287 E.0195
G1 X6.937 Y107.293 E4.26066
G1 X6.937 Y107.869 E.0195
G1 X96.519 Y18.287 E4.28823
G1 X97.094 Y18.287 E.01946
G1 X6.937 Y108.444 E4.31576
G1 X6.937 Y109.02 E.0195
G1 X97.67 Y18.287 E4.34333
G1 X98.246 Y18.287 E.0195
G1 X6.937 Y109.596 E4.3709
G1 X6.937 Y110.171 E.01946
G1 X98.821 Y18.287 E4.39843
G1 X99.397 Y18.287 E.0195
G1 X6.937 Y110.747 E4.426
G1 X6.937 Y111.323 E.0195
G1 X99.973 Y18.287 E4.45358
G1 X100.549 Y18.287 E.0195
G1 X6.937 Y111.899 E4.48115
G1 X6.937 Y112.474 E.01946
G1 X101.124 Y18.287 E4.50867
G1 X101.7 Y18.287 E.0195
G1 X6.937 Y113.05 E4.53625
G1 X6.937 Y113.626 E.0195
G1 X102.276 Y18.287 E4.56382
G1 X102.851 Y18.287 E.01946
G1 X6.937 Y114.201 E4.59134
G1 X6.937 Y114.777 E.0195
G1 X103.427 Y18.287 E4.61892
G1 X104.003 Y18.287 E.0195
G1 X6.937 Y115.353 E4.64649
G1 X6.937 Y115.928 E.01946
G1 X104.578 Y18.287 E4.67401
G1 X105.154 Y18.287 E.0195
G1 X6.937 Y116.504 E4.70159
G1 X6.937 Y117.08 E.0195
G1 X105.73 Y18.287 E4.72916
G1 X106.306 Y18.287 E.0195
G1 X6.937 Y117.656 E4.75673
G1 X6.937 Y118.231 E.01946
G1 X106.881 Y18.287 E4.78426
G1 X107.457 Y18.287 E.0195
G1 X6.937 Y118.807 E4.81183
G1 X6.937 Y119.383 E.0195
G1 X108.033 Y18.287 E4.8394
G1 X108.608 Y18.287 E.01946
G1 X6.937 Y119.958 E4.86693
G1 X6.937 Y120.534 E.0195
G1 X109.184 Y18.287 E4.8945
G1 X109.76 Y18.287 E.0195
G1 X6.937 Y121.11 E4.92207
G1 X6.937 Y121.685 E.01946
G1 X110.335 Y18.287 E4.9496
G1 X110.911 Y18.287 E.0195
G1 X6.937 Y122.261 E4.97717
G1 X6.937 Y122.837 E.0195
G1 X111.487 Y18.287 E5.00474
G1 X112.063 Y18.287 E.0195
G1 X6.937 Y123.412 E5.03229
G1 X6.937 Y123.988 E.0195
G1 X112.638 Y18.287 E5.05984
G1 X113.214 Y18.287 E.0195
G1 X6.937 Y124.564 E5.08741
G1 X6.937 Y125.14 E.0195
G1 X113.79 Y18.287 E5.11499
G1 X114.365 Y18.287 E.01946
G1 X6.937 Y125.715 E5.14251
G1 X6.937 Y126.291 E.0195
G1 X114.941 Y18.287 E5.17008
G1 X115.517 Y18.287 E.0195
G1 X6.937 Y126.867 E5.19766
G1 X6.937 Y127.442 E.01946
G1 X116.092 Y18.287 E5.22518
G1 X116.668 Y18.287 E.0195
G1 X6.937 Y128.018 E5.25275
G1 X6.937 Y128.594 E.0195
G1 X117.244 Y18.287 E5.28033
G1 X117.819 Y18.287 E.01946
G1 X6.937 Y129.169 E5.30785
G1 X6.937 Y129.745 E.0195
G1 X118.395 Y18.287 E5.33542
G1 X118.971 Y18.287 E.0195
G1 X6.937 Y130.321 E5.363
G1 X6.937 Y130.897 E.0195
G1 X119.547 Y18.287 E5.39057
G1 X120.122 Y18.287 E.01946
G1 X6.937 Y131.472 E5.4181
G1 X6.937 Y132.048 E.0195
G1 X120.698 Y18.287 E5.44567
G1 X121.274 Y18.287 E.0195
G1 X6.937 Y132.624 E5.47324
G1 X6.937 Y133.199 E.01946
G1 X121.849 Y18.287 E5.50077
G1 X122.425 Y18.287 E.0195
G1 X6.937 Y133.775 E5.52834
G1 X6.937 Y134.351 E.0195
G1 X123.001 Y18.287 E5.55591
G1 X123.576 Y18.287 E.01946
G1 X6.937 Y134.926 E5.58344
G1 X6.937 Y135.502 E.0195
G1 X124.152 Y18.287 E5.61101
G1 X124.728 Y18.287 E.0195
G1 X6.937 Y136.078 E5.63858
G1 X6.937 Y136.654 E.0195
G1 X125.304 Y18.287 E5.66615
G1 X125.879 Y18.287 E.01946
G1 X6.937 Y137.229 E5.69368
G1 X6.937 Y137.805 E.0195
G1 X126.455 Y18.287 E5.72125
G1 X127.031 Y18.287 E.0195
G1 X6.937 Y138.381 E5.74882
G1 X6.937 Y138.956 E.01946
G1 X127.606 Y18.287 E5.77635
G1 X128.182 Y18.287 E.0195
G1 X6.937 Y139.532 E5.80392
G1 X6.937 Y140.108 E.0195
G1 X128.758 Y18.287 E5.8315
G1 X129.333 Y18.287 E.01946
G1 X6.937 Y140.683 E5.85902
G1 X6.937 Y141.259 E.0195
G1 X129.909 Y18.287 E5.88659
G1 X130.485 Y18.287 E.0195
G1 X6.937 Y141.835 E5.91417
G1 X6.937 Y142.41 E.01946
G1 X131.061 Y18.287 E5.94171
G1 X131.636 Y18.287 E.01946
G1 X6.937 Y142.986 E5.96926
G1 X6.937 Y143.562 E.0195
G1 X132.212 Y18.287 E5.99684
G1 X132.788 Y18.287 E.0195
G1 X6.937 Y144.138 E6.02441
G1 X6.937 Y144.713 E.01946
G1 X133.363 Y18.287 E6.05193
G1 X133.939 Y18.287 E.0195
G1 X6.937 Y145.289 E6.07951
G1 X6.937 Y145.865 E.0195
G1 X134.515 Y18.287 E6.10708
G1 X135.063 Y18.315 E.01857
G1 X6.937 Y146.44 E6.13329
G1 X6.937 Y147.016 E.0195
G1 X135.063 Y18.89 E6.13331
G1 X135.063 Y19.466 E.0195
G1 X6.937 Y147.592 E6.13331
G1 X6.937 Y148.167 E.01946
G1 X135.064 Y20.041 E6.13334
G1 X135.064 Y20.617 E.0195
G1 X6.937 Y148.743 E6.13334
G1 X6.937 Y149.319 E.0195
G1 X135.064 Y21.192 E6.13336
G1 X135.065 Y21.767 E.01946
G1 X6.937 Y149.895 E6.13341
G1 X6.937 Y150.47 E.01946
G1 X135.065 Y22.343 E6.13338
G1 X135.065 Y22.918 E.01946
G1 X6.937 Y151.046 E6.13341
G1 X6.937 Y151.622 E.0195
G1 X135.065 Y23.494 E6.13341
G1 X135.066 Y24.069 E.01946
G1 X6.937 Y152.197 E6.13343
G1 X6.937 Y152.773 E.0195
G1 X135.066 Y24.644 E6.13346
G1 X135.066 Y25.22 E.0195
G1 X6.937 Y153.349 E6.13346
G1 X6.937 Y153.924 E.01946
G1 X135.137 Y25.725 E6.13683
G1 X135.381 Y26.057 E.01395
G1 X6.937 Y154.5 E6.14851
G1 X6.937 Y155.076 E.0195
G1 X135.763 Y26.25 E6.16682
G1 X136.306 Y26.283 E.01841
G1 X6.937 Y155.651 E6.19279
G1 X6.937 Y156.227 E.0195
G1 X136.881 Y26.283 E6.22034
G1 X137.457 Y26.283 E.0195
G1 X6.937 Y156.803 E6.24791
G1 X6.937 Y157.379 E.0195
G1 X138.033 Y26.284 E6.27546
G1 X138.608 Y26.284 E.01946
G1 X6.937 Y157.954 E6.30298
G1 X6.937 Y158.53 E.0195
G1 X139.184 Y26.284 E6.33056
G1 X139.759 Y26.284 E.01946
G1 X6.937 Y159.106 E6.35811
G1 X6.937 Y159.681 E.01946
G1 X140.335 Y26.284 E6.38566
G1 X140.911 Y26.284 E.0195
G1 X6.937 Y160.257 E6.41323
G1 X6.937 Y160.833 E.0195
G1 X141.486 Y26.284 E6.44078
G1 X142.062 Y26.284 E.0195
G1 X6.937 Y161.408 E6.46833
G1 X6.937 Y161.984 E.0195
G1 X142.638 Y26.284 E6.4959
G1 X143.213 Y26.284 E.01946
G1 X6.937 Y162.56 E6.52345
G1 X6.937 Y163.136 E.0195
G1 X143.789 Y26.284 E6.55102
G1 X144.365 Y26.284 E.0195
G1 X6.937 Y163.711 E6.57857
G1 X6.937 Y164.287 E.0195
G1 X144.94 Y26.284 E6.60612
G1 X145.516 Y26.284 E.0195
G1 X6.937 Y164.863 E6.63369
G1 X6.937 Y165.438 E.01946
G1 X146.092 Y26.284 E6.66124
G1 X146.667 Y26.284 E.01946
G1 X6.937 Y166.014 E6.68879
G1 X6.937 Y166.59 E.0195
G1 X147.243 Y26.284 E6.71636
G1 X147.819 Y26.284 E.0195
G1 X6.937 Y167.165 E6.74391
G1 X6.937 Y167.741 E.0195
G1 X148.394 Y26.284 E6.77146
G1 X148.97 Y26.284 E.0195
G1 X6.937 Y168.317 E6.79903
G1 X6.937 Y168.893 E.0195
G1 X149.546 Y26.284 E6.8266
G1 X150.121 Y26.284 E.01946
G1 X6.937 Y169.468 E6.85413
G1 X6.937 Y170.044 E.0195
G1 X150.697 Y26.285 E6.88168
G1 X151.272 Y26.285 E.01946
G1 X6.937 Y170.62 E6.90923
G1 X6.884 Y170.816 E.00687
;WIDTH:0.41646
G1 X6.831 Y171.012 E.00631
;WIDTH:0.38292
G1 X6.76 Y170.993 E.00208
G1 X6.779 Y171.064 E.00208
G1 X6.82 Y171.053 E.0012
;WIDTH:0.449999
G1 X7.054 Y171.079 E.00797
G1 X151.848 Y26.285 E6.9312
G1 X152.424 Y26.285 E.0195
G1 X7.342 Y171.366 E6.94496
G1 X7.63 Y171.654 E.01379
G1 X152.999 Y26.285 E6.95872
G1 X153.575 Y26.285 E.0195
G1 X7.918 Y171.942 E6.97251
G1 X8.206 Y172.23 E.01379
G1 X154.151 Y26.285 E6.9863
G1 X154.726 Y26.285 E.01946
G1 X8.493 Y172.518 E7.00008
G1 X8.781 Y172.806 E.01379
G1 X155.302 Y26.285 E7.01387
G1 X155.878 Y26.285 E.0195
G1 X9.069 Y173.093 E7.02763
G1 X9.357 Y173.381 E.01379
G1 X156.453 Y26.285 E7.04139
G1 X157.029 Y26.285 E.0195
G1 X9.645 Y173.669 E7.05518
G1 X9.933 Y173.957 E.01379
G1 X157.605 Y26.285 E7.06897
G1 X158.18 Y26.285 E.01946
G1 X10.221 Y174.245 E7.08273
G1 X10.508 Y174.533 E.01376
G1 X158.756 Y26.285 E7.09654
G1 X159.332 Y26.285 E.0195
G1 X10.796 Y174.821 E7.11033
G1 X11.084 Y175.108 E.01376
G1 X159.907 Y26.285 E7.12406
G1 X160.483 Y26.285 E.0195
G1 X11.372 Y175.396 E7.13785
G1 X11.66 Y175.684 E.01379
G1 X161.059 Y26.285 E7.15164
G1 X161.634 Y26.285 E.01946
G1 X11.948 Y175.972 E7.1654
G1 X12.235 Y176.26 E.01376
G1 X162.21 Y26.285 E7.17921
G1 X162.786 Y26.285 E.0195
G1 X12.523 Y176.548 E7.193
G1 X12.811 Y176.835 E.01376
G1 X163.361 Y26.285 E7.20673
G1 X163.937 Y26.286 E.0195
G1 X13.099 Y177.123 E7.2205
G1 X13.387 Y177.411 E.01379
G1 X164.512 Y26.286 E7.23426
G1 X165.088 Y26.286 E.0195
G1 X13.675 Y177.699 E7.24805
G1 X13.963 Y177.987 E.01379
G1 X165.664 Y26.286 E7.26183
G1 X166.239 Y26.286 E.01946
G1 X14.25 Y178.275 E7.27562
G1 X14.538 Y178.563 E.01379
G1 X166.815 Y26.286 E7.2894
G1 X167.391 Y26.286 E.0195
G1 X14.826 Y178.85 E7.30317
G1 X15.114 Y179.138 E.01379
G1 X167.966 Y26.286 E7.31693
G1 X168.542 Y26.286 E.0195
G1 X15.402 Y179.426 E7.33072
G1 X15.69 Y179.714 E.01379
G1 X169.118 Y26.286 E7.3445
G1 X169.693 Y26.286 E.01946
G1 X15.977 Y180.002 E7.35829
G1 X16.265 Y180.29 E.01379
G1 X170.269 Y26.286 E7.37208
G1 X170.845 Y26.286 E.0195
G1 X16.553 Y180.578 E7.38586
G1 X16.841 Y180.865 E.01376
G1 X171.42 Y26.286 E7.3996
G1 X171.996 Y26.286 E.0195
G1 X17.129 Y181.153 E7.41339
G1 X17.417 Y181.441 E.01379
G1 X172.572 Y26.286 E7.42717
G1 X173.147 Y26.286 E.01946
G1 X17.705 Y181.729 E7.44094
G1 X17.992 Y182.017 E.01376
G1 X173.723 Y26.286 E7.45475
G1 X174.299 Y26.286 E.0195
G1 X18.28 Y182.305 E7.46853
G1 X18.568 Y182.592 E.01376
G1 X174.874 Y26.286 E7.48227
G1 X175.45 Y26.286 E.0195
G1 X18.856 Y182.88 E7.49606
G1 X19.144 Y183.168 E.01379
G1 X176.026 Y26.286 E7.50984
G1 X176.601 Y26.287 E.01946
G1 X19.432 Y183.456 E7.52358
G1 X19.72 Y183.744 E.01379
G1 X177.177 Y26.287 E7.53737
G1 X177.752 Y26.287 E.01946
G1 X20.007 Y184.032 E7.55115
G1 X20.295 Y184.32 E.01379
G1 X178.328 Y26.287 E7.56494
G1 X178.904 Y26.287 E.0195
G1 X20.583 Y184.607 E7.5787
G1 X20.871 Y184.895 E.01379
G1 X179.479 Y26.287 E7.59247
G1 X180.055 Y26.287 E.0195
G1 X21.159 Y185.183 E7.60625
G1 X21.447 Y185.471 E.01379
G1 X180.631 Y26.287 E7.62004
G1 X181.206 Y26.287 E.01946
G1 X21.734 Y185.759 E7.63383
G1 X22.022 Y186.047 E.01379
G1 X181.782 Y26.287 E7.64761
G1 X182.358 Y26.287 E.0195
G1 X22.31 Y186.334 E7.66137
G1 X22.598 Y186.622 E.01379
G1 X182.933 Y26.287 E7.67514
G1 X183.509 Y26.287 E.0195
G1 X22.886 Y186.91 E7.68892
G1 X23.174 Y187.198 E.01379
G1 X184.085 Y26.287 E7.70271
G1 X184.66 Y26.287 E.01946
G1 X23.462 Y187.486 E7.71647
G1 X23.749 Y187.774 E.01376
G1 X185.236 Y26.287 E7.73028
G1 X185.812 Y26.287 E.0195
G1 X24.037 Y188.062 E7.74407
G1 X24.325 Y188.349 E.01376
G1 X186.387 Y26.287 E7.75781
G1 X186.963 Y26.287 E.0195
G1 X24.613 Y188.637 E7.77159
G1 X24.901 Y188.925 E.01379
G1 X187.539 Y26.287 E7.78538
G1 X187.863 Y26.539 E.01389
G1 X25.189 Y189.213 E7.7871
G1 X25.476 Y189.501 E.01376
G1 X188.151 Y26.827 E7.78713
G1 X188.439 Y27.114 E.01376
G1 X25.764 Y189.789 E7.78715
G1 X26.052 Y190.077 E.01379
G1 X188.727 Y27.402 E7.78715
G1 X189.014 Y27.69 E.01376
G1 X26.34 Y190.364 E7.7871
G1 X26.628 Y190.652 E.01379
G1 X189.302 Y27.978 E7.7871
G1 X189.59 Y28.266 E.01379
G1 X26.916 Y190.94 E7.7871
G1 X27.204 Y191.228 E.01379
G1 X189.878 Y28.554 E7.7871
G1 X190.166 Y28.841 E.01376
G1 X27.491 Y191.516 E7.78715
G1 X27.779 Y191.804 E.01379
G1 X190.454 Y29.129 E7.78715
G1 X190.741 Y29.417 E.01376
G1 X28.067 Y192.091 E7.7871
G1 X28.355 Y192.379 E.01379
G1 X191.029 Y29.705 E7.7871
G1 X191.317 Y29.993 E.01379
G1 X28.643 Y192.667 E7.7871
G1 X28.931 Y192.955 E.01379
G1 X191.605 Y30.281 E7.7871
G1 X191.893 Y30.569 E.01379
G1 X29.218 Y193.243 E7.78713
G1 X29.506 Y193.531 E.01379
G1 X192.181 Y30.856 E7.78715
G1 X192.469 Y31.144 E.01379
G1 X29.794 Y193.819 E7.78715
G1 X30.082 Y194.106 E.01376
G1 X192.756 Y31.432 E7.7871
G1 X193.044 Y31.72 E.01379
G1 X30.37 Y194.394 E7.7871
G1 X30.658 Y194.682 E.01379
G1 X193.332 Y32.008 E7.7871
G1 X193.62 Y32.296 E.01379
G1 X30.946 Y194.97 E7.7871
G1 X31.233 Y195.258 E.01376
G1 X193.908 Y32.583 E7.78715
G1 X194.196 Y32.871 E.01379
G1 X31.521 Y195.546 E7.78715
G1 X31.809 Y195.833 E.01376
G1 X194.483 Y33.159 E7.7871
G1 X194.771 Y33.447 E.01379
G1 X32.097 Y196.121 E7.7871
G1 X32.385 Y196.409 E.01379
G1 X195.059 Y33.735 E7.7871
G1 X195.347 Y34.023 E.01379
G1 X32.957 Y196.413 E7.77351
G1 X33.533 Y196.413 E.0195
G1 X195.635 Y34.311 E7.75972
G1 X195.923 Y34.598 E.01376
G1 X34.108 Y196.413 E7.74598
G1 X34.684 Y196.413 E.0195
G1 X196.211 Y34.886 E7.7322
G1 X196.498 Y35.174 E.01376
G1 X35.26 Y196.413 E7.71839
G1 X35.836 Y196.413 E.0195
G1 X196.786 Y35.462 E7.7046
G1 X197.074 Y35.75 E.01379
G1 X36.411 Y196.413 E7.69084
G1 X36.987 Y196.413 E.0195
G1 X197.362 Y36.038 E7.67705
G1 X197.65 Y36.325 E.01376
G1 X37.563 Y196.413 E7.66329
G1 X38.138 Y196.413 E.01946
G1 X197.938 Y36.613 E7.64953
G1 X198.226 Y36.901 E.01379
G1 X38.714 Y196.413 E7.63574
G1 X39.29 Y196.413 E.0195
G1 X198.513 Y37.189 E7.62193
G1 X198.801 Y37.477 E.01379
G1 X39.865 Y196.413 E7.60817
G1 X40.441 Y196.413 E.0195
G1 X199.089 Y37.765 E7.59438
G1 X199.377 Y38.053 E.01379
G1 X41.017 Y196.413 E7.58059
G1 X41.593 Y196.413 E.0195
G1 X199.665 Y38.34 E7.56683
G1 X199.953 Y38.628 E.01379
G1 X42.168 Y196.413 E7.55307
G1 X42.744 Y196.413 E.0195
G1 X200.24 Y38.916 E7.53926
G1 X200.528 Y39.204 E.01379
G1 X43.32 Y196.413 E7.52547
G1 X43.895 Y196.413 E.01946
G1 X200.816 Y39.492 E7.51171
G1 X201.104 Y39.78 E.01379
G1 X44.471 Y196.413 E7.49792
M204 S8000
G1 X45.365 Y196.562 F24000
M204 S5000
;WIDTH:0.38292
G1 F9600
G1 X45.324 Y196.573 E.0012
G1 X45.304 Y196.502 E.00209
G1 X45.376 Y196.521 E.00211
;WIDTH:0.41646
G1 X45.211 Y196.467 E.00539
;WIDTH:0.449999
G1 X45.047 Y196.413 E.00584
G1 X201.392 Y40.068 E7.48414
G1 E-2 F2400
M204 S8000
G1 X51.265 Y190.77 F24000
G1 E2 F2400
M204 S5000
G1 F9600
G1 X45.622 Y196.413 E.27013
G1 X46.198 Y196.413 E.0195
G1 X51.068 Y191.543 E.23312
G1 X51.068 Y192.119 E.0195
G1 X46.774 Y196.413 E.20555
G1 X47.349 Y196.413 E.01946
G1 X51.067 Y192.695 E.17798
G1 X51.066 Y193.272 E.01953
G1 X47.925 Y196.413 E.15036
G1 X48.501 Y196.413 E.0195
G1 X51.066 Y193.848 E.12278
G1 X51.065 Y194.424 E.0195
G1 X49.077 Y196.413 E.09519
G1 X49.019 Y196.494 E.00337
;WIDTH:0.41646
G1 X48.961 Y196.575 E.00309
;WIDTH:0.38292
G1 X48.89 Y196.556 E.00208
G1 X48.909 Y196.627 E.00208
G1 X48.95 Y196.616 E.0012
G1 E-2 F2400
M204 S8000
G1 X50.92 Y195.145 F24000
G1 E2 F2400
M204 S5000
;WIDTH:0.449999
G1 F9600
G1 X49.652 Y196.413 E.0607
G1 X51.063 Y196.413 E.04776
G1 X51.064 Y195.001 E.04779
M204 S8000
G1 X50.701 Y195.986 F24000
M204 S5000
;WIDTH:0.462326
G1 F9600
G1 X50.664 Y195.949 E.00182
G1 X50.613 Y195.962 E.00184
G1 X50.599 Y196.013 E.00184
G1 X50.636 Y196.05 E.00182
G1 X50.687 Y196.036 E.00184
G1 E-2 F2400
M204 S8000
G1 X51.482 Y190.796 F24000
G1 E2 F2400
M204 S5000
;WIDTH:0.38292
G1 F9600
G1 X51.441 Y190.807 E.0012
G1 X51.422 Y190.736 E.00208
G1 X51.493 Y190.755 E.00208
;WIDTH:0.41646
G1 X51.477 Y190.664 E.00287
;WIDTH:0.449999
G1 X51.462 Y190.573 E.00312
G1 X201.68 Y40.355 E7.19084
G1 X201.968 Y40.643 E.01379
G1 X52.196 Y190.415 E7.16949
G1 X52.772 Y190.415 E.0195
G1 X202.255 Y40.931 E7.15568
G1 X202.543 Y41.219 E.01379
G1 X53.348 Y190.415 E7.1419
G1 X53.923 Y190.415 E.01946
G1 X202.831 Y41.507 E7.12813
G1 X203.119 Y41.795 E.01379
G1 X54.499 Y190.415 E7.11435
G1 X55.075 Y190.415 E.0195
G1 X203.407 Y42.082 E7.10058
G1 X203.695 Y42.37 E.01379
G1 X55.65 Y190.415 E7.08682
G1 X56.226 Y190.414 E.0195
G1 X203.982 Y42.658 E7.07299
G1 X204.27 Y42.946 E.01379
G1 X56.802 Y190.414 E7.0592
G1 X57.378 Y190.414 E.0195
G1 X204.558 Y43.234 E7.04541
G1 X204.846 Y43.522 E.01379
G1 X57.953 Y190.414 E7.03165
G1 X58.529 Y190.414 E.0195
G1 X205.134 Y43.81 E7.01787
G1 X205.422 Y44.097 E.01376
G1 X59.105 Y190.414 E7.0041
G1 X59.68 Y190.414 E.01946
G1 X205.71 Y44.385 E6.99034
G1 X205.997 Y44.673 E.01376
G1 X60.256 Y190.414 E6.97653
G1 X60.832 Y190.414 E.0195
G1 X206.285 Y44.961 E6.96274
G1 X206.573 Y45.249 E.01379
G1 X61.408 Y190.414 E6.94896
G1 X61.983 Y190.414 E.01946
G1 X206.861 Y45.537 E6.9352
G1 X207.149 Y45.824 E.01376
G1 X62.559 Y190.414 E6.92143
G1 X63.135 Y190.414 E.0195
G1 X207.437 Y46.112 E6.90765
G1 X207.725 Y46.4 E.01379
G1 X63.71 Y190.414 E6.89388
G1 X64.286 Y190.414 E.0195
G1 X208.012 Y46.688 E6.88007
G1 X208.3 Y46.976 E.01379
G1 X64.862 Y190.414 E6.86629
G1 X65.438 Y190.414 E.0195
G1 X208.588 Y47.264 E6.8525
G1 X208.876 Y47.552 E.01379
G1 X66.013 Y190.414 E6.83874
G1 X66.589 Y190.414 E.0195
G1 X209.164 Y47.839 E6.82498
G1 X209.452 Y48.127 E.01379
G1 X67.165 Y190.414 E6.81119
G1 X67.74 Y190.414 E.01946
G1 X209.739 Y48.415 E6.7974
G1 X210.027 Y48.703 E.01379
G1 X68.316 Y190.414 E6.78362
G1 X68.892 Y190.414 E.0195
G1 X210.315 Y48.991 E6.76983
G1 X210.603 Y49.279 E.01379
G1 X69.468 Y190.414 E6.75604
G1 X70.043 Y190.414 E.01946
G1 X210.891 Y49.567 E6.74228
G1 X211.179 Y49.854 E.01376
G1 X70.619 Y190.414 E6.72852
G1 X71.195 Y190.414 E.0195
G1 X211.467 Y50.142 E6.71473
G1 X211.754 Y50.43 E.01376
G1 X71.77 Y190.414 E6.70095
G1 X72.346 Y190.414 E.0195
G1 X212.042 Y50.718 E6.68716
G1 X212.33 Y51.006 E.01379
G1 X72.922 Y190.414 E6.67337
G1 X73.498 Y190.414 E.0195
G1 X212.618 Y51.294 E6.65959
G1 X212.906 Y51.581 E.01376
G1 X74.073 Y190.414 E6.64585
G1 X74.649 Y190.414 E.0195
G1 X213.063 Y52 E6.62579
G1 X213.063 Y52.576 E.0195
G1 X75.225 Y190.414 E6.59822
G1 X75.8 Y190.414 E.01946
G1 X213.063 Y53.152 E6.57067
G1 X213.063 Y53.727 E.01946
G1 X76.376 Y190.414 E6.54312
G1 X76.952 Y190.414 E.0195
G1 X213.063 Y54.303 E6.51555
G1 X213.063 Y54.879 E.0195
G1 X77.528 Y190.414 E6.48798
G1 X78.103 Y190.414 E.01946
G1 X213.063 Y55.455 E6.46043
G1 X213.063 Y56.03 E.01946
G1 X78.679 Y190.414 E6.43288
G1 X79.255 Y190.414 E.0195
G1 X213.063 Y56.606 E6.40531
G1 X213.063 Y57.182 E.0195
G1 X79.831 Y190.414 E6.37773
G1 X80.406 Y190.414 E.01946
G1 X213.063 Y57.757 E6.35021
G1 X213.063 Y58.333 E.0195
G1 X80.982 Y190.414 E6.32264
G1 X81.558 Y190.414 E.0195
G1 X213.063 Y58.909 E6.29506
G1 X213.063 Y59.484 E.01946
G1 X82.133 Y190.414 E6.26754
G1 X82.709 Y190.414 E.0195
G1 X213.063 Y60.06 E6.23996
G1 X213.063 Y60.636 E.0195
G1 X83.285 Y190.414 E6.21239
G1 X83.861 Y190.414 E.0195
G1 X213.063 Y61.211 E6.18484
G1 X213.063 Y61.787 E.0195
G1 X84.436 Y190.414 E6.15729
G1 X85.012 Y190.413 E.0195
G1 X213.063 Y62.363 E6.1297
G1 X213.063 Y62.939 E.0195
G1 X85.588 Y190.413 E6.10212
G1 X86.163 Y190.413 E.01946
G1 X213.063 Y63.514 E6.0746
G1 X213.063 Y64.09 E.0195
G1 X86.739 Y190.413 E6.04703
G1 X87.315 Y190.413 E.0195
G1 X213.063 Y64.666 E6.01945
G1 X213.063 Y65.241 E.01946
G1 X87.891 Y190.413 E5.99191
G1 X88.466 Y190.413 E.01946
G1 X213.063 Y65.817 E5.96436
G1 X213.063 Y66.393 E.0195
G1 X89.042 Y190.413 E5.93678
G1 X89.618 Y190.413 E.0195
G1 X213.063 Y66.968 E5.90924
G1 X213.063 Y67.544 E.0195
G1 X90.193 Y190.413 E5.88169
G1 X90.769 Y190.413 E.0195
G1 X213.063 Y68.12 E5.85411
G1 X213.063 Y68.696 E.0195
G1 X91.345 Y190.413 E5.82654
G1 X91.921 Y190.413 E.0195
G1 X213.063 Y69.271 E5.79899
G1 X213.063 Y69.847 E.0195
G1 X92.496 Y190.413 E5.77144
G1 X93.072 Y190.413 E.0195
G1 X213.063 Y70.423 E5.74387
G1 X213.063 Y70.998 E.01946
G1 X93.648 Y190.413 E5.71632
G1 X94.223 Y190.413 E.01946
G1 X213.063 Y71.574 E5.68877
G1 X213.063 Y72.15 E.0195
G1 X94.799 Y190.413 E5.6612
G1 X95.375 Y190.413 E.0195
G1 X213.063 Y72.725 E5.63365
G1 X213.063 Y73.301 E.0195
G1 X95.951 Y190.413 E5.60608
G1 X96.526 Y190.413 E.01946
G1 X213.063 Y73.877 E5.57853
G1 X213.063 Y74.452 E.01946
G1 X97.102 Y190.413 E5.55098
G1 X97.678 Y190.413 E.0195
G1 X213.063 Y75.028 E5.52341
G1 X213.063 Y75.604 E.0195
G1 X98.253 Y190.413 E5.49586
G1 X98.829 Y190.413 E.0195
G1 X213.063 Y76.18 E5.46829
G1 X213.063 Y76.755 E.01946
G1 X99.405 Y190.413 E5.44074
G1 X99.981 Y190.413 E.0195
G1 X213.063 Y77.331 E5.41316
G1 X213.063 Y77.907 E.0195
G1 X100.556 Y190.413 E5.38562
G1 X101.132 Y190.413 E.0195
G1 X213.063 Y78.482 E5.35807
G1 X213.063 Y79.058 E.0195
G1 X101.708 Y190.413 E5.33049
G1 X102.283 Y190.413 E.01946
G1 X213.063 Y79.634 E5.30295
G1 X213.063 Y80.209 E.01946
G1 X102.859 Y190.413 E5.2754
G1 X103.435 Y190.413 E.0195
G1 X213.063 Y80.785 E5.24782
G1 X213.063 Y81.361 E.0195
G1 X104.011 Y190.413 E5.22025
G1 X104.586 Y190.413 E.01946
G1 X213.063 Y81.937 E5.1927
G1 X213.063 Y82.512 E.01946
G1 X105.162 Y190.413 E5.16515
G1 X105.738 Y190.413 E.0195
G1 X213.063 Y83.088 E5.13758
G1 X213.063 Y83.664 E.0195
G1 X106.313 Y190.413 E5.11003
G1 X106.889 Y190.413 E.0195
G1 X213.063 Y84.239 E5.08248
G1 X213.063 Y84.815 E.0195
G1 X107.465 Y190.413 E5.05491
G1 X108.041 Y190.413 E.0195
G1 X213.063 Y85.391 E5.02734
G1 X213.063 Y85.966 E.01946
G1 X108.616 Y190.413 E4.99981
G1 X109.192 Y190.413 E.0195
G1 X213.063 Y86.542 E4.97224
G1 X213.063 Y87.118 E.0195
G1 X109.768 Y190.413 E4.94467
G1 X110.343 Y190.413 E.01946
G1 X213.063 Y87.694 E4.91712
G1 X213.063 Y88.269 E.01946
G1 X110.919 Y190.413 E4.88957
G1 X111.495 Y190.413 E.0195
G1 X213.063 Y88.845 E4.862
G1 X213.063 Y89.421 E.0195
G1 X112.07 Y190.413 E4.83445
G1 X112.646 Y190.413 E.0195
G1 X213.063 Y89.996 E4.8069
G1 X213.063 Y90.572 E.0195
G1 X113.222 Y190.413 E4.77933
G1 X113.798 Y190.413 E.0195
G1 X213.063 Y91.148 E4.75175
G1 X213.063 Y91.723 E.01946
G1 X114.373 Y190.413 E4.72423
G1 X114.949 Y190.413 E.0195
G1 X213.063 Y92.299 E4.69666
G1 X213.063 Y92.875 E.0195
G1 X115.525 Y190.413 E4.66908
G1 X116.1 Y190.413 E.01946
G1 X213.063 Y93.45 E4.64156
G1 X213.063 Y94.026 E.0195
G1 X116.676 Y190.413 E4.61399
G1 X117.252 Y190.413 E.0195
G1 X213.063 Y94.602 E4.58641
G1 X213.063 Y95.178 E.0195
G1 X117.827 Y190.413 E4.55886
G1 X118.403 Y190.413 E.0195
G1 X213.063 Y95.753 E4.53132
G1 X213.063 Y96.329 E.0195
G1 X118.979 Y190.413 E4.50374
G1 X119.554 Y190.413 E.01946
G1 X213.063 Y96.905 E4.47619
G1 X213.063 Y97.48 E.01946
G1 X120.13 Y190.413 E4.44864
G1 X120.706 Y190.413 E.0195
G1 X213.063 Y98.056 E4.42107
G1 X213.063 Y98.632 E.0195
G1 X121.281 Y190.413 E4.39352
G1 X121.857 Y190.413 E.0195
G1 X213.063 Y99.207 E4.36597
G1 X213.063 Y99.783 E.0195
G1 X122.433 Y190.413 E4.3384
G1 X123.008 Y190.413 E.01946
G1 X213.063 Y100.359 E4.31085
G1 X213.063 Y100.935 E.0195
G1 X123.584 Y190.413 E4.28328
G1 X124.16 Y190.413 E.0195
G1 X213.063 Y101.51 E4.25573
G1 X213.063 Y102.086 E.0195
G1 X124.735 Y190.413 E4.22818
G1 X125.311 Y190.413 E.0195
G1 X213.063 Y102.662 E4.20061
G1 X213.063 Y103.237 E.01946
G1 X125.887 Y190.413 E4.17306
G1 X126.462 Y190.413 E.01946
G1 X213.063 Y103.813 E4.14551
G1 X213.063 Y104.389 E.0195
G1 X127.038 Y190.413 E4.11794
G1 X127.614 Y190.413 E.0195
G1 X213.063 Y104.964 E4.09039
G1 X213.063 Y105.54 E.0195
G1 X128.189 Y190.413 E4.06284
G1 X128.765 Y190.413 E.0195
G1 X213.063 Y106.116 E4.03527
G1 X213.063 Y106.692 E.0195
G1 X129.341 Y190.413 E4.0077
G1 X129.916 Y190.413 E.01946
G1 X213.063 Y107.267 E3.98017
G1 X213.063 Y107.843 E.0195
G1 X130.492 Y190.413 E3.9526
G1 X131.068 Y190.413 E.0195
G1 X213.063 Y108.419 E3.92503
G1 X213.063 Y108.994 E.01946
G1 X131.644 Y190.413 E3.89748
G1 X132.219 Y190.413 E.01946
G1 X213.063 Y109.57 E3.86993
G1 X213.063 Y110.146 E.0195
G1 X132.795 Y190.413 E3.84236
G1 X133.371 Y190.413 E.0195
G1 X213.063 Y110.721 E3.81481
G1 X213.063 Y111.297 E.0195
G1 X133.946 Y190.413 E3.78726
G1 X134.522 Y190.413 E.0195
G1 X213.063 Y111.873 E3.75968
G1 X213.063 Y112.448 E.01946
G1 X135.098 Y190.413 E3.73214
G1 X135.673 Y190.414 E.01946
G1 X213.063 Y113.024 E3.70461
G1 X213.063 Y113.6 E.0195
G1 X136.249 Y190.414 E3.67704
G1 X136.825 Y190.414 E.0195
G1 X213.063 Y114.176 E3.64947
G1 X213.063 Y114.751 E.01946
G1 X137.4 Y190.414 E3.62194
G1 X137.976 Y190.414 E.0195
G1 X213.063 Y115.327 E3.59437
G1 X213.063 Y115.903 E.0195
G1 X138.552 Y190.414 E3.5668
G1 X139.127 Y190.414 E.01946
G1 X213.063 Y116.478 E3.53927
G1 X213.063 Y117.054 E.0195
G1 X139.703 Y190.414 E3.5117
G1 X140.279 Y190.414 E.0195
G1 X213.063 Y117.63 E3.48412
G1 X213.063 Y118.205 E.01946
G1 X140.854 Y190.414 E3.4566
G1 X141.43 Y190.414 E.0195
G1 X213.063 Y118.781 E3.42903
G1 X213.063 Y119.357 E.0195
G1 X142.006 Y190.414 E3.40145
G1 X142.581 Y190.414 E.01946
G1 X213.063 Y119.933 E3.37391
G1 X213.063 Y120.508 E.01946
G1 X143.157 Y190.414 E3.34636
G1 X143.733 Y190.414 E.0195
G1 X213.063 Y121.084 E3.31878
G1 X213.063 Y121.66 E.0195
G1 X144.308 Y190.414 E3.29124
G1 X144.884 Y190.414 E.0195
G1 X213.063 Y122.235 E3.26369
G1 X213.063 Y122.811 E.0195
G1 X145.46 Y190.414 E3.23611
G1 X146.035 Y190.414 E.01946
G1 X213.063 Y123.387 E3.20856
G1 X213.063 Y123.962 E.01946
G1 X146.611 Y190.414 E3.18102
G1 X147.187 Y190.414 E.0195
G1 X213.063 Y124.538 E3.15344
G1 X213.063 Y125.114 E.0195
G1 X147.762 Y190.414 E3.12589
G1 X148.338 Y190.414 E.0195
G1 X213.063 Y125.689 E3.09835
G1 X213.063 Y126.265 E.0195
G1 X148.914 Y190.414 E3.07077
G1 X149.489 Y190.414 E.01946
G1 X213.063 Y126.841 E3.04322
G1 X213.063 Y127.417 E.0195
G1 X150.065 Y190.414 E3.01565
G1 X150.641 Y190.414 E.0195
G1 X213.063 Y127.992 E2.9881
G1 X213.063 Y128.568 E.0195
G1 X151.217 Y190.414 E2.96053
G1 X151.792 Y190.414 E.01946
G1 X213.063 Y129.144 E2.93298
G1 X213.063 Y129.719 E.01946
G1 X152.368 Y190.414 E2.90543
G1 X152.944 Y190.414 E.0195
G1 X213.063 Y130.295 E2.87786
G1 X213.063 Y130.871 E.0195
G1 X153.519 Y190.414 E2.85031
G1 X154.095 Y190.414 E.0195
G1 X213.063 Y131.446 E2.82276
G1 X213.063 Y132.022 E.0195
G1 X154.671 Y190.414 E2.79519
G1 X155.246 Y190.414 E.01946
G1 X213.063 Y132.598 E2.76764
G1 X213.063 Y133.174 E.0195
G1 X155.822 Y190.414 E2.74007
G1 X156.398 Y190.414 E.0195
G1 X213.063 Y133.749 E2.71252
G1 X213.063 Y134.325 E.0195
G1 X156.973 Y190.414 E2.68497
G1 X157.549 Y190.414 E.0195
G1 X213.063 Y134.901 E2.6574
G1 X213.063 Y135.476 E.01946
G1 X158.125 Y190.414 E2.62985
G1 X158.7 Y190.414 E.01946
G1 X213.063 Y136.052 E2.6023
G1 X213.063 Y136.628 E.0195
G1 X159.276 Y190.414 E2.57473
G1 X159.852 Y190.414 E.0195
G1 X213.063 Y137.203 E2.54718
G1 X213.063 Y137.779 E.0195
G1 X160.427 Y190.414 E2.51963
G1 X161.003 Y190.414 E.0195
G1 X213.063 Y138.355 E2.49206
G1 X213.063 Y138.931 E.0195
G1 X161.579 Y190.414 E2.46448
G1 X162.154 Y190.414 E.01946
G1 X213.063 Y139.506 E2.43696
G1 X213.063 Y140.082 E.0195
G1 X162.73 Y190.414 E2.40939
G1 X163.306 Y190.414 E.0195
G1 X213.063 Y140.658 E2.38181
G1 X213.063 Y141.233 E.01946
G1 X163.881 Y190.414 E2.35429
G1 X164.457 Y190.415 E.0195
G1 X213.063 Y141.809 E2.32674
G1 X213.063 Y142.385 E.0195
G1 X165.033 Y190.415 E2.29917
G1 X165.608 Y190.415 E.01946
G1 X213.063 Y142.96 E2.27164
G1 X213.063 Y143.536 E.0195
G1 X166.184 Y190.415 E2.24407
G1 X166.76 Y190.415 E.0195
G1 X213.063 Y144.112 E2.2165
G1 X213.063 Y144.687 E.01946
G1 X167.335 Y190.415 E2.18897
G1 X167.911 Y190.415 E.0195
G1 X213.063 Y145.263 E2.1614
G1 X213.063 Y145.839 E.0195
G1 X168.404 Y190.497 E2.13777
G1 X168.723 Y190.754 E.01387
G1 X213.063 Y146.415 E2.1225
G1 X213.063 Y146.99 E.01946
G1 X168.914 Y191.139 E2.11339
G1 X168.932 Y191.697 E.0189
G1 X213.063 Y147.566 E2.11252
G1 X213.063 Y148.142 E.0195
G1 X168.933 Y192.272 E2.11248
G1 X168.933 Y192.847 E.01946
G1 X213.063 Y148.717 E2.11248
G1 X213.063 Y149.293 E.0195
G1 X168.934 Y193.422 E2.11243
G1 X168.935 Y193.997 E.01946
G1 X213.063 Y149.869 E2.11238
G1 X213.063 Y150.444 E.01946
G1 X168.935 Y194.572 E2.11238
G1 X168.936 Y195.147 E.01946
G1 X213.063 Y151.02 E2.11233
G1 X213.063 Y151.596 E.0195
G1 X168.937 Y195.722 E2.11228
M204 S8000
G1 X168.847 Y196.563 F24000
M204 S5000
;WIDTH:0.38292
G1 F9600
G1 X168.806 Y196.574 E.0012
G1 X168.787 Y196.503 E.00208
G1 X168.858 Y196.522 E.00208
;WIDTH:0.41646
G1 X168.898 Y196.409 E.00372
;WIDTH:0.449999
G1 X168.937 Y196.297 E.00401
G1 X213.063 Y152.172 E2.11226
G1 X213.063 Y152.747 E.01946
G1 X169.397 Y196.413 E2.09026
G1 X169.973 Y196.413 E.0195
G1 X213.063 Y153.323 E2.06269
G1 X213.063 Y153.899 E.0195
G1 X170.549 Y196.413 E2.03512
G1 X171.124 Y196.413 E.01946
G1 X213.063 Y154.474 E2.00759
G1 X213.063 Y155.05 E.0195
G1 X171.7 Y196.413 E1.98002
G1 X172.276 Y196.413 E.0195
G1 X213.063 Y155.626 E1.95245
G1 X213.063 Y156.201 E.01946
G1 X172.851 Y196.413 E1.92492
G1 X173.427 Y196.413 E.0195
G1 X213.063 Y156.777 E1.89735
G1 X213.063 Y157.353 E.0195
G1 X174.003 Y196.413 E1.86978
G1 X174.578 Y196.413 E.01946
G1 X213.063 Y157.928 E1.84225
G1 X213.063 Y158.504 E.0195
G1 X175.154 Y196.413 E1.81468
G1 X175.73 Y196.413 E.0195
G1 X213.063 Y159.08 E1.78711
G1 X213.063 Y159.656 E.0195
G1 X176.306 Y196.413 E1.75953
G1 X176.881 Y196.413 E.01946
G1 X213.063 Y160.231 E1.73201
G1 X213.063 Y160.807 E.0195
G1 X177.457 Y196.413 E1.70444
G1 X178.033 Y196.413 E.0195
G1 X213.063 Y161.383 E1.67686
G1 X213.063 Y161.958 E.01946
G1 X178.608 Y196.413 E1.64934
G1 X179.184 Y196.413 E.0195
G1 X213.063 Y162.534 E1.62177
G1 X213.063 Y163.11 E.0195
G1 X179.76 Y196.413 E1.59419
G1 X180.335 Y196.413 E.01946
G1 X213.063 Y163.685 E1.56667
G1 X213.063 Y164.261 E.0195
G1 X180.911 Y196.413 E1.5391
G1 X181.487 Y196.413 E.0195
G1 X213.063 Y164.837 E1.51152
G1 X213.063 Y165.413 E.0195
G1 X182.063 Y196.413 E1.48395
G1 X182.638 Y196.413 E.01946
G1 X213.063 Y165.988 E1.45643
G1 X213.063 Y166.564 E.0195
G1 X183.214 Y196.413 E1.42885
G1 X183.79 Y196.413 E.0195
G1 X213.063 Y167.14 E1.40128
G1 X213.063 Y167.715 E.01946
G1 X184.365 Y196.413 E1.37376
G1 X184.941 Y196.413 E.0195
G1 X213.063 Y168.291 E1.34618
G1 X213.063 Y168.867 E.0195
G1 X185.517 Y196.413 E1.31861
G1 X186.092 Y196.413 E.01946
G1 X213.063 Y169.442 E1.29108
G1 X213.063 Y170.018 E.0195
G1 X186.668 Y196.413 E1.26351
G1 X187.129 Y196.575 E.01654
;WIDTH:0.38292
G1 X187.057 Y196.556 E.00211
G1 X187.077 Y196.627 E.00209
G1 X187.118 Y196.616 E.0012
;WIDTH:0.41646
G1 X187.181 Y196.515 E.0037
;WIDTH:0.449999
G1 X187.244 Y196.413 E.00406
G1 X213.063 Y170.594 E1.23594
G1 X213.165 Y170.531 E.00406
;WIDTH:0.41646
G1 X213.266 Y170.468 E.0037
;WIDTH:0.38292
G1 X213.225 Y170.479 E.0012
G1 X213.206 Y170.407 E.00211
G1 X213.277 Y170.427 E.00209
;WIDTH:0.449999
G1 X213.136 Y170.992 E.01971
;WIDTH:0.38292
G1 X187.642 Y196.486 E1.01929
G1 E-2 F2400
M204 S8000
G1 X154.836 Y198.45 F24000
G1 E2 F2400
M204 S5000
;TYPE:Internal infill
;WIDTH:0.45
G1 F13200
G1 X152.394 Y198.45 E.08266
G1 X152.317 Y198.373 E.00369
G1 X148.281 Y198.373 E.13661
G1 X148.204 Y198.45 E.00369
G1 X140.88 Y198.45 E.24791
G1 X140.803 Y198.373 E.00369
G1 X136.767 Y198.373 E.13661
G1 X136.69 Y198.45 E.00369
G1 X129.366 Y198.45 E.24791
G1 X129.289 Y198.373 E.00369
G1 X125.253 Y198.373 E.13661
G1 X125.176 Y198.45 E.00369
G1 X117.852 Y198.45 E.24791
G1 X117.775 Y198.373 E.00369
G1 X113.739 Y198.373 E.13661
G1 X113.662 Y198.45 E.00369
G1 X106.338 Y198.45 E.24791
G1 X106.261 Y198.373 E.00369
G1 X102.225 Y198.373 E.13661
G1 X102.148 Y198.45 E.00369
G1 X94.824 Y198.45 E.24791
G1 X94.747 Y198.373 E.00369
G1 X90.711 Y198.373 E.13661
G1 X90.634 Y198.45 E.00369
G1 X83.31 Y198.45 E.24791
G1 X83.233 Y198.373 E.00369
G1 X79.197 Y198.373 E.13661
G1 X79.12 Y198.45 E.00369
G1 X71.796 Y198.45 E.24791
G1 X71.719 Y198.373 E.00369
G1 X67.683 Y198.373 E.13661
G1 X67.606 Y198.45 E.00369
G1 X65.164 Y198.45 E.08266
G1 E-2 F2400
M204 S8000
G1 X60.756 Y196.35 F24000
G1 E2 F2400
M204 S1500
;TYPE:Bridge infill
;WIDTH:0.407962
;HEIGHT:0.4
M106 S255
G1 F3000
G1 X159.041 Y196.35 E5.34134
G1 X159.041 Y196.808 E.02489
G1 X60.959 Y196.808 E5.33031
G1 X60.959 Y197.266 E.02489
G1 X159.041 Y197.266 E5.33031
G1 X159.041 Y197.385 E.00647
G1 X159.118 Y197.724 E.01889
G1 X60.882 Y197.724 E5.33868
G1 X60.871 Y197.772 E.00268
G1 X60.745 Y197.969 E.01271
G1 X60.558 Y198.141 E.01381
G1 X60.478 Y198.181 E.00486
G1 X60.594 Y198.181 E.0063
G1 X60.826 Y197.944 E.01802
G1 X159.174 Y197.944 E5.34477
G1 X159.406 Y198.181 E.01802
G1 X159.522 Y198.181 E.0063
G1 X159.691 Y198.265 E.01026
G1 X159.969 Y198.309 E.0153
G1 X167.041 Y198.309 E.38433
G1 X167.041 Y198.639 E.01793
G1 X159.406 Y198.639 E.41493
G1 X159.174 Y198.878 E.0181
G1 X60.826 Y198.878 E5.34477
G1 X60.594 Y198.639 E.0181
G1 X52.959 Y198.639 E.41493
G1 X52.959 Y199.097 E.02489
G1 X167.041 Y199.097 E6.19984
G1 X167.041 Y199.555 E.02489
G1 X52.959 Y199.555 E6.19984
G1 X52.959 Y200.013 E.02489
G1 X167.041 Y200.013 E6.19984
G1 X167.041 Y200.471 E.02489
G1 X52.959 Y200.471 E6.19984
G1 X52.959 Y200.929 E.02489
G1 X167.041 Y200.929 E6.19984
G1 X167.041 Y201.387 E.02489
G1 X52.756 Y201.387 E6.21087
M107
M204 S5000
;LAYER_CHANGE
;Z:1
;HEIGHT:0.2
G1 E-2 F2400
G1 Z1 F24000
M204 S8000
G1 X167.463 Y196.813
G1 E2 F2400
M204 S5000
;TYPE:Support material
;WIDTH:0.4
G1 F7200
G1 X167.163 Y196.813 E.00891
G1 X167.163 Y192.834 E.11814
G1 X52.837 Y192.834 E3.39449
G1 X52.837 Y196.813 E.11814
G1 X52.538 Y196.813 E.00888
G1 X52.538 Y191.888 E.14623
G1 X167.463 Y191.888 E3.41227
G1 X167.463 Y196.759 E.14463
G1 E-2 F2400
M204 S8000
G1 X161.368 Y197.15 F24000
G1 E2 F2400
M204 S4000
;TYPE:Perimeter
;WIDTH:0.449999
G1 F10800
G1 X161.368 Y197.371 E.00748
G1 X161.413 Y197.602 E.00797
G1 X161.61 Y197.858 E.01093
G1 X161.779 Y197.949 E.0065
G1 X161.979 Y197.982 E.00686
G1 X167.368 Y197.982 E.18241
G1 X167.368 Y201.718 E.12646
G1 X52.632 Y201.718 E3.88367
G1 X52.632 Y197.982 E.12646
G1 X58.106 Y197.982 E.18529
G1 X58.39 Y197.858 E.01049
G1 X58.587 Y197.602 E.01093
G1 X58.632 Y197.371 E.00797
G1 X58.632 Y197.15 E.00748
M204 S1500
;TYPE:Overhang perimeter
;WIDTH:0.4
;HEIGHT:0.4
M106 S255
G1 F3000
G1 X58.632 Y194.482 E.13939
G1 X161.368 Y194.482 E5.36743
G1 X161.368 Y197.09 E.13625
M107
M204 S5000
M204 S8000
G1 X161.775 Y197.15 F24000
M204 S4000
;TYPE:External perimeter
;WIDTH:0.449999
;HEIGHT:0.2
G1 F7200
G1 X161.775 Y197.402 E.00853
G1 X161.856 Y197.534 E.00524
G1 X161.979 Y197.575 E.00439
G1 X167.775 Y197.575 E.19619
G1 X167.775 Y202.125 E.15401
G1 X52.225 Y202.125 E3.91122
G1 X52.225 Y197.575 E.15401
G1 X58.052 Y197.575 E.19724
G1 X58.185 Y197.493 E.00529
G1 X58.225 Y197.371 E.00435
G1 X58.225 Y197.15 E.00748
M204 S1500
;TYPE:Overhang perimeter
;WIDTH:0.4
;HEIGHT:0.4
M106 S255
G1 F3000
G1 X58.225 Y194.075 E.16065
G1 X161.775 Y194.075 E5.40996
G1 X161.775 Y197.09 E.15752
M107
M204 S5000
G1 X161.844 Y197.484 F24000
G1 E-2 F2400
M204 S8000
G1 X84.632 Y17.982 F24000
G1 E2 F2400
M204 S4000
;TYPE:Perimeter
;WIDTH:0.449999
;HEIGHT:0.2
G1 F10800
G1 X135.368 Y17.982 E1.71735
G1 X135.368 Y25.459 E.25309
G1 X135.478 Y25.721 E.00962
G1 X135.69 Y25.91 E.00961
G1 X135.979 Y25.982 E.01008
G1 X187.738 Y25.982 E1.75198
G1 X213.368 Y51.612 E1.22689
G1 X213.368 Y171.088 E4.04411
G1 X187.738 Y196.718 E1.22689
G1 X168.632 Y196.718 E.64671
G1 X168.632 Y191.267 E.18451
G1 X168.525 Y190.983 E.01027
G1 X168.303 Y190.787 E.01002
G1 X168.021 Y190.718 E.00983
G1 X51.914 Y190.718 E3.93008
G1 X51.626 Y190.83 E.01046
G1 X51.436 Y191.048 E.00979
G1 X51.368 Y191.329 E.00979
G1 X51.368 Y196.718 E.18241
G1 X32.262 Y196.718 E.64671
G1 X6.632 Y171.088 E1.22689
G1 X6.632 Y51.612 E4.04411
G1 X32.262 Y25.982 E1.22689
G1 X84.087 Y25.982 E1.75421
G1 X84.374 Y25.87 E.01043
G1 X84.568 Y25.643 E.01011
G1 X84.632 Y25.371 E.00946
G1 X84.632 Y18.042 E.24808
M204 S5000
M204 S8000
G1 X84.225 Y17.575 F24000
M204 S4000
;TYPE:External perimeter
G1 F7200
G1 X135.775 Y17.575 E1.7449
G1 X135.775 Y25.371 E.26388
G1 X135.826 Y25.507 E.00492
G1 X135.976 Y25.575 E.00557
G1 X187.907 Y25.575 E1.7578
G1 X213.775 Y51.443 E1.23829
G1 X213.775 Y171.257 E4.05556
G1 X187.907 Y197.125 E1.23829
G1 X168.225 Y197.125 E.66621
G1 X168.225 Y191.329 E.19619
G1 X168.177 Y191.197 E.00475
G1 X168.025 Y191.125 E.00569
G1 X51.979 Y191.125 E3.92801
G1 X51.842 Y191.177 E.00496
G1 X51.775 Y191.329 E.00562
G1 X51.775 Y197.125 E.19619
G1 X32.093 Y197.125 E.66621
G1 X6.225 Y171.257 E1.23829
G1 X6.225 Y51.443 E4.05556
G1 X32.093 Y25.575 E1.23829
G1 X84.021 Y25.575 E1.7577
G1 X84.157 Y25.524 E.00492
G1 X84.225 Y25.371 E.00567
G1 X84.225 Y17.635 E.26185
M204 S5000
G1 X84.621 Y17.576 F24000
G1 E-2 F2400
M204 S8000
G1 X209.38 Y50.904 F24000
G1 E2 F2400
M204 S5000
;TYPE:Top solid infill
;WIDTH:0.400558
G1 F7200
G1 X188.895 Y30.419 E.86151
G1 X188.67 Y30.25 E.00837
G1 X188.502 Y30.161 E.00565
G1 X188.309 Y30.1 E.00602
G1 X188.029 Y30.059 E.00842
G1 X209.291 Y51.321 E.89418
G1 X209.291 Y51.827 E.01505
G1 X187.523 Y30.059 E.91546
G1 X187.017 Y30.059 E.01505
G1 X209.291 Y52.333 E.93674
G1 X209.291 Y52.839 E.01505
G1 X186.511 Y30.059 E.95802
G1 X186.005 Y30.059 E.01505
G1 X209.291 Y53.345 E.9793
G1 X209.291 Y53.85 E.01502
G1 X185.5 Y30.059 E1.00054
G1 X184.994 Y30.059 E.01505
G1 X209.291 Y54.356 E1.02182
G1 X209.291 Y54.862 E.01505
G1 X184.488 Y30.059 E1.0431
G1 X183.982 Y30.059 E.01505
G1 X209.291 Y55.368 E1.06438
G1 X209.291 Y55.873 E.01502
G1 X183.477 Y30.059 E1.08562
G1 X182.971 Y30.059 E.01505
G1 X209.291 Y56.379 E1.1069
G1 X209.291 Y56.885 E.01505
G1 X182.465 Y30.059 E1.12818
G1 X181.959 Y30.059 E.01505
G1 X209.291 Y57.391 E1.14946
G1 X209.291 Y57.897 E.01505
G1 X181.453 Y30.059 E1.17074
G1 X180.948 Y30.059 E.01502
G1 X209.291 Y58.402 E1.19198
G1 X209.291 Y58.908 E.01505
G1 X180.442 Y30.059 E1.21326
G1 X179.936 Y30.059 E.01505
G1 X209.291 Y59.414 E1.23454
G1 X209.291 Y59.92 E.01505
G1 X179.43 Y30.059 E1.25582
G1 X178.925 Y30.059 E.01502
G1 X209.291 Y60.425 E1.27706
G1 X209.291 Y60.931 E.01505
G1 X178.419 Y30.059 E1.29834
G1 X177.913 Y30.059 E.01505
G1 X209.291 Y61.437 E1.31962
G1 X209.291 Y61.943 E.01505
G1 X177.407 Y30.059 E1.3409
G1 X176.901 Y30.059 E.01505
G1 X209.291 Y62.449 E1.36218
G1 X209.291 Y62.954 E.01502
G1 X176.396 Y30.059 E1.38342
G1 X175.89 Y30.059 E.01505
G1 X209.291 Y63.46 E1.4047
G1 X209.291 Y63.966 E.01505
G1 X175.384 Y30.059 E1.42598
G1 X174.878 Y30.059 E.01505
G1 X209.291 Y64.472 E1.44726
G1 X209.291 Y64.977 E.01502
G1 X174.373 Y30.059 E1.46849
G1 X173.867 Y30.059 E.01505
G1 X209.291 Y65.483 E1.48977
G1 X209.291 Y65.989 E.01505
G1 X173.361 Y30.059 E1.51105
G1 X172.855 Y30.059 E.01505
G1 X209.291 Y66.495 E1.53233
G1 X209.291 Y67.001 E.01505
G1 X172.349 Y30.059 E1.55361
G1 X171.844 Y30.059 E.01502
G1 X209.291 Y67.506 E1.57485
G1 X209.291 Y68.012 E.01505
G1 X171.338 Y30.059 E1.59613
G1 X170.832 Y30.059 E.01505
G1 X209.291 Y68.518 E1.61741
G1 X209.291 Y69.024 E.01505
G1 X170.326 Y30.059 E1.63869
G1 X169.821 Y30.059 E.01502
G1 X209.291 Y69.529 E1.65993
G1 X209.291 Y70.035 E.01505
G1 X169.315 Y30.059 E1.68121
G1 X168.809 Y30.059 E.01505
G1 X209.291 Y70.541 E1.70249
G1 X209.291 Y71.047 E.01505
G1 X168.303 Y30.059 E1.72377
G1 X167.797 Y30.059 E.01505
G1 X209.291 Y71.553 E1.74505
G1 X209.291 Y72.058 E.01502
G1 X167.292 Y30.059 E1.76629
G1 X166.786 Y30.059 E.01505
G1 X209.291 Y72.564 E1.78757
G1 X209.291 Y73.07 E.01505
G1 X166.28 Y30.059 E1.80885
G1 X165.774 Y30.059 E.01505
G1 X209.291 Y73.576 E1.83013
G1 X209.291 Y74.081 E.01502
G1 X165.269 Y30.059 E1.85137
G1 X164.763 Y30.059 E.01505
G1 X209.291 Y74.587 E1.87265
G1 X209.291 Y75.093 E.01505
G1 X164.257 Y30.059 E1.89393
G1 X163.751 Y30.059 E.01505
G1 X209.291 Y75.599 E1.91521
G1 X209.291 Y76.105 E.01505
G1 X163.245 Y30.059 E1.93649
G1 X162.74 Y30.059 E.01502
G1 X209.291 Y76.61 E1.95773
G1 X209.291 Y77.116 E.01505
G1 X162.234 Y30.059 E1.97901
G1 X161.728 Y30.059 E.01505
G1 X209.291 Y77.622 E2.00029
G1 X209.291 Y78.128 E.01505
G1 X161.222 Y30.059 E2.02157
G1 X160.717 Y30.059 E.01502
G1 X209.291 Y78.633 E2.0428
G1 X209.291 Y79.139 E.01505
G1 X160.211 Y30.059 E2.06408
G1 X159.705 Y30.059 E.01505
G1 X209.291 Y79.645 E2.08536
G1 X209.291 Y80.151 E.01505
G1 X159.199 Y30.059 E2.10664
G1 X158.694 Y30.059 E.01502
G1 X209.291 Y80.657 E2.1279
G1 X209.291 Y81.162 E.01502
G1 X158.188 Y30.059 E2.14916
G1 X157.682 Y30.059 E.01505
G1 X209.291 Y81.668 E2.17044
G1 X209.291 Y82.174 E.01505
G1 X157.176 Y30.059 E2.19172
G1 X156.67 Y30.059 E.01505
G1 X209.291 Y82.68 E2.213
G1 X209.291 Y83.185 E.01502
G1 X156.165 Y30.059 E2.23424
G1 X155.659 Y30.059 E.01505
G1 X209.291 Y83.691 E2.25552
G1 X209.291 Y84.197 E.01505
G1 X155.153 Y30.059 E2.2768
G1 X154.647 Y30.059 E.01505
G1 X209.291 Y84.703 E2.29808
G1 X209.291 Y85.208 E.01502
G1 X154.142 Y30.059 E2.31932
G1 X153.636 Y30.059 E.01505
G1 X209.291 Y85.714 E2.3406
G1 X209.291 Y86.22 E.01505
G1 X153.13 Y30.059 E2.36188
G1 X152.624 Y30.059 E.01505
G1 X209.291 Y86.726 E2.38316
G1 X209.291 Y87.232 E.01505
G1 X152.118 Y30.059 E2.40444
G1 X151.613 Y30.059 E.01502
G1 X209.291 Y87.737 E2.42568
G1 X209.291 Y88.243 E.01505
G1 X151.107 Y30.059 E2.44696
G1 X150.601 Y30.059 E.01505
G1 X209.291 Y88.749 E2.46824
G1 X209.291 Y89.255 E.01505
G1 X150.095 Y30.059 E2.48952
G1 X149.59 Y30.059 E.01502
G1 X209.291 Y89.76 E2.51075
G1 X209.291 Y90.266 E.01505
G1 X149.084 Y30.059 E2.53203
G1 X148.578 Y30.059 E.01505
G1 X209.291 Y90.772 E2.55331
G1 X209.291 Y91.278 E.01505
G1 X148.072 Y30.059 E2.57459
G1 X147.566 Y30.059 E.01505
G1 X209.291 Y91.784 E2.59587
G1 X209.291 Y92.289 E.01502
G1 X147.061 Y30.059 E2.61711
G1 X146.555 Y30.059 E.01505
G1 X209.291 Y92.795 E2.63839
G1 X209.291 Y93.301 E.01505
G1 X146.049 Y30.059 E2.65967
G1 X145.543 Y30.059 E.01505
G1 X209.291 Y93.807 E2.68095
G1 X209.291 Y94.312 E.01502
G1 X145.038 Y30.059 E2.70219
G1 X144.532 Y30.059 E.01505
G1 X209.291 Y94.818 E2.72347
G1 X209.291 Y95.324 E.01505
G1 X144.026 Y30.059 E2.74475
G1 X143.52 Y30.059 E.01505
G1 X209.291 Y95.83 E2.76603
G1 X209.291 Y96.336 E.01505
G1 X143.014 Y30.059 E2.78731
G1 X142.509 Y30.059 E.01502
G1 X209.291 Y96.841 E2.80855
G1 X209.291 Y97.347 E.01505
G1 X142.003 Y30.059 E2.82983
G1 X141.497 Y30.059 E.01505
G1 X209.291 Y97.853 E2.85111
G1 X209.291 Y98.359 E.01505
G1 X140.991 Y30.059 E2.87239
G1 X140.486 Y30.059 E.01502
G1 X209.291 Y98.864 E2.89363
G1 X209.291 Y99.37 E.01505
G1 X139.98 Y30.059 E2.91491
G1 X139.474 Y30.059 E.01505
G1 X209.291 Y99.876 E2.93619
G1 X209.291 Y100.382 E.01505
G1 X138.968 Y30.059 E2.95747
G1 X138.462 Y30.059 E.01505
G1 X209.291 Y100.888 E2.97875
G1 X209.291 Y101.393 E.01502
G1 X137.957 Y30.059 E2.99999
G1 X137.451 Y30.059 E.01505
G1 X209.291 Y101.899 E3.02127
G1 X209.291 Y102.405 E.01505
G1 X136.945 Y30.059 E3.04255
G1 X136.439 Y30.059 E.01505
G1 X209.291 Y102.911 E3.06383
G1 X209.291 Y103.416 E.01502
G1 X135.934 Y30.059 E3.08506
G1 X135.428 Y30.059 E.01505
G1 X209.291 Y103.922 E3.10634
G1 X209.291 Y104.428 E.01505
G1 X134.922 Y30.059 E3.12762
G1 X134.416 Y30.059 E.01505
G1 X209.291 Y104.934 E3.1489
G1 X209.291 Y105.44 E.01505
G1 X133.91 Y30.059 E3.17018
G1 X133.405 Y30.059 E.01502
G1 X209.291 Y105.945 E3.19142
G1 X209.291 Y106.451 E.01505
G1 X132.899 Y30.059 E3.2127
G1 X132.393 Y30.059 E.01505
G1 X209.291 Y106.957 E3.23398
G1 X209.291 Y107.463 E.01505
G1 X131.887 Y30.059 E3.25526
G1 X131.382 Y30.059 E.01502
G1 X209.291 Y107.968 E3.2765
G1 X209.291 Y108.474 E.01505
G1 X130.876 Y30.059 E3.29778
G1 X130.37 Y30.059 E.01505
G1 X209.291 Y108.98 E3.31906
G1 X209.291 Y109.486 E.01505
G1 X129.864 Y30.059 E3.34034
G1 X129.358 Y30.059 E.01505
G1 X209.291 Y109.992 E3.36162
G1 X209.291 Y110.497 E.01502
G1 X128.853 Y30.059 E3.38286
G1 X128.347 Y30.059 E.01505
G1 X209.291 Y111.003 E3.40414
G1 X209.291 Y111.509 E.01505
G1 X127.841 Y30.059 E3.42542
G1 X127.335 Y30.059 E.01505
G1 X209.291 Y112.015 E3.4467
G1 X209.291 Y112.52 E.01502
G1 X126.83 Y30.059 E3.46794
G1 X126.324 Y30.059 E.01505
G1 X209.291 Y113.026 E3.48922
G1 X209.291 Y113.532 E.01505
G1 X125.818 Y30.059 E3.5105
G1 X125.312 Y30.059 E.01505
G1 X209.291 Y114.038 E3.53178
G1 X209.291 Y114.544 E.01505
G1 X124.806 Y30.059 E3.55306
G1 X124.301 Y30.059 E.01502
G1 X209.291 Y115.049 E3.5743
G1 X209.291 Y115.555 E.01505
G1 X123.795 Y30.059 E3.59558
G1 X123.289 Y30.059 E.01505
G1 X209.291 Y116.061 E3.61686
G1 X209.291 Y116.567 E.01505
G1 X122.783 Y30.059 E3.63814
G1 X122.278 Y30.059 E.01502
G1 X209.291 Y117.072 E3.65937
G1 X209.291 Y117.578 E.01505
G1 X121.772 Y30.059 E3.68065
G1 X121.266 Y30.059 E.01505
G1 X209.291 Y118.084 E3.70193
G1 X209.291 Y118.59 E.01505
G1 X120.76 Y30.059 E3.72321
G1 X120.254 Y30.059 E.01505
G1 X209.291 Y119.096 E3.74449
G1 X209.291 Y119.601 E.01502
G1 X119.749 Y30.059 E3.76573
G1 X119.243 Y30.059 E.01505
G1 X209.291 Y120.107 E3.78701
G1 X209.291 Y120.613 E.01505
G1 X118.737 Y30.059 E3.80829
G1 X118.231 Y30.059 E.01505
G1 X209.291 Y121.119 E3.82957
G1 X209.291 Y121.624 E.01502
G1 X117.726 Y30.059 E3.85081
G1 X117.22 Y30.059 E.01505
G1 X209.291 Y122.13 E3.87209
G1 X209.291 Y122.636 E.01505
G1 X116.714 Y30.059 E3.89337
G1 X116.208 Y30.059 E.01505
G1 X209.291 Y123.142 E3.91465
G1 X209.291 Y123.648 E.01505
G1 X115.703 Y30.059 E3.93591
G1 X115.197 Y30.059 E.01505
G1 X209.291 Y124.153 E3.95717
G1 X209.291 Y124.659 E.01505
G1 X114.691 Y30.059 E3.97845
G1 X114.185 Y30.059 E.01505
G1 X209.291 Y125.165 E3.99973
G1 X209.291 Y125.671 E.01505
G1 X113.679 Y30.059 E4.02101
G1 X113.174 Y30.059 E.01502
G1 X209.291 Y126.176 E4.04225
G1 X209.291 Y126.682 E.01505
G1 X112.668 Y30.059 E4.06353
G1 X112.162 Y30.059 E.01505
G1 X209.291 Y127.188 E4.08481
G1 X209.291 Y127.694 E.01505
G1 X111.656 Y30.059 E4.10609
G1 X111.151 Y30.059 E.01502
G1 X209.291 Y128.199 E4.12733
G1 X209.291 Y128.705 E.01505
G1 X110.645 Y30.059 E4.14861
G1 X110.139 Y30.059 E.01505
G1 X209.291 Y129.211 E4.16989
G1 X209.291 Y129.717 E.01505
G1 X109.633 Y30.059 E4.19117
G1 X109.127 Y30.059 E.01505
G1 X209.291 Y130.223 E4.21245
G1 X209.291 Y130.728 E.01502
G1 X108.622 Y30.059 E4.23368
G1 X108.116 Y30.059 E.01505
G1 X209.291 Y131.234 E4.25496
G1 X209.291 Y131.74 E.01505
G1 X107.61 Y30.059 E4.27624
G1 X107.104 Y30.059 E.01505
G1 X209.291 Y132.246 E4.29752
G1 X209.291 Y132.751 E.01502
G1 X106.599 Y30.059 E4.31876
G1 X106.093 Y30.059 E.01505
G1 X209.291 Y133.257 E4.34004
G1 X209.291 Y133.763 E.01505
G1 X105.587 Y30.059 E4.36132
G1 X105.081 Y30.059 E.01505
G1 X209.291 Y134.269 E4.3826
G1 X209.291 Y134.775 E.01505
G1 X104.575 Y30.059 E4.40388
G1 X104.07 Y30.059 E.01502
G1 X209.291 Y135.28 E4.42512
G1 X209.291 Y135.786 E.01505
G1 X103.564 Y30.059 E4.4464
G1 X103.058 Y30.059 E.01505
G1 X209.291 Y136.292 E4.46768
G1 X209.291 Y136.798 E.01505
G1 X102.552 Y30.059 E4.48896
G1 X102.047 Y30.059 E.01502
G1 X209.291 Y137.303 E4.5102
G1 X209.291 Y137.809 E.01505
G1 X101.541 Y30.059 E4.53148
G1 X101.035 Y30.059 E.01505
G1 X209.291 Y138.315 E4.55276
G1 X209.291 Y138.821 E.01505
G1 X100.529 Y30.059 E4.57404
G1 X100.023 Y30.059 E.01505
G1 X209.291 Y139.327 E4.59532
G1 X209.291 Y139.832 E.01502
G1 X99.518 Y30.059 E4.61656
G1 X99.012 Y30.059 E.01505
G1 X209.291 Y140.338 E4.63784
G1 X209.291 Y140.844 E.01505
G1 X98.506 Y30.059 E4.65912
G1 X98 Y30.059 E.01505
G1 X209.291 Y141.35 E4.6804
G1 X209.291 Y141.855 E.01502
G1 X97.495 Y30.059 E4.70164
G1 X96.989 Y30.059 E.01505
G1 X209.291 Y142.361 E4.72292
G1 X209.291 Y142.867 E.01505
G1 X96.483 Y30.059 E4.7442
G1 X95.977 Y30.059 E.01505
G1 X209.291 Y143.373 E4.76548
G1 X209.291 Y143.879 E.01505
G1 X95.471 Y30.059 E4.78676
G1 X94.966 Y30.059 E.01502
G1 X209.291 Y144.384 E4.80799
G1 X209.291 Y144.89 E.01505
G1 X94.46 Y30.059 E4.82927
G1 X93.954 Y30.059 E.01505
G1 X209.291 Y145.396 E4.85055
G1 X209.291 Y145.902 E.01505
G1 X93.448 Y30.059 E4.87183
G1 X92.943 Y30.059 E.01502
G1 X209.291 Y146.407 E4.89307
G1 X209.291 Y146.913 E.01505
G1 X92.437 Y30.059 E4.91435
G1 X91.931 Y30.059 E.01505
G1 X209.291 Y147.419 E4.93563
G1 X209.291 Y147.925 E.01505
G1 X91.425 Y30.059 E4.95691
G1 X90.919 Y30.059 E.01505
G1 X209.291 Y148.431 E4.97819
G1 X209.291 Y148.936 E.01502
G1 X90.414 Y30.059 E4.99943
G1 X89.908 Y30.059 E.01505
G1 X209.291 Y149.442 E5.02071
G1 X209.291 Y149.948 E.01505
G1 X89.402 Y30.059 E5.04199
G1 X88.896 Y30.059 E.01505
G1 X209.291 Y150.454 E5.06327
G1 X209.291 Y150.959 E.01502
G1 X88.391 Y30.059 E5.08451
G1 X87.885 Y30.059 E.01505
G1 X209.291 Y151.465 E5.10579
G1 X209.291 Y151.971 E.01505
G1 X87.379 Y30.059 E5.12707
G1 X86.873 Y30.059 E.01505
G1 X209.291 Y152.477 E5.14835
G1 X209.291 Y152.983 E.01505
G1 X86.367 Y30.059 E5.16963
G1 X85.862 Y30.059 E.01502
G1 X209.291 Y153.488 E5.19087
G1 X209.291 Y153.994 E.01505
G1 X85.356 Y30.059 E5.21215
G1 X84.85 Y30.059 E.01505
G1 X209.291 Y154.5 E5.23343
G1 X209.291 Y155.006 E.01505
G1 X84.344 Y30.059 E5.25471
G1 X83.839 Y30.059 E.01502
G1 X209.291 Y155.511 E5.27595
G1 X209.291 Y156.017 E.01505
G1 X83.333 Y30.059 E5.29723
G1 X82.827 Y30.059 E.01505
G1 X209.291 Y156.523 E5.31851
G1 X209.291 Y157.029 E.01505
G1 X82.321 Y30.059 E5.33979
G1 X81.815 Y30.059 E.01505
G1 X209.291 Y157.535 E5.36107
G1 X209.291 Y158.04 E.01502
G1 X81.31 Y30.059 E5.3823
G1 X80.804 Y30.059 E.01505
G1 X209.291 Y158.546 E5.40358
G1 X209.291 Y159.052 E.01505
G1 X80.298 Y30.059 E5.42486
G1 X79.792 Y30.059 E.01505
G1 X209.291 Y159.558 E5.44614
G1 X209.291 Y160.063 E.01502
G1 X79.287 Y30.059 E5.46738
G1 X78.781 Y30.059 E.01505
G1 X209.291 Y160.569 E5.48866
G1 X209.291 Y161.075 E.01505
G1 X78.275 Y30.059 E5.50994
G1 X77.769 Y30.059 E.01505
G1 X209.291 Y161.581 E5.53122
G1 X209.291 Y162.087 E.01505
G1 X77.263 Y30.059 E5.5525
G1 X76.758 Y30.059 E.01502
G1 X209.291 Y162.592 E5.57374
G1 X209.291 Y163.098 E.01505
G1 X76.252 Y30.059 E5.59502
G1 X75.746 Y30.059 E.01505
G1 X209.291 Y163.604 E5.6163
G1 X209.291 Y164.11 E.01505
G1 X75.24 Y30.059 E5.63758
G1 X74.735 Y30.059 E.01502
G1 X209.291 Y164.615 E5.65882
G1 X209.291 Y165.121 E.01505
G1 X74.229 Y30.059 E5.6801
G1 X73.723 Y30.059 E.01505
G1 X209.291 Y165.627 E5.70138
G1 X209.291 Y166.133 E.01505
G1 X73.217 Y30.059 E5.72266
G1 X72.711 Y30.059 E.01505
G1 X209.291 Y166.639 E5.74394
G1 X209.291 Y167.144 E.01502
G1 X72.206 Y30.059 E5.76518
G1 X71.7 Y30.059 E.01505
G1 X209.291 Y167.65 E5.78646
G1 X209.291 Y168.156 E.01505
G1 X71.194 Y30.059 E5.80774
G1 X70.688 Y30.059 E.01505
G1 X209.291 Y168.662 E5.82902
G1 X209.291 Y169.167 E.01502
G1 X70.183 Y30.059 E5.85025
G1 X69.677 Y30.059 E.01505
G1 X209.291 Y169.673 E5.87153
G1 X209.291 Y170.179 E.01505
G1 X69.171 Y30.059 E5.89281
G1 X68.665 Y30.059 E.01505
G1 X209.291 Y170.685 E5.9141
G1 X209.291 Y171.19 E.01502
G1 X68.16 Y30.059 E5.93533
G1 X67.654 Y30.059 E.01505
G1 X209.251 Y171.656 E5.95493
G1 X209.196 Y171.836 E.0056
G1 X209.103 Y172.014 E.00597
G1 X67.148 Y30.059 E5.96999
G1 X66.642 Y30.059 E.01505
G1 X208.88 Y172.296 E5.98187
G1 X208.627 Y172.549 E.01064
G1 X66.136 Y30.059 E5.99251
G1 X65.631 Y30.059 E.01502
G1 X208.374 Y172.802 E6.00313
G1 X208.121 Y173.055 E.01064
G1 X65.125 Y30.059 E6.01377
G1 X64.619 Y30.059 E.01505
G1 X207.868 Y173.308 E6.02441
G1 X207.615 Y173.561 E.01064
G1 X64.113 Y30.059 E6.03505
G1 X63.608 Y30.059 E.01502
G1 X207.362 Y173.814 E6.04567
G1 X207.109 Y174.067 E.01064
G1 X63.102 Y30.059 E6.05631
G1 X62.596 Y30.059 E.01505
G1 X206.856 Y174.319 E6.06692
G1 X206.604 Y174.572 E.01062
G1 X62.09 Y30.059 E6.07759
G1 X61.584 Y30.059 E.01505
G1 X206.351 Y174.825 E6.08823
G1 X206.098 Y175.078 E.01064
G1 X61.079 Y30.059 E6.09884
G1 X60.573 Y30.059 E.01505
G1 X205.845 Y175.331 E6.10948
G1 X205.592 Y175.584 E.01064
G1 X60.067 Y30.059 E6.12012
G1 X59.561 Y30.059 E.01505
G1 X205.339 Y175.837 E6.13076
G1 X205.086 Y176.09 E.01064
G1 X59.056 Y30.059 E6.14138
G1 X58.55 Y30.059 E.01505
G1 X204.833 Y176.343 E6.15202
G1 X204.58 Y176.595 E.01062
G1 X58.044 Y30.059 E6.16264
G1 X57.538 Y30.059 E.01505
G1 X204.328 Y176.848 E6.1733
G1 X204.075 Y177.101 E.01064
G1 X57.032 Y30.059 E6.18394
G1 X56.527 Y30.059 E.01502
G1 X203.822 Y177.354 E6.19456
G1 X203.569 Y177.607 E.01064
G1 X56.021 Y30.059 E6.2052
G1 X55.515 Y30.059 E.01505
G1 X203.316 Y177.86 E6.21584
G1 X203.063 Y178.113 E.01064
G1 X55.009 Y30.059 E6.22648
G1 X54.504 Y30.059 E.01502
G1 X202.81 Y178.366 E6.2371
G1 X202.557 Y178.619 E.01064
G1 X53.998 Y30.059 E6.24774
G1 X53.492 Y30.059 E.01505
G1 X202.304 Y178.871 E6.25836
G1 X202.052 Y179.124 E.01062
G1 X52.986 Y30.059 E6.26902
G1 X52.48 Y30.059 E.01505
G1 X201.799 Y179.377 E6.27966
G1 X201.546 Y179.63 E.01064
G1 X51.975 Y30.059 E6.29028
G1 X51.469 Y30.059 E.01505
G1 X201.293 Y179.883 E6.30092
G1 X201.04 Y180.136 E.01064
G1 X50.963 Y30.059 E6.31156
G1 X50.457 Y30.059 E.01505
G1 X200.787 Y180.389 E6.3222
G1 X200.534 Y180.642 E.01064
G1 X49.952 Y30.059 E6.33282
G1 X49.446 Y30.059 E.01505
G1 X200.281 Y180.895 E6.34346
G1 X200.028 Y181.147 E.01062
G1 X48.94 Y30.059 E6.35408
G1 X48.434 Y30.059 E.01505
G1 X199.776 Y181.4 E6.36474
G1 X199.523 Y181.653 E.01064
G1 X47.928 Y30.059 E6.37538
G1 X47.423 Y30.059 E.01502
G1 X199.27 Y181.906 E6.386
G1 X199.017 Y182.159 E.01064
G1 X46.917 Y30.059 E6.39664
G1 X46.411 Y30.059 E.01505
G1 X198.764 Y182.412 E6.40728
G1 X198.511 Y182.665 E.01064
G1 X45.905 Y30.059 E6.41792
G1 X45.4 Y30.059 E.01502
G1 X198.258 Y182.918 E6.42854
G1 X198.005 Y183.171 E.01064
G1 X44.894 Y30.059 E6.43918
G1 X44.388 Y30.059 E.01505
G1 X197.752 Y183.423 E6.4498
G1 X197.5 Y183.676 E.01062
G1 X43.882 Y30.059 E6.46046
G1 X43.376 Y30.059 E.01505
G1 X197.247 Y183.929 E6.4711
G1 X196.994 Y184.182 E.01064
G1 X42.871 Y30.059 E6.48172
G1 X42.365 Y30.059 E.01505
G1 X196.741 Y184.435 E6.49236
G1 X196.488 Y184.688 E.01064
G1 X41.859 Y30.059 E6.503
G1 X41.353 Y30.059 E.01505
G1 X196.235 Y184.941 E6.51364
G1 X195.982 Y185.194 E.01064
G1 X40.848 Y30.059 E6.52426
G1 X40.342 Y30.059 E.01505
G1 X195.729 Y185.446 E6.53488
G1 X195.476 Y185.699 E.01064
G1 X39.836 Y30.059 E6.54552
G1 X39.33 Y30.059 E.01505
G1 X195.224 Y185.952 E6.55618
G1 X194.971 Y186.205 E.01064
G1 X38.824 Y30.059 E6.56682
G1 X38.319 Y30.059 E.01502
G1 X194.718 Y186.458 E6.57744
G1 X194.465 Y186.711 E.01064
G1 X37.813 Y30.059 E6.58808
G1 X37.307 Y30.059 E.01505
G1 X194.212 Y186.964 E6.59872
G1 X193.959 Y187.217 E.01064
G1 X36.801 Y30.059 E6.60936
G1 X36.296 Y30.059 E.01502
G1 X193.706 Y187.47 E6.61998
G1 X193.453 Y187.722 E.01062
G1 X35.79 Y30.059 E6.63059
G1 X35.284 Y30.059 E.01505
G1 X193.2 Y187.975 E6.64123
G1 X192.948 Y188.228 E.01062
G1 X34.778 Y30.059 E6.6519
G1 X34.272 Y30.059 E.01505
G1 X192.695 Y188.481 E6.66254
G1 X192.442 Y188.734 E.01064
G1 X33.767 Y30.059 E6.67315
G1 X33.261 Y30.059 E.01505
G1 X192.189 Y188.987 E6.68379
G1 X191.936 Y189.24 E.01064
G1 X32.755 Y30.059 E6.69443
G1 X32.249 Y30.059 E.01505
G1 X191.683 Y189.493 E6.70507
G1 X191.43 Y189.746 E.01064
G1 X31.769 Y30.084 E6.71464
G1 X31.563 Y30.136 E.00632
G1 X31.392 Y30.213 E.00558
G1 X191.177 Y189.998 E6.71984
G1 X190.924 Y190.251 E.01064
G1 X31.099 Y30.426 E6.72152
G1 X30.846 Y30.678 E.01062
G1 X190.672 Y190.504 E6.72156
G1 X190.419 Y190.757 E.01064
G1 X30.593 Y30.931 E6.72156
G1 X30.34 Y31.184 E.01064
G1 X190.166 Y191.01 E6.72156
G1 X189.913 Y191.263 E.01064
G1 X30.087 Y31.437 E6.72156
G1 X29.834 Y31.69 E.01064
G1 X189.66 Y191.516 E6.72156
G1 X189.407 Y191.769 E.01064
G1 X29.581 Y31.943 E6.72156
G1 X29.328 Y32.196 E.01064
G1 X189.154 Y192.022 E6.72156
G1 X188.901 Y192.274 E.01062
G1 X29.076 Y32.449 E6.72152
G1 X28.823 Y32.702 E.01064
G1 X188.608 Y192.487 E6.71984
G1 X188.437 Y192.564 E.00558
G1 X188.231 Y192.616 E.00632
G1 X28.57 Y32.954 E6.71464
G1 X28.317 Y33.207 E.01064
G1 X187.751 Y192.641 E6.70507
G1 X187.245 Y192.641 E.01505
G1 X28.064 Y33.46 E6.69443
G1 X27.811 Y33.713 E.01064
G1 X186.739 Y192.641 E6.68379
G1 X186.233 Y192.641 E.01505
G1 X27.558 Y33.966 E6.67315
G1 X27.305 Y34.219 E.01064
G1 X185.728 Y192.641 E6.66254
G1 X185.222 Y192.641 E.01505
G1 X27.052 Y34.472 E6.6519
G1 X26.8 Y34.725 E.01062
G1 X184.716 Y192.641 E6.64123
G1 X184.21 Y192.641 E.01505
G1 X26.547 Y34.978 E6.63059
G1 X26.294 Y35.23 E.01062
G1 X183.704 Y192.641 E6.61998
G1 X183.199 Y192.641 E.01502
G1 X26.041 Y35.483 E6.60936
G1 X25.788 Y35.736 E.01064
G1 X182.693 Y192.641 E6.59872
G1 X182.187 Y192.641 E.01505
G1 X25.535 Y35.989 E6.58808
G1 X25.282 Y36.242 E.01064
G1 X181.681 Y192.641 E6.57744
G1 X181.176 Y192.641 E.01502
G1 X25.029 Y36.495 E6.56682
G1 X24.776 Y36.748 E.01064
G1 X180.67 Y192.641 E6.55618
G1 X180.164 Y192.641 E.01505
G1 X24.524 Y37.001 E6.54552
G1 X24.271 Y37.254 E.01064
G1 X179.658 Y192.641 E6.53488
G1 X179.152 Y192.641 E.01505
G1 X24.018 Y37.506 E6.52426
G1 X23.765 Y37.759 E.01064
G1 X178.647 Y192.641 E6.51364
G1 X178.141 Y192.641 E.01505
G1 X23.512 Y38.012 E6.503
G1 X23.259 Y38.265 E.01064
G1 X177.635 Y192.641 E6.49236
G1 X177.129 Y192.641 E.01505
G1 X23.006 Y38.518 E6.48172
G1 X22.753 Y38.771 E.01064
G1 X176.624 Y192.641 E6.4711
G1 X176.118 Y192.641 E.01505
G1 X22.5 Y39.024 E6.46046
G1 X22.248 Y39.277 E.01062
G1 X175.612 Y192.641 E6.4498
G1 X175.106 Y192.641 E.01505
G1 X21.995 Y39.53 E6.43916
G1 X21.742 Y39.782 E.01062
G1 X174.6 Y192.641 E6.42854
G1 X174.095 Y192.641 E.01502
G1 X21.489 Y40.035 E6.41792
G1 X21.236 Y40.288 E.01064
G1 X173.589 Y192.641 E6.40728
G1 X173.083 Y192.641 E.01505
G1 X20.983 Y40.541 E6.39664
G1 X20.73 Y40.794 E.01064
G1 X172.577 Y192.641 E6.386
G1 X172.072 Y192.641 E.01502
G1 X20.477 Y41.047 E6.37538
G1 X20.224 Y41.3 E.01064
G1 X171.566 Y192.641 E6.36474
G1 X171.06 Y192.641 E.01505
G1 X19.972 Y41.553 E6.35408
G1 X19.719 Y41.806 E.01064
G1 X170.554 Y192.641 E6.34344
G1 X170.048 Y192.641 E.01505
G1 X168.907 Y191.499 E.04801
G1 X168.907 Y192.006 E.01508
G1 X169.543 Y192.641 E.02673
G1 X169.037 Y192.641 E.01505
G1 X168.747 Y192.351 E.0122
M204 S8000
G1 X168.008 Y190.6 F24000
M204 S5000
G1 F7200
G1 X19.466 Y42.058 E6.24701
G1 X19.213 Y42.311 E.01064
G1 X167.341 Y190.44 E6.22962
G1 X166.835 Y190.44 E.01505
G1 X18.96 Y42.564 E6.21898
G1 X18.707 Y42.817 E.01064
G1 X166.33 Y190.44 E6.20836
G1 X165.824 Y190.44 E.01505
G1 X18.454 Y43.07 E6.19772
G1 X18.201 Y43.323 E.01064
G1 X165.318 Y190.44 E6.18708
G1 X164.812 Y190.44 E.01505
G1 X17.948 Y43.576 E6.17644
G1 X17.696 Y43.829 E.01062
G1 X164.306 Y190.44 E6.16578
G1 X163.801 Y190.439 E.01502
G1 X17.443 Y44.082 E6.15514
G1 X17.19 Y44.334 E.01062
G1 X163.295 Y190.439 E6.14452
G1 X162.789 Y190.439 E.01505
G1 X16.937 Y44.587 E6.13388
G1 X16.684 Y44.84 E.01064
G1 X162.283 Y190.439 E6.12324
G1 X161.777 Y190.439 E.01505
G1 X16.431 Y45.093 E6.1126
G1 X16.178 Y45.346 E.01064
G1 X161.272 Y190.439 E6.10198
G1 X160.766 Y190.439 E.01505
G1 X15.925 Y45.599 E6.09134
G1 X15.672 Y45.852 E.01064
G1 X160.26 Y190.439 E6.0807
G1 X159.754 Y190.439 E.01505
G1 X15.42 Y46.105 E6.07004
G1 X15.167 Y46.357 E.01062
G1 X159.249 Y190.439 E6.05944
G1 X158.743 Y190.439 E.01505
G1 X14.914 Y46.61 E6.0488
G1 X14.661 Y46.863 E.01064
G1 X158.237 Y190.439 E6.03816
G1 X157.731 Y190.439 E.01505
G1 X14.408 Y47.116 E6.02752
G1 X14.155 Y47.369 E.01064
G1 X157.225 Y190.439 E6.01688
G1 X156.72 Y190.439 E.01502
G1 X13.902 Y47.622 E6.00626
G1 X13.649 Y47.875 E.01064
G1 X156.214 Y190.439 E5.99562
G1 X155.708 Y190.439 E.01505
G1 X13.396 Y48.128 E5.98498
G1 X13.144 Y48.381 E.01062
G1 X155.202 Y190.439 E5.97432
G1 X154.696 Y190.439 E.01505
G1 X12.891 Y48.633 E5.9637
G1 X12.638 Y48.886 E.01064
G1 X154.191 Y190.439 E5.95308
G1 X153.685 Y190.439 E.01505
G1 X12.385 Y49.139 E5.94244
G1 X12.132 Y49.392 E.01064
G1 X153.179 Y190.439 E5.9318
G1 X152.673 Y190.439 E.01505
G1 X11.879 Y49.645 E5.92116
G1 X11.626 Y49.898 E.01064
G1 X152.167 Y190.439 E5.91052
G1 X151.662 Y190.439 E.01502
G1 X11.373 Y50.151 E5.8999
G1 X11.12 Y50.404 E.01064
G1 X151.156 Y190.439 E5.88926
G1 X150.65 Y190.439 E.01505
G1 X10.897 Y50.686 E5.87738
G1 X10.804 Y50.864 E.00597
G1 X10.749 Y51.044 E.0056
G1 X150.144 Y190.439 E5.86232
G1 X149.638 Y190.439 E.01505
G1 X10.709 Y51.51 E5.84273
G1 X10.709 Y52.015 E.01502
G1 X149.133 Y190.439 E5.82149
G1 X148.627 Y190.439 E.01505
G1 X10.709 Y52.521 E5.80021
G1 X10.709 Y53.027 E.01505
G1 X148.121 Y190.439 E5.77893
G1 X147.615 Y190.439 E.01505
G1 X10.709 Y53.533 E5.75765
G1 X10.709 Y54.038 E.01502
G1 X147.109 Y190.439 E5.73639
G1 X146.604 Y190.439 E.01502
G1 X10.709 Y54.544 E5.71513
G1 X10.709 Y55.05 E.01505
G1 X146.098 Y190.439 E5.69385
G1 X145.592 Y190.439 E.01505
G1 X10.709 Y55.556 E5.67257
G1 X10.709 Y56.062 E.01505
G1 X145.086 Y190.439 E5.65129
G1 X144.58 Y190.439 E.01505
G1 X10.709 Y56.567 E5.63003
G1 X10.709 Y57.073 E.01505
G1 X144.075 Y190.439 E5.60877
G1 X143.569 Y190.439 E.01505
G1 X10.709 Y57.579 E5.58749
G1 X10.709 Y58.085 E.01505
G1 X143.063 Y190.439 E5.56621
G1 X142.557 Y190.439 E.01505
G1 X10.709 Y58.59 E5.54495
G1 X10.709 Y59.096 E.01505
G1 X142.052 Y190.439 E5.52369
G1 X141.546 Y190.439 E.01505
G1 X10.709 Y59.602 E5.50241
G1 X10.709 Y60.108 E.01505
G1 X141.04 Y190.439 E5.48113
G1 X140.534 Y190.439 E.01505
G1 X10.709 Y60.614 E5.45985
G1 X10.709 Y61.119 E.01502
G1 X140.028 Y190.439 E5.43859
G1 X139.523 Y190.439 E.01502
G1 X10.709 Y61.625 E5.41734
G1 X10.709 Y62.131 E.01505
G1 X139.017 Y190.439 E5.39606
G1 X138.511 Y190.439 E.01505
G1 X10.709 Y62.637 E5.37478
G1 X10.709 Y63.142 E.01502
G1 X138.005 Y190.439 E5.35352
G1 X137.499 Y190.439 E.01505
G1 X10.709 Y63.648 E5.33224
G1 X10.709 Y64.154 E.01505
G1 X136.994 Y190.439 E5.31098
G1 X136.488 Y190.439 E.01505
G1 X10.709 Y64.66 E5.2897
G1 X10.709 Y65.165 E.01502
G1 X135.982 Y190.439 E5.26844
G1 X135.476 Y190.439 E.01505
G1 X10.709 Y65.671 E5.24716
G1 X10.709 Y66.177 E.01505
G1 X134.97 Y190.438 E5.22586
G1 X134.465 Y190.438 E.01502
G1 X10.709 Y66.683 E5.2046
G1 X10.709 Y67.189 E.01505
G1 X133.959 Y190.438 E5.18332
G1 X133.453 Y190.438 E.01505
G1 X10.709 Y67.694 E5.16206
G1 X10.709 Y68.2 E.01505
G1 X132.947 Y190.438 E5.14078
G1 X132.441 Y190.438 E.01505
G1 X10.709 Y68.706 E5.1195
G1 X10.709 Y69.212 E.01505
G1 X131.936 Y190.438 E5.09824
G1 X131.43 Y190.438 E.01505
G1 X10.709 Y69.717 E5.07698
G1 X10.709 Y70.223 E.01505
G1 X130.924 Y190.438 E5.0557
G1 X130.418 Y190.438 E.01505
G1 X10.709 Y70.729 E5.03442
G1 X10.709 Y71.235 E.01505
G1 X129.912 Y190.438 E5.01314
G1 X129.407 Y190.438 E.01502
G1 X10.709 Y71.741 E4.99188
G1 X10.709 Y72.246 E.01502
G1 X128.901 Y190.438 E4.97062
G1 X128.395 Y190.438 E.01505
G1 X10.709 Y72.752 E4.94934
G1 X10.709 Y73.258 E.01505
G1 X127.889 Y190.438 E4.92806
G1 X127.383 Y190.438 E.01505
G1 X10.709 Y73.764 E4.90678
G1 X10.709 Y74.269 E.01502
G1 X126.878 Y190.438 E4.88554
G1 X126.372 Y190.438 E.01505
G1 X10.709 Y74.775 E4.86426
G1 X10.709 Y75.281 E.01505
G1 X125.866 Y190.438 E4.84298
G1 X125.36 Y190.438 E.01505
G1 X10.709 Y75.787 E4.8217
G1 X10.709 Y76.293 E.01505
G1 X124.855 Y190.438 E4.80044
G1 X124.349 Y190.438 E.01505
G1 X10.709 Y76.798 E4.77919
G1 X10.709 Y77.304 E.01505
G1 X123.843 Y190.438 E4.75791
G1 X123.337 Y190.438 E.01505
G1 X10.709 Y77.81 E4.73663
G1 X10.709 Y78.316 E.01505
G1 X122.831 Y190.438 E4.71535
G1 X122.326 Y190.438 E.01502
G1 X10.709 Y78.821 E4.69411
G1 X10.709 Y79.327 E.01505
G1 X121.82 Y190.438 E4.67283
G1 X121.314 Y190.438 E.01505
G1 X10.709 Y79.833 E4.65155
G1 X10.709 Y80.339 E.01505
G1 X120.808 Y190.438 E4.63027
G1 X120.302 Y190.438 E.01505
G1 X10.709 Y80.845 E4.60899
G1 X10.709 Y81.35 E.01502
G1 X119.797 Y190.438 E4.58775
G1 X119.291 Y190.438 E.01505
G1 X10.709 Y81.856 E4.56647
G1 X10.709 Y82.362 E.01505
G1 X118.785 Y190.438 E4.54519
G1 X118.279 Y190.438 E.01505
G1 X10.709 Y82.868 E4.52391
G1 X10.709 Y83.373 E.01502
G1 X117.773 Y190.438 E4.50265
G1 X117.268 Y190.438 E.01502
G1 X10.709 Y83.879 E4.48139
G1 X10.709 Y84.385 E.01505
G1 X116.762 Y190.438 E4.46011
G1 X116.256 Y190.438 E.01505
G1 X10.709 Y84.891 E4.43883
G1 X10.709 Y85.397 E.01505
G1 X115.75 Y190.438 E4.41755
G1 X115.244 Y190.438 E.01505
G1 X10.709 Y85.902 E4.39629
G1 X10.709 Y86.408 E.01505
G1 X114.739 Y190.438 E4.37503
G1 X114.233 Y190.438 E.01505
G1 X10.709 Y86.914 E4.35375
G1 X10.709 Y87.42 E.01505
G1 X113.727 Y190.438 E4.33247
G1 X113.221 Y190.438 E.01505
G1 X10.709 Y87.925 E4.31121
G1 X10.709 Y88.431 E.01505
G1 X112.715 Y190.438 E4.28993
G1 X112.21 Y190.438 E.01502
G1 X10.709 Y88.937 E4.26867
G1 X10.709 Y89.443 E.01505
G1 X111.704 Y190.438 E4.24739
G1 X111.198 Y190.438 E.01505
G1 X10.709 Y89.949 E4.22611
G1 X10.709 Y90.454 E.01502
G1 X110.692 Y190.438 E4.20485
G1 X110.186 Y190.438 E.01505
G1 X10.709 Y90.96 E4.18357
G1 X10.709 Y91.466 E.01505
G1 X109.681 Y190.438 E4.16232
G1 X109.175 Y190.438 E.01505
G1 X10.709 Y91.972 E4.14104
G1 X10.709 Y92.477 E.01502
G1 X108.669 Y190.438 E4.11978
G1 X108.163 Y190.438 E.01505
G1 X10.709 Y92.983 E4.0985
G1 X10.709 Y93.489 E.01505
G1 X107.658 Y190.438 E4.07724
G1 X107.152 Y190.438 E.01505
G1 X10.709 Y93.995 E4.05596
G1 X10.709 Y94.501 E.01505
G1 X106.646 Y190.438 E4.03468
G1 X106.14 Y190.438 E.01505
G1 X10.709 Y95.006 E4.01342
G1 X10.709 Y95.512 E.01505
G1 X105.635 Y190.438 E3.99216
G1 X105.129 Y190.438 E.01505
G1 X10.709 Y96.018 E3.97088
G1 X10.709 Y96.524 E.01505
G1 X104.623 Y190.438 E3.9496
G1 X104.117 Y190.438 E.01505
G1 X10.709 Y97.029 E3.92834
G1 X10.709 Y97.535 E.01505
G1 X103.612 Y190.438 E3.90708
G1 X103.106 Y190.438 E.01505
G1 X10.709 Y98.041 E3.8858
G1 X10.709 Y98.547 E.01505
G1 X102.6 Y190.438 E3.86452
G1 X102.094 Y190.438 E.01505
G1 X10.709 Y99.053 E3.84324
G1 X10.709 Y99.558 E.01502
G1 X101.589 Y190.438 E3.822
G1 X101.083 Y190.438 E.01505
G1 X10.709 Y100.064 E3.80072
G1 X10.709 Y100.57 E.01505
G1 X100.577 Y190.438 E3.77944
G1 X100.071 Y190.438 E.01505
G1 X10.709 Y101.076 E3.75816
G1 X10.709 Y101.581 E.01502
G1 X99.566 Y190.438 E3.73692
G1 X99.06 Y190.438 E.01505
G1 X10.709 Y102.087 E3.71564
G1 X10.709 Y102.593 E.01505
G1 X98.554 Y190.438 E3.69436
G1 X98.048 Y190.438 E.01505
G1 X10.709 Y103.099 E3.67308
G1 X10.709 Y103.605 E.01505
G1 X97.543 Y190.438 E3.65183
G1 X97.037 Y190.438 E.01505
G1 X10.709 Y104.11 E3.63057
G1 X10.709 Y104.616 E.01505
G1 X96.531 Y190.438 E3.60929
G1 X96.025 Y190.438 E.01505
G1 X10.709 Y105.122 E3.58801
G1 X10.709 Y105.628 E.01505
G1 X95.519 Y190.438 E3.56673
G1 X95.014 Y190.438 E.01502
G1 X10.709 Y106.133 E3.54549
G1 X10.709 Y106.639 E.01505
G1 X94.508 Y190.438 E3.52421
G1 X94.002 Y190.438 E.01505
G1 X10.709 Y107.145 E3.50293
G1 X10.709 Y107.651 E.01505
G1 X93.496 Y190.438 E3.48165
G1 X92.991 Y190.438 E.01502
G1 X10.709 Y108.156 E3.46041
G1 X10.709 Y108.662 E.01505
G1 X92.485 Y190.438 E3.43913
G1 X91.979 Y190.438 E.01505
G1 X10.709 Y109.168 E3.41785
G1 X10.709 Y109.674 E.01505
G1 X91.473 Y190.438 E3.39657
G1 X90.968 Y190.438 E.01502
G1 X10.709 Y110.18 E3.37531
G1 X10.709 Y110.685 E.01502
G1 X90.462 Y190.438 E3.35405
G1 X89.956 Y190.438 E.01505
G1 X10.709 Y111.191 E3.33277
G1 X10.709 Y111.697 E.01505
G1 X89.45 Y190.438 E3.31149
G1 X88.945 Y190.438 E.01502
G1 X10.709 Y112.203 E3.29023
G1 X10.709 Y112.708 E.01502
G1 X88.439 Y190.438 E3.26897
G1 X87.933 Y190.438 E.01505
G1 X10.709 Y113.214 E3.24769
G1 X10.709 Y113.72 E.01505
G1 X87.427 Y190.438 E3.22641
G1 X86.922 Y190.438 E.01502
G1 X10.709 Y114.226 E3.20515
G1 X10.709 Y114.732 E.01505
G1 X86.416 Y190.438 E3.18387
G1 X85.91 Y190.438 E.01505
G1 X10.709 Y115.237 E3.16261
G1 X10.709 Y115.743 E.01505
G1 X85.404 Y190.438 E3.14133
G1 X84.899 Y190.438 E.01502
G1 X10.709 Y116.249 E3.12008
G1 X10.709 Y116.755 E.01505
G1 X84.393 Y190.439 E3.09882
G1 X83.887 Y190.439 E.01505
G1 X10.709 Y117.26 E3.07756
G1 X10.709 Y117.766 E.01505
G1 X83.381 Y190.439 E3.05628
G1 X82.875 Y190.439 E.01505
G1 X10.709 Y118.272 E3.035
G1 X10.709 Y118.778 E.01505
G1 X82.37 Y190.439 E3.01374
G1 X81.864 Y190.439 E.01505
G1 X10.709 Y119.284 E2.99246
G1 X10.709 Y119.789 E.01502
G1 X81.358 Y190.439 E2.9712
G1 X80.852 Y190.439 E.01505
G1 X10.709 Y120.295 E2.94992
G1 X10.709 Y120.801 E.01505
G1 X80.347 Y190.439 E2.92866
G1 X79.841 Y190.439 E.01505
G1 X10.709 Y121.307 E2.90738
G1 X10.709 Y121.812 E.01502
G1 X79.335 Y190.439 E2.88612
G1 X78.829 Y190.439 E.01505
G1 X10.709 Y122.318 E2.86484
G1 X10.709 Y122.824 E.01505
G1 X78.324 Y190.439 E2.84358
G1 X77.818 Y190.439 E.01505
G1 X10.709 Y123.33 E2.8223
G1 X10.709 Y123.836 E.01505
G1 X77.312 Y190.439 E2.80102
G1 X76.806 Y190.439 E.01505
G1 X10.709 Y124.341 E2.77976
G1 X10.709 Y124.847 E.01505
G1 X76.301 Y190.439 E2.7585
G1 X75.795 Y190.439 E.01505
G1 X10.709 Y125.353 E2.73722
G1 X10.709 Y125.859 E.01505
G1 X75.289 Y190.439 E2.71594
G1 X74.783 Y190.439 E.01505
G1 X10.709 Y126.364 E2.69468
G1 X10.709 Y126.87 E.01505
G1 X74.278 Y190.439 E2.67343
G1 X73.772 Y190.439 E.01505
G1 X10.709 Y127.376 E2.65215
G1 X10.709 Y127.882 E.01505
G1 X73.266 Y190.439 E2.63087
G1 X72.76 Y190.439 E.01505
G1 X10.709 Y128.388 E2.60959
G1 X10.709 Y128.893 E.01502
G1 X72.255 Y190.439 E2.58835
G1 X71.749 Y190.439 E.01505
G1 X10.709 Y129.399 E2.56707
G1 X10.709 Y129.905 E.01505
G1 X71.243 Y190.439 E2.54579
G1 X70.737 Y190.439 E.01505
G1 X10.709 Y130.411 E2.52451
G1 X10.709 Y130.916 E.01502
G1 X70.232 Y190.439 E2.50327
G1 X69.726 Y190.439 E.01505
G1 X10.709 Y131.422 E2.48199
G1 X10.709 Y131.928 E.01505
G1 X69.22 Y190.439 E2.46071
G1 X68.714 Y190.439 E.01505
G1 X10.709 Y132.434 E2.43943
G1 X10.709 Y132.94 E.01505
G1 X68.208 Y190.439 E2.41815
G1 X67.703 Y190.439 E.01502
G1 X10.709 Y133.445 E2.39691
G1 X10.709 Y133.951 E.01505
G1 X67.197 Y190.439 E2.37563
G1 X66.691 Y190.439 E.01505
G1 X10.709 Y134.457 E2.35435
G1 X10.709 Y134.963 E.01505
G1 X66.185 Y190.439 E2.33307
G1 X65.68 Y190.439 E.01502
G1 X10.709 Y135.468 E2.31183
G1 X10.709 Y135.974 E.01505
G1 X65.174 Y190.439 E2.29055
G1 X64.668 Y190.439 E.01505
G1 X10.709 Y136.48 E2.26927
G1 X10.709 Y136.986 E.01505
G1 X64.162 Y190.439 E2.24799
G1 X63.657 Y190.439 E.01502
G1 X10.709 Y137.492 E2.22673
G1 X10.709 Y137.997 E.01502
G1 X63.151 Y190.439 E2.20547
G1 X62.645 Y190.439 E.01505
G1 X10.709 Y138.503 E2.18419
G1 X10.709 Y139.009 E.01505
G1 X62.139 Y190.439 E2.16291
G1 X61.634 Y190.439 E.01502
G1 X10.709 Y139.515 E2.14165
G1 X10.709 Y140.02 E.01502
G1 X61.128 Y190.439 E2.1204
G1 X60.622 Y190.439 E.01505
G1 X10.709 Y140.526 E2.09912
G1 X10.709 Y141.032 E.01505
G1 X60.116 Y190.439 E2.07784
G1 X59.611 Y190.439 E.01502
G1 X10.709 Y141.538 E2.05658
G1 X10.709 Y142.044 E.01505
G1 X59.105 Y190.439 E2.0353
G1 X58.599 Y190.439 E.01505
G1 X10.709 Y142.549 E2.01404
G1 X10.709 Y143.055 E.01505
G1 X58.093 Y190.439 E1.99276
G1 X57.588 Y190.439 E.01502
G1 X10.709 Y143.561 E1.9715
G1 X10.709 Y144.067 E.01505
G1 X57.082 Y190.439 E1.95022
G1 X56.576 Y190.439 E.01505
G1 X10.709 Y144.572 E1.92896
G1 X10.709 Y145.078 E.01505
G1 X56.07 Y190.439 E1.90768
G1 X55.565 Y190.44 E.01502
G1 X10.709 Y145.584 E1.88644
G1 X10.709 Y146.09 E.01505
G1 X55.059 Y190.44 E1.86516
G1 X54.553 Y190.44 E.01505
G1 X10.709 Y146.596 E1.84388
G1 X10.709 Y147.101 E.01502
G1 X54.047 Y190.44 E1.82262
G1 X53.541 Y190.44 E.01505
G1 X10.709 Y147.607 E1.80134
G1 X10.709 Y148.113 E.01505
G1 X53.036 Y190.44 E1.78008
G1 X52.53 Y190.44 E.01505
G1 X10.709 Y148.619 E1.7588
G1 X10.709 Y149.124 E.01502
G1 X52.024 Y190.44 E1.73754
G1 X51.912 Y190.44 E.00333
G1 X51.601 Y190.523 E.00957
G1 X10.709 Y149.63 E1.71975
G1 X10.709 Y150.136 E.01505
G1 X51.316 Y190.743 E1.70775
G1 X51.188 Y190.916 E.0064
G1 X51.129 Y191.062 E.00468
G1 X10.709 Y150.642 E1.69988
G1 X10.709 Y151.148 E.01505
G1 X51.093 Y191.532 E1.69837
G1 X51.093 Y192.037 E.01502
G1 X10.709 Y151.653 E1.69837
G1 X10.709 Y152.159 E.01505
G1 X51.092 Y192.542 E1.69833
G1 X51.092 Y192.641 E.00294
G1 X50.685 Y192.641 E.0121
G1 X10.709 Y152.665 E1.68121
G1 X10.709 Y153.171 E.01505
G1 X50.179 Y192.641 E1.65993
G1 X49.674 Y192.641 E.01502
G1 X10.709 Y153.676 E1.63869
G1 X10.709 Y154.182 E.01505
G1 X49.168 Y192.641 E1.61741
G1 X48.662 Y192.641 E.01505
G1 X10.709 Y154.688 E1.59613
G1 X10.709 Y155.194 E.01505
G1 X48.156 Y192.641 E1.57485
G1 X47.651 Y192.641 E.01502
G1 X10.709 Y155.699 E1.55361
G1 X10.709 Y156.205 E.01505
G1 X47.145 Y192.641 E1.53233
G1 X46.639 Y192.641 E.01505
G1 X10.709 Y156.711 E1.51105
G1 X10.709 Y157.217 E.01505
G1 X46.133 Y192.641 E1.48977
G1 X45.627 Y192.641 E.01505
G1 X10.709 Y157.723 E1.46849
G1 X10.709 Y158.228 E.01502
G1 X45.122 Y192.641 E1.44726
G1 X44.616 Y192.641 E.01505
G1 X10.709 Y158.734 E1.42598
G1 X10.709 Y159.24 E.01505
G1 X44.11 Y192.641 E1.4047
G1 X43.604 Y192.641 E.01505
G1 X10.709 Y159.746 E1.38342
G1 X10.709 Y160.251 E.01502
G1 X43.099 Y192.641 E1.36218
G1 X42.593 Y192.641 E.01505
G1 X10.709 Y160.757 E1.3409
G1 X10.709 Y161.263 E.01505
G1 X42.087 Y192.641 E1.31962
G1 X41.581 Y192.641 E.01505
G1 X10.709 Y161.769 E1.29834
G1 X10.709 Y162.275 E.01505
G1 X41.075 Y192.641 E1.27706
G1 X40.57 Y192.641 E.01502
G1 X10.709 Y162.78 E1.25582
G1 X10.709 Y163.286 E.01505
G1 X40.064 Y192.641 E1.23454
G1 X39.558 Y192.641 E.01505
G1 X10.709 Y163.792 E1.21326
G1 X10.709 Y164.298 E.01505
G1 X39.052 Y192.641 E1.19198
G1 X38.547 Y192.641 E.01502
G1 X10.709 Y164.803 E1.17074
G1 X10.709 Y165.309 E.01505
G1 X38.041 Y192.641 E1.14946
G1 X37.535 Y192.641 E.01505
G1 X10.709 Y165.815 E1.12818
G1 X10.709 Y166.321 E.01505
G1 X37.029 Y192.641 E1.1069
G1 X36.523 Y192.641 E.01505
G1 X10.709 Y166.827 E1.08562
G1 X10.709 Y167.332 E.01502
G1 X36.018 Y192.641 E1.06438
G1 X35.512 Y192.641 E.01505
G1 X10.709 Y167.838 E1.0431
G1 X10.709 Y168.344 E.01505
G1 X35.006 Y192.641 E1.02182
G1 X34.5 Y192.641 E.01505
G1 X10.709 Y168.85 E1.00054
G1 X10.709 Y169.355 E.01502
G1 X33.995 Y192.641 E.9793
G1 X33.489 Y192.641 E.01505
G1 X10.709 Y169.861 E.95802
G1 X10.709 Y170.367 E.01505
G1 X32.983 Y192.641 E.93674
G1 X32.477 Y192.641 E.01505
G1 X10.709 Y170.873 E.91546
G1 X10.709 Y171.379 E.01505
G1 X31.971 Y192.641 E.89418
G1 X31.691 Y192.6 E.00842
G1 X31.498 Y192.539 E.00602
G1 X31.33 Y192.45 E.00565
G1 X31.105 Y192.281 E.00837
G1 X10.62 Y171.796 E.86151
G1 E-2 F2400
M204 S8000
G1 X6.753 Y170.477 F24000
G1 E2 F2400
M204 S5000
;TYPE:Solid infill
;WIDTH:0.38292
G1 F9600
G1 X6.734 Y170.548 E.00208
G1 X6.805 Y170.529 E.00208
G1 X6.794 Y170.488 E.0012
;WIDTH:0.41646
G1 X6.866 Y170.581 E.00365
;WIDTH:0.449999
G1 X6.937 Y170.674 E.00396
G1 X32.676 Y196.413 E1.23211
G1 X32.511 Y196.464 E.00585
;WIDTH:0.41646
G1 X32.346 Y196.514 E.00536
;WIDTH:0.38292
G1 X6.836 Y171.004 E1.01993
M204 S8000
G1 X6.937 Y170.098 F24000
M204 S5000
;WIDTH:0.449999
G1 F9600
G1 X33.252 Y196.413 E1.25968
G1 X33.828 Y196.413 E.0195
G1 X6.937 Y169.522 E1.28726
G1 X6.937 Y168.947 E.01946
G1 X34.403 Y196.413 E1.31478
G1 X34.562 Y196.457 E.00558
;WIDTH:0.41646
G1 X34.721 Y196.502 E.00513
;WIDTH:0.38292
G1 X34.732 Y196.543 E.0012
G1 X34.661 Y196.562 E.00208
G1 X34.68 Y196.491 E.00208
G1 E-2 F2400
M204 S8000
G1 X10.732 Y172.28 F24000
G1 E2 F2400
M204 S5000
G1 F9600
G1 X10.842 Y172.415 E.00492
G1 X30.94 Y192.513 E.80355
G1 X31.228 Y192.746 E.01047
G1 X30.94 Y192.513 E.01047
G1 X10.842 Y172.415 E.80355
G1 X10.603 Y172.122 E.01069
;WIDTH:0.41646
G1 X10.502 Y171.978 E.00546
;WIDTH:0.449999
G1 X10.401 Y171.834 E.00595
G1 X6.937 Y168.371 E.1658
G1 X6.937 Y167.795 E.0195
G1 X10.327 Y171.185 E.16228
G1 X10.327 Y170.609 E.0195
G1 X6.937 Y167.22 E.16225
G1 X6.937 Y166.644 E.0195
G1 X10.327 Y170.033 E.16225
G1 X10.327 Y169.458 E.01946
G1 X6.937 Y166.068 E.16228
G1 X6.937 Y165.493 E.01946
G1 X10.327 Y168.882 E.16225
G1 X10.327 Y168.306 E.0195
G1 X6.937 Y164.917 E.16225
G1 X6.937 Y164.341 E.0195
G1 X10.327 Y167.731 E.16228
G1 X10.327 Y167.155 E.0195
G1 X6.937 Y163.766 E.16225
G1 X6.937 Y163.19 E.0195
G1 X10.327 Y166.579 E.16225
G1 X10.327 Y166.004 E.01946
G1 X6.937 Y162.614 E.16228
G1 X6.937 Y162.038 E.0195
G1 X10.327 Y165.428 E.16228
G1 X10.327 Y164.852 E.0195
G1 X6.937 Y161.463 E.16225
G1 X6.937 Y160.887 E.0195
G1 X10.327 Y164.277 E.16228
G1 X10.327 Y163.701 E.0195
G1 X6.937 Y160.311 E.16228
G1 X6.937 Y159.736 E.01946
G1 X10.327 Y163.125 E.16225
G1 X10.327 Y162.549 E.0195
G1 X6.937 Y159.16 E.16225
G1 X6.937 Y158.584 E.0195
G1 X10.327 Y161.974 E.16228
G1 X10.327 Y161.398 E.0195
G1 X6.937 Y158.009 E.16225
G1 X6.937 Y157.433 E.0195
G1 X10.327 Y160.822 E.16225
G1 X10.327 Y160.247 E.01946
G1 X6.937 Y156.857 E.16228
G1 X6.937 Y156.281 E.0195
G1 X10.327 Y159.671 E.16228
G1 X10.327 Y159.095 E.0195
G1 X6.937 Y155.706 E.16225
G1 X6.937 Y155.13 E.0195
G1 X10.327 Y158.52 E.16228
G1 X10.327 Y157.944 E.0195
G1 X6.937 Y154.554 E.16228
G1 X6.937 Y153.979 E.01946
G1 X10.327 Y157.368 E.16225
G1 X10.327 Y156.792 E.0195
G1 X6.937 Y153.403 E.16225
G1 X6.937 Y152.827 E.0195
G1 X10.327 Y156.217 E.16228
G1 X10.327 Y155.641 E.0195
G1 X6.937 Y152.252 E.16225
G1 X6.937 Y151.676 E.0195
G1 X10.327 Y155.065 E.16225
G1 X10.327 Y154.49 E.01946
G1 X6.937 Y151.1 E.16228
G1 X6.937 Y150.525 E.01946
G1 X10.327 Y153.914 E.16225
G1 X10.327 Y153.338 E.0195
G1 X6.937 Y149.949 E.16225
G1 X6.937 Y149.373 E.0195
G1 X10.327 Y152.763 E.16228
G1 X10.327 Y152.187 E.0195
G1 X6.937 Y148.797 E.16228
G1 X6.937 Y148.222 E.01946
G1 X10.327 Y151.611 E.16225
G1 X10.327 Y151.035 E.0195
G1 X6.937 Y147.646 E.16225
G1 X6.937 Y147.07 E.0195
G1 X10.327 Y150.46 E.16228
G1 X10.327 Y149.884 E.0195
G1 X6.937 Y146.495 E.16225
G1 X6.937 Y145.919 E.0195
G1 X10.327 Y149.308 E.16225
G1 X10.327 Y148.733 E.01946
G1 X6.937 Y145.343 E.16228
G1 X6.937 Y144.768 E.01946
G1 X10.327 Y148.157 E.16225
G1 X10.327 Y147.581 E.0195
G1 X6.937 Y144.192 E.16225
G1 X6.937 Y143.616 E.0195
G1 X10.327 Y147.006 E.16228
G1 X10.327 Y146.43 E.0195
G1 X6.937 Y143.04 E.16228
G1 X6.937 Y142.465 E.01946
G1 X10.327 Y145.854 E.16225
G1 X10.327 Y145.279 E.01946
G1 X6.937 Y141.889 E.16228
G1 X6.937 Y141.313 E.0195
G1 X10.327 Y144.703 E.16228
G1 X10.327 Y144.127 E.0195
G1 X6.937 Y140.738 E.16225
G1 X6.937 Y140.162 E.0195
G1 X10.327 Y143.551 E.16225
G1 X10.327 Y142.976 E.01946
G1 X6.937 Y139.586 E.16228
G1 X6.937 Y139.011 E.01946
G1 X10.327 Y142.4 E.16225
G1 X10.327 Y141.824 E.0195
G1 X6.937 Y138.435 E.16225
G1 X6.937 Y137.859 E.0195
G1 X10.327 Y141.249 E.16228
G1 X10.327 Y140.673 E.0195
G1 X6.937 Y137.283 E.16228
G1 X6.937 Y136.708 E.01946
G1 X10.327 Y140.097 E.16225
G1 X10.327 Y139.522 E.01946
G1 X6.937 Y136.132 E.16228
G1 X6.937 Y135.556 E.0195
G1 X10.327 Y138.946 E.16228
G1 X10.327 Y138.37 E.0195
G1 X6.937 Y134.981 E.16225
G1 X6.937 Y134.405 E.0195
G1 X10.327 Y137.794 E.16225
G1 X10.327 Y137.219 E.01946
G1 X6.937 Y133.829 E.16228
G1 X6.937 Y133.254 E.01946
G1 X10.327 Y136.643 E.16225
G1 X10.327 Y136.067 E.0195
G1 X6.937 Y132.678 E.16225
G1 X6.937 Y132.102 E.0195
G1 X10.327 Y135.492 E.16228
G1 X10.327 Y134.916 E.0195
G1 X6.937 Y131.527 E.16225
G1 X6.937 Y130.951 E.0195
G1 X10.327 Y134.34 E.16225
G1 X10.327 Y133.765 E.01946
G1 X6.937 Y130.375 E.16228
G1 X6.937 Y129.799 E.0195
G1 X10.327 Y133.189 E.16228
G1 X10.327 Y132.613 E.0195
G1 X6.937 Y129.224 E.16225
G1 X6.937 Y128.648 E.0195
G1 X10.327 Y132.038 E.16228
G1 X10.327 Y131.462 E.0195
G1 X6.937 Y128.072 E.16228
G1 X6.937 Y127.497 E.01946
G1 X10.327 Y130.886 E.16225
G1 X10.327 Y130.31 E.0195
G1 X6.937 Y126.921 E.16225
G1 X6.937 Y126.345 E.0195
G1 X10.327 Y129.735 E.16228
G1 X10.327 Y129.159 E.0195
G1 X6.937 Y125.77 E.16225
G1 X6.937 Y125.194 E.0195
G1 X10.327 Y128.583 E.16225
G1 X10.327 Y128.008 E.01946
G1 X6.937 Y124.618 E.16228
G1 X6.937 Y124.042 E.0195
G1 X10.327 Y127.432 E.16228
G1 X10.327 Y126.856 E.0195
G1 X6.937 Y123.467 E.16225
G1 X6.937 Y122.891 E.0195
G1 X10.327 Y126.281 E.16228
G1 X10.327 Y125.705 E.0195
G1 X6.937 Y122.315 E.16228
G1 X6.937 Y121.74 E.01946
G1 X10.327 Y125.129 E.16225
G1 X10.327 Y124.553 E.0195
G1 X6.937 Y121.164 E.16225
G1 X6.937 Y120.588 E.0195
G1 X10.327 Y123.978 E.16228
G1 X10.327 Y123.402 E.0195
G1 X6.937 Y120.013 E.16225
G1 X6.937 Y119.437 E.0195
G1 X10.327 Y122.826 E.16225
G1 X10.327 Y122.251 E.01946
G1 X6.937 Y118.861 E.16228
G1 X6.937 Y118.285 E.0195
G1 X10.327 Y121.675 E.16228
G1 X10.327 Y121.099 E.0195
G1 X6.937 Y117.71 E.16225
G1 X6.937 Y117.134 E.0195
G1 X10.327 Y120.524 E.16228
G1 X10.327 Y119.948 E.0195
G1 X6.937 Y116.558 E.16228
G1 X6.937 Y115.983 E.01946
G1 X10.327 Y119.372 E.16225
G1 X10.327 Y118.796 E.0195
G1 X6.937 Y115.407 E.16225
G1 X6.937 Y114.831 E.0195
G1 X10.327 Y118.221 E.16228
G1 X10.327 Y117.645 E.0195
G1 X6.937 Y114.256 E.16225
G1 X6.937 Y113.68 E.0195
G1 X10.327 Y117.069 E.16225
G1 X10.327 Y116.494 E.01946
G1 X6.937 Y113.104 E.16228
G1 X6.937 Y112.529 E.01946
G1 X10.327 Y115.918 E.16225
G1 X10.327 Y115.342 E.0195
G1 X6.937 Y111.953 E.16225
G1 X6.937 Y111.377 E.0195
G1 X10.327 Y114.767 E.16228
G1 X10.327 Y114.191 E.0195
G1 X6.937 Y110.801 E.16228
G1 X6.937 Y110.226 E.01946
G1 X10.327 Y113.615 E.16225
G1 X10.327 Y113.04 E.01946
G1 X6.937 Y109.65 E.16228
G1 X6.937 Y109.074 E.0195
G1 X10.327 Y112.464 E.16228
G1 X10.327 Y111.888 E.0195
G1 X6.937 Y108.499 E.16225
G1 X6.937 Y107.923 E.0195
G1 X10.327 Y111.312 E.16225
G1 X10.327 Y110.737 E.01946
G1 X6.937 Y107.347 E.16228
G1 X6.937 Y106.772 E.01946
G1 X10.327 Y110.161 E.16225
G1 X10.327 Y109.585 E.0195
G1 X6.937 Y106.196 E.16225
G1 X6.937 Y105.62 E.0195
G1 X10.327 Y109.01 E.16228
G1 X10.327 Y108.434 E.0195
G1 X6.937 Y105.044 E.16228
G1 X6.937 Y104.469 E.01946
G1 X10.327 Y107.858 E.16225
G1 X10.327 Y107.283 E.01946
G1 X6.937 Y103.893 E.16228
G1 X6.937 Y103.317 E.0195
G1 X10.327 Y106.707 E.16228
G1 X10.327 Y106.131 E.0195
G1 X6.937 Y102.742 E.16225
G1 X6.937 Y102.166 E.0195
G1 X10.327 Y105.555 E.16225
G1 X10.327 Y104.98 E.01946
G1 X6.937 Y101.59 E.16228
G1 X6.937 Y101.015 E.01946
G1 X10.327 Y104.404 E.16225
G1 X10.327 Y103.828 E.0195
G1 X6.937 Y100.439 E.16225
G1 X6.937 Y99.863 E.0195
G1 X10.327 Y103.253 E.16228
G1 X10.327 Y102.677 E.0195
G1 X6.937 Y99.288 E.16225
G1 X6.937 Y98.712 E.0195
G1 X10.327 Y102.101 E.16225
G1 X10.327 Y101.526 E.01946
G1 X6.937 Y98.136 E.16228
G1 X6.937 Y97.56 E.0195
G1 X10.327 Y100.95 E.16228
G1 X10.327 Y100.374 E.0195
G1 X6.937 Y96.985 E.16225
G1 X6.937 Y96.409 E.0195
G1 X10.327 Y99.798 E.16225
G1 X10.327 Y99.223 E.01946
G1 X6.937 Y95.833 E.16228
G1 X6.937 Y95.258 E.01946
G1 X10.327 Y98.647 E.16225
G1 X10.327 Y98.071 E.0195
G1 X6.937 Y94.682 E.16225
G1 X6.937 Y94.106 E.0195
G1 X10.327 Y97.496 E.16228
G1 X10.327 Y96.92 E.0195
G1 X6.937 Y93.531 E.16225
G1 X6.937 Y92.955 E.0195
G1 X10.327 Y96.344 E.16225
G1 X10.327 Y95.769 E.01946
G1 X6.937 Y92.379 E.16228
G1 X6.937 Y91.803 E.0195
G1 X10.327 Y95.193 E.16228
G1 X10.327 Y94.617 E.0195
G1 X6.937 Y91.228 E.16225
G1 X6.937 Y90.652 E.0195
G1 X10.327 Y94.042 E.16228
G1 X10.327 Y93.466 E.0195
G1 X6.937 Y90.076 E.16228
G1 X6.937 Y89.501 E.01946
G1 X10.327 Y92.89 E.16225
G1 X10.327 Y92.314 E.0195
G1 X6.937 Y88.925 E.16225
G1 X6.937 Y88.349 E.0195
G1 X10.327 Y91.739 E.16228
G1 X10.327 Y91.163 E.0195
G1 X6.937 Y87.774 E.16225
G1 X6.937 Y87.198 E.0195
G1 X10.327 Y90.587 E.16225
G1 X10.327 Y90.012 E.01946
G1 X6.937 Y86.622 E.16228
G1 X6.937 Y86.046 E.0195
G1 X10.327 Y89.436 E.16228
G1 X10.327 Y88.86 E.0195
G1 X6.937 Y85.471 E.16225
G1 X6.937 Y84.895 E.0195
G1 X10.327 Y88.285 E.16228
G1 X10.327 Y87.709 E.0195
G1 X6.937 Y84.319 E.16228
G1 X6.937 Y83.744 E.01946
G1 X10.327 Y87.133 E.16225
G1 X10.327 Y86.557 E.0195
G1 X6.937 Y83.168 E.16225
G1 X6.937 Y82.592 E.0195
G1 X10.327 Y85.982 E.16228
G1 X10.327 Y85.406 E.0195
G1 X6.937 Y82.017 E.16225
G1 X6.937 Y81.441 E.0195
G1 X10.327 Y84.83 E.16225
G1 X10.327 Y84.255 E.01946
G1 X6.937 Y80.865 E.16228
G1 X6.937 Y80.29 E.01946
G1 X10.327 Y83.679 E.16225
G1 X10.327 Y83.103 E.0195
G1 X6.937 Y79.714 E.16225
G1 X6.937 Y79.138 E.0195
G1 X10.327 Y82.528 E.16228
G1 X10.327 Y81.952 E.0195
G1 X6.937 Y78.562 E.16228
G1 X6.937 Y77.987 E.01946
G1 X10.327 Y81.376 E.16225
G1 X10.327 Y80.801 E.01946
G1 X6.937 Y77.411 E.16228
G1 X6.937 Y76.835 E.0195
G1 X10.327 Y80.225 E.16228
G1 X10.327 Y79.649 E.0195
G1 X6.937 Y76.26 E.16225
G1 X6.937 Y75.684 E.0195
G1 X10.327 Y79.073 E.16225
G1 X10.327 Y78.498 E.01946
G1 X6.937 Y75.108 E.16228
G1 X6.937 Y74.533 E.01946
G1 X10.327 Y77.922 E.16225
G1 X10.327 Y77.346 E.0195
G1 X6.937 Y73.957 E.16225
G1 X6.937 Y73.381 E.0195
G1 X10.327 Y76.771 E.16228
G1 X10.327 Y76.195 E.0195
G1 X6.937 Y72.805 E.16228
G1 X6.937 Y72.23 E.01946
G1 X10.327 Y75.619 E.16225
G1 X10.327 Y75.044 E.01946
G1 X6.937 Y71.654 E.16228
G1 X6.937 Y71.078 E.0195
G1 X10.327 Y74.468 E.16228
G1 X10.327 Y73.892 E.0195
G1 X6.937 Y70.503 E.16225
G1 X6.937 Y69.927 E.0195
G1 X10.327 Y73.316 E.16225
G1 X10.327 Y72.741 E.01946
G1 X6.937 Y69.351 E.16228
G1 X6.937 Y68.776 E.01946
G1 X10.327 Y72.165 E.16225
G1 X10.327 Y71.589 E.0195
G1 X6.937 Y68.2 E.16225
G1 X6.937 Y67.624 E.0195
G1 X10.327 Y71.014 E.16228
G1 X10.327 Y70.438 E.0195
G1 X6.937 Y67.048 E.16228
G1 X6.937 Y66.473 E.01946
G1 X10.327 Y69.862 E.16225
G1 X10.327 Y69.287 E.01946
G1 X6.937 Y65.897 E.16228
G1 X6.937 Y65.321 E.0195
G1 X10.327 Y68.711 E.16228
G1 X10.327 Y68.135 E.0195
G1 X6.937 Y64.746 E.16225
G1 X6.937 Y64.17 E.0195
G1 X10.327 Y67.559 E.16225
G1 X10.327 Y66.984 E.01946
G1 X6.937 Y63.594 E.16228
G1 X6.937 Y63.019 E.01946
G1 X10.327 Y66.408 E.16225
G1 X10.327 Y65.832 E.0195
G1 X6.937 Y62.443 E.16225
G1 X6.937 Y61.867 E.0195
G1 X10.327 Y65.257 E.16228
G1 X10.327 Y64.681 E.0195
G1 X6.937 Y61.292 E.16225
G1 X6.937 Y60.716 E.0195
G1 X10.327 Y64.105 E.16225
G1 X10.327 Y63.53 E.01946
G1 X6.937 Y60.14 E.16228
G1 X6.937 Y59.564 E.0195
G1 X10.327 Y62.954 E.16228
G1 X10.327 Y62.378 E.0195
G1 X6.937 Y58.989 E.16225
G1 X6.937 Y58.413 E.0195
G1 X10.327 Y61.803 E.16228
G1 X10.327 Y61.227 E.0195
G1 X6.937 Y57.837 E.16228
G1 X6.937 Y57.262 E.01946
G1 X10.327 Y60.651 E.16225
G1 X10.327 Y60.075 E.0195
G1 X6.937 Y56.686 E.16225
G1 X6.937 Y56.11 E.0195
G1 X10.327 Y59.5 E.16228
G1 X10.327 Y58.924 E.0195
G1 X6.937 Y55.535 E.16225
G1 X6.937 Y54.959 E.0195
G1 X10.327 Y58.348 E.16225
G1 X10.327 Y57.773 E.01946
G1 X6.937 Y54.383 E.16228
G1 X6.937 Y53.807 E.0195
G1 X10.327 Y57.197 E.16228
G1 X10.327 Y56.621 E.0195
G1 X6.937 Y53.232 E.16225
G1 X6.937 Y52.656 E.0195
G1 X10.327 Y56.046 E.16228
G1 X10.327 Y55.47 E.0195
G1 X6.937 Y52.08 E.16228
G1 X6.779 Y51.636 E.01595
;WIDTH:0.38292
G1 X6.76 Y51.707 E.00208
G1 X6.831 Y51.688 E.00208
G1 X6.82 Y51.647 E.0012
;WIDTH:0.41646
G1 X6.937 Y51.634 E.00366
;WIDTH:0.449999
G1 X7.054 Y51.621 E.00398
G1 X10.327 Y54.894 E.15668
G1 X10.327 Y54.318 E.0195
G1 X7.342 Y51.334 E.14287
G1 X7.63 Y51.046 E.01379
G1 X10.327 Y53.743 E.1291
G1 X10.327 Y53.167 E.0195
G1 X7.918 Y50.758 E.11532
G1 X31.809 Y26.867 E1.14365
G1 X34.62 Y29.677 E.13454
G1 X31.881 Y29.681 E.09271
G1 X31.311 Y29.828 E.01993
G1 X30.865 Y30.122 E.01808
G1 X10.75 Y50.237 E.96289
G1 X10.448 Y50.733 E.01966
G1 X10.33 Y51.263 E.01838
G1 X10.328 Y52.592 E.04499
G1 X8.35 Y50.614 E.09469
G1 X8.781 Y50.47 E.01538
G1 X31.809 Y27.442 E1.10234
G1 X33.639 Y29.272 E.0876
G1 X31.87 Y29.274 E.05988
G1 X31.282 Y29.405 E.02039
G1 X31.091 Y29.486 E.00702
G1 X30.577 Y29.834 E.02101
G1 X10.425 Y49.986 E.96466
G1 X10.058 Y50.614 E.02462
G1 X9.939 Y51.126 E.01779
G1 X9.923 Y51.611 E.01643
G1 X8.925 Y50.614 E.04775
M204 S8000
G1 X9.889 Y49.938 F24000
M204 S5000
;WIDTH:0.432748
G1 F9600
G1 X9.773 Y50.028 E.00476
;WIDTH:0.40455
G1 X9.656 Y50.119 E.00446
;WIDTH:0.376351
G1 X9.305 Y50.47 E.01376
G1 X9.634 Y50.8 E.01292
G1 X9.701 Y50.515 E.00812
;WIDTH:0.418784
G1 X9.875 Y50.164 E.01224
;WIDTH:0.461217
G1 X10.049 Y49.813 E.01363
;WIDTH:0.47175
G1 X10.189 Y49.642 E.00788
;WIDTH:0.45628
G1 X30.287 Y29.544 E.97692
;WIDTH:0.4789
G1 X30.449 Y29.399 E.00788
;WIDTH:0.449999
G1 X30.868 Y29.065 E.01814
;WIDTH:0.599513
G1 X31.809 Y28.124 E.06159
G1 X32.477 Y28.791 E.04369
G1 X31.829 Y28.795 E.02999
G1 X31.171 Y28.936 E.03114
G1 X31.055 Y28.985 E.00583
G1 E-2 F2400
M204 S8000
G1 X32.097 Y26.579 F24000
G1 E2 F2400
M204 S5000
;WIDTH:0.449999
G1 F9600
G1 X35.195 Y29.677 E.1483
G1 X35.771 Y29.677 E.0195
G1 X32.385 Y26.291 E.16209
G1 X32.957 Y26.287 E.01936
G1 X36.347 Y29.677 E.16228
G1 X36.922 Y29.677 E.01946
G1 X33.533 Y26.287 E.16225
G1 X34.108 Y26.287 E.01946
G1 X37.498 Y29.677 E.16228
G1 X38.074 Y29.677 E.0195
G1 X34.684 Y26.287 E.16228
G1 X35.26 Y26.287 E.0195
G1 X38.649 Y29.677 E.16225
G1 X39.225 Y29.677 E.0195
G1 X35.835 Y26.287 E.16228
G1 X36.411 Y26.287 E.0195
G1 X39.801 Y29.677 E.16228
G1 X40.376 Y29.677 E.01946
G1 X36.987 Y26.287 E.16225
G1 X37.562 Y26.287 E.01946
G1 X40.952 Y29.677 E.16228
G1 X41.528 Y29.677 E.0195
G1 X38.138 Y26.287 E.16228
G1 X38.714 Y26.287 E.0195
G1 X42.104 Y29.677 E.16228
G1 X42.679 Y29.677 E.01946
G1 X39.289 Y26.287 E.16228
G1 X39.865 Y26.287 E.0195
G1 X43.255 Y29.677 E.16228
G1 X43.831 Y29.677 E.0195
G1 X40.441 Y26.287 E.16228
G1 X41.016 Y26.287 E.01946
G1 X44.406 Y29.677 E.16228
G1 X44.982 Y29.677 E.0195
G1 X41.592 Y26.287 E.16228
G1 X42.167 Y26.287 E.01946
G1 X45.558 Y29.677 E.1623
G1 X46.133 Y29.677 E.01946
G1 X42.743 Y26.287 E.16228
G1 X43.319 Y26.287 E.0195
G1 X46.709 Y29.677 E.16228
G1 X47.285 Y29.677 E.0195
G1 X43.894 Y26.286 E.16233
G1 X44.47 Y26.286 E.0195
G1 X47.861 Y29.677 E.16233
G1 X48.436 Y29.677 E.01946
G1 X45.046 Y26.286 E.1623
G1 X45.621 Y26.286 E.01946
G1 X49.012 Y29.677 E.16233
G1 X49.588 Y29.677 E.0195
G1 X46.197 Y26.286 E.16233
G1 X46.773 Y26.286 E.0195
G1 X50.163 Y29.677 E.1623
G1 X50.739 Y29.677 E.0195
G1 X47.348 Y26.286 E.16233
G1 X47.924 Y26.286 E.0195
G1 X51.315 Y29.677 E.16233
G1 X51.89 Y29.677 E.01946
G1 X48.5 Y26.286 E.1623
G1 X49.075 Y26.286 E.01946
G1 X52.466 Y29.677 E.16233
G1 X53.042 Y29.677 E.0195
G1 X49.651 Y26.286 E.16233
G1 X50.227 Y26.286 E.0195
G1 X53.617 Y29.677 E.1623
G1 X54.193 Y29.677 E.0195
G1 X50.802 Y26.286 E.16233
G1 X51.378 Y26.286 E.0195
G1 X54.769 Y29.677 E.16233
G1 X55.345 Y29.677 E.0195
G1 X51.954 Y26.286 E.16233
G1 X52.529 Y26.286 E.01946
G1 X55.92 Y29.677 E.16233
G1 X56.496 Y29.677 E.0195
G1 X53.105 Y26.286 E.16233
G1 X53.681 Y26.286 E.0195
G1 X57.072 Y29.677 E.16233
G1 X57.647 Y29.677 E.01946
G1 X54.256 Y26.286 E.16233
G1 X54.832 Y26.286 E.0195
G1 X58.223 Y29.677 E.16233
G1 X58.799 Y29.677 E.0195
G1 X55.407 Y26.286 E.16235
G1 X55.983 Y26.286 E.0195
G1 X59.374 Y29.677 E.16233
G1 X59.95 Y29.677 E.0195
G1 X56.559 Y26.286 E.16233
G1 X57.134 Y26.285 E.01946
G1 X60.526 Y29.677 E.16237
G1 X61.102 Y29.677 E.0195
G1 X57.71 Y26.285 E.16237
G1 X58.286 Y26.285 E.0195
G1 X61.677 Y29.677 E.16235
G1 X62.253 Y29.677 E.0195
G1 X58.861 Y26.285 E.16237
G1 X59.437 Y26.285 E.0195
G1 X62.829 Y29.677 E.16237
G1 X63.404 Y29.677 E.01946
G1 X60.013 Y26.285 E.16235
G1 X60.588 Y26.285 E.01946
G1 X63.98 Y29.677 E.16237
G1 X64.556 Y29.677 E.0195
G1 X61.164 Y26.285 E.16237
G1 X61.74 Y26.285 E.0195
G1 X65.131 Y29.677 E.16235
G1 X65.707 Y29.677 E.0195
G1 X62.315 Y26.285 E.16237
G1 X62.891 Y26.285 E.0195
G1 X66.283 Y29.677 E.16237
G1 X66.858 Y29.677 E.01946
G1 X63.467 Y26.285 E.16235
G1 X64.042 Y26.285 E.01946
G1 X67.434 Y29.677 E.16237
G1 X68.01 Y29.677 E.0195
G1 X64.618 Y26.285 E.16237
G1 X65.194 Y26.285 E.0195
G1 X68.586 Y29.677 E.16237
G1 X69.161 Y29.677 E.01946
G1 X65.769 Y26.285 E.16237
G1 X66.345 Y26.285 E.0195
G1 X69.737 Y29.677 E.16237
G1 X70.313 Y29.677 E.0195
G1 X66.921 Y26.285 E.16237
G1 X67.496 Y26.285 E.01946
G1 X70.888 Y29.677 E.16237
G1 X71.464 Y29.677 E.0195
G1 X68.072 Y26.285 E.16237
G1 X68.647 Y26.285 E.01946
G1 X72.04 Y29.677 E.1624
G1 X72.615 Y29.677 E.01946
G1 X69.223 Y26.285 E.16237
G1 X69.799 Y26.284 E.0195
G1 X73.191 Y29.677 E.1624
G1 X73.767 Y29.677 E.0195
G1 X70.374 Y26.284 E.16242
G1 X70.95 Y26.284 E.0195
G1 X74.343 Y29.677 E.16242
G1 X74.918 Y29.677 E.01946
G1 X71.526 Y26.284 E.1624
G1 X72.101 Y26.284 E.01946
G1 X75.494 Y29.677 E.16242
G1 X76.07 Y29.677 E.0195
G1 X72.677 Y26.284 E.16242
G1 X73.253 Y26.284 E.0195
G1 X76.645 Y29.677 E.1624
G1 X77.221 Y29.677 E.0195
G1 X73.828 Y26.284 E.16242
G1 X74.404 Y26.284 E.0195
G1 X77.797 Y29.677 E.16242
G1 X78.372 Y29.677 E.01946
G1 X74.98 Y26.284 E.1624
G1 X75.555 Y26.284 E.01946
G1 X78.948 Y29.677 E.16242
G1 X79.524 Y29.677 E.0195
G1 X76.131 Y26.284 E.16242
G1 X76.707 Y26.284 E.0195
G1 X80.1 Y29.677 E.16242
G1 X80.675 Y29.677 E.01946
G1 X77.282 Y26.284 E.16242
G1 X77.858 Y26.284 E.0195
G1 X81.251 Y29.677 E.16242
G1 X81.827 Y29.677 E.0195
G1 X78.434 Y26.284 E.16242
G1 X79.009 Y26.284 E.01946
G1 X82.402 Y29.677 E.16242
G1 X82.978 Y29.677 E.0195
G1 X79.585 Y26.284 E.16242
G1 X80.16 Y26.284 E.01946
G1 X83.554 Y29.677 E.16244
G1 X84.129 Y29.677 E.01946
G1 X80.736 Y26.284 E.16242
G1 X81.312 Y26.284 E.0195
G1 X84.705 Y29.677 E.16242
G1 X85.281 Y29.677 E.0195
G1 X81.887 Y26.284 E.16244
G1 X82.463 Y26.283 E.0195
G1 X85.856 Y29.677 E.16244
G1 X86.432 Y29.677 E.0195
G1 X83.039 Y26.283 E.16244
G1 X83.614 Y26.283 E.01946
G1 X87.008 Y29.677 E.16247
G1 X87.584 Y29.677 E.0195
G1 X84.174 Y26.267 E.16323
G1 X84.572 Y26.09 E.01474
G1 X88.159 Y29.677 E.17171
G1 X88.735 Y29.677 E.0195
G1 X84.841 Y25.783 E.1864
G1 X84.934 Y25.3 E.01665
G1 X89.311 Y29.677 E.20952
G1 X89.886 Y29.677 E.01946
G1 X84.934 Y24.724 E.23707
G1 X84.934 Y24.149 E.01946
G1 X90.462 Y29.677 E.26462
G1 X91.038 Y29.677 E.0195
G1 X84.935 Y23.574 E.29215
G1 X84.935 Y22.998 E.0195
G1 X91.613 Y29.677 E.3197
G1 X92.189 Y29.677 E.0195
G1 X84.935 Y22.423 E.34724
G1 X84.935 Y21.847 E.0195
G1 X92.765 Y29.677 E.37482
G1 X93.341 Y29.677 E.0195
G1 X84.936 Y21.272 E.40234
G1 X84.936 Y20.697 E.01946
G1 X93.916 Y29.677 E.42987
G1 X94.492 Y29.677 E.0195
G1 X84.936 Y20.121 E.45744
G1 X84.937 Y19.546 E.01946
G1 X95.068 Y29.677 E.48496
G1 X95.643 Y29.677 E.01946
G1 X84.937 Y18.971 E.51249
G1 X84.937 Y18.395 E.0195
G1 X96.219 Y29.677 E.54006
G1 X96.795 Y29.677 E.0195
G1 X85.405 Y18.287 E.54523
G1 X85.981 Y18.287 E.0195
G1 X97.37 Y29.677 E.54521
G1 X97.946 Y29.677 E.0195
G1 X86.557 Y18.287 E.54521
G1 X87.132 Y18.287 E.01946
G1 X98.522 Y29.677 E.54523
G1 X99.098 Y29.677 E.0195
G1 X87.708 Y18.287 E.54523
G1 X88.284 Y18.287 E.0195
G1 X99.673 Y29.677 E.54521
G1 X100.249 Y29.677 E.0195
G1 X88.859 Y18.287 E.54523
G1 X89.435 Y18.287 E.0195
G1 X100.825 Y29.677 E.54523
G1 X101.4 Y29.677 E.01946
G1 X90.011 Y18.287 E.54521
G1 X90.587 Y18.287 E.0195
G1 X101.976 Y29.677 E.54521
G1 X102.552 Y29.677 E.0195
G1 X91.162 Y18.287 E.54523
G1 X91.738 Y18.287 E.0195
G1 X103.127 Y29.677 E.54521
G1 X103.703 Y29.677 E.0195
G1 X92.314 Y18.287 E.54521
G1 X92.889 Y18.287 E.01946
G1 X104.279 Y29.677 E.54523
G1 X104.854 Y29.677 E.01946
G1 X93.465 Y18.287 E.54521
G1 X94.041 Y18.287 E.0195
G1 X105.43 Y29.677 E.54521
G1 X106.006 Y29.677 E.0195
G1 X94.616 Y18.287 E.54523
G1 X95.192 Y18.287 E.0195
G1 X106.582 Y29.677 E.54523
G1 X107.157 Y29.677 E.01946
G1 X95.768 Y18.287 E.54521
G1 X96.343 Y18.287 E.01946
G1 X107.733 Y29.677 E.54523
G1 X108.309 Y29.677 E.0195
G1 X96.919 Y18.287 E.54523
G1 X97.495 Y18.287 E.0195
G1 X108.884 Y29.677 E.54521
G1 X109.46 Y29.677 E.0195
G1 X98.071 Y18.287 E.54521
G1 X98.646 Y18.287 E.01946
G1 X110.036 Y29.677 E.54523
G1 X110.611 Y29.677 E.01946
G1 X99.222 Y18.287 E.54521
G1 X99.798 Y18.287 E.0195
G1 X111.187 Y29.677 E.54521
G1 X111.763 Y29.677 E.0195
G1 X100.373 Y18.287 E.54523
G1 X100.949 Y18.287 E.0195
G1 X112.339 Y29.677 E.54523
G1 X112.914 Y29.677 E.01946
G1 X101.525 Y18.287 E.54521
G1 X102.1 Y18.287 E.01946
G1 X113.49 Y29.677 E.54523
G1 X114.066 Y29.677 E.0195
G1 X102.676 Y18.287 E.54523
G1 X103.252 Y18.287 E.0195
G1 X114.641 Y29.677 E.54521
G1 X115.217 Y29.677 E.0195
G1 X103.828 Y18.287 E.54521
G1 X104.403 Y18.287 E.01946
G1 X115.793 Y29.677 E.54523
G1 X116.368 Y29.677 E.01946
G1 X104.979 Y18.287 E.54521
G1 X105.555 Y18.287 E.0195
G1 X116.944 Y29.677 E.54521
G1 X117.52 Y29.677 E.0195
G1 X106.13 Y18.287 E.54523
G1 X106.706 Y18.287 E.0195
G1 X118.095 Y29.677 E.54521
G1 X118.671 Y29.677 E.0195
G1 X107.282 Y18.287 E.54521
G1 X107.857 Y18.287 E.01946
G1 X119.247 Y29.677 E.54523
G1 X119.823 Y29.677 E.0195
G1 X108.433 Y18.287 E.54523
G1 X109.009 Y18.287 E.0195
G1 X120.398 Y29.677 E.54521
G1 X120.974 Y29.677 E.0195
G1 X109.585 Y18.287 E.54521
G1 X110.16 Y18.287 E.01946
G1 X121.55 Y29.677 E.54523
G1 X122.125 Y29.677 E.01946
G1 X110.736 Y18.287 E.54521
G1 X111.312 Y18.287 E.0195
G1 X122.701 Y29.677 E.54521
G1 X123.277 Y29.677 E.0195
G1 X111.887 Y18.287 E.54523
G1 X112.463 Y18.287 E.0195
G1 X123.852 Y29.677 E.54521
G1 X124.428 Y29.677 E.0195
G1 X113.039 Y18.287 E.54521
G1 X113.614 Y18.287 E.01946
G1 X125.004 Y29.677 E.54523
G1 X125.58 Y29.677 E.0195
G1 X114.19 Y18.287 E.54523
G1 X114.766 Y18.287 E.0195
G1 X126.155 Y29.677 E.54521
G1 X126.731 Y29.677 E.0195
G1 X115.341 Y18.287 E.54523
G1 X115.917 Y18.287 E.0195
G1 X127.307 Y29.677 E.54523
G1 X127.882 Y29.677 E.01946
G1 X116.493 Y18.287 E.54521
G1 X117.069 Y18.287 E.0195
G1 X128.458 Y29.677 E.54521
G1 X129.034 Y29.677 E.0195
G1 X117.644 Y18.287 E.54523
G1 X118.22 Y18.287 E.0195
G1 X129.609 Y29.677 E.54521
G1 X130.185 Y29.677 E.0195
G1 X118.796 Y18.287 E.54521
G1 X119.371 Y18.287 E.01946
G1 X130.761 Y29.677 E.54523
G1 X131.337 Y29.677 E.0195
G1 X119.947 Y18.287 E.54523
G1 X120.523 Y18.287 E.0195
G1 X131.912 Y29.677 E.54521
G1 X132.488 Y29.677 E.0195
G1 X121.098 Y18.287 E.54523
G1 X121.674 Y18.287 E.0195
G1 X133.064 Y29.677 E.54523
G1 X133.639 Y29.677 E.01946
G1 X122.25 Y18.287 E.54521
G1 X122.826 Y18.287 E.0195
G1 X134.215 Y29.677 E.54521
G1 X134.791 Y29.677 E.0195
G1 X123.401 Y18.287 E.54523
G1 X123.977 Y18.287 E.0195
G1 X135.366 Y29.677 E.54521
G1 X135.942 Y29.677 E.0195
G1 X124.553 Y18.287 E.54521
G1 X125.128 Y18.287 E.01946
G1 X136.518 Y29.677 E.54523
G1 X137.093 Y29.677 E.01946
G1 X125.704 Y18.287 E.54521
G1 X126.28 Y18.287 E.0195
G1 X137.669 Y29.677 E.54521
G1 X138.245 Y29.677 E.0195
G1 X126.855 Y18.287 E.54523
G1 X127.431 Y18.287 E.0195
G1 X138.821 Y29.677 E.54523
G1 X138.959 Y29.716 E.00485
;WIDTH:0.41646
G1 X139.097 Y29.755 E.00445
;WIDTH:0.38292
G1 X139.078 Y29.826 E.00208
G1 X139.149 Y29.807 E.00208
G1 X139.138 Y29.766 E.0012
G1 E-2 F2400
M204 S8000
G1 X135.715 Y26.134 F24000
G1 E2 F2400
M204 S5000
G1 F9600
G1 X135.443 Y25.926 E.00968
G1 X135.216 Y25.635 E.01043
;WIDTH:0.41646
G1 X135.141 Y25.491 E.00504
;WIDTH:0.449999
G1 X135.066 Y25.347 E.0055
G1 X128.007 Y18.287 E.33793
G1 X128.582 Y18.287 E.01946
G1 X135.066 Y24.771 E.31039
G1 X135.066 Y24.195 E.0195
G1 X129.158 Y18.287 E.28281
G1 X129.734 Y18.287 E.0195
G1 X135.065 Y23.619 E.25522
G1 X135.065 Y23.043 E.0195
G1 X130.31 Y18.287 E.22764
G1 X130.885 Y18.287 E.01946
G1 X135.065 Y22.467 E.20009
G1 X135.065 Y21.891 E.0195
G1 X131.461 Y18.287 E.17252
G1 X132.037 Y18.287 E.0195
G1 X135.064 Y21.315 E.14492
G1 X135.064 Y20.739 E.0195
G1 X132.612 Y18.287 E.11738
G1 X133.021 Y18.073 E.01562
;WIDTH:0.38292
G1 X133.002 Y18.144 E.00208
G1 X133.073 Y18.125 E.00208
G1 X133.062 Y18.084 E.0012
;WIDTH:0.41646
G1 X133.125 Y18.185 E.0037
;WIDTH:0.449999
G1 X133.188 Y18.287 E.00406
G1 X135.064 Y20.163 E.0898
G1 E-2 F2400
M204 S8000
G1 X133.908 Y18.431 F24000
G1 E2 F2400
M204 S5000
G1 F9600
G1 X135.063 Y19.587 E.05531
G1 X135.063 Y18.287 E.044
G1 X133.764 Y18.287 E.04397
G1 E-2 F2400
M204 S8000
G1 X136.003 Y26.283 F24000
G1 E2 F2400
M204 S5000
G1 F9600
G1 X139.396 Y29.677 E.16244
G1 X139.972 Y29.677 E.0195
G1 X136.579 Y26.283 E.16244
G1 X137.154 Y26.283 E.01946
G1 X140.548 Y29.677 E.16247
G1 X141.123 Y29.677 E.01946
G1 X137.73 Y26.283 E.16244
G1 X138.306 Y26.284 E.0195
G1 X141.699 Y29.677 E.16242
G1 X142.275 Y29.677 E.0195
G1 X138.881 Y26.284 E.16244
G1 X139.457 Y26.284 E.0195
G1 X142.85 Y29.677 E.16242
G1 X143.426 Y29.677 E.0195
G1 X140.033 Y26.284 E.16242
G1 X140.609 Y26.284 E.0195
G1 X144.002 Y29.677 E.16242
G1 X144.578 Y29.677 E.0195
G1 X141.184 Y26.284 E.16244
G1 X141.76 Y26.284 E.0195
G1 X145.153 Y29.677 E.16242
G1 X145.729 Y29.677 E.0195
G1 X142.336 Y26.284 E.16242
G1 X142.912 Y26.284 E.0195
G1 X146.305 Y29.677 E.16242
G1 X146.88 Y29.677 E.01946
G1 X143.487 Y26.284 E.16242
G1 X144.063 Y26.284 E.0195
G1 X147.456 Y29.677 E.16242
G1 X148.032 Y29.677 E.0195
G1 X144.639 Y26.284 E.16242
G1 X145.215 Y26.284 E.0195
G1 X148.607 Y29.677 E.1624
G1 X149.183 Y29.677 E.0195
G1 X145.79 Y26.284 E.16242
G1 X146.366 Y26.284 E.0195
G1 X149.759 Y29.677 E.16242
G1 X150.335 Y29.677 E.0195
G1 X146.942 Y26.284 E.16242
G1 X147.518 Y26.284 E.0195
G1 X150.91 Y29.677 E.1624
G1 X151.486 Y29.677 E.0195
G1 X148.093 Y26.284 E.16242
G1 X148.669 Y26.284 E.0195
G1 X152.062 Y29.677 E.16242
G1 X152.637 Y29.677 E.01946
G1 X149.245 Y26.284 E.1624
G1 X149.821 Y26.284 E.0195
G1 X153.213 Y29.677 E.1624
G1 X153.789 Y29.677 E.0195
G1 X150.396 Y26.284 E.16242
G1 X150.972 Y26.285 E.0195
G1 X154.364 Y29.677 E.16237
G1 X154.94 Y29.677 E.0195
G1 X151.548 Y26.285 E.16237
G1 X152.124 Y26.285 E.0195
G1 X155.516 Y29.677 E.16237
G1 X156.091 Y29.677 E.01946
G1 X152.699 Y26.285 E.16237
G1 X153.275 Y26.285 E.0195
G1 X156.667 Y29.677 E.16237
G1 X157.243 Y29.677 E.0195
G1 X153.851 Y26.285 E.16237
G1 X154.427 Y26.285 E.0195
G1 X157.819 Y29.677 E.16237
G1 X158.394 Y29.677 E.01946
G1 X155.002 Y26.285 E.16237
G1 X155.578 Y26.285 E.0195
G1 X158.97 Y29.677 E.16237
G1 X159.546 Y29.677 E.0195
G1 X156.154 Y26.285 E.16237
G1 X156.729 Y26.285 E.01946
G1 X160.121 Y29.677 E.16237
G1 X160.697 Y29.677 E.0195
G1 X157.305 Y26.285 E.16237
G1 X157.881 Y26.285 E.0195
G1 X161.273 Y29.677 E.16237
G1 X161.848 Y29.677 E.01946
G1 X158.457 Y26.285 E.16235
G1 X159.032 Y26.285 E.01946
G1 X162.424 Y29.677 E.16237
G1 X163 Y29.677 E.0195
G1 X159.608 Y26.285 E.16237
G1 X160.184 Y26.285 E.0195
G1 X163.576 Y29.677 E.16237
G1 X164.151 Y29.677 E.01946
G1 X160.76 Y26.285 E.16235
G1 X161.335 Y26.285 E.01946
G1 X164.727 Y29.677 E.16237
G1 X165.303 Y29.677 E.0195
G1 X161.911 Y26.285 E.16237
G1 X162.487 Y26.285 E.0195
G1 X165.878 Y29.677 E.16235
G1 X166.454 Y29.677 E.0195
G1 X163.063 Y26.285 E.16235
G1 X163.638 Y26.286 E.01946
G1 X167.03 Y29.677 E.16235
G1 X167.605 Y29.677 E.01946
G1 X164.214 Y26.286 E.16233
G1 X164.79 Y26.286 E.0195
G1 X168.181 Y29.677 E.16233
G1 X168.757 Y29.677 E.0195
G1 X165.366 Y26.286 E.16233
G1 X165.941 Y26.286 E.01946
G1 X169.332 Y29.677 E.16233
G1 X169.908 Y29.677 E.0195
G1 X166.517 Y26.286 E.16233
G1 X167.093 Y26.286 E.0195
G1 X170.484 Y29.677 E.16233
G1 X171.06 Y29.677 E.0195
G1 X167.669 Y26.286 E.16233
G1 X168.244 Y26.286 E.01946
G1 X171.635 Y29.677 E.16233
G1 X172.211 Y29.677 E.0195
G1 X168.82 Y26.286 E.16233
G1 X169.396 Y26.286 E.0195
G1 X172.787 Y29.677 E.16233
G1 X173.362 Y29.677 E.01946
G1 X169.972 Y26.286 E.1623
G1 X170.547 Y26.286 E.01946
G1 X173.938 Y29.677 E.16233
G1 X174.514 Y29.677 E.0195
G1 X171.123 Y26.286 E.16233
G1 X171.699 Y26.286 E.0195
G1 X175.089 Y29.677 E.1623
G1 X175.665 Y29.677 E.0195
G1 X172.274 Y26.286 E.16233
G1 X172.85 Y26.286 E.0195
G1 X176.241 Y29.677 E.16233
G1 X176.817 Y29.677 E.0195
G1 X173.426 Y26.286 E.16233
G1 X174.002 Y26.286 E.0195
G1 X177.392 Y29.677 E.1623
G1 X177.968 Y29.677 E.0195
G1 X174.577 Y26.286 E.16233
G1 X175.153 Y26.286 E.0195
G1 X178.544 Y29.677 E.16233
G1 X179.119 Y29.677 E.01946
G1 X175.729 Y26.286 E.1623
G1 X176.305 Y26.287 E.0195
G1 X179.695 Y29.677 E.16228
G1 X180.271 Y29.677 E.0195
G1 X176.88 Y26.287 E.1623
G1 X177.456 Y26.287 E.0195
G1 X180.846 Y29.677 E.16228
G1 X181.422 Y29.677 E.0195
G1 X178.032 Y26.287 E.16228
G1 X178.608 Y26.287 E.0195
G1 X181.998 Y29.677 E.16228
G1 X182.574 Y29.677 E.0195
G1 X179.183 Y26.287 E.1623
G1 X179.759 Y26.287 E.0195
G1 X183.149 Y29.677 E.16228
G1 X183.725 Y29.677 E.0195
G1 X180.335 Y26.287 E.16228
G1 X180.911 Y26.287 E.0195
G1 X184.301 Y29.677 E.16228
G1 X184.876 Y29.677 E.01946
G1 X181.486 Y26.287 E.16228
G1 X182.062 Y26.287 E.0195
G1 X185.452 Y29.677 E.16228
G1 X186.028 Y29.677 E.0195
G1 X182.638 Y26.287 E.16228
G1 X183.214 Y26.287 E.0195
G1 X186.603 Y29.677 E.16225
G1 X187.179 Y29.677 E.0195
G1 X183.789 Y26.287 E.16228
G1 X184.365 Y26.287 E.0195
G1 X187.755 Y29.677 E.16228
G1 X188.377 Y29.724 E.02111
G1 X184.941 Y26.287 E.1645
G1 X184.878 Y26.185 E.00406
;WIDTH:0.41646
G1 X184.815 Y26.083 E.00372
;WIDTH:0.38292
G1 X184.826 Y26.124 E.0012
G1 X184.754 Y26.143 E.00211
G1 X184.774 Y26.072 E.00209
G1 E-2 F2400
M204 S8000
G1 X168.973 Y196.298 F24000
G1 E2 F2400
M204 S5000
;WIDTH:0.554856
G1 F9600
G1 X168.928 Y196.344 E.00274
G1 X168.944 Y196.405 E.00268
G1 X169.006 Y196.422 E.00274
G1 X169.051 Y196.377 E.00271
G1 X169.035 Y196.315 E.00273
;WIDTH:0.449999
G1 X169.692 Y196.413 E.02248
G1 X168.936 Y195.657 E.03619
G1 X168.936 Y195.081 E.0195
G1 X170.268 Y196.413 E.06376
G1 X170.843 Y196.413 E.01946
G1 X168.935 Y194.504 E.09136
G1 X168.934 Y193.928 E.0195
G1 X171.419 Y196.413 E.11896
G1 X171.995 Y196.413 E.0195
G1 X168.934 Y193.352 E.14653
G1 X168.836 Y192.896 E.01579
;WIDTH:0.38292
G1 X168.817 Y192.967 E.00208
G1 X168.888 Y192.948 E.00208
G1 X168.877 Y192.907 E.0012
;WIDTH:0.41646
G1 X169.029 Y192.965 E.00505
;WIDTH:0.449999
G1 X169.181 Y193.023 E.00551
G1 X172.57 Y196.413 E.16225
G1 X173.146 Y196.413 E.0195
G1 X169.757 Y193.023 E.16225
G1 X170.332 Y193.023 E.01946
G1 X173.722 Y196.413 E.16228
G1 X174.298 Y196.413 E.0195
G1 X170.908 Y193.023 E.16228
G1 X171.484 Y193.023 E.0195
G1 X174.873 Y196.413 E.16225
G1 X175.449 Y196.413 E.0195
G1 X172.059 Y193.023 E.16228
G1 X172.635 Y193.023 E.0195
G1 X176.025 Y196.413 E.16228
G1 X176.6 Y196.413 E.01946
G1 X173.211 Y193.023 E.16225
G1 X173.787 Y193.023 E.0195
G1 X177.176 Y196.413 E.16225
G1 X177.752 Y196.413 E.0195
G1 X174.362 Y193.023 E.16228
G1 X174.938 Y193.023 E.0195
G1 X178.327 Y196.413 E.16225
G1 X178.903 Y196.413 E.0195
G1 X175.514 Y193.023 E.16225
G1 X176.089 Y193.023 E.01946
G1 X179.479 Y196.413 E.16228
G1 X180.054 Y196.413 E.01946
G1 X176.665 Y193.023 E.16225
G1 X177.241 Y193.023 E.0195
G1 X180.63 Y196.413 E.16225
G1 X181.206 Y196.413 E.0195
G1 X177.816 Y193.023 E.16228
G1 X178.392 Y193.023 E.0195
G1 X181.782 Y196.413 E.16228
G1 X182.357 Y196.413 E.01946
G1 X178.968 Y193.023 E.16225
G1 X179.543 Y193.023 E.01946
G1 X182.933 Y196.413 E.16228
G1 X183.509 Y196.413 E.0195
G1 X180.119 Y193.023 E.16228
G1 X180.695 Y193.023 E.0195
G1 X184.084 Y196.413 E.16225
G1 X184.66 Y196.413 E.0195
G1 X181.271 Y193.023 E.16225
G1 X181.846 Y193.023 E.01946
G1 X185.236 Y196.413 E.16228
G1 X185.811 Y196.413 E.01946
G1 X182.422 Y193.023 E.16225
G1 X182.998 Y193.023 E.0195
G1 X186.387 Y196.413 E.16225
G1 X186.963 Y196.413 E.0195
G1 X183.573 Y193.023 E.16228
G1 X184.149 Y193.023 E.0195
G1 X187.539 Y196.413 E.16228
G1 X187.863 Y196.161 E.01389
G1 X184.725 Y193.023 E.15021
G1 X185.3 Y193.023 E.01946
G1 X188.151 Y195.874 E.13648
G1 X188.439 Y195.586 E.01379
G1 X185.876 Y193.023 E.12269
G1 X186.452 Y193.023 E.0195
G1 X188.727 Y195.298 E.1089
G1 E-2 F2400
M204 S8000
G1 X187.17 Y193.166 F24000
G1 E2 F2400
M204 S5000
G1 F9600
G1 X189.014 Y195.01 E.08827
G1 X212.33 Y171.694 E1.11612
G1 X209.673 Y169.037 E.12719
G1 X209.67 Y171.437 E.08124
G1 X209.552 Y171.967 E.01838
G1 X209.25 Y172.463 E.01966
G1 X189.135 Y192.578 E.96289
G1 X188.688 Y192.872 E.01811
G1 X188.119 Y193.019 E.01989
G1 X187.026 Y193.022 E.037
M204 S8000
G1 X188.006 Y193.426 F24000
M204 S5000
G1 F9600
G1 X188.095 Y193.426 E.00301
G1 X188.718 Y193.295 E.02155
G1 X188.909 Y193.214 E.00702
G1 X189.423 Y192.866 E.02101
G1 X209.576 Y172.712 E.96474
G1 X209.949 Y172.059 E.02546
G1 X210.077 Y171.437 E.0215
G1 X210.078 Y170.018 E.04803
G1 X211.754 Y171.694 E.08023
G1 X189.014 Y194.434 E1.08855
G1 X188.15 Y193.57 E.04136
M204 S8000
G1 X189.014 Y193.725 F24000
M204 S5000
;WIDTH:0.639582
G1 F9600
G1 X189.168 Y193.603 E.00975
;WIDTH:0.593649
G1 X189.321 Y193.482 E.00893
;WIDTH:0.547716
G1 X189.475 Y193.361 E.00822
;WIDTH:0.501783
G1 X189.628 Y193.24 E.00744
;WIDTH:0.45628
G1 X209.811 Y173.058 E.98103
;WIDTH:0.47175
G1 X209.931 Y172.927 E.00633
;WIDTH:0.508298
G1 X210.091 Y172.711 E.0104
;WIDTH:0.544846
G1 X210.251 Y172.496 E.01119
G1 X210.392 Y172.161 E.01517
G1 X210.511 Y171.645 E.0221
G1 X210.532 Y171.114 E.02218
G1 X211.112 Y171.694 E.03423
G1 X210.284 Y172.522 E.04887
G1 X210.065 Y172.773 E.0139
G1 E-2 F2400
M204 S8000
G1 X212.618 Y171.406 F24000
G1 E2 F2400
M204 S5000
;WIDTH:0.449999
G1 F9600
G1 X209.673 Y168.462 E.14095
G1 X209.673 Y167.886 E.0195
G1 X212.906 Y171.119 E.15476
G1 X213.05 Y171.048 E.00543
;WIDTH:0.41646
G1 X213.195 Y170.977 E.00501
;WIDTH:0.38292
G1 X213.176 Y171.048 E.00208
G1 X213.247 Y171.029 E.00208
G1 X213.236 Y170.988 E.0012
;WIDTH:0.449999
G1 X213.063 Y170.7 E.01137
G1 X209.673 Y167.31 E.16228
G1 X209.673 Y166.735 E.01946
G1 X213.063 Y170.124 E.16225
G1 X213.063 Y169.548 E.0195
G1 X209.673 Y166.159 E.16225
G1 X209.673 Y165.583 E.0195
G1 X213.063 Y168.973 E.16228
G1 X213.063 Y168.397 E.0195
G1 X209.673 Y165.007 E.16228
G1 X209.673 Y164.432 E.01946
G1 X213.063 Y167.821 E.16225
G1 X213.063 Y167.246 E.01946
G1 X209.673 Y163.856 E.16228
G1 X209.673 Y163.28 E.0195
G1 X213.063 Y166.67 E.16228
G1 X213.063 Y166.094 E.0195
G1 X209.673 Y162.705 E.16225
G1 X209.673 Y162.129 E.0195
G1 X213.063 Y165.518 E.16225
G1 X213.063 Y164.943 E.01946
G1 X209.673 Y161.553 E.16228
G1 X209.673 Y160.978 E.01946
G1 X213.063 Y164.367 E.16225
G1 X213.063 Y163.791 E.0195
G1 X209.673 Y160.402 E.16225
G1 X209.673 Y159.826 E.0195
G1 X213.063 Y163.216 E.16228
G1 X213.063 Y162.64 E.0195
G1 X209.673 Y159.25 E.16228
G1 X209.673 Y158.675 E.01946
G1 X213.063 Y162.064 E.16225
G1 X213.063 Y161.489 E.01946
G1 X209.673 Y158.099 E.16228
G1 X209.673 Y157.523 E.0195
G1 X213.063 Y160.913 E.16228
G1 X213.063 Y160.337 E.0195
G1 X209.673 Y156.948 E.16225
G1 X209.673 Y156.372 E.0195
G1 X213.063 Y159.761 E.16225
G1 X213.063 Y159.186 E.01946
G1 X209.673 Y155.796 E.16228
G1 X209.673 Y155.221 E.01946
G1 X213.063 Y158.61 E.16225
G1 X213.063 Y158.034 E.0195
G1 X209.673 Y154.645 E.16225
G1 X209.673 Y154.069 E.0195
G1 X213.063 Y157.459 E.16228
G1 X213.063 Y156.883 E.0195
G1 X209.673 Y153.494 E.16225
G1 X209.673 Y152.918 E.0195
G1 X213.063 Y156.307 E.16225
G1 X213.063 Y155.732 E.01946
G1 X209.673 Y152.342 E.16228
G1 X209.673 Y151.766 E.0195
G1 X213.063 Y155.156 E.16228
G1 X213.063 Y154.58 E.0195
G1 X209.673 Y151.191 E.16225
G1 X209.673 Y150.615 E.0195
G1 X213.063 Y154.005 E.16228
G1 X213.063 Y153.429 E.0195
G1 X209.673 Y150.039 E.16228
G1 X209.673 Y149.464 E.01946
G1 X213.063 Y152.853 E.16225
G1 X213.063 Y152.277 E.0195
G1 X209.673 Y148.888 E.16225
G1 X209.673 Y148.312 E.0195
G1 X213.063 Y151.702 E.16228
G1 X213.063 Y151.126 E.0195
G1 X209.673 Y147.737 E.16225
G1 X209.673 Y147.161 E.0195
G1 X213.063 Y150.55 E.16225
G1 X213.063 Y149.975 E.01946
G1 X209.673 Y146.585 E.16228
G1 X209.673 Y146.009 E.0195
G1 X213.063 Y149.399 E.16228
G1 X213.063 Y148.823 E.0195
G1 X209.673 Y145.434 E.16225
G1 X209.673 Y144.858 E.0195
G1 X213.063 Y148.248 E.16228
G1 X213.063 Y147.672 E.0195
G1 X209.673 Y144.282 E.16228
G1 X209.673 Y143.707 E.01946
G1 X213.063 Y147.096 E.16225
G1 X213.063 Y146.52 E.0195
G1 X209.673 Y143.131 E.16225
G1 X209.673 Y142.555 E.0195
G1 X213.063 Y145.945 E.16228
G1 X213.063 Y145.369 E.0195
G1 X209.673 Y141.98 E.16225
G1 X209.673 Y141.404 E.0195
G1 X213.063 Y144.793 E.16225
G1 X213.063 Y144.218 E.01946
G1 X209.673 Y140.828 E.16228
G1 X209.673 Y140.252 E.0195
G1 X213.063 Y143.642 E.16228
G1 X213.063 Y143.066 E.0195
G1 X209.673 Y139.677 E.16225
G1 X209.673 Y139.101 E.0195
G1 X213.063 Y142.491 E.16228
G1 X213.063 Y141.915 E.0195
G1 X209.673 Y138.525 E.16228
G1 X209.673 Y137.95 E.01946
G1 X213.063 Y141.339 E.16225
G1 X213.063 Y140.763 E.0195
G1 X209.673 Y137.374 E.16225
G1 X209.673 Y136.798 E.0195
G1 X213.063 Y140.188 E.16228
G1 X213.063 Y139.612 E.0195
G1 X209.673 Y136.223 E.16225
G1 X209.673 Y135.647 E.0195
G1 X213.063 Y139.036 E.16225
G1 X213.063 Y138.461 E.01946
G1 X209.673 Y135.071 E.16228
G1 X209.673 Y134.496 E.01946
G1 X213.063 Y137.885 E.16225
G1 X213.063 Y137.309 E.0195
G1 X209.673 Y133.92 E.16225
G1 X209.673 Y133.344 E.0195
G1 X213.063 Y136.734 E.16228
G1 X213.063 Y136.158 E.0195
G1 X209.673 Y132.768 E.16228
G1 X209.673 Y132.193 E.01946
G1 X213.063 Y135.582 E.16225
G1 X213.063 Y135.007 E.01946
G1 X209.673 Y131.617 E.16228
G1 X209.673 Y131.041 E.0195
G1 X213.063 Y134.431 E.16228
G1 X213.063 Y133.855 E.0195
G1 X209.673 Y130.466 E.16225
G1 X209.673 Y129.89 E.0195
G1 X213.063 Y133.279 E.16225
G1 X213.063 Y132.704 E.01946
G1 X209.673 Y129.314 E.16228
G1 X209.673 Y128.739 E.01946
G1 X213.063 Y132.128 E.16225
G1 X213.063 Y131.552 E.0195
G1 X209.673 Y128.163 E.16225
G1 X209.673 Y127.587 E.0195
G1 X213.063 Y130.977 E.16228
G1 X213.063 Y130.401 E.0195
G1 X209.673 Y127.011 E.16228
G1 X209.673 Y126.436 E.01946
G1 X213.063 Y129.825 E.16225
G1 X213.063 Y129.25 E.01946
G1 X209.673 Y125.86 E.16228
G1 X209.673 Y125.284 E.0195
G1 X213.063 Y128.674 E.16228
G1 X213.063 Y128.098 E.0195
G1 X209.673 Y124.709 E.16225
G1 X209.673 Y124.133 E.0195
G1 X213.063 Y127.522 E.16225
G1 X213.063 Y126.947 E.01946
G1 X209.673 Y123.557 E.16228
G1 X209.673 Y122.982 E.01946
G1 X213.063 Y126.371 E.16225
G1 X213.063 Y125.795 E.0195
G1 X209.673 Y122.406 E.16225
G1 X209.673 Y121.83 E.0195
G1 X213.063 Y125.22 E.16228
G1 X213.063 Y124.644 E.0195
G1 X209.673 Y121.255 E.16225
G1 X209.673 Y120.679 E.0195
G1 X213.063 Y124.068 E.16225
G1 X213.063 Y123.493 E.01946
G1 X209.673 Y120.103 E.16228
G1 X209.673 Y119.527 E.0195
G1 X213.063 Y122.917 E.16228
G1 X213.063 Y122.341 E.0195
G1 X209.673 Y118.952 E.16225
G1 X209.673 Y118.376 E.0195
G1 X213.063 Y121.765 E.16225
G1 X213.063 Y121.19 E.01946
G1 X209.673 Y117.8 E.16228
G1 X209.673 Y117.225 E.01946
G1 X213.063 Y120.614 E.16225
G1 X213.063 Y120.038 E.0195
G1 X209.673 Y116.649 E.16225
G1 X209.673 Y116.073 E.0195
G1 X213.063 Y119.463 E.16228
G1 X213.063 Y118.887 E.0195
G1 X209.673 Y115.498 E.16225
G1 X209.673 Y114.922 E.0195
G1 X213.063 Y118.311 E.16225
G1 X213.063 Y117.736 E.01946
G1 X209.673 Y114.346 E.16228
G1 X209.673 Y113.77 E.0195
G1 X213.063 Y117.16 E.16228
G1 X213.063 Y116.584 E.0195
G1 X209.673 Y113.195 E.16225
G1 X209.673 Y112.619 E.0195
G1 X213.063 Y116.009 E.16228
G1 X213.063 Y115.433 E.0195
G1 X209.673 Y112.043 E.16228
G1 X209.673 Y111.468 E.01946
G1 X213.063 Y114.857 E.16225
G1 X213.063 Y114.281 E.0195
G1 X209.673 Y110.892 E.16225
G1 X209.673 Y110.316 E.0195
G1 X213.063 Y113.706 E.16228
G1 X213.063 Y113.13 E.0195
G1 X209.673 Y109.741 E.16225
G1 X209.673 Y109.165 E.0195
G1 X213.063 Y112.554 E.16225
G1 X213.063 Y111.979 E.01946
G1 X209.673 Y108.589 E.16228
G1 X209.673 Y108.013 E.0195
G1 X213.063 Y111.403 E.16228
G1 X213.063 Y110.827 E.0195
G1 X209.673 Y107.438 E.16225
G1 X209.673 Y106.862 E.0195
G1 X213.063 Y110.252 E.16228
G1 X213.063 Y109.676 E.0195
G1 X209.673 Y106.286 E.16228
G1 X209.673 Y105.711 E.01946
G1 X213.063 Y109.1 E.16225
G1 X213.063 Y108.524 E.0195
G1 X209.673 Y105.135 E.16225
G1 X209.673 Y104.559 E.0195
G1 X213.063 Y107.949 E.16228
G1 X213.063 Y107.373 E.0195
G1 X209.673 Y103.984 E.16225
G1 X209.673 Y103.408 E.0195
G1 X213.063 Y106.797 E.16225
G1 X213.063 Y106.222 E.01946
G1 X209.673 Y102.832 E.16228
G1 X209.673 Y102.257 E.01946
G1 X213.063 Y105.646 E.16225
G1 X213.063 Y105.07 E.0195
G1 X209.673 Y101.681 E.16225
G1 X209.673 Y101.105 E.0195
G1 X213.063 Y104.495 E.16228
G1 X213.063 Y103.919 E.0195
G1 X209.673 Y100.529 E.16228
G1 X209.673 Y99.954 E.01946
G1 X213.063 Y103.343 E.16225
G1 X213.063 Y102.768 E.01946
G1 X209.673 Y99.378 E.16228
G1 X209.673 Y98.802 E.0195
G1 X213.063 Y102.192 E.16228
G1 X213.063 Y101.616 E.0195
G1 X209.673 Y98.227 E.16225
G1 X209.673 Y97.651 E.0195
G1 X213.063 Y101.04 E.16225
G1 X213.063 Y100.465 E.01946
G1 X209.673 Y97.075 E.16228
G1 X209.673 Y96.5 E.01946
G1 X213.063 Y99.889 E.16225
G1 X213.063 Y99.313 E.0195
G1 X209.673 Y95.924 E.16225
G1 X209.673 Y95.348 E.0195
G1 X213.063 Y98.738 E.16228
G1 X213.063 Y98.162 E.0195
G1 X209.673 Y94.772 E.16228
G1 X209.673 Y94.197 E.01946
G1 X213.063 Y97.586 E.16225
G1 X213.063 Y97.011 E.01946
G1 X209.673 Y93.621 E.16228
G1 X209.673 Y93.045 E.0195
G1 X213.063 Y96.435 E.16228
G1 X213.063 Y95.859 E.0195
G1 X209.673 Y92.47 E.16225
G1 X209.673 Y91.894 E.0195
G1 X213.063 Y95.283 E.16225
G1 X213.063 Y94.708 E.01946
G1 X209.673 Y91.318 E.16228
G1 X209.673 Y90.743 E.01946
G1 X213.063 Y94.132 E.16225
G1 X213.063 Y93.556 E.0195
G1 X209.673 Y90.167 E.16225
G1 X209.673 Y89.591 E.0195
G1 X213.063 Y92.981 E.16228
G1 X213.063 Y92.405 E.0195
G1 X209.673 Y89.015 E.16228
G1 X209.673 Y88.44 E.01946
G1 X213.063 Y91.829 E.16225
G1 X213.063 Y91.254 E.01946
G1 X209.673 Y87.864 E.16228
G1 X209.673 Y87.288 E.0195
G1 X213.063 Y90.678 E.16228
G1 X213.063 Y90.102 E.0195
G1 X209.673 Y86.713 E.16225
G1 X209.673 Y86.137 E.0195
G1 X213.063 Y89.526 E.16225
G1 X213.063 Y88.951 E.01946
G1 X209.673 Y85.561 E.16228
G1 X209.673 Y84.986 E.01946
G1 X213.063 Y88.375 E.16225
G1 X213.063 Y87.799 E.0195
G1 X209.673 Y84.41 E.16225
G1 X209.673 Y83.834 E.0195
G1 X213.063 Y87.224 E.16228
G1 X213.063 Y86.648 E.0195
G1 X209.673 Y83.259 E.16225
G1 X209.673 Y82.683 E.0195
G1 X213.063 Y86.072 E.16225
G1 X213.063 Y85.497 E.01946
G1 X209.673 Y82.107 E.16228
G1 X209.673 Y81.531 E.0195
G1 X213.063 Y84.921 E.16228
G1 X213.063 Y84.345 E.0195
G1 X209.673 Y80.956 E.16225
G1 X209.673 Y80.38 E.0195
G1 X213.063 Y83.77 E.16228
G1 X213.063 Y83.194 E.0195
G1 X209.673 Y79.804 E.16228
G1 X209.673 Y79.229 E.01946
G1 X213.063 Y82.618 E.16225
G1 X213.063 Y82.042 E.0195
G1 X209.673 Y78.653 E.16225
G1 X209.673 Y78.077 E.0195
G1 X213.063 Y81.467 E.16228
G1 X213.063 Y80.891 E.0195
G1 X209.673 Y77.502 E.16225
G1 X209.673 Y76.926 E.0195
G1 X213.063 Y80.315 E.16225
G1 X213.063 Y79.74 E.01946
G1 X209.673 Y76.35 E.16228
G1 X209.673 Y75.774 E.0195
G1 X213.063 Y79.164 E.16228
G1 X213.063 Y78.588 E.0195
G1 X209.673 Y75.199 E.16225
G1 X209.673 Y74.623 E.0195
G1 X213.063 Y78.013 E.16228
G1 X213.063 Y77.437 E.0195
G1 X209.673 Y74.047 E.16228
G1 X209.673 Y73.472 E.01946
G1 X213.063 Y76.861 E.16225
G1 X213.063 Y76.285 E.0195
G1 X209.673 Y72.896 E.16225
G1 X209.673 Y72.32 E.0195
G1 X213.063 Y75.71 E.16228
G1 X213.063 Y75.134 E.0195
G1 X209.673 Y71.745 E.16225
G1 X209.673 Y71.169 E.0195
G1 X213.063 Y74.558 E.16225
G1 X213.063 Y73.983 E.01946
G1 X209.673 Y70.593 E.16228
G1 X209.673 Y70.018 E.01946
G1 X213.063 Y73.407 E.16225
G1 X213.063 Y72.831 E.0195
G1 X209.673 Y69.442 E.16225
G1 X209.673 Y68.866 E.0195
G1 X213.063 Y72.256 E.16228
G1 X213.063 Y71.68 E.0195
G1 X209.673 Y68.29 E.16228
G1 X209.673 Y67.715 E.01946
G1 X213.063 Y71.104 E.16225
G1 X213.063 Y70.528 E.0195
G1 X209.673 Y67.139 E.16225
G1 X209.673 Y66.563 E.0195
G1 X213.063 Y69.953 E.16228
G1 X213.063 Y69.377 E.0195
G1 X209.673 Y65.988 E.16225
G1 X209.673 Y65.412 E.0195
G1 X213.063 Y68.801 E.16225
G1 X213.063 Y68.226 E.01946
G1 X209.673 Y64.836 E.16228
G1 X209.673 Y64.261 E.01946
G1 X213.063 Y67.65 E.16225
G1 X213.063 Y67.074 E.0195
G1 X209.673 Y63.685 E.16225
G1 X209.673 Y63.109 E.0195
G1 X213.063 Y66.499 E.16228
G1 X213.063 Y65.923 E.0195
G1 X209.673 Y62.533 E.16228
G1 X209.673 Y61.958 E.01946
G1 X213.063 Y65.347 E.16225
G1 X213.063 Y64.772 E.01946
G1 X209.673 Y61.382 E.16228
G1 X209.673 Y60.806 E.0195
G1 X213.063 Y64.196 E.16228
G1 X213.063 Y63.62 E.0195
G1 X209.673 Y60.231 E.16225
G1 X209.673 Y59.655 E.0195
G1 X213.063 Y63.044 E.16225
G1 X213.063 Y62.469 E.01946
G1 X209.673 Y59.079 E.16228
G1 X209.673 Y58.504 E.01946
G1 X213.063 Y61.893 E.16225
G1 X213.063 Y61.317 E.0195
G1 X209.673 Y57.928 E.16225
G1 X209.673 Y57.352 E.0195
G1 X213.063 Y60.742 E.16228
G1 X213.063 Y60.166 E.0195
G1 X209.673 Y56.776 E.16228
G1 X209.673 Y56.201 E.01946
G1 X213.063 Y59.59 E.16225
G1 X213.063 Y59.015 E.01946
G1 X209.673 Y55.625 E.16228
G1 X209.673 Y55.049 E.0195
G1 X213.063 Y58.439 E.16228
G1 X213.063 Y57.863 E.0195
G1 X209.673 Y54.474 E.16225
G1 X209.673 Y53.898 E.0195
G1 X213.063 Y57.287 E.16225
G1 X213.063 Y56.712 E.01946
G1 X209.673 Y53.322 E.16228
G1 X209.673 Y52.747 E.01946
G1 X213.063 Y56.136 E.16225
G1 X213.063 Y55.56 E.0195
G1 X209.673 Y52.171 E.16225
G1 X209.673 Y51.595 E.0195
G1 X213.063 Y54.985 E.16228
G1 X213.063 Y54.409 E.0195
G1 X209.626 Y50.973 E.1645
G1 E-2 F2400
M204 S8000
G1 X189.184 Y30.351 F24000
G1 E2 F2400
M204 S5000
;WIDTH:0.38292
G1 F9600
G1 X209.138 Y50.305 E.79779
G1 X209.443 Y50.712 E.01438
G1 X209.138 Y50.305 E.01438
G1 X189.04 Y30.207 E.80355
G1 E-2 F2400
M204 S8000
G1 X185.218 Y26.127 F24000
G1 E2 F2400
M204 S5000
G1 F9600
G1 X185.199 Y26.198 E.00208
G1 X185.27 Y26.179 E.00208
G1 X185.259 Y26.138 E.0012
;WIDTH:0.41646
G1 X185.388 Y26.213 E.00463
;WIDTH:0.449999
G1 X185.517 Y26.287 E.00503
G1 X213.063 Y53.833 E1.31861
G1 X213.063 Y53.258 E.01946
G1 X186.092 Y26.287 E1.29108
G1 X186.668 Y26.287 E.0195
G1 X213.063 Y52.682 E1.26351
G1 X213.063 Y52.106 E.0195
G1 X187.244 Y26.287 E1.23594
G1 X187.181 Y26.185 E.00406
;WIDTH:0.41646
G1 X187.118 Y26.084 E.0037
;WIDTH:0.38292
G1 X187.129 Y26.125 E.0012
G1 X187.057 Y26.144 E.00211
G1 X187.076 Y26.073 E.00208
;WIDTH:0.449999
G1 X187.642 Y26.214 E.01974
;WIDTH:0.38292
G1 X213.136 Y51.708 E1.01929
G1 E-2 F2400
M204 S8000
G1 X34.979 Y196.413 F24000
G1 E2 F2400
M204 S5000
;WIDTH:0.449999
G1 F9600
G1 X31.516 Y192.949 E.1658
G1 X32.165 Y193.023 E.02211
G1 X35.555 Y196.413 E.16228
G1 X36.13 Y196.413 E.01946
G1 X32.741 Y193.023 E.16225
G1 X33.317 Y193.023 E.0195
G1 X36.706 Y196.413 E.16225
G1 X37.282 Y196.413 E.0195
G1 X33.892 Y193.023 E.16228
G1 X34.468 Y193.023 E.0195
G1 X37.857 Y196.413 E.16225
G1 X38.433 Y196.413 E.0195
G1 X35.044 Y193.023 E.16225
G1 X35.619 Y193.023 E.01946
G1 X39.009 Y196.413 E.16228
G1 X39.584 Y196.413 E.01946
G1 X36.195 Y193.023 E.16225
G1 X36.771 Y193.023 E.0195
G1 X40.16 Y196.413 E.16225
G1 X40.736 Y196.413 E.0195
G1 X37.346 Y193.023 E.16228
G1 X37.922 Y193.023 E.0195
G1 X41.312 Y196.413 E.16228
G1 X41.887 Y196.413 E.01946
G1 X38.498 Y193.023 E.16225
G1 X39.074 Y193.023 E.0195
G1 X42.463 Y196.413 E.16225
G1 X43.039 Y196.413 E.0195
G1 X39.649 Y193.023 E.16228
G1 X40.225 Y193.023 E.0195
G1 X43.614 Y196.413 E.16225
G1 X44.19 Y196.413 E.0195
G1 X40.801 Y193.023 E.16225
G1 X41.376 Y193.023 E.01946
G1 X44.766 Y196.413 E.16228
G1 X45.341 Y196.413 E.01946
G1 X41.952 Y193.023 E.16225
G1 X42.528 Y193.023 E.0195
G1 X45.917 Y196.413 E.16225
G1 X46.493 Y196.413 E.0195
G1 X43.103 Y193.023 E.16228
G1 X43.679 Y193.023 E.0195
G1 X47.069 Y196.413 E.16228
G1 X47.644 Y196.413 E.01946
G1 X44.255 Y193.023 E.16225
G1 X44.83 Y193.023 E.01946
G1 X48.22 Y196.413 E.16228
G1 X48.796 Y196.413 E.0195
G1 X45.406 Y193.023 E.16228
G1 X45.982 Y193.023 E.0195
G1 X49.371 Y196.413 E.16225
G1 X49.947 Y196.413 E.0195
G1 X46.558 Y193.023 E.16225
G1 X47.133 Y193.023 E.01946
G1 X50.523 Y196.413 E.16228
G1 X51.063 Y196.377 E.01832
G1 X47.709 Y193.023 E.16055
G1 X48.285 Y193.023 E.0195
G1 X51.063 Y195.802 E.13301
G1 X51.064 Y195.227 E.01946
G1 X48.86 Y193.023 E.1055
G1 X51.067 Y193.023 E.0747
G1 X51.065 Y194.652 E.05514
G1 X49.58 Y193.167 E.07109
M204 S8000
G1 X50.571 Y193.434 F24000
M204 S5000
;WIDTH:0.590632
G1 F9600
G1 X50.522 Y193.483 E.00316
G1 X50.54 Y193.549 E.00312
G1 X50.606 Y193.567 E.00312
G1 X50.655 Y193.518 E.00316
G1 X50.637 Y193.452 E.00312
G1 E-2 F2400
M204 S8000
G1 X52.97 Y201.302 F24000
G1 E2 F2400
M204 S5000
;WIDTH:0.548766
G1 F9600
G1 X52.926 Y201.347 E.00265
G1 X52.942 Y201.408 E.00265
G1 X53.003 Y201.424 E.00265
G1 X53.048 Y201.38 E.00265
G1 X53.031 Y201.319 E.00266
;WIDTH:0.449999
G1 X53.682 Y201.413 E.02226
G1 X52.937 Y200.668 E.03566
G1 X52.866 Y200.575 E.00396
;WIDTH:0.41646
G1 X52.794 Y200.482 E.00365
;WIDTH:0.38292
G1 X52.805 Y200.523 E.0012
G1 X52.734 Y200.542 E.00208
G1 X52.753 Y200.471 E.00208
;WIDTH:0.449999
G1 X52.937 Y200.093 E.01423
G1 X54.257 Y201.413 E.06319
G1 X54.833 Y201.413 E.0195
G1 X52.937 Y199.517 E.09076
G1 X52.937 Y198.941 E.0195
G1 X55.409 Y201.413 E.11833
G1 X55.984 Y201.413 E.01946
G1 X52.937 Y198.366 E.14586
G1 X52.98 Y198.25 E.00419
;WIDTH:0.41646
G1 X53.022 Y198.134 E.00383
;WIDTH:0.38292
G1 X52.802 Y198.152 E.00624
;WIDTH:0.449999
G1 X53.435 Y198.287 E.02191
G1 X56.56 Y201.413 E.14962
G1 X57.136 Y201.413 E.0195
G1 X54.011 Y198.287 E.14962
G1 X54.586 Y198.287 E.01946
G1 X57.712 Y201.413 E.14964
G1 X58.287 Y201.413 E.01946
G1 X55.162 Y198.287 E.14962
G1 X55.738 Y198.287 E.0195
G1 X58.863 Y201.413 E.14962
G1 X59.439 Y201.413 E.0195
G1 X56.313 Y198.287 E.14964
G1 X56.889 Y198.287 E.0195
G1 X60.014 Y201.413 E.14962
G1 X60.59 Y201.413 E.0195
G1 X57.947 Y198.77 E.12652
G1 X57.624 Y198.291 E.01956
;WIDTH:0.545214
G1 X57.64 Y198.351 E.00259
G1 X57.596 Y198.396 E.00263
G1 X57.535 Y198.379 E.00264
G1 X57.519 Y198.319 E.00259
G1 X57.564 Y198.274 E.00266
M204 S8000
G1 X58.48 Y198.843 F24000
M204 S5000
;WIDTH:0.38292
G1 F9600
G1 X58.461 Y198.914 E.00208
G1 X58.532 Y198.895 E.00208
G1 X58.521 Y198.854 E.0012
;WIDTH:0.41646
G1 X58.649 Y198.939 E.00477
;WIDTH:0.449999
G1 X58.776 Y199.023 E.00515
G1 X61.166 Y201.413 E.11441
G1 E-2 F2400
M204 S8000
G1 X59.495 Y199.166 F24000
G1 E2 F2400
M204 S5000
G1 F9600
G1 X61.598 Y201.269 E.10067
G1 X61.598 Y201.413 E.00487
G1 X164.791 Y201.413 E3.49296
G1 X162.086 Y198.707 E.12951
G1 X161.674 Y198.943 E.01607
G1 X161.308 Y199.022 E.01267
G1 X159.979 Y199.023 E.04499
G1 X159.518 Y198.932 E.01591
G1 X159.384 Y198.873 E.00496
G1 X159.366 Y199.105 E.00788
G1 X159.207 Y199.28 E.008
G1 X159.081 Y199.324 E.00452
G1 X60.919 Y199.324 E3.32266
G1 X60.776 Y199.264 E.00525
G1 X60.658 Y199.144 E.0057
G1 X60.616 Y198.882 E.00898
G1 X60.12 Y199.016 E.01739
G1 X59.351 Y199.022 E.02603
M204 S8000
G1 X60.325 Y199.401 F24000
M204 S5000
;WIDTH:0.481602
G1 F9600
G1 X60.56 Y199.633 E.01205
G1 X60.529 Y199.625 E.00117
;WIDTH:0.449999
G1 X60.919 Y199.731 E.01368
G1 X159.166 Y199.731 E3.32554
G1 X159.459 Y199.599 E.01088
G1 X159.657 Y199.387 E.00982
G1 X159.979 Y199.43 E.011
G1 X161.309 Y199.429 E.04502
G1 X161.765 Y199.339 E.01573
G1 X162.025 Y199.222 E.00965
G1 X163.808 Y201.006 E.08538
G1 X61.945 Y201.006 E3.44794
G1 X61.723 Y200.819 E.00983
G1 X60.673 Y199.768 E.05029
M204 S8000
G1 X61.65 Y200.151 F24000
M204 S5000
;WIDTH:0.476828
G1 F9600
G1 X159.237 Y200.151 E3.5209
G1 X159.711 Y199.919 E.01904
;WIDTH:0.449999
G1 X159.8 Y199.84 E.00403
G1 X161.424 Y199.836 E.05497
G1 X161.933 Y199.706 E.01778
G1 X162.826 Y200.598 E.04272
G1 X159.947 Y200.598 E.09745
;WIDTH:0.476828
G1 X159.081 Y200.585 E.03125
G1 X62.084 Y200.585 E3.49961
G1 X61.794 Y200.295 E.0148
G1 E-2 F2400
M204 S8000
G1 X159.947 Y200.218 F24000
G1 E2 F2400
M204 S5000
;WIDTH:0.39738
G1 F9600
G1 X159.981 Y200.218 E.001
;WIDTH:0.398604
G1 X161.31 Y200.217 E.03931
;WIDTH:0.437674
G1 X161.56 Y200.198 E.00823
;WIDTH:0.476744
G1 X161.811 Y200.178 E.00908
M204 S8000
G1 X162.324 Y198.37 F24000
M204 S5000
;WIDTH:0.449999
G1 F9600
G1 X165.367 Y201.413 E.14567
G1 X165.943 Y201.413 E.0195
G1 X162.817 Y198.287 E.14964
G1 X163.393 Y198.287 E.0195
G1 X166.518 Y201.413 E.14962
G1 X167.063 Y201.381 E.01848
G1 X163.969 Y198.287 E.14811
G1 X164.544 Y198.287 E.01946
G1 X167.063 Y200.806 E.12058
G1 X167.063 Y200.23 E.0195
G1 X165.12 Y198.287 E.09301
G1 X167.063 Y198.287 E.06577
G1 X167.063 Y199.654 E.04627
G1 X165.84 Y198.431 E.05854
G1 E-2 F2400
M204 S8000
G1 X161.244 Y194.819 F24000
G1 E2 F2400
M204 S1500
;TYPE:Bridge infill
;WIDTH:0.420638
;HEIGHT:0.4
M106 S255
G1 F3000
G1 X58.958 Y194.819 E5.90959
G1 X58.956 Y195.29 E.02721
G1 X161.044 Y195.29 E5.89815
G1 X161.046 Y195.76 E.02715
G1 X58.954 Y195.761 E5.89838
G1 X58.952 Y196.231 E.02715
G1 X161.048 Y196.231 E5.89861
G1 X161.05 Y196.702 E.02721
G1 X58.95 Y196.702 E5.89884
G1 X58.948 Y197.172 E.02715
G1 X61.245 Y197.172 E.13271
G1 X61.243 Y197.407 E.01358
G1 X61.2 Y197.643 E.01386
G1 X58.914 Y197.643 E.13207
G1 X58.89 Y197.727 E.00505
G1 X58.775 Y197.93 E.01348
G1 X58.594 Y198.114 E.01491
G1 X60.657 Y198.114 E.11919
G1 X60.594 Y198.176 E.00511
G1 X60.594 Y198.431 E.01473
G1 X60.343 Y198.535 E.0157
G1 X60.131 Y198.584 E.01257
G1 X58.077 Y198.584 E.11867
M107
M204 S5000
G1 E-2 F2400
M204 S8000
G1 X158.553 Y197.172 F24000
G1 E2 F2400
M204 S1500
M106 S255
G1 F3000
G1 X161.052 Y197.172 E.14438
G1 X161.053 Y197.529 E.02063
G1 X161.086 Y197.643 E.00686
G1 X158.8 Y197.643 E.13207
G1 X158.919 Y197.944 E.0187
G1 X159.174 Y197.944 E.01473
G1 X159.343 Y198.114 E.01385
G1 X161.406 Y198.114 E.11919
G1 X161.672 Y198.259 E.0175
G1 X161.872 Y198.293 E.01172
G1 X161.718 Y198.457 E.013
G1 X161.524 Y198.543 E.01226
G1 X161.362 Y198.584 E.00965
G1 X159.263 Y198.584 E.12127
M107
M204 S5000
G1 E-2 F2400
M204 S8000
G1 X155.303 Y198.916 F24000
G1 E2 F2400
M204 S5000
;TYPE:Internal infill
;WIDTH:0.45
;HEIGHT:0.2
G1 F13200
G1 X152.861 Y198.916 E.08266
G1 X152.317 Y198.373 E.02602
G1 X148.281 Y198.373 E.13661
G1 X147.737 Y198.916 E.02602
G1 X141.347 Y198.916 E.21629
G1 X140.803 Y198.373 E.02602
G1 X136.767 Y198.373 E.13661
G1 X136.223 Y198.916 E.02602
G1 X129.833 Y198.916 E.21629
G1 X129.289 Y198.373 E.02602
G1 X125.253 Y198.373 E.13661
G1 X124.709 Y198.916 E.02602
G1 X118.319 Y198.916 E.21629
G1 X117.775 Y198.373 E.02602
G1 X113.739 Y198.373 E.13661
G1 X113.195 Y198.916 E.02602
G1 X106.805 Y198.916 E.21629
G1 X106.261 Y198.373 E.02602
G1 X102.225 Y198.373 E.13661
G1 X101.681 Y198.916 E.02602
G1 X95.291 Y198.916 E.21629
G1 X94.747 Y198.373 E.02602
G1 X90.711 Y198.373 E.13661
G1 X90.167 Y198.916 E.02602
G1 X83.777 Y198.916 E.21629
G1 X83.233 Y198.373 E.02602
G1 X79.197 Y198.373 E.13661
G1 X78.653 Y198.916 E.02602
G1 X72.263 Y198.916 E.21629
G1 X71.719 Y198.373 E.02602
G1 X67.683 Y198.373 E.13661
G1 X67.139 Y198.916 E.02602
G1 X64.697 Y198.916 E.08266
G1 E-2 F2400
M204 S8000
G1 X61.523 Y197.966 F24000
G1 E2 F2400
M204 S5000
;TYPE:Solid infill
;WIDTH:0.449999
G1 F9600
G1 X61.604 Y197.782 E.0068
G1 X61.664 Y197.443 E.01165
G1 X61.673 Y197.06 E.01297
G1 X158.328 Y197.06 E3.27165
G1 X158.334 Y197.47 E.01388
G1 X158.468 Y197.966 E.01739
G1 X61.727 Y197.966 E3.27456
G1 X62.112 Y197.513 E.02012
;WIDTH:0.541756
G1 X157.882 Y197.513 E3.97238
M106 S160.65
;LAYER_CHANGE
;Z:1.2
;HEIGHT:0.2
G1 E-2 F2400
G1 Z1.2 F24000
M204 S8000
G1 X161.553 Y197.784
G1 E2 F2400
M204 S4000
;TYPE:Perimeter
;WIDTH:0.449999
G1 F10800
G1 X161.61 Y197.858 E.00316
G1 X161.779 Y197.949 E.0065
G1 X161.979 Y197.982 E.00686
G1 X167.368 Y197.982 E.18241
G1 X167.368 Y201.718 E.12646
G1 X52.632 Y201.718 E3.88367
G1 X52.632 Y197.982 E.12646
G1 X58.106 Y197.982 E.18529
G1 X58.39 Y197.858 E.01049
G1 X58.512 Y197.735 E.00586
G1 X58.632 Y197.371 E.01297
G1 X58.632 Y194.482 E.09779
G1 X161.368 Y194.482 E3.47749
G1 X161.368 Y197.371 E.09779
G1 X161.413 Y197.602 E.00797
G1 X161.516 Y197.736 E.00572
M204 S5000
M204 S8000
G1 X161.835 Y197.501 F24000
M204 S4000
;TYPE:External perimeter
G1 F7200
G1 X161.856 Y197.534 E.00132
G1 X161.979 Y197.575 E.00439
G1 X167.775 Y197.575 E.19619
G1 X167.775 Y202.125 E.15401
G1 X52.225 Y202.125 E3.91122
G1 X52.225 Y197.575 E.15401
G1 X58.021 Y197.575 E.19619
G1 X58.144 Y197.534 E.00439
G1 X58.225 Y197.371 E.00616
G1 X58.225 Y194.075 E.11157
G1 X161.775 Y194.075 E3.50504
G1 X161.775 Y197.402 E.11261
G1 X161.804 Y197.449 E.00187
M204 S5000
G1 X162.186 Y197.568 F24000
G1 E-2 F2400
M204 S8000
G1 X84.632 Y17.982 F24000
G1 E2 F2400
M204 S4000
;TYPE:Perimeter
G1 F10800
G1 X135.368 Y17.982 E1.71735
G1 X135.368 Y25.445 E.25261
G1 X135.452 Y25.681 E.00848
G1 X135.656 Y25.89 E.00989
G1 X135.979 Y25.982 E.01137
G1 X187.738 Y25.982 E1.75198
G1 X213.368 Y51.612 E1.22689
G1 X213.368 Y171.088 E4.04411
G1 X187.738 Y196.718 E1.22689
G1 X168.632 Y196.718 E.64671
G1 X168.632 Y191.982 E.16031
G1 X188.009 Y191.982 E.65589
G1 X188.234 Y191.939 E.00775
G1 X188.441 Y191.803 E.00838
G1 X208.453 Y171.791 E.95796
G1 X208.589 Y171.584 E.00838
G1 X208.632 Y171.359 E.00775
G1 X208.632 Y51.341 E4.06246
G1 X208.589 Y51.116 E.00775
G1 X208.453 Y50.909 E.00838
G1 X188.441 Y30.897 E.95796
G1 X188.234 Y30.761 E.00838
G1 X188.009 Y30.718 E.00775
G1 X31.991 Y30.718 E5.28102
G1 X31.766 Y30.761 E.00775
G1 X31.559 Y30.897 E.00838
G1 X11.547 Y50.909 E.95796
G1 X11.411 Y51.116 E.00838
G1 X11.368 Y51.341 E.00775
G1 X11.368 Y171.359 E4.06246
G1 X11.411 Y171.584 E.00775
G1 X11.547 Y171.791 E.00838
G1 X31.559 Y191.803 E.95796
G1 X31.766 Y191.939 E.00838
G1 X31.991 Y191.982 E.00775
G1 X51.368 Y191.982 E.65589
G1 X51.368 Y196.718 E.16031
G1 X32.262 Y196.718 E.64671
G1 X6.632 Y171.088 E1.22689
G1 X6.632 Y51.612 E4.04411
G1 X32.262 Y25.982 E1.22689
G1 X84.152 Y25.982 E1.75641
G1 X84.464 Y25.793 E.01235
G1 X84.599 Y25.57 E.00882
G1 X84.632 Y25.371 E.00683
G1 X84.632 Y18.042 E.24808
M204 S5000
M204 S8000
G1 X84.225 Y17.575 F24000
M204 S4000
;TYPE:External perimeter
G1 F7200
G1 X135.775 Y17.575 E1.7449
G1 X135.775 Y25.371 E.26388
G1 X135.831 Y25.512 E.00514
G1 X135.979 Y25.575 E.00544
G1 X187.907 Y25.575 E1.7577
G1 X213.775 Y51.443 E1.23829
G1 X213.775 Y171.257 E4.05556
G1 X187.907 Y197.125 E1.23829
G1 X168.225 Y197.125 E.66621
G1 X168.225 Y191.575 E.18786
G1 X188.009 Y191.575 E.66966
G1 X188.153 Y191.515 E.00528
G1 X208.165 Y171.503 E.95796
G1 X208.225 Y171.359 E.00528
G1 X208.225 Y51.341 E4.06246
G1 X208.165 Y51.197 E.00528
G1 X188.153 Y31.185 E.95796
G1 X188.009 Y31.125 E.00528
G1 X31.991 Y31.125 E5.28102
G1 X31.847 Y31.185 E.00528
G1 X11.835 Y51.197 E.95796
G1 X11.775 Y51.341 E.00528
G1 X11.775 Y171.359 E4.06246
G1 X11.835 Y171.503 E.00528
G1 X31.847 Y191.515 E.95796
G1 X31.991 Y191.575 E.00528
G1 X51.775 Y191.575 E.66966
G1 X51.775 Y197.125 E.18786
G1 X32.093 Y197.125 E.66621
G1 X6.225 Y171.257 E1.23829
G1 X6.225 Y51.443 E4.05556
G1 X32.093 Y25.575 E1.23829
G1 X84.021 Y25.575 E1.7577
G1 X84.169 Y25.512 E.00544
G1 X84.225 Y25.371 E.00514
G1 X84.225 Y17.635 E.26185
M204 S5000
G1 X84.621 Y17.576 F24000
G1 E-2 F2400
M204 S8000
G1 X84.932 Y22.368 F24000
G1 E2 F2400
M204 S5000
;TYPE:Internal infill
;WIDTH:0.45
G1 F13200
G1 X84.935 Y19.925 E.08269
G1 X86.573 Y18.287 E.07841
G1 X87.371 Y18.287 E.02701
G1 X99.496 Y30.413 E.58044
G1 X97.476 Y30.413 E.06837
G1 X109.601 Y18.287 E.58044
G1 X110.399 Y18.287 E.02701
G1 X122.524 Y30.413 E.58044
G1 X120.504 Y30.413 E.06837
G1 X132.629 Y18.287 E.58044
G1 X133.427 Y18.287 E.02701
G1 X135.063 Y19.923 E.07831
G1 X135.063 Y22.366 E.08269
G1 E-2 F2400
M204 S8000
G1 X211.01 Y173.014 F24000
G1 E2 F2400
M204 S5000
G1 F13200
G1 X209.283 Y174.741 E.08267
G1 X207.609 Y173.067 E.08013
G1 X201.852 Y178.824 E.27558
G1 X203.526 Y180.498 E.08013
G1 X197.769 Y186.255 E.27558
G1 X196.095 Y184.581 E.08013
G1 X190.338 Y190.338 E.27558
G1 X192.012 Y192.012 E.08013
G1 X190.285 Y193.739 E.08267
G1 E-2 F2400
M204 S8000
G1 X62.278 Y197.659 F24000
G1 E2 F2400
M204 S5000
G1 F13200
G1 X60.962 Y197.659 E.04455
G1 X60.774 Y198.029 E.01405
G1 X60.567 Y198.208 E.00926
G1 X60.309 Y198.33 E.00966
G1 X60.309 Y198.477 E.00498
G1 X61.463 Y199.63 E.05522
G1 X66.426 Y199.63 E.16799
G1 X68.396 Y197.659 E.09433
G1 X71.006 Y197.659 E.08835
G1 X72.977 Y199.63 E.09435
G1 X77.94 Y199.63 E.16799
G1 X79.91 Y197.659 E.09433
G1 X82.52 Y197.659 E.08835
G1 X84.49 Y199.63 E.09433
G1 X89.454 Y199.63 E.16803
G1 X91.424 Y197.659 E.09433
G1 X94.034 Y197.659 E.08835
G1 X96.004 Y199.63 E.09433
G1 X100.968 Y199.63 E.16803
G1 X102.938 Y197.659 E.09433
G1 X105.548 Y197.659 E.08835
G1 X107.518 Y199.63 E.09433
G1 X112.482 Y199.63 E.16803
G1 X114.452 Y197.659 E.09433
G1 X117.062 Y197.659 E.08835
G1 X119.032 Y199.63 E.09433
G1 X123.996 Y199.63 E.16803
G1 X125.966 Y197.659 E.09433
G1 X128.576 Y197.659 E.08835
G1 X130.546 Y199.63 E.09433
G1 X135.509 Y199.63 E.16799
G1 X137.48 Y197.659 E.09435
G1 X140.09 Y197.659 E.08835
G1 X142.06 Y199.63 E.09433
G1 X147.023 Y199.63 E.16799
G1 X148.994 Y197.659 E.09435
G1 X151.604 Y197.659 E.08835
G1 X153.574 Y199.63 E.09433
G1 X158.537 Y199.63 E.16799
G1 X159.691 Y198.477 E.05522
G1 X159.691 Y198.328 E.00504
G1 X159.433 Y198.208 E.00963
G1 X159.226 Y198.029 E.00926
G1 X159.038 Y197.659 E.01405
G1 X157.724 Y197.659 E.04448
G1 E-2 F2400
M204 S8000
G1 X158.308 Y200.483 F24000
G1 E2 F2400
M204 S5000
;TYPE:Solid infill
;WIDTH:0.527155
G1 F9600
G1 X60.206 Y200.483 E3.95001
G1 X59.692 Y200.967 E.02843
G1 X158.041 Y200.967 E3.95995
G1 X158.511 Y200.483 E.02716
G1 E-2 F2400
M204 S8000
G1 X59.484 Y194.787 F24000
G1 E2 F2400
M204 S5000
;WIDTH:0.449999
G1 F9600
G1 X58.935 Y195.337 E.0263
G1 X58.932 Y195.915 E.01956
G1 X60.06 Y194.787 E.054
G1 X60.636 Y194.787 E.0195
G1 X58.93 Y196.494 E.08169
G1 X58.927 Y197.072 E.01956
G1 X61.212 Y194.787 E.10938
G1 X61.787 Y194.787 E.01946
G1 X58.875 Y197.699 E.1394
G1 E-2 F2400
M204 S8000
G1 X53.048 Y198.32 F24000
G1 E2 F2400
M204 S5000
;WIDTH:0.548766
G1 F9600
G1 X53.003 Y198.276 E.00265
G1 X52.942 Y198.292 E.00265
G1 X52.926 Y198.353 E.00265
G1 X52.97 Y198.398 E.00265
G1 X53.031 Y198.381 E.00266
;WIDTH:0.449999
G1 X53.682 Y198.287 E.02226
G1 X52.871 Y199.104 E.03897
;WIDTH:0.41646
G1 X52.805 Y199.177 E.00306
;WIDTH:0.38292
G1 X52.734 Y199.158 E.00208
G1 X52.753 Y199.229 E.00208
G1 X52.794 Y199.218 E.0012
;WIDTH:0.449999
G1 X52.937 Y199.607 E.01403
G1 X54.257 Y198.287 E.06319
G1 X54.833 Y198.287 E.0195
G1 X52.937 Y200.183 E.09076
G1 X52.937 Y200.759 E.0195
G1 X55.409 Y198.287 E.11833
G1 X55.984 Y198.287 E.01946
G1 X52.937 Y201.335 E.14588
G1 X52.98 Y201.45 E.00416
;WIDTH:0.41646
G1 X53.022 Y201.566 E.00383
;WIDTH:0.38292
G1 X52.802 Y201.548 E.00624
;WIDTH:0.449999
G1 X53.435 Y201.413 E.02191
G1 X56.56 Y198.287 E.14962
G1 X57.136 Y198.287 E.0195
G1 X54.011 Y201.413 E.14962
G1 X54.586 Y201.413 E.01946
G1 X57.712 Y198.287 E.14964
G1 X58.354 Y198.221 E.02185
G1 X55.162 Y201.413 E.1528
G1 X55.738 Y201.413 E.0195
G1 X62.363 Y194.787 E.31716
G1 X62.939 Y194.787 E.0195
G1 X56.313 Y201.413 E.31718
G1 X56.478 Y201.467 E.00588
;WIDTH:0.41646
G1 X56.642 Y201.521 E.00536
;WIDTH:0.38292
G1 X56.571 Y201.502 E.00208
G1 X56.59 Y201.573 E.00208
G1 X56.631 Y201.562 E.0012
G1 E-2 F2400
M204 S8000
G1 X60.065 Y198.112 F24000
G1 E2 F2400
M204 S5000
;WIDTH:0.38734
G1 F9600
G1 X60.385 Y197.873 E.01144
G1 X60.762 Y197.407 E.01717
;WIDTH:0.41646
G1 X60.906 Y197.33 E.00507
;WIDTH:0.449999
G1 X61.049 Y197.252 E.00551
G1 X63.514 Y194.787 E.118
G1 X64.09 Y194.787 E.0195
G1 X61.625 Y197.252 E.118
G1 E-2 F2400
M204 S8000
G1 X64.48 Y194.973 F24000
G1 E2 F2400
M204 S5000
G1 F9600
G1 X62.201 Y197.252 E.10909
G1 X159.124 Y197.252 E3.28072
G1 X159.251 Y197.297 E.00456
G1 X159.414 Y197.479 E.00827
G1 X159.455 Y197.637 E.00553
G1 X159.633 Y197.846 E.00929
G1 X159.967 Y198.011 E.01261
G1 X160.098 Y198.21 E.00806
G1 X160.098 Y199.527 E.04458
G1 X161.49 Y198.134 E.06666
G1 X161.261 Y197.937 E.01022
G1 X161.076 Y197.522 E.01538
G1 X161.063 Y194.787 E.09258
G1 X64.522 Y194.787 E3.26779
G1 X64.834 Y195.194 E.01736
G1 X160.658 Y195.194 E3.24352
G1 X160.666 Y197.156 E.06641
G1 X160.7 Y197.661 E.01713
;WIDTH:0.430702
G1 X160.926 Y198.137 E.01699
;WIDTH:0.429998
G1 X160.495 Y198.568 E.01962
G1 X160.495 Y198.239 E.01059
G1 X160.44 Y198.004 E.00777
;WIDTH:0.446246
G1 X160.225 Y197.696 E.0126
;WIDTH:0.449999
G1 X159.881 Y197.509 E.01325
G1 X159.598 Y197.053 E.01817
G1 X159.383 Y196.903 E.00887
G1 X159.124 Y196.845 E.00898
G1 X63.184 Y196.845 E3.24745
G1 X64.69 Y195.338 E.07212
G1 X65.003 Y195.602 E.01386
G1 X160.252 Y195.602 E3.22406
G1 X160.259 Y197.238 E.05538
G1 X160.17 Y197.174 E.00371
G1 X159.852 Y196.735 E.01835
G1 X159.556 Y196.535 E.01209
G1 X159.124 Y196.438 E.01499
G1 X64.166 Y196.438 E3.21421
G1 X64.859 Y195.745 E.03317
G1 X65.176 Y196.02 E.0142
;WIDTH:0.472426
G1 X159.124 Y196.02 E3.35522
;WIDTH:0.520112
G1 X159.337 Y196.044 E.00851
;WIDTH:0.567798
G1 X159.551 Y196.068 E.0094
;WIDTH:0.615484
G1 X159.765 Y196.091 E.01025
G1 E-2 F2400
M204 S8000
G1 X59.902 Y198.399 F24000
G1 E2 F2400
M204 S5000
;WIDTH:0.449999
G1 F9600
G1 X56.889 Y201.413 E.14425
G1 X57.465 Y201.413 E.0195
G1 X59.902 Y198.975 E.11668
G1 X59.902 Y199.551 E.0195
G1 X58.041 Y201.413 E.08911
G1 X57.983 Y201.494 E.00337
;WIDTH:0.41646
G1 X57.925 Y201.575 E.00309
;WIDTH:0.38292
G1 X57.854 Y201.556 E.00208
G1 X57.873 Y201.627 E.00208
G1 X57.914 Y201.616 E.0012
G1 E-2 F2400
M204 S8000
G1 X159.384 Y200.037 F24000
G1 E2 F2400
M204 S5000
;WIDTH:0.449999
G1 F9600
G1 X60.206 Y200.037 E3.35705
G1 X60.051 Y199.977 E.00563
G1 X58.616 Y201.413 E.06872
G1 X158.356 Y201.413 E3.37608
G1 X158.356 Y201.269 E.00487
G1 X159.587 Y200.037 E.05895
G1 X159.72 Y199.977 E.00494
;WIDTH:0.41646
G1 X159.852 Y199.917 E.0045
;WIDTH:0.38292
G1 X159.965 Y199.805 E.0045
M204 S8000
G1 X158.787 Y201.413 F24000
M204 S5000
;WIDTH:0.449999
G1 F9600
G1 X161.921 Y198.279 E.15002
G1 X162.488 Y198.287 E.01919
G1 X159.363 Y201.413 E.14962
G1 X159.939 Y201.413 E.0195
G1 X163.064 Y198.287 E.14962
G1 X163.64 Y198.287 E.0195
G1 X160.515 Y201.413 E.14962
G1 X161.09 Y201.413 E.01946
G1 X164.215 Y198.287 E.14962
G1 X164.791 Y198.287 E.0195
G1 X161.666 Y201.413 E.14962
G1 X162.242 Y201.413 E.0195
G1 X165.367 Y198.287 E.14962
G1 X165.943 Y198.287 E.0195
G1 X162.817 Y201.413 E.14964
G1 X163.393 Y201.413 E.0195
G1 X166.518 Y198.287 E.14962
G1 X167.063 Y198.319 E.01848
G1 X163.969 Y201.413 E.14811
G1 X164.544 Y201.413 E.01946
G1 X167.063 Y198.894 E.12058
G1 X167.063 Y199.47 E.0195
G1 X165.12 Y201.413 E.09301
G1 E-2 F2400
M204 S8000
G1 X166.919 Y200.19 F24000
G1 E2 F2400
M204 S5000
G1 F9600
G1 X165.696 Y201.413 E.05854
G1 X167.063 Y201.413 E.04627
G1 X167.063 Y200.046 E.04627
G1 E-2 F2400
M204 S8000
G1 X168.937 Y194.408 F24000
G1 E2 F2400
M204 S5000
;TYPE:Internal infill
;WIDTH:0.45
G1 F13200
G1 X168.937 Y192.287 E.07179
G1 X169.26 Y192.287 E.01093
G1 X173.385 Y196.413 E.19749
G1 X173.269 Y196.413 E.00393
G1 X177.394 Y192.287 E.19749
G1 X180.773 Y192.287 E.11438
G1 X184.899 Y196.413 E.19751
G1 X184.783 Y196.413 E.00393
G1 X213.063 Y168.133 E1.35375
G1 X213.063 Y167.007 E.03811
G1 X208.937 Y162.882 E.19749
G1 X208.937 Y160.744 E.07237
G1 X213.063 Y156.619 E.19749
G1 X213.063 Y155.493 E.03811
G1 X208.937 Y151.368 E.19749
G1 X208.937 Y149.23 E.07237
G1 X213.063 Y145.105 E.19749
G1 X213.063 Y143.979 E.03811
G1 X208.937 Y139.854 E.19749
G1 X208.937 Y137.716 E.07237
G1 X213.063 Y133.591 E.19749
G1 X213.063 Y132.465 E.03811
G1 X208.937 Y128.34 E.19749
G1 X208.937 Y126.202 E.07237
G1 X213.063 Y122.077 E.19749
G1 X213.063 Y120.951 E.03811
G1 X208.937 Y116.826 E.19749
G1 X208.937 Y114.688 E.07237
G1 X213.063 Y110.563 E.19749
G1 X213.063 Y109.437 E.03811
G1 X208.937 Y105.312 E.19749
G1 X208.937 Y103.174 E.07237
G1 X213.063 Y99.049 E.19749
G1 X213.063 Y97.923 E.03811
G1 X208.937 Y93.798 E.19749
G1 X208.937 Y91.66 E.07237
G1 X213.063 Y87.535 E.19749
G1 X213.063 Y86.409 E.03811
G1 X208.937 Y82.284 E.19749
G1 X208.937 Y80.146 E.07237
G1 X213.063 Y76.021 E.19749
G1 X213.063 Y74.895 E.03811
G1 X208.937 Y70.77 E.19749
G1 X208.937 Y68.632 E.07237
G1 X213.063 Y64.507 E.19749
G1 X213.063 Y63.381 E.03811
G1 X208.937 Y59.256 E.19749
G1 X208.937 Y57.118 E.07237
G1 X213.063 Y52.993 E.19749
G1 X213.063 Y51.738 E.04248
G1 X207.933 Y46.609 E.24555
G1 X206.258 Y48.284 E.08018
G1 X200.498 Y42.53 E.27558
G1 X202.176 Y40.852 E.08032
G1 X196.419 Y35.095 E.27558
G1 X194.739 Y36.775 E.08042
G1 X188.979 Y31.021 E.27558
G1 X190.662 Y29.338 E.08056
G1 X187.612 Y26.287 E.14603
G1 X182.199 Y26.287 E.18322
G1 X178.073 Y30.413 E.19751
G1 X180.094 Y30.413 E.06841
G1 X175.969 Y26.287 E.19749
G1 X170.685 Y26.287 E.17886
G1 X166.56 Y30.413 E.19749
G1 X168.58 Y30.413 E.06837
G1 X164.455 Y26.287 E.19749
G1 X159.171 Y26.287 E.17886
G1 X155.046 Y30.413 E.19749
G1 X157.066 Y30.413 E.06837
G1 X152.941 Y26.287 E.19749
G1 X147.657 Y26.287 E.17886
G1 X143.532 Y30.413 E.19749
G1 X145.552 Y30.413 E.06837
G1 X141.427 Y26.287 E.19749
G1 X136.143 Y26.287 E.17886
G1 X132.018 Y30.413 E.19749
G1 X134.038 Y30.413 E.06837
G1 X121.913 Y18.287 E.58044
G1 X121.115 Y18.287 E.02701
G1 X108.99 Y30.413 E.58044
G1 X111.01 Y30.413 E.06837
G1 X98.885 Y18.287 E.58044
G1 X98.087 Y18.287 E.02701
G1 X85.962 Y30.413 E.58044
G1 X87.982 Y30.413 E.06837
G1 X83.845 Y26.275 E.19806
G1 X78.584 Y26.276 E.17808
G1 X74.448 Y30.413 E.19801
G1 X76.468 Y30.413 E.06837
G1 X72.334 Y26.278 E.19792
G1 X67.067 Y26.279 E.17828
G1 X62.934 Y30.413 E.19787
G1 X64.954 Y30.413 E.06837
G1 X60.823 Y26.281 E.19777
G1 X55.551 Y26.282 E.17845
G1 X51.42 Y30.413 E.19775
G1 X53.441 Y30.413 E.06841
G1 X49.311 Y26.283 E.1977
G1 X44.034 Y26.285 E.17862
G1 X39.906 Y30.413 E.19761
G1 X41.927 Y30.413 E.06841
G1 X37.8 Y26.286 E.19756
G1 X32.388 Y26.287 E.18319
G1 X29.338 Y29.338 E.14603
G1 X31.012 Y31.012 E.08013
G1 X25.255 Y36.769 E.27558
G1 X23.581 Y35.095 E.08013
G1 X17.824 Y40.852 E.27558
G1 X19.498 Y42.526 E.08013
G1 X13.741 Y48.283 E.27558
G1 X12.067 Y46.609 E.08013
G1 X6.937 Y51.738 E.24555
G1 X6.937 Y52.993 E.04248
G1 X11.063 Y57.118 E.19749
G1 X11.063 Y59.256 E.07237
G1 X6.937 Y63.381 E.19749
G1 X6.937 Y64.507 E.03811
G1 X11.063 Y68.632 E.19749
G1 X11.063 Y70.77 E.07237
G1 X6.937 Y74.895 E.19749
G1 X6.937 Y76.021 E.03811
G1 X11.063 Y80.146 E.19749
G1 X11.063 Y82.284 E.07237
G1 X6.937 Y86.409 E.19749
G1 X6.937 Y87.535 E.03811
G1 X11.063 Y91.66 E.19749
G1 X11.063 Y93.798 E.07237
G1 X6.937 Y97.923 E.19749
G1 X6.937 Y99.049 E.03811
G1 X11.063 Y103.174 E.19749
G1 X11.063 Y105.312 E.07237
G1 X6.937 Y109.437 E.19749
G1 X6.937 Y110.563 E.03811
G1 X11.063 Y114.688 E.19749
G1 X11.063 Y116.826 E.07237
G1 X6.937 Y120.951 E.19749
G1 X6.937 Y122.077 E.03811
G1 X11.063 Y126.202 E.19749
G1 X11.063 Y128.34 E.07237
G1 X6.937 Y132.465 E.19749
G1 X6.937 Y133.591 E.03811
G1 X11.063 Y137.716 E.19749
G1 X11.063 Y139.854 E.07237
G1 X6.937 Y143.979 E.19749
G1 X6.937 Y145.105 E.03811
G1 X11.063 Y149.23 E.19749
G1 X11.063 Y151.368 E.07237
G1 X6.937 Y155.493 E.19749
G1 X6.937 Y156.619 E.03811
G1 X11.063 Y160.744 E.19749
G1 X11.063 Y162.882 E.07237
G1 X6.937 Y167.007 E.19749
G1 X6.937 Y168.133 E.03811
G1 X35.217 Y196.413 E1.35375
G1 X35.101 Y196.413 E.00393
G1 X39.227 Y192.287 E.19751
G1 X42.606 Y192.287 E.11438
G1 X46.731 Y196.413 E.19749
G1 X46.615 Y196.413 E.00393
G1 X50.74 Y192.287 E.19749
G1 X51.063 Y192.287 E.01093
G1 X51.063 Y194.408 E.07179
G1 E-2 F2400
M204 S8000
G1 X31.393 Y192.061 F24000
G1 E2 F2400
M204 S5000
G1 F13200
G1 X29.662 Y190.338 E.08267
G1 X27.988 Y192.012 E.08013
G1 X22.231 Y186.255 E.27558
G1 X23.905 Y184.581 E.08013
G1 X18.148 Y178.824 E.27558
G1 X16.474 Y180.498 E.08013
G1 X10.717 Y174.741 E.27558
G1 X12.391 Y173.067 E.08013
G1 X11.324 Y171.999 E.0511
G1 X11.125 Y171.698 E.01221
G1 X11.063 Y171.132 E.01927
M106 S155.55
;LAYER_CHANGE
;Z:1.3
;HEIGHT:0.0999999
G1 E-2 F2400
G1 Z1.3 F24000
M204 S8000
G1 X167.463 Y196.813
G1 E2 F2400
M204 S5000
;TYPE:Support material
;WIDTH:0.4
;HEIGHT:0.3
G1 F7200
G1 X167.163 Y196.813 E.01256
G1 X167.163 Y192.834 E.16656
G1 X52.837 Y192.834 E4.78572
G1 X52.837 Y196.813 E.16656
G1 X52.538 Y196.813 E.01252
G1 X52.538 Y191.888 E.20616
G1 X167.463 Y191.888 E4.8108
G1 X167.463 Y196.762 E.20403
;LAYER_CHANGE
;Z:1.4
;HEIGHT:0.1
G1 E-2 F2400
G1 Z1.4 F24000
M204 S8000
G1 X161.553 Y197.784
G1 E2 F2400
M204 S4000
;TYPE:Perimeter
;WIDTH:0.449999
;HEIGHT:0.2
G1 F10800
G1 X161.61 Y197.858 E.00316
G1 X161.779 Y197.949 E.0065
G1 X161.979 Y197.982 E.00686
G1 X167.368 Y197.982 E.18241
G1 X167.368 Y201.718 E.12646
G1 X52.632 Y201.718 E3.88367
G1 X52.632 Y197.982 E.12646
G1 X58.106 Y197.982 E.18529
G1 X58.39 Y197.858 E.01049
G1 X58.512 Y197.735 E.00586
G1 X58.632 Y197.371 E.01297
G1 X58.632 Y194.482 E.09779
G1 X161.368 Y194.482 E3.47749
G1 X161.368 Y197.371 E.09779
G1 X161.413 Y197.602 E.00797
G1 X161.516 Y197.736 E.00572
M204 S5000
M204 S8000
G1 X161.835 Y197.501 F24000
M204 S4000
;TYPE:External perimeter
G1 F7200
G1 X161.856 Y197.534 E.00132
G1 X161.979 Y197.575 E.00439
G1 X167.775 Y197.575 E.19619
G1 X167.775 Y202.125 E.15401
G1 X52.225 Y202.125 E3.91122
G1 X52.225 Y197.575 E.15401
G1 X58.021 Y197.575 E.19619
G1 X58.144 Y197.534 E.00439
G1 X58.225 Y197.371 E.00616
G1 X58.225 Y194.075 E.11157
G1 X161.775 Y194.075 E3.50504
G1 X161.775 Y197.402 E.11261
G1 X161.804 Y197.449 E.00187
M204 S5000
G1 X162.186 Y197.568 F24000
G1 E-2 F2400
M204 S8000
G1 X84.632 Y17.982 F24000
G1 E2 F2400
M204 S4000
;TYPE:Perimeter
G1 F10800
G1 X135.368 Y17.982 E1.71735
G1 X135.368 Y25.445 E.25261
G1 X135.452 Y25.681 E.00848
G1 X135.656 Y25.89 E.00989
G1 X135.979 Y25.982 E.01137
G1 X187.738 Y25.982 E1.75198
G1 X213.368 Y51.612 E1.22689
G1 X213.368 Y171.088 E4.04411
G1 X187.738 Y196.718 E1.22689
G1 X168.632 Y196.718 E.64671
G1 X168.632 Y191.982 E.16031
G1 X188.009 Y191.982 E.65589
G1 X188.234 Y191.939 E.00775
G1 X188.441 Y191.803 E.00838
G1 X208.453 Y171.791 E.95796
G1 X208.589 Y171.584 E.00838
G1 X208.632 Y171.359 E.00775
G1 X208.632 Y51.341 E4.06246
G1 X208.589 Y51.116 E.00775
G1 X208.453 Y50.909 E.00838
G1 X188.441 Y30.897 E.95796
G1 X188.234 Y30.761 E.00838
G1 X188.009 Y30.718 E.00775
G1 X31.991 Y30.718 E5.28102
G1 X31.766 Y30.761 E.00775
G1 X31.559 Y30.897 E.00838
G1 X11.547 Y50.909 E.95796
G1 X11.411 Y51.116 E.00838
G1 X11.368 Y51.341 E.00775
G1 X11.368 Y171.359 E4.06246
G1 X11.411 Y171.584 E.00775
G1 X11.547 Y171.791 E.00838
G1 X31.559 Y191.803 E.95796
G1 X31.766 Y191.939 E.00838
G1 X31.991 Y191.982 E.00775
G1 X51.368 Y191.982 E.65589
G1 X51.368 Y196.718 E.16031
G1 X32.262 Y196.718 E.64671
G1 X6.632 Y171.088 E1.22689
G1 X6.632 Y51.612 E4.04411
G1 X32.262 Y25.982 E1.22689
G1 X84.152 Y25.982 E1.75641
G1 X84.464 Y25.793 E.01235
G1 X84.599 Y25.57 E.00882
G1 X84.632 Y25.371 E.00683
G1 X84.632 Y18.042 E.24808
M204 S5000
M204 S8000
G1 X84.225 Y17.575 F24000
M204 S4000
;TYPE:External perimeter
G1 F7200
G1 X135.775 Y17.575 E1.7449
G1 X135.775 Y25.371 E.26388
G1 X135.831 Y25.512 E.00514
G1 X135.979 Y25.575 E.00544
G1 X187.907 Y25.575 E1.7577
G1 X213.775 Y51.443 E1.23829
G1 X213.775 Y171.257 E4.05556
G1 X187.907 Y197.125 E1.23829
G1 X168.225 Y197.125 E.66621
G1 X168.225 Y191.575 E.18786
G1 X188.009 Y191.575 E.66966
G1 X188.153 Y191.515 E.00528
G1 X208.165 Y171.503 E.95796
G1 X208.225 Y171.359 E.00528
G1 X208.225 Y51.341 E4.06246
G1 X208.165 Y51.197 E.00528
G1 X188.153 Y31.185 E.95796
G1 X188.009 Y31.125 E.00528
G1 X31.991 Y31.125 E5.28102
G1 X31.847 Y31.185 E.00528
G1 X11.835 Y51.197 E.95796
G1 X11.775 Y51.341 E.00528
G1 X11.775 Y171.359 E4.06246
G1 X11.835 Y171.503 E.00528
G1 X31.847 Y191.515 E.95796
G1 X31.991 Y191.575 E.00528
G1 X51.775 Y191.575 E.66966
G1 X51.775 Y197.125 E.18786
G1 X32.093 Y197.125 E.66621
G1 X6.225 Y171.257 E1.23829
G1 X6.225 Y51.443 E4.05556
G1 X32.093 Y25.575 E1.23829
G1 X84.021 Y25.575 E1.7577
G1 X84.169 Y25.512 E.00544
G1 X84.225 Y25.371 E.00514
G1 X84.225 Y17.635 E.26185
M204 S5000
G1 X84.621 Y17.576 F24000
G1 E-2 F2400
M204 S8000
G1 X84.932 Y22.368 F24000
G1 E2 F2400
M204 S5000
;TYPE:Internal infill
;WIDTH:0.45
G1 F13200
G1 X84.935 Y19.925 E.08269
G1 X86.573 Y18.287 E.07841
G1 X87.371 Y18.287 E.02701
G1 X99.089 Y30.006 E.56096
G1 X97.883 Y30.006 E.04082
G1 X109.601 Y18.287 E.56096
G1 X110.399 Y18.287 E.02701
G1 X122.117 Y30.006 E.56096
G1 X120.911 Y30.006 E.04082
G1 X132.629 Y18.287 E.56096
G1 X133.427 Y18.287 E.02701
G1 X134.656 Y19.516 E.05883
G1 X134.656 Y21.959 E.08269
G1 E-2 F2400
M204 S8000
G1 X135.063 Y19.596 F24000
G1 E2 F2400
M204 S5000
;TYPE:Solid infill
;WIDTH:0.450028
G1 F9600
G1 X135.063 Y25.363 E.19522
;WIDTH:0.451212
G1 X135.19 Y25.837 E.01666
;WIDTH:0.451794
G1 X135.495 Y26.149 E.01483
G1 X135.75 Y26.256 E.0094
;WIDTH:0.450028
G1 X135.986 Y26.287 E.00806
G1 X187.527 Y26.287 E1.74472
G1 X187.671 Y26.347 E.00528
G1 X213.003 Y51.679 E1.21271
G1 X213.063 Y51.79 E.00427
G1 X213.063 Y170.877 E4.03123
G1 X213.026 Y170.998 E.00428
G1 X187.671 Y196.353 E1.21381
G1 X187.527 Y196.413 E.00528
G1 X169.141 Y196.413 E.62239
;WIDTH:0.484955
G1 X169.057 Y196.395 E.00316
;WIDTH:0.51988
G1 X168.972 Y196.378 E.00344
G1 X168.955 Y196.293 E.00344
;WIDTH:0.484954
G1 X168.937 Y196.209 E.00316
;WIDTH:0.450028
G1 X168.937 Y192.491 E.12586
;WIDTH:0.484954
G1 X168.955 Y192.407 E.00316
;WIDTH:0.51988
G1 X168.972 Y192.322 E.00344
G1 X169.057 Y192.305 E.00344
;WIDTH:0.484954
G1 X169.141 Y192.287 E.00316
;WIDTH:0.450028
G1 X187.999 Y192.287 E.63837
G1 X188.381 Y192.202 E.01325
G1 X188.664 Y192.012 E.01154
G1 X208.663 Y172.012 E.95743
G1 X208.881 Y171.662 E.01396
G1 X208.937 Y171.349 E.01076
G1 X208.937 Y51.351 E4.06207
G1 X208.852 Y50.969 E.01325
G1 X208.662 Y50.686 E.01154
G1 X188.559 Y30.601 E.96196
G1 X188.312 Y30.469 E.00948
G1 X187.999 Y30.413 E.01076
G1 X32.001 Y30.413 E5.28071
G1 X31.619 Y30.498 E.01325
G1 X31.336 Y30.688 E.01154
G1 X11.337 Y50.688 E.95743
G1 X11.119 Y51.038 E.01396
G1 X11.063 Y51.351 E.01076
G1 X11.063 Y171.349 E4.06207
G1 X11.148 Y171.731 E.01325
G1 X11.338 Y172.014 E.01154
G1 X31.338 Y192.014 E.95746
G1 X31.688 Y192.231 E.01394
G1 X32.001 Y192.287 E.01076
G1 X50.859 Y192.287 E.63837
;WIDTH:0.484953
G1 X50.943 Y192.305 E.00316
;WIDTH:0.519878
G1 X51.028 Y192.322 E.00344
G1 X51.045 Y192.407 E.00344
;WIDTH:0.484953
G1 X51.063 Y192.491 E.00316
;WIDTH:0.45003
G1 X51.063 Y196.209 E.12586
;WIDTH:0.484954
G1 X51.045 Y196.293 E.00316
;WIDTH:0.519878
G1 X51.028 Y196.378 E.00344
G1 X50.943 Y196.395 E.00344
;WIDTH:0.484953
G1 X50.859 Y196.413 E.00316
;WIDTH:0.450028
G1 X32.473 Y196.413 E.62239
G1 X32.329 Y196.353 E.00528
G1 X6.997 Y171.021 E1.21271
G1 X6.937 Y170.877 E.00528
G1 X6.937 Y51.823 E4.03012
G1 X6.997 Y51.679 E.00528
G1 X32.329 Y26.347 E1.21271
G1 X32.473 Y26.287 E.00528
G1 X84.143 Y26.275 E1.74909
G1 X84.528 Y26.131 E.01391
G1 X84.811 Y25.832 E.01394
G1 X84.928 Y25.484 E.01243
G1 X84.928 Y24.977 E.01716
G1 E-2 F2400
M204 S8000
G1 X35.765 Y26.694 F24000
G1 E2 F2400
M204 S5000
;TYPE:Internal infill
;WIDTH:0.45
G1 F13200
G1 X38.207 Y26.693 E.08266
G1 X41.519 Y30.006 E.15857
G1 X40.313 Y30.006 E.04082
G1 X43.627 Y26.692 E.15864
G1 X49.718 Y26.69 E.20617
G1 X53.033 Y30.006 E.15871
G1 X51.827 Y30.006 E.04082
G1 X55.144 Y26.689 E.15878
G1 X61.23 Y26.688 E.206
G1 X64.547 Y30.006 E.15881
G1 X63.341 Y30.006 E.04082
G1 X66.66 Y26.686 E.1589
G1 X72.741 Y26.685 E.20583
G1 X76.061 Y30.006 E.15895
G1 X74.855 Y30.006 E.04082
G1 X78.177 Y26.684 E.15902
G1 X84.252 Y26.682 E.20563
G1 X87.575 Y30.006 E.15909
G1 X86.369 Y30.006 E.04082
G1 X98.087 Y18.287 E.56096
G1 X98.885 Y18.287 E.02701
G1 X110.603 Y30.006 E.56096
G1 X109.397 Y30.006 E.04082
G1 X121.115 Y18.287 E.56096
G1 X121.913 Y18.287 E.02701
G1 X133.631 Y30.006 E.56096
G1 X132.425 Y30.006 E.04082
G1 X135.762 Y26.669 E.15974
G1 X141.834 Y26.694 E.20553
G1 X145.145 Y30.006 E.15852
G1 X143.939 Y30.006 E.04082
G1 X147.25 Y26.694 E.15852
G1 X153.348 Y26.694 E.20641
G1 X156.659 Y30.006 E.15852
G1 X155.453 Y30.006 E.04082
G1 X158.764 Y26.694 E.15852
G1 X164.862 Y26.694 E.20641
G1 X168.173 Y30.006 E.15852
G1 X166.967 Y30.006 E.04082
G1 X170.278 Y26.694 E.15852
G1 X176.376 Y26.694 E.20641
G1 X179.687 Y30.006 E.15852
G1 X178.481 Y30.006 E.04082
G1 X181.792 Y26.694 E.15852
G1 X184.234 Y26.694 E.08266
G1 E-2 F2400
M204 S8000
G1 X187.074 Y30.006 F24000
G1 E2 F2400
M204 S5000
G1 F13200
G1 X188.057 Y30.006 E.03327
G1 X188.481 Y30.086 E.01461
G1 X188.783 Y30.249 E.01162
G1 X189.267 Y30.733 E.02317
G1 X190.374 Y29.626 E.05299
G1 X196.131 Y35.383 E.27558
G1 X195.027 Y36.487 E.05285
G1 X200.786 Y42.242 E.27558
G1 X201.888 Y41.14 E.05275
G1 X207.645 Y46.897 E.27558
G1 X206.546 Y47.996 E.05261
G1 X208.273 Y49.723 E.08267
G1 E-2 F2400
M204 S8000
G1 X212.656 Y55.843 F24000
G1 E2 F2400
M204 S5000
G1 F13200
G1 X212.656 Y53.4 E.08269
G1 X209.344 Y56.711 E.15852
G1 X209.344 Y59.663 E.09992
G1 X212.656 Y62.974 E.15852
G1 X212.656 Y64.914 E.06567
G1 X209.344 Y68.225 E.15852
G1 X209.344 Y71.177 E.09992
G1 X212.656 Y74.488 E.15852
G1 X212.656 Y76.428 E.06567
G1 X209.344 Y79.739 E.15852
G1 X209.344 Y82.691 E.09992
G1 X212.656 Y86.002 E.15852
G1 X212.656 Y87.942 E.06567
G1 X209.344 Y91.253 E.15852
G1 X209.344 Y94.205 E.09992
G1 X212.656 Y97.516 E.15852
G1 X212.656 Y99.456 E.06567
G1 X209.344 Y102.767 E.15852
G1 X209.344 Y105.719 E.09992
G1 X212.656 Y109.03 E.15852
G1 X212.656 Y110.97 E.06567
G1 X209.344 Y114.281 E.15852
G1 X209.344 Y117.233 E.09992
G1 X212.656 Y120.544 E.15852
G1 X212.656 Y122.484 E.06567
G1 X209.344 Y125.795 E.15852
G1 X209.344 Y128.747 E.09992
G1 X212.656 Y132.058 E.15852
G1 X212.656 Y133.998 E.06567
G1 X209.344 Y137.309 E.15852
G1 X209.344 Y140.261 E.09992
G1 X212.656 Y143.572 E.15852
G1 X212.656 Y145.512 E.06567
G1 X209.344 Y148.823 E.15852
G1 X209.344 Y151.775 E.09992
G1 X212.656 Y155.086 E.15852
G1 X212.656 Y157.026 E.06567
G1 X209.344 Y160.337 E.15852
G1 X209.344 Y163.289 E.09992
G1 X212.656 Y166.6 E.15852
G1 X212.656 Y168.54 E.06567
G1 X207.897 Y173.355 E.22915
G1 X208.995 Y174.453 E.05256
G1 X203.238 Y180.21 E.27558
G1 X202.14 Y179.112 E.05256
G1 X196.383 Y184.869 E.27558
G1 X197.481 Y185.967 E.05256
G1 X191.724 Y191.724 E.27558
G1 X190.626 Y190.626 E.05256
G1 X185.19 Y196.006 E.25888
G1 X184.492 Y196.006 E.02363
G1 X181.181 Y192.694 E.15852
G1 X176.987 Y192.694 E.14196
G1 X173.676 Y196.006 E.15852
G1 X172.978 Y196.006 E.02363
G1 X169.667 Y192.694 E.15852
G1 X172.109 Y192.694 E.08266
G1 E-2 F2400
M204 S8000
G1 X164.428 Y201.413 F24000
G1 E2 F2400
M204 S5000
G1 F13200
G1 X166.871 Y201.413 E.08269
G1 X163.746 Y198.287 E.14962
G1 X161.97 Y198.287 E.06012
G1 X161.679 Y198.239 E.00998
G1 X161.425 Y198.103 E.00975
G1 X161.242 Y197.917 E.00883
G1 X161.113 Y197.659 E.00976
G1 X160.508 Y197.659 E.02048
G1 X156.755 Y201.413 E.17968
G1 X155.357 Y201.413 E.04732
G1 X149.64 Y195.696 E.27367
G1 X150.957 Y195.696 E.04458
G1 X145.241 Y201.413 E.27365
G1 X143.843 Y201.413 E.04732
G1 X138.126 Y195.696 E.27367
G1 X139.443 Y195.696 E.04458
G1 X133.727 Y201.413 E.27365
G1 X132.329 Y201.413 E.04732
G1 X126.612 Y195.696 E.27367
G1 X127.929 Y195.696 E.04458
G1 X122.213 Y201.413 E.27365
G1 X120.815 Y201.413 E.04732
G1 X115.099 Y195.696 E.27365
G1 X116.415 Y195.696 E.04455
G1 X110.699 Y201.413 E.27365
G1 X109.301 Y201.413 E.04732
G1 X103.585 Y195.696 E.27365
G1 X104.901 Y195.696 E.04455
G1 X99.185 Y201.413 E.27365
G1 X97.787 Y201.413 E.04732
G1 X92.071 Y195.696 E.27365
G1 X93.388 Y195.696 E.04458
G1 X87.671 Y201.413 E.27367
G1 X86.273 Y201.413 E.04732
G1 X80.557 Y195.696 E.27365
G1 X81.874 Y195.696 E.04458
G1 X76.157 Y201.413 E.27367
G1 X74.759 Y201.413 E.04732
G1 X69.043 Y195.696 E.27365
G1 X70.36 Y195.696 E.04458
G1 X64.643 Y201.413 E.27367
G1 X63.245 Y201.413 E.04732
G1 X59.492 Y197.659 E.17968
G1 X58.887 Y197.659 E.02048
G1 X58.758 Y197.917 E.00976
G1 X58.575 Y198.103 E.00883
G1 X58.321 Y198.239 E.00975
G1 X58.03 Y198.287 E.00998
G1 X56.254 Y198.287 E.06012
G1 X53.129 Y201.413 E.14962
G1 X55.572 Y201.413 E.08269
G1 E-2 F2400
M204 S8000
G1 X58.936 Y194.991 F24000
G1 E2 F2400
M204 S5000
;TYPE:Solid infill
;WIDTH:0.449999
G1 F9600
G1 X58.926 Y197.252 E.07653
G1 X59.902 Y197.252 E.03304
G1 X59.902 Y195.593 E.05616
G1 X59.962 Y195.449 E.00528
;WIDTH:0.497306
G1 X60.168 Y195.265 E.01044
G1 X159.794 Y195.265 E3.7641
G1 X160.038 Y195.449 E.01155
;WIDTH:0.449999
G1 X160.098 Y195.592 E.00525
G1 X160.098 Y197.24 E.05578
G1 X161.074 Y197.252 E.03304
G1 X161.063 Y194.787 E.08344
G1 X160.312 Y194.787 E.02542
;WIDTH:0.497306
G1 X159.794 Y194.811 E.01959
G1 X60.206 Y194.811 E3.76267
G1 X59.688 Y194.787 E.01959
;WIDTH:0.449999
G1 X58.937 Y194.787 E.02542
G1 X59.449 Y195.302 E.02458
;WIDTH:0.664956
G1 X59.434 Y195.446 E.00749
;WIDTH:0.634818
G1 X59.418 Y195.59 E.00713
;WIDTH:0.609736
G1 X59.415 Y196.765 E.05538
G1 E-2 F2400
M204 S8000
G1 X160.551 Y195.302 F24000
G1 E2 F2400
M204 S5000
;WIDTH:0.664956
G1 F9600
G1 X160.566 Y195.446 E.00749
;WIDTH:0.634818
G1 X160.582 Y195.59 E.00713
;WIDTH:0.609734
G1 X160.585 Y196.765 E.05538
G1 E-2 F2400
M204 S8000
G1 X47.891 Y192.694 F24000
G1 E2 F2400
M204 S5000
;TYPE:Internal infill
;WIDTH:0.45
G1 F13200
G1 X50.333 Y192.694 E.08266
G1 X47.022 Y196.006 E.15852
G1 X46.324 Y196.006 E.02363
G1 X43.013 Y192.694 E.15852
G1 X38.819 Y192.694 E.14196
G1 X35.508 Y196.006 E.15852
G1 X34.81 Y196.006 E.02363
G1 X29.374 Y190.626 E.25888
G1 X28.276 Y191.724 E.05256
G1 X30.003 Y193.451 E.08267
G1 E-2 F2400
M204 S8000
G1 X21.89 Y183.142 F24000
G1 E2 F2400
M204 S5000
G1 F13200
G1 X23.617 Y184.869 E.08267
G1 X22.519 Y185.967 E.05256
G1 X16.762 Y180.21 E.27558
G1 X17.86 Y179.112 E.05256
G1 X16.133 Y177.385 E.08267
G1 E-2 F2400
M204 S8000
G1 X12.732 Y176.18 F24000
G1 E2 F2400
M204 S5000
G1 F13200
G1 X11.005 Y174.453 E.08267
G1 X12.103 Y173.355 E.05256
G1 X7.344 Y168.54 E.22915
G1 X7.344 Y166.6 E.06567
G1 X10.656 Y163.289 E.15852
G1 X10.656 Y160.337 E.09992
G1 X7.344 Y157.026 E.15852
G1 X7.344 Y155.086 E.06567
G1 X10.656 Y151.775 E.15852
G1 X10.656 Y148.823 E.09992
G1 X7.344 Y145.512 E.15852
G1 X7.344 Y143.572 E.06567
G1 X10.656 Y140.261 E.15852
G1 X10.656 Y137.309 E.09992
G1 X7.344 Y133.998 E.15852
G1 X7.344 Y132.058 E.06567
G1 X10.656 Y128.747 E.15852
G1 X10.656 Y125.795 E.09992
G1 X7.344 Y122.484 E.15852
G1 X7.344 Y120.544 E.06567
G1 X10.656 Y117.233 E.15852
G1 X10.656 Y114.281 E.09992
G1 X7.344 Y110.97 E.15852
G1 X7.344 Y109.03 E.06567
G1 X10.656 Y105.719 E.15852
G1 X10.656 Y102.767 E.09992
G1 X7.344 Y99.456 E.15852
G1 X7.344 Y97.516 E.06567
G1 X10.656 Y94.205 E.15852
G1 X10.656 Y91.253 E.09992
G1 X7.344 Y87.942 E.15852
G1 X7.344 Y86.002 E.06567
G1 X10.656 Y82.691 E.15852
G1 X10.656 Y79.739 E.09992
G1 X7.344 Y76.428 E.15852
G1 X7.344 Y74.488 E.06567
G1 X10.656 Y71.177 E.15852
G1 X10.656 Y68.225 E.09992
G1 X7.344 Y64.914 E.15852
G1 X7.344 Y62.974 E.06567
G1 X10.656 Y59.663 E.15852
G1 X10.656 Y56.711 E.09992
G1 X7.344 Y53.4 E.15852
G1 X7.344 Y55.843 E.08269
G1 E-2 F2400
M204 S8000
G1 X11.726 Y49.722 F24000
G1 E2 F2400
M204 S5000
G1 F13200
G1 X13.453 Y47.995 E.08267
G1 X12.355 Y46.897 E.05256
G1 X18.112 Y41.14 E.27558
G1 X19.21 Y42.238 E.05256
G1 X24.967 Y36.481 E.27558
G1 X23.869 Y35.383 E.05256
G1 X29.626 Y29.626 E.27558
G1 X30.724 Y30.724 E.05256
G1 X31.092 Y30.356 E.01762
G1 X31.497 Y30.091 E.01638
G1 X31.943 Y30.006 E.01537
G1 X32.927 Y30.006 E.03331
M107
;LAYER_CHANGE
;Z:1.6
;HEIGHT:0.2
G1 E-2 F2400
G1 Z1.6 F24000
M204 S8000
G1 X170.168 Y190.995
G1 E2 F2400
M204 S5000
;TYPE:Support material interface
;WIDTH:0.4
;HEIGHT:0.4
G1 F4800
G1 X170.168 Y189.854 E.05961
G1 X170.09 Y189.777 E.00573
G1 X169.811 Y189.777 E.01458
G1 X169.811 Y190.834 E.05522
G1 X169.454 Y190.834 E.01865
G1 X169.454 Y189.777 E.05522
G1 X169.097 Y189.777 E.01865
G1 X169.097 Y190.834 E.05522
G1 X168.739 Y190.834 E.0187
G1 X168.739 Y189.777 E.05522
G1 X168.382 Y189.777 E.01865
G1 X168.382 Y190.834 E.05522
G1 X168.025 Y190.834 E.01865
G1 X168.025 Y189.777 E.05522
G1 X167.668 Y189.777 E.01865
G1 X167.668 Y190.952 E.06139
G1 X167.484 Y191.136 E.01359
G1 X167.484 Y191.488 E.01839
;HEIGHT:0.3
G1 X167.484 Y191.571 E.00347
G1 X167.311 Y191.571 E.00724
G1 X167.311 Y191.488 E.00347
;HEIGHT:0.4
G1 X167.311 Y189.777 E.08939
G1 X166.954 Y189.777 E.01865
G1 X166.954 Y191.488 E.08939
;HEIGHT:0.3
G1 X166.954 Y191.571 E.00347
G1 X166.597 Y191.571 E.01494
G1 X166.597 Y191.488 E.00347
;HEIGHT:0.4
G1 X166.597 Y189.777 E.08939
G1 X166.24 Y189.777 E.01865
G1 X166.24 Y191.488 E.08939
;HEIGHT:0.3
G1 X166.24 Y191.571 E.00347
G1 X165.883 Y191.571 E.01494
G1 X165.883 Y191.488 E.00347
;HEIGHT:0.4
G1 X165.883 Y189.777 E.08939
G1 X165.526 Y189.777 E.01865
G1 X165.526 Y191.488 E.08939
;HEIGHT:0.3
G1 X165.526 Y191.571 E.00347
G1 X165.169 Y191.571 E.01494
G1 X165.169 Y191.488 E.00347
;HEIGHT:0.4
G1 X165.169 Y189.777 E.08939
G1 X164.812 Y189.777 E.01865
G1 X164.812 Y191.488 E.08939
;HEIGHT:0.3
G1 X164.812 Y191.571 E.00347
G1 X164.454 Y191.571 E.01499
G1 X164.454 Y191.488 E.00347
;HEIGHT:0.4
G1 X164.454 Y189.777 E.08939
G1 X164.097 Y189.777 E.01865
G1 X164.097 Y191.488 E.08939
;HEIGHT:0.3
G1 X164.097 Y191.571 E.00347
G1 X163.74 Y191.571 E.01494
G1 X163.74 Y191.488 E.00347
;HEIGHT:0.4
G1 X163.74 Y189.777 E.08939
G1 X163.383 Y189.777 E.01865
G1 X163.383 Y191.488 E.08939
;HEIGHT:0.3
G1 X163.383 Y191.571 E.00347
G1 X163.026 Y191.571 E.01494
G1 X163.026 Y191.488 E.00347
;HEIGHT:0.4
G1 X163.026 Y189.777 E.08939
G1 X162.669 Y189.777 E.01865
G1 X162.669 Y191.488 E.08939
;HEIGHT:0.3
G1 X162.669 Y191.571 E.00347
G1 X162.312 Y191.571 E.01494
G1 X162.312 Y191.488 E.00347
;HEIGHT:0.4
G1 X162.312 Y189.777 E.08939
G1 X161.955 Y189.777 E.01865
G1 X161.955 Y191.488 E.08939
;HEIGHT:0.3
G1 X161.955 Y191.571 E.00347
G1 X161.598 Y191.571 E.01494
G1 X161.598 Y191.488 E.00347
;HEIGHT:0.4
G1 X161.598 Y189.777 E.08939
G1 X161.241 Y189.777 E.01865
G1 X161.241 Y191.488 E.08939
;HEIGHT:0.3
G1 X161.241 Y191.571 E.00347
G1 X160.884 Y191.571 E.01494
G1 X160.884 Y191.488 E.00347
;HEIGHT:0.4
G1 X160.884 Y189.777 E.08939
G1 X160.527 Y189.777 E.01865
G1 X160.527 Y191.488 E.08939
;HEIGHT:0.3
G1 X160.527 Y191.571 E.00347
G1 X160.17 Y191.571 E.01494
G1 X160.17 Y191.488 E.00347
;HEIGHT:0.4
G1 X160.17 Y189.777 E.08939
G1 X159.812 Y189.777 E.0187
G1 X159.812 Y191.488 E.08939
;HEIGHT:0.3
G1 X159.812 Y191.571 E.00347
G1 X159.455 Y191.571 E.01494
G1 X159.455 Y191.488 E.00347
;HEIGHT:0.4
G1 X159.455 Y189.777 E.08939
G1 X159.098 Y189.777 E.01865
G1 X159.098 Y191.488 E.08939
;HEIGHT:0.3
G1 X159.098 Y191.571 E.00347
G1 X158.741 Y191.571 E.01494
G1 X158.741 Y191.488 E.00347
;HEIGHT:0.4
G1 X158.741 Y189.777 E.08939
G1 X158.384 Y189.777 E.01865
G1 X158.384 Y191.488 E.08939
;HEIGHT:0.3
G1 X158.384 Y191.571 E.00347
G1 X158.027 Y191.571 E.01494
G1 X158.027 Y191.488 E.00347
;HEIGHT:0.4
G1 X158.027 Y189.777 E.08939
G1 X157.67 Y189.777 E.01865
G1 X157.67 Y191.488 E.08939
;HEIGHT:0.3
G1 X157.67 Y191.571 E.00347
G1 X157.313 Y191.571 E.01494
G1 X157.313 Y191.488 E.00347
;HEIGHT:0.4
G1 X157.313 Y189.777 E.08939
G1 X156.956 Y189.777 E.01865
G1 X156.956 Y191.488 E.08939
;HEIGHT:0.3
G1 X156.956 Y191.571 E.00347
G1 X156.599 Y191.571 E.01494
G1 X156.599 Y191.488 E.00347
;HEIGHT:0.4
G1 X156.599 Y189.777 E.08939
G1 X156.242 Y189.777 E.01865
G1 X156.242 Y191.488 E.08939
;HEIGHT:0.3
G1 X156.242 Y191.571 E.00347
G1 X155.885 Y191.571 E.01494
G1 X155.885 Y191.488 E.00347
;HEIGHT:0.4
G1 X155.885 Y189.777 E.08939
G1 X155.528 Y189.777 E.01865
G1 X155.528 Y191.488 E.08939
;HEIGHT:0.3
G1 X155.528 Y191.571 E.00347
G1 X155.17 Y191.571 E.01499
G1 X155.17 Y191.488 E.00347
;HEIGHT:0.4
G1 X155.17 Y189.777 E.08939
G1 X154.813 Y189.777 E.01865
G1 X154.813 Y191.488 E.08939
;HEIGHT:0.3
G1 X154.813 Y191.571 E.00347
G1 X154.456 Y191.571 E.01494
G1 X154.456 Y191.488 E.00347
;HEIGHT:0.4
G1 X154.456 Y189.777 E.08939
G1 X154.099 Y189.777 E.01865
G1 X154.099 Y191.488 E.08939
;HEIGHT:0.3
G1 X154.099 Y191.571 E.00347
G1 X153.742 Y191.571 E.01494
G1 X153.742 Y191.488 E.00347
;HEIGHT:0.4
G1 X153.742 Y189.777 E.08939
G1 X153.385 Y189.777 E.01865
G1 X153.385 Y191.488 E.08939
;HEIGHT:0.3
G1 X153.385 Y191.571 E.00347
G1 X153.028 Y191.571 E.01494
G1 X153.028 Y191.488 E.00347
;HEIGHT:0.4
G1 X153.028 Y189.777 E.08939
G1 X152.671 Y189.777 E.01865
G1 X152.671 Y191.488 E.08939
;HEIGHT:0.3
G1 X152.671 Y191.571 E.00347
G1 X152.314 Y191.571 E.01494
G1 X152.314 Y191.488 E.00347
;HEIGHT:0.4
G1 X152.314 Y189.777 E.08939
G1 X151.957 Y189.777 E.01865
G1 X151.957 Y191.488 E.08939
;HEIGHT:0.3
G1 X151.957 Y191.571 E.00347
G1 X151.6 Y191.571 E.01494
G1 X151.6 Y191.488 E.00347
;HEIGHT:0.4
G1 X151.6 Y189.777 E.08939
G1 X151.243 Y189.777 E.01865
G1 X151.243 Y191.488 E.08939
;HEIGHT:0.3
G1 X151.243 Y191.571 E.00347
G1 X150.885 Y191.571 E.01499
G1 X150.885 Y191.488 E.00347
;HEIGHT:0.4
G1 X150.885 Y189.777 E.08939
G1 X150.528 Y189.777 E.01865
G1 X150.528 Y191.488 E.08939
;HEIGHT:0.3
G1 X150.528 Y191.571 E.00347
G1 X150.171 Y191.571 E.01494
G1 X150.171 Y191.488 E.00347
;HEIGHT:0.4
G1 X150.171 Y189.777 E.08939
G1 X149.814 Y189.777 E.01865
G1 X149.814 Y191.488 E.08939
;HEIGHT:0.3
G1 X149.814 Y191.571 E.00347
G1 X149.457 Y191.571 E.01494
G1 X149.457 Y191.488 E.00347
;HEIGHT:0.4
G1 X149.457 Y189.777 E.08939
G1 X149.1 Y189.777 E.01865
G1 X149.1 Y191.488 E.08939
;HEIGHT:0.3
G1 X149.1 Y191.571 E.00347
G1 X148.743 Y191.571 E.01494
G1 X148.743 Y191.488 E.00347
;HEIGHT:0.4
G1 X148.743 Y189.777 E.08939
G1 X148.386 Y189.777 E.01865
G1 X148.386 Y191.488 E.08939
;HEIGHT:0.3
G1 X148.386 Y191.571 E.00347
G1 X148.029 Y191.571 E.01494
G1 X148.029 Y191.488 E.00347
;HEIGHT:0.4
G1 X148.029 Y189.777 E.08939
G1 X147.672 Y189.777 E.01865
G1 X147.672 Y191.488 E.08939
;HEIGHT:0.3
G1 X147.672 Y191.571 E.00347
G1 X147.315 Y191.571 E.01494
G1 X147.315 Y191.488 E.00347
;HEIGHT:0.4
G1 X147.315 Y189.777 E.08939
G1 X146.958 Y189.777 E.01865
G1 X146.958 Y191.488 E.08939
;HEIGHT:0.3
G1 X146.958 Y191.571 E.00347
G1 X146.601 Y191.571 E.01494
G1 X146.601 Y191.488 E.00347
;HEIGHT:0.4
G1 X146.601 Y189.777 E.08939
G1 X146.243 Y189.777 E.0187
G1 X146.243 Y191.488 E.08939
;HEIGHT:0.3
G1 X146.243 Y191.571 E.00347
G1 X145.886 Y191.571 E.01494
G1 X145.886 Y191.488 E.00347
;HEIGHT:0.4
G1 X145.886 Y189.777 E.08939
G1 X145.529 Y189.777 E.01865
G1 X145.529 Y191.488 E.08939
;HEIGHT:0.3
G1 X145.529 Y191.571 E.00347
G1 X145.172 Y191.571 E.01494
G1 X145.172 Y191.488 E.00347
;HEIGHT:0.4
G1 X145.172 Y189.777 E.08939
G1 X144.815 Y189.777 E.01865
G1 X144.815 Y191.488 E.08939
;HEIGHT:0.3
G1 X144.815 Y191.571 E.00347
G1 X144.458 Y191.571 E.01494
G1 X144.458 Y191.488 E.00347
;HEIGHT:0.4
G1 X144.458 Y189.777 E.08939
G1 X144.101 Y189.777 E.01865
G1 X144.101 Y191.488 E.08939
;HEIGHT:0.3
G1 X144.101 Y191.571 E.00347
G1 X143.744 Y191.571 E.01494
G1 X143.744 Y191.488 E.00347
;HEIGHT:0.4
G1 X143.744 Y189.777 E.08939
G1 X143.387 Y189.777 E.01865
G1 X143.387 Y191.488 E.08939
;HEIGHT:0.3
G1 X143.387 Y191.571 E.00347
G1 X143.03 Y191.571 E.01494
G1 X143.03 Y191.488 E.00347
;HEIGHT:0.4
G1 X143.03 Y189.777 E.08939
G1 X142.673 Y189.777 E.01865
G1 X142.673 Y191.488 E.08939
;HEIGHT:0.3
G1 X142.673 Y191.571 E.00347
G1 X142.316 Y191.571 E.01494
G1 X142.316 Y191.488 E.00347
;HEIGHT:0.4
G1 X142.316 Y189.777 E.08939
G1 X141.959 Y189.777 E.01865
G1 X141.959 Y191.488 E.08939
;HEIGHT:0.3
G1 X141.959 Y191.571 E.00347
G1 X141.601 Y191.571 E.01499
G1 X141.601 Y191.488 E.00347
;HEIGHT:0.4
G1 X141.601 Y189.777 E.08939
G1 X141.244 Y189.777 E.01865
G1 X141.244 Y191.488 E.08939
;HEIGHT:0.3
G1 X141.244 Y191.571 E.00347
G1 X140.887 Y191.571 E.01494
G1 X140.887 Y191.488 E.00347
;HEIGHT:0.4
G1 X140.887 Y189.777 E.08939
G1 X140.53 Y189.777 E.01865
G1 X140.53 Y191.488 E.08939
;HEIGHT:0.3
G1 X140.53 Y191.571 E.00347
G1 X140.173 Y191.571 E.01494
G1 X140.173 Y191.488 E.00347
;HEIGHT:0.4
G1 X140.173 Y189.777 E.08939
G1 X139.816 Y189.777 E.01865
G1 X139.816 Y191.488 E.08939
;HEIGHT:0.3
G1 X139.816 Y191.571 E.00347
G1 X139.459 Y191.571 E.01494
G1 X139.459 Y191.488 E.00347
;HEIGHT:0.4
G1 X139.459 Y189.777 E.08939
G1 X139.102 Y189.777 E.01865
G1 X139.102 Y191.488 E.08939
;HEIGHT:0.3
G1 X139.102 Y191.571 E.00347
G1 X138.745 Y191.571 E.01494
G1 X138.745 Y191.488 E.00347
;HEIGHT:0.4
G1 X138.745 Y189.777 E.08939
G1 X138.388 Y189.777 E.01865
G1 X138.388 Y191.488 E.08939
;HEIGHT:0.3
G1 X138.388 Y191.571 E.00347
G1 X138.031 Y191.571 E.01494
G1 X138.031 Y191.488 E.00347
;HEIGHT:0.4
G1 X138.031 Y189.777 E.08939
G1 X137.674 Y189.777 E.01865
G1 X137.674 Y191.488 E.08939
;HEIGHT:0.3
G1 X137.674 Y191.571 E.00347
G1 X137.316 Y191.571 E.01499
G1 X137.316 Y191.488 E.00347
;HEIGHT:0.4
G1 X137.316 Y189.777 E.08939
G1 X136.959 Y189.777 E.01865
G1 X136.959 Y191.488 E.08939
;HEIGHT:0.3
G1 X136.959 Y191.571 E.00347
G1 X136.602 Y191.571 E.01494
G1 X136.602 Y191.488 E.00347
;HEIGHT:0.4
G1 X136.602 Y189.777 E.08939
G1 X136.245 Y189.777 E.01865
G1 X136.245 Y191.488 E.08939
;HEIGHT:0.3
G1 X136.245 Y191.571 E.00347
G1 X135.888 Y191.571 E.01494
G1 X135.888 Y191.488 E.00347
;HEIGHT:0.4
G1 X135.888 Y189.777 E.08939
G1 X135.531 Y189.777 E.01865
G1 X135.531 Y191.488 E.08939
;HEIGHT:0.3
G1 X135.531 Y191.571 E.00347
G1 X135.174 Y191.571 E.01494
G1 X135.174 Y191.488 E.00347
;HEIGHT:0.4
G1 X135.174 Y189.777 E.08939
G1 X134.817 Y189.777 E.01865
G1 X134.817 Y191.488 E.08939
;HEIGHT:0.3
G1 X134.817 Y191.571 E.00347
G1 X134.46 Y191.571 E.01494
G1 X134.46 Y191.488 E.00347
;HEIGHT:0.4
G1 X134.46 Y189.777 E.08939
G1 X134.103 Y189.777 E.01865
G1 X134.103 Y191.488 E.08939
;HEIGHT:0.3
G1 X134.103 Y191.571 E.00347
G1 X133.746 Y191.571 E.01494
G1 X133.746 Y191.488 E.00347
;HEIGHT:0.4
G1 X133.746 Y189.777 E.08939
G1 X133.389 Y189.777 E.01865
G1 X133.389 Y191.488 E.08939
;HEIGHT:0.3
G1 X133.389 Y191.571 E.00347
G1 X133.032 Y191.571 E.01494
G1 X133.032 Y191.488 E.00347
;HEIGHT:0.4
G1 X133.032 Y189.777 E.08939
G1 X132.674 Y189.777 E.0187
G1 X132.674 Y191.488 E.08939
;HEIGHT:0.3
G1 X132.674 Y191.571 E.00347
G1 X132.317 Y191.571 E.01494
G1 X132.317 Y191.488 E.00347
;HEIGHT:0.4
G1 X132.317 Y189.777 E.08939
G1 X131.96 Y189.777 E.01865
G1 X131.96 Y191.488 E.08939
;HEIGHT:0.3
G1 X131.96 Y191.571 E.00347
G1 X131.603 Y191.571 E.01494
G1 X131.603 Y191.488 E.00347
;HEIGHT:0.4
G1 X131.603 Y189.777 E.08939
G1 X131.246 Y189.777 E.01865
G1 X131.246 Y191.488 E.08939
;HEIGHT:0.3
G1 X131.246 Y191.571 E.00347
G1 X130.889 Y191.571 E.01494
G1 X130.889 Y191.488 E.00347
;HEIGHT:0.4
G1 X130.889 Y189.777 E.08939
G1 X130.532 Y189.777 E.01865
G1 X130.532 Y191.488 E.08939
;HEIGHT:0.3
G1 X130.532 Y191.571 E.00347
G1 X130.175 Y191.571 E.01494
G1 X130.175 Y191.488 E.00347
;HEIGHT:0.4
G1 X130.175 Y189.777 E.08939
G1 X129.818 Y189.777 E.01865
G1 X129.818 Y191.488 E.08939
;HEIGHT:0.3
G1 X129.818 Y191.571 E.00347
G1 X129.461 Y191.571 E.01494
G1 X129.461 Y191.488 E.00347
;HEIGHT:0.4
G1 X129.461 Y189.777 E.08939
G1 X129.104 Y189.777 E.01865
G1 X129.104 Y191.488 E.08939
;HEIGHT:0.3
G1 X129.104 Y191.571 E.00347
G1 X128.747 Y191.571 E.01494
G1 X128.747 Y191.488 E.00347
;HEIGHT:0.4
G1 X128.747 Y189.777 E.08939
G1 X128.39 Y189.777 E.01865
G1 X128.39 Y191.488 E.08939
;HEIGHT:0.3
G1 X128.39 Y191.571 E.00347
G1 X128.032 Y191.571 E.01499
G1 X128.032 Y191.488 E.00347
;HEIGHT:0.4
G1 X128.032 Y189.777 E.08939
G1 X127.675 Y189.777 E.01865
G1 X127.675 Y191.488 E.08939
;HEIGHT:0.3
G1 X127.675 Y191.571 E.00347
G1 X127.318 Y191.571 E.01494
G1 X127.318 Y191.488 E.00347
;HEIGHT:0.4
G1 X127.318 Y189.777 E.08939
G1 X126.961 Y189.777 E.01865
G1 X126.961 Y191.488 E.08939
;HEIGHT:0.3
G1 X126.961 Y191.571 E.00347
G1 X126.604 Y191.571 E.01494
G1 X126.604 Y191.488 E.00347
;HEIGHT:0.4
G1 X126.604 Y189.777 E.08939
G1 X126.247 Y189.777 E.01865
G1 X126.247 Y191.488 E.08939
;HEIGHT:0.3
G1 X126.247 Y191.571 E.00347
G1 X125.89 Y191.571 E.01494
G1 X125.89 Y191.488 E.00347
;HEIGHT:0.4
G1 X125.89 Y189.777 E.08939
G1 X125.533 Y189.777 E.01865
G1 X125.533 Y191.488 E.08939
;HEIGHT:0.3
G1 X125.533 Y191.571 E.00347
G1 X125.176 Y191.571 E.01494
G1 X125.176 Y191.488 E.00347
;HEIGHT:0.4
G1 X125.176 Y189.777 E.08939
G1 X124.819 Y189.777 E.01865
G1 X124.819 Y191.488 E.08939
;HEIGHT:0.3
G1 X124.819 Y191.571 E.00347
G1 X124.462 Y191.571 E.01494
G1 X124.462 Y191.488 E.00347
;HEIGHT:0.4
G1 X124.462 Y189.777 E.08939
G1 X124.105 Y189.777 E.01865
G1 X124.105 Y191.488 E.08939
;HEIGHT:0.3
G1 X124.105 Y191.571 E.00347
G1 X123.747 Y191.571 E.01499
G1 X123.747 Y191.488 E.00347
;HEIGHT:0.4
G1 X123.747 Y189.777 E.08939
G1 X123.39 Y189.777 E.01865
G1 X123.39 Y191.488 E.08939
;HEIGHT:0.3
G1 X123.39 Y191.571 E.00347
G1 X123.033 Y191.571 E.01494
G1 X123.033 Y191.488 E.00347
;HEIGHT:0.4
G1 X123.033 Y189.777 E.08939
G1 X122.676 Y189.777 E.01865
G1 X122.676 Y191.488 E.08939
;HEIGHT:0.3
G1 X122.676 Y191.571 E.00347
G1 X122.319 Y191.571 E.01494
G1 X122.319 Y191.488 E.00347
;HEIGHT:0.4
G1 X122.319 Y189.777 E.08939
G1 X121.962 Y189.777 E.01865
G1 X121.962 Y191.488 E.08939
;HEIGHT:0.3
G1 X121.962 Y191.571 E.00347
G1 X121.605 Y191.571 E.01494
G1 X121.605 Y191.488 E.00347
;HEIGHT:0.4
G1 X121.605 Y189.777 E.08939
G1 X121.248 Y189.777 E.01865
G1 X121.248 Y191.488 E.08939
;HEIGHT:0.3
G1 X121.248 Y191.571 E.00347
G1 X120.891 Y191.571 E.01494
G1 X120.891 Y191.488 E.00347
;HEIGHT:0.4
G1 X120.891 Y189.777 E.08939
G1 X120.534 Y189.777 E.01865
G1 X120.534 Y191.488 E.08939
;HEIGHT:0.3
G1 X120.534 Y191.571 E.00347
G1 X120.177 Y191.571 E.01494
G1 X120.177 Y191.488 E.00347
;HEIGHT:0.4
G1 X120.177 Y189.777 E.08939
G1 X119.82 Y189.777 E.01865
G1 X119.82 Y191.488 E.08939
;HEIGHT:0.3
G1 X119.82 Y191.571 E.00347
G1 X119.463 Y191.571 E.01494
G1 X119.463 Y191.488 E.00347
;HEIGHT:0.4
G1 X119.463 Y189.777 E.08939
G1 X119.105 Y189.777 E.0187
G1 X119.105 Y191.488 E.08939
;HEIGHT:0.3
G1 X119.105 Y191.571 E.00347
G1 X118.748 Y191.571 E.01494
G1 X118.748 Y191.488 E.00347
;HEIGHT:0.4
G1 X118.748 Y189.777 E.08939
G1 X118.391 Y189.777 E.01865
G1 X118.391 Y191.488 E.08939
;HEIGHT:0.3
G1 X118.391 Y191.571 E.00347
G1 X118.034 Y191.571 E.01494
G1 X118.034 Y191.488 E.00347
;HEIGHT:0.4
G1 X118.034 Y189.777 E.08939
G1 X117.677 Y189.777 E.01865
G1 X117.677 Y191.488 E.08939
;HEIGHT:0.3
G1 X117.677 Y191.571 E.00347
G1 X117.32 Y191.571 E.01494
G1 X117.32 Y191.488 E.00347
;HEIGHT:0.4
G1 X117.32 Y189.777 E.08939
G1 X116.963 Y189.777 E.01865
G1 X116.963 Y191.488 E.08939
;HEIGHT:0.3
G1 X116.963 Y191.571 E.00347
G1 X116.606 Y191.571 E.01494
G1 X116.606 Y191.488 E.00347
;HEIGHT:0.4
G1 X116.606 Y189.777 E.08939
G1 X116.249 Y189.777 E.01865
G1 X116.249 Y191.488 E.08939
;HEIGHT:0.3
G1 X116.249 Y191.571 E.00347
G1 X115.892 Y191.571 E.01494
G1 X115.892 Y191.488 E.00347
;HEIGHT:0.4
G1 X115.892 Y189.777 E.08939
G1 X115.535 Y189.777 E.01865
G1 X115.535 Y191.488 E.08939
;HEIGHT:0.3
G1 X115.535 Y191.571 E.00347
G1 X115.178 Y191.571 E.01494
G1 X115.178 Y191.488 E.00347
;HEIGHT:0.4
G1 X115.178 Y189.777 E.08939
G1 X114.821 Y189.777 E.01865
G1 X114.821 Y191.488 E.08939
;HEIGHT:0.3
G1 X114.821 Y191.571 E.00347
G1 X114.463 Y191.571 E.01499
G1 X114.463 Y191.488 E.00347
;HEIGHT:0.4
G1 X114.463 Y189.777 E.08939
G1 X114.106 Y189.777 E.01865
G1 X114.106 Y191.488 E.08939
;HEIGHT:0.3
G1 X114.106 Y191.571 E.00347
G1 X113.749 Y191.571 E.01494
G1 X113.749 Y191.488 E.00347
;HEIGHT:0.4
G1 X113.749 Y189.777 E.08939
G1 X113.392 Y189.777 E.01865
G1 X113.392 Y191.488 E.08939
;HEIGHT:0.3
G1 X113.392 Y191.571 E.00347
G1 X113.035 Y191.571 E.01494
G1 X113.035 Y191.488 E.00347
;HEIGHT:0.4
G1 X113.035 Y189.777 E.08939
G1 X112.678 Y189.777 E.01865
G1 X112.678 Y191.488 E.08939
;HEIGHT:0.3
G1 X112.678 Y191.571 E.00347
G1 X112.321 Y191.571 E.01494
G1 X112.321 Y191.488 E.00347
;HEIGHT:0.4
G1 X112.321 Y189.777 E.08939
G1 X111.964 Y189.777 E.01865
G1 X111.964 Y191.488 E.08939
;HEIGHT:0.3
G1 X111.964 Y191.571 E.00347
G1 X111.607 Y191.571 E.01494
G1 X111.607 Y191.488 E.00347
;HEIGHT:0.4
G1 X111.607 Y189.777 E.08939
G1 X111.25 Y189.777 E.01865
G1 X111.25 Y191.488 E.08939
;HEIGHT:0.3
G1 X111.25 Y191.571 E.00347
G1 X110.893 Y191.571 E.01494
G1 X110.893 Y191.488 E.00347
;HEIGHT:0.4
G1 X110.893 Y189.777 E.08939
G1 X110.536 Y189.777 E.01865
G1 X110.536 Y191.488 E.08939
;HEIGHT:0.3
G1 X110.536 Y191.571 E.00347
G1 X110.178 Y191.571 E.01499
G1 X110.178 Y191.488 E.00347
;HEIGHT:0.4
G1 X110.178 Y189.777 E.08939
G1 X109.821 Y189.777 E.01865
G1 X109.821 Y191.488 E.08939
;HEIGHT:0.3
G1 X109.821 Y191.571 E.00347
G1 X109.464 Y191.571 E.01494
G1 X109.464 Y191.488 E.00347
;HEIGHT:0.4
G1 X109.464 Y189.777 E.08939
G1 X109.107 Y189.777 E.01865
G1 X109.107 Y191.488 E.08939
;HEIGHT:0.3
G1 X109.107 Y191.571 E.00347
G1 X108.75 Y191.571 E.01494
G1 X108.75 Y191.488 E.00347
;HEIGHT:0.4
G1 X108.75 Y189.777 E.08939
G1 X108.393 Y189.777 E.01865
G1 X108.393 Y191.488 E.08939
;HEIGHT:0.3
G1 X108.393 Y191.571 E.00347
G1 X108.036 Y191.571 E.01494
G1 X108.036 Y191.488 E.00347
;HEIGHT:0.4
G1 X108.036 Y189.777 E.08939
G1 X107.679 Y189.777 E.01865
G1 X107.679 Y191.488 E.08939
;HEIGHT:0.3
G1 X107.679 Y191.571 E.00347
G1 X107.322 Y191.571 E.01494
G1 X107.322 Y191.488 E.00347
;HEIGHT:0.4
G1 X107.322 Y189.777 E.08939
G1 X106.965 Y189.777 E.01865
G1 X106.965 Y191.488 E.08939
;HEIGHT:0.3
G1 X106.965 Y191.571 E.00347
G1 X106.608 Y191.571 E.01494
G1 X106.608 Y191.488 E.00347
;HEIGHT:0.4
G1 X106.608 Y189.777 E.08939
G1 X106.251 Y189.777 E.01865
G1 X106.251 Y191.488 E.08939
;HEIGHT:0.3
G1 X106.251 Y191.571 E.00347
G1 X105.894 Y191.571 E.01494
G1 X105.894 Y191.488 E.00347
;HEIGHT:0.4
G1 X105.894 Y189.777 E.08939
G1 X105.536 Y189.777 E.0187
G1 X105.536 Y191.488 E.08939
;HEIGHT:0.3
G1 X105.536 Y191.571 E.00347
G1 X105.179 Y191.571 E.01494
G1 X105.179 Y191.488 E.00347
;HEIGHT:0.4
G1 X105.179 Y189.777 E.08939
G1 X104.822 Y189.777 E.01865
G1 X104.822 Y191.488 E.08939
;HEIGHT:0.3
G1 X104.822 Y191.571 E.00347
G1 X104.465 Y191.571 E.01494
G1 X104.465 Y191.488 E.00347
;HEIGHT:0.4
G1 X104.465 Y189.777 E.08939
G1 X104.108 Y189.777 E.01865
G1 X104.108 Y191.488 E.08939
;HEIGHT:0.3
G1 X104.108 Y191.571 E.00347
G1 X103.751 Y191.571 E.01494
G1 X103.751 Y191.488 E.00347
;HEIGHT:0.4
G1 X103.751 Y189.777 E.08939
G1 X103.394 Y189.777 E.01865
G1 X103.394 Y191.488 E.08939
;HEIGHT:0.3
G1 X103.394 Y191.571 E.00347
G1 X103.037 Y191.571 E.01494
G1 X103.037 Y191.488 E.00347
;HEIGHT:0.4
G1 X103.037 Y189.777 E.08939
G1 X102.68 Y189.777 E.01865
G1 X102.68 Y191.488 E.08939
;HEIGHT:0.3
G1 X102.68 Y191.571 E.00347
G1 X102.323 Y191.571 E.01494
G1 X102.323 Y191.488 E.00347
;HEIGHT:0.4
G1 X102.323 Y189.777 E.08939
G1 X101.966 Y189.777 E.01865
G1 X101.966 Y191.488 E.08939
;HEIGHT:0.3
G1 X101.966 Y191.571 E.00347
G1 X101.609 Y191.571 E.01494
G1 X101.609 Y191.488 E.00347
;HEIGHT:0.4
G1 X101.609 Y189.777 E.08939
G1 X101.252 Y189.777 E.01865
G1 X101.252 Y191.488 E.08939
;HEIGHT:0.3
G1 X101.252 Y191.571 E.00347
G1 X100.894 Y191.571 E.01499
G1 X100.894 Y191.488 E.00347
;HEIGHT:0.4
G1 X100.894 Y189.777 E.08939
G1 X100.537 Y189.777 E.01865
G1 X100.537 Y191.488 E.08939
;HEIGHT:0.3
G1 X100.537 Y191.571 E.00347
G1 X100.18 Y191.571 E.01494
G1 X100.18 Y191.488 E.00347
;HEIGHT:0.4
G1 X100.18 Y189.777 E.08939
G1 X99.823 Y189.777 E.01865
G1 X99.823 Y191.488 E.08939
;HEIGHT:0.3
G1 X99.823 Y191.571 E.00347
G1 X99.466 Y191.571 E.01494
G1 X99.466 Y191.488 E.00347
;HEIGHT:0.4
G1 X99.466 Y189.777 E.08939
G1 X99.109 Y189.777 E.01865
G1 X99.109 Y191.488 E.08939
;HEIGHT:0.3
G1 X99.109 Y191.571 E.00347
G1 X98.752 Y191.571 E.01494
G1 X98.752 Y191.488 E.00347
;HEIGHT:0.4
G1 X98.752 Y189.777 E.08939
G1 X98.395 Y189.777 E.01865
G1 X98.395 Y191.488 E.08939
;HEIGHT:0.3
G1 X98.395 Y191.571 E.00347
G1 X98.038 Y191.571 E.01494
G1 X98.038 Y191.488 E.00347
;HEIGHT:0.4
G1 X98.038 Y189.777 E.08939
G1 X97.681 Y189.777 E.01865
G1 X97.681 Y191.488 E.08939
;HEIGHT:0.3
G1 X97.681 Y191.571 E.00347
G1 X97.324 Y191.571 E.01494
G1 X97.324 Y191.488 E.00347
;HEIGHT:0.4
G1 X97.324 Y189.777 E.08939
G1 X96.967 Y189.777 E.01865
G1 X96.967 Y191.488 E.08939
;HEIGHT:0.3
G1 X96.967 Y191.571 E.00347
G1 X96.609 Y191.571 E.01499
G1 X96.609 Y191.488 E.00347
;HEIGHT:0.4
G1 X96.609 Y189.777 E.08939
G1 X96.252 Y189.777 E.01865
G1 X96.252 Y191.488 E.08939
;HEIGHT:0.3
G1 X96.252 Y191.571 E.00347
G1 X95.895 Y191.571 E.01494
G1 X95.895 Y191.488 E.00347
;HEIGHT:0.4
G1 X95.895 Y189.777 E.08939
G1 X95.538 Y189.777 E.01865
G1 X95.538 Y191.488 E.08939
;HEIGHT:0.3
G1 X95.538 Y191.571 E.00347
G1 X95.181 Y191.571 E.01494
G1 X95.181 Y191.488 E.00347
;HEIGHT:0.4
G1 X95.181 Y189.777 E.08939
G1 X94.824 Y189.777 E.01865
G1 X94.824 Y191.488 E.08939
;HEIGHT:0.3
G1 X94.824 Y191.571 E.00347
G1 X94.467 Y191.571 E.01494
G1 X94.467 Y191.488 E.00347
;HEIGHT:0.4
G1 X94.467 Y189.777 E.08939
G1 X94.11 Y189.777 E.01865
G1 X94.11 Y191.488 E.08939
;HEIGHT:0.3
G1 X94.11 Y191.571 E.00347
G1 X93.753 Y191.571 E.01494
G1 X93.753 Y191.488 E.00347
;HEIGHT:0.4
G1 X93.753 Y189.777 E.08939
G1 X93.396 Y189.777 E.01865
G1 X93.396 Y191.488 E.08939
;HEIGHT:0.3
G1 X93.396 Y191.571 E.00347
G1 X93.039 Y191.571 E.01494
G1 X93.039 Y191.488 E.00347
;HEIGHT:0.4
G1 X93.039 Y189.777 E.08939
G1 X92.682 Y189.777 E.01865
G1 X92.682 Y191.488 E.08939
;HEIGHT:0.3
G1 X92.682 Y191.571 E.00347
G1 X92.325 Y191.571 E.01494
G1 X92.325 Y191.488 E.00347
;HEIGHT:0.4
G1 X92.325 Y189.777 E.08939
G1 X91.967 Y189.777 E.0187
G1 X91.967 Y191.488 E.08939
;HEIGHT:0.3
G1 X91.967 Y191.571 E.00347
G1 X91.61 Y191.571 E.01494
G1 X91.61 Y191.488 E.00347
;HEIGHT:0.4
G1 X91.61 Y189.777 E.08939
G1 X91.253 Y189.777 E.01865
G1 X91.253 Y191.488 E.08939
;HEIGHT:0.3
G1 X91.253 Y191.571 E.00347
G1 X90.896 Y191.571 E.01494
G1 X90.896 Y191.488 E.00347
;HEIGHT:0.4
G1 X90.896 Y189.777 E.08939
G1 X90.539 Y189.777 E.01865
G1 X90.539 Y191.488 E.08939
;HEIGHT:0.3
G1 X90.539 Y191.571 E.00347
G1 X90.182 Y191.571 E.01494
G1 X90.182 Y191.488 E.00347
;HEIGHT:0.4
G1 X90.182 Y189.777 E.08939
G1 X89.825 Y189.777 E.01865
G1 X89.825 Y191.488 E.08939
;HEIGHT:0.3
G1 X89.825 Y191.571 E.00347
G1 X89.468 Y191.571 E.01494
G1 X89.468 Y191.488 E.00347
;HEIGHT:0.4
G1 X89.468 Y189.777 E.08939
G1 X89.111 Y189.777 E.01865
G1 X89.111 Y191.488 E.08939
;HEIGHT:0.3
G1 X89.111 Y191.571 E.00347
G1 X88.754 Y191.571 E.01494
G1 X88.754 Y191.488 E.00347
;HEIGHT:0.4
G1 X88.754 Y189.777 E.08939
G1 X88.397 Y189.777 E.01865
G1 X88.397 Y191.488 E.08939
;HEIGHT:0.3
G1 X88.397 Y191.571 E.00347
G1 X88.04 Y191.571 E.01494
G1 X88.04 Y191.488 E.00347
;HEIGHT:0.4
G1 X88.04 Y189.777 E.08939
G1 X87.683 Y189.777 E.01865
G1 X87.683 Y191.488 E.08939
;HEIGHT:0.3
G1 X87.683 Y191.571 E.00347
G1 X87.325 Y191.571 E.01499
G1 X87.325 Y191.488 E.00347
;HEIGHT:0.4
G1 X87.325 Y189.777 E.08939
G1 X86.968 Y189.777 E.01865
G1 X86.968 Y191.488 E.08939
;HEIGHT:0.3
G1 X86.968 Y191.571 E.00347
G1 X86.611 Y191.571 E.01494
G1 X86.611 Y191.488 E.00347
;HEIGHT:0.4
G1 X86.611 Y189.777 E.08939
G1 X86.254 Y189.777 E.01865
G1 X86.254 Y191.488 E.08939
;HEIGHT:0.3
G1 X86.254 Y191.571 E.00347
G1 X85.897 Y191.571 E.01494
G1 X85.897 Y191.488 E.00347
;HEIGHT:0.4
G1 X85.897 Y189.777 E.08939
G1 X85.54 Y189.777 E.01865
G1 X85.54 Y191.488 E.08939
;HEIGHT:0.3
G1 X85.54 Y191.571 E.00347
G1 X85.183 Y191.571 E.01494
G1 X85.183 Y191.488 E.00347
;HEIGHT:0.4
G1 X85.183 Y189.777 E.08939
G1 X84.826 Y189.777 E.01865
G1 X84.826 Y191.488 E.08939
;HEIGHT:0.3
G1 X84.826 Y191.571 E.00347
G1 X84.469 Y191.571 E.01494
G1 X84.469 Y191.488 E.00347
;HEIGHT:0.4
G1 X84.469 Y189.777 E.08939
G1 X84.112 Y189.777 E.01865
G1 X84.112 Y191.488 E.08939
;HEIGHT:0.3
G1 X84.112 Y191.571 E.00347
G1 X83.755 Y191.571 E.01494
G1 X83.755 Y191.488 E.00347
;HEIGHT:0.4
G1 X83.755 Y189.777 E.08939
G1 X83.398 Y189.777 E.01865
G1 X83.398 Y191.488 E.08939
;HEIGHT:0.3
G1 X83.398 Y191.571 E.00347
G1 X83.04 Y191.571 E.01499
G1 X83.04 Y191.488 E.00347
;HEIGHT:0.4
G1 X83.04 Y189.777 E.08939
G1 X82.683 Y189.777 E.01865
G1 X82.683 Y191.488 E.08939
;HEIGHT:0.3
G1 X82.683 Y191.571 E.00347
G1 X82.326 Y191.571 E.01494
G1 X82.326 Y191.488 E.00347
;HEIGHT:0.4
G1 X82.326 Y189.777 E.08939
G1 X81.969 Y189.777 E.01865
G1 X81.969 Y191.488 E.08939
;HEIGHT:0.3
G1 X81.969 Y191.571 E.00347
G1 X81.612 Y191.571 E.01494
G1 X81.612 Y191.488 E.00347
;HEIGHT:0.4
G1 X81.612 Y189.777 E.08939
G1 X81.255 Y189.777 E.01865
G1 X81.255 Y191.488 E.08939
;HEIGHT:0.3
G1 X81.255 Y191.571 E.00347
G1 X80.898 Y191.571 E.01494
G1 X80.898 Y191.488 E.00347
;HEIGHT:0.4
G1 X80.898 Y189.777 E.08939
G1 X80.541 Y189.777 E.01865
G1 X80.541 Y191.488 E.08939
;HEIGHT:0.3
G1 X80.541 Y191.571 E.00347
G1 X80.184 Y191.571 E.01494
G1 X80.184 Y191.488 E.00347
;HEIGHT:0.4
G1 X80.184 Y189.777 E.08939
G1 X79.827 Y189.777 E.01865
G1 X79.827 Y191.488 E.08939
;HEIGHT:0.3
G1 X79.827 Y191.571 E.00347
G1 X79.47 Y191.571 E.01494
G1 X79.47 Y191.488 E.00347
;HEIGHT:0.4
G1 X79.47 Y189.777 E.08939
G1 X79.113 Y189.777 E.01865
G1 X79.113 Y191.488 E.08939
;HEIGHT:0.3
G1 X79.113 Y191.571 E.00347
G1 X78.756 Y191.571 E.01494
G1 X78.756 Y191.488 E.00347
;HEIGHT:0.4
G1 X78.756 Y189.777 E.08939
G1 X78.398 Y189.777 E.0187
G1 X78.398 Y191.488 E.08939
;HEIGHT:0.3
G1 X78.398 Y191.571 E.00347
G1 X78.041 Y191.571 E.01494
G1 X78.041 Y191.488 E.00347
;HEIGHT:0.4
G1 X78.041 Y189.777 E.08939
G1 X77.684 Y189.777 E.01865
G1 X77.684 Y191.488 E.08939
;HEIGHT:0.3
G1 X77.684 Y191.571 E.00347
G1 X77.327 Y191.571 E.01494
G1 X77.327 Y191.488 E.00347
;HEIGHT:0.4
G1 X77.327 Y189.777 E.08939
G1 X76.97 Y189.777 E.01865
G1 X76.97 Y191.488 E.08939
;HEIGHT:0.3
G1 X76.97 Y191.571 E.00347
G1 X76.613 Y191.571 E.01494
G1 X76.613 Y191.488 E.00347
;HEIGHT:0.4
G1 X76.613 Y189.777 E.08939
G1 X76.256 Y189.777 E.01865
G1 X76.256 Y191.488 E.08939
;HEIGHT:0.3
G1 X76.256 Y191.571 E.00347
G1 X75.899 Y191.571 E.01494
G1 X75.899 Y191.488 E.00347
;HEIGHT:0.4
G1 X75.899 Y189.777 E.08939
G1 X75.542 Y189.777 E.01865
G1 X75.542 Y191.488 E.08939
;HEIGHT:0.3
G1 X75.542 Y191.571 E.00347
G1 X75.185 Y191.571 E.01494
G1 X75.185 Y191.488 E.00347
;HEIGHT:0.4
G1 X75.185 Y189.777 E.08939
G1 X74.828 Y189.777 E.01865
G1 X74.828 Y191.488 E.08939
;HEIGHT:0.3
G1 X74.828 Y191.571 E.00347
G1 X74.471 Y191.571 E.01494
G1 X74.471 Y191.488 E.00347
;HEIGHT:0.4
G1 X74.471 Y189.777 E.08939
G1 X74.114 Y189.777 E.01865
G1 X74.114 Y191.488 E.08939
;HEIGHT:0.3
G1 X74.114 Y191.571 E.00347
G1 X73.756 Y191.571 E.01499
G1 X73.756 Y191.488 E.00347
;HEIGHT:0.4
G1 X73.756 Y189.777 E.08939
G1 X73.399 Y189.777 E.01865
G1 X73.399 Y191.488 E.08939
;HEIGHT:0.3
G1 X73.399 Y191.571 E.00347
G1 X73.042 Y191.571 E.01494
G1 X73.042 Y191.488 E.00347
;HEIGHT:0.4
G1 X73.042 Y189.777 E.08939
G1 X72.685 Y189.777 E.01865
G1 X72.685 Y191.488 E.08939
;HEIGHT:0.3
G1 X72.685 Y191.571 E.00347
G1 X72.328 Y191.571 E.01494
G1 X72.328 Y191.488 E.00347
;HEIGHT:0.4
G1 X72.328 Y189.777 E.08939
G1 X71.971 Y189.777 E.01865
G1 X71.971 Y191.488 E.08939
;HEIGHT:0.3
G1 X71.971 Y191.571 E.00347
G1 X71.614 Y191.571 E.01494
G1 X71.614 Y191.488 E.00347
;HEIGHT:0.4
G1 X71.614 Y189.777 E.08939
G1 X71.257 Y189.777 E.01865
G1 X71.257 Y191.488 E.08939
;HEIGHT:0.3
G1 X71.257 Y191.571 E.00347
G1 X70.9 Y191.571 E.01494
G1 X70.9 Y191.488 E.00347
;HEIGHT:0.4
G1 X70.9 Y189.777 E.08939
G1 X70.543 Y189.777 E.01865
G1 X70.543 Y191.488 E.08939
;HEIGHT:0.3
G1 X70.543 Y191.571 E.00347
G1 X70.186 Y191.571 E.01494
G1 X70.186 Y191.488 E.00347
;HEIGHT:0.4
G1 X70.186 Y189.777 E.08939
G1 X69.829 Y189.777 E.01865
G1 X69.829 Y191.488 E.08939
;HEIGHT:0.3
G1 X69.829 Y191.571 E.00347
G1 X69.471 Y191.571 E.01499
G1 X69.471 Y191.488 E.00347
;HEIGHT:0.4
G1 X69.471 Y189.777 E.08939
G1 X69.114 Y189.777 E.01865
G1 X69.114 Y191.488 E.08939
;HEIGHT:0.3
G1 X69.114 Y191.571 E.00347
G1 X68.757 Y191.571 E.01494
G1 X68.757 Y191.488 E.00347
;HEIGHT:0.4
G1 X68.757 Y189.777 E.08939
G1 X68.4 Y189.777 E.01865
G1 X68.4 Y191.488 E.08939
;HEIGHT:0.3
G1 X68.4 Y191.571 E.00347
G1 X68.043 Y191.571 E.01494
G1 X68.043 Y191.488 E.00347
;HEIGHT:0.4
G1 X68.043 Y189.777 E.08939
G1 X67.686 Y189.777 E.01865
G1 X67.686 Y191.488 E.08939
;HEIGHT:0.3
G1 X67.686 Y191.571 E.00347
G1 X67.329 Y191.571 E.01494
G1 X67.329 Y191.488 E.00347
;HEIGHT:0.4
G1 X67.329 Y189.777 E.08939
G1 X66.972 Y189.777 E.01865
G1 X66.972 Y191.488 E.08939
;HEIGHT:0.3
G1 X66.972 Y191.571 E.00347
G1 X66.615 Y191.571 E.01494
G1 X66.615 Y191.488 E.00347
;HEIGHT:0.4
G1 X66.615 Y189.777 E.08939
G1 X66.258 Y189.777 E.01865
G1 X66.258 Y191.488 E.08939
;HEIGHT:0.3
G1 X66.258 Y191.571 E.00347
G1 X65.901 Y191.571 E.01494
G1 X65.901 Y191.488 E.00347
;HEIGHT:0.4
G1 X65.901 Y189.777 E.08939
G1 X65.544 Y189.777 E.01865
G1 X65.544 Y191.488 E.08939
;HEIGHT:0.3
G1 X65.544 Y191.571 E.00347
G1 X65.187 Y191.571 E.01494
G1 X65.187 Y191.488 E.00347
;HEIGHT:0.4
G1 X65.187 Y189.777 E.08939
G1 X64.829 Y189.777 E.0187
G1 X64.829 Y191.488 E.08939
;HEIGHT:0.3
G1 X64.829 Y191.571 E.00347
G1 X64.472 Y191.571 E.01494
G1 X64.472 Y191.488 E.00347
;HEIGHT:0.4
G1 X64.472 Y189.777 E.08939
G1 X64.115 Y189.777 E.01865
G1 X64.115 Y191.488 E.08939
;HEIGHT:0.3
G1 X64.115 Y191.571 E.00347
G1 X63.758 Y191.571 E.01494
G1 X63.758 Y191.488 E.00347
;HEIGHT:0.4
G1 X63.758 Y189.777 E.08939
G1 X63.401 Y189.777 E.01865
G1 X63.401 Y191.488 E.08939
;HEIGHT:0.3
G1 X63.401 Y191.571 E.00347
G1 X63.044 Y191.571 E.01494
G1 X63.044 Y191.488 E.00347
;HEIGHT:0.4
G1 X63.044 Y189.777 E.08939
G1 X62.687 Y189.777 E.01865
G1 X62.687 Y191.488 E.08939
;HEIGHT:0.3
G1 X62.687 Y191.571 E.00347
G1 X62.33 Y191.571 E.01494
G1 X62.33 Y191.488 E.00347
;HEIGHT:0.4
G1 X62.33 Y189.777 E.08939
G1 X61.973 Y189.777 E.01865
G1 X61.973 Y191.488 E.08939
;HEIGHT:0.3
G1 X61.973 Y191.571 E.00347
G1 X61.616 Y191.571 E.01494
G1 X61.616 Y191.488 E.00347
;HEIGHT:0.4
G1 X61.616 Y189.777 E.08939
G1 X61.259 Y189.777 E.01865
G1 X61.259 Y191.488 E.08939
;HEIGHT:0.3
G1 X61.259 Y191.571 E.00347
G1 X60.902 Y191.571 E.01494
G1 X60.902 Y191.488 E.00347
;HEIGHT:0.4
G1 X60.902 Y189.777 E.08939
G1 X60.545 Y189.777 E.01865
G1 X60.545 Y191.488 E.08939
;HEIGHT:0.3
G1 X60.545 Y191.571 E.00347
G1 X60.187 Y191.571 E.01499
G1 X60.187 Y191.488 E.00347
;HEIGHT:0.4
G1 X60.187 Y189.777 E.08939
G1 X59.83 Y189.777 E.01865
G1 X59.83 Y191.488 E.08939
;HEIGHT:0.3
G1 X59.83 Y191.571 E.00347
G1 X59.473 Y191.571 E.01494
G1 X59.473 Y191.488 E.00347
;HEIGHT:0.4
G1 X59.473 Y189.777 E.08939
G1 X59.116 Y189.777 E.01865
G1 X59.116 Y191.488 E.08939
;HEIGHT:0.3
G1 X59.116 Y191.571 E.00347
G1 X58.759 Y191.571 E.01494
G1 X58.759 Y191.488 E.00347
;HEIGHT:0.4
G1 X58.759 Y189.777 E.08939
G1 X58.402 Y189.777 E.01865
G1 X58.402 Y191.488 E.08939
;HEIGHT:0.3
G1 X58.402 Y191.571 E.00347
G1 X58.045 Y191.571 E.01494
G1 X58.045 Y191.488 E.00347
;HEIGHT:0.4
G1 X58.045 Y189.777 E.08939
G1 X57.688 Y189.777 E.01865
G1 X57.688 Y191.488 E.08939
;HEIGHT:0.3
G1 X57.688 Y191.571 E.00347
G1 X57.331 Y191.571 E.01494
G1 X57.331 Y191.488 E.00347
;HEIGHT:0.4
G1 X57.331 Y189.777 E.08939
G1 X56.974 Y189.777 E.01865
G1 X56.974 Y191.488 E.08939
;HEIGHT:0.3
G1 X56.974 Y191.571 E.00347
G1 X56.617 Y191.571 E.01494
G1 X56.617 Y191.488 E.00347
;HEIGHT:0.4
G1 X56.617 Y189.777 E.08939
G1 X56.26 Y189.777 E.01865
G1 X56.26 Y191.488 E.08939
;HEIGHT:0.3
G1 X56.26 Y191.571 E.00347
G1 X55.902 Y191.571 E.01499
G1 X55.902 Y191.488 E.00347
;HEIGHT:0.4
G1 X55.902 Y189.777 E.08939
G1 X55.545 Y189.777 E.01865
G1 X55.545 Y191.488 E.08939
;HEIGHT:0.3
G1 X55.545 Y191.571 E.00347
G1 X55.188 Y191.571 E.01494
G1 X55.188 Y191.488 E.00347
;HEIGHT:0.4
G1 X55.188 Y189.777 E.08939
G1 X54.831 Y189.777 E.01865
G1 X54.831 Y191.488 E.08939
;HEIGHT:0.3
G1 X54.831 Y191.571 E.00347
G1 X54.474 Y191.571 E.01494
G1 X54.474 Y191.488 E.00347
;HEIGHT:0.4
G1 X54.474 Y189.777 E.08939
G1 X54.117 Y189.777 E.01865
G1 X54.117 Y191.488 E.08939
;HEIGHT:0.3
G1 X54.117 Y191.571 E.00347
G1 X53.76 Y191.571 E.01494
G1 X53.76 Y191.488 E.00347
;HEIGHT:0.4
G1 X53.76 Y189.777 E.08939
G1 X53.403 Y189.777 E.01865
G1 X53.403 Y191.488 E.08939
;HEIGHT:0.3
G1 X53.403 Y191.571 E.00347
G1 X53.046 Y191.571 E.01494
G1 X53.046 Y191.488 E.00347
;HEIGHT:0.4
G1 X53.046 Y189.777 E.08939
G1 X52.689 Y189.777 E.01865
G1 X52.689 Y191.488 E.08939
;HEIGHT:0.3
G1 X52.689 Y191.571 E.00347
G1 X52.516 Y191.571 E.00724
G1 X52.516 Y191.488 E.00347
;HEIGHT:0.4
G1 X52.516 Y191.136 E.01839
G1 X52.332 Y190.952 E.01359
G1 X52.332 Y189.777 E.06139
G1 X51.975 Y189.777 E.01865
G1 X51.975 Y190.834 E.05522
G1 X51.618 Y190.834 E.01865
G1 X51.618 Y189.777 E.05522
G1 X51.26 Y189.777 E.0187
G1 X51.26 Y190.834 E.05522
G1 X50.903 Y190.834 E.01865
G1 X50.903 Y189.777 E.05522
G1 X50.546 Y189.777 E.01865
G1 X50.546 Y190.834 E.05522
G1 X50.189 Y190.834 E.01865
G1 X50.189 Y189.777 E.05522
G1 X49.91 Y189.777 E.01458
G1 X49.832 Y189.854 E.00573
G1 X49.832 Y190.995 E.05961
G1 E-2 F2400
M204 S8000
G1 X52.689 Y196.995 F24000
G1 E2 F2400
M204 S5000
;HEIGHT:0.3
G1 F4800
G1 X52.689 Y191.929 E.21206
G1 X53.046 Y191.929 E.01494
G1 X53.046 Y192.855 E.03876
G1 X53.403 Y192.855 E.01494
G1 X53.403 Y191.929 E.03876
G1 X53.76 Y191.929 E.01494
G1 X53.76 Y192.855 E.03876
G1 X54.117 Y192.855 E.01494
G1 X54.117 Y191.929 E.03876
G1 X54.474 Y191.929 E.01494
G1 X54.474 Y192.855 E.03876
G1 X54.831 Y192.855 E.01494
G1 X54.831 Y191.929 E.03876
G1 X55.188 Y191.929 E.01494
G1 X55.188 Y192.855 E.03876
G1 X55.545 Y192.855 E.01494
G1 X55.545 Y191.929 E.03876
G1 X55.902 Y191.929 E.01494
G1 X55.902 Y192.855 E.03876
G1 X56.26 Y192.855 E.01499
G1 X56.26 Y191.929 E.03876
G1 X56.617 Y191.929 E.01494
G1 X56.617 Y192.855 E.03876
G1 X56.974 Y192.855 E.01494
G1 X56.974 Y191.929 E.03876
G1 X57.331 Y191.929 E.01494
G1 X57.331 Y192.855 E.03876
G1 X57.688 Y192.855 E.01494
G1 X57.688 Y191.929 E.03876
G1 X58.045 Y191.929 E.01494
G1 X58.045 Y192.855 E.03876
G1 X58.402 Y192.855 E.01494
G1 X58.402 Y191.929 E.03876
G1 X58.759 Y191.929 E.01494
G1 X58.759 Y192.855 E.03876
G1 X59.116 Y192.855 E.01494
G1 X59.116 Y191.929 E.03876
G1 X59.473 Y191.929 E.01494
G1 X59.473 Y192.855 E.03876
G1 X59.83 Y192.855 E.01494
G1 X59.83 Y191.929 E.03876
G1 X60.187 Y191.929 E.01494
G1 X60.187 Y192.855 E.03876
G1 X60.545 Y192.855 E.01499
G1 X60.545 Y191.929 E.03876
G1 X60.902 Y191.929 E.01494
G1 X60.902 Y192.855 E.03876
G1 X61.259 Y192.855 E.01494
G1 X61.259 Y191.929 E.03876
G1 X61.616 Y191.929 E.01494
G1 X61.616 Y192.855 E.03876
G1 X61.973 Y192.855 E.01494
G1 X61.973 Y191.929 E.03876
G1 X62.33 Y191.929 E.01494
G1 X62.33 Y192.855 E.03876
G1 X62.687 Y192.855 E.01494
G1 X62.687 Y191.929 E.03876
G1 X63.044 Y191.929 E.01494
G1 X63.044 Y192.855 E.03876
G1 X63.401 Y192.855 E.01494
G1 X63.401 Y191.929 E.03876
G1 X63.758 Y191.929 E.01494
G1 X63.758 Y192.855 E.03876
G1 X64.115 Y192.855 E.01494
G1 X64.115 Y191.929 E.03876
G1 X64.472 Y191.929 E.01494
G1 X64.472 Y192.855 E.03876
G1 X64.829 Y192.855 E.01494
G1 X64.829 Y191.929 E.03876
G1 X65.187 Y191.929 E.01499
G1 X65.187 Y192.855 E.03876
G1 X65.544 Y192.855 E.01494
G1 X65.544 Y191.929 E.03876
G1 X65.901 Y191.929 E.01494
G1 X65.901 Y192.855 E.03876
G1 X66.258 Y192.855 E.01494
G1 X66.258 Y191.929 E.03876
G1 X66.615 Y191.929 E.01494
G1 X66.615 Y192.855 E.03876
G1 X66.972 Y192.855 E.01494
G1 X66.972 Y191.929 E.03876
G1 X67.329 Y191.929 E.01494
G1 X67.329 Y192.855 E.03876
G1 X67.686 Y192.855 E.01494
G1 X67.686 Y191.929 E.03876
G1 X68.043 Y191.929 E.01494
G1 X68.043 Y192.855 E.03876
G1 X68.4 Y192.855 E.01494
G1 X68.4 Y191.929 E.03876
G1 X68.757 Y191.929 E.01494
G1 X68.757 Y192.855 E.03876
G1 X69.114 Y192.855 E.01494
G1 X69.114 Y191.929 E.03876
G1 X69.471 Y191.929 E.01494
G1 X69.471 Y192.855 E.03876
G1 X69.829 Y192.855 E.01499
G1 X69.829 Y191.929 E.03876
G1 X70.186 Y191.929 E.01494
G1 X70.186 Y192.855 E.03876
G1 X70.543 Y192.855 E.01494
G1 X70.543 Y191.929 E.03876
G1 X70.9 Y191.929 E.01494
G1 X70.9 Y192.855 E.03876
G1 X71.257 Y192.855 E.01494
G1 X71.257 Y191.929 E.03876
G1 X71.614 Y191.929 E.01494
G1 X71.614 Y192.855 E.03876
G1 X71.971 Y192.855 E.01494
G1 X71.971 Y191.929 E.03876
G1 X72.328 Y191.929 E.01494
G1 X72.328 Y192.855 E.03876
G1 X72.685 Y192.855 E.01494
G1 X72.685 Y191.929 E.03876
G1 X73.042 Y191.929 E.01494
G1 X73.042 Y192.855 E.03876
G1 X73.399 Y192.855 E.01494
G1 X73.399 Y191.929 E.03876
G1 X73.756 Y191.929 E.01494
G1 X73.756 Y192.855 E.03876
G1 X74.114 Y192.855 E.01499
G1 X74.114 Y191.929 E.03876
G1 X74.471 Y191.929 E.01494
G1 X74.471 Y192.855 E.03876
G1 X74.828 Y192.855 E.01494
G1 X74.828 Y191.929 E.03876
G1 X75.185 Y191.929 E.01494
G1 X75.185 Y192.855 E.03876
G1 X75.542 Y192.855 E.01494
G1 X75.542 Y191.929 E.03876
G1 X75.899 Y191.929 E.01494
G1 X75.899 Y192.855 E.03876
G1 X76.256 Y192.855 E.01494
G1 X76.256 Y191.929 E.03876
G1 X76.613 Y191.929 E.01494
G1 X76.613 Y192.855 E.03876
G1 X76.97 Y192.855 E.01494
G1 X76.97 Y191.929 E.03876
G1 X77.327 Y191.929 E.01494
G1 X77.327 Y192.855 E.03876
G1 X77.684 Y192.855 E.01494
G1 X77.684 Y191.929 E.03876
G1 X78.041 Y191.929 E.01494
G1 X78.041 Y192.855 E.03876
G1 X78.398 Y192.855 E.01494
G1 X78.398 Y191.929 E.03876
G1 X78.756 Y191.929 E.01499
G1 X78.756 Y192.855 E.03876
G1 X79.113 Y192.855 E.01494
G1 X79.113 Y191.929 E.03876
G1 X79.47 Y191.929 E.01494
G1 X79.47 Y192.855 E.03876
G1 X79.827 Y192.855 E.01494
G1 X79.827 Y191.929 E.03876
G1 X80.184 Y191.929 E.01494
G1 X80.184 Y192.855 E.03876
G1 X80.541 Y192.855 E.01494
G1 X80.541 Y191.929 E.03876
G1 X80.898 Y191.929 E.01494
G1 X80.898 Y192.855 E.03876
G1 X81.255 Y192.855 E.01494
G1 X81.255 Y191.929 E.03876
G1 X81.612 Y191.929 E.01494
G1 X81.612 Y192.855 E.03876
G1 X81.969 Y192.855 E.01494
G1 X81.969 Y191.929 E.03876
G1 X82.326 Y191.929 E.01494
G1 X82.326 Y192.855 E.03876
G1 X82.683 Y192.855 E.01494
G1 X82.683 Y191.929 E.03876
G1 X83.04 Y191.929 E.01494
G1 X83.04 Y192.855 E.03876
G1 X83.398 Y192.855 E.01499
G1 X83.398 Y191.929 E.03876
G1 X83.755 Y191.929 E.01494
G1 X83.755 Y192.855 E.03876
G1 X84.112 Y192.855 E.01494
G1 X84.112 Y191.929 E.03876
G1 X84.469 Y191.929 E.01494
G1 X84.469 Y192.855 E.03876
G1 X84.826 Y192.855 E.01494
G1 X84.826 Y191.929 E.03876
G1 X85.183 Y191.929 E.01494
G1 X85.183 Y192.855 E.03876
G1 X85.54 Y192.855 E.01494
G1 X85.54 Y191.929 E.03876
G1 X85.897 Y191.929 E.01494
G1 X85.897 Y192.855 E.03876
G1 X86.254 Y192.855 E.01494
G1 X86.254 Y191.929 E.03876
G1 X86.611 Y191.929 E.01494
G1 X86.611 Y192.855 E.03876
G1 X86.968 Y192.855 E.01494
G1 X86.968 Y191.929 E.03876
G1 X87.325 Y191.929 E.01494
G1 X87.325 Y192.855 E.03876
G1 X87.683 Y192.855 E.01499
G1 X87.683 Y191.929 E.03876
G1 X88.04 Y191.929 E.01494
G1 X88.04 Y192.855 E.03876
G1 X88.397 Y192.855 E.01494
G1 X88.397 Y191.929 E.03876
G1 X88.754 Y191.929 E.01494
G1 X88.754 Y192.855 E.03876
G1 X89.111 Y192.855 E.01494
G1 X89.111 Y191.929 E.03876
G1 X89.468 Y191.929 E.01494
G1 X89.468 Y192.855 E.03876
G1 X89.825 Y192.855 E.01494
G1 X89.825 Y191.929 E.03876
G1 X90.182 Y191.929 E.01494
G1 X90.182 Y192.855 E.03876
G1 X90.539 Y192.855 E.01494
G1 X90.539 Y191.929 E.03876
G1 X90.896 Y191.929 E.01494
G1 X90.896 Y192.855 E.03876
G1 X91.253 Y192.855 E.01494
G1 X91.253 Y191.929 E.03876
G1 X91.61 Y191.929 E.01494
G1 X91.61 Y192.855 E.03876
G1 X91.967 Y192.855 E.01494
G1 X91.967 Y191.929 E.03876
G1 X92.325 Y191.929 E.01499
G1 X92.325 Y192.855 E.03876
G1 X92.682 Y192.855 E.01494
G1 X92.682 Y191.929 E.03876
G1 X93.039 Y191.929 E.01494
G1 X93.039 Y192.855 E.03876
G1 X93.396 Y192.855 E.01494
G1 X93.396 Y191.929 E.03876
G1 X93.753 Y191.929 E.01494
G1 X93.753 Y192.855 E.03876
G1 X94.11 Y192.855 E.01494
G1 X94.11 Y191.929 E.03876
G1 X94.467 Y191.929 E.01494
G1 X94.467 Y192.855 E.03876
G1 X94.824 Y192.855 E.01494
G1 X94.824 Y191.929 E.03876
G1 X95.181 Y191.929 E.01494
G1 X95.181 Y192.855 E.03876
G1 X95.538 Y192.855 E.01494
G1 X95.538 Y191.929 E.03876
G1 X95.895 Y191.929 E.01494
G1 X95.895 Y192.855 E.03876
G1 X96.252 Y192.855 E.01494
G1 X96.252 Y191.929 E.03876
G1 X96.609 Y191.929 E.01494
G1 X96.609 Y192.855 E.03876
G1 X96.967 Y192.855 E.01499
G1 X96.967 Y191.929 E.03876
G1 X97.324 Y191.929 E.01494
G1 X97.324 Y192.855 E.03876
G1 X97.681 Y192.855 E.01494
G1 X97.681 Y191.929 E.03876
G1 X98.038 Y191.929 E.01494
G1 X98.038 Y192.855 E.03876
G1 X98.395 Y192.855 E.01494
G1 X98.395 Y191.929 E.03876
G1 X98.752 Y191.929 E.01494
G1 X98.752 Y192.855 E.03876
G1 X99.109 Y192.855 E.01494
G1 X99.109 Y191.929 E.03876
G1 X99.466 Y191.929 E.01494
G1 X99.466 Y192.855 E.03876
G1 X99.823 Y192.855 E.01494
G1 X99.823 Y191.929 E.03876
G1 X100.18 Y191.929 E.01494
G1 X100.18 Y192.855 E.03876
G1 X100.537 Y192.855 E.01494
G1 X100.537 Y191.929 E.03876
G1 X100.894 Y191.929 E.01494
G1 X100.894 Y192.855 E.03876
G1 X101.252 Y192.855 E.01499
G1 X101.252 Y191.929 E.03876
G1 X101.609 Y191.929 E.01494
G1 X101.609 Y192.855 E.03876
G1 X101.966 Y192.855 E.01494
G1 X101.966 Y191.929 E.03876
G1 X102.323 Y191.929 E.01494
G1 X102.323 Y192.855 E.03876
G1 X102.68 Y192.855 E.01494
G1 X102.68 Y191.929 E.03876
G1 X103.037 Y191.929 E.01494
G1 X103.037 Y192.855 E.03876
G1 X103.394 Y192.855 E.01494
G1 X103.394 Y191.929 E.03876
G1 X103.751 Y191.929 E.01494
G1 X103.751 Y192.855 E.03876
G1 X104.108 Y192.855 E.01494
G1 X104.108 Y191.929 E.03876
G1 X104.465 Y191.929 E.01494
G1 X104.465 Y192.855 E.03876
G1 X104.822 Y192.855 E.01494
G1 X104.822 Y191.929 E.03876
G1 X105.179 Y191.929 E.01494
G1 X105.179 Y192.855 E.03876
G1 X105.536 Y192.855 E.01494
G1 X105.536 Y191.929 E.03876
G1 X105.894 Y191.929 E.01499
G1 X105.894 Y192.855 E.03876
G1 X106.251 Y192.855 E.01494
G1 X106.251 Y191.929 E.03876
G1 X106.608 Y191.929 E.01494
G1 X106.608 Y192.855 E.03876
G1 X106.965 Y192.855 E.01494
G1 X106.965 Y191.929 E.03876
G1 X107.322 Y191.929 E.01494
G1 X107.322 Y192.855 E.03876
G1 X107.679 Y192.855 E.01494
G1 X107.679 Y191.929 E.03876
G1 X108.036 Y191.929 E.01494
G1 X108.036 Y192.855 E.03876
G1 X108.393 Y192.855 E.01494
G1 X108.393 Y191.929 E.03876
G1 X108.75 Y191.929 E.01494
G1 X108.75 Y192.855 E.03876
G1 X109.107 Y192.855 E.01494
G1 X109.107 Y191.929 E.03876
G1 X109.464 Y191.929 E.01494
G1 X109.464 Y192.855 E.03876
G1 X109.821 Y192.855 E.01494
G1 X109.821 Y191.929 E.03876
G1 X110.178 Y191.929 E.01494
G1 X110.178 Y192.855 E.03876
G1 X110.536 Y192.855 E.01499
G1 X110.536 Y191.928 E.0388
G1 X110.893 Y191.928 E.01494
G1 X110.893 Y192.855 E.0388
G1 X111.25 Y192.855 E.01494
G1 X111.25 Y191.928 E.0388
G1 X111.607 Y191.928 E.01494
G1 X111.607 Y192.855 E.0388
G1 X111.964 Y192.855 E.01494
G1 X111.964 Y191.928 E.0388
G1 X112.321 Y191.928 E.01494
G1 X112.321 Y192.855 E.0388
G1 X112.678 Y192.855 E.01494
G1 X112.678 Y191.928 E.0388
G1 X113.035 Y191.928 E.01494
G1 X113.035 Y192.855 E.0388
G1 X113.392 Y192.855 E.01494
G1 X113.392 Y191.928 E.0388
G1 X113.749 Y191.928 E.01494
G1 X113.749 Y192.855 E.0388
G1 X114.106 Y192.855 E.01494
G1 X114.106 Y191.928 E.0388
G1 X114.463 Y191.928 E.01494
G1 X114.463 Y192.855 E.0388
G1 X114.821 Y192.855 E.01499
G1 X114.821 Y191.928 E.0388
G1 X115.178 Y191.928 E.01494
G1 X115.178 Y192.855 E.0388
G1 X115.535 Y192.855 E.01494
G1 X115.535 Y191.928 E.0388
G1 X115.892 Y191.928 E.01494
G1 X115.892 Y192.855 E.0388
G1 X116.249 Y192.855 E.01494
G1 X116.249 Y191.928 E.0388
G1 X116.606 Y191.928 E.01494
G1 X116.606 Y192.855 E.0388
G1 X116.963 Y192.855 E.01494
G1 X116.963 Y191.928 E.0388
G1 X117.32 Y191.928 E.01494
G1 X117.32 Y192.855 E.0388
G1 X117.677 Y192.855 E.01494
G1 X117.677 Y191.928 E.0388
G1 X118.034 Y191.928 E.01494
G1 X118.034 Y192.855 E.0388
G1 X118.391 Y192.855 E.01494
G1 X118.391 Y191.928 E.0388
G1 X118.748 Y191.928 E.01494
G1 X118.748 Y192.855 E.0388
G1 X119.105 Y192.855 E.01494
G1 X119.105 Y191.928 E.0388
G1 X119.463 Y191.928 E.01499
G1 X119.463 Y192.855 E.0388
G1 X119.82 Y192.855 E.01494
G1 X119.82 Y191.928 E.0388
G1 X120.177 Y191.928 E.01494
G1 X120.177 Y192.855 E.0388
G1 X120.534 Y192.855 E.01494
G1 X120.534 Y191.928 E.0388
G1 X120.891 Y191.928 E.01494
G1 X120.891 Y192.855 E.0388
G1 X121.248 Y192.855 E.01494
G1 X121.248 Y191.928 E.0388
G1 X121.605 Y191.928 E.01494
G1 X121.605 Y192.855 E.0388
G1 X121.962 Y192.855 E.01494
G1 X121.962 Y191.928 E.0388
G1 X122.319 Y191.928 E.01494
G1 X122.319 Y192.855 E.0388
G1 X122.676 Y192.855 E.01494
G1 X122.676 Y191.928 E.0388
G1 X123.033 Y191.928 E.01494
G1 X123.033 Y192.855 E.0388
G1 X123.39 Y192.855 E.01494
G1 X123.39 Y191.928 E.0388
G1 X123.747 Y191.928 E.01494
G1 X123.747 Y192.855 E.0388
G1 X124.105 Y192.855 E.01499
G1 X124.105 Y191.928 E.0388
G1 X124.462 Y191.928 E.01494
G1 X124.462 Y192.855 E.0388
G1 X124.819 Y192.855 E.01494
G1 X124.819 Y191.928 E.0388
G1 X125.176 Y191.928 E.01494
G1 X125.176 Y192.855 E.0388
G1 X125.533 Y192.855 E.01494
G1 X125.533 Y191.928 E.0388
G1 X125.89 Y191.928 E.01494
G1 X125.89 Y192.855 E.0388
G1 X126.247 Y192.855 E.01494
G1 X126.247 Y191.928 E.0388
G1 X126.604 Y191.928 E.01494
G1 X126.604 Y192.855 E.0388
G1 X126.961 Y192.855 E.01494
G1 X126.961 Y191.928 E.0388
G1 X127.318 Y191.928 E.01494
G1 X127.318 Y192.855 E.0388
G1 X127.675 Y192.855 E.01494
G1 X127.675 Y191.928 E.0388
G1 X128.032 Y191.928 E.01494
G1 X128.032 Y192.855 E.0388
G1 X128.39 Y192.855 E.01499
G1 X128.39 Y191.928 E.0388
G1 X128.747 Y191.928 E.01494
G1 X128.747 Y192.855 E.0388
G1 X129.104 Y192.855 E.01494
G1 X129.104 Y191.928 E.0388
G1 X129.461 Y191.928 E.01494
G1 X129.461 Y192.855 E.0388
G1 X129.818 Y192.855 E.01494
G1 X129.818 Y191.928 E.0388
G1 X130.175 Y191.928 E.01494
G1 X130.175 Y192.855 E.0388
G1 X130.532 Y192.855 E.01494
G1 X130.532 Y191.928 E.0388
G1 X130.889 Y191.928 E.01494
G1 X130.889 Y192.855 E.0388
G1 X131.246 Y192.855 E.01494
G1 X131.246 Y191.928 E.0388
G1 X131.603 Y191.928 E.01494
G1 X131.603 Y192.855 E.0388
G1 X131.96 Y192.855 E.01494
G1 X131.96 Y191.928 E.0388
G1 X132.317 Y191.928 E.01494
G1 X132.317 Y192.855 E.0388
G1 X132.674 Y192.855 E.01494
G1 X132.674 Y191.928 E.0388
G1 X133.032 Y191.928 E.01499
G1 X133.032 Y192.855 E.0388
G1 X133.389 Y192.855 E.01494
G1 X133.389 Y191.928 E.0388
G1 X133.746 Y191.928 E.01494
G1 X133.746 Y192.855 E.0388
G1 X134.103 Y192.855 E.01494
G1 X134.103 Y191.928 E.0388
G1 X134.46 Y191.928 E.01494
G1 X134.46 Y192.855 E.0388
G1 X134.817 Y192.855 E.01494
G1 X134.817 Y191.928 E.0388
G1 X135.174 Y191.928 E.01494
G1 X135.174 Y192.855 E.0388
G1 X135.531 Y192.855 E.01494
G1 X135.531 Y191.928 E.0388
G1 X135.888 Y191.928 E.01494
G1 X135.888 Y192.855 E.0388
G1 X136.245 Y192.855 E.01494
G1 X136.245 Y191.928 E.0388
G1 X136.602 Y191.928 E.01494
G1 X136.602 Y192.855 E.0388
G1 X136.959 Y192.855 E.01494
G1 X136.959 Y191.928 E.0388
G1 X137.316 Y191.928 E.01494
G1 X137.316 Y192.855 E.0388
G1 X137.674 Y192.855 E.01499
G1 X137.674 Y191.928 E.0388
G1 X138.031 Y191.928 E.01494
G1 X138.031 Y192.855 E.0388
G1 X138.388 Y192.855 E.01494
G1 X138.388 Y191.928 E.0388
G1 X138.745 Y191.928 E.01494
G1 X138.745 Y192.855 E.0388
G1 X139.102 Y192.855 E.01494
G1 X139.102 Y191.928 E.0388
G1 X139.459 Y191.928 E.01494
G1 X139.459 Y192.855 E.0388
G1 X139.816 Y192.855 E.01494
G1 X139.816 Y191.928 E.0388
G1 X140.173 Y191.928 E.01494
G1 X140.173 Y192.855 E.0388
G1 X140.53 Y192.855 E.01494
G1 X140.53 Y191.928 E.0388
G1 X140.887 Y191.928 E.01494
G1 X140.887 Y192.855 E.0388
G1 X141.244 Y192.855 E.01494
G1 X141.244 Y191.928 E.0388
G1 X141.601 Y191.928 E.01494
G1 X141.601 Y192.855 E.0388
G1 X141.959 Y192.855 E.01499
G1 X141.959 Y191.928 E.0388
G1 X142.316 Y191.928 E.01494
G1 X142.316 Y192.855 E.0388
G1 X142.673 Y192.855 E.01494
G1 X142.673 Y191.928 E.0388
G1 X143.03 Y191.928 E.01494
G1 X143.03 Y192.855 E.0388
G1 X143.387 Y192.855 E.01494
G1 X143.387 Y191.928 E.0388
G1 X143.744 Y191.928 E.01494
G1 X143.744 Y192.855 E.0388
G1 X144.101 Y192.855 E.01494
G1 X144.101 Y191.928 E.0388
G1 X144.458 Y191.928 E.01494
G1 X144.458 Y192.855 E.0388
G1 X144.815 Y192.855 E.01494
G1 X144.815 Y191.928 E.0388
G1 X145.172 Y191.928 E.01494
G1 X145.172 Y192.855 E.0388
G1 X145.529 Y192.855 E.01494
G1 X145.529 Y191.928 E.0388
G1 X145.886 Y191.928 E.01494
G1 X145.886 Y192.855 E.0388
G1 X146.243 Y192.855 E.01494
G1 X146.243 Y191.928 E.0388
G1 X146.601 Y191.928 E.01499
G1 X146.601 Y192.855 E.0388
G1 X146.958 Y192.855 E.01494
G1 X146.958 Y191.928 E.0388
G1 X147.315 Y191.928 E.01494
G1 X147.315 Y192.855 E.0388
G1 X147.672 Y192.855 E.01494
G1 X147.672 Y191.928 E.0388
G1 X148.029 Y191.928 E.01494
G1 X148.029 Y192.855 E.0388
G1 X148.386 Y192.855 E.01494
G1 X148.386 Y191.928 E.0388
G1 X148.743 Y191.928 E.01494
G1 X148.743 Y192.855 E.0388
G1 X149.1 Y192.855 E.01494
G1 X149.1 Y191.928 E.0388
G1 X149.457 Y191.928 E.01494
G1 X149.457 Y192.855 E.0388
G1 X149.814 Y192.855 E.01494
G1 X149.814 Y191.928 E.0388
G1 X150.171 Y191.928 E.01494
G1 X150.171 Y192.855 E.0388
G1 X150.528 Y192.855 E.01494
G1 X150.528 Y191.928 E.0388
G1 X150.885 Y191.928 E.01494
G1 X150.885 Y192.855 E.0388
G1 X151.243 Y192.855 E.01499
G1 X151.243 Y191.928 E.0388
G1 X151.6 Y191.928 E.01494
G1 X151.6 Y192.855 E.0388
G1 X151.957 Y192.855 E.01494
G1 X151.957 Y191.928 E.0388
G1 X152.314 Y191.928 E.01494
G1 X152.314 Y192.855 E.0388
G1 X152.671 Y192.855 E.01494
G1 X152.671 Y191.928 E.0388
G1 X153.028 Y191.928 E.01494
G1 X153.028 Y192.855 E.0388
G1 X153.385 Y192.855 E.01494
G1 X153.385 Y191.928 E.0388
G1 X153.742 Y191.928 E.01494
G1 X153.742 Y192.855 E.0388
G1 X154.099 Y192.855 E.01494
G1 X154.099 Y191.928 E.0388
G1 X154.456 Y191.928 E.01494
G1 X154.456 Y192.855 E.0388
G1 X154.813 Y192.855 E.01494
G1 X154.813 Y191.928 E.0388
G1 X155.17 Y191.928 E.01494
G1 X155.17 Y192.855 E.0388
G1 X155.528 Y192.855 E.01499
G1 X155.528 Y191.928 E.0388
G1 X155.885 Y191.928 E.01494
G1 X155.885 Y192.855 E.0388
G1 X156.242 Y192.855 E.01494
G1 X156.242 Y191.928 E.0388
G1 X156.599 Y191.928 E.01494
G1 X156.599 Y192.855 E.0388
G1 X156.956 Y192.855 E.01494
G1 X156.956 Y191.928 E.0388
G1 X157.313 Y191.928 E.01494
G1 X157.313 Y192.855 E.0388
G1 X157.67 Y192.855 E.01494
G1 X157.67 Y191.928 E.0388
G1 X158.027 Y191.928 E.01494
G1 X158.027 Y192.855 E.0388
G1 X158.384 Y192.855 E.01494
G1 X158.384 Y191.928 E.0388
G1 X158.741 Y191.928 E.01494
G1 X158.741 Y192.855 E.0388
G1 X159.098 Y192.855 E.01494
G1 X159.098 Y191.928 E.0388
G1 X159.455 Y191.928 E.01494
G1 X159.455 Y192.855 E.0388
G1 X159.812 Y192.855 E.01494
G1 X159.812 Y191.928 E.0388
G1 X160.17 Y191.928 E.01499
G1 X160.17 Y192.855 E.0388
G1 X160.527 Y192.855 E.01494
G1 X160.527 Y191.928 E.0388
G1 X160.884 Y191.928 E.01494
G1 X160.884 Y192.855 E.0388
G1 X161.241 Y192.855 E.01494
G1 X161.241 Y191.928 E.0388
G1 X161.598 Y191.928 E.01494
G1 X161.598 Y192.855 E.0388
G1 X161.955 Y192.855 E.01494
G1 X161.955 Y191.928 E.0388
G1 X162.312 Y191.928 E.01494
G1 X162.312 Y192.855 E.0388
G1 X162.669 Y192.855 E.01494
G1 X162.669 Y191.928 E.0388
G1 X163.026 Y191.928 E.01494
G1 X163.026 Y192.855 E.0388
G1 X163.383 Y192.855 E.01494
G1 X163.383 Y191.928 E.0388
G1 X163.74 Y191.928 E.01494
G1 X163.74 Y192.855 E.0388
G1 X164.097 Y192.855 E.01494
G1 X164.097 Y191.928 E.0388
G1 X164.454 Y191.928 E.01494
G1 X164.454 Y192.855 E.0388
G1 X164.812 Y192.855 E.01499
G1 X164.812 Y191.928 E.0388
G1 X165.169 Y191.928 E.01494
G1 X165.169 Y192.855 E.0388
G1 X165.526 Y192.855 E.01494
G1 X165.526 Y191.928 E.0388
G1 X165.883 Y191.928 E.01494
G1 X165.883 Y192.855 E.0388
G1 X166.24 Y192.855 E.01494
G1 X166.24 Y191.928 E.0388
G1 X166.597 Y191.928 E.01494
G1 X166.597 Y192.855 E.0388
G1 X166.954 Y192.855 E.01494
G1 X166.954 Y191.928 E.0388
G1 X167.311 Y191.928 E.01494
G1 X167.311 Y196.995 E.21211
G1 E-2 F2400
M204 S8000
G1 X161.553 Y197.784 F24000
G1 E2 F2400
M204 S4000
;TYPE:Perimeter
;WIDTH:0.449999
;HEIGHT:0.2
G1 F10800
G1 X161.61 Y197.858 E.00316
G1 X161.779 Y197.949 E.0065
G1 X161.979 Y197.982 E.00686
G1 X167.368 Y197.982 E.18241
G1 X167.368 Y201.718 E.12646
G1 X52.632 Y201.718 E3.88367
G1 X52.632 Y197.982 E.12646
G1 X58.106 Y197.982 E.18529
G1 X58.39 Y197.858 E.01049
G1 X58.512 Y197.735 E.00586
G1 X58.632 Y197.371 E.01297
G1 X58.632 Y194.482 E.09779
G1 X161.368 Y194.482 E3.47749
G1 X161.368 Y197.371 E.09779
G1 X161.413 Y197.602 E.00797
G1 X161.516 Y197.736 E.00572
M204 S5000
M204 S8000
G1 X161.835 Y197.501 F24000
M204 S4000
;TYPE:External perimeter
G1 F7200
G1 X161.856 Y197.534 E.00132
G1 X161.979 Y197.575 E.00439
G1 X167.775 Y197.575 E.19619
G1 X167.775 Y202.125 E.15401
G1 X52.225 Y202.125 E3.91122
G1 X52.225 Y197.575 E.15401
G1 X58.021 Y197.575 E.19619
G1 X58.144 Y197.534 E.00439
G1 X58.225 Y197.371 E.00616
G1 X58.225 Y194.075 E.11157
G1 X161.775 Y194.075 E3.50504
G1 X161.775 Y197.402 E.11261
G1 X161.804 Y197.449 E.00187
M204 S5000
G1 X162.186 Y197.568 F24000
G1 E-2 F2400
M204 S8000
G1 X84.632 Y17.982 F24000
G1 E2 F2400
M204 S4000
;TYPE:Perimeter
G1 F10800
G1 X135.368 Y17.982 E1.71735
G1 X135.368 Y25.445 E.25261
G1 X135.452 Y25.681 E.00848
G1 X135.656 Y25.89 E.00989
G1 X135.979 Y25.982 E.01137
G1 X187.738 Y25.982 E1.75198
G1 X213.368 Y51.612 E1.22689
G1 X213.368 Y171.088 E4.04411
G1 X187.738 Y196.718 E1.22689
G1 X168.632 Y196.718 E.64671
G1 X168.632 Y191.982 E.16031
G1 X188.009 Y191.982 E.65589
G1 X188.234 Y191.939 E.00775
G1 X188.441 Y191.803 E.00838
G1 X208.453 Y171.791 E.95796
G1 X208.589 Y171.584 E.00838
G1 X208.632 Y171.359 E.00775
G1 X208.632 Y51.341 E4.06246
G1 X208.589 Y51.116 E.00775
G1 X208.453 Y50.909 E.00838
G1 X188.441 Y30.897 E.95796
G1 X188.234 Y30.761 E.00838
G1 X188.009 Y30.718 E.00775
G1 X31.991 Y30.718 E5.28102
G1 X31.766 Y30.761 E.00775
G1 X31.559 Y30.897 E.00838
G1 X11.547 Y50.909 E.95796
G1 X11.411 Y51.116 E.00838
G1 X11.368 Y51.341 E.00775
G1 X11.368 Y171.359 E4.06246
G1 X11.411 Y171.584 E.00775
G1 X11.547 Y171.791 E.00838
G1 X31.559 Y191.803 E.95796
G1 X31.766 Y191.939 E.00838
G1 X31.991 Y191.982 E.00775
G1 X51.368 Y191.982 E.65589
G1 X51.368 Y196.718 E.16031
G1 X32.262 Y196.718 E.64671
G1 X6.632 Y171.088 E1.22689
G1 X6.632 Y51.612 E4.04411
G1 X32.262 Y25.982 E1.22689
G1 X84.152 Y25.982 E1.75641
G1 X84.464 Y25.793 E.01235
G1 X84.599 Y25.57 E.00882
G1 X84.632 Y25.371 E.00683
G1 X84.632 Y18.042 E.24808
M204 S5000
M204 S8000
G1 X84.225 Y17.575 F24000
M204 S4000
;TYPE:External perimeter
G1 F7200
G1 X135.775 Y17.575 E1.7449
G1 X135.775 Y25.371 E.26388
G1 X135.831 Y25.512 E.00514
G1 X135.979 Y25.575 E.00544
G1 X187.907 Y25.575 E1.7577
G1 X213.775 Y51.443 E1.23829
G1 X213.775 Y171.257 E4.05556
G1 X187.907 Y197.125 E1.23829
G1 X168.225 Y197.125 E.66621
G1 X168.225 Y191.575 E.18786
G1 X188.009 Y191.575 E.66966
G1 X188.153 Y191.515 E.00528
G1 X208.165 Y171.503 E.95796
G1 X208.225 Y171.359 E.00528
G1 X208.225 Y51.341 E4.06246
G1 X208.165 Y51.197 E.00528
G1 X188.153 Y31.185 E.95796
G1 X188.009 Y31.125 E.00528
G1 X31.991 Y31.125 E5.28102
G1 X31.847 Y31.185 E.00528
G1 X11.835 Y51.197 E.95796
G1 X11.775 Y51.341 E.00528
G1 X11.775 Y171.359 E4.06246
G1 X11.835 Y171.503 E.00528
G1 X31.847 Y191.515 E.95796
G1 X31.991 Y191.575 E.00528
G1 X51.775 Y191.575 E.66966
G1 X51.775 Y197.125 E.18786
G1 X32.093 Y197.125 E.66621
G1 X6.225 Y171.257 E1.23829
G1 X6.225 Y51.443 E4.05556
G1 X32.093 Y25.575 E1.23829
G1 X84.021 Y25.575 E1.7577
G1 X84.169 Y25.512 E.00544
G1 X84.225 Y25.371 E.00514
G1 X84.225 Y17.635 E.26185
M204 S5000
G1 X84.621 Y17.576 F24000
G1 E-2 F2400
M204 S8000
G1 X84.932 Y22.368 F24000
G1 E2 F2400
M204 S5000
;TYPE:Internal infill
;WIDTH:0.45
G1 F13200
G1 X84.935 Y19.925 E.08269
G1 X86.573 Y18.287 E.07841
G1 X87.371 Y18.287 E.02701
G1 X89.207 Y20.123 E.08789
G1 X89.634 Y19.696 E.02044
G1 X93.156 Y23.219 E.16862
G1 X98.087 Y18.287 E.23607
G1 X98.885 Y18.287 E.02701
G1 X99.419 Y18.821 E.02556
G1 X99.845 Y18.394 E.02042
G1 X104.67 Y23.219 E.23097
G1 X109.601 Y18.287 E.23607
G1 X110.399 Y18.287 E.02701
G1 X110.903 Y18.791 E.02413
G1 X111.33 Y18.365 E.02042
G1 X116.184 Y23.219 E.23236
G1 X121.115 Y18.287 E.23607
G1 X121.913 Y18.287 E.02701
G1 X122.388 Y18.762 E.02274
G1 X122.814 Y18.335 E.02042
G1 X127.698 Y23.219 E.23379
G1 X132.629 Y18.287 E.23607
G1 X133.427 Y18.287 E.02701
G1 X134.19 Y19.051 E.03655
G1 X132.463 Y20.778 E.08267
G1 E-2 F2400
M204 S8000
G1 X213.244 Y170.75 F24000
G1 E2 F2400
M204 S1500
;TYPE:Bridge infill
;WIDTH:0.400123
;HEIGHT:0.4
M106 S255
G1 F3000
G1 X187.603 Y196.391 E1.89566
G1 X186.966 Y196.391 E.0333
G1 X213.041 Y170.316 E1.92775
G1 X213.041 Y169.68 E.03325
G1 X186.33 Y196.391 E1.97477
G1 X185.693 Y196.391 E.0333
G1 X213.041 Y169.043 E2.02186
G1 X213.041 Y168.406 E.0333
G1 X185.056 Y196.391 E2.06896
G1 X184.42 Y196.391 E.03325
G1 X213.041 Y167.77 E2.11598
G1 X213.041 Y167.133 E.0333
G1 X208.959 Y171.216 E.30182
G1 X208.959 Y171.371 E.0081
G1 X208.896 Y171.7 E.01751
G1 X208.79 Y171.896 E.01165
G1 X208.688 Y172.018 E.00831
G1 X188.663 Y192.043 E1.48047
G1 X188.356 Y192.245 E.01921
G1 X188.021 Y192.309 E.01783
G1 X187.866 Y192.309 E.0081
G1 X183.783 Y196.391 E.30182
G1 X183.147 Y196.391 E.03325
G1 X187.229 Y192.309 E.30179
G1 X186.592 Y192.309 E.0333
G1 X182.51 Y196.391 E.30179
G1 X181.874 Y196.391 E.03325
G1 X185.956 Y192.309 E.30179
G1 X185.319 Y192.309 E.0333
G1 X181.237 Y196.391 E.30179
G1 X180.6 Y196.391 E.0333
G1 X184.683 Y192.309 E.30182
G1 X184.046 Y192.309 E.0333
G1 X179.964 Y196.391 E.30179
G1 X179.327 Y196.391 E.0333
G1 X183.41 Y192.309 E.30182
G1 X182.773 Y192.309 E.0333
G1 X178.691 Y196.391 E.30179
G1 X178.054 Y196.391 E.0333
G1 X182.136 Y192.309 E.30179
G1 X181.5 Y192.309 E.03325
G1 X177.418 Y196.391 E.30179
G1 X176.781 Y196.391 E.0333
G1 X180.863 Y192.309 E.30179
G1 X180.227 Y192.309 E.03325
G1 X176.144 Y196.391 E.30182
G1 X175.508 Y196.391 E.03325
G1 X179.59 Y192.309 E.30179
G1 X178.954 Y192.309 E.03325
G1 X174.871 Y196.391 E.30182
G1 X174.235 Y196.391 E.03325
G1 X178.317 Y192.309 E.30179
G1 X177.68 Y192.309 E.0333
G1 X173.598 Y196.391 E.30179
G1 X172.962 Y196.391 E.03325
G1 X177.044 Y192.309 E.30179
G1 X176.407 Y192.309 E.0333
G1 X172.325 Y196.391 E.30179
G1 X171.688 Y196.391 E.0333
G1 X175.771 Y192.309 E.30182
G1 X175.134 Y192.309 E.0333
G1 X171.052 Y196.391 E.30179
G1 X170.415 Y196.391 E.0333
G1 X174.498 Y192.309 E.30182
G1 X173.861 Y192.309 E.0333
G1 X169.779 Y196.391 E.30179
G1 X169.142 Y196.391 E.0333
G1 X173.224 Y192.309 E.30179
G1 X172.588 Y192.309 E.03325
G1 X168.959 Y195.938 E.2683
G1 X168.959 Y195.301 E.0333
G1 X171.951 Y192.309 E.2212
G1 X171.315 Y192.309 E.03325
G1 X168.959 Y194.665 E.17418
G1 X168.959 Y194.028 E.0333
G1 X170.678 Y192.309 E.12709
G1 X170.042 Y192.309 E.03325
G1 X168.959 Y193.392 E.08007
G1 X168.959 Y192.755 E.0333
G1 X169.608 Y192.106 E.04798
M107
M204 S5000
G1 E-2 F2400
M204 S8000
G1 X208.756 Y170.782 F24000
G1 E2 F2400
M204 S1500
M106 S255
G1 F3000
G1 X213.041 Y166.497 E.31679
G1 X213.041 Y165.86 E.0333
G1 X208.959 Y169.942 E.30179
G1 X208.959 Y169.306 E.03325
G1 X213.041 Y165.224 E.30179
G1 X213.041 Y164.587 E.0333
G1 X208.959 Y168.669 E.30179
G1 X208.959 Y168.033 E.03325
G1 X213.041 Y163.95 E.30182
G1 X213.041 Y163.314 E.03325
G1 X208.959 Y167.396 E.30179
G1 X208.959 Y166.76 E.03325
G1 X213.041 Y162.677 E.30182
G1 X213.041 Y162.041 E.03325
G1 X208.959 Y166.123 E.30179
G1 X208.959 Y165.486 E.0333
G1 X213.041 Y161.404 E.30179
G1 X213.041 Y160.768 E.03325
G1 X208.959 Y164.85 E.30179
G1 X208.959 Y164.213 E.0333
G1 X213.041 Y160.131 E.30179
G1 X213.041 Y159.494 E.0333
G1 X208.959 Y163.577 E.30182
G1 X208.959 Y162.94 E.0333
G1 X213.041 Y158.858 E.30179
G1 X213.041 Y158.221 E.0333
G1 X208.959 Y162.304 E.30182
G1 X208.959 Y161.667 E.0333
G1 X213.041 Y157.585 E.30179
G1 X213.041 Y156.948 E.0333
G1 X208.959 Y161.03 E.30179
G1 X208.959 Y160.394 E.03325
G1 X213.041 Y156.312 E.30179
G1 X213.041 Y155.675 E.0333
G1 X208.959 Y159.757 E.30179
G1 X208.959 Y159.121 E.03325
G1 X213.041 Y155.038 E.30182
G1 X213.041 Y154.402 E.03325
G1 X208.959 Y158.484 E.30179
G1 X208.959 Y157.848 E.03325
G1 X213.041 Y153.765 E.30182
G1 X213.041 Y153.129 E.03325
G1 X208.959 Y157.211 E.30179
G1 X208.959 Y156.574 E.0333
G1 X213.041 Y152.492 E.30179
G1 X213.041 Y151.856 E.03325
G1 X208.959 Y155.938 E.30179
G1 X208.959 Y155.301 E.0333
G1 X213.041 Y151.219 E.30179
G1 X213.041 Y150.582 E.0333
G1 X208.959 Y154.665 E.30182
G1 X208.959 Y154.028 E.0333
G1 X213.041 Y149.946 E.30179
G1 X213.041 Y149.309 E.0333
G1 X208.959 Y153.392 E.30182
G1 X208.959 Y152.755 E.0333
G1 X213.041 Y148.673 E.30179
G1 X213.041 Y148.036 E.0333
G1 X208.959 Y152.118 E.30179
G1 X208.959 Y151.482 E.03325
G1 X213.041 Y147.4 E.30179
G1 X213.041 Y146.763 E.0333
G1 X208.959 Y150.845 E.30179
G1 X208.959 Y150.209 E.03325
G1 X213.041 Y146.126 E.30182
G1 X213.041 Y145.49 E.03325
G1 X208.959 Y149.572 E.30179
G1 X208.959 Y148.936 E.03325
G1 X213.041 Y144.853 E.30182
G1 X213.041 Y144.217 E.03325
G1 X208.959 Y148.299 E.30179
G1 X208.959 Y147.662 E.0333
G1 X213.041 Y143.58 E.30179
G1 X213.041 Y142.944 E.03325
G1 X208.959 Y147.026 E.30179
G1 X208.959 Y146.389 E.0333
G1 X213.041 Y142.307 E.30179
G1 X213.041 Y141.67 E.0333
G1 X208.959 Y145.753 E.30182
G1 X208.959 Y145.116 E.0333
G1 X213.041 Y141.034 E.30179
G1 X213.041 Y140.397 E.0333
G1 X208.959 Y144.48 E.30182
G1 X208.959 Y143.843 E.0333
G1 X213.041 Y139.761 E.30179
G1 X213.041 Y139.124 E.0333
G1 X208.959 Y143.206 E.30179
G1 X208.959 Y142.57 E.03325
G1 X213.041 Y138.488 E.30179
G1 X213.041 Y137.851 E.0333
G1 X208.959 Y141.933 E.30179
G1 X208.959 Y141.297 E.03325
G1 X213.041 Y137.214 E.30182
G1 X213.041 Y136.578 E.03325
G1 X208.959 Y140.66 E.30179
G1 X208.959 Y140.024 E.03325
G1 X213.041 Y135.941 E.30182
G1 X213.041 Y135.305 E.03325
G1 X208.959 Y139.387 E.30179
G1 X208.959 Y138.751 E.03325
G1 X213.041 Y134.668 E.30182
G1 X213.041 Y134.032 E.03325
G1 X208.959 Y138.114 E.30179
G1 X208.959 Y137.477 E.0333
G1 X213.041 Y133.395 E.30179
G1 X213.041 Y132.758 E.0333
G1 X208.959 Y136.841 E.30182
G1 X208.959 Y136.204 E.0333
G1 X213.041 Y132.122 E.30179
G1 X213.041 Y131.485 E.0333
G1 X208.959 Y135.568 E.30182
G1 X208.959 Y134.931 E.0333
G1 X213.041 Y130.849 E.30179
G1 X213.041 Y130.212 E.0333
G1 X208.959 Y134.295 E.30182
G1 X208.959 Y133.658 E.0333
G1 X213.041 Y129.576 E.30179
G1 X213.041 Y128.939 E.0333
G1 X208.959 Y133.021 E.30179
G1 X208.959 Y132.385 E.03325
G1 X213.041 Y128.303 E.30179
G1 X213.041 Y127.666 E.0333
G1 X208.959 Y131.748 E.30179
G1 X208.959 Y131.112 E.03325
G1 X213.041 Y127.029 E.30182
G1 X213.041 Y126.393 E.03325
G1 X208.959 Y130.475 E.30179
G1 X208.959 Y129.839 E.03325
G1 X213.041 Y125.756 E.30182
G1 X213.041 Y125.12 E.03325
G1 X208.959 Y129.202 E.30179
G1 X208.959 Y128.565 E.0333
G1 X213.041 Y124.483 E.30179
G1 X213.041 Y123.847 E.03325
G1 X208.959 Y127.929 E.30179
G1 X208.959 Y127.292 E.0333
G1 X213.041 Y123.21 E.30179
G1 X213.041 Y122.573 E.0333
G1 X208.959 Y126.656 E.30182
G1 X208.959 Y126.019 E.0333
G1 X213.041 Y121.937 E.30179
G1 X213.041 Y121.3 E.0333
G1 X208.959 Y125.383 E.30182
G1 X208.959 Y124.746 E.0333
G1 X213.041 Y120.664 E.30179
G1 X213.041 Y120.027 E.0333
G1 X208.959 Y124.109 E.30179
G1 X208.959 Y123.473 E.03325
G1 X213.041 Y119.391 E.30179
G1 X213.041 Y118.754 E.0333
G1 X208.959 Y122.836 E.30179
G1 X208.959 Y122.2 E.03325
G1 X213.041 Y118.117 E.30182
G1 X213.041 Y117.481 E.03325
G1 X208.959 Y121.563 E.30179
G1 X208.959 Y120.927 E.03325
G1 X213.041 Y116.844 E.30182
G1 X213.041 Y116.208 E.03325
G1 X208.959 Y120.29 E.30179
G1 X208.959 Y119.653 E.0333
G1 X213.041 Y115.571 E.30179
G1 X213.041 Y114.935 E.03325
G1 X208.959 Y119.017 E.30179
G1 X208.959 Y118.38 E.0333
G1 X213.041 Y114.298 E.30179
G1 X213.041 Y113.661 E.0333
G1 X208.959 Y117.744 E.30182
G1 X208.959 Y117.107 E.0333
G1 X213.041 Y113.025 E.30179
G1 X213.041 Y112.388 E.0333
G1 X208.959 Y116.471 E.30182
G1 X208.959 Y115.834 E.0333
G1 X213.041 Y111.752 E.30179
G1 X213.041 Y111.115 E.0333
G1 X208.959 Y115.197 E.30179
G1 X208.959 Y114.561 E.03325
G1 X213.041 Y110.479 E.30179
G1 X213.041 Y109.842 E.0333
G1 X208.959 Y113.924 E.30179
G1 X208.959 Y113.288 E.03325
G1 X213.041 Y109.205 E.30182
G1 X213.041 Y108.569 E.03325
G1 X208.959 Y112.651 E.30179
G1 X208.959 Y112.015 E.03325
G1 X213.041 Y107.932 E.30182
G1 X213.041 Y107.296 E.03325
G1 X208.959 Y111.378 E.30179
G1 X208.959 Y110.741 E.0333
G1 X213.041 Y106.659 E.30179
G1 X213.041 Y106.023 E.03325
G1 X208.959 Y110.105 E.30179
G1 X208.959 Y109.468 E.0333
G1 X213.041 Y105.386 E.30179
G1 X213.041 Y104.749 E.0333
G1 X208.959 Y108.832 E.30182
G1 X208.959 Y108.195 E.0333
G1 X213.041 Y104.113 E.30179
G1 X213.041 Y103.476 E.0333
G1 X208.959 Y107.559 E.30182
G1 X208.959 Y106.922 E.0333
G1 X213.041 Y102.84 E.30179
G1 X213.041 Y102.203 E.0333
G1 X208.959 Y106.285 E.30179
G1 X208.959 Y105.649 E.03325
G1 X213.041 Y101.567 E.30179
G1 X213.041 Y100.93 E.0333
G1 X208.959 Y105.012 E.30179
G1 X208.959 Y104.376 E.03325
G1 X213.041 Y100.293 E.30182
G1 X213.041 Y99.657 E.03325
G1 X208.959 Y103.739 E.30179
G1 X208.959 Y103.103 E.03325
G1 X213.041 Y99.02 E.30182
G1 X213.041 Y98.384 E.03325
G1 X208.959 Y102.466 E.30179
G1 X208.959 Y101.829 E.0333
G1 X213.041 Y97.747 E.30179
G1 X213.041 Y97.111 E.03325
G1 X208.959 Y101.193 E.30179
G1 X208.959 Y100.556 E.0333
G1 X213.041 Y96.474 E.30179
G1 X213.041 Y95.837 E.0333
G1 X208.959 Y99.92 E.30182
G1 X208.959 Y99.283 E.0333
G1 X213.041 Y95.201 E.30179
G1 X213.041 Y94.564 E.0333
G1 X208.959 Y98.647 E.30182
G1 X208.959 Y98.01 E.0333
G1 X213.041 Y93.928 E.30179
G1 X213.041 Y93.291 E.0333
G1 X208.959 Y97.373 E.30179
G1 X208.959 Y96.737 E.03325
G1 X213.041 Y92.655 E.30179
G1 X213.041 Y92.018 E.0333
G1 X208.959 Y96.1 E.30179
G1 X208.959 Y95.464 E.03325
G1 X213.041 Y91.381 E.30182
G1 X213.041 Y90.745 E.03325
G1 X208.959 Y94.827 E.30179
G1 X208.959 Y94.191 E.03325
G1 X213.041 Y90.108 E.30182
G1 X213.041 Y89.472 E.03325
G1 X208.959 Y93.554 E.30179
G1 X208.959 Y92.917 E.0333
G1 X213.041 Y88.835 E.30179
G1 X213.041 Y88.199 E.03325
G1 X208.959 Y92.281 E.30179
G1 X208.959 Y91.644 E.0333
G1 X213.041 Y87.562 E.30179
G1 X213.041 Y86.925 E.0333
G1 X208.959 Y91.008 E.30182
G1 X208.959 Y90.371 E.0333
G1 X213.041 Y86.289 E.30179
G1 X213.041 Y85.652 E.0333
G1 X208.959 Y89.735 E.30182
G1 X208.959 Y89.098 E.0333
G1 X213.041 Y85.016 E.30179
G1 X213.041 Y84.379 E.0333
G1 X208.959 Y88.461 E.30179
G1 X208.959 Y87.825 E.03325
G1 X213.041 Y83.743 E.30179
G1 X213.041 Y83.106 E.0333
G1 X208.959 Y87.188 E.30179
G1 X208.959 Y86.552 E.03325
G1 X213.041 Y82.469 E.30182
G1 X213.041 Y81.833 E.03325
G1 X208.959 Y85.915 E.30179
G1 X208.959 Y85.279 E.03325
G1 X213.041 Y81.196 E.30182
G1 X213.041 Y80.56 E.03325
G1 X208.959 Y84.642 E.30179
G1 X208.959 Y84.005 E.0333
G1 X213.041 Y79.923 E.30179
G1 X213.041 Y79.287 E.03325
G1 X208.959 Y83.369 E.30179
G1 X208.959 Y82.732 E.0333
G1 X213.041 Y78.65 E.30179
G1 X213.041 Y78.013 E.0333
G1 X208.959 Y82.096 E.30182
G1 X208.959 Y81.459 E.0333
G1 X213.041 Y77.377 E.30179
G1 X213.041 Y76.74 E.0333
G1 X208.959 Y80.823 E.30182
G1 X208.959 Y80.186 E.0333
G1 X213.041 Y76.104 E.30179
G1 X213.041 Y75.467 E.0333
G1 X208.959 Y79.55 E.30182
G1 X208.959 Y78.913 E.0333
G1 X213.041 Y74.831 E.30179
G1 X213.041 Y74.194 E.0333
G1 X208.959 Y78.276 E.30179
G1 X208.959 Y77.64 E.03325
G1 X213.041 Y73.557 E.30182
G1 X213.041 Y72.921 E.03325
G1 X208.959 Y77.003 E.30179
G1 X208.959 Y76.367 E.03325
G1 X213.041 Y72.284 E.30182
G1 X213.041 Y71.648 E.03325
G1 X208.959 Y75.73 E.30179
G1 X208.959 Y75.094 E.03325
G1 X213.041 Y71.011 E.30182
G1 X213.041 Y70.375 E.03325
G1 X208.959 Y74.457 E.30179
G1 X208.959 Y73.82 E.0333
G1 X213.041 Y69.738 E.30179
G1 X213.041 Y69.102 E.03325
G1 X208.959 Y73.184 E.30179
G1 X208.959 Y72.547 E.0333
G1 X213.041 Y68.465 E.30179
G1 X213.041 Y67.828 E.0333
G1 X208.959 Y71.911 E.30182
G1 X208.959 Y71.274 E.0333
G1 X213.041 Y67.192 E.30179
G1 X213.041 Y66.555 E.0333
G1 X208.959 Y70.638 E.30182
G1 X208.959 Y70.001 E.0333
G1 X213.041 Y65.919 E.30179
G1 X213.041 Y65.282 E.0333
G1 X208.959 Y69.364 E.30179
G1 X208.959 Y68.728 E.03325
G1 X213.041 Y64.646 E.30179
G1 X213.041 Y64.009 E.0333
G1 X208.959 Y68.091 E.30179
G1 X208.959 Y67.455 E.03325
G1 X213.041 Y63.372 E.30182
G1 X213.041 Y62.736 E.03325
G1 X208.959 Y66.818 E.30179
G1 X208.959 Y66.182 E.03325
G1 X213.041 Y62.099 E.30182
G1 X213.041 Y61.463 E.03325
G1 X208.959 Y65.545 E.30179
G1 X208.959 Y64.908 E.0333
G1 X213.041 Y60.826 E.30179
G1 X213.041 Y60.19 E.03325
G1 X208.959 Y64.272 E.30179
G1 X208.959 Y63.635 E.0333
G1 X213.041 Y59.553 E.30179
G1 X213.041 Y58.916 E.0333
G1 X208.959 Y62.999 E.30182
G1 X208.959 Y62.362 E.0333
G1 X213.041 Y58.28 E.30179
G1 X213.041 Y57.643 E.0333
G1 X208.959 Y61.726 E.30182
G1 X208.959 Y61.089 E.0333
G1 X213.041 Y57.007 E.30179
G1 X213.041 Y56.37 E.0333
G1 X208.959 Y60.452 E.30179
G1 X208.959 Y59.816 E.03325
G1 X213.041 Y55.734 E.30179
G1 X213.041 Y55.097 E.0333
G1 X208.959 Y59.179 E.30179
G1 X208.959 Y58.543 E.03325
G1 X213.041 Y54.46 E.30182
G1 X213.041 Y53.824 E.03325
G1 X208.959 Y57.906 E.30179
G1 X208.959 Y57.27 E.03325
G1 X213.041 Y53.187 E.30182
G1 X213.041 Y52.551 E.03325
G1 X208.959 Y56.633 E.30179
G1 X208.959 Y55.996 E.0333
G1 X213.041 Y51.914 E.30179
G1 X213.041 Y51.747 E.00873
G1 X212.806 Y51.512 E.01737
G1 X208.959 Y55.36 E.28445
G1 X208.959 Y54.723 E.0333
G1 X212.488 Y51.194 E.2609
G1 X212.17 Y50.876 E.02351
G1 X208.959 Y54.087 E.23739
G1 X208.959 Y53.45 E.0333
G1 X211.851 Y50.558 E.21381
G1 X211.533 Y50.239 E.02355
G1 X208.959 Y52.814 E.19034
G1 X208.959 Y52.177 E.0333
G1 X211.215 Y49.921 E.16679
G1 X210.897 Y49.603 E.02351
G1 X208.959 Y51.54 E.14324
G1 X208.959 Y51.329 E.01103
G1 X208.884 Y50.978 E.01876
G1 X210.578 Y49.284 E.12524
G1 X210.26 Y48.966 E.02351
G1 X208.616 Y50.61 E.12154
G1 X208.298 Y50.292 E.02351
G1 X209.942 Y48.648 E.12154
G1 X209.623 Y48.33 E.02355
G1 X207.979 Y49.974 E.12154
G1 X207.661 Y49.656 E.02351
G1 X209.305 Y48.011 E.12158
G1 X208.987 Y47.693 E.02351
G1 X207.342 Y49.337 E.12158
G1 X207.024 Y49.019 E.02351
G1 X208.669 Y47.375 E.12158
G1 X208.35 Y47.056 E.02358
G1 X206.706 Y48.701 E.12158
G1 X206.387 Y48.383 E.02355
G1 X208.032 Y46.738 E.12162
G1 X207.714 Y46.42 E.02351
G1 X206.069 Y48.065 E.12162
G1 X205.75 Y47.747 E.02355
G1 X207.395 Y46.102 E.12162
G1 X207.077 Y45.783 E.02355
G1 X205.432 Y47.429 E.12165
G1 X205.113 Y47.11 E.02358
G1 X206.759 Y45.465 E.12165
G1 X206.441 Y45.147 E.02351
G1 X204.795 Y46.792 E.12165
G1 X204.477 Y46.474 E.02351
G1 X206.122 Y44.828 E.12165
G1 X205.804 Y44.51 E.02351
G1 X204.158 Y46.156 E.12169
G1 X203.84 Y45.838 E.02351
G1 X205.486 Y44.192 E.12169
G1 X205.167 Y43.874 E.02355
G1 X203.521 Y45.52 E.12169
G1 X203.203 Y45.202 E.02351
G1 X204.849 Y43.555 E.12173
G1 X204.531 Y43.237 E.02351
G1 X202.884 Y44.883 E.12173
G1 X202.566 Y44.565 E.02351
G1 X204.213 Y42.919 E.12173
G1 X203.894 Y42.6 E.02358
G1 X202.248 Y44.247 E.12173
G1 X201.929 Y43.929 E.02355
G1 X203.576 Y42.282 E.12176
G1 X203.258 Y41.964 E.02351
G1 X201.611 Y43.611 E.12176
G1 X201.292 Y43.293 E.02355
G1 X202.94 Y41.646 E.1218
G1 X202.621 Y41.327 E.02358
G1 X200.974 Y42.975 E.1218
G1 X200.655 Y42.656 E.02358
G1 X202.303 Y41.009 E.1218
G1 X201.985 Y40.691 E.02351
G1 X200.337 Y42.338 E.1218
G1 X200.019 Y42.02 E.02351
G1 X201.666 Y40.372 E.1218
G1 X201.348 Y40.054 E.02351
G1 X199.7 Y41.702 E.12184
G1 X199.382 Y41.384 E.02351
G1 X201.03 Y39.736 E.12184
G1 X200.712 Y39.418 E.02351
G1 X199.063 Y41.066 E.12188
G1 X198.745 Y40.748 E.02351
G1 X200.393 Y39.099 E.12188
G1 X200.075 Y38.781 E.02351
G1 X198.427 Y40.429 E.12184
G1 X198.108 Y40.111 E.02355
G1 X199.757 Y38.463 E.12188
G1 X199.438 Y38.144 E.02358
G1 X197.79 Y39.793 E.12188
G1 X197.471 Y39.475 E.02355
G1 X199.12 Y37.826 E.12191
G1 X198.802 Y37.508 E.02351
G1 X197.153 Y39.157 E.12191
G1 X196.834 Y38.839 E.02355
G1 X198.484 Y37.19 E.12195
G1 X198.165 Y36.871 E.02358
G1 X196.516 Y38.52 E.12191
G1 X196.198 Y38.202 E.02351
G1 X197.847 Y36.553 E.12191
G1 X197.529 Y36.235 E.02351
G1 X195.879 Y37.884 E.12195
G1 X195.561 Y37.566 E.02351
G1 X197.21 Y35.916 E.12195
G1 X196.892 Y35.598 E.02351
G1 X195.242 Y37.248 E.12199
G1 X194.924 Y36.93 E.02351
G1 X196.574 Y35.28 E.12199
G1 X196.256 Y34.962 E.02351
G1 X194.605 Y36.612 E.12202
G1 X194.287 Y36.293 E.02355
G1 X195.937 Y34.643 E.12199
G1 X195.619 Y34.325 E.02351
G1 X193.969 Y35.975 E.12199
G1 X193.65 Y35.657 E.02355
G1 X195.301 Y34.007 E.12202
G1 X194.982 Y33.688 E.02358
G1 X193.332 Y35.339 E.12202
G1 X193.013 Y35.021 E.02355
G1 X194.664 Y33.37 E.12206
G1 X194.346 Y33.052 E.02351
G1 X192.695 Y34.703 E.12206
G1 X192.377 Y34.385 E.02351
G1 X194.028 Y32.734 E.12206
G1 X193.709 Y32.415 E.02358
G1 X192.058 Y34.066 E.12206
G1 X191.74 Y33.748 E.02351
G1 X193.391 Y32.097 E.12206
G1 X193.073 Y31.779 E.02351
G1 X191.421 Y33.43 E.1221
G1 X191.103 Y33.112 E.02351
G1 X192.754 Y31.46 E.1221
G1 X192.436 Y31.142 E.02351
G1 X190.784 Y32.794 E.12213
G1 X190.466 Y32.476 E.02351
G1 X192.118 Y30.824 E.12213
G1 X191.8 Y30.506 E.02351
G1 X190.148 Y32.158 E.12213
G1 X189.829 Y31.839 E.02358
G1 X191.481 Y30.187 E.12213
G1 X191.163 Y29.869 E.02351
G1 X189.511 Y31.521 E.12213
G1 X189.192 Y31.203 E.02355
G1 X190.845 Y29.551 E.12217
G1 X190.526 Y29.232 E.02358
G1 X188.874 Y30.885 E.12217
G1 X188.555 Y30.567 E.02355
G1 X190.208 Y28.914 E.12221
G1 X189.89 Y28.596 E.02351
G1 X188.083 Y30.403 E.13359
G1 X187.458 Y30.391 E.03268
G1 X189.572 Y28.278 E.15625
G1 X189.253 Y27.959 E.02358
G1 X186.821 Y30.391 E.1798
G1 X186.185 Y30.391 E.03325
G1 X188.935 Y27.641 E.20331
G1 X188.617 Y27.323 E.02351
G1 X185.548 Y30.391 E.22686
G1 X184.912 Y30.391 E.03325
G1 X188.298 Y27.004 E.25037
G1 X187.98 Y26.686 E.02351
G1 X184.275 Y30.391 E.27391
G1 X183.639 Y30.391 E.03325
G1 X187.662 Y26.368 E.29742
G1 X187.603 Y26.309 E.00436
G1 X187.084 Y26.309 E.02713
G1 X183.002 Y30.391 E.30179
G1 X182.365 Y30.391 E.0333
G1 X186.448 Y26.309 E.30182
G1 X185.811 Y26.309 E.0333
G1 X181.729 Y30.391 E.30179
G1 X181.092 Y30.391 E.0333
G1 X185.175 Y26.309 E.30182
G1 X184.538 Y26.309 E.0333
G1 X180.456 Y30.391 E.30179
G1 X179.819 Y30.391 E.0333
G1 X183.901 Y26.309 E.30179
G1 X183.265 Y26.309 E.03325
G1 X179.183 Y30.391 E.30179
G1 X178.546 Y30.391 E.0333
G1 X182.628 Y26.309 E.30179
G1 X181.992 Y26.309 E.03325
G1 X177.909 Y30.391 E.30182
G1 X177.273 Y30.391 E.03325
G1 X181.355 Y26.309 E.30179
G1 X180.719 Y26.309 E.03325
G1 X176.636 Y30.391 E.30182
G1 X176 Y30.391 E.03325
G1 X180.082 Y26.309 E.30179
G1 X179.445 Y26.309 E.0333
G1 X175.363 Y30.391 E.30179
G1 X174.727 Y30.391 E.03325
G1 X178.809 Y26.309 E.30179
G1 X178.172 Y26.309 E.0333
G1 X174.09 Y30.391 E.30179
G1 X173.453 Y30.391 E.0333
G1 X177.536 Y26.309 E.30182
G1 X176.899 Y26.309 E.0333
G1 X172.817 Y30.391 E.30179
G1 X172.18 Y30.391 E.0333
G1 X176.263 Y26.309 E.30182
G1 X175.626 Y26.309 E.0333
G1 X171.544 Y30.391 E.30179
G1 X170.907 Y30.391 E.0333
G1 X174.989 Y26.309 E.30179
G1 X174.353 Y26.309 E.03325
G1 X170.271 Y30.391 E.30179
G1 X169.634 Y30.391 E.0333
G1 X173.716 Y26.309 E.30179
G1 X173.08 Y26.309 E.03325
G1 X168.997 Y30.391 E.30182
G1 X168.361 Y30.391 E.03325
G1 X172.443 Y26.309 E.30179
G1 X171.807 Y26.309 E.03325
G1 X167.724 Y30.391 E.30182
G1 X167.088 Y30.391 E.03325
G1 X171.17 Y26.309 E.30179
G1 X170.533 Y26.309 E.0333
G1 X166.451 Y30.391 E.30179
G1 X165.815 Y30.391 E.03325
G1 X169.897 Y26.309 E.30179
G1 X169.26 Y26.309 E.0333
G1 X165.178 Y30.391 E.30179
G1 X164.541 Y30.391 E.0333
G1 X168.624 Y26.309 E.30182
G1 X167.987 Y26.309 E.0333
G1 X163.905 Y30.391 E.30179
G1 X163.268 Y30.391 E.0333
G1 X167.351 Y26.309 E.30182
G1 X166.714 Y26.309 E.0333
G1 X162.632 Y30.391 E.30179
G1 X161.995 Y30.391 E.0333
G1 X166.077 Y26.309 E.30179
G1 X165.441 Y26.309 E.03325
G1 X161.359 Y30.391 E.30179
G1 X160.722 Y30.391 E.0333
G1 X164.804 Y26.309 E.30179
G1 X164.168 Y26.309 E.03325
G1 X160.085 Y30.391 E.30182
G1 X159.449 Y30.391 E.03325
G1 X163.531 Y26.309 E.30179
G1 X162.895 Y26.309 E.03325
G1 X158.812 Y30.391 E.30182
G1 X158.176 Y30.391 E.03325
G1 X162.258 Y26.309 E.30179
G1 X161.621 Y26.309 E.0333
G1 X157.539 Y30.391 E.30179
G1 X156.903 Y30.391 E.03325
G1 X160.985 Y26.309 E.30179
G1 X160.348 Y26.309 E.0333
G1 X156.266 Y30.391 E.30179
G1 X155.629 Y30.391 E.0333
G1 X159.712 Y26.309 E.30182
G1 X159.075 Y26.309 E.0333
G1 X154.993 Y30.391 E.30179
G1 X154.356 Y30.391 E.0333
G1 X158.439 Y26.309 E.30182
G1 X157.802 Y26.309 E.0333
G1 X153.72 Y30.391 E.30179
G1 X153.083 Y30.391 E.0333
G1 X157.165 Y26.309 E.30179
G1 X156.529 Y26.309 E.03325
G1 X152.447 Y30.391 E.30179
G1 X151.81 Y30.391 E.0333
G1 X155.892 Y26.309 E.30179
G1 X155.256 Y26.309 E.03325
G1 X151.173 Y30.391 E.30182
G1 X150.537 Y30.391 E.03325
G1 X154.619 Y26.309 E.30179
G1 X153.983 Y26.309 E.03325
G1 X149.9 Y30.391 E.30182
G1 X149.264 Y30.391 E.03325
G1 X153.346 Y26.309 E.30179
G1 X152.709 Y26.309 E.0333
G1 X148.627 Y30.391 E.30179
G1 X147.991 Y30.391 E.03325
G1 X152.073 Y26.309 E.30179
G1 X151.436 Y26.309 E.0333
G1 X147.354 Y30.391 E.30179
G1 X146.717 Y30.391 E.0333
G1 X150.8 Y26.309 E.30182
G1 X150.163 Y26.309 E.0333
G1 X146.081 Y30.391 E.30179
G1 X145.444 Y30.391 E.0333
G1 X149.527 Y26.309 E.30182
G1 X148.89 Y26.309 E.0333
G1 X144.808 Y30.391 E.30179
G1 X144.171 Y30.391 E.0333
G1 X148.253 Y26.309 E.30179
G1 X147.617 Y26.309 E.03325
G1 X143.535 Y30.391 E.30179
G1 X142.898 Y30.391 E.0333
G1 X146.98 Y26.309 E.30179
G1 X146.344 Y26.309 E.03325
G1 X142.261 Y30.391 E.30182
G1 X141.625 Y30.391 E.03325
G1 X145.707 Y26.309 E.30179
G1 X145.071 Y26.309 E.03325
G1 X140.988 Y30.391 E.30182
G1 X140.352 Y30.391 E.03325
G1 X144.434 Y26.309 E.30179
G1 X143.797 Y26.309 E.0333
G1 X139.715 Y30.391 E.30179
G1 X139.079 Y30.391 E.03325
G1 X143.161 Y26.309 E.30179
G1 X142.524 Y26.309 E.0333
G1 X138.442 Y30.391 E.30179
G1 X137.805 Y30.391 E.0333
G1 X141.888 Y26.309 E.30182
G1 X141.251 Y26.309 E.0333
G1 X137.169 Y30.391 E.30179
G1 X136.532 Y30.391 E.0333
G1 X140.615 Y26.309 E.30182
G1 X139.978 Y26.309 E.0333
G1 X135.896 Y30.391 E.30179
G1 X135.259 Y30.391 E.0333
G1 X139.341 Y26.309 E.30179
G1 X138.705 Y26.309 E.03325
G1 X134.623 Y30.391 E.30179
G1 X133.986 Y30.391 E.0333
G1 X138.068 Y26.309 E.30179
G1 X137.432 Y26.309 E.03325
G1 X133.349 Y30.391 E.30182
G1 X132.713 Y30.391 E.03325
G1 X136.795 Y26.309 E.30179
G1 X136.159 Y26.309 E.03325
G1 X132.076 Y30.391 E.30182
G1 X131.44 Y30.391 E.03325
G1 X135.607 Y26.224 E.30807
G1 X135.483 Y26.169 E.00709
G1 X135.3 Y26.019 E.01237
G1 X135.246 Y25.948 E.00466
G1 X130.803 Y30.391 E.32847
G1 X130.167 Y30.391 E.03325
G1 X135.06 Y25.497 E.36178
G1 X135.041 Y25.382 E.00609
G1 X135.041 Y24.88 E.02624
G1 X129.53 Y30.391 E.40743
G1 X128.893 Y30.391 E.0333
G1 X135.041 Y24.243 E.45453
G1 X135.041 Y23.607 E.03325
G1 X128.257 Y30.391 E.50155
G1 X127.62 Y30.391 E.0333
G1 X135.041 Y22.97 E.54864
G1 X135.041 Y22.334 E.03325
G1 X126.984 Y30.391 E.59566
G1 X126.347 Y30.391 E.0333
G1 X135.041 Y21.697 E.64276
G1 X135.041 Y21.061 E.03325
G1 X125.711 Y30.391 E.68978
G1 X125.074 Y30.391 E.0333
G1 X135.041 Y20.424 E.73687
G1 X135.041 Y19.787 E.0333
G1 X124.437 Y30.391 E.78396
G1 X123.801 Y30.391 E.03325
G1 X134.79 Y19.403 E.81239
G1 X134.617 Y19.23 E.01279
G1 X128.86 Y24.987 E.42562
G1 X128.714 Y24.841 E.01079
G1 X123.164 Y30.391 E.41032
G1 X122.528 Y30.391 E.03325
G1 X128.396 Y24.523 E.43383
G1 X128.078 Y24.205 E.02351
G1 X121.891 Y30.391 E.45737
G1 X121.255 Y30.391 E.03325
G1 X127.759 Y23.886 E.48088
G1 X127.441 Y23.568 E.02351
G1 X120.618 Y30.391 E.50443
G1 X119.981 Y30.391 E.0333
G1 X127.123 Y23.25 E.52798
G1 X126.805 Y22.932 E.02351
G1 X119.345 Y30.391 E.55149
G1 X118.708 Y30.391 E.0333
G1 X126.486 Y22.613 E.57503
G1 X126.168 Y22.295 E.02351
G1 X118.072 Y30.391 E.59854
G1 X117.435 Y30.391 E.0333
G1 X125.85 Y21.977 E.62209
G1 X125.531 Y21.658 E.02358
G1 X116.799 Y30.391 E.6456
G1 X116.162 Y30.391 E.0333
G1 X125.213 Y21.34 E.66915
G1 X124.895 Y21.022 E.02351
G1 X115.525 Y30.391 E.6927
G1 X114.889 Y30.391 E.03325
G1 X124.577 Y20.704 E.71621
G1 X124.258 Y20.385 E.02358
G1 X114.252 Y30.391 E.73975
G1 X113.616 Y30.391 E.03325
G1 X123.94 Y20.067 E.76326
G1 X123.622 Y19.749 E.02351
G1 X112.979 Y30.391 E.78681
G1 X112.343 Y30.391 E.03325
G1 X123.303 Y19.43 E.81032
G1 X122.985 Y19.112 E.02351
G1 X111.706 Y30.391 E.83387
G1 X111.07 Y30.391 E.03325
G1 X116.91 Y24.551 E.43176
G1 X116.592 Y24.232 E.02355
G1 X110.433 Y30.391 E.45534
G1 X109.796 Y30.391 E.0333
G1 X116.273 Y23.914 E.47885
G1 X115.955 Y23.596 E.02351
G1 X109.16 Y30.391 E.50236
G1 X108.523 Y30.391 E.0333
G1 X115.637 Y23.278 E.52591
G1 X115.318 Y22.959 E.02358
G1 X107.887 Y30.391 E.54942
G1 X107.25 Y30.391 E.0333
G1 X115 Y22.641 E.57296
G1 X114.682 Y22.323 E.02351
G1 X106.614 Y30.391 E.59647
G1 X105.977 Y30.391 E.0333
G1 X114.364 Y22.004 E.62006
G1 X114.045 Y21.686 E.02355
G1 X105.34 Y30.391 E.64357
G1 X104.704 Y30.391 E.03325
G1 X113.727 Y21.368 E.66708
G1 X113.409 Y21.05 E.02351
G1 X104.067 Y30.391 E.69063
G1 X103.431 Y30.391 E.03325
G1 X113.09 Y20.731 E.71414
G1 X112.772 Y20.413 E.02351
G1 X102.794 Y30.391 E.73768
G1 X102.158 Y30.391 E.03325
G1 X112.454 Y20.095 E.76119
G1 X112.136 Y19.777 E.02351
G1 X101.521 Y30.391 E.78474
G1 X100.884 Y30.391 E.0333
G1 X111.817 Y19.458 E.80829
G1 X111.499 Y19.14 E.02351
G1 X100.248 Y30.391 E.8318
G1 X99.611 Y30.391 E.0333
G1 X105.424 Y24.579 E.42972
G1 X105.105 Y24.26 E.02358
G1 X98.975 Y30.391 E.45323
G1 X98.338 Y30.391 E.0333
G1 X104.787 Y23.942 E.47678
G1 X104.469 Y23.624 E.02351
G1 X97.702 Y30.391 E.50029
G1 X97.065 Y30.391 E.0333
G1 X104.151 Y23.305 E.52387
G1 X103.832 Y22.987 E.02355
G1 X96.428 Y30.391 E.54738
G1 X95.792 Y30.391 E.03325
G1 X103.514 Y22.669 E.57089
G1 X103.196 Y22.351 E.02351
G1 X95.155 Y30.391 E.59444
G1 X94.519 Y30.391 E.03325
G1 X102.877 Y22.032 E.61795
G1 X102.559 Y21.714 E.02351
G1 X93.882 Y30.391 E.6415
G1 X93.246 Y30.391 E.03325
G1 X102.241 Y21.396 E.66501
G1 X101.923 Y21.077 E.02355
G1 X92.609 Y30.391 E.68859
G1 X91.972 Y30.391 E.0333
G1 X101.604 Y20.759 E.7121
G1 X101.286 Y20.441 E.02351
G1 X91.336 Y30.391 E.73561
G1 X90.699 Y30.391 E.0333
G1 X100.968 Y20.123 E.75916
G1 X100.65 Y19.804 E.02355
G1 X90.063 Y30.391 E.78271
G1 X89.426 Y30.391 E.0333
G1 X100.331 Y19.486 E.80622
G1 X100.013 Y19.168 E.02351
G1 X88.79 Y30.391 E.82973
G1 X88.153 Y30.391 E.0333
G1 X93.938 Y24.606 E.42769
G1 X93.619 Y24.288 E.02355
G1 X87.516 Y30.391 E.4512
G1 X86.88 Y30.391 E.03325
G1 X93.301 Y23.97 E.47471
G1 X92.983 Y23.652 E.02351
G1 X86.243 Y30.391 E.49826
G1 X85.607 Y30.391 E.03325
G1 X92.665 Y23.333 E.5218
G1 X92.346 Y23.015 E.02355
G1 X84.97 Y30.391 E.54531
G1 X84.334 Y30.391 E.03325
G1 X92.028 Y22.697 E.56882
G1 X91.71 Y22.378 E.02355
G1 X83.697 Y30.391 E.59241
G1 X83.06 Y30.391 E.0333
G1 X91.391 Y22.06 E.61592
G1 X91.073 Y21.742 E.02351
G1 X82.424 Y30.391 E.63943
G1 X81.787 Y30.391 E.0333
G1 X90.755 Y21.424 E.66298
G1 X90.437 Y21.105 E.02355
G1 X81.151 Y30.391 E.68652
G1 X80.514 Y30.391 E.0333
G1 X90.118 Y20.787 E.71003
G1 X89.8 Y20.469 E.02351
G1 X84.95 Y25.319 E.35856
G1 X84.949 Y25.511 E.01004
G1 X84.908 Y25.676 E.00889
G1 X84.829 Y25.848 E.00989
G1 X84.7 Y26.019 E.0112
G1 X84.514 Y26.171 E.01256
G1 X84.185 Y26.297 E.01842
G1 X83.972 Y26.297 E.01114
G1 X79.878 Y30.391 E.30267
G1 X79.241 Y30.391 E.0333
G1 X83.335 Y26.297 E.30267
G1 X82.699 Y26.297 E.03325
G1 X78.604 Y30.391 E.30271
G1 X77.968 Y30.391 E.03325
G1 X82.062 Y26.297 E.30267
G1 X81.425 Y26.297 E.0333
G1 X77.331 Y30.391 E.30267
G1 X76.695 Y30.391 E.03325
G1 X80.788 Y26.297 E.30264
G1 X80.152 Y26.298 E.03325
G1 X76.058 Y30.391 E.30264
G1 X75.422 Y30.391 E.03325
G1 X79.515 Y26.298 E.3026
G1 X78.878 Y26.298 E.0333
G1 X74.785 Y30.391 E.3026
G1 X74.148 Y30.391 E.0333
G1 X78.242 Y26.298 E.30264
G1 X77.605 Y26.298 E.0333
G1 X73.512 Y30.391 E.3026
G1 X72.875 Y30.391 E.0333
G1 X76.968 Y26.298 E.3026
G1 X76.331 Y26.298 E.0333
G1 X72.239 Y30.391 E.30256
G1 X71.602 Y30.391 E.0333
G1 X75.695 Y26.299 E.30256
G1 X75.058 Y26.299 E.0333
G1 X70.966 Y30.391 E.30253
G1 X70.329 Y30.391 E.0333
G1 X74.421 Y26.299 E.30253
G1 X73.785 Y26.299 E.03325
G1 X69.692 Y30.391 E.30256
G1 X69.056 Y30.391 E.03325
G1 X73.148 Y26.299 E.30253
G1 X72.511 Y26.299 E.0333
G1 X68.419 Y30.391 E.30253
G1 X67.783 Y30.391 E.03325
G1 X71.874 Y26.3 E.30245
G1 X71.238 Y26.3 E.03325
G1 X67.146 Y30.391 E.30249
G1 X66.51 Y30.391 E.03325
G1 X70.601 Y26.3 E.30245
G1 X69.964 Y26.3 E.0333
G1 X65.873 Y30.391 E.30245
G1 X65.236 Y30.391 E.0333
G1 X69.327 Y26.3 E.30245
G1 X68.691 Y26.3 E.03325
G1 X64.6 Y30.391 E.30245
G1 X63.963 Y30.391 E.0333
G1 X68.054 Y26.3 E.30245
G1 X67.417 Y26.301 E.0333
G1 X63.327 Y30.391 E.30238
G1 X62.69 Y30.391 E.0333
G1 X66.781 Y26.301 E.30241
G1 X66.144 Y26.301 E.0333
G1 X62.054 Y30.391 E.30238
G1 X61.417 Y30.391 E.0333
G1 X65.507 Y26.301 E.30238
G1 X64.87 Y26.301 E.0333
G1 X60.78 Y30.391 E.30238
G1 X60.144 Y30.391 E.03325
G1 X64.234 Y26.301 E.30238
G1 X63.597 Y26.301 E.0333
G1 X59.507 Y30.391 E.30238
G1 X58.871 Y30.391 E.03325
G1 X62.96 Y26.302 E.3023
G1 X62.324 Y26.302 E.03325
G1 X58.234 Y30.391 E.30234
G1 X57.598 Y30.391 E.03325
G1 X61.687 Y26.302 E.3023
G1 X61.05 Y26.302 E.0333
G1 X56.961 Y30.391 E.3023
G1 X56.324 Y30.391 E.0333
G1 X60.413 Y26.302 E.3023
G1 X59.777 Y26.302 E.03325
G1 X55.688 Y30.391 E.3023
G1 X55.051 Y30.391 E.0333
G1 X59.14 Y26.303 E.30227
G1 X58.503 Y26.303 E.0333
G1 X54.415 Y30.391 E.30223
G1 X53.778 Y30.391 E.0333
G1 X57.867 Y26.303 E.30227
G1 X57.23 Y26.303 E.0333
G1 X53.142 Y30.391 E.30223
G1 X52.505 Y30.391 E.0333
G1 X56.593 Y26.303 E.30223
G1 X55.956 Y26.303 E.0333
G1 X51.868 Y30.391 E.30223
G1 X51.232 Y30.391 E.03325
G1 X55.32 Y26.303 E.30223
G1 X54.683 Y26.304 E.0333
G1 X50.595 Y30.391 E.30219
G1 X49.959 Y30.391 E.03325
G1 X54.046 Y26.304 E.30216
G1 X53.409 Y26.304 E.0333
G1 X49.322 Y30.391 E.30216
G1 X48.686 Y30.391 E.03325
G1 X52.773 Y26.304 E.30216
G1 X52.136 Y26.304 E.0333
G1 X48.049 Y30.391 E.30216
G1 X47.412 Y30.391 E.0333
G1 X51.499 Y26.304 E.30216
G1 X50.863 Y26.304 E.03325
G1 X46.776 Y30.391 E.30216
G1 X46.139 Y30.391 E.0333
G1 X50.226 Y26.305 E.30212
G1 X49.589 Y26.305 E.0333
G1 X45.503 Y30.391 E.30208
G1 X44.866 Y30.391 E.0333
G1 X48.952 Y26.305 E.30208
G1 X48.316 Y26.305 E.03325
G1 X44.23 Y30.391 E.30208
G1 X43.593 Y30.391 E.0333
G1 X47.679 Y26.305 E.30208
G1 X47.042 Y26.305 E.0333
G1 X42.956 Y30.391 E.30208
G1 X42.32 Y30.391 E.03325
G1 X46.406 Y26.306 E.30204
G1 X45.769 Y26.306 E.0333
G1 X41.683 Y30.391 E.30204
G1 X41.047 Y30.391 E.03325
G1 X45.132 Y26.306 E.30201
G1 X44.495 Y26.306 E.0333
G1 X40.41 Y30.391 E.30201
G1 X39.774 Y30.391 E.03325
G1 X43.859 Y26.306 E.30201
G1 X43.222 Y26.306 E.0333
G1 X39.137 Y30.391 E.30201
G1 X38.501 Y30.391 E.03325
G1 X42.585 Y26.306 E.30197
G1 X41.949 Y26.307 E.03325
G1 X37.864 Y30.391 E.30197
G1 X37.227 Y30.391 E.0333
G1 X41.312 Y26.307 E.30197
G1 X40.675 Y26.307 E.0333
G1 X36.591 Y30.391 E.30193
G1 X35.954 Y30.391 E.0333
G1 X40.038 Y26.307 E.30193
G1 X39.402 Y26.307 E.03325
G1 X35.318 Y30.391 E.30193
G1 X34.681 Y30.391 E.0333
G1 X38.765 Y26.307 E.30193
G1 X38.128 Y26.307 E.0333
G1 X34.045 Y30.391 E.3019
G1 X33.408 Y30.391 E.0333
G1 X37.491 Y26.308 E.30186
G1 X36.855 Y26.308 E.03325
G1 X32.569 Y30.594 E.31687
M107
M204 S5000
G1 E-2 F2400
M204 S8000
G1 X50.538 Y196.594 F24000
G1 E2 F2400
M204 S1500
M106 S255
G1 F3000
G1 X51.041 Y196.09 E.03722
G1 X51.041 Y195.454 E.03325
G1 X50.104 Y196.391 E.06927
G1 X49.467 Y196.391 E.0333
G1 X51.041 Y194.817 E.11637
G1 X51.041 Y194.18 E.0333
G1 X48.83 Y196.391 E.16346
G1 X48.194 Y196.391 E.03325
G1 X51.041 Y193.544 E.21048
G1 X51.041 Y192.907 E.0333
G1 X47.557 Y196.391 E.25758
G1 X46.921 Y196.391 E.03325
G1 X51.003 Y192.309 E.30179
G1 X50.366 Y192.309 E.0333
G1 X46.284 Y196.391 E.30179
G1 X45.648 Y196.391 E.03325
G1 X49.73 Y192.309 E.30179
G1 X49.093 Y192.309 E.0333
G1 X45.011 Y196.391 E.30179
G1 X44.374 Y196.391 E.0333
G1 X48.457 Y192.309 E.30182
G1 X47.82 Y192.309 E.0333
G1 X43.738 Y196.391 E.30179
G1 X43.101 Y196.391 E.0333
G1 X47.184 Y192.309 E.30182
G1 X46.547 Y192.309 E.0333
G1 X42.465 Y196.391 E.30179
G1 X41.828 Y196.391 E.0333
G1 X45.91 Y192.309 E.30179
G1 X45.274 Y192.309 E.03325
G1 X41.192 Y196.391 E.30179
G1 X40.555 Y196.391 E.0333
G1 X44.637 Y192.309 E.30179
G1 X44.001 Y192.309 E.03325
G1 X39.918 Y196.391 E.30182
G1 X39.282 Y196.391 E.03325
G1 X43.364 Y192.309 E.30179
G1 X42.728 Y192.309 E.03325
G1 X38.645 Y196.391 E.30182
G1 X38.009 Y196.391 E.03325
G1 X42.091 Y192.309 E.30179
G1 X41.454 Y192.309 E.0333
G1 X37.372 Y196.391 E.30179
G1 X36.736 Y196.391 E.03325
G1 X40.818 Y192.309 E.30179
G1 X40.181 Y192.309 E.0333
G1 X36.099 Y196.391 E.30179
G1 X35.462 Y196.391 E.0333
G1 X39.545 Y192.309 E.30182
G1 X38.908 Y192.309 E.0333
G1 X34.826 Y196.391 E.30179
G1 X34.189 Y196.391 E.0333
G1 X38.272 Y192.309 E.30182
G1 X37.635 Y192.309 E.0333
G1 X33.553 Y196.391 E.30179
G1 X32.916 Y196.391 E.0333
G1 X36.998 Y192.309 E.30179
G1 X36.362 Y192.309 E.03325
G1 X32.338 Y196.332 E.29746
G1 X32.02 Y196.014 E.02351
G1 X35.725 Y192.309 E.27391
G1 X35.089 Y192.309 E.03325
G1 X31.702 Y195.696 E.2504
G1 X31.384 Y195.378 E.02351
G1 X34.452 Y192.309 E.22686
G1 X33.816 Y192.309 E.03325
G1 X31.065 Y195.059 E.20335
G1 X30.747 Y194.741 E.02351
G1 X33.179 Y192.309 E.1798
G1 X32.542 Y192.309 E.0333
G1 X30.429 Y194.423 E.15625
G1 X30.11 Y194.104 E.02358
G1 X31.918 Y192.297 E.13363
G1 X31.65 Y192.246 E.01426
G1 X31.445 Y192.133 E.01224
G1 X29.792 Y193.786 E.12221
G1 X29.474 Y193.468 E.02351
G1 X31.118 Y191.824 E.12154
G1 X30.799 Y191.506 E.02355
G1 X29.156 Y193.15 E.12151
G1 X28.837 Y192.831 E.02358
G1 X30.481 Y191.187 E.12154
G1 X30.163 Y190.869 E.02351
G1 X28.519 Y192.513 E.12154
G1 X28.201 Y192.195 E.02351
G1 X29.845 Y190.551 E.12154
G1 X29.526 Y190.232 E.02358
G1 X27.882 Y191.876 E.12154
G1 X27.564 Y191.558 E.02351
G1 X29.208 Y189.914 E.12154
G1 X28.89 Y189.596 E.02351
G1 X27.246 Y191.24 E.12154
G1 X26.928 Y190.922 E.02351
G1 X28.572 Y189.278 E.12154
G1 X28.253 Y188.959 E.02358
G1 X26.609 Y190.603 E.12154
G1 X26.291 Y190.285 E.02351
G1 X27.935 Y188.641 E.12154
G1 X27.617 Y188.323 E.02351
G1 X25.973 Y189.967 E.12154
G1 X25.654 Y189.648 E.02358
G1 X27.298 Y188.004 E.12154
G1 X26.98 Y187.686 E.02351
G1 X25.336 Y189.33 E.12154
G1 X25.018 Y189.012 E.02351
G1 X26.662 Y187.368 E.12154
G1 X26.344 Y187.05 E.02351
G1 X24.7 Y188.694 E.12154
G1 X24.381 Y188.375 E.02358
G1 X26.025 Y186.731 E.12154
G1 X25.707 Y186.413 E.02351
G1 X24.063 Y188.057 E.12154
G1 X23.745 Y187.739 E.02351
G1 X25.389 Y186.095 E.12154
G1 X25.07 Y185.776 E.02358
G1 X23.426 Y187.42 E.12154
G1 X23.108 Y187.102 E.02351
G1 X24.752 Y185.458 E.12154
G1 X24.434 Y185.14 E.02351
G1 X22.79 Y186.784 E.12154
G1 X22.472 Y186.466 E.02351
G1 X24.116 Y184.822 E.12154
G1 X23.797 Y184.503 E.02358
G1 X22.153 Y186.147 E.12154
G1 X21.835 Y185.829 E.02351
G1 X23.479 Y184.185 E.12154
G1 X23.161 Y183.867 E.02351
G1 X21.517 Y185.511 E.12154
G1 X21.198 Y185.192 E.02358
G1 X22.842 Y183.548 E.12154
G1 X22.524 Y183.23 E.02351
G1 X20.88 Y184.874 E.12154
G1 X20.562 Y184.556 E.02351
G1 X22.206 Y182.912 E.12154
G1 X21.888 Y182.594 E.02351
G1 X20.244 Y184.238 E.12154
G1 X19.925 Y183.919 E.02358
G1 X21.569 Y182.275 E.12154
G1 X21.251 Y181.957 E.02351
G1 X19.607 Y183.601 E.12154
G1 X19.289 Y183.283 E.02351
G1 X20.933 Y181.639 E.12154
G1 X20.614 Y181.32 E.02358
G1 X18.97 Y182.964 E.12154
G1 X18.652 Y182.646 E.02351
G1 X20.296 Y181.002 E.12154
G1 X19.978 Y180.684 E.02351
G1 X18.334 Y182.328 E.12154
G1 X18.016 Y182.01 E.02351
G1 X19.66 Y180.366 E.12154
G1 X19.341 Y180.047 E.02358
G1 X17.697 Y181.691 E.12154
G1 X17.379 Y181.373 E.02351
G1 X19.023 Y179.729 E.12154
G1 X18.705 Y179.411 E.02351
G1 X17.061 Y181.055 E.12154
G1 X16.742 Y180.736 E.02358
G1 X18.386 Y179.092 E.12154
G1 X18.068 Y178.774 E.02351
G1 X16.424 Y180.418 E.12154
G1 X16.106 Y180.1 E.02351
G1 X17.75 Y178.456 E.12154
G1 X17.432 Y178.138 E.02351
G1 X15.788 Y179.782 E.12154
G1 X15.469 Y179.463 E.02358
G1 X17.113 Y177.819 E.12154
G1 X16.795 Y177.501 E.02351
G1 X15.151 Y179.145 E.12154
G1 X14.833 Y178.827 E.02351
G1 X16.477 Y177.183 E.12154
G1 X16.158 Y176.864 E.02358
G1 X14.514 Y178.508 E.12154
G1 X14.196 Y178.19 E.02351
G1 X15.84 Y176.546 E.12154
G1 X15.522 Y176.228 E.02351
G1 X13.878 Y177.872 E.12154
G1 X13.56 Y177.554 E.02351
G1 X15.204 Y175.91 E.12154
G1 X14.885 Y175.591 E.02358
G1 X13.241 Y177.235 E.12154
G1 X12.923 Y176.917 E.02351
G1 X14.567 Y175.273 E.12154
G1 X14.249 Y174.955 E.02351
G1 X12.605 Y176.599 E.12154
G1 X12.286 Y176.28 E.02358
G1 X13.93 Y174.636 E.12154
G1 X13.612 Y174.318 E.02351
G1 X11.968 Y175.962 E.12154
G1 X11.65 Y175.644 E.02351
G1 X13.294 Y174 E.12154
G1 X12.976 Y173.682 E.02351
G1 X11.332 Y175.326 E.12154
G1 X11.013 Y175.007 E.02358
G1 X12.657 Y173.363 E.12154
G1 X12.339 Y173.045 E.02351
G1 X10.695 Y174.689 E.12154
G1 X10.377 Y174.371 E.02351
G1 X12.021 Y172.727 E.12154
G1 X11.702 Y172.408 E.02358
G1 X10.058 Y174.052 E.12154
G1 X9.74 Y173.734 E.02351
G1 X11.384 Y172.09 E.12154
G1 X11.307 Y172.013 E.00569
G1 X11.116 Y171.722 E.0182
G1 X9.422 Y173.416 E.12524
G1 X9.104 Y173.098 E.02351
G1 X11.041 Y171.16 E.14324
G1 X11.041 Y170.523 E.0333
G1 X8.785 Y172.779 E.16679
G1 X8.467 Y172.461 E.02351
G1 X11.041 Y169.887 E.1903
G1 X11.041 Y169.25 E.0333
G1 X8.149 Y172.143 E.21385
G1 X7.83 Y171.824 E.02358
G1 X11.041 Y168.614 E.23736
G1 X11.041 Y167.977 E.0333
G1 X7.512 Y171.506 E.2609
G1 X7.194 Y171.188 E.02351
G1 X11.041 Y167.341 E.28441
G1 X11.041 Y166.704 E.0333
G1 X6.959 Y170.786 E.30179
G1 X6.959 Y170.15 E.03325
G1 X11.041 Y166.067 E.30182
G1 X11.041 Y165.431 E.03325
G1 X6.959 Y169.513 E.30179
G1 X6.959 Y168.877 E.03325
G1 X11.041 Y164.794 E.30182
G1 X11.041 Y164.158 E.03325
G1 X6.959 Y168.24 E.30179
G1 X6.959 Y167.603 E.0333
G1 X11.041 Y163.521 E.30179
G1 X11.041 Y162.885 E.03325
G1 X6.959 Y166.967 E.30179
G1 X6.959 Y166.33 E.0333
G1 X11.041 Y162.248 E.30179
G1 X11.041 Y161.611 E.0333
G1 X6.959 Y165.694 E.30182
G1 X6.959 Y165.057 E.0333
G1 X11.041 Y160.975 E.30179
G1 X11.041 Y160.338 E.0333
G1 X6.959 Y164.421 E.30182
G1 X6.959 Y163.784 E.0333
G1 X11.041 Y159.702 E.30179
G1 X11.041 Y159.065 E.0333
G1 X6.959 Y163.147 E.30179
G1 X6.959 Y162.511 E.03325
G1 X11.041 Y158.429 E.30179
G1 X11.041 Y157.792 E.0333
G1 X6.959 Y161.874 E.30179
G1 X6.959 Y161.238 E.03325
G1 X11.041 Y157.155 E.30182
G1 X11.041 Y156.519 E.03325
G1 X6.959 Y160.601 E.30179
G1 X6.959 Y159.965 E.03325
G1 X11.041 Y155.882 E.30182
G1 X11.041 Y155.246 E.03325
G1 X6.959 Y159.328 E.30179
G1 X6.959 Y158.691 E.0333
G1 X11.041 Y154.609 E.30179
G1 X11.041 Y153.973 E.03325
G1 X6.959 Y158.055 E.30179
G1 X6.959 Y157.418 E.0333
G1 X11.041 Y153.336 E.30179
G1 X11.041 Y152.699 E.0333
G1 X6.959 Y156.782 E.30182
G1 X6.959 Y156.145 E.0333
G1 X11.041 Y152.063 E.30179
G1 X11.041 Y151.426 E.0333
G1 X6.959 Y155.509 E.30182
G1 X6.959 Y154.872 E.0333
G1 X11.041 Y150.79 E.30179
G1 X11.041 Y150.153 E.0333
G1 X6.959 Y154.235 E.30179
G1 X6.959 Y153.599 E.03325
G1 X11.041 Y149.517 E.30179
G1 X11.041 Y148.88 E.0333
G1 X6.959 Y152.962 E.30179
G1 X6.959 Y152.326 E.03325
G1 X11.041 Y148.243 E.30182
G1 X11.041 Y147.607 E.03325
G1 X6.959 Y151.689 E.30179
G1 X6.959 Y151.053 E.03325
G1 X11.041 Y146.97 E.30182
G1 X11.041 Y146.334 E.03325
G1 X6.959 Y150.416 E.30179
G1 X6.959 Y149.779 E.0333
G1 X11.041 Y145.697 E.30179
G1 X11.041 Y145.061 E.03325
G1 X6.959 Y149.143 E.30179
G1 X6.959 Y148.506 E.0333
G1 X11.041 Y144.424 E.30179
G1 X11.041 Y143.787 E.0333
G1 X6.959 Y147.87 E.30182
G1 X6.959 Y147.233 E.0333
G1 X11.041 Y143.151 E.30179
G1 X11.041 Y142.514 E.0333
G1 X6.959 Y146.597 E.30182
G1 X6.959 Y145.96 E.0333
G1 X11.041 Y141.878 E.30179
G1 X11.041 Y141.241 E.0333
G1 X6.959 Y145.323 E.30179
G1 X6.959 Y144.687 E.03325
G1 X11.041 Y140.605 E.30179
G1 X11.041 Y139.968 E.0333
G1 X6.959 Y144.05 E.30179
G1 X6.959 Y143.414 E.03325
G1 X11.041 Y139.331 E.30182
G1 X11.041 Y138.695 E.03325
G1 X6.959 Y142.777 E.30179
G1 X6.959 Y142.141 E.03325
G1 X11.041 Y138.058 E.30182
G1 X11.041 Y137.422 E.03325
G1 X6.959 Y141.504 E.30179
G1 X6.959 Y140.867 E.0333
G1 X11.041 Y136.785 E.30179
G1 X11.041 Y136.149 E.03325
G1 X6.959 Y140.231 E.30179
G1 X6.959 Y139.594 E.0333
G1 X11.041 Y135.512 E.30179
G1 X11.041 Y134.875 E.0333
G1 X6.959 Y138.958 E.30182
G1 X6.959 Y138.321 E.0333
G1 X11.041 Y134.239 E.30179
G1 X11.041 Y133.602 E.0333
G1 X6.959 Y137.685 E.30182
G1 X6.959 Y137.048 E.0333
G1 X11.041 Y132.966 E.30179
G1 X11.041 Y132.329 E.0333
G1 X6.959 Y136.411 E.30179
G1 X6.959 Y135.775 E.03325
G1 X11.041 Y131.693 E.30179
G1 X11.041 Y131.056 E.0333
G1 X6.959 Y135.138 E.30179
G1 X6.959 Y134.502 E.03325
G1 X11.041 Y130.419 E.30182
G1 X11.041 Y129.783 E.03325
G1 X6.959 Y133.865 E.30179
G1 X6.959 Y133.229 E.03325
G1 X11.041 Y129.146 E.30182
G1 X11.041 Y128.51 E.03325
G1 X6.959 Y132.592 E.30179
G1 X6.959 Y131.955 E.0333
G1 X11.041 Y127.873 E.30179
G1 X11.041 Y127.237 E.03325
G1 X6.959 Y131.319 E.30179
G1 X6.959 Y130.682 E.0333
G1 X11.041 Y126.6 E.30179
G1 X11.041 Y125.963 E.0333
G1 X6.959 Y130.046 E.30182
G1 X6.959 Y129.409 E.0333
G1 X11.041 Y125.327 E.30179
G1 X11.041 Y124.69 E.0333
G1 X6.959 Y128.773 E.30182
G1 X6.959 Y128.136 E.0333
G1 X11.041 Y124.054 E.30179
G1 X11.041 Y123.417 E.0333
G1 X6.959 Y127.5 E.30182
G1 X6.959 Y126.863 E.0333
G1 X11.041 Y122.781 E.30179
G1 X11.041 Y122.144 E.0333
G1 X6.959 Y126.226 E.30179
G1 X6.959 Y125.59 E.03325
G1 X11.041 Y121.507 E.30182
G1 X11.041 Y120.871 E.03325
G1 X6.959 Y124.953 E.30179
G1 X6.959 Y124.317 E.03325
G1 X11.041 Y120.234 E.30182
G1 X11.041 Y119.598 E.03325
G1 X6.959 Y123.68 E.30179
G1 X6.959 Y123.044 E.03325
G1 X11.041 Y118.961 E.30182
G1 X11.041 Y118.325 E.03325
G1 X6.959 Y122.407 E.30179
G1 X6.959 Y121.77 E.0333
G1 X11.041 Y117.688 E.30179
G1 X11.041 Y117.052 E.03325
G1 X6.959 Y121.134 E.30179
G1 X6.959 Y120.497 E.0333
G1 X11.041 Y116.415 E.30179
G1 X11.041 Y115.778 E.0333
G1 X6.959 Y119.861 E.30182
G1 X6.959 Y119.224 E.0333
G1 X11.041 Y115.142 E.30179
G1 X11.041 Y114.505 E.0333
G1 X6.959 Y118.588 E.30182
G1 X6.959 Y117.951 E.0333
G1 X11.041 Y113.869 E.30179
G1 X11.041 Y113.232 E.0333
G1 X6.959 Y117.314 E.30179
G1 X6.959 Y116.678 E.03325
G1 X11.041 Y112.596 E.30179
G1 X11.041 Y111.959 E.0333
G1 X6.959 Y116.041 E.30179
G1 X6.959 Y115.405 E.03325
G1 X11.041 Y111.322 E.30182
G1 X11.041 Y110.686 E.03325
G1 X6.959 Y114.768 E.30179
G1 X6.959 Y114.132 E.03325
G1 X11.041 Y110.049 E.30182
G1 X11.041 Y109.413 E.03325
G1 X6.959 Y113.495 E.30179
G1 X6.959 Y112.858 E.0333
G1 X11.041 Y108.776 E.30179
G1 X11.041 Y108.14 E.03325
G1 X6.959 Y112.222 E.30179
G1 X6.959 Y111.585 E.0333
G1 X11.041 Y107.503 E.30179
G1 X11.041 Y106.866 E.0333
G1 X6.959 Y110.949 E.30182
G1 X6.959 Y110.312 E.0333
G1 X11.041 Y106.23 E.30179
G1 X11.041 Y105.593 E.0333
G1 X6.959 Y109.676 E.30182
G1 X6.959 Y109.039 E.0333
G1 X11.041 Y104.957 E.30179
G1 X11.041 Y104.32 E.0333
G1 X6.959 Y108.402 E.30179
G1 X6.959 Y107.766 E.03325
G1 X11.041 Y103.684 E.30179
G1 X11.041 Y103.047 E.0333
G1 X6.959 Y107.129 E.30179
G1 X6.959 Y106.493 E.03325
G1 X11.041 Y102.41 E.30182
G1 X11.041 Y101.774 E.03325
G1 X6.959 Y105.856 E.30179
G1 X6.959 Y105.22 E.03325
G1 X11.041 Y101.137 E.30182
G1 X11.041 Y100.501 E.03325
G1 X6.959 Y104.583 E.30179
G1 X6.959 Y103.946 E.0333
G1 X11.041 Y99.864 E.30179
G1 X11.041 Y99.228 E.03325
G1 X6.959 Y103.31 E.30179
G1 X6.959 Y102.673 E.0333
G1 X11.041 Y98.591 E.30179
G1 X11.041 Y97.954 E.0333
G1 X6.959 Y102.037 E.30182
G1 X6.959 Y101.4 E.0333
G1 X11.041 Y97.318 E.30179
G1 X11.041 Y96.681 E.0333
G1 X6.959 Y100.764 E.30182
G1 X6.959 Y100.127 E.0333
G1 X11.041 Y96.045 E.30179
G1 X11.041 Y95.408 E.0333
G1 X6.959 Y99.49 E.30179
G1 X6.959 Y98.854 E.03325
G1 X11.041 Y94.772 E.30179
G1 X11.041 Y94.135 E.0333
G1 X6.959 Y98.217 E.30179
G1 X6.959 Y97.581 E.03325
G1 X11.041 Y93.498 E.30182
G1 X11.041 Y92.862 E.03325
G1 X6.959 Y96.944 E.30179
G1 X6.959 Y96.308 E.03325
G1 X11.041 Y92.225 E.30182
G1 X11.041 Y91.589 E.03325
G1 X6.959 Y95.671 E.30179
G1 X6.959 Y95.034 E.0333
G1 X11.041 Y90.952 E.30179
G1 X11.041 Y90.316 E.03325
G1 X6.959 Y94.398 E.30179
G1 X6.959 Y93.761 E.0333
G1 X11.041 Y89.679 E.30179
G1 X11.041 Y89.042 E.0333
G1 X6.959 Y93.125 E.30182
G1 X6.959 Y92.488 E.0333
G1 X11.041 Y88.406 E.30179
G1 X11.041 Y87.769 E.0333
G1 X6.959 Y91.852 E.30182
G1 X6.959 Y91.215 E.0333
G1 X11.041 Y87.133 E.30179
G1 X11.041 Y86.496 E.0333
G1 X6.959 Y90.578 E.30179
G1 X6.959 Y89.942 E.03325
G1 X11.041 Y85.86 E.30179
G1 X11.041 Y85.223 E.0333
G1 X6.959 Y89.305 E.30179
G1 X6.959 Y88.669 E.03325
G1 X11.041 Y84.586 E.30182
G1 X11.041 Y83.95 E.03325
G1 X6.959 Y88.032 E.30179
G1 X6.959 Y87.396 E.03325
G1 X11.041 Y83.313 E.30182
G1 X11.041 Y82.677 E.03325
G1 X6.959 Y86.759 E.30179
G1 X6.959 Y86.122 E.0333
G1 X11.041 Y82.04 E.30179
G1 X11.041 Y81.404 E.03325
G1 X6.959 Y85.486 E.30179
G1 X6.959 Y84.849 E.0333
G1 X11.041 Y80.767 E.30179
G1 X11.041 Y80.13 E.0333
G1 X6.959 Y84.213 E.30182
G1 X6.959 Y83.576 E.0333
G1 X11.041 Y79.494 E.30179
G1 X11.041 Y78.857 E.0333
G1 X6.959 Y82.94 E.30182
G1 X6.959 Y82.303 E.0333
G1 X11.041 Y78.221 E.30179
G1 X11.041 Y77.584 E.0333
G1 X6.959 Y81.666 E.30179
G1 X6.959 Y81.03 E.03325
G1 X11.041 Y76.948 E.30179
G1 X11.041 Y76.311 E.0333
G1 X6.959 Y80.393 E.30179
G1 X6.959 Y79.757 E.03325
G1 X11.041 Y75.674 E.30182
G1 X11.041 Y75.038 E.03325
G1 X6.959 Y79.12 E.30179
G1 X6.959 Y78.484 E.03325
G1 X11.041 Y74.401 E.30182
G1 X11.041 Y73.765 E.03325
G1 X6.959 Y77.847 E.30179
G1 X6.959 Y77.21 E.0333
G1 X11.041 Y73.128 E.30179
G1 X11.041 Y72.492 E.03325
G1 X6.959 Y76.574 E.30179
G1 X6.959 Y75.937 E.0333
G1 X11.041 Y71.855 E.30179
G1 X11.041 Y71.218 E.0333
G1 X6.959 Y75.301 E.30182
G1 X6.959 Y74.664 E.0333
G1 X11.041 Y70.582 E.30179
G1 X11.041 Y69.945 E.0333
G1 X6.959 Y74.028 E.30182
G1 X6.959 Y73.391 E.0333
G1 X11.041 Y69.309 E.30179
G1 X11.041 Y68.672 E.0333
G1 X6.959 Y72.754 E.30179
G1 X6.959 Y72.118 E.03325
G1 X11.041 Y68.036 E.30179
G1 X11.041 Y67.399 E.0333
G1 X6.959 Y71.481 E.30179
G1 X6.959 Y70.845 E.03325
G1 X11.041 Y66.762 E.30182
G1 X11.041 Y66.126 E.03325
G1 X6.959 Y70.208 E.30179
G1 X6.959 Y69.572 E.03325
G1 X11.041 Y65.489 E.30182
G1 X11.041 Y64.853 E.03325
G1 X6.959 Y68.935 E.30179
G1 X6.959 Y68.299 E.03325
G1 X11.041 Y64.216 E.30182
G1 X11.041 Y63.58 E.03325
G1 X6.959 Y67.662 E.30179
G1 X6.959 Y67.025 E.0333
G1 X11.041 Y62.943 E.30179
G1 X11.041 Y62.306 E.0333
G1 X6.959 Y66.389 E.30182
G1 X6.959 Y65.752 E.0333
G1 X11.041 Y61.67 E.30179
G1 X11.041 Y61.033 E.0333
G1 X6.959 Y65.116 E.30182
G1 X6.959 Y64.479 E.0333
G1 X11.041 Y60.397 E.30179
G1 X11.041 Y59.76 E.0333
G1 X6.959 Y63.843 E.30182
G1 X6.959 Y63.206 E.0333
G1 X11.041 Y59.124 E.30179
G1 X11.041 Y58.487 E.0333
G1 X6.959 Y62.569 E.30179
G1 X6.959 Y61.933 E.03325
G1 X11.041 Y57.851 E.30179
G1 X11.041 Y57.214 E.0333
G1 X6.959 Y61.296 E.30179
G1 X6.959 Y60.66 E.03325
G1 X11.041 Y56.577 E.30182
G1 X11.041 Y55.941 E.03325
G1 X6.959 Y60.023 E.30179
G1 X6.959 Y59.387 E.03325
G1 X11.041 Y55.304 E.30182
G1 X11.041 Y54.668 E.03325
G1 X6.959 Y58.75 E.30179
G1 X6.959 Y58.113 E.0333
G1 X11.041 Y54.031 E.30179
G1 X11.041 Y53.395 E.03325
G1 X6.959 Y57.477 E.30179
G1 X6.959 Y56.84 E.0333
G1 X11.041 Y52.758 E.30179
G1 X11.041 Y52.121 E.0333
G1 X6.959 Y56.204 E.30182
G1 X6.959 Y55.567 E.0333
G1 X11.041 Y51.485 E.30179
G1 X11.041 Y51.329 E.00816
G1 X11.104 Y51 E.01751
G1 X11.21 Y50.804 E.01165
G1 X11.312 Y50.682 E.00831
G1 X31.337 Y30.657 E1.48047
G1 X31.644 Y30.455 E.01921
G1 X31.979 Y30.391 E.01783
G1 X32.135 Y30.391 E.00816
G1 X36.218 Y26.308 E.30186
G1 X35.581 Y26.308 E.0333
G1 X6.959 Y54.931 E2.11609
G1 X6.959 Y54.294 E.0333
G1 X34.945 Y26.308 E2.06903
G1 X34.308 Y26.308 E.0333
G1 X6.959 Y53.657 E2.02194
G1 X6.959 Y53.021 E.03325
G1 X33.671 Y26.309 E1.97484
G1 X33.034 Y26.309 E.0333
G1 X6.959 Y52.384 E1.92775
G1 X6.959 Y51.748 E.03325
G1 X32.6 Y26.106 E1.8957
M107
M204 S5000
G1 E-2 F2400
M204 S8000
G1 X62.197 Y194.787 F24000
G1 E2 F2400
M204 S5000
;TYPE:Internal infill
;WIDTH:0.45
;HEIGHT:0.2
G1 F13200
G1 X59.754 Y194.787 E.08269
G1 X58.933 Y195.608 E.0393
G1 X58.927 Y197.094 E.0503
G1 X63.245 Y201.413 E.20672
G1 X64.643 Y201.413 E.04732
G1 X71.268 Y194.787 E.31716
G1 X68.134 Y194.787 E.10608
G1 X74.759 Y201.413 E.31716
G1 X76.157 Y201.413 E.04732
G1 X82.782 Y194.787 E.31716
G1 X79.648 Y194.787 E.10608
G1 X86.273 Y201.413 E.31716
G1 X87.671 Y201.413 E.04732
G1 X94.296 Y194.787 E.31716
G1 X91.162 Y194.787 E.10608
G1 X97.787 Y201.413 E.31716
G1 X99.185 Y201.413 E.04732
G1 X105.81 Y194.787 E.31716
G1 X102.676 Y194.787 E.10608
G1 X109.301 Y201.413 E.31716
G1 X110.699 Y201.413 E.04732
G1 X117.324 Y194.787 E.31716
G1 X114.19 Y194.787 E.10608
G1 X120.815 Y201.413 E.31716
G1 X122.213 Y201.413 E.04732
G1 X128.838 Y194.787 E.31716
G1 X125.704 Y194.787 E.10608
G1 X132.329 Y201.413 E.31716
G1 X133.727 Y201.413 E.04732
G1 X140.352 Y194.787 E.31716
G1 X137.218 Y194.787 E.10608
G1 X143.843 Y201.413 E.31716
G1 X145.241 Y201.413 E.04732
G1 X151.866 Y194.787 E.31716
G1 X148.732 Y194.787 E.10608
G1 X155.357 Y201.413 E.31716
G1 X156.755 Y201.413 E.04732
G1 X161.073 Y197.094 E.20672
G1 X161.067 Y195.608 E.0503
G1 X160.246 Y194.787 E.0393
G1 X157.803 Y194.787 E.08269
G1 E-2 F2400
M204 S8000
G1 X166.188 Y198.287 F24000
G1 E2 F2400
M204 S5000
G1 F13200
G1 X163.746 Y198.287 E.08266
G1 X166.871 Y201.413 E.14962
G1 X164.428 Y201.413 E.08269
G1 E-2 F2400
M204 S8000
G1 X55.572 Y201.413 F24000
G1 E2 F2400
M204 S5000
G1 F13200
G1 X53.129 Y201.413 E.08269
G1 X56.254 Y198.287 E.14962
G1 X53.812 Y198.287 E.08266
;LAYER_CHANGE
;Z:1.8
;HEIGHT:0.2
G1 E-2 F2400
G1 Z1.8 F24000
M204 S8000
G1 X169.811 Y190.995
G1 E2 F2400
M204 S5000
;TYPE:Support material interface
;WIDTH:0.4
G1 F4800
G1 X169.811 Y189.998 E.0296
G1 X169.454 Y189.998 E.0106
G1 X169.454 Y190.834 E.02482
G1 X169.097 Y190.834 E.0106
G1 X169.097 Y189.998 E.02482
G1 X168.739 Y189.998 E.01063
G1 X168.739 Y190.834 E.02482
G1 X168.382 Y190.834 E.0106
G1 X168.382 Y189.998 E.02482
G1 X168.025 Y189.998 E.0106
G1 X168.025 Y190.834 E.02482
G1 X167.786 Y190.834 E.0071
G1 X167.668 Y190.952 E.00495
G1 X167.668 Y189.998 E.02833
G1 X167.311 Y189.998 E.0106
G1 X167.311 Y196.834 E.20297
G1 X167.142 Y196.834 E.00502
G1 X167.142 Y192.855 E.11814
G1 X166.954 Y192.855 E.00558
G1 X166.954 Y189.998 E.08483
G1 X166.597 Y189.998 E.0106
G1 X166.597 Y192.855 E.08483
G1 X166.24 Y192.855 E.0106
G1 X166.24 Y189.998 E.08483
G1 X165.883 Y189.998 E.0106
G1 X165.883 Y192.855 E.08483
G1 X165.526 Y192.855 E.0106
G1 X165.526 Y189.998 E.08483
G1 X165.169 Y189.998 E.0106
G1 X165.169 Y192.855 E.08483
G1 X164.812 Y192.855 E.0106
G1 X164.812 Y189.998 E.08483
G1 X164.454 Y189.998 E.01063
G1 X164.454 Y192.855 E.08483
G1 X164.097 Y192.855 E.0106
G1 X164.097 Y189.998 E.08483
G1 X163.74 Y189.998 E.0106
G1 X163.74 Y192.855 E.08483
G1 X163.383 Y192.855 E.0106
G1 X163.383 Y189.998 E.08483
G1 X163.026 Y189.998 E.0106
G1 X163.026 Y192.855 E.08483
G1 X162.669 Y192.855 E.0106
G1 X162.669 Y189.998 E.08483
G1 X162.312 Y189.998 E.0106
G1 X162.312 Y192.855 E.08483
G1 X161.955 Y192.855 E.0106
G1 X161.955 Y189.998 E.08483
G1 X161.598 Y189.998 E.0106
G1 X161.598 Y192.855 E.08483
G1 X161.241 Y192.855 E.0106
G1 X161.241 Y189.998 E.08483
G1 X160.884 Y189.998 E.0106
G1 X160.884 Y192.855 E.08483
G1 X160.527 Y192.855 E.0106
G1 X160.527 Y189.998 E.08483
G1 X160.17 Y189.998 E.0106
G1 X160.17 Y192.855 E.08483
G1 X159.812 Y192.855 E.01063
G1 X159.812 Y189.998 E.08483
G1 X159.455 Y189.998 E.0106
G1 X159.455 Y192.855 E.08483
G1 X159.098 Y192.855 E.0106
G1 X159.098 Y189.998 E.08483
G1 X158.741 Y189.998 E.0106
G1 X158.741 Y192.855 E.08483
G1 X158.384 Y192.855 E.0106
G1 X158.384 Y189.998 E.08483
G1 X158.027 Y189.998 E.0106
G1 X158.027 Y192.855 E.08483
G1 X157.67 Y192.855 E.0106
G1 X157.67 Y189.998 E.08483
G1 X157.313 Y189.998 E.0106
G1 X157.313 Y192.855 E.08483
G1 X156.956 Y192.855 E.0106
G1 X156.956 Y189.998 E.08483
G1 X156.599 Y189.998 E.0106
G1 X156.599 Y192.855 E.08483
G1 X156.242 Y192.855 E.0106
G1 X156.242 Y189.998 E.08483
G1 X155.885 Y189.998 E.0106
G1 X155.885 Y192.855 E.08483
G1 X155.528 Y192.855 E.0106
G1 X155.528 Y189.998 E.08483
G1 X155.17 Y189.998 E.01063
G1 X155.17 Y192.855 E.08483
G1 X154.813 Y192.855 E.0106
G1 X154.813 Y189.998 E.08483
G1 X154.456 Y189.998 E.0106
G1 X154.456 Y192.855 E.08483
G1 X154.099 Y192.855 E.0106
G1 X154.099 Y189.998 E.08483
G1 X153.742 Y189.998 E.0106
G1 X153.742 Y192.855 E.08483
G1 X153.385 Y192.855 E.0106
G1 X153.385 Y189.998 E.08483
G1 X153.028 Y189.998 E.0106
G1 X153.028 Y192.855 E.08483
G1 X152.671 Y192.855 E.0106
G1 X152.671 Y189.998 E.08483
G1 X152.314 Y189.998 E.0106
G1 X152.314 Y192.855 E.08483
G1 X151.957 Y192.855 E.0106
G1 X151.957 Y189.998 E.08483
G1 X151.6 Y189.998 E.0106
G1 X151.6 Y192.855 E.08483
G1 X151.243 Y192.855 E.0106
G1 X151.243 Y189.998 E.08483
G1 X150.885 Y189.998 E.01063
G1 X150.885 Y192.855 E.08483
G1 X150.528 Y192.855 E.0106
G1 X150.528 Y189.998 E.08483
G1 X150.171 Y189.998 E.0106
G1 X150.171 Y192.855 E.08483
G1 X149.814 Y192.855 E.0106
G1 X149.814 Y189.998 E.08483
G1 X149.457 Y189.998 E.0106
G1 X149.457 Y192.855 E.08483
G1 X149.1 Y192.855 E.0106
G1 X149.1 Y189.998 E.08483
G1 X148.743 Y189.998 E.0106
G1 X148.743 Y192.855 E.08483
G1 X148.386 Y192.855 E.0106
G1 X148.386 Y189.998 E.08483
G1 X148.029 Y189.998 E.0106
G1 X148.029 Y192.855 E.08483
G1 X147.672 Y192.855 E.0106
G1 X147.672 Y189.998 E.08483
G1 X147.315 Y189.998 E.0106
G1 X147.315 Y192.855 E.08483
G1 X146.958 Y192.855 E.0106
G1 X146.958 Y189.998 E.08483
G1 X146.601 Y189.998 E.0106
G1 X146.601 Y192.855 E.08483
G1 X146.243 Y192.855 E.01063
G1 X146.243 Y189.998 E.08483
G1 X145.886 Y189.998 E.0106
G1 X145.886 Y192.855 E.08483
G1 X145.529 Y192.855 E.0106
G1 X145.529 Y189.998 E.08483
G1 X145.172 Y189.998 E.0106
G1 X145.172 Y192.855 E.08483
G1 X144.815 Y192.855 E.0106
G1 X144.815 Y189.998 E.08483
G1 X144.458 Y189.998 E.0106
G1 X144.458 Y192.855 E.08483
G1 X144.101 Y192.855 E.0106
G1 X144.101 Y189.998 E.08483
G1 X143.744 Y189.998 E.0106
G1 X143.744 Y192.855 E.08483
G1 X143.387 Y192.855 E.0106
G1 X143.387 Y189.998 E.08483
G1 X143.03 Y189.998 E.0106
G1 X143.03 Y192.855 E.08483
G1 X142.673 Y192.855 E.0106
G1 X142.673 Y189.998 E.08483
G1 X142.316 Y189.998 E.0106
G1 X142.316 Y192.855 E.08483
G1 X141.959 Y192.855 E.0106
G1 X141.959 Y189.998 E.08483
G1 X141.601 Y189.998 E.01063
G1 X141.601 Y192.855 E.08483
G1 X141.244 Y192.855 E.0106
G1 X141.244 Y189.998 E.08483
G1 X140.887 Y189.998 E.0106
G1 X140.887 Y192.855 E.08483
G1 X140.53 Y192.855 E.0106
G1 X140.53 Y189.998 E.08483
G1 X140.173 Y189.998 E.0106
G1 X140.173 Y192.855 E.08483
G1 X139.816 Y192.855 E.0106
G1 X139.816 Y189.998 E.08483
G1 X139.459 Y189.998 E.0106
G1 X139.459 Y192.855 E.08483
G1 X139.102 Y192.855 E.0106
G1 X139.102 Y189.998 E.08483
G1 X138.745 Y189.998 E.0106
G1 X138.745 Y192.855 E.08483
G1 X138.388 Y192.855 E.0106
G1 X138.388 Y189.998 E.08483
G1 X138.031 Y189.998 E.0106
G1 X138.031 Y192.855 E.08483
G1 X137.674 Y192.855 E.0106
G1 X137.674 Y189.998 E.08483
G1 X137.316 Y189.998 E.01063
G1 X137.316 Y192.855 E.08483
G1 X136.959 Y192.855 E.0106
G1 X136.959 Y189.998 E.08483
G1 X136.602 Y189.998 E.0106
G1 X136.602 Y192.855 E.08483
G1 X136.245 Y192.855 E.0106
G1 X136.245 Y189.998 E.08483
G1 X135.888 Y189.998 E.0106
G1 X135.888 Y192.855 E.08483
G1 X135.531 Y192.855 E.0106
G1 X135.531 Y189.998 E.08483
G1 X135.174 Y189.998 E.0106
G1 X135.174 Y192.855 E.08483
G1 X134.817 Y192.855 E.0106
G1 X134.817 Y189.998 E.08483
G1 X134.46 Y189.998 E.0106
G1 X134.46 Y192.855 E.08483
G1 X134.103 Y192.855 E.0106
G1 X134.103 Y189.998 E.08483
G1 X133.746 Y189.998 E.0106
G1 X133.746 Y192.855 E.08483
G1 X133.389 Y192.855 E.0106
G1 X133.389 Y189.998 E.08483
G1 X133.032 Y189.998 E.0106
G1 X133.032 Y192.855 E.08483
G1 X132.674 Y192.855 E.01063
G1 X132.674 Y189.998 E.08483
G1 X132.317 Y189.998 E.0106
G1 X132.317 Y192.855 E.08483
G1 X131.96 Y192.855 E.0106
G1 X131.96 Y189.998 E.08483
G1 X131.603 Y189.998 E.0106
G1 X131.603 Y192.855 E.08483
G1 X131.246 Y192.855 E.0106
G1 X131.246 Y189.998 E.08483
G1 X130.889 Y189.998 E.0106
G1 X130.889 Y192.855 E.08483
G1 X130.532 Y192.855 E.0106
G1 X130.532 Y189.998 E.08483
G1 X130.175 Y189.998 E.0106
G1 X130.175 Y192.855 E.08483
G1 X129.818 Y192.855 E.0106
G1 X129.818 Y189.998 E.08483
G1 X129.461 Y189.998 E.0106
G1 X129.461 Y192.855 E.08483
G1 X129.104 Y192.855 E.0106
G1 X129.104 Y189.998 E.08483
G1 X128.747 Y189.998 E.0106
G1 X128.747 Y192.855 E.08483
G1 X128.39 Y192.855 E.0106
G1 X128.39 Y189.998 E.08483
G1 X128.032 Y189.998 E.01063
G1 X128.032 Y192.855 E.08483
G1 X127.675 Y192.855 E.0106
G1 X127.675 Y189.998 E.08483
G1 X127.318 Y189.998 E.0106
G1 X127.318 Y192.855 E.08483
G1 X126.961 Y192.855 E.0106
G1 X126.961 Y189.998 E.08483
G1 X126.604 Y189.998 E.0106
G1 X126.604 Y192.855 E.08483
G1 X126.247 Y192.855 E.0106
G1 X126.247 Y189.998 E.08483
G1 X125.89 Y189.998 E.0106
G1 X125.89 Y192.855 E.08483
G1 X125.533 Y192.855 E.0106
G1 X125.533 Y189.998 E.08483
G1 X125.176 Y189.998 E.0106
G1 X125.176 Y192.855 E.08483
G1 X124.819 Y192.855 E.0106
G1 X124.819 Y189.998 E.08483
G1 X124.462 Y189.998 E.0106
G1 X124.462 Y192.855 E.08483
G1 X124.105 Y192.855 E.0106
G1 X124.105 Y189.998 E.08483
G1 X123.747 Y189.998 E.01063
G1 X123.747 Y192.855 E.08483
G1 X123.39 Y192.855 E.0106
G1 X123.39 Y189.998 E.08483
G1 X123.033 Y189.998 E.0106
G1 X123.033 Y192.855 E.08483
G1 X122.676 Y192.855 E.0106
G1 X122.676 Y189.998 E.08483
G1 X122.319 Y189.998 E.0106
G1 X122.319 Y192.855 E.08483
G1 X121.962 Y192.855 E.0106
G1 X121.962 Y189.998 E.08483
G1 X121.605 Y189.998 E.0106
G1 X121.605 Y192.855 E.08483
G1 X121.248 Y192.855 E.0106
G1 X121.248 Y189.998 E.08483
G1 X120.891 Y189.998 E.0106
G1 X120.891 Y192.855 E.08483
G1 X120.534 Y192.855 E.0106
G1 X120.534 Y189.998 E.08483
G1 X120.177 Y189.998 E.0106
G1 X120.177 Y192.855 E.08483
G1 X119.82 Y192.855 E.0106
G1 X119.82 Y189.998 E.08483
G1 X119.463 Y189.998 E.0106
G1 X119.463 Y192.855 E.08483
G1 X119.105 Y192.855 E.01063
G1 X119.105 Y189.998 E.08483
G1 X118.748 Y189.998 E.0106
G1 X118.748 Y192.855 E.08483
G1 X118.391 Y192.855 E.0106
G1 X118.391 Y189.998 E.08483
G1 X118.034 Y189.998 E.0106
G1 X118.034 Y192.855 E.08483
G1 X117.677 Y192.855 E.0106
G1 X117.677 Y189.998 E.08483
G1 X117.32 Y189.998 E.0106
G1 X117.32 Y192.855 E.08483
G1 X116.963 Y192.855 E.0106
G1 X116.963 Y189.998 E.08483
G1 X116.606 Y189.998 E.0106
G1 X116.606 Y192.855 E.08483
G1 X116.249 Y192.855 E.0106
G1 X116.249 Y189.998 E.08483
G1 X115.892 Y189.998 E.0106
G1 X115.892 Y192.855 E.08483
G1 X115.535 Y192.855 E.0106
G1 X115.535 Y189.998 E.08483
G1 X115.178 Y189.998 E.0106
G1 X115.178 Y192.855 E.08483
G1 X114.821 Y192.855 E.0106
G1 X114.821 Y189.998 E.08483
G1 X114.463 Y189.998 E.01063
G1 X114.463 Y192.855 E.08483
G1 X114.106 Y192.855 E.0106
G1 X114.106 Y189.998 E.08483
G1 X113.749 Y189.998 E.0106
G1 X113.749 Y192.855 E.08483
G1 X113.392 Y192.855 E.0106
G1 X113.392 Y189.998 E.08483
G1 X113.035 Y189.998 E.0106
G1 X113.035 Y192.855 E.08483
G1 X112.678 Y192.855 E.0106
G1 X112.678 Y189.998 E.08483
G1 X112.321 Y189.998 E.0106
G1 X112.321 Y192.855 E.08483
G1 X111.964 Y192.855 E.0106
G1 X111.964 Y189.998 E.08483
G1 X111.607 Y189.998 E.0106
G1 X111.607 Y192.855 E.08483
G1 X111.25 Y192.855 E.0106
G1 X111.25 Y189.998 E.08483
G1 X110.893 Y189.998 E.0106
G1 X110.893 Y192.855 E.08483
G1 X110.536 Y192.855 E.0106
G1 X110.536 Y189.998 E.08483
G1 X110.178 Y189.998 E.01063
G1 X110.178 Y192.855 E.08483
G1 X109.821 Y192.855 E.0106
G1 X109.821 Y189.998 E.08483
G1 X109.464 Y189.998 E.0106
G1 X109.464 Y192.855 E.08483
G1 X109.107 Y192.855 E.0106
G1 X109.107 Y189.998 E.08483
G1 X108.75 Y189.998 E.0106
G1 X108.75 Y192.855 E.08483
G1 X108.393 Y192.855 E.0106
G1 X108.393 Y189.998 E.08483
G1 X108.036 Y189.998 E.0106
G1 X108.036 Y192.855 E.08483
G1 X107.679 Y192.855 E.0106
G1 X107.679 Y189.998 E.08483
G1 X107.322 Y189.998 E.0106
G1 X107.322 Y192.855 E.08483
G1 X106.965 Y192.855 E.0106
G1 X106.965 Y189.998 E.08483
G1 X106.608 Y189.998 E.0106
G1 X106.608 Y192.855 E.08483
G1 X106.251 Y192.855 E.0106
G1 X106.251 Y189.998 E.08483
G1 X105.894 Y189.998 E.0106
G1 X105.894 Y192.855 E.08483
G1 X105.536 Y192.855 E.01063
G1 X105.536 Y189.998 E.08483
G1 X105.179 Y189.998 E.0106
G1 X105.179 Y192.855 E.08483
G1 X104.822 Y192.855 E.0106
G1 X104.822 Y189.998 E.08483
G1 X104.465 Y189.998 E.0106
G1 X104.465 Y192.855 E.08483
G1 X104.108 Y192.855 E.0106
G1 X104.108 Y189.998 E.08483
G1 X103.751 Y189.998 E.0106
G1 X103.751 Y192.855 E.08483
G1 X103.394 Y192.855 E.0106
G1 X103.394 Y189.998 E.08483
G1 X103.037 Y189.998 E.0106
G1 X103.037 Y192.855 E.08483
G1 X102.68 Y192.855 E.0106
G1 X102.68 Y189.998 E.08483
G1 X102.323 Y189.998 E.0106
G1 X102.323 Y192.855 E.08483
G1 X101.966 Y192.855 E.0106
G1 X101.966 Y189.998 E.08483
G1 X101.609 Y189.998 E.0106
G1 X101.609 Y192.855 E.08483
G1 X101.252 Y192.855 E.0106
G1 X101.252 Y189.998 E.08483
G1 X100.894 Y189.998 E.01063
G1 X100.894 Y192.855 E.08483
G1 X100.537 Y192.855 E.0106
G1 X100.537 Y189.998 E.08483
G1 X100.18 Y189.998 E.0106
G1 X100.18 Y192.855 E.08483
G1 X99.823 Y192.855 E.0106
G1 X99.823 Y189.998 E.08483
G1 X99.466 Y189.998 E.0106
G1 X99.466 Y192.855 E.08483
G1 X99.109 Y192.855 E.0106
G1 X99.109 Y189.998 E.08483
G1 X98.752 Y189.998 E.0106
G1 X98.752 Y192.855 E.08483
G1 X98.395 Y192.855 E.0106
G1 X98.395 Y189.998 E.08483
G1 X98.038 Y189.998 E.0106
G1 X98.038 Y192.855 E.08483
G1 X97.681 Y192.855 E.0106
G1 X97.681 Y189.998 E.08483
G1 X97.324 Y189.998 E.0106
G1 X97.324 Y192.855 E.08483
G1 X96.967 Y192.855 E.0106
G1 X96.967 Y189.998 E.08483
G1 X96.609 Y189.998 E.01063
G1 X96.609 Y192.855 E.08483
G1 X96.252 Y192.855 E.0106
G1 X96.252 Y189.998 E.08483
G1 X95.895 Y189.998 E.0106
G1 X95.895 Y192.855 E.08483
G1 X95.538 Y192.855 E.0106
G1 X95.538 Y189.998 E.08483
G1 X95.181 Y189.998 E.0106
G1 X95.181 Y192.855 E.08483
G1 X94.824 Y192.855 E.0106
G1 X94.824 Y189.998 E.08483
G1 X94.467 Y189.998 E.0106
G1 X94.467 Y192.855 E.08483
G1 X94.11 Y192.855 E.0106
G1 X94.11 Y189.998 E.08483
G1 X93.753 Y189.998 E.0106
G1 X93.753 Y192.855 E.08483
G1 X93.396 Y192.855 E.0106
G1 X93.396 Y189.998 E.08483
G1 X93.039 Y189.998 E.0106
G1 X93.039 Y192.855 E.08483
G1 X92.682 Y192.855 E.0106
G1 X92.682 Y189.998 E.08483
G1 X92.325 Y189.998 E.0106
G1 X92.325 Y192.855 E.08483
G1 X91.967 Y192.855 E.01063
G1 X91.967 Y189.998 E.08483
G1 X91.61 Y189.998 E.0106
G1 X91.61 Y192.855 E.08483
G1 X91.253 Y192.855 E.0106
G1 X91.253 Y189.998 E.08483
G1 X90.896 Y189.998 E.0106
G1 X90.896 Y192.855 E.08483
G1 X90.539 Y192.855 E.0106
G1 X90.539 Y189.998 E.08483
G1 X90.182 Y189.998 E.0106
G1 X90.182 Y192.855 E.08483
G1 X89.825 Y192.855 E.0106
G1 X89.825 Y189.998 E.08483
G1 X89.468 Y189.998 E.0106
G1 X89.468 Y192.855 E.08483
G1 X89.111 Y192.855 E.0106
G1 X89.111 Y189.998 E.08483
G1 X88.754 Y189.998 E.0106
G1 X88.754 Y192.855 E.08483
G1 X88.397 Y192.855 E.0106
G1 X88.397 Y189.998 E.08483
G1 X88.04 Y189.998 E.0106
G1 X88.04 Y192.855 E.08483
G1 X87.683 Y192.855 E.0106
G1 X87.683 Y189.998 E.08483
G1 X87.325 Y189.998 E.01063
G1 X87.325 Y192.855 E.08483
G1 X86.968 Y192.855 E.0106
G1 X86.968 Y189.998 E.08483
G1 X86.611 Y189.998 E.0106
G1 X86.611 Y192.855 E.08483
G1 X86.254 Y192.855 E.0106
G1 X86.254 Y189.998 E.08483
G1 X85.897 Y189.998 E.0106
G1 X85.897 Y192.855 E.08483
G1 X85.54 Y192.855 E.0106
G1 X85.54 Y189.998 E.08483
G1 X85.183 Y189.998 E.0106
G1 X85.183 Y192.855 E.08483
G1 X84.826 Y192.855 E.0106
G1 X84.826 Y189.998 E.08483
G1 X84.469 Y189.998 E.0106
G1 X84.469 Y192.855 E.08483
G1 X84.112 Y192.855 E.0106
G1 X84.112 Y189.998 E.08483
G1 X83.755 Y189.998 E.0106
G1 X83.755 Y192.855 E.08483
G1 X83.398 Y192.855 E.0106
G1 X83.398 Y189.998 E.08483
G1 X83.04 Y189.998 E.01063
G1 X83.04 Y192.855 E.08483
G1 X82.683 Y192.855 E.0106
G1 X82.683 Y189.998 E.08483
G1 X82.326 Y189.998 E.0106
G1 X82.326 Y192.855 E.08483
G1 X81.969 Y192.855 E.0106
G1 X81.969 Y189.998 E.08483
G1 X81.612 Y189.998 E.0106
G1 X81.612 Y192.855 E.08483
G1 X81.255 Y192.855 E.0106
G1 X81.255 Y189.998 E.08483
G1 X80.898 Y189.998 E.0106
G1 X80.898 Y192.855 E.08483
G1 X80.541 Y192.855 E.0106
G1 X80.541 Y189.998 E.08483
G1 X80.184 Y189.998 E.0106
G1 X80.184 Y192.855 E.08483
G1 X79.827 Y192.855 E.0106
G1 X79.827 Y189.998 E.08483
G1 X79.47 Y189.998 E.0106
G1 X79.47 Y192.855 E.08483
G1 X79.113 Y192.855 E.0106
G1 X79.113 Y189.998 E.08483
G1 X78.756 Y189.998 E.0106
G1 X78.756 Y192.855 E.08483
G1 X78.398 Y192.855 E.01063
G1 X78.398 Y189.998 E.08483
G1 X78.041 Y189.998 E.0106
G1 X78.041 Y192.855 E.08483
G1 X77.684 Y192.855 E.0106
G1 X77.684 Y189.998 E.08483
G1 X77.327 Y189.998 E.0106
G1 X77.327 Y192.855 E.08483
G1 X76.97 Y192.855 E.0106
G1 X76.97 Y189.998 E.08483
G1 X76.613 Y189.998 E.0106
G1 X76.613 Y192.855 E.08483
G1 X76.256 Y192.855 E.0106
G1 X76.256 Y189.998 E.08483
G1 X75.899 Y189.998 E.0106
G1 X75.899 Y192.855 E.08483
G1 X75.542 Y192.855 E.0106
G1 X75.542 Y189.998 E.08483
G1 X75.185 Y189.998 E.0106
G1 X75.185 Y192.855 E.08483
G1 X74.828 Y192.855 E.0106
G1 X74.828 Y189.998 E.08483
G1 X74.471 Y189.998 E.0106
G1 X74.471 Y192.855 E.08483
G1 X74.114 Y192.855 E.0106
G1 X74.114 Y189.998 E.08483
G1 X73.756 Y189.998 E.01063
G1 X73.756 Y192.855 E.08483
G1 X73.399 Y192.855 E.0106
G1 X73.399 Y189.998 E.08483
G1 X73.042 Y189.998 E.0106
G1 X73.042 Y192.855 E.08483
G1 X72.685 Y192.855 E.0106
G1 X72.685 Y189.998 E.08483
G1 X72.328 Y189.998 E.0106
G1 X72.328 Y192.855 E.08483
G1 X71.971 Y192.855 E.0106
G1 X71.971 Y189.998 E.08483
G1 X71.614 Y189.998 E.0106
G1 X71.614 Y192.855 E.08483
G1 X71.257 Y192.855 E.0106
G1 X71.257 Y189.998 E.08483
G1 X70.9 Y189.998 E.0106
G1 X70.9 Y192.855 E.08483
G1 X70.543 Y192.855 E.0106
G1 X70.543 Y189.998 E.08483
G1 X70.186 Y189.998 E.0106
G1 X70.186 Y192.855 E.08483
G1 X69.829 Y192.855 E.0106
G1 X69.829 Y189.998 E.08483
G1 X69.471 Y189.998 E.01063
G1 X69.471 Y192.855 E.08483
G1 X69.114 Y192.855 E.0106
G1 X69.114 Y189.998 E.08483
G1 X68.757 Y189.998 E.0106
G1 X68.757 Y192.855 E.08483
G1 X68.4 Y192.855 E.0106
G1 X68.4 Y189.998 E.08483
G1 X68.043 Y189.998 E.0106
G1 X68.043 Y192.855 E.08483
G1 X67.686 Y192.855 E.0106
G1 X67.686 Y189.998 E.08483
G1 X67.329 Y189.998 E.0106
G1 X67.329 Y192.855 E.08483
G1 X66.972 Y192.855 E.0106
G1 X66.972 Y189.998 E.08483
G1 X66.615 Y189.998 E.0106
G1 X66.615 Y192.855 E.08483
G1 X66.258 Y192.855 E.0106
G1 X66.258 Y189.998 E.08483
G1 X65.901 Y189.998 E.0106
G1 X65.901 Y192.855 E.08483
G1 X65.544 Y192.855 E.0106
G1 X65.544 Y189.998 E.08483
G1 X65.187 Y189.998 E.0106
G1 X65.187 Y192.855 E.08483
G1 X64.829 Y192.855 E.01063
G1 X64.829 Y189.998 E.08483
G1 X64.472 Y189.998 E.0106
G1 X64.472 Y192.855 E.08483
G1 X64.115 Y192.855 E.0106
G1 X64.115 Y189.998 E.08483
G1 X63.758 Y189.998 E.0106
G1 X63.758 Y192.855 E.08483
G1 X63.401 Y192.855 E.0106
G1 X63.401 Y189.998 E.08483
G1 X63.044 Y189.998 E.0106
G1 X63.044 Y192.855 E.08483
G1 X62.687 Y192.855 E.0106
G1 X62.687 Y189.998 E.08483
G1 X62.33 Y189.998 E.0106
G1 X62.33 Y192.855 E.08483
G1 X61.973 Y192.855 E.0106
G1 X61.973 Y189.998 E.08483
G1 X61.616 Y189.998 E.0106
G1 X61.616 Y192.855 E.08483
G1 X61.259 Y192.855 E.0106
G1 X61.259 Y189.998 E.08483
G1 X60.902 Y189.998 E.0106
G1 X60.902 Y192.855 E.08483
G1 X60.545 Y192.855 E.0106
G1 X60.545 Y189.998 E.08483
G1 X60.187 Y189.998 E.01063
G1 X60.187 Y192.855 E.08483
G1 X59.83 Y192.855 E.0106
G1 X59.83 Y189.998 E.08483
G1 X59.473 Y189.998 E.0106
G1 X59.473 Y192.855 E.08483
G1 X59.116 Y192.855 E.0106
G1 X59.116 Y189.998 E.08483
G1 X58.759 Y189.998 E.0106
G1 X58.759 Y192.855 E.08483
G1 X58.402 Y192.855 E.0106
G1 X58.402 Y189.998 E.08483
G1 X58.045 Y189.998 E.0106
G1 X58.045 Y192.855 E.08483
G1 X57.688 Y192.855 E.0106
G1 X57.688 Y189.998 E.08483
G1 X57.331 Y189.998 E.0106
G1 X57.331 Y192.855 E.08483
G1 X56.974 Y192.855 E.0106
G1 X56.974 Y189.998 E.08483
G1 X56.617 Y189.998 E.0106
G1 X56.617 Y192.855 E.08483
G1 X56.26 Y192.855 E.0106
G1 X56.26 Y189.998 E.08483
G1 X55.902 Y189.998 E.01063
G1 X55.902 Y192.855 E.08483
G1 X55.545 Y192.855 E.0106
G1 X55.545 Y189.998 E.08483
G1 X55.188 Y189.998 E.0106
G1 X55.188 Y192.855 E.08483
G1 X54.831 Y192.855 E.0106
G1 X54.831 Y189.998 E.08483
G1 X54.474 Y189.998 E.0106
G1 X54.474 Y192.855 E.08483
G1 X54.117 Y192.855 E.0106
G1 X54.117 Y189.998 E.08483
G1 X53.76 Y189.998 E.0106
G1 X53.76 Y192.855 E.08483
G1 X53.403 Y192.855 E.0106
G1 X53.403 Y189.998 E.08483
G1 X53.046 Y189.998 E.0106
G1 X53.046 Y192.855 E.08483
G1 X52.858 Y192.855 E.00558
G1 X52.858 Y196.834 E.11814
G1 X52.689 Y196.834 E.00502
G1 X52.689 Y189.998 E.20297
G1 X52.332 Y189.998 E.0106
G1 X52.332 Y190.952 E.02833
G1 X52.214 Y190.834 E.00495
G1 X51.975 Y190.834 E.0071
G1 X51.975 Y189.998 E.02482
G1 X51.618 Y189.998 E.0106
G1 X51.618 Y190.834 E.02482
G1 X51.26 Y190.834 E.01063
G1 X51.26 Y189.998 E.02482
G1 X50.903 Y189.998 E.0106
G1 X50.903 Y190.834 E.02482
G1 X50.546 Y190.834 E.0106
G1 X50.546 Y189.998 E.02482
G1 X50.189 Y189.998 E.0106
G1 X50.189 Y190.995 E.0296
G1 E-2 F2400
M204 S8000
G1 X161.553 Y197.784 F24000
G1 E2 F2400
M204 S4000
;TYPE:Perimeter
;WIDTH:0.449999
G1 F10800
G1 X161.61 Y197.858 E.00316
G1 X161.779 Y197.949 E.0065
G1 X161.979 Y197.982 E.00686
G1 X167.368 Y197.982 E.18241
G1 X167.368 Y201.718 E.12646
G1 X52.632 Y201.718 E3.88367
G1 X52.632 Y197.982 E.12646
G1 X58.106 Y197.982 E.18529
G1 X58.39 Y197.858 E.01049
G1 X58.512 Y197.735 E.00586
G1 X58.632 Y197.371 E.01297
G1 X58.632 Y194.482 E.09779
G1 X161.368 Y194.482 E3.47749
G1 X161.368 Y197.371 E.09779
G1 X161.413 Y197.602 E.00797
G1 X161.516 Y197.736 E.00572
M204 S5000
M204 S8000
G1 X161.835 Y197.501 F24000
M204 S4000
;TYPE:External perimeter
G1 F7200
G1 X161.856 Y197.534 E.00132
G1 X161.979 Y197.575 E.00439
G1 X167.775 Y197.575 E.19619
G1 X167.775 Y202.125 E.15401
G1 X52.225 Y202.125 E3.91122
G1 X52.225 Y197.575 E.15401
G1 X58.021 Y197.575 E.19619
G1 X58.144 Y197.534 E.00439
G1 X58.225 Y197.371 E.00616
G1 X58.225 Y194.075 E.11157
G1 X161.775 Y194.075 E3.50504
G1 X161.775 Y197.402 E.11261
G1 X161.804 Y197.449 E.00187
M204 S5000
G1 X162.186 Y197.568 F24000
G1 E-2 F2400
M204 S8000
G1 X84.632 Y17.982 F24000
G1 E2 F2400
M204 S4000
;TYPE:Perimeter
G1 F10800
G1 X135.368 Y17.982 E1.71735
G1 X135.368 Y25.445 E.25261
G1 X135.452 Y25.681 E.00848
G1 X135.656 Y25.89 E.00989
G1 X135.979 Y25.982 E.01137
G1 X187.738 Y25.982 E1.75198
G1 X213.368 Y51.612 E1.22689
G1 X213.368 Y171.088 E4.04411
G1 X187.738 Y196.718 E1.22689
G1 X168.632 Y196.718 E.64671
G1 X168.632 Y191.982 E.16031
G1 X188.009 Y191.982 E.65589
G1 X188.234 Y191.939 E.00775
G1 X188.441 Y191.803 E.00838
G1 X208.453 Y171.791 E.95796
G1 X208.589 Y171.584 E.00838
G1 X208.632 Y171.359 E.00775
G1 X208.632 Y51.341 E4.06246
G1 X208.589 Y51.116 E.00775
G1 X208.453 Y50.909 E.00838
G1 X188.441 Y30.897 E.95796
G1 X188.234 Y30.761 E.00838
G1 X188.009 Y30.718 E.00775
G1 X31.991 Y30.718 E5.28102
G1 X31.766 Y30.761 E.00775
G1 X31.559 Y30.897 E.00838
G1 X11.547 Y50.909 E.95796
G1 X11.411 Y51.116 E.00838
G1 X11.368 Y51.341 E.00775
G1 X11.368 Y171.359 E4.06246
G1 X11.411 Y171.584 E.00775
G1 X11.547 Y171.791 E.00838
G1 X31.559 Y191.803 E.95796
G1 X31.766 Y191.939 E.00838
G1 X31.991 Y191.982 E.00775
G1 X51.368 Y191.982 E.65589
G1 X51.368 Y196.718 E.16031
G1 X32.262 Y196.718 E.64671
G1 X6.632 Y171.088 E1.22689
G1 X6.632 Y51.612 E4.04411
G1 X32.262 Y25.982 E1.22689
G1 X84.152 Y25.982 E1.75641
G1 X84.464 Y25.793 E.01235
G1 X84.599 Y25.57 E.00882
G1 X84.632 Y25.371 E.00683
G1 X84.632 Y18.042 E.24808
M204 S5000
M204 S8000
G1 X84.225 Y17.575 F24000
M204 S4000
;TYPE:External perimeter
G1 F7200
G1 X135.775 Y17.575 E1.7449
G1 X135.775 Y25.371 E.26388
G1 X135.831 Y25.512 E.00514
G1 X135.979 Y25.575 E.00544
G1 X187.907 Y25.575 E1.7577
G1 X213.775 Y51.443 E1.23829
G1 X213.775 Y171.257 E4.05556
G1 X187.907 Y197.125 E1.23829
G1 X168.225 Y197.125 E.66621
G1 X168.225 Y191.575 E.18786
G1 X188.009 Y191.575 E.66966
G1 X188.153 Y191.515 E.00528
G1 X208.165 Y171.503 E.95796
G1 X208.225 Y171.359 E.00528
G1 X208.225 Y51.341 E4.06246
G1 X208.165 Y51.197 E.00528
G1 X188.153 Y31.185 E.95796
G1 X188.009 Y31.125 E.00528
G1 X31.991 Y31.125 E5.28102
G1 X31.847 Y31.185 E.00528
G1 X11.835 Y51.197 E.95796
G1 X11.775 Y51.341 E.00528
G1 X11.775 Y171.359 E4.06246
G1 X11.835 Y171.503 E.00528
G1 X31.847 Y191.515 E.95796
G1 X31.991 Y191.575 E.00528
G1 X51.775 Y191.575 E.66966
G1 X51.775 Y197.125 E.18786
G1 X32.093 Y197.125 E.66621
G1 X6.225 Y171.257 E1.23829
G1 X6.225 Y51.443 E4.05556
G1 X32.093 Y25.575 E1.23829
G1 X84.021 Y25.575 E1.7577
G1 X84.169 Y25.512 E.00544
G1 X84.225 Y25.371 E.00514
G1 X84.225 Y17.635 E.26185
M204 S5000
G1 X84.621 Y17.576 F24000
G1 E-2 F2400
M204 S8000
G1 X84.932 Y22.368 F24000
G1 E2 F2400
M204 S5000
;TYPE:Internal infill
;WIDTH:0.45
G1 F13200
G1 X84.935 Y19.925 E.08269
G1 X86.573 Y18.287 E.07841
G1 X87.371 Y18.287 E.02701
G1 X93.411 Y24.327 E.28913
G1 X92.047 Y24.327 E.04617
G1 X98.087 Y18.287 E.28913
G1 X98.885 Y18.287 E.02701
G1 X104.925 Y24.327 E.28913
G1 X103.561 Y24.327 E.04617
G1 X109.601 Y18.287 E.28913
G1 X110.399 Y18.287 E.02701
G1 X116.439 Y24.327 E.28913
G1 X115.075 Y24.327 E.04617
G1 X121.115 Y18.287 E.28913
G1 X121.913 Y18.287 E.02701
G1 X127.953 Y24.327 E.28913
G1 X126.589 Y24.327 E.04617
G1 X132.629 Y18.287 E.28913
G1 X133.427 Y18.287 E.02701
G1 X135.063 Y19.923 E.07831
G1 X135.063 Y22.366 E.08269
G1 E-2 F2400
M204 S8000
G1 X157.803 Y194.787 F24000
G1 E2 F2400
M204 S5000
G1 F13200
G1 X160.246 Y194.787 E.08269
G1 X161.067 Y195.608 E.0393
G1 X161.073 Y197.094 E.0503
G1 X156.755 Y201.413 E.20672
G1 X155.357 Y201.413 E.04732
G1 X148.732 Y194.787 E.31716
G1 X151.866 Y194.787 E.10608
G1 X145.241 Y201.413 E.31716
G1 X143.843 Y201.413 E.04732
G1 X137.218 Y194.787 E.31716
G1 X140.352 Y194.787 E.10608
G1 X133.727 Y201.413 E.31716
G1 X132.329 Y201.413 E.04732
G1 X125.704 Y194.787 E.31716
G1 X128.838 Y194.787 E.10608
G1 X122.213 Y201.413 E.31716
G1 X120.815 Y201.413 E.04732
G1 X114.19 Y194.787 E.31716
G1 X117.324 Y194.787 E.10608
G1 X110.699 Y201.413 E.31716
G1 X109.301 Y201.413 E.04732
G1 X102.676 Y194.787 E.31716
G1 X105.81 Y194.787 E.10608
G1 X99.185 Y201.413 E.31716
G1 X97.787 Y201.413 E.04732
G1 X91.162 Y194.787 E.31716
G1 X94.296 Y194.787 E.10608
G1 X87.671 Y201.413 E.31716
G1 X86.273 Y201.413 E.04732
G1 X79.648 Y194.787 E.31716
G1 X82.782 Y194.787 E.10608
G1 X76.157 Y201.413 E.31716
G1 X74.759 Y201.413 E.04732
G1 X68.134 Y194.787 E.31716
G1 X71.268 Y194.787 E.10608
G1 X64.643 Y201.413 E.31716
G1 X63.245 Y201.413 E.04732
G1 X58.927 Y197.094 E.20672
G1 X58.933 Y195.608 E.0503
G1 X59.754 Y194.787 E.0393
G1 X62.197 Y194.787 E.08269
G1 E-2 F2400
M204 S8000
G1 X53.812 Y198.287 F24000
G1 E2 F2400
M204 S5000
G1 F13200
G1 X56.254 Y198.287 E.08266
G1 X53.129 Y201.413 E.14962
G1 X55.572 Y201.413 E.08269
G1 E-2 F2400
M204 S8000
G1 X6.753 Y170.477 F24000
G1 E2 F2400
M204 S5000
;TYPE:Solid infill
;WIDTH:0.38292
G1 F9600
G1 X6.734 Y170.548 E.00208
G1 X6.805 Y170.529 E.00208
G1 X6.794 Y170.488 E.0012
;WIDTH:0.41646
G1 X6.866 Y170.581 E.00365
;WIDTH:0.449999
G1 X6.937 Y170.674 E.00396
G1 X32.676 Y196.413 E1.23211
G1 X32.511 Y196.464 E.00585
;WIDTH:0.41646
G1 X32.346 Y196.514 E.00536
;WIDTH:0.38292
G1 X6.836 Y171.004 E1.01993
M204 S8000
G1 X6.937 Y170.098 F24000
M204 S5000
;WIDTH:0.449999
G1 F9600
G1 X33.252 Y196.413 E1.25968
G1 X33.828 Y196.413 E.0195
G1 X6.937 Y169.522 E1.28726
G1 X6.937 Y168.947 E.01946
G1 X34.403 Y196.413 E1.31478
G1 X34.979 Y196.413 E.0195
G1 X6.937 Y168.371 E1.34235
G1 X6.937 Y167.795 E.0195
G1 X35.555 Y196.413 E1.36993
G1 X35.693 Y196.452 E.00485
;WIDTH:0.41646
G1 X35.831 Y196.491 E.00445
;WIDTH:0.38292
G1 X35.812 Y196.562 E.00208
G1 X35.884 Y196.543 E.00211
G1 X35.873 Y196.502 E.0012
G1 E-2 F2400
M204 S8000
G1 X11.063 Y171.345 F24000
G1 E2 F2400
M204 S5000
;WIDTH:0.449999
G1 F9600
G1 X6.937 Y167.22 E.19749
G1 X6.937 Y166.644 E.0195
G1 X11.063 Y170.769 E.19749
G1 X11.063 Y170.194 E.01946
G1 X6.937 Y166.068 E.19751
G1 X6.937 Y165.493 E.01946
G1 X11.063 Y169.618 E.19749
G1 X11.063 Y169.042 E.0195
G1 X6.937 Y164.917 E.19749
G1 X6.937 Y164.341 E.0195
G1 X11.063 Y168.466 E.19749
G1 X11.063 Y167.891 E.01946
G1 X6.937 Y163.766 E.19749
G1 X6.937 Y163.19 E.0195
G1 X11.063 Y167.315 E.19749
G1 X11.063 Y166.739 E.0195
G1 X6.937 Y162.614 E.19749
G1 X6.937 Y162.038 E.0195
G1 X11.063 Y166.164 E.19751
G1 X11.063 Y165.588 E.0195
G1 X6.937 Y161.463 E.19749
G1 X6.937 Y160.887 E.0195
G1 X11.063 Y165.012 E.19749
G1 X11.063 Y164.437 E.01946
G1 X6.937 Y160.311 E.19751
G1 X6.937 Y159.736 E.01946
G1 X11.063 Y163.861 E.19749
G1 X11.063 Y163.285 E.0195
G1 X6.937 Y159.16 E.19749
G1 X6.937 Y158.584 E.0195
G1 X11.063 Y162.709 E.19749
G1 X11.063 Y162.134 E.01946
G1 X6.937 Y158.009 E.19749
G1 X6.937 Y157.433 E.0195
G1 X11.063 Y161.558 E.19749
G1 X11.063 Y160.982 E.0195
G1 X6.937 Y156.857 E.19749
G1 X6.937 Y156.281 E.0195
G1 X11.063 Y160.407 E.19751
G1 X11.063 Y159.831 E.0195
G1 X6.937 Y155.706 E.19749
G1 X6.937 Y155.13 E.0195
G1 X11.063 Y159.255 E.19749
G1 X11.063 Y158.68 E.01946
G1 X6.937 Y154.554 E.19751
G1 X6.937 Y153.979 E.01946
G1 X11.063 Y158.104 E.19749
G1 X11.063 Y157.528 E.0195
G1 X6.937 Y153.403 E.19749
G1 X6.937 Y152.827 E.0195
G1 X11.063 Y156.953 E.19751
G1 X11.063 Y156.377 E.0195
G1 X6.937 Y152.252 E.19749
G1 X6.937 Y151.676 E.0195
G1 X11.063 Y155.801 E.19749
G1 X11.063 Y155.225 E.0195
G1 X6.937 Y151.1 E.19749
G1 X6.937 Y150.525 E.01946
G1 X11.063 Y154.65 E.19749
G1 X11.063 Y154.074 E.0195
G1 X6.937 Y149.949 E.19749
G1 X6.937 Y149.373 E.0195
G1 X11.063 Y153.498 E.19749
G1 X11.063 Y152.923 E.01946
G1 X6.937 Y148.797 E.19751
G1 X6.937 Y148.222 E.01946
G1 X11.063 Y152.347 E.19749
G1 X11.063 Y151.771 E.0195
G1 X6.937 Y147.646 E.19749
G1 X6.937 Y147.07 E.0195
G1 X11.063 Y151.196 E.19751
G1 X11.063 Y150.62 E.0195
G1 X6.937 Y146.495 E.19749
G1 X6.937 Y145.919 E.0195
G1 X11.063 Y150.044 E.19749
G1 X11.063 Y149.468 E.0195
G1 X6.937 Y145.343 E.19749
G1 X6.937 Y144.768 E.01946
G1 X11.063 Y148.893 E.19749
G1 X11.063 Y148.317 E.0195
G1 X6.937 Y144.192 E.19749
G1 X6.937 Y143.616 E.0195
G1 X11.063 Y147.741 E.19749
G1 X11.063 Y147.166 E.01946
G1 X6.937 Y143.04 E.19751
G1 X6.937 Y142.465 E.01946
G1 X11.063 Y146.59 E.19749
G1 X11.063 Y146.014 E.0195
G1 X6.937 Y141.889 E.19749
G1 X6.937 Y141.313 E.0195
G1 X11.063 Y145.439 E.19751
G1 X11.063 Y144.863 E.0195
G1 X6.937 Y140.738 E.19749
G1 X6.937 Y140.162 E.0195
G1 X11.063 Y144.287 E.19749
G1 X11.063 Y143.711 E.0195
G1 X6.937 Y139.586 E.19749
G1 X6.937 Y139.011 E.01946
G1 X11.063 Y143.136 E.19749
G1 X11.063 Y142.56 E.0195
G1 X6.937 Y138.435 E.19749
G1 X6.937 Y137.859 E.0195
G1 X11.063 Y141.984 E.19749
G1 X11.063 Y141.409 E.01946
G1 X6.937 Y137.283 E.19751
G1 X6.937 Y136.708 E.01946
G1 X11.063 Y140.833 E.19749
G1 X11.063 Y140.257 E.0195
G1 X6.937 Y136.132 E.19749
G1 X6.937 Y135.556 E.0195
G1 X11.063 Y139.682 E.19751
G1 X11.063 Y139.106 E.0195
G1 X6.937 Y134.981 E.19749
G1 X6.937 Y134.405 E.0195
G1 X11.063 Y138.53 E.19749
G1 X11.063 Y137.955 E.01946
G1 X6.937 Y133.829 E.19751
G1 X6.937 Y133.254 E.01946
G1 X11.063 Y137.379 E.19749
G1 X11.063 Y136.803 E.0195
G1 X6.937 Y132.678 E.19749
G1 X6.937 Y132.102 E.0195
G1 X11.063 Y136.227 E.19749
G1 X11.063 Y135.652 E.01946
G1 X6.937 Y131.527 E.19749
G1 X6.937 Y130.951 E.0195
G1 X11.063 Y135.076 E.19749
G1 X11.063 Y134.5 E.0195
G1 X6.937 Y130.375 E.19749
G1 X6.937 Y129.799 E.0195
G1 X11.063 Y133.925 E.19751
G1 X11.063 Y133.349 E.0195
G1 X6.937 Y129.224 E.19749
G1 X6.937 Y128.648 E.0195
G1 X11.063 Y132.773 E.19749
G1 X11.063 Y132.198 E.01946
G1 X6.937 Y128.072 E.19751
G1 X6.937 Y127.497 E.01946
G1 X11.063 Y131.622 E.19749
G1 X11.063 Y131.046 E.0195
G1 X6.937 Y126.921 E.19749
G1 X6.937 Y126.345 E.0195
G1 X11.063 Y130.47 E.19749
G1 X11.063 Y129.895 E.01946
G1 X6.937 Y125.77 E.19749
G1 X6.937 Y125.194 E.0195
G1 X11.063 Y129.319 E.19749
G1 X11.063 Y128.743 E.0195
G1 X6.937 Y124.618 E.19749
G1 X6.937 Y124.042 E.0195
G1 X11.063 Y128.168 E.19751
G1 X11.063 Y127.592 E.0195
G1 X6.937 Y123.467 E.19749
G1 X6.937 Y122.891 E.0195
G1 X11.063 Y127.016 E.19749
G1 X11.063 Y126.441 E.01946
G1 X6.937 Y122.315 E.19751
G1 X6.937 Y121.74 E.01946
G1 X11.063 Y125.865 E.19749
G1 X11.063 Y125.289 E.0195
G1 X6.937 Y121.164 E.19749
G1 X6.937 Y120.588 E.0195
G1 X11.063 Y124.714 E.19751
G1 X11.063 Y124.138 E.0195
G1 X6.937 Y120.013 E.19749
G1 X6.937 Y119.437 E.0195
G1 X11.063 Y123.562 E.19749
G1 X11.063 Y122.986 E.0195
G1 X6.937 Y118.861 E.19749
G1 X6.937 Y118.285 E.0195
G1 X11.063 Y122.411 E.19751
G1 X11.063 Y121.835 E.0195
G1 X6.937 Y117.71 E.19749
G1 X6.937 Y117.134 E.0195
G1 X11.063 Y121.259 E.19749
G1 X11.063 Y120.684 E.01946
G1 X6.937 Y116.558 E.19751
G1 X6.937 Y115.983 E.01946
G1 X11.063 Y120.108 E.19749
G1 X11.063 Y119.532 E.0195
G1 X6.937 Y115.407 E.19749
G1 X6.937 Y114.831 E.0195
G1 X11.063 Y118.957 E.19751
G1 X11.063 Y118.381 E.0195
G1 X6.937 Y114.256 E.19749
G1 X6.937 Y113.68 E.0195
G1 X11.063 Y117.805 E.19749
G1 X11.063 Y117.229 E.0195
G1 X6.937 Y113.104 E.19749
G1 X6.937 Y112.529 E.01946
G1 X11.063 Y116.654 E.19749
G1 X11.063 Y116.078 E.0195
G1 X6.937 Y111.953 E.19749
G1 X6.937 Y111.377 E.0195
G1 X11.063 Y115.502 E.19749
G1 X11.063 Y114.927 E.01946
G1 X6.937 Y110.801 E.19751
G1 X6.937 Y110.226 E.01946
G1 X11.063 Y114.351 E.19749
G1 X11.063 Y113.775 E.0195
G1 X6.937 Y109.65 E.19749
G1 X6.937 Y109.074 E.0195
G1 X11.063 Y113.2 E.19751
G1 X11.063 Y112.624 E.0195
G1 X6.937 Y108.499 E.19749
G1 X6.937 Y107.923 E.0195
G1 X11.063 Y112.048 E.19749
G1 X11.063 Y111.472 E.0195
G1 X6.937 Y107.347 E.19749
G1 X6.937 Y106.772 E.01946
G1 X11.063 Y110.897 E.19749
G1 X11.063 Y110.321 E.0195
G1 X6.937 Y106.196 E.19749
G1 X6.937 Y105.62 E.0195
G1 X11.063 Y109.745 E.19749
G1 X11.063 Y109.17 E.01946
G1 X6.937 Y105.044 E.19751
G1 X6.937 Y104.469 E.01946
G1 X11.063 Y108.594 E.19749
G1 X11.063 Y108.018 E.0195
G1 X6.937 Y103.893 E.19749
G1 X6.937 Y103.317 E.0195
G1 X11.063 Y107.443 E.19751
G1 X11.063 Y106.867 E.0195
G1 X6.937 Y102.742 E.19749
G1 X6.937 Y102.166 E.0195
G1 X11.063 Y106.291 E.19749
G1 X11.063 Y105.716 E.01946
G1 X6.937 Y101.59 E.19751
G1 X6.937 Y101.015 E.01946
G1 X11.063 Y105.14 E.19749
G1 X11.063 Y104.564 E.0195
G1 X6.937 Y100.439 E.19749
G1 X6.937 Y99.863 E.0195
G1 X11.063 Y103.988 E.19749
G1 X11.063 Y103.413 E.01946
G1 X6.937 Y99.288 E.19749
G1 X6.937 Y98.712 E.0195
G1 X11.063 Y102.837 E.19749
G1 X11.063 Y102.261 E.0195
G1 X6.937 Y98.136 E.19749
G1 X6.937 Y97.56 E.0195
G1 X11.063 Y101.686 E.19751
G1 X11.063 Y101.11 E.0195
G1 X6.937 Y96.985 E.19749
G1 X6.937 Y96.409 E.0195
G1 X11.063 Y100.534 E.19749
G1 X11.063 Y99.959 E.01946
G1 X6.937 Y95.833 E.19751
G1 X6.937 Y95.258 E.01946
G1 X11.063 Y99.383 E.19749
G1 X11.063 Y98.807 E.0195
G1 X6.937 Y94.682 E.19749
G1 X6.937 Y94.106 E.0195
G1 X11.063 Y98.231 E.19749
G1 X11.063 Y97.656 E.01946
G1 X6.937 Y93.531 E.19749
G1 X6.937 Y92.955 E.0195
G1 X11.063 Y97.08 E.19749
G1 X11.063 Y96.504 E.0195
G1 X6.937 Y92.379 E.19749
G1 X6.937 Y91.803 E.0195
G1 X11.063 Y95.929 E.19751
G1 X11.063 Y95.353 E.0195
G1 X6.937 Y91.228 E.19749
G1 X6.937 Y90.652 E.0195
G1 X11.063 Y94.777 E.19749
G1 X11.063 Y94.202 E.01946
G1 X6.937 Y90.076 E.19751
G1 X6.937 Y89.501 E.01946
G1 X11.063 Y93.626 E.19749
G1 X11.063 Y93.05 E.0195
G1 X6.937 Y88.925 E.19749
G1 X6.937 Y88.349 E.0195
G1 X11.063 Y92.474 E.19749
G1 X11.063 Y91.899 E.01946
G1 X6.937 Y87.774 E.19749
G1 X6.937 Y87.198 E.0195
G1 X11.063 Y91.323 E.19749
G1 X11.063 Y90.747 E.0195
G1 X6.937 Y86.622 E.19749
G1 X6.937 Y86.046 E.0195
G1 X11.063 Y90.172 E.19751
G1 X11.063 Y89.596 E.0195
G1 X6.937 Y85.471 E.19749
G1 X6.937 Y84.895 E.0195
G1 X11.063 Y89.02 E.19749
G1 X11.063 Y88.445 E.01946
G1 X6.937 Y84.319 E.19751
G1 X6.937 Y83.744 E.01946
G1 X11.063 Y87.869 E.19749
G1 X11.063 Y87.293 E.0195
G1 X6.937 Y83.168 E.19749
G1 X6.937 Y82.592 E.0195
G1 X11.063 Y86.718 E.19751
G1 X11.063 Y86.142 E.0195
G1 X6.937 Y82.017 E.19749
G1 X6.937 Y81.441 E.0195
G1 X11.063 Y85.566 E.19749
G1 X11.063 Y84.99 E.0195
G1 X6.937 Y80.865 E.19749
G1 X6.937 Y80.29 E.01946
G1 X11.063 Y84.415 E.19749
G1 X11.063 Y83.839 E.0195
G1 X6.937 Y79.714 E.19749
G1 X6.937 Y79.138 E.0195
G1 X11.063 Y83.263 E.19749
G1 X11.063 Y82.688 E.01946
G1 X6.937 Y78.562 E.19751
G1 X6.937 Y77.987 E.01946
G1 X11.063 Y82.112 E.19749
G1 X11.063 Y81.536 E.0195
G1 X6.937 Y77.411 E.19749
G1 X6.937 Y76.835 E.0195
G1 X11.063 Y80.961 E.19751
G1 X11.063 Y80.385 E.0195
G1 X6.937 Y76.26 E.19749
G1 X6.937 Y75.684 E.0195
G1 X11.063 Y79.809 E.19749
G1 X11.063 Y79.233 E.0195
G1 X6.937 Y75.108 E.19749
G1 X6.937 Y74.533 E.01946
G1 X11.063 Y78.658 E.19749
G1 X11.063 Y78.082 E.0195
G1 X6.937 Y73.957 E.19749
G1 X6.937 Y73.381 E.0195
G1 X11.063 Y77.506 E.19749
G1 X11.063 Y76.931 E.01946
G1 X6.937 Y72.805 E.19751
G1 X6.937 Y72.23 E.01946
G1 X11.063 Y76.355 E.19749
G1 X11.063 Y75.779 E.0195
G1 X6.937 Y71.654 E.19749
G1 X6.937 Y71.078 E.0195
G1 X11.063 Y75.204 E.19751
G1 X11.063 Y74.628 E.0195
G1 X6.937 Y70.503 E.19749
G1 X6.937 Y69.927 E.0195
G1 X11.063 Y74.052 E.19749
G1 X11.063 Y73.476 E.0195
G1 X6.937 Y69.351 E.19749
G1 X6.937 Y68.776 E.01946
G1 X11.063 Y72.901 E.19749
G1 X11.063 Y72.325 E.0195
G1 X6.937 Y68.2 E.19749
G1 X6.937 Y67.624 E.0195
G1 X11.063 Y71.749 E.19749
G1 X11.063 Y71.174 E.01946
G1 X6.937 Y67.048 E.19751
G1 X6.937 Y66.473 E.01946
G1 X11.063 Y70.598 E.19749
G1 X11.063 Y70.022 E.0195
G1 X6.937 Y65.897 E.19749
G1 X6.937 Y65.321 E.0195
G1 X11.063 Y69.447 E.19751
G1 X11.063 Y68.871 E.0195
G1 X6.937 Y64.746 E.19749
G1 X6.937 Y64.17 E.0195
G1 X11.063 Y68.295 E.19749
G1 X11.063 Y67.72 E.01946
G1 X6.937 Y63.594 E.19751
G1 X6.937 Y63.019 E.01946
G1 X11.063 Y67.144 E.19749
G1 X11.063 Y66.568 E.0195
G1 X6.937 Y62.443 E.19749
G1 X6.937 Y61.867 E.0195
G1 X11.063 Y65.992 E.19749
G1 X11.063 Y65.417 E.01946
G1 X6.937 Y61.292 E.19749
G1 X6.937 Y60.716 E.0195
G1 X11.063 Y64.841 E.19749
G1 X11.063 Y64.265 E.0195
G1 X6.937 Y60.14 E.19749
G1 X6.937 Y59.564 E.0195
G1 X11.063 Y63.69 E.19751
G1 X11.063 Y63.114 E.0195
G1 X6.937 Y58.989 E.19749
G1 X6.937 Y58.413 E.0195
G1 X11.063 Y62.538 E.19749
G1 X11.063 Y61.963 E.01946
G1 X6.937 Y57.837 E.19751
G1 X6.937 Y57.262 E.01946
G1 X11.063 Y61.387 E.19749
G1 X11.063 Y60.811 E.0195
G1 X6.937 Y56.686 E.19749
G1 X6.937 Y56.11 E.0195
G1 X11.063 Y60.235 E.19749
G1 X11.063 Y59.66 E.01946
G1 X6.937 Y55.535 E.19749
G1 X6.937 Y54.959 E.0195
G1 X11.063 Y59.084 E.19749
G1 X11.063 Y58.508 E.0195
G1 X6.937 Y54.383 E.19749
G1 X6.937 Y53.807 E.0195
G1 X11.063 Y57.933 E.19751
G1 X11.063 Y57.357 E.0195
G1 X6.937 Y53.232 E.19749
G1 X6.937 Y52.656 E.0195
G1 X11.063 Y56.781 E.19749
G1 X11.063 Y56.206 E.01946
G1 X6.937 Y52.08 E.19751
G1 X6.779 Y51.636 E.01595
;WIDTH:0.38292
G1 X6.76 Y51.707 E.00208
G1 X6.831 Y51.688 E.00208
G1 X6.82 Y51.647 E.0012
;WIDTH:0.41646
G1 X6.937 Y51.634 E.00366
;WIDTH:0.449999
G1 X7.054 Y51.621 E.00398
G1 X11.063 Y55.63 E.19191
G1 X11.063 Y55.054 E.0195
G1 X7.342 Y51.334 E.1781
G1 X7.63 Y51.046 E.01379
G1 X11.063 Y54.479 E.16434
G1 X11.063 Y53.903 E.0195
G1 X7.918 Y50.758 E.15055
G1 X8.206 Y50.47 E.01379
G1 X11.063 Y53.327 E.13676
G1 X11.063 Y52.751 E.0195
G1 X8.493 Y50.182 E.123
G1 X8.781 Y49.894 E.01379
G1 X11.063 Y52.176 E.10924
G1 X11.144 Y52.233 E.00335
;WIDTH:0.41646
G1 X11.225 Y52.291 E.00309
;WIDTH:0.38292
G1 X11.206 Y52.362 E.00208
G1 X11.277 Y52.343 E.00208
G1 X11.266 Y52.302 E.0012
G1 E-2 F2400
M204 S8000
G1 X9.213 Y49.75 F24000
G1 E2 F2400
M204 S5000
;WIDTH:0.449999
G1 F9600
G1 X11.063 Y51.6 E.08856
G1 X11.066 Y51.313 E.00972
G1 X11.149 Y50.964 E.01214
G1 X11.334 Y50.69 E.01119
G1 X31.336 Y30.688 E.95748
G1 X31.692 Y30.468 E.01417
G1 X32.001 Y30.413 E.01062
G1 X33.628 Y30.413 E.05507
G1 X30.946 Y27.73 E.12841
G1 X9.069 Y49.607 E1.04724
G1 X9.645 Y49.607 E.0195
G1 X30.946 Y28.306 E1.01967
G1 X32.645 Y30.006 E.08135
G1 X31.886 Y30.016 E.02569
G1 X31.396 Y30.157 E.01726
G1 X31.048 Y30.4 E.01437
G1 X11.046 Y50.402 E.95748
G1 X10.8 Y50.762 E.01476
G1 X9.789 Y49.75 E.04842
G1 X10.221 Y49.607 E.0154
G1 X30.946 Y28.881 E.99212
G1 X31.701 Y29.637 E.03617
G1 X31.172 Y29.817 E.01891
G1 X30.76 Y30.113 E.01717
G1 X10.743 Y50.129 E.95818
G1 X10.364 Y49.75 E.01814
G1 X10.743 Y49.607 E.01371
;WIDTH:0.37539
G1 X30.499 Y29.851 E.77238
;WIDTH:0.420653
G1 X30.721 Y29.661 E.00918
;WIDTH:0.465916
G1 X30.944 Y29.47 E.01033
;WIDTH:0.46639
G1 X30.946 Y29.469 E.00008
G1 E-2 F2400
M204 S8000
G1 X31.233 Y27.442 F24000
G1 E2 F2400
M204 S5000
;WIDTH:0.449999
G1 F9600
G1 X34.276 Y30.479 E.14552
;WIDTH:0.41646
G1 X34.349 Y30.545 E.00306
;WIDTH:0.38292
G1 X34.33 Y30.616 E.00208
G1 X34.401 Y30.597 E.00208
G1 X34.39 Y30.556 E.0012
;WIDTH:0.449999
G1 X34.78 Y30.413 E.01406
G1 X31.521 Y27.154 E.15601
G1 X31.809 Y26.867 E.01376
G1 X35.355 Y30.413 E.16974
G1 X35.931 Y30.413 E.0195
G1 X32.097 Y26.579 E.18353
G1 X32.385 Y26.291 E.01379
G1 X36.507 Y30.413 E.19732
G1 X37.082 Y30.413 E.01946
G1 X32.957 Y26.287 E.19749
G1 X33.533 Y26.287 E.0195
G1 X37.658 Y30.413 E.19749
G1 X38.234 Y30.413 E.0195
G1 X34.108 Y26.287 E.19751
G1 X34.684 Y26.287 E.0195
G1 X38.809 Y30.413 E.19749
G1 X39.385 Y30.413 E.0195
G1 X35.259 Y26.287 E.19751
G1 X35.835 Y26.287 E.0195
G1 X39.961 Y30.413 E.19751
G1 X40.537 Y30.413 E.0195
G1 X36.41 Y26.286 E.19756
G1 X36.986 Y26.286 E.0195
G1 X41.112 Y30.413 E.19753
G1 X41.688 Y30.413 E.0195
G1 X37.561 Y26.286 E.19756
G1 X38.137 Y26.286 E.0195
G1 X42.264 Y30.413 E.19756
G1 X42.839 Y30.413 E.01946
G1 X38.713 Y26.286 E.19753
G1 X39.288 Y26.286 E.01946
G1 X43.415 Y30.413 E.19756
G1 X43.991 Y30.413 E.0195
G1 X39.864 Y26.286 E.19756
G1 X40.439 Y26.285 E.01946
G1 X44.566 Y30.413 E.19758
G1 X45.142 Y30.413 E.0195
G1 X41.015 Y26.285 E.19758
G1 X41.59 Y26.285 E.01946
G1 X45.718 Y30.413 E.1976
G1 X46.293 Y30.413 E.01946
G1 X42.166 Y26.285 E.19758
G1 X42.741 Y26.285 E.01946
G1 X46.869 Y30.413 E.1976
G1 X47.445 Y30.413 E.0195
G1 X43.317 Y26.285 E.1976
G1 X43.893 Y26.285 E.0195
G1 X48.021 Y30.413 E.1976
G1 X48.596 Y30.413 E.01946
G1 X44.468 Y26.285 E.1976
G1 X45.044 Y26.284 E.0195
G1 X49.172 Y30.413 E.19763
G1 X49.748 Y30.413 E.0195
G1 X45.619 Y26.284 E.19765
G1 X46.195 Y26.284 E.0195
G1 X50.323 Y30.413 E.19763
G1 X50.899 Y30.413 E.0195
G1 X46.77 Y26.284 E.19765
G1 X47.346 Y26.284 E.0195
G1 X51.475 Y30.413 E.19765
G1 X52.05 Y30.413 E.01946
G1 X47.922 Y26.284 E.19763
G1 X48.497 Y26.284 E.01946
G1 X52.626 Y30.413 E.19765
G1 X53.202 Y30.413 E.0195
G1 X49.073 Y26.283 E.19768
G1 X49.648 Y26.283 E.01946
G1 X53.778 Y30.413 E.1977
G1 X54.353 Y30.413 E.01946
G1 X50.224 Y26.283 E.19768
G1 X50.799 Y26.283 E.01946
G1 X54.929 Y30.413 E.1977
G1 X55.505 Y30.413 E.0195
G1 X51.375 Y26.283 E.1977
G1 X51.95 Y26.283 E.01946
G1 X56.08 Y30.413 E.1977
G1 X56.656 Y30.413 E.0195
G1 X52.526 Y26.283 E.1977
G1 X53.102 Y26.282 E.0195
G1 X57.232 Y30.413 E.19772
G1 X57.807 Y30.413 E.01946
G1 X53.677 Y26.282 E.19772
G1 X54.253 Y26.282 E.0195
G1 X58.383 Y30.413 E.19772
G1 X58.959 Y30.413 E.0195
G1 X54.828 Y26.282 E.19775
G1 X55.404 Y26.282 E.0195
G1 X59.534 Y30.413 E.19772
G1 X60.11 Y30.413 E.0195
G1 X55.979 Y26.282 E.19775
G1 X56.555 Y26.282 E.0195
G1 X60.686 Y30.413 E.19775
G1 X61.262 Y30.413 E.0195
G1 X57.131 Y26.282 E.19775
G1 X57.706 Y26.281 E.01946
G1 X61.837 Y30.413 E.19777
G1 X62.413 Y30.413 E.0195
G1 X58.282 Y26.281 E.19777
G1 X58.857 Y26.281 E.01946
G1 X62.989 Y30.413 E.1978
G1 X63.564 Y30.413 E.01946
G1 X59.433 Y26.281 E.19777
G1 X60.008 Y26.281 E.01946
G1 X64.14 Y30.413 E.1978
G1 X64.716 Y30.413 E.0195
G1 X60.584 Y26.281 E.1978
G1 X61.159 Y26.281 E.01946
G1 X65.291 Y30.413 E.1978
G1 X65.867 Y30.413 E.0195
G1 X61.735 Y26.28 E.19782
G1 X62.311 Y26.28 E.0195
G1 X66.443 Y30.413 E.19782
G1 X67.019 Y30.413 E.0195
G1 X62.886 Y26.28 E.19784
G1 X63.462 Y26.28 E.0195
G1 X67.594 Y30.413 E.19782
G1 X68.17 Y30.413 E.0195
G1 X64.037 Y26.28 E.19784
G1 X64.613 Y26.28 E.0195
G1 X68.746 Y30.413 E.19784
G1 X69.321 Y30.413 E.01946
G1 X65.188 Y26.28 E.19784
G1 X65.764 Y26.279 E.0195
G1 X69.897 Y30.413 E.19787
G1 X70.473 Y30.413 E.0195
G1 X66.339 Y26.279 E.19789
G1 X66.915 Y26.279 E.0195
G1 X71.048 Y30.413 E.19787
G1 X71.624 Y30.413 E.0195
G1 X67.491 Y26.279 E.19787
G1 X68.066 Y26.279 E.01946
G1 X72.2 Y30.413 E.19789
G1 X72.776 Y30.413 E.0195
G1 X68.642 Y26.279 E.19789
G1 X69.217 Y26.279 E.01946
G1 X73.351 Y30.413 E.19789
G1 X73.927 Y30.413 E.0195
G1 X69.793 Y26.279 E.19789
G1 X70.368 Y26.278 E.01946
G1 X74.503 Y30.413 E.19794
G1 X75.078 Y30.413 E.01946
G1 X70.944 Y26.278 E.19792
G1 X71.52 Y26.278 E.0195
G1 X75.654 Y30.413 E.19792
G1 X76.23 Y30.413 E.0195
G1 X72.095 Y26.278 E.19794
G1 X72.671 Y26.278 E.0195
G1 X76.805 Y30.413 E.19792
G1 X77.381 Y30.413 E.0195
G1 X73.246 Y26.278 E.19794
G1 X73.822 Y26.278 E.0195
G1 X77.957 Y30.413 E.19794
G1 X78.532 Y30.413 E.01946
G1 X74.397 Y26.277 E.19796
G1 X74.973 Y26.277 E.0195
G1 X79.108 Y30.413 E.19796
G1 X79.684 Y30.413 E.0195
G1 X75.548 Y26.277 E.19799
G1 X76.124 Y26.277 E.0195
G1 X80.26 Y30.413 E.19799
G1 X80.835 Y30.413 E.01946
G1 X76.7 Y26.277 E.19796
G1 X77.275 Y26.277 E.01946
G1 X81.411 Y30.413 E.19799
G1 X81.987 Y30.413 E.0195
G1 X77.851 Y26.277 E.19799
G1 X78.426 Y26.277 E.01946
G1 X82.562 Y30.413 E.19799
G1 X83.138 Y30.413 E.0195
G1 X79.002 Y26.276 E.19801
G1 X79.577 Y26.276 E.01946
G1 X83.714 Y30.413 E.19804
G1 X84.289 Y30.413 E.01946
G1 X80.153 Y26.276 E.19801
G1 X80.728 Y26.276 E.01946
G1 X84.865 Y30.413 E.19804
G1 X85.441 Y30.413 E.0195
G1 X81.304 Y26.276 E.19804
G1 X81.88 Y26.276 E.0195
G1 X86.017 Y30.413 E.19804
G1 X86.592 Y30.413 E.01946
G1 X82.455 Y26.276 E.19804
G1 X83.031 Y26.275 E.0195
G1 X87.168 Y30.413 E.19806
G1 X87.744 Y30.413 E.0195
G1 X83.606 Y26.275 E.19808
G1 X84.182 Y26.275 E.0195
G1 X88.319 Y30.413 E.19806
G1 X88.895 Y30.413 E.0195
G1 X84.576 Y26.093 E.20677
G1 X84.837 Y25.779 E.01382
G1 X89.471 Y30.413 E.22183
G1 X90.046 Y30.413 E.01946
G1 X84.928 Y25.294 E.24502
G1 X84.944 Y24.734 E.01896
G1 X90.622 Y30.413 E.27183
G1 X91.198 Y30.413 E.0195
G1 X85.519 Y24.734 E.27185
G1 X86.095 Y24.734 E.0195
G1 X91.774 Y30.413 E.27185
G1 X92.349 Y30.413 E.01946
G1 X86.671 Y24.734 E.27183
G1 X87.246 Y24.734 E.01946
G1 X92.925 Y30.413 E.27185
G1 X93.501 Y30.413 E.0195
G1 X87.822 Y24.734 E.27185
G1 X88.398 Y24.734 E.0195
G1 X94.076 Y30.413 E.27183
G1 X94.652 Y30.413 E.0195
G1 X88.974 Y24.734 E.27183
G1 X89.549 Y24.734 E.01946
G1 X95.228 Y30.413 E.27185
G1 X95.803 Y30.413 E.01946
G1 X90.125 Y24.734 E.27183
G1 X90.701 Y24.734 E.0195
G1 X96.379 Y30.413 E.27183
G1 X96.955 Y30.413 E.0195
G1 X91.276 Y24.734 E.27185
G1 X91.852 Y24.734 E.0195
G1 X97.53 Y30.413 E.27183
G1 X98.106 Y30.413 E.0195
G1 X92.428 Y24.734 E.27183
G1 X93.003 Y24.734 E.01946
G1 X98.682 Y30.413 E.27185
G1 X99.258 Y30.413 E.0195
G1 X93.579 Y24.734 E.27185
G1 X94.155 Y24.734 E.0195
G1 X99.833 Y30.413 E.27183
G1 X100.409 Y30.413 E.0195
G1 X94.731 Y24.734 E.27183
G1 X95.306 Y24.734 E.01946
G1 X100.985 Y30.413 E.27185
G1 X101.56 Y30.413 E.01946
G1 X95.882 Y24.734 E.27183
G1 X96.458 Y24.734 E.0195
G1 X102.136 Y30.413 E.27183
G1 X102.712 Y30.413 E.0195
G1 X97.033 Y24.734 E.27185
G1 X97.609 Y24.734 E.0195
G1 X103.287 Y30.413 E.27183
G1 X103.863 Y30.413 E.0195
G1 X98.185 Y24.734 E.27183
G1 X98.76 Y24.734 E.01946
G1 X104.439 Y30.413 E.27185
G1 X105.015 Y30.413 E.0195
G1 X99.336 Y24.734 E.27185
G1 X99.912 Y24.734 E.0195
G1 X105.59 Y30.413 E.27183
G1 X106.166 Y30.413 E.0195
G1 X100.488 Y24.734 E.27183
G1 X101.063 Y24.734 E.01946
G1 X106.742 Y30.413 E.27185
G1 X107.317 Y30.413 E.01946
G1 X101.639 Y24.734 E.27183
G1 X102.215 Y24.734 E.0195
G1 X107.893 Y30.413 E.27183
G1 X108.469 Y30.413 E.0195
G1 X102.79 Y24.734 E.27185
G1 X103.366 Y24.734 E.0195
G1 X109.044 Y30.413 E.27183
G1 X109.62 Y30.413 E.0195
G1 X103.942 Y24.734 E.27183
G1 X104.517 Y24.734 E.01946
G1 X110.196 Y30.413 E.27185
G1 X110.771 Y30.413 E.01946
G1 X105.093 Y24.734 E.27183
G1 X105.669 Y24.734 E.0195
G1 X111.347 Y30.413 E.27183
G1 X111.923 Y30.413 E.0195
G1 X106.244 Y24.734 E.27185
G1 X106.82 Y24.734 E.0195
G1 X112.499 Y30.413 E.27185
G1 X113.074 Y30.413 E.01946
G1 X107.396 Y24.734 E.27183
G1 X107.972 Y24.734 E.0195
G1 X113.65 Y30.413 E.27183
G1 X114.226 Y30.413 E.0195
G1 X108.547 Y24.734 E.27185
G1 X109.123 Y24.734 E.0195
G1 X114.801 Y30.413 E.27183
G1 X115.377 Y30.413 E.0195
G1 X109.699 Y24.734 E.27183
G1 X110.274 Y24.734 E.01946
G1 X115.953 Y30.413 E.27185
G1 X116.528 Y30.413 E.01946
G1 X110.85 Y24.734 E.27183
G1 X111.426 Y24.734 E.0195
G1 X117.104 Y30.413 E.27183
G1 X117.68 Y30.413 E.0195
G1 X112.001 Y24.734 E.27185
G1 X112.577 Y24.734 E.0195
G1 X118.256 Y30.413 E.27185
G1 X118.831 Y30.413 E.01946
G1 X113.153 Y24.734 E.27183
G1 X113.729 Y24.734 E.0195
G1 X119.407 Y30.413 E.27183
G1 X119.983 Y30.413 E.0195
G1 X114.304 Y24.734 E.27185
G1 X114.88 Y24.734 E.0195
G1 X120.558 Y30.413 E.27183
G1 X121.134 Y30.413 E.0195
G1 X115.456 Y24.734 E.27183
G1 X116.031 Y24.734 E.01946
G1 X121.71 Y30.413 E.27185
G1 X122.285 Y30.413 E.01946
G1 X116.607 Y24.734 E.27183
G1 X117.183 Y24.734 E.0195
G1 X122.861 Y30.413 E.27183
G1 X123.437 Y30.413 E.0195
G1 X117.758 Y24.734 E.27185
G1 X118.334 Y24.734 E.0195
G1 X124.013 Y30.413 E.27185
G1 X124.588 Y30.413 E.01946
G1 X118.91 Y24.734 E.27183
G1 X119.486 Y24.734 E.0195
G1 X125.164 Y30.413 E.27183
G1 X125.74 Y30.413 E.0195
G1 X120.061 Y24.734 E.27185
G1 X120.637 Y24.734 E.0195
G1 X126.315 Y30.413 E.27183
G1 X126.891 Y30.413 E.0195
G1 X121.213 Y24.734 E.27183
G1 X121.788 Y24.734 E.01946
G1 X127.467 Y30.413 E.27185
G1 X128.042 Y30.413 E.01946
G1 X122.364 Y24.734 E.27183
G1 X122.94 Y24.734 E.0195
G1 X128.618 Y30.413 E.27183
G1 X129.194 Y30.413 E.0195
G1 X123.515 Y24.734 E.27185
G1 X124.091 Y24.734 E.0195
G1 X129.769 Y30.413 E.27183
G1 X130.345 Y30.413 E.0195
G1 X124.667 Y24.734 E.27183
G1 X125.242 Y24.734 E.01946
G1 X130.921 Y30.413 E.27185
G1 X131.497 Y30.413 E.0195
G1 X125.818 Y24.734 E.27185
G1 X126.394 Y24.734 E.0195
G1 X132.072 Y30.413 E.27183
G1 X132.648 Y30.413 E.0195
G1 X126.97 Y24.734 E.27183
G1 X127.545 Y24.734 E.01946
G1 X133.224 Y30.413 E.27185
G1 X133.799 Y30.413 E.01946
G1 X128.121 Y24.734 E.27183
G1 X128.697 Y24.734 E.0195
G1 X134.375 Y30.413 E.27183
G1 X134.951 Y30.413 E.0195
G1 X129.272 Y24.734 E.27185
G1 X129.848 Y24.734 E.0195
G1 X135.526 Y30.413 E.27183
G1 X136.102 Y30.413 E.0195
G1 X130.424 Y24.734 E.27183
G1 X130.999 Y24.734 E.01946
G1 X136.678 Y30.413 E.27185
G1 X137.254 Y30.413 E.0195
G1 X131.575 Y24.734 E.27185
G1 X132.151 Y24.734 E.0195
G1 X137.829 Y30.413 E.27183
G1 X138.405 Y30.413 E.0195
G1 X132.727 Y24.734 E.27183
G1 X133.302 Y24.734 E.01946
G1 X138.981 Y30.413 E.27185
G1 X139.556 Y30.413 E.01946
G1 X133.878 Y24.734 E.27183
G1 X134.423 Y24.722 E.01845
;WIDTH:0.424826
G1 X135.075 Y24.722 E.0207
G1 X135.071 Y25.363 E.02036
G1 X134.568 Y24.865 E.02248
M204 S8000
G1 X135.314 Y25.782 F24000
M204 S5000
;WIDTH:0.38292
G1 F9600
G1 X135.719 Y26.141 E.0153
;WIDTH:0.41646
G1 X135.863 Y26.214 E.00501
;WIDTH:0.449999
G1 X136.007 Y26.287 E.00546
G1 X140.132 Y30.413 E.19749
G1 X140.708 Y30.413 E.0195
G1 X136.583 Y26.287 E.19749
G1 X137.158 Y26.287 E.01946
G1 X141.283 Y30.413 E.19749
G1 X141.859 Y30.413 E.0195
G1 X137.734 Y26.287 E.19749
G1 X138.31 Y26.287 E.0195
G1 X142.435 Y30.413 E.19749
G1 X143.011 Y30.413 E.0195
G1 X138.885 Y26.287 E.19751
G1 X139.461 Y26.287 E.0195
G1 X143.586 Y30.413 E.19749
G1 X144.162 Y30.413 E.0195
G1 X140.037 Y26.287 E.19749
G1 X140.612 Y26.287 E.01946
G1 X144.738 Y30.413 E.19751
G1 X145.313 Y30.413 E.01946
G1 X141.188 Y26.287 E.19749
G1 X141.764 Y26.287 E.0195
G1 X145.889 Y30.413 E.19749
G1 X146.465 Y30.413 E.0195
G1 X142.339 Y26.287 E.19751
G1 X142.915 Y26.287 E.0195
G1 X147.04 Y30.413 E.19749
G1 X147.616 Y30.413 E.0195
G1 X143.491 Y26.287 E.19749
G1 X144.067 Y26.287 E.0195
G1 X148.192 Y30.413 E.19749
G1 X148.767 Y30.413 E.01946
G1 X144.642 Y26.287 E.19749
G1 X145.218 Y26.287 E.0195
G1 X149.343 Y30.413 E.19749
G1 X149.919 Y30.413 E.0195
G1 X145.794 Y26.287 E.19749
G1 X146.369 Y26.287 E.01946
G1 X150.495 Y30.413 E.19751
G1 X151.07 Y30.413 E.01946
G1 X146.945 Y26.287 E.19749
G1 X147.521 Y26.287 E.0195
G1 X151.646 Y30.413 E.19749
G1 X152.222 Y30.413 E.0195
G1 X148.096 Y26.287 E.19751
G1 X148.672 Y26.287 E.0195
G1 X152.797 Y30.413 E.19749
G1 X153.373 Y30.413 E.0195
G1 X149.248 Y26.287 E.19749
G1 X149.824 Y26.287 E.0195
G1 X153.949 Y30.413 E.19749
G1 X154.524 Y30.413 E.01946
G1 X150.399 Y26.287 E.19749
G1 X150.975 Y26.287 E.0195
G1 X155.1 Y30.413 E.19749
G1 X155.676 Y30.413 E.0195
G1 X151.551 Y26.287 E.19749
G1 X152.126 Y26.287 E.01946
G1 X156.252 Y30.413 E.19751
G1 X156.827 Y30.413 E.01946
G1 X152.702 Y26.287 E.19749
G1 X153.278 Y26.287 E.0195
G1 X157.403 Y30.413 E.19749
G1 X157.979 Y30.413 E.0195
G1 X153.853 Y26.287 E.19751
G1 X154.429 Y26.287 E.0195
G1 X158.554 Y30.413 E.19749
G1 X159.13 Y30.413 E.0195
G1 X155.005 Y26.287 E.19749
G1 X155.58 Y26.287 E.01946
G1 X159.706 Y30.413 E.19751
G1 X160.281 Y30.413 E.01946
G1 X156.156 Y26.287 E.19749
G1 X156.732 Y26.287 E.0195
G1 X160.857 Y30.413 E.19749
G1 X161.433 Y30.413 E.0195
G1 X157.308 Y26.287 E.19749
G1 X157.883 Y26.287 E.01946
G1 X162.009 Y30.413 E.19751
G1 X162.584 Y30.413 E.01946
G1 X158.459 Y26.287 E.19749
G1 X159.035 Y26.287 E.0195
G1 X163.16 Y30.413 E.19749
G1 X163.736 Y30.413 E.0195
G1 X159.61 Y26.287 E.19751
G1 X160.186 Y26.287 E.0195
G1 X164.311 Y30.413 E.19749
G1 X164.887 Y30.413 E.0195
G1 X160.762 Y26.287 E.19749
G1 X161.337 Y26.287 E.01946
G1 X165.463 Y30.413 E.19751
G1 X166.038 Y30.413 E.01946
G1 X161.913 Y26.287 E.19749
G1 X162.489 Y26.287 E.0195
G1 X166.614 Y30.413 E.19749
G1 X167.19 Y30.413 E.0195
G1 X163.065 Y26.287 E.19749
G1 X163.64 Y26.287 E.01946
G1 X167.765 Y30.413 E.19749
G1 X168.341 Y30.413 E.0195
G1 X164.216 Y26.287 E.19749
G1 X164.792 Y26.287 E.0195
G1 X168.917 Y30.413 E.19749
G1 X169.493 Y30.413 E.0195
G1 X165.367 Y26.287 E.19751
G1 X165.943 Y26.287 E.0195
G1 X170.068 Y30.413 E.19749
G1 X170.644 Y30.413 E.0195
G1 X166.519 Y26.287 E.19749
G1 X167.094 Y26.287 E.01946
G1 X171.22 Y30.413 E.19751
G1 X171.795 Y30.413 E.01946
G1 X167.67 Y26.287 E.19749
G1 X168.246 Y26.287 E.0195
G1 X172.371 Y30.413 E.19749
G1 X172.947 Y30.413 E.0195
G1 X168.822 Y26.287 E.19749
G1 X169.397 Y26.287 E.01946
G1 X173.522 Y30.413 E.19749
G1 X174.098 Y30.413 E.0195
G1 X169.973 Y26.287 E.19749
G1 X170.549 Y26.287 E.0195
G1 X174.674 Y30.413 E.19749
G1 X175.25 Y30.413 E.0195
G1 X171.124 Y26.287 E.19751
G1 X171.7 Y26.287 E.0195
G1 X175.825 Y30.413 E.19749
G1 X176.401 Y30.413 E.0195
G1 X172.276 Y26.287 E.19749
G1 X172.851 Y26.287 E.01946
G1 X176.977 Y30.413 E.19751
G1 X177.552 Y30.413 E.01946
G1 X173.427 Y26.287 E.19749
G1 X174.003 Y26.287 E.0195
G1 X178.128 Y30.413 E.19749
G1 X178.704 Y30.413 E.0195
G1 X174.578 Y26.287 E.19751
G1 X175.154 Y26.287 E.0195
G1 X179.279 Y30.413 E.19749
G1 X179.855 Y30.413 E.0195
G1 X175.73 Y26.287 E.19749
G1 X176.306 Y26.287 E.0195
G1 X180.431 Y30.413 E.19749
G1 X181.006 Y30.413 E.01946
G1 X176.881 Y26.287 E.19749
G1 X177.457 Y26.287 E.0195
G1 X181.582 Y30.413 E.19749
G1 X182.158 Y30.413 E.0195
G1 X178.033 Y26.287 E.19749
G1 X178.608 Y26.287 E.01946
G1 X182.734 Y30.413 E.19751
G1 X183.309 Y30.413 E.01946
G1 X179.184 Y26.287 E.19749
G1 X179.76 Y26.287 E.0195
G1 X183.885 Y30.413 E.19749
G1 X184.461 Y30.413 E.0195
G1 X180.335 Y26.287 E.19751
G1 X180.911 Y26.287 E.0195
G1 X185.036 Y30.413 E.19749
G1 X185.612 Y30.413 E.0195
G1 X181.487 Y26.287 E.19749
G1 X182.063 Y26.287 E.0195
G1 X186.188 Y30.413 E.19749
G1 X186.763 Y30.413 E.01946
G1 X182.638 Y26.287 E.19749
G1 X183.214 Y26.287 E.0195
G1 X187.339 Y30.413 E.19749
M204 S8000
G1 X188.192 Y30.512 F24000
M204 S5000
;WIDTH:0.38292
G1 F9600
G1 X188.173 Y30.584 E.00211
G1 X188.244 Y30.565 E.00208
G1 X188.233 Y30.523 E.00123
;WIDTH:0.41646
G1 X188.074 Y30.468 E.00523
;WIDTH:0.449999
G1 X187.915 Y30.413 E.00569
G1 X183.79 Y26.287 E.19749
G1 E-2 F2400
M204 S8000
G1 X168.973 Y196.298 F24000
G1 E2 F2400
M204 S5000
;WIDTH:0.554756
G1 F9600
G1 X168.928 Y196.344 E.00274
G1 X168.945 Y196.405 E.0027
G1 X169.006 Y196.422 E.0027
G1 X169.052 Y196.377 E.00274
G1 X169.035 Y196.315 E.00274
;WIDTH:0.449999
G1 X169.692 Y196.413 E.02248
G1 X168.937 Y195.658 E.03614
G1 X168.937 Y195.082 E.0195
G1 X170.268 Y196.413 E.06371
G1 X170.843 Y196.413 E.01946
G1 X168.937 Y194.507 E.09124
G1 X168.937 Y193.931 E.0195
G1 X171.419 Y196.413 E.11881
G1 X171.995 Y196.413 E.0195
G1 X168.937 Y193.355 E.14638
G1 X168.937 Y192.78 E.01946
G1 X172.57 Y196.413 E.17391
G1 X173.146 Y196.413 E.0195
G1 X169.021 Y192.287 E.19749
G1 X168.912 Y192.221 E.00431
;WIDTH:0.41646
G1 X168.804 Y192.154 E.00395
;WIDTH:0.38292
G1 X168.784 Y192.386 E.00658
M204 S8000
G1 X169.597 Y192.287 F24000
M204 S5000
;WIDTH:0.449999
G1 F9600
G1 X173.722 Y196.413 E.19749
G1 X174.298 Y196.413 E.0195
G1 X170.172 Y192.287 E.19751
G1 X170.748 Y192.287 E.0195
G1 X174.873 Y196.413 E.19749
G1 X175.449 Y196.413 E.0195
G1 X171.324 Y192.287 E.19749
G1 X171.899 Y192.287 E.01946
G1 X176.025 Y196.413 E.19751
G1 X176.6 Y196.413 E.01946
G1 X172.475 Y192.287 E.19749
G1 X173.051 Y192.287 E.0195
G1 X177.176 Y196.413 E.19749
G1 X177.752 Y196.413 E.0195
G1 X173.626 Y192.287 E.19751
G1 X174.202 Y192.287 E.0195
G1 X178.327 Y196.413 E.19749
G1 X178.903 Y196.413 E.0195
G1 X174.778 Y192.287 E.19749
G1 X175.354 Y192.287 E.0195
G1 X179.479 Y196.413 E.19749
G1 X180.054 Y196.413 E.01946
G1 X175.929 Y192.287 E.19749
G1 X176.505 Y192.287 E.0195
G1 X180.63 Y196.413 E.19749
G1 X181.206 Y196.413 E.0195
G1 X177.081 Y192.287 E.19749
G1 X177.656 Y192.287 E.01946
G1 X181.782 Y196.413 E.19751
G1 X182.357 Y196.413 E.01946
G1 X178.232 Y192.287 E.19749
G1 X178.808 Y192.287 E.0195
G1 X182.933 Y196.413 E.19749
G1 X183.509 Y196.413 E.0195
G1 X179.383 Y192.287 E.19751
G1 X179.959 Y192.287 E.0195
G1 X184.084 Y196.413 E.19749
G1 X184.66 Y196.413 E.0195
G1 X180.535 Y192.287 E.19749
G1 X181.111 Y192.287 E.0195
G1 X185.236 Y196.413 E.19749
G1 X185.811 Y196.413 E.01946
G1 X181.686 Y192.287 E.19749
G1 X182.262 Y192.287 E.0195
G1 X186.387 Y196.413 E.19749
G1 X186.963 Y196.413 E.0195
G1 X182.838 Y192.287 E.19749
G1 X183.413 Y192.287 E.01946
G1 X187.539 Y196.413 E.19751
G1 X187.863 Y196.161 E.01389
G1 X183.989 Y192.287 E.18545
G1 X184.565 Y192.287 E.0195
G1 X188.151 Y195.874 E.17168
G1 X188.439 Y195.586 E.01379
G1 X185.14 Y192.287 E.15792
G1 X185.716 Y192.287 E.0195
G1 X188.727 Y195.298 E.14413
G1 X189.014 Y195.01 E.01376
G1 X186.292 Y192.287 E.13032
G1 X186.7 Y192.073 E.01559
;WIDTH:0.38292
G1 X186.681 Y192.144 E.00208
G1 X186.752 Y192.125 E.00208
G1 X186.741 Y192.084 E.0012
;WIDTH:0.41646
G1 X186.804 Y192.186 E.00372
;WIDTH:0.449999
G1 X186.867 Y192.287 E.00403
G1 X189.302 Y194.722 E.11656
G1 E-2 F2400
M204 S8000
G1 X187.587 Y192.431 F24000
G1 E2 F2400
M204 S5000
G1 F9600
G1 X189.59 Y194.434 E.09588
G1 X211.754 Y172.27 E1.06098
G1 X208.937 Y169.453 E.13485
G1 X208.937 Y171.349 E.06418
G1 X208.851 Y171.736 E.01342
G1 X208.666 Y172.01 E.01119
G1 X188.664 Y192.012 E.95748
G1 X188.308 Y192.232 E.01417
G1 X187.999 Y192.287 E.01062
G1 X187.443 Y192.287 E.01882
M204 S8000
G1 X188.379 Y192.648 F24000
M204 S5000
G1 F9600
G1 X188.605 Y192.543 E.00844
G1 X188.952 Y192.3 E.01434
G1 X208.954 Y172.298 E.95748
G1 X209.229 Y171.895 E.01651
G1 X209.344 Y171.349 E.01889
G1 X209.344 Y170.436 E.0309
G1 X211.179 Y172.27 E.08782
G1 X189.59 Y193.859 E1.03345
G1 X188.523 Y192.792 E.05108
G1 X189.047 Y192.739 E.01783
G1 X189.24 Y192.587 E.00832
G1 X209.242 Y172.585 E.95748
G1 X209.531 Y172.184 E.01673
G1 X209.681 Y171.815 E.01348
G1 X209.746 Y171.413 E.01378
G1 X210.603 Y172.27 E.04102
G1 X189.59 Y193.283 E1.00588
G1 X189.191 Y192.883 E.01912
G1 X189.59 Y192.76 E.01413
;WIDTH:0.37539
G1 X209.503 Y172.847 E.77852
;WIDTH:0.419093
G1 X209.69 Y172.629 E.00898
;WIDTH:0.462796
G1 X209.876 Y172.412 E.00998
;WIDTH:0.509906
G1 X209.985 Y172.27 E.00695
G1 E-2 F2400
M204 S8000
G1 X212.042 Y171.982 F24000
G1 E2 F2400
M204 S5000
;WIDTH:0.449999
G1 F9600
G1 X208.937 Y168.877 E.14863
G1 X208.937 Y168.302 E.01946
G1 X212.33 Y171.694 E.1624
G1 X212.618 Y171.406 E.01379
G1 X208.937 Y167.726 E.17618
G1 X208.937 Y167.15 E.0195
G1 X212.906 Y171.119 E.18999
G1 X213.05 Y171.048 E.00543
;WIDTH:0.41646
G1 X213.195 Y170.977 E.00501
;WIDTH:0.38292
G1 X213.176 Y171.048 E.00208
G1 X213.247 Y171.029 E.00208
G1 X213.236 Y170.988 E.0012
;WIDTH:0.449999
G1 X213.063 Y170.7 E.01137
G1 X208.937 Y166.574 E.19751
G1 X208.937 Y165.999 E.01946
G1 X213.063 Y170.124 E.19749
G1 X213.063 Y169.548 E.0195
G1 X208.937 Y165.423 E.19749
G1 X208.937 Y164.847 E.0195
G1 X213.063 Y168.973 E.19751
G1 X213.063 Y168.397 E.0195
G1 X208.937 Y164.272 E.19749
G1 X208.937 Y163.696 E.0195
G1 X213.063 Y167.821 E.19749
G1 X213.063 Y167.246 E.01946
G1 X208.937 Y163.12 E.19751
G1 X208.937 Y162.545 E.01946
G1 X213.063 Y166.67 E.19749
G1 X213.063 Y166.094 E.0195
G1 X208.937 Y161.969 E.19749
G1 X208.937 Y161.393 E.0195
G1 X213.063 Y165.518 E.19749
G1 X213.063 Y164.943 E.01946
G1 X208.937 Y160.818 E.19749
G1 X208.937 Y160.242 E.0195
G1 X213.063 Y164.367 E.19749
G1 X213.063 Y163.791 E.0195
G1 X208.937 Y159.666 E.19749
G1 X208.937 Y159.09 E.0195
G1 X213.063 Y163.216 E.19751
G1 X213.063 Y162.64 E.0195
G1 X208.937 Y158.515 E.19749
G1 X208.937 Y157.939 E.0195
G1 X213.063 Y162.064 E.19749
G1 X213.063 Y161.489 E.01946
G1 X208.937 Y157.363 E.19751
G1 X208.937 Y156.788 E.01946
G1 X213.063 Y160.913 E.19749
G1 X213.063 Y160.337 E.0195
G1 X208.937 Y156.212 E.19749
G1 X208.937 Y155.636 E.0195
G1 X213.063 Y159.761 E.19749
G1 X213.063 Y159.186 E.01946
G1 X208.937 Y155.061 E.19749
G1 X208.937 Y154.485 E.0195
G1 X213.063 Y158.61 E.19749
G1 X213.063 Y158.034 E.0195
G1 X208.937 Y153.909 E.19749
G1 X208.937 Y153.333 E.0195
G1 X213.063 Y157.459 E.19751
G1 X213.063 Y156.883 E.0195
G1 X208.937 Y152.758 E.19749
G1 X208.937 Y152.182 E.0195
G1 X213.063 Y156.307 E.19749
G1 X213.063 Y155.732 E.01946
G1 X208.937 Y151.606 E.19751
G1 X208.937 Y151.031 E.01946
G1 X213.063 Y155.156 E.19749
G1 X213.063 Y154.58 E.0195
G1 X208.937 Y150.455 E.19749
G1 X208.937 Y149.879 E.0195
G1 X213.063 Y154.005 E.19751
G1 X213.063 Y153.429 E.0195
G1 X208.937 Y149.304 E.19749
G1 X208.937 Y148.728 E.0195
G1 X213.063 Y152.853 E.19749
G1 X213.063 Y152.277 E.0195
G1 X208.937 Y148.152 E.19749
G1 X208.937 Y147.576 E.0195
G1 X213.063 Y151.702 E.19751
G1 X213.063 Y151.126 E.0195
G1 X208.937 Y147.001 E.19749
G1 X208.937 Y146.425 E.0195
G1 X213.063 Y150.55 E.19749
G1 X213.063 Y149.975 E.01946
G1 X208.937 Y145.849 E.19751
G1 X208.937 Y145.274 E.01946
G1 X213.063 Y149.399 E.19749
G1 X213.063 Y148.823 E.0195
G1 X208.937 Y144.698 E.19749
G1 X208.937 Y144.122 E.0195
G1 X213.063 Y148.248 E.19751
G1 X213.063 Y147.672 E.0195
G1 X208.937 Y143.547 E.19749
G1 X208.937 Y142.971 E.0195
G1 X213.063 Y147.096 E.19749
G1 X213.063 Y146.52 E.0195
G1 X208.937 Y142.395 E.19749
G1 X208.937 Y141.82 E.01946
G1 X213.063 Y145.945 E.19749
G1 X213.063 Y145.369 E.0195
G1 X208.937 Y141.244 E.19749
G1 X208.937 Y140.668 E.0195
G1 X213.063 Y144.793 E.19749
G1 X213.063 Y144.218 E.01946
G1 X208.937 Y140.092 E.19751
G1 X208.937 Y139.517 E.01946
G1 X213.063 Y143.642 E.19749
G1 X213.063 Y143.066 E.0195
G1 X208.937 Y138.941 E.19749
G1 X208.937 Y138.365 E.0195
G1 X213.063 Y142.491 E.19751
G1 X213.063 Y141.915 E.0195
G1 X208.937 Y137.79 E.19749
G1 X208.937 Y137.214 E.0195
G1 X213.063 Y141.339 E.19749
G1 X213.063 Y140.763 E.0195
G1 X208.937 Y136.638 E.19749
G1 X208.937 Y136.063 E.01946
G1 X213.063 Y140.188 E.19749
G1 X213.063 Y139.612 E.0195
G1 X208.937 Y135.487 E.19749
G1 X208.937 Y134.911 E.0195
G1 X213.063 Y139.036 E.19749
G1 X213.063 Y138.461 E.01946
G1 X208.937 Y134.335 E.19751
G1 X208.937 Y133.76 E.01946
G1 X213.063 Y137.885 E.19749
G1 X213.063 Y137.309 E.0195
G1 X208.937 Y133.184 E.19749
G1 X208.937 Y132.608 E.0195
G1 X213.063 Y136.734 E.19751
G1 X213.063 Y136.158 E.0195
G1 X208.937 Y132.033 E.19749
G1 X208.937 Y131.457 E.0195
G1 X213.063 Y135.582 E.19749
G1 X213.063 Y135.007 E.01946
G1 X208.937 Y130.881 E.19751
G1 X208.937 Y130.306 E.01946
G1 X213.063 Y134.431 E.19749
G1 X213.063 Y133.855 E.0195
G1 X208.937 Y129.73 E.19749
G1 X208.937 Y129.154 E.0195
G1 X213.063 Y133.279 E.19749
G1 X213.063 Y132.704 E.01946
G1 X208.937 Y128.579 E.19749
G1 X208.937 Y128.003 E.0195
G1 X213.063 Y132.128 E.19749
G1 X213.063 Y131.552 E.0195
G1 X208.937 Y127.427 E.19749
G1 X208.937 Y126.851 E.0195
G1 X213.063 Y130.977 E.19751
G1 X213.063 Y130.401 E.0195
G1 X208.937 Y126.276 E.19749
G1 X208.937 Y125.7 E.0195
G1 X213.063 Y129.825 E.19749
G1 X213.063 Y129.25 E.01946
G1 X208.937 Y125.124 E.19751
G1 X208.937 Y124.549 E.01946
G1 X213.063 Y128.674 E.19749
G1 X213.063 Y128.098 E.0195
G1 X208.937 Y123.973 E.19749
G1 X208.937 Y123.397 E.0195
G1 X213.063 Y127.522 E.19749
G1 X213.063 Y126.947 E.01946
G1 X208.937 Y122.822 E.19749
G1 X208.937 Y122.246 E.0195
G1 X213.063 Y126.371 E.19749
G1 X213.063 Y125.795 E.0195
G1 X208.937 Y121.67 E.19749
G1 X208.937 Y121.094 E.0195
G1 X213.063 Y125.22 E.19751
G1 X213.063 Y124.644 E.0195
G1 X208.937 Y120.519 E.19749
G1 X208.937 Y119.943 E.0195
G1 X213.063 Y124.068 E.19749
G1 X213.063 Y123.493 E.01946
G1 X208.937 Y119.367 E.19751
G1 X208.937 Y118.792 E.01946
G1 X213.063 Y122.917 E.19749
G1 X213.063 Y122.341 E.0195
G1 X208.937 Y118.216 E.19749
G1 X208.937 Y117.64 E.0195
G1 X213.063 Y121.765 E.19749
G1 X213.063 Y121.19 E.01946
G1 X208.937 Y117.065 E.19749
G1 X208.937 Y116.489 E.0195
G1 X213.063 Y120.614 E.19749
G1 X213.063 Y120.038 E.0195
G1 X208.937 Y115.913 E.19749
G1 X208.937 Y115.337 E.0195
G1 X213.063 Y119.463 E.19751
G1 X213.063 Y118.887 E.0195
G1 X208.937 Y114.762 E.19749
G1 X208.937 Y114.186 E.0195
G1 X213.063 Y118.311 E.19749
G1 X213.063 Y117.736 E.01946
G1 X208.937 Y113.61 E.19751
G1 X208.937 Y113.035 E.01946
G1 X213.063 Y117.16 E.19749
G1 X213.063 Y116.584 E.0195
G1 X208.937 Y112.459 E.19749
G1 X208.937 Y111.883 E.0195
G1 X213.063 Y116.009 E.19751
G1 X213.063 Y115.433 E.0195
G1 X208.937 Y111.308 E.19749
G1 X208.937 Y110.732 E.0195
G1 X213.063 Y114.857 E.19749
G1 X213.063 Y114.281 E.0195
G1 X208.937 Y110.156 E.19749
G1 X208.937 Y109.581 E.01946
G1 X213.063 Y113.706 E.19749
G1 X213.063 Y113.13 E.0195
G1 X208.937 Y109.005 E.19749
G1 X208.937 Y108.429 E.0195
G1 X213.063 Y112.554 E.19749
G1 X213.063 Y111.979 E.01946
G1 X208.937 Y107.853 E.19751
G1 X208.937 Y107.278 E.01946
G1 X213.063 Y111.403 E.19749
G1 X213.063 Y110.827 E.0195
G1 X208.937 Y106.702 E.19749
G1 X208.937 Y106.126 E.0195
G1 X213.063 Y110.252 E.19751
G1 X213.063 Y109.676 E.0195
G1 X208.937 Y105.551 E.19749
G1 X208.937 Y104.975 E.0195
G1 X213.063 Y109.1 E.19749
G1 X213.063 Y108.524 E.0195
G1 X208.937 Y104.399 E.19749
G1 X208.937 Y103.824 E.01946
G1 X213.063 Y107.949 E.19749
G1 X213.063 Y107.373 E.0195
G1 X208.937 Y103.248 E.19749
G1 X208.937 Y102.672 E.0195
G1 X213.063 Y106.797 E.19749
G1 X213.063 Y106.222 E.01946
G1 X208.937 Y102.096 E.19751
G1 X208.937 Y101.521 E.01946
G1 X213.063 Y105.646 E.19749
G1 X213.063 Y105.07 E.0195
G1 X208.937 Y100.945 E.19749
G1 X208.937 Y100.369 E.0195
G1 X213.063 Y104.495 E.19751
G1 X213.063 Y103.919 E.0195
G1 X208.937 Y99.794 E.19749
G1 X208.937 Y99.218 E.0195
G1 X213.063 Y103.343 E.19749
G1 X213.063 Y102.768 E.01946
G1 X208.937 Y98.642 E.19751
G1 X208.937 Y98.067 E.01946
G1 X213.063 Y102.192 E.19749
G1 X213.063 Y101.616 E.0195
G1 X208.937 Y97.491 E.19749
G1 X208.937 Y96.915 E.0195
G1 X213.063 Y101.04 E.19749
G1 X213.063 Y100.465 E.01946
G1 X208.937 Y96.339 E.19751
G1 X208.937 Y95.764 E.01946
G1 X213.063 Y99.889 E.19749
G1 X213.063 Y99.313 E.0195
G1 X208.937 Y95.188 E.19749
G1 X208.937 Y94.612 E.0195
G1 X213.063 Y98.738 E.19751
G1 X213.063 Y98.162 E.0195
G1 X208.937 Y94.037 E.19749
G1 X208.937 Y93.461 E.0195
G1 X213.063 Y97.586 E.19749
G1 X213.063 Y97.011 E.01946
G1 X208.937 Y92.885 E.19751
G1 X208.937 Y92.31 E.01946
G1 X213.063 Y96.435 E.19749
G1 X213.063 Y95.859 E.0195
G1 X208.937 Y91.734 E.19749
G1 X208.937 Y91.158 E.0195
G1 X213.063 Y95.283 E.19749
G1 X213.063 Y94.708 E.01946
G1 X208.937 Y90.583 E.19749
G1 X208.937 Y90.007 E.0195
G1 X213.063 Y94.132 E.19749
G1 X213.063 Y93.556 E.0195
G1 X208.937 Y89.431 E.19749
G1 X208.937 Y88.855 E.0195
G1 X213.063 Y92.981 E.19751
G1 X213.063 Y92.405 E.0195
G1 X208.937 Y88.28 E.19749
G1 X208.937 Y87.704 E.0195
G1 X213.063 Y91.829 E.19749
G1 X213.063 Y91.254 E.01946
G1 X208.937 Y87.128 E.19751
G1 X208.937 Y86.553 E.01946
G1 X213.063 Y90.678 E.19749
G1 X213.063 Y90.102 E.0195
G1 X208.937 Y85.977 E.19749
G1 X208.937 Y85.401 E.0195
G1 X213.063 Y89.526 E.19749
G1 X213.063 Y88.951 E.01946
G1 X208.937 Y84.826 E.19749
G1 X208.937 Y84.25 E.0195
G1 X213.063 Y88.375 E.19749
G1 X213.063 Y87.799 E.0195
G1 X208.937 Y83.674 E.19749
G1 X208.937 Y83.098 E.0195
G1 X213.063 Y87.224 E.19751
G1 X213.063 Y86.648 E.0195
G1 X208.937 Y82.523 E.19749
G1 X208.937 Y81.947 E.0195
G1 X213.063 Y86.072 E.19749
G1 X213.063 Y85.497 E.01946
G1 X208.937 Y81.371 E.19751
G1 X208.937 Y80.796 E.01946
G1 X213.063 Y84.921 E.19749
G1 X213.063 Y84.345 E.0195
G1 X208.937 Y80.22 E.19749
G1 X208.937 Y79.644 E.0195
G1 X213.063 Y83.77 E.19751
G1 X213.063 Y83.194 E.0195
G1 X208.937 Y79.069 E.19749
G1 X208.937 Y78.493 E.0195
G1 X213.063 Y82.618 E.19749
G1 X213.063 Y82.042 E.0195
G1 X208.937 Y77.917 E.19749
G1 X208.937 Y77.342 E.01946
G1 X213.063 Y81.467 E.19749
G1 X213.063 Y80.891 E.0195
G1 X208.937 Y76.766 E.19749
G1 X208.937 Y76.19 E.0195
G1 X213.063 Y80.315 E.19749
G1 X213.063 Y79.74 E.01946
G1 X208.937 Y75.614 E.19751
G1 X208.937 Y75.039 E.01946
G1 X213.063 Y79.164 E.19749
G1 X213.063 Y78.588 E.0195
G1 X208.937 Y74.463 E.19749
G1 X208.937 Y73.887 E.0195
G1 X213.063 Y78.013 E.19751
G1 X213.063 Y77.437 E.0195
G1 X208.937 Y73.312 E.19749
G1 X208.937 Y72.736 E.0195
G1 X213.063 Y76.861 E.19749
G1 X213.063 Y76.285 E.0195
G1 X208.937 Y72.16 E.19749
G1 X208.937 Y71.585 E.01946
G1 X213.063 Y75.71 E.19749
G1 X213.063 Y75.134 E.0195
G1 X208.937 Y71.009 E.19749
G1 X208.937 Y70.433 E.0195
G1 X213.063 Y74.558 E.19749
G1 X213.063 Y73.983 E.01946
G1 X208.937 Y69.857 E.19751
G1 X208.937 Y69.282 E.01946
G1 X213.063 Y73.407 E.19749
G1 X213.063 Y72.831 E.0195
G1 X208.937 Y68.706 E.19749
G1 X208.937 Y68.13 E.0195
G1 X213.063 Y72.256 E.19751
G1 X213.063 Y71.68 E.0195
G1 X208.937 Y67.555 E.19749
G1 X208.937 Y66.979 E.0195
G1 X213.063 Y71.104 E.19749
G1 X213.063 Y70.528 E.0195
G1 X208.937 Y66.403 E.19749
G1 X208.937 Y65.828 E.01946
G1 X213.063 Y69.953 E.19749
G1 X213.063 Y69.377 E.0195
G1 X208.937 Y65.252 E.19749
G1 X208.937 Y64.676 E.0195
G1 X213.063 Y68.801 E.19749
G1 X213.063 Y68.226 E.01946
G1 X208.937 Y64.1 E.19751
G1 X208.937 Y63.525 E.01946
G1 X213.063 Y67.65 E.19749
G1 X213.063 Y67.074 E.0195
G1 X208.937 Y62.949 E.19749
G1 X208.937 Y62.373 E.0195
G1 X213.063 Y66.499 E.19751
G1 X213.063 Y65.923 E.0195
G1 X208.937 Y61.798 E.19749
G1 X208.937 Y61.222 E.0195
G1 X213.063 Y65.347 E.19749
G1 X213.063 Y64.772 E.01946
G1 X208.937 Y60.646 E.19751
G1 X208.937 Y60.071 E.01946
G1 X213.063 Y64.196 E.19749
G1 X213.063 Y63.62 E.0195
G1 X208.937 Y59.495 E.19749
G1 X208.937 Y58.919 E.0195
G1 X213.063 Y63.044 E.19749
G1 X213.063 Y62.469 E.01946
G1 X208.937 Y58.344 E.19749
G1 X208.937 Y57.768 E.0195
G1 X213.063 Y61.893 E.19749
G1 X213.063 Y61.317 E.0195
G1 X208.937 Y57.192 E.19749
G1 X208.937 Y56.616 E.0195
G1 X213.063 Y60.742 E.19751
G1 X213.063 Y60.166 E.0195
G1 X208.937 Y56.041 E.19749
G1 X208.937 Y55.465 E.0195
G1 X213.063 Y59.59 E.19749
G1 X213.063 Y59.015 E.01946
G1 X208.937 Y54.889 E.19751
G1 X208.937 Y54.314 E.01946
G1 X213.063 Y58.439 E.19749
G1 X213.063 Y57.863 E.0195
G1 X208.937 Y53.738 E.19749
G1 X208.937 Y53.162 E.0195
G1 X213.063 Y57.287 E.19749
G1 X213.063 Y56.712 E.01946
G1 X208.937 Y52.587 E.19749
G1 X208.937 Y52.011 E.0195
G1 X213.063 Y56.136 E.19749
M204 S8000
G1 X213.212 Y55.242 F24000
M204 S5000
;WIDTH:0.38292
G1 F9600
G1 X213.223 Y55.284 E.00123
G1 X213.152 Y55.303 E.00208
G1 X213.171 Y55.231 E.00211
;WIDTH:0.41646
G1 X213.117 Y55.396 E.00539
;WIDTH:0.449999
G1 X213.063 Y55.56 E.00584
G1 X208.937 Y51.435 E.19749
G1 E-2 F2400
M204 S8000
G1 X213.063 Y54.985 F24000
G1 E2 F2400
M204 S5000
G1 F9600
G1 X184.365 Y26.287 E1.37376
G1 X184.941 Y26.287 E.0195
G1 X213.063 Y54.409 E1.34618
G1 X213.063 Y53.833 E.0195
G1 X185.517 Y26.287 E1.31861
G1 X186.092 Y26.287 E.01946
G1 X213.063 Y53.258 E1.29108
G1 X213.063 Y52.682 E.0195
G1 X186.668 Y26.287 E1.26351
G1 E-2 F2400
M204 S8000
G1 X213.136 Y51.708 F24000
G1 E2 F2400
M204 S5000
;WIDTH:0.38292
G1 F9600
G1 X187.642 Y26.214 E1.01929
;WIDTH:0.41646
G1 X187.443 Y26.251 E.00629
;WIDTH:0.449999
G1 X187.244 Y26.287 E.00685
G1 X213.063 Y52.106 E1.23594
G1 X213.144 Y52.164 E.00337
;WIDTH:0.41646
G1 X213.225 Y52.221 E.00308
;WIDTH:0.38292
G1 X213.206 Y52.293 E.00211
G1 X213.277 Y52.273 E.00209
G1 X213.266 Y52.232 E.0012
G1 E-2 F2400
M204 S8000
G1 X36.13 Y196.413 F24000
G1 E2 F2400
M204 S5000
;WIDTH:0.449999
G1 F9600
G1 X32.005 Y192.287 E.19749
G1 X31.861 Y192.213 E.00548
;WIDTH:0.41646
G1 X31.717 Y192.138 E.00504
;WIDTH:0.38292
G1 X31.439 Y191.918 E.01002
G1 X11.437 Y171.916 E.79971
G1 X11.212 Y171.633 E.01022
G1 E-2 F2400
M204 S8000
G1 X32.581 Y192.287 F24000
G1 E2 F2400
M204 S5000
;WIDTH:0.449999
G1 F9600
G1 X36.706 Y196.413 E.19749
G1 X37.282 Y196.413 E.0195
G1 X33.156 Y192.287 E.19751
G1 X33.732 Y192.287 E.0195
G1 X37.857 Y196.413 E.19749
G1 X38.433 Y196.413 E.0195
G1 X34.308 Y192.287 E.19749
G1 X34.884 Y192.287 E.0195
G1 X39.009 Y196.413 E.19749
G1 X39.584 Y196.413 E.01946
G1 X35.459 Y192.287 E.19749
G1 X36.035 Y192.287 E.0195
G1 X40.16 Y196.413 E.19749
G1 X40.736 Y196.413 E.0195
G1 X36.611 Y192.287 E.19749
G1 X37.186 Y192.287 E.01946
G1 X41.312 Y196.413 E.19751
G1 X41.887 Y196.413 E.01946
G1 X37.762 Y192.287 E.19749
G1 X38.338 Y192.287 E.0195
G1 X42.463 Y196.413 E.19749
G1 X43.039 Y196.413 E.0195
G1 X38.913 Y192.287 E.19751
G1 X39.489 Y192.287 E.0195
G1 X43.614 Y196.413 E.19749
G1 X44.19 Y196.413 E.0195
G1 X40.065 Y192.287 E.19749
G1 X40.641 Y192.287 E.0195
G1 X44.766 Y196.413 E.19749
G1 X45.341 Y196.413 E.01946
G1 X41.216 Y192.287 E.19749
G1 X41.792 Y192.287 E.0195
G1 X45.917 Y196.413 E.19749
G1 X46.493 Y196.413 E.0195
G1 X42.368 Y192.287 E.19749
G1 X42.943 Y192.287 E.01946
G1 X47.069 Y196.413 E.19751
G1 X47.644 Y196.413 E.01946
G1 X43.519 Y192.287 E.19749
G1 X44.095 Y192.287 E.0195
G1 X48.22 Y196.413 E.19749
G1 X48.796 Y196.413 E.0195
G1 X44.67 Y192.287 E.19751
G1 X45.246 Y192.287 E.0195
G1 X49.371 Y196.413 E.19749
G1 X49.947 Y196.413 E.0195
G1 X45.822 Y192.287 E.19749
G1 X46.398 Y192.287 E.0195
G1 X50.523 Y196.413 E.19749
G1 X51.063 Y196.377 E.01832
G1 X46.973 Y192.287 E.19579
G1 X47.549 Y192.287 E.0195
G1 X51.063 Y195.801 E.16821
G1 X51.063 Y195.225 E.0195
G1 X48.125 Y192.287 E.14064
G1 X48.7 Y192.287 E.01946
G1 X51.063 Y194.65 E.11312
G1 X51.063 Y194.074 E.0195
G1 X49.276 Y192.287 E.08554
G1 X50.034 Y192.363 E.02579
;WIDTH:0.601129
G1 X50.987 Y192.363 E.04423
G1 X50.987 Y193.316 E.04423
G1 X50.178 Y192.507 E.0531
G1 E-2 F2400
M204 S8000
G1 X164.428 Y201.413 F24000
G1 E2 F2400
M204 S5000
;TYPE:Internal infill
;WIDTH:0.45
G1 F13200
G1 X166.871 Y201.413 E.08269
G1 X163.746 Y198.287 E.14962
G1 X166.188 Y198.287 E.08266
;LAYER_CHANGE
;Z:2
;HEIGHT:0.2
G1 E-2 F2400
G1 Z2 F24000
M204 S8000
G1 X169.811 Y190.995
G1 E2 F2400
M204 S5000
;TYPE:Support material interface
;WIDTH:0.4
G1 F4800
G1 X169.811 Y189.998 E.0296
G1 X169.454 Y189.998 E.0106
G1 X169.454 Y190.834 E.02482
G1 X169.097 Y190.834 E.0106
G1 X169.097 Y189.998 E.02482
G1 X168.739 Y189.998 E.01063
G1 X168.739 Y190.834 E.02482
G1 X168.382 Y190.834 E.0106
G1 X168.382 Y189.998 E.02482
G1 X168.025 Y189.998 E.0106
G1 X168.025 Y190.834 E.02482
G1 X167.668 Y190.834 E.0106
G1 X167.668 Y189.998 E.02482
G1 X167.311 Y189.998 E.0106
G1 X167.311 Y190.834 E.02482
G1 X166.954 Y190.834 E.0106
G1 X166.954 Y189.998 E.02482
G1 X166.597 Y189.998 E.0106
G1 X166.597 Y190.834 E.02482
G1 X166.24 Y190.834 E.0106
G1 X166.24 Y189.998 E.02482
G1 X165.883 Y189.998 E.0106
G1 X165.883 Y190.834 E.02482
G1 X165.526 Y190.834 E.0106
G1 X165.526 Y189.998 E.02482
G1 X165.169 Y189.998 E.0106
G1 X165.169 Y190.834 E.02482
G1 X164.812 Y190.834 E.0106
G1 X164.812 Y189.998 E.02482
G1 X164.454 Y189.998 E.01063
G1 X164.454 Y190.834 E.02482
G1 X164.097 Y190.834 E.0106
G1 X164.097 Y189.998 E.02482
G1 X163.74 Y189.998 E.0106
G1 X163.74 Y190.834 E.02482
G1 X163.383 Y190.834 E.0106
G1 X163.383 Y189.998 E.02482
G1 X163.026 Y189.998 E.0106
G1 X163.026 Y190.834 E.02482
G1 X162.669 Y190.834 E.0106
G1 X162.669 Y189.998 E.02482
G1 X162.312 Y189.998 E.0106
G1 X162.312 Y190.834 E.02482
G1 X161.955 Y190.834 E.0106
G1 X161.955 Y189.998 E.02482
G1 X161.598 Y189.998 E.0106
G1 X161.598 Y190.834 E.02482
G1 X161.241 Y190.834 E.0106
G1 X161.241 Y189.998 E.02482
G1 X160.884 Y189.998 E.0106
G1 X160.884 Y190.834 E.02482
G1 X160.527 Y190.834 E.0106
G1 X160.527 Y189.998 E.02482
G1 X160.17 Y189.998 E.0106
G1 X160.17 Y190.834 E.02482
G1 X159.812 Y190.834 E.01063
G1 X159.812 Y189.998 E.02482
G1 X159.455 Y189.998 E.0106
G1 X159.455 Y190.834 E.02482
G1 X159.098 Y190.834 E.0106
G1 X159.098 Y189.998 E.02482
G1 X158.741 Y189.998 E.0106
G1 X158.741 Y190.834 E.02482
G1 X158.384 Y190.834 E.0106
G1 X158.384 Y189.998 E.02482
G1 X158.027 Y189.998 E.0106
G1 X158.027 Y190.834 E.02482
G1 X157.67 Y190.834 E.0106
G1 X157.67 Y189.998 E.02482
G1 X157.313 Y189.998 E.0106
G1 X157.313 Y190.834 E.02482
G1 X156.956 Y190.834 E.0106
G1 X156.956 Y189.998 E.02482
G1 X156.599 Y189.998 E.0106
G1 X156.599 Y190.834 E.02482
G1 X156.242 Y190.834 E.0106
G1 X156.242 Y189.998 E.02482
G1 X155.885 Y189.998 E.0106
G1 X155.885 Y190.834 E.02482
G1 X155.528 Y190.834 E.0106
G1 X155.528 Y189.998 E.02482
G1 X155.17 Y189.998 E.01063
G1 X155.17 Y190.834 E.02482
G1 X154.813 Y190.834 E.0106
G1 X154.813 Y189.998 E.02482
G1 X154.456 Y189.998 E.0106
G1 X154.456 Y190.834 E.02482
G1 X154.099 Y190.834 E.0106
G1 X154.099 Y189.998 E.02482
G1 X153.742 Y189.998 E.0106
G1 X153.742 Y190.834 E.02482
G1 X153.385 Y190.834 E.0106
G1 X153.385 Y189.998 E.02482
G1 X153.028 Y189.998 E.0106
G1 X153.028 Y190.834 E.02482
G1 X152.671 Y190.834 E.0106
G1 X152.671 Y189.998 E.02482
G1 X152.314 Y189.998 E.0106
G1 X152.314 Y190.834 E.02482
G1 X151.957 Y190.834 E.0106
G1 X151.957 Y189.998 E.02482
G1 X151.6 Y189.998 E.0106
G1 X151.6 Y190.834 E.02482
G1 X151.243 Y190.834 E.0106
G1 X151.243 Y189.998 E.02482
G1 X150.885 Y189.998 E.01063
G1 X150.885 Y190.834 E.02482
G1 X150.528 Y190.834 E.0106
G1 X150.528 Y189.998 E.02482
G1 X150.171 Y189.998 E.0106
G1 X150.171 Y190.834 E.02482
G1 X149.814 Y190.834 E.0106
G1 X149.814 Y189.998 E.02482
G1 X149.457 Y189.998 E.0106
G1 X149.457 Y190.834 E.02482
G1 X149.1 Y190.834 E.0106
G1 X149.1 Y189.998 E.02482
G1 X148.743 Y189.998 E.0106
G1 X148.743 Y190.834 E.02482
G1 X148.386 Y190.834 E.0106
G1 X148.386 Y189.998 E.02482
G1 X148.029 Y189.998 E.0106
G1 X148.029 Y190.834 E.02482
G1 X147.672 Y190.834 E.0106
G1 X147.672 Y189.998 E.02482
G1 X147.315 Y189.998 E.0106
G1 X147.315 Y190.834 E.02482
G1 X146.958 Y190.834 E.0106
G1 X146.958 Y189.998 E.02482
G1 X146.601 Y189.998 E.0106
G1 X146.601 Y190.834 E.02482
G1 X146.243 Y190.834 E.01063
G1 X146.243 Y189.998 E.02482
G1 X145.886 Y189.998 E.0106
G1 X145.886 Y190.834 E.02482
G1 X145.529 Y190.834 E.0106
G1 X145.529 Y189.998 E.02482
G1 X145.172 Y189.998 E.0106
G1 X145.172 Y190.834 E.02482
G1 X144.815 Y190.834 E.0106
G1 X144.815 Y189.998 E.02482
G1 X144.458 Y189.998 E.0106
G1 X144.458 Y190.834 E.02482
G1 X144.101 Y190.834 E.0106
G1 X144.101 Y189.998 E.02482
G1 X143.744 Y189.998 E.0106
G1 X143.744 Y190.834 E.02482
G1 X143.387 Y190.834 E.0106
G1 X143.387 Y189.998 E.02482
G1 X143.03 Y189.998 E.0106
G1 X143.03 Y190.834 E.02482
G1 X142.673 Y190.834 E.0106
G1 X142.673 Y189.998 E.02482
G1 X142.316 Y189.998 E.0106
G1 X142.316 Y190.834 E.02482
G1 X141.959 Y190.834 E.0106
G1 X141.959 Y189.998 E.02482
G1 X141.601 Y189.998 E.01063
G1 X141.601 Y190.834 E.02482
G1 X141.244 Y190.834 E.0106
G1 X141.244 Y189.998 E.02482
G1 X140.887 Y189.998 E.0106
G1 X140.887 Y190.834 E.02482
G1 X140.53 Y190.834 E.0106
G1 X140.53 Y189.998 E.02482
G1 X140.173 Y189.998 E.0106
G1 X140.173 Y190.834 E.02482
G1 X139.816 Y190.834 E.0106
G1 X139.816 Y189.998 E.02482
G1 X139.459 Y189.998 E.0106
G1 X139.459 Y190.834 E.02482
G1 X139.102 Y190.834 E.0106
G1 X139.102 Y189.998 E.02482
G1 X138.745 Y189.998 E.0106
G1 X138.745 Y190.834 E.02482
G1 X138.388 Y190.834 E.0106
G1 X138.388 Y189.998 E.02482
G1 X138.031 Y189.998 E.0106
G1 X138.031 Y190.834 E.02482
G1 X137.674 Y190.834 E.0106
G1 X137.674 Y189.998 E.02482
G1 X137.316 Y189.998 E.01063
G1 X137.316 Y190.834 E.02482
G1 X136.959 Y190.834 E.0106
G1 X136.959 Y189.998 E.02482
G1 X136.602 Y189.998 E.0106
G1 X136.602 Y190.834 E.02482
G1 X136.245 Y190.834 E.0106
G1 X136.245 Y189.998 E.02482
G1 X135.888 Y189.998 E.0106
G1 X135.888 Y190.834 E.02482
G1 X135.531 Y190.834 E.0106
G1 X135.531 Y189.998 E.02482
G1 X135.174 Y189.998 E.0106
G1 X135.174 Y190.834 E.02482
G1 X134.817 Y190.834 E.0106
G1 X134.817 Y189.998 E.02482
G1 X134.46 Y189.998 E.0106
G1 X134.46 Y190.834 E.02482
G1 X134.103 Y190.834 E.0106
G1 X134.103 Y189.998 E.02482
G1 X133.746 Y189.998 E.0106
G1 X133.746 Y190.834 E.02482
G1 X133.389 Y190.834 E.0106
G1 X133.389 Y189.998 E.02482
G1 X133.032 Y189.998 E.0106
G1 X133.032 Y190.834 E.02482
G1 X132.674 Y190.834 E.01063
G1 X132.674 Y189.998 E.02482
G1 X132.317 Y189.998 E.0106
G1 X132.317 Y190.834 E.02482
G1 X131.96 Y190.834 E.0106
G1 X131.96 Y189.998 E.02482
G1 X131.603 Y189.998 E.0106
G1 X131.603 Y190.834 E.02482
G1 X131.246 Y190.834 E.0106
G1 X131.246 Y189.998 E.02482
G1 X130.889 Y189.998 E.0106
G1 X130.889 Y190.834 E.02482
G1 X130.532 Y190.834 E.0106
G1 X130.532 Y189.998 E.02482
G1 X130.175 Y189.998 E.0106
G1 X130.175 Y190.834 E.02482
G1 X129.818 Y190.834 E.0106
G1 X129.818 Y189.998 E.02482
G1 X129.461 Y189.998 E.0106
G1 X129.461 Y190.834 E.02482
G1 X129.104 Y190.834 E.0106
G1 X129.104 Y189.998 E.02482
G1 X128.747 Y189.998 E.0106
G1 X128.747 Y190.834 E.02482
G1 X128.39 Y190.834 E.0106
G1 X128.39 Y189.998 E.02482
G1 X128.032 Y189.998 E.01063
G1 X128.032 Y190.834 E.02482
G1 X127.675 Y190.834 E.0106
G1 X127.675 Y189.998 E.02482
G1 X127.318 Y189.998 E.0106
G1 X127.318 Y190.834 E.02482
G1 X126.961 Y190.834 E.0106
G1 X126.961 Y189.998 E.02482
G1 X126.604 Y189.998 E.0106
G1 X126.604 Y190.834 E.02482
G1 X126.247 Y190.834 E.0106
G1 X126.247 Y189.998 E.02482
G1 X125.89 Y189.998 E.0106
G1 X125.89 Y190.834 E.02482
G1 X125.533 Y190.834 E.0106
G1 X125.533 Y189.998 E.02482
G1 X125.176 Y189.998 E.0106
G1 X125.176 Y190.834 E.02482
G1 X124.819 Y190.834 E.0106
G1 X124.819 Y189.998 E.02482
G1 X124.462 Y189.998 E.0106
G1 X124.462 Y190.834 E.02482
G1 X124.105 Y190.834 E.0106
G1 X124.105 Y189.998 E.02482
G1 X123.747 Y189.998 E.01063
G1 X123.747 Y190.834 E.02482
G1 X123.39 Y190.834 E.0106
G1 X123.39 Y189.998 E.02482
G1 X123.033 Y189.998 E.0106
G1 X123.033 Y190.834 E.02482
G1 X122.676 Y190.834 E.0106
G1 X122.676 Y189.998 E.02482
G1 X122.319 Y189.998 E.0106
G1 X122.319 Y190.834 E.02482
G1 X121.962 Y190.834 E.0106
G1 X121.962 Y189.998 E.02482
G1 X121.605 Y189.998 E.0106
G1 X121.605 Y190.834 E.02482
G1 X121.248 Y190.834 E.0106
G1 X121.248 Y189.998 E.02482
G1 X120.891 Y189.998 E.0106
G1 X120.891 Y190.834 E.02482
G1 X120.534 Y190.834 E.0106
G1 X120.534 Y189.998 E.02482
G1 X120.177 Y189.998 E.0106
G1 X120.177 Y190.834 E.02482
G1 X119.82 Y190.834 E.0106
G1 X119.82 Y189.998 E.02482
G1 X119.463 Y189.998 E.0106
G1 X119.463 Y190.834 E.02482
G1 X119.105 Y190.834 E.01063
G1 X119.105 Y189.998 E.02482
G1 X118.748 Y189.998 E.0106
G1 X118.748 Y190.834 E.02482
G1 X118.391 Y190.834 E.0106
G1 X118.391 Y189.998 E.02482
G1 X118.034 Y189.998 E.0106
G1 X118.034 Y190.834 E.02482
G1 X117.677 Y190.834 E.0106
G1 X117.677 Y189.998 E.02482
G1 X117.32 Y189.998 E.0106
G1 X117.32 Y190.834 E.02482
G1 X116.963 Y190.834 E.0106
G1 X116.963 Y189.998 E.02482
G1 X116.606 Y189.998 E.0106
G1 X116.606 Y190.834 E.02482
G1 X116.249 Y190.834 E.0106
G1 X116.249 Y189.998 E.02482
G1 X115.892 Y189.998 E.0106
G1 X115.892 Y190.834 E.02482
G1 X115.535 Y190.834 E.0106
G1 X115.535 Y189.998 E.02482
G1 X115.178 Y189.998 E.0106
G1 X115.178 Y190.834 E.02482
G1 X114.821 Y190.834 E.0106
G1 X114.821 Y189.998 E.02482
G1 X114.463 Y189.998 E.01063
G1 X114.463 Y190.834 E.02482
G1 X114.106 Y190.834 E.0106
G1 X114.106 Y189.998 E.02482
G1 X113.749 Y189.998 E.0106
G1 X113.749 Y190.834 E.02482
G1 X113.392 Y190.834 E.0106
G1 X113.392 Y189.998 E.02482
G1 X113.035 Y189.998 E.0106
G1 X113.035 Y190.834 E.02482
G1 X112.678 Y190.834 E.0106
G1 X112.678 Y189.998 E.02482
G1 X112.321 Y189.998 E.0106
G1 X112.321 Y190.834 E.02482
G1 X111.964 Y190.834 E.0106
G1 X111.964 Y189.998 E.02482
G1 X111.607 Y189.998 E.0106
G1 X111.607 Y190.834 E.02482
G1 X111.25 Y190.834 E.0106
G1 X111.25 Y189.998 E.02482
G1 X110.893 Y189.998 E.0106
G1 X110.893 Y190.834 E.02482
G1 X110.536 Y190.834 E.0106
G1 X110.536 Y189.998 E.02482
G1 X110.178 Y189.998 E.01063
G1 X110.178 Y190.834 E.02482
G1 X109.821 Y190.834 E.0106
G1 X109.821 Y189.998 E.02482
G1 X109.464 Y189.998 E.0106
G1 X109.464 Y190.834 E.02482
G1 X109.107 Y190.834 E.0106
G1 X109.107 Y189.998 E.02482
G1 X108.75 Y189.998 E.0106
G1 X108.75 Y190.834 E.02482
G1 X108.393 Y190.834 E.0106
G1 X108.393 Y189.998 E.02482
G1 X108.036 Y189.998 E.0106
G1 X108.036 Y190.834 E.02482
G1 X107.679 Y190.834 E.0106
G1 X107.679 Y189.998 E.02482
G1 X107.322 Y189.998 E.0106
G1 X107.322 Y190.834 E.02482
G1 X106.965 Y190.834 E.0106
G1 X106.965 Y189.998 E.02482
G1 X106.608 Y189.998 E.0106
G1 X106.608 Y190.834 E.02482
G1 X106.251 Y190.834 E.0106
G1 X106.251 Y189.998 E.02482
G1 X105.894 Y189.998 E.0106
G1 X105.894 Y190.834 E.02482
G1 X105.536 Y190.834 E.01063
G1 X105.536 Y189.998 E.02482
G1 X105.179 Y189.998 E.0106
G1 X105.179 Y190.834 E.02482
G1 X104.822 Y190.834 E.0106
G1 X104.822 Y189.998 E.02482
G1 X104.465 Y189.998 E.0106
G1 X104.465 Y190.834 E.02482
G1 X104.108 Y190.834 E.0106
G1 X104.108 Y189.998 E.02482
G1 X103.751 Y189.998 E.0106
G1 X103.751 Y190.834 E.02482
G1 X103.394 Y190.834 E.0106
G1 X103.394 Y189.998 E.02482
G1 X103.037 Y189.998 E.0106
G1 X103.037 Y190.834 E.02482
G1 X102.68 Y190.834 E.0106
G1 X102.68 Y189.998 E.02482
G1 X102.323 Y189.998 E.0106
G1 X102.323 Y190.834 E.02482
G1 X101.966 Y190.834 E.0106
G1 X101.966 Y189.998 E.02482
G1 X101.609 Y189.998 E.0106
G1 X101.609 Y190.834 E.02482
G1 X101.252 Y190.834 E.0106
G1 X101.252 Y189.998 E.02482
G1 X100.894 Y189.998 E.01063
G1 X100.894 Y190.834 E.02482
G1 X100.537 Y190.834 E.0106
G1 X100.537 Y189.998 E.02482
G1 X100.18 Y189.998 E.0106
G1 X100.18 Y190.834 E.02482
G1 X99.823 Y190.834 E.0106
G1 X99.823 Y189.998 E.02482
G1 X99.466 Y189.998 E.0106
G1 X99.466 Y190.834 E.02482
G1 X99.109 Y190.834 E.0106
G1 X99.109 Y189.998 E.02482
G1 X98.752 Y189.998 E.0106
G1 X98.752 Y190.834 E.02482
G1 X98.395 Y190.834 E.0106
G1 X98.395 Y189.998 E.02482
G1 X98.038 Y189.998 E.0106
G1 X98.038 Y190.834 E.02482
G1 X97.681 Y190.834 E.0106
G1 X97.681 Y189.998 E.02482
G1 X97.324 Y189.998 E.0106
G1 X97.324 Y190.834 E.02482
G1 X96.967 Y190.834 E.0106
G1 X96.967 Y189.998 E.02482
G1 X96.609 Y189.998 E.01063
G1 X96.609 Y190.834 E.02482
G1 X96.252 Y190.834 E.0106
G1 X96.252 Y189.998 E.02482
G1 X95.895 Y189.998 E.0106
G1 X95.895 Y190.834 E.02482
G1 X95.538 Y190.834 E.0106
G1 X95.538 Y189.998 E.02482
G1 X95.181 Y189.998 E.0106
G1 X95.181 Y190.834 E.02482
G1 X94.824 Y190.834 E.0106
G1 X94.824 Y189.998 E.02482
G1 X94.467 Y189.998 E.0106
G1 X94.467 Y190.834 E.02482
G1 X94.11 Y190.834 E.0106
G1 X94.11 Y189.998 E.02482
G1 X93.753 Y189.998 E.0106
G1 X93.753 Y190.834 E.02482
G1 X93.396 Y190.834 E.0106
G1 X93.396 Y189.998 E.02482
G1 X93.039 Y189.998 E.0106
G1 X93.039 Y190.834 E.02482
G1 X92.682 Y190.834 E.0106
G1 X92.682 Y189.998 E.02482
G1 X92.325 Y189.998 E.0106
G1 X92.325 Y190.834 E.02482
G1 X91.967 Y190.834 E.01063
G1 X91.967 Y189.998 E.02482
G1 X91.61 Y189.998 E.0106
G1 X91.61 Y190.834 E.02482
G1 X91.253 Y190.834 E.0106
G1 X91.253 Y189.998 E.02482
G1 X90.896 Y189.998 E.0106
G1 X90.896 Y190.834 E.02482
G1 X90.539 Y190.834 E.0106
G1 X90.539 Y189.998 E.02482
G1 X90.182 Y189.998 E.0106
G1 X90.182 Y190.834 E.02482
G1 X89.825 Y190.834 E.0106
G1 X89.825 Y189.998 E.02482
G1 X89.468 Y189.998 E.0106
G1 X89.468 Y190.834 E.02482
G1 X89.111 Y190.834 E.0106
G1 X89.111 Y189.998 E.02482
G1 X88.754 Y189.998 E.0106
G1 X88.754 Y190.834 E.02482
G1 X88.397 Y190.834 E.0106
G1 X88.397 Y189.998 E.02482
G1 X88.04 Y189.998 E.0106
G1 X88.04 Y190.834 E.02482
G1 X87.683 Y190.834 E.0106
G1 X87.683 Y189.998 E.02482
G1 X87.325 Y189.998 E.01063
G1 X87.325 Y190.834 E.02482
G1 X86.968 Y190.834 E.0106
G1 X86.968 Y189.998 E.02482
G1 X86.611 Y189.998 E.0106
G1 X86.611 Y190.834 E.02482
G1 X86.254 Y190.834 E.0106
G1 X86.254 Y189.998 E.02482
G1 X85.897 Y189.998 E.0106
G1 X85.897 Y190.834 E.02482
G1 X85.54 Y190.834 E.0106
G1 X85.54 Y189.998 E.02482
G1 X85.183 Y189.998 E.0106
G1 X85.183 Y190.834 E.02482
G1 X84.826 Y190.834 E.0106
G1 X84.826 Y189.998 E.02482
G1 X84.469 Y189.998 E.0106
G1 X84.469 Y190.834 E.02482
G1 X84.112 Y190.834 E.0106
G1 X84.112 Y189.998 E.02482
G1 X83.755 Y189.998 E.0106
G1 X83.755 Y190.834 E.02482
G1 X83.398 Y190.834 E.0106
G1 X83.398 Y189.998 E.02482
G1 X83.04 Y189.998 E.01063
G1 X83.04 Y190.834 E.02482
G1 X82.683 Y190.834 E.0106
G1 X82.683 Y189.998 E.02482
G1 X82.326 Y189.998 E.0106
G1 X82.326 Y190.834 E.02482
G1 X81.969 Y190.834 E.0106
G1 X81.969 Y189.998 E.02482
G1 X81.612 Y189.998 E.0106
G1 X81.612 Y190.834 E.02482
G1 X81.255 Y190.834 E.0106
G1 X81.255 Y189.998 E.02482
G1 X80.898 Y189.998 E.0106
G1 X80.898 Y190.834 E.02482
G1 X80.541 Y190.834 E.0106
G1 X80.541 Y189.998 E.02482
G1 X80.184 Y189.998 E.0106
G1 X80.184 Y190.834 E.02482
G1 X79.827 Y190.834 E.0106
G1 X79.827 Y189.998 E.02482
G1 X79.47 Y189.998 E.0106
G1 X79.47 Y190.834 E.02482
G1 X79.113 Y190.834 E.0106
G1 X79.113 Y189.998 E.02482
G1 X78.756 Y189.998 E.0106
G1 X78.756 Y190.834 E.02482
G1 X78.398 Y190.834 E.01063
G1 X78.398 Y189.998 E.02482
G1 X78.041 Y189.998 E.0106
G1 X78.041 Y190.834 E.02482
G1 X77.684 Y190.834 E.0106
G1 X77.684 Y189.998 E.02482
G1 X77.327 Y189.998 E.0106
G1 X77.327 Y190.834 E.02482
G1 X76.97 Y190.834 E.0106
G1 X76.97 Y189.998 E.02482
G1 X76.613 Y189.998 E.0106
G1 X76.613 Y190.834 E.02482
G1 X76.256 Y190.834 E.0106
G1 X76.256 Y189.998 E.02482
G1 X75.899 Y189.998 E.0106
G1 X75.899 Y190.834 E.02482
G1 X75.542 Y190.834 E.0106
G1 X75.542 Y189.998 E.02482
G1 X75.185 Y189.998 E.0106
G1 X75.185 Y190.834 E.02482
G1 X74.828 Y190.834 E.0106
G1 X74.828 Y189.998 E.02482
G1 X74.471 Y189.998 E.0106
G1 X74.471 Y190.834 E.02482
G1 X74.114 Y190.834 E.0106
G1 X74.114 Y189.998 E.02482
G1 X73.756 Y189.998 E.01063
G1 X73.756 Y190.834 E.02482
G1 X73.399 Y190.834 E.0106
G1 X73.399 Y189.998 E.02482
G1 X73.042 Y189.998 E.0106
G1 X73.042 Y190.834 E.02482
G1 X72.685 Y190.834 E.0106
G1 X72.685 Y189.998 E.02482
G1 X72.328 Y189.998 E.0106
G1 X72.328 Y190.834 E.02482
G1 X71.971 Y190.834 E.0106
G1 X71.971 Y189.998 E.02482
G1 X71.614 Y189.998 E.0106
G1 X71.614 Y190.834 E.02482
G1 X71.257 Y190.834 E.0106
G1 X71.257 Y189.998 E.02482
G1 X70.9 Y189.998 E.0106
G1 X70.9 Y190.834 E.02482
G1 X70.543 Y190.834 E.0106
G1 X70.543 Y189.998 E.02482
G1 X70.186 Y189.998 E.0106
G1 X70.186 Y190.834 E.02482
G1 X69.829 Y190.834 E.0106
G1 X69.829 Y189.998 E.02482
G1 X69.471 Y189.998 E.01063
G1 X69.471 Y190.834 E.02482
G1 X69.114 Y190.834 E.0106
G1 X69.114 Y189.998 E.02482
G1 X68.757 Y189.998 E.0106
G1 X68.757 Y190.834 E.02482
G1 X68.4 Y190.834 E.0106
G1 X68.4 Y189.998 E.02482
G1 X68.043 Y189.998 E.0106
G1 X68.043 Y190.834 E.02482
G1 X67.686 Y190.834 E.0106
G1 X67.686 Y189.998 E.02482
G1 X67.329 Y189.998 E.0106
G1 X67.329 Y190.834 E.02482
G1 X66.972 Y190.834 E.0106
G1 X66.972 Y189.998 E.02482
G1 X66.615 Y189.998 E.0106
G1 X66.615 Y190.834 E.02482
G1 X66.258 Y190.834 E.0106
G1 X66.258 Y189.998 E.02482
G1 X65.901 Y189.998 E.0106
G1 X65.901 Y190.834 E.02482
G1 X65.544 Y190.834 E.0106
G1 X65.544 Y189.998 E.02482
G1 X65.187 Y189.998 E.0106
G1 X65.187 Y190.834 E.02482
G1 X64.829 Y190.834 E.01063
G1 X64.829 Y189.998 E.02482
G1 X64.472 Y189.998 E.0106
G1 X64.472 Y190.834 E.02482
G1 X64.115 Y190.834 E.0106
G1 X64.115 Y189.998 E.02482
G1 X63.758 Y189.998 E.0106
G1 X63.758 Y190.834 E.02482
G1 X63.401 Y190.834 E.0106
G1 X63.401 Y189.998 E.02482
G1 X63.044 Y189.998 E.0106
G1 X63.044 Y190.834 E.02482
G1 X62.687 Y190.834 E.0106
G1 X62.687 Y189.998 E.02482
G1 X62.33 Y189.998 E.0106
G1 X62.33 Y190.834 E.02482
G1 X61.973 Y190.834 E.0106
G1 X61.973 Y189.998 E.02482
G1 X61.616 Y189.998 E.0106
G1 X61.616 Y190.834 E.02482
G1 X61.259 Y190.834 E.0106
G1 X61.259 Y189.998 E.02482
G1 X60.902 Y189.998 E.0106
G1 X60.902 Y190.834 E.02482
G1 X60.545 Y190.834 E.0106
G1 X60.545 Y189.998 E.02482
G1 X60.187 Y189.998 E.01063
G1 X60.187 Y190.834 E.02482
G1 X59.83 Y190.834 E.0106
G1 X59.83 Y189.998 E.02482
G1 X59.473 Y189.998 E.0106
G1 X59.473 Y190.834 E.02482
G1 X59.116 Y190.834 E.0106
G1 X59.116 Y189.998 E.02482
G1 X58.759 Y189.998 E.0106
G1 X58.759 Y190.834 E.02482
G1 X58.402 Y190.834 E.0106
G1 X58.402 Y189.998 E.02482
G1 X58.045 Y189.998 E.0106
G1 X58.045 Y190.834 E.02482
G1 X57.688 Y190.834 E.0106
G1 X57.688 Y189.998 E.02482
G1 X57.331 Y189.998 E.0106
G1 X57.331 Y190.834 E.02482
G1 X56.974 Y190.834 E.0106
G1 X56.974 Y189.998 E.02482
G1 X56.617 Y189.998 E.0106
G1 X56.617 Y190.834 E.02482
G1 X56.26 Y190.834 E.0106
G1 X56.26 Y189.998 E.02482
G1 X55.902 Y189.998 E.01063
G1 X55.902 Y190.834 E.02482
G1 X55.545 Y190.834 E.0106
G1 X55.545 Y189.998 E.02482
G1 X55.188 Y189.998 E.0106
G1 X55.188 Y190.834 E.02482
G1 X54.831 Y190.834 E.0106
G1 X54.831 Y189.998 E.02482
G1 X54.474 Y189.998 E.0106
G1 X54.474 Y190.834 E.02482
G1 X54.117 Y190.834 E.0106
G1 X54.117 Y189.998 E.02482
G1 X53.76 Y189.998 E.0106
G1 X53.76 Y190.834 E.02482
G1 X53.403 Y190.834 E.0106
G1 X53.403 Y189.998 E.02482
G1 X53.046 Y189.998 E.0106
G1 X53.046 Y190.834 E.02482
G1 X52.689 Y190.834 E.0106
G1 X52.689 Y189.998 E.02482
G1 X52.332 Y189.998 E.0106
G1 X52.332 Y190.834 E.02482
G1 X51.975 Y190.834 E.0106
G1 X51.975 Y189.998 E.02482
G1 X51.618 Y189.998 E.0106
G1 X51.618 Y190.834 E.02482
G1 X51.26 Y190.834 E.01063
G1 X51.26 Y189.998 E.02482
G1 X50.903 Y189.998 E.0106
G1 X50.903 Y190.834 E.02482
G1 X50.546 Y190.834 E.0106
G1 X50.546 Y189.998 E.02482
G1 X50.189 Y189.998 E.0106
G1 X50.189 Y190.995 E.0296
G1 E-2 F2400
M204 S8000
G1 X161.553 Y197.784 F24000
G1 E2 F2400
M204 S4000
;TYPE:Perimeter
;WIDTH:0.449999
G1 F10800
G1 X161.61 Y197.858 E.00316
G1 X161.779 Y197.949 E.0065
G1 X161.979 Y197.982 E.00686
G1 X167.368 Y197.982 E.18241
G1 X167.368 Y201.718 E.12646
G1 X52.632 Y201.718 E3.88367
G1 X52.632 Y197.982 E.12646
G1 X58.106 Y197.982 E.18529
G1 X58.39 Y197.858 E.01049
G1 X58.512 Y197.735 E.00586
G1 X58.632 Y197.371 E.01297
G1 X58.632 Y194.482 E.09779
G1 X161.368 Y194.482 E3.47749
G1 X161.368 Y197.371 E.09779
G1 X161.413 Y197.602 E.00797
G1 X161.516 Y197.736 E.00572
M204 S5000
M204 S8000
G1 X161.835 Y197.501 F24000
M204 S4000
;TYPE:External perimeter
G1 F7200
G1 X161.856 Y197.534 E.00132
G1 X161.979 Y197.575 E.00439
G1 X167.775 Y197.575 E.19619
G1 X167.775 Y202.125 E.15401
G1 X52.225 Y202.125 E3.91122
G1 X52.225 Y197.575 E.15401
G1 X58.021 Y197.575 E.19619
G1 X58.144 Y197.534 E.00439
G1 X58.225 Y197.371 E.00616
G1 X58.225 Y194.075 E.11157
G1 X161.775 Y194.075 E3.50504
G1 X161.775 Y197.402 E.11261
G1 X161.804 Y197.449 E.00187
M204 S5000
G1 X162.186 Y197.568 F24000
G1 E-2 F2400
M204 S8000
G1 X84.632 Y17.982 F24000
G1 E2 F2400
M204 S4000
;TYPE:Perimeter
G1 F10800
G1 X135.368 Y17.982 E1.71735
G1 X135.368 Y25.445 E.25261
G1 X135.452 Y25.681 E.00848
G1 X135.656 Y25.89 E.00989
G1 X135.979 Y25.982 E.01137
G1 X187.738 Y25.982 E1.75198
G1 X213.368 Y51.612 E1.22689
G1 X213.368 Y171.088 E4.04411
G1 X187.738 Y196.718 E1.22689
G1 X168.632 Y196.718 E.64671
G1 X168.632 Y191.982 E.16031
G1 X188.009 Y191.982 E.65589
G1 X188.234 Y191.939 E.00775
G1 X188.441 Y191.803 E.00838
G1 X208.453 Y171.791 E.95796
G1 X208.589 Y171.584 E.00838
G1 X208.632 Y171.359 E.00775
G1 X208.632 Y51.341 E4.06246
G1 X208.589 Y51.116 E.00775
G1 X208.453 Y50.909 E.00838
G1 X188.441 Y30.897 E.95796
G1 X188.234 Y30.761 E.00838
G1 X188.009 Y30.718 E.00775
G1 X31.991 Y30.718 E5.28102
G1 X31.766 Y30.761 E.00775
G1 X31.559 Y30.897 E.00838
G1 X11.547 Y50.909 E.95796
G1 X11.411 Y51.116 E.00838
G1 X11.368 Y51.341 E.00775
G1 X11.368 Y171.359 E4.06246
G1 X11.411 Y171.584 E.00775
G1 X11.547 Y171.791 E.00838
G1 X31.559 Y191.803 E.95796
G1 X31.766 Y191.939 E.00838
G1 X31.991 Y191.982 E.00775
G1 X51.368 Y191.982 E.65589
G1 X51.368 Y196.718 E.16031
G1 X32.262 Y196.718 E.64671
G1 X6.632 Y171.088 E1.22689
G1 X6.632 Y51.612 E4.04411
G1 X32.262 Y25.982 E1.22689
G1 X84.152 Y25.982 E1.75641
G1 X84.464 Y25.793 E.01235
G1 X84.599 Y25.57 E.00882
G1 X84.632 Y25.371 E.00683
G1 X84.632 Y18.042 E.24808
M204 S5000
M204 S8000
G1 X84.225 Y17.575 F24000
M204 S4000
;TYPE:External perimeter
G1 F7200
G1 X135.775 Y17.575 E1.7449
G1 X135.775 Y25.371 E.26388
G1 X135.831 Y25.512 E.00514
G1 X135.979 Y25.575 E.00544
G1 X187.907 Y25.575 E1.7577
G1 X213.775 Y51.443 E1.23829
G1 X213.775 Y171.257 E4.05556
G1 X187.907 Y197.125 E1.23829
G1 X168.225 Y197.125 E.66621
G1 X168.225 Y191.575 E.18786
G1 X188.009 Y191.575 E.66966
G1 X188.153 Y191.515 E.00528
G1 X208.165 Y171.503 E.95796
G1 X208.225 Y171.359 E.00528
G1 X208.225 Y51.341 E4.06246
G1 X208.165 Y51.197 E.00528
G1 X188.153 Y31.185 E.95796
G1 X188.009 Y31.125 E.00528
G1 X31.991 Y31.125 E5.28102
G1 X31.847 Y31.185 E.00528
G1 X11.835 Y51.197 E.95796
G1 X11.775 Y51.341 E.00528
G1 X11.775 Y171.359 E4.06246
G1 X11.835 Y171.503 E.00528
G1 X31.847 Y191.515 E.95796
G1 X31.991 Y191.575 E.00528
G1 X51.775 Y191.575 E.66966
G1 X51.775 Y197.125 E.18786
G1 X32.093 Y197.125 E.66621
G1 X6.225 Y171.257 E1.23829
G1 X6.225 Y51.443 E4.05556
G1 X32.093 Y25.575 E1.23829
G1 X84.021 Y25.575 E1.7577
G1 X84.169 Y25.512 E.00544
G1 X84.225 Y25.371 E.00514
G1 X84.225 Y17.635 E.26185
M204 S5000
G1 X84.621 Y17.576 F24000
G1 E-2 F2400
M204 S8000
G1 X84.932 Y22.368 F24000
G1 E2 F2400
M204 S5000
;TYPE:Internal infill
;WIDTH:0.45
G1 F13200
G1 X84.935 Y19.925 E.08269
G1 X86.573 Y18.287 E.07841
G1 X87.371 Y18.287 E.02701
G1 X93.411 Y24.327 E.28913
G1 X92.047 Y24.327 E.04617
G1 X98.087 Y18.287 E.28913
G1 X98.885 Y18.287 E.02701
G1 X104.925 Y24.327 E.28913
G1 X103.561 Y24.327 E.04617
G1 X109.601 Y18.287 E.28913
G1 X110.399 Y18.287 E.02701
G1 X116.439 Y24.327 E.28913
G1 X115.075 Y24.327 E.04617
G1 X121.115 Y18.287 E.28913
G1 X121.913 Y18.287 E.02701
G1 X127.953 Y24.327 E.28913
G1 X126.589 Y24.327 E.04617
G1 X132.629 Y18.287 E.28913
G1 X133.427 Y18.287 E.02701
G1 X135.063 Y19.923 E.07831
G1 X135.063 Y22.366 E.08269
G1 E-2 F2400
M204 S8000
G1 X85.466 Y24.734 F24000
G1 E2 F2400
M204 S5000
;TYPE:Solid infill
;WIDTH:0.449999
G1 F9600
G1 X84.928 Y25.272 E.02575
G1 X84.883 Y25.411 E.00495
;WIDTH:0.41646
G1 X84.837 Y25.549 E.00452
;WIDTH:0.38292
G1 X84.766 Y25.53 E.00208
G1 X84.785 Y25.601 E.00208
G1 X84.826 Y25.59 E.0012
G1 E-2 F2400
M204 S8000
G1 X6.836 Y51.696 F24000
G1 E2 F2400
M204 S5000
G1 F9600
G1 X32.346 Y26.186 E1.01993
;WIDTH:0.41646
G1 X32.511 Y26.236 E.00536
;WIDTH:0.449999
G1 X32.676 Y26.287 E.00585
G1 X6.937 Y52.026 E1.23211
G1 X6.866 Y52.119 E.00396
;WIDTH:0.41646
G1 X6.794 Y52.212 E.00365
;WIDTH:0.38292
G1 X6.753 Y52.223 E.0012
G1 X6.734 Y52.152 E.00208
G1 X6.805 Y52.171 E.00208
;WIDTH:0.449999
G1 X6.937 Y52.602 E.01526
G1 X33.252 Y26.287 E1.25968
G1 X33.828 Y26.287 E.0195
G1 X6.937 Y53.178 E1.28726
G1 X6.937 Y53.753 E.01946
G1 X34.404 Y26.287 E1.3148
G1 X34.98 Y26.287 E.0195
G1 X6.937 Y54.329 E1.34238
M204 S8000
G1 X6.859 Y55.181 F24000
M204 S5000
;WIDTH:0.38292
G1 F9600
G1 X6.788 Y55.162 E.00208
G1 X6.807 Y55.234 E.00211
G1 X6.848 Y55.223 E.0012
;WIDTH:0.41646
G1 X6.893 Y55.064 E.00513
;WIDTH:0.449999
G1 X6.937 Y54.905 E.00558
G1 X35.555 Y26.287 E1.36993
G1 X36.131 Y26.286 E.0195
G1 X32.005 Y30.413 E.19753
G1 X31.717 Y30.562 E.01098
;WIDTH:0.38292
G1 X31.434 Y30.787 E.01022
G1 X11.432 Y50.789 E.79971
G1 X11.212 Y51.067 E.01002
;WIDTH:0.41646
G1 X11.138 Y51.211 E.00503
;WIDTH:0.449999
G1 X11.063 Y51.355 E.0055
G1 X6.937 Y55.48 E.19749
G1 X6.866 Y55.573 E.00396
;WIDTH:0.41646
G1 X6.794 Y55.667 E.00368
;WIDTH:0.38292
G1 X6.753 Y55.678 E.0012
G1 X6.734 Y55.607 E.00208
G1 X6.805 Y55.626 E.00208
;WIDTH:0.449999
G1 X6.937 Y56.056 E.01523
G1 X11.063 Y51.931 E.19749
G1 X11.063 Y52.506 E.01946
G1 X6.937 Y56.632 E.19751
G1 X6.937 Y57.207 E.01946
G1 X11.063 Y53.082 E.19749
G1 X11.063 Y53.658 E.0195
G1 X6.937 Y57.783 E.19749
G1 X6.937 Y58.359 E.0195
G1 X11.063 Y54.234 E.19749
G1 X11.063 Y54.809 E.01946
G1 X6.937 Y58.934 E.19749
G1 X6.937 Y59.51 E.0195
G1 X11.063 Y55.385 E.19749
G1 X11.063 Y55.961 E.0195
G1 X6.937 Y60.086 E.19749
G1 X6.937 Y60.662 E.0195
G1 X11.063 Y56.536 E.19751
G1 X11.063 Y57.112 E.0195
G1 X6.937 Y61.237 E.19749
G1 X6.937 Y61.813 E.0195
G1 X11.063 Y57.688 E.19749
G1 X11.063 Y58.263 E.01946
G1 X6.937 Y62.389 E.19751
G1 X6.937 Y62.964 E.01946
G1 X11.063 Y58.839 E.19749
G1 X11.063 Y59.415 E.0195
G1 X6.937 Y63.54 E.19749
G1 X6.937 Y64.116 E.0195
G1 X11.063 Y59.991 E.19749
G1 X11.063 Y60.566 E.01946
G1 X6.937 Y64.691 E.19749
G1 X6.937 Y65.267 E.0195
G1 X11.063 Y61.142 E.19749
G1 X11.063 Y61.718 E.0195
G1 X6.937 Y65.843 E.19749
G1 X6.937 Y66.419 E.0195
G1 X11.063 Y62.293 E.19751
G1 X11.063 Y62.869 E.0195
G1 X6.937 Y66.994 E.19749
G1 X6.937 Y67.57 E.0195
G1 X11.063 Y63.445 E.19749
G1 X11.063 Y64.02 E.01946
G1 X6.937 Y68.146 E.19751
G1 X6.937 Y68.721 E.01946
G1 X11.063 Y64.596 E.19749
G1 X11.063 Y65.172 E.0195
G1 X6.937 Y69.297 E.19749
G1 X6.937 Y69.873 E.0195
G1 X11.063 Y65.747 E.19751
G1 X11.063 Y66.323 E.0195
G1 X6.937 Y70.448 E.19749
G1 X6.937 Y71.024 E.0195
G1 X11.063 Y66.899 E.19749
G1 X11.063 Y67.475 E.0195
G1 X6.937 Y71.6 E.19749
G1 X6.937 Y72.175 E.01946
G1 X11.063 Y68.05 E.19749
G1 X11.063 Y68.626 E.0195
G1 X6.937 Y72.751 E.19749
G1 X6.937 Y73.327 E.0195
G1 X11.063 Y69.202 E.19749
G1 X11.063 Y69.777 E.01946
G1 X6.937 Y73.903 E.19751
G1 X6.937 Y74.478 E.01946
G1 X11.063 Y70.353 E.19749
G1 X11.063 Y70.929 E.0195
G1 X6.937 Y75.054 E.19749
G1 X6.937 Y75.63 E.0195
G1 X11.063 Y71.504 E.19751
G1 X11.063 Y72.08 E.0195
G1 X6.937 Y76.205 E.19749
G1 X6.937 Y76.781 E.0195
G1 X11.063 Y72.656 E.19749
G1 X11.063 Y73.232 E.0195
G1 X6.937 Y77.357 E.19749
G1 X6.937 Y77.932 E.01946
G1 X11.063 Y73.807 E.19749
G1 X11.063 Y74.383 E.0195
G1 X6.937 Y78.508 E.19749
G1 X6.937 Y79.084 E.0195
G1 X11.063 Y74.959 E.19749
G1 X11.063 Y75.534 E.01946
G1 X6.937 Y79.66 E.19751
G1 X6.937 Y80.235 E.01946
G1 X11.063 Y76.11 E.19749
G1 X11.063 Y76.686 E.0195
G1 X6.937 Y80.811 E.19749
G1 X6.937 Y81.387 E.0195
G1 X11.063 Y77.261 E.19751
G1 X11.063 Y77.837 E.0195
G1 X6.937 Y81.962 E.19749
G1 X6.937 Y82.538 E.0195
G1 X11.063 Y78.413 E.19749
G1 X11.063 Y78.989 E.0195
G1 X6.937 Y83.114 E.19749
G1 X6.937 Y83.689 E.01946
G1 X11.063 Y79.564 E.19749
G1 X11.063 Y80.14 E.0195
G1 X6.937 Y84.265 E.19749
G1 X6.937 Y84.841 E.0195
G1 X11.063 Y80.716 E.19749
G1 X11.063 Y81.291 E.01946
G1 X6.937 Y85.417 E.19751
G1 X6.937 Y85.992 E.01946
G1 X11.063 Y81.867 E.19749
G1 X11.063 Y82.443 E.0195
G1 X6.937 Y86.568 E.19749
G1 X6.937 Y87.144 E.0195
G1 X11.063 Y83.018 E.19751
G1 X11.063 Y83.594 E.0195
G1 X6.937 Y87.719 E.19749
G1 X6.937 Y88.295 E.0195
G1 X11.063 Y84.17 E.19749
G1 X11.063 Y84.745 E.01946
G1 X6.937 Y88.871 E.19751
G1 X6.937 Y89.446 E.01946
G1 X11.063 Y85.321 E.19749
G1 X11.063 Y85.897 E.0195
G1 X6.937 Y90.022 E.19749
G1 X6.937 Y90.598 E.0195
G1 X11.063 Y86.473 E.19749
G1 X11.063 Y87.048 E.01946
G1 X6.937 Y91.173 E.19749
G1 X6.937 Y91.749 E.0195
G1 X11.063 Y87.624 E.19749
G1 X11.063 Y88.2 E.0195
G1 X6.937 Y92.325 E.19749
G1 X6.937 Y92.901 E.0195
G1 X11.063 Y88.775 E.19751
G1 X11.063 Y89.351 E.0195
G1 X6.937 Y93.476 E.19749
G1 X6.937 Y94.052 E.0195
G1 X11.063 Y89.927 E.19749
G1 X11.063 Y90.502 E.01946
G1 X6.937 Y94.628 E.19751
G1 X6.937 Y95.203 E.01946
G1 X11.063 Y91.078 E.19749
G1 X11.063 Y91.654 E.0195
G1 X6.937 Y95.779 E.19749
G1 X6.937 Y96.355 E.0195
G1 X11.063 Y92.23 E.19749
G1 X11.063 Y92.805 E.01946
G1 X6.937 Y96.93 E.19749
G1 X6.937 Y97.506 E.0195
G1 X11.063 Y93.381 E.19749
G1 X11.063 Y93.957 E.0195
G1 X6.937 Y98.082 E.19749
G1 X6.937 Y98.658 E.0195
G1 X11.063 Y94.532 E.19751
G1 X11.063 Y95.108 E.0195
G1 X6.937 Y99.233 E.19749
G1 X6.937 Y99.809 E.0195
G1 X11.063 Y95.684 E.19749
G1 X11.063 Y96.259 E.01946
G1 X6.937 Y100.385 E.19751
G1 X6.937 Y100.96 E.01946
G1 X11.063 Y96.835 E.19749
G1 X11.063 Y97.411 E.0195
G1 X6.937 Y101.536 E.19749
G1 X6.937 Y102.112 E.0195
G1 X11.063 Y97.986 E.19751
G1 X11.063 Y98.562 E.0195
G1 X6.937 Y102.687 E.19749
G1 X6.937 Y103.263 E.0195
G1 X11.063 Y99.138 E.19749
G1 X11.063 Y99.714 E.0195
G1 X6.937 Y103.839 E.19749
G1 X6.937 Y104.415 E.0195
G1 X11.063 Y100.289 E.19751
G1 X11.063 Y100.865 E.0195
G1 X6.937 Y104.99 E.19749
G1 X6.937 Y105.566 E.0195
G1 X11.063 Y101.441 E.19749
G1 X11.063 Y102.016 E.01946
G1 X6.937 Y106.142 E.19751
G1 X6.937 Y106.717 E.01946
G1 X11.063 Y102.592 E.19749
G1 X11.063 Y103.168 E.0195
G1 X6.937 Y107.293 E.19749
G1 X6.937 Y107.869 E.0195
G1 X11.063 Y103.743 E.19751
G1 X11.063 Y104.319 E.0195
G1 X6.937 Y108.444 E.19749
G1 X6.937 Y109.02 E.0195
G1 X11.063 Y104.895 E.19749
G1 X11.063 Y105.471 E.0195
G1 X6.937 Y109.596 E.19749
G1 X6.937 Y110.171 E.01946
G1 X11.063 Y106.046 E.19749
G1 X11.063 Y106.622 E.0195
G1 X6.937 Y110.747 E.19749
G1 X6.937 Y111.323 E.0195
G1 X11.063 Y107.198 E.19749
G1 X11.063 Y107.773 E.01946
G1 X6.937 Y111.899 E.19751
G1 X6.937 Y112.474 E.01946
G1 X11.063 Y108.349 E.19749
G1 X11.063 Y108.925 E.0195
G1 X6.937 Y113.05 E.19749
G1 X6.937 Y113.626 E.0195
G1 X11.063 Y109.5 E.19751
G1 X11.063 Y110.076 E.0195
G1 X6.937 Y114.201 E.19749
G1 X6.937 Y114.777 E.0195
G1 X11.063 Y110.652 E.19749
G1 X11.063 Y111.228 E.0195
G1 X6.937 Y115.353 E.19749
G1 X6.937 Y115.928 E.01946
G1 X11.063 Y111.803 E.19749
G1 X11.063 Y112.379 E.0195
G1 X6.937 Y116.504 E.19749
G1 X6.937 Y117.08 E.0195
G1 X11.063 Y112.955 E.19749
G1 X11.063 Y113.53 E.01946
G1 X6.937 Y117.656 E.19751
G1 X6.937 Y118.231 E.01946
G1 X11.063 Y114.106 E.19749
G1 X11.063 Y114.682 E.0195
G1 X6.937 Y118.807 E.19749
G1 X6.937 Y119.383 E.0195
G1 X11.063 Y115.257 E.19751
G1 X11.063 Y115.833 E.0195
G1 X6.937 Y119.958 E.19749
G1 X6.937 Y120.534 E.0195
G1 X11.063 Y116.409 E.19749
G1 X11.063 Y116.984 E.01946
G1 X6.937 Y121.11 E.19751
G1 X6.937 Y121.685 E.01946
G1 X11.063 Y117.56 E.19749
G1 X11.063 Y118.136 E.0195
G1 X6.937 Y122.261 E.19749
G1 X6.937 Y122.837 E.0195
G1 X11.063 Y118.712 E.19749
G1 X11.063 Y119.287 E.01946
G1 X6.937 Y123.412 E.19749
G1 X6.937 Y123.988 E.0195
G1 X11.063 Y119.863 E.19749
G1 X11.063 Y120.439 E.0195
G1 X6.937 Y124.564 E.19749
G1 X6.937 Y125.14 E.0195
G1 X11.063 Y121.014 E.19751
G1 X11.063 Y121.59 E.0195
G1 X6.937 Y125.715 E.19749
G1 X6.937 Y126.291 E.0195
G1 X11.063 Y122.166 E.19749
G1 X11.063 Y122.741 E.01946
G1 X6.937 Y126.867 E.19751
G1 X6.937 Y127.442 E.01946
G1 X11.063 Y123.317 E.19749
G1 X11.063 Y123.893 E.0195
G1 X6.937 Y128.018 E.19749
G1 X6.937 Y128.594 E.0195
G1 X11.063 Y124.469 E.19749
G1 X11.063 Y125.044 E.01946
G1 X6.937 Y129.169 E.19749
G1 X6.937 Y129.745 E.0195
G1 X11.063 Y125.62 E.19749
G1 X11.063 Y126.196 E.0195
G1 X6.937 Y130.321 E.19749
G1 X6.937 Y130.897 E.0195
G1 X11.063 Y126.771 E.19751
G1 X11.063 Y127.347 E.0195
G1 X6.937 Y131.472 E.19749
G1 X6.937 Y132.048 E.0195
G1 X11.063 Y127.923 E.19749
G1 X11.063 Y128.498 E.01946
G1 X6.937 Y132.624 E.19751
G1 X6.937 Y133.199 E.01946
G1 X11.063 Y129.074 E.19749
G1 X11.063 Y129.65 E.0195
G1 X6.937 Y133.775 E.19749
G1 X6.937 Y134.351 E.0195
G1 X11.063 Y130.226 E.19749
G1 X11.063 Y130.801 E.01946
G1 X6.937 Y134.926 E.19749
G1 X6.937 Y135.502 E.0195
G1 X11.063 Y131.377 E.19749
G1 X11.063 Y131.953 E.0195
G1 X6.937 Y136.078 E.19749
G1 X6.937 Y136.654 E.0195
G1 X11.063 Y132.528 E.19751
G1 X11.063 Y133.104 E.0195
G1 X6.937 Y137.229 E.19749
G1 X6.937 Y137.805 E.0195
G1 X11.063 Y133.68 E.19749
G1 X11.063 Y134.255 E.01946
G1 X6.937 Y138.381 E.19751
G1 X6.937 Y138.956 E.01946
G1 X11.063 Y134.831 E.19749
G1 X11.063 Y135.407 E.0195
G1 X6.937 Y139.532 E.19749
G1 X6.937 Y140.108 E.0195
G1 X11.063 Y135.982 E.19751
G1 X11.063 Y136.558 E.0195
G1 X6.937 Y140.683 E.19749
G1 X6.937 Y141.259 E.0195
G1 X11.063 Y137.134 E.19749
G1 X11.063 Y137.71 E.0195
G1 X6.937 Y141.835 E.19749
G1 X6.937 Y142.41 E.01946
G1 X11.063 Y138.285 E.19749
G1 X11.063 Y138.861 E.0195
G1 X6.937 Y142.986 E.19749
G1 X6.937 Y143.562 E.0195
G1 X11.063 Y139.437 E.19749
G1 X11.063 Y140.012 E.01946
G1 X6.937 Y144.138 E.19751
G1 X6.937 Y144.713 E.01946
G1 X11.063 Y140.588 E.19749
G1 X11.063 Y141.164 E.0195
G1 X6.937 Y145.289 E.19749
G1 X6.937 Y145.865 E.0195
G1 X11.063 Y141.739 E.19751
G1 X11.063 Y142.315 E.0195
G1 X6.937 Y146.44 E.19749
G1 X6.937 Y147.016 E.0195
G1 X11.063 Y142.891 E.19749
G1 X11.063 Y143.467 E.0195
G1 X6.937 Y147.592 E.19749
G1 X6.937 Y148.167 E.01946
G1 X11.063 Y144.042 E.19749
G1 X11.063 Y144.618 E.0195
G1 X6.937 Y148.743 E.19749
G1 X6.937 Y149.319 E.0195
G1 X11.063 Y145.194 E.19749
G1 X11.063 Y145.769 E.01946
G1 X6.937 Y149.895 E.19751
G1 X6.937 Y150.47 E.01946
G1 X11.063 Y146.345 E.19749
G1 X11.063 Y146.921 E.0195
G1 X6.937 Y151.046 E.19749
G1 X6.937 Y151.622 E.0195
G1 X11.063 Y147.496 E.19751
G1 X11.063 Y148.072 E.0195
G1 X6.937 Y152.197 E.19749
G1 X6.937 Y152.773 E.0195
G1 X11.063 Y148.648 E.19749
G1 X11.063 Y149.223 E.01946
G1 X6.937 Y153.349 E.19751
G1 X6.937 Y153.924 E.01946
G1 X11.063 Y149.799 E.19749
G1 X11.063 Y150.375 E.0195
G1 X6.937 Y154.5 E.19749
G1 X6.937 Y155.076 E.0195
G1 X11.063 Y150.951 E.19749
G1 X11.063 Y151.526 E.01946
G1 X6.937 Y155.651 E.19749
G1 X6.937 Y156.227 E.0195
G1 X11.063 Y152.102 E.19749
G1 X11.063 Y152.678 E.0195
G1 X6.937 Y156.803 E.19749
G1 X6.937 Y157.379 E.0195
G1 X11.063 Y153.253 E.19751
G1 X11.063 Y153.829 E.0195
G1 X6.937 Y157.954 E.19749
G1 X6.937 Y158.53 E.0195
G1 X11.063 Y154.405 E.19749
G1 X11.063 Y154.98 E.01946
G1 X6.937 Y159.106 E.19751
G1 X6.937 Y159.681 E.01946
G1 X11.063 Y155.556 E.19749
G1 X11.063 Y156.132 E.0195
G1 X6.937 Y160.257 E.19749
G1 X6.937 Y160.833 E.0195
G1 X11.063 Y156.708 E.19749
G1 X11.063 Y157.283 E.01946
G1 X6.937 Y161.408 E.19749
G1 X6.937 Y161.984 E.0195
G1 X11.063 Y157.859 E.19749
G1 X11.063 Y158.435 E.0195
G1 X6.937 Y162.56 E.19749
G1 X6.937 Y163.136 E.0195
G1 X11.063 Y159.01 E.19751
G1 X11.063 Y159.586 E.0195
G1 X6.937 Y163.711 E.19749
G1 X6.937 Y164.287 E.0195
G1 X11.063 Y160.162 E.19749
G1 X11.063 Y160.737 E.01946
G1 X6.937 Y164.863 E.19751
G1 X6.937 Y165.438 E.01946
G1 X11.063 Y161.313 E.19749
G1 X11.063 Y161.889 E.0195
G1 X6.937 Y166.014 E.19749
G1 X6.937 Y166.59 E.0195
G1 X11.063 Y162.465 E.19749
G1 X11.063 Y163.04 E.01946
G1 X6.937 Y167.165 E.19749
G1 X6.937 Y167.741 E.0195
G1 X11.063 Y163.616 E.19749
G1 X11.063 Y164.192 E.0195
G1 X6.937 Y168.317 E.19749
G1 X6.937 Y168.893 E.0195
G1 X11.063 Y164.767 E.19751
G1 X11.063 Y165.343 E.0195
G1 X6.937 Y169.468 E.19749
G1 X6.937 Y170.044 E.0195
G1 X11.063 Y165.919 E.19749
G1 X11.063 Y166.494 E.01946
G1 X6.937 Y170.62 E.19751
G1 X6.884 Y170.816 E.00687
;WIDTH:0.41646
G1 X6.831 Y171.012 E.00631
;WIDTH:0.38292
G1 X6.76 Y170.993 E.00208
G1 X6.779 Y171.064 E.00208
G1 X6.82 Y171.053 E.0012
;WIDTH:0.449999
G1 X7.054 Y171.079 E.00797
G1 X11.063 Y167.07 E.19191
G1 X11.063 Y167.646 E.0195
G1 X7.342 Y171.366 E.1781
G1 X7.63 Y171.654 E.01379
G1 X11.063 Y168.221 E.16434
G1 X11.063 Y168.797 E.0195
G1 X7.918 Y171.942 E.15055
G1 X8.206 Y172.23 E.01379
G1 X11.063 Y169.373 E.13676
G1 X11.063 Y169.949 E.0195
G1 X8.493 Y172.518 E.123
G1 X8.781 Y172.806 E.01379
G1 X11.063 Y170.524 E.10924
G1 X11.063 Y171.349 E.02793
G1 X11.118 Y171.658 E.01062
G1 X11.338 Y172.014 E.01417
G1 X31.34 Y192.016 E.95748
G1 X31.614 Y192.201 E.01119
G1 X32.001 Y192.287 E.01342
G1 X33.628 Y192.287 E.05507
G1 X30.946 Y194.97 E.12841
G1 X9.069 Y173.093 E1.04724
G1 X10.919 Y171.244 E.08853
G1 X10.786 Y171.953 E.02442
G1 X11.05 Y172.302 E.01481
G1 X31.052 Y192.304 E.95748
G1 X31.39 Y192.541 E.01397
G1 X31.611 Y192.631 E.00808
G1 X32.001 Y192.694 E.01337
G1 X32.645 Y192.694 E.0218
G1 X30.946 Y194.394 E.08135
G1 X9.645 Y173.093 E1.01967
G1 X10.642 Y172.097 E.0477
G1 X10.763 Y172.59 E.01718
G1 X30.765 Y192.592 E.95748
G1 X31.171 Y192.885 E.01695
G1 X31.701 Y193.063 E.01892
G1 X30.946 Y193.819 E.03617
G1 X10.221 Y173.093 E.99212
G1 X10.607 Y172.707 E.01848
G1 X10.743 Y173.093 E.01385
;WIDTH:0.375392
G1 X30.503 Y192.853 E.77254
;WIDTH:0.419091
G1 X30.721 Y193.04 E.00898
;WIDTH:0.462794
G1 X30.938 Y193.226 E.00998
;WIDTH:0.4648
G1 X30.946 Y193.232 E.00035
G1 E-2 F2400
M204 S8000
G1 X31.233 Y195.258 F24000
G1 E2 F2400
M204 S5000
;WIDTH:0.449999
G1 F9600
G1 X34.204 Y192.287 E.14222
G1 X34.78 Y192.287 E.0195
G1 X31.521 Y195.546 E.15601
G1 X31.809 Y195.833 E.01376
G1 X35.355 Y192.287 E.16974
G1 X35.931 Y192.287 E.0195
G1 X32.097 Y196.121 E.18353
G1 X32.385 Y196.409 E.01379
G1 X36.507 Y192.287 E.19732
G1 X37.082 Y192.287 E.01946
G1 X32.957 Y196.413 E.19749
G1 X33.533 Y196.413 E.0195
G1 X37.658 Y192.287 E.19749
G1 X38.234 Y192.287 E.0195
G1 X34.108 Y196.413 E.19751
G1 X34.684 Y196.413 E.0195
G1 X38.809 Y192.287 E.19749
G1 X39.385 Y192.287 E.0195
G1 X35.26 Y196.413 E.19749
G1 X35.836 Y196.413 E.0195
G1 X39.961 Y192.287 E.19749
G1 X40.536 Y192.287 E.01946
G1 X36.411 Y196.413 E.19749
G1 X36.987 Y196.413 E.0195
G1 X41.112 Y192.287 E.19749
G1 X41.688 Y192.287 E.0195
G1 X37.563 Y196.413 E.19749
G1 X38.138 Y196.413 E.01946
G1 X42.264 Y192.287 E.19751
G1 X42.839 Y192.287 E.01946
G1 X38.714 Y196.413 E.19749
G1 X39.29 Y196.413 E.0195
G1 X43.415 Y192.287 E.19749
G1 X43.991 Y192.287 E.0195
G1 X39.865 Y196.413 E.19751
G1 X40.441 Y196.413 E.0195
G1 X44.566 Y192.287 E.19749
G1 X45.142 Y192.287 E.0195
G1 X41.017 Y196.413 E.19749
G1 X41.593 Y196.413 E.0195
G1 X45.718 Y192.287 E.19749
G1 X46.293 Y192.287 E.01946
G1 X42.168 Y196.413 E.19749
G1 X42.744 Y196.413 E.0195
G1 X46.869 Y192.287 E.19749
G1 X47.445 Y192.287 E.0195
G1 X43.32 Y196.413 E.19749
G1 X43.895 Y196.413 E.01946
G1 X48.021 Y192.287 E.19751
G1 X48.596 Y192.287 E.01946
G1 X44.471 Y196.413 E.19749
G1 X45.047 Y196.413 E.0195
G1 X49.172 Y192.287 E.19749
G1 X49.748 Y192.287 E.0195
G1 X45.622 Y196.413 E.19751
G1 X46.198 Y196.413 E.0195
G1 X50.323 Y192.287 E.19749
G1 X50.899 Y192.287 E.0195
G1 X46.774 Y196.413 E.19749
G1 X47.349 Y196.413 E.01946
G1 X51.063 Y192.7 E.17776
G1 X51.063 Y193.275 E.01946
G1 X47.925 Y196.413 E.15021
G1 X48.501 Y196.413 E.0195
G1 X51.063 Y193.851 E.12264
G1 X51.277 Y194.259 E.01559
;WIDTH:0.38292
G1 X51.206 Y194.24 E.00208
G1 X51.225 Y194.311 E.00208
G1 X51.266 Y194.3 E.0012
;WIDTH:0.41646
G1 X51.165 Y194.363 E.0037
;WIDTH:0.449999
G1 X51.063 Y194.427 E.00408
G1 X49.077 Y196.413 E.09507
G1 E-2 F2400
M204 S8000
G1 X50.919 Y195.146 F24000
G1 E2 F2400
M204 S5000
G1 F9600
G1 X49.652 Y196.413 E.06065
G1 X51.063 Y196.413 E.04776
G1 X51.063 Y195.002 E.04776
M204 S8000
G1 X50.7 Y195.986 F24000
M204 S5000
;WIDTH:0.46199
G1 F9600
G1 X50.663 Y195.949 E.00182
G1 X50.613 Y195.963 E.00181
G1 X50.599 Y196.013 E.00181
G1 X50.636 Y196.05 E.00182
G1 X50.687 Y196.037 E.00183
G1 E-2 F2400
M204 S8000
G1 X168.805 Y192.988 F24000
G1 E2 F2400
M204 S5000
;WIDTH:0.38292
G1 F9600
G1 X168.734 Y192.969 E.00208
G1 X168.753 Y193.04 E.00208
G1 X168.794 Y193.029 E.0012
;WIDTH:0.41646
G1 X168.866 Y192.936 E.00365
;WIDTH:0.449999
G1 X168.937 Y192.843 E.00396
G1 X169.493 Y192.287 E.02662
G1 X169.586 Y192.216 E.00396
;WIDTH:0.41646
G1 X169.679 Y192.144 E.00365
;WIDTH:0.38292
G1 X169.638 Y192.155 E.0012
G1 X169.619 Y192.084 E.00208
G1 X169.69 Y192.103 E.00208
;WIDTH:0.449999
G1 X170.068 Y192.287 E.01423
G1 X168.937 Y193.418 E.05414
G1 X168.937 Y193.994 E.0195
G1 X170.644 Y192.287 E.08171
G1 X171.22 Y192.287 E.0195
G1 X168.937 Y194.57 E.10929
G1 X168.937 Y195.145 E.01946
G1 X171.795 Y192.287 E.13681
G1 X172.371 Y192.287 E.0195
G1 X168.937 Y195.721 E.16438
M204 S8000
G1 X168.847 Y196.563 F24000
M204 S5000
;WIDTH:0.38292
G1 F9600
G1 X168.806 Y196.574 E.0012
G1 X168.787 Y196.503 E.00208
G1 X168.858 Y196.522 E.00208
;WIDTH:0.41646
G1 X168.898 Y196.409 E.00372
;WIDTH:0.449999
G1 X168.937 Y196.297 E.00401
G1 X172.947 Y192.287 E.19196
G1 X173.522 Y192.287 E.01946
G1 X169.397 Y196.413 E.19749
G1 X169.973 Y196.413 E.0195
G1 X174.098 Y192.287 E.19749
G1 X174.674 Y192.287 E.0195
G1 X170.549 Y196.413 E.19749
G1 X171.124 Y196.413 E.01946
G1 X175.25 Y192.287 E.19751
G1 X175.825 Y192.287 E.01946
G1 X171.7 Y196.413 E.19749
G1 X172.276 Y196.413 E.0195
G1 X176.401 Y192.287 E.19749
G1 X176.977 Y192.287 E.0195
G1 X172.851 Y196.413 E.19751
G1 X173.427 Y196.413 E.0195
G1 X177.552 Y192.287 E.19749
G1 X178.128 Y192.287 E.0195
G1 X174.003 Y196.413 E.19749
G1 X174.578 Y196.413 E.01946
G1 X178.704 Y192.287 E.19751
G1 X179.279 Y192.287 E.01946
G1 X175.154 Y196.413 E.19749
G1 X175.73 Y196.413 E.0195
G1 X179.855 Y192.287 E.19749
G1 X180.431 Y192.287 E.0195
G1 X176.306 Y196.413 E.19749
G1 X176.881 Y196.413 E.01946
G1 X181.006 Y192.287 E.19749
G1 X181.582 Y192.287 E.0195
G1 X177.457 Y196.413 E.19749
G1 X178.033 Y196.413 E.0195
G1 X182.158 Y192.287 E.19749
G1 X182.734 Y192.287 E.0195
G1 X178.608 Y196.413 E.19751
G1 X179.184 Y196.413 E.0195
G1 X183.309 Y192.287 E.19749
G1 X183.885 Y192.287 E.0195
G1 X179.76 Y196.413 E.19749
G1 X180.335 Y196.413 E.01946
G1 X184.461 Y192.287 E.19751
G1 X185.036 Y192.287 E.01946
G1 X180.911 Y196.413 E.19749
G1 X181.487 Y196.413 E.0195
G1 X185.612 Y192.287 E.19749
G1 X186.188 Y192.287 E.0195
G1 X182.063 Y196.413 E.19749
G1 X182.638 Y196.413 E.01946
G1 X186.763 Y192.287 E.19749
G1 X187.339 Y192.287 E.0195
G1 X183.214 Y196.413 E.19749
M204 S8000
G1 X184.108 Y196.562 F24000
M204 S5000
;WIDTH:0.38292
G1 F9600
G1 X184.066 Y196.573 E.00123
G1 X184.047 Y196.502 E.00208
G1 X184.119 Y196.521 E.00211
;WIDTH:0.41646
G1 X183.954 Y196.467 E.00539
;WIDTH:0.449999
G1 X183.79 Y196.413 E.00584
G1 X187.915 Y192.287 E.19749
G1 X188.074 Y192.232 E.00569
;WIDTH:0.41646
G1 X188.233 Y192.177 E.00523
;WIDTH:0.38292
G1 X188.192 Y192.188 E.0012
G1 X188.173 Y192.116 E.00211
G1 X188.244 Y192.135 E.00208
G1 E-2 F2400
M204 S8000
G1 X32.581 Y30.413 F24000
G1 E2 F2400
M204 S5000
;WIDTH:0.449999
G1 F9600
G1 X36.707 Y26.286 E.19753
G1 X37.283 Y26.286 E.0195
G1 X33.156 Y30.413 E.19756
G1 X33.732 Y30.413 E.0195
G1 X37.859 Y26.286 E.19756
G1 X38.435 Y26.286 E.0195
G1 X34.308 Y30.413 E.19756
G1 X34.884 Y30.413 E.0195
G1 X39.01 Y26.286 E.19753
G1 X39.586 Y26.286 E.0195
G1 X35.459 Y30.413 E.19756
G1 X36.035 Y30.413 E.0195
G1 X40.162 Y26.286 E.19756
G1 X40.738 Y26.285 E.0195
G1 X36.611 Y30.413 E.19758
G1 X37.186 Y30.413 E.01946
G1 X41.314 Y26.285 E.1976
G1 X41.89 Y26.285 E.0195
G1 X37.762 Y30.413 E.1976
G1 X38.338 Y30.413 E.0195
G1 X42.465 Y26.285 E.19758
G1 X43.041 Y26.285 E.0195
G1 X38.913 Y30.413 E.1976
G1 X39.489 Y30.413 E.0195
G1 X43.617 Y26.285 E.1976
G1 X44.193 Y26.285 E.0195
G1 X40.065 Y30.413 E.1976
G1 X40.641 Y30.413 E.0195
G1 X44.769 Y26.284 E.19763
G1 X45.345 Y26.284 E.0195
G1 X41.216 Y30.413 E.19765
G1 X41.792 Y30.413 E.0195
G1 X45.92 Y26.284 E.19763
G1 X46.496 Y26.284 E.0195
G1 X42.368 Y30.413 E.19763
G1 X42.943 Y30.413 E.01946
G1 X47.072 Y26.284 E.19765
G1 X47.648 Y26.284 E.0195
G1 X43.519 Y30.413 E.19765
G1 X44.095 Y30.413 E.0195
G1 X48.224 Y26.284 E.19765
G1 X48.8 Y26.284 E.0195
G1 X44.67 Y30.413 E.19768
G1 X45.246 Y30.413 E.0195
G1 X49.375 Y26.283 E.19768
G1 X49.951 Y26.283 E.0195
G1 X45.822 Y30.413 E.19768
G1 X46.397 Y30.413 E.01946
G1 X50.527 Y26.283 E.1977
G1 X51.103 Y26.283 E.0195
G1 X46.973 Y30.413 E.1977
G1 X47.549 Y30.413 E.0195
G1 X51.679 Y26.283 E.1977
G1 X52.255 Y26.283 E.0195
G1 X48.125 Y30.413 E.1977
G1 X48.7 Y30.413 E.01946
G1 X52.83 Y26.283 E.1977
G1 X53.406 Y26.282 E.0195
G1 X49.276 Y30.413 E.19772
G1 X49.852 Y30.413 E.0195
G1 X53.982 Y26.282 E.19772
G1 X54.558 Y26.282 E.0195
G1 X50.427 Y30.413 E.19775
G1 X51.003 Y30.413 E.0195
G1 X55.134 Y26.282 E.19775
G1 X55.71 Y26.282 E.0195
G1 X51.579 Y30.413 E.19775
G1 X52.154 Y30.413 E.01946
G1 X56.285 Y26.282 E.19775
G1 X56.861 Y26.282 E.0195
G1 X52.73 Y30.413 E.19775
G1 X53.306 Y30.413 E.0195
G1 X57.437 Y26.281 E.19777
G1 X58.013 Y26.281 E.0195
G1 X53.882 Y30.413 E.19777
G1 X54.457 Y30.413 E.01946
G1 X58.589 Y26.281 E.1978
G1 X59.165 Y26.281 E.0195
G1 X55.033 Y30.413 E.1978
G1 X55.609 Y30.413 E.0195
G1 X59.74 Y26.281 E.19777
G1 X60.316 Y26.281 E.0195
G1 X56.184 Y30.413 E.1978
G1 X56.76 Y30.413 E.0195
G1 X60.892 Y26.281 E.1978
G1 X61.468 Y26.281 E.0195
G1 X57.336 Y30.413 E.1978
G1 X57.911 Y30.413 E.01946
G1 X62.044 Y26.28 E.19784
G1 X62.62 Y26.28 E.0195
G1 X58.487 Y30.413 E.19784
G1 X59.063 Y30.413 E.0195
G1 X63.195 Y26.28 E.19782
G1 X63.771 Y26.28 E.0195
G1 X59.639 Y30.413 E.19782
G1 X60.214 Y30.413 E.01946
G1 X64.347 Y26.28 E.19784
G1 X64.923 Y26.28 E.0195
G1 X60.79 Y30.413 E.19784
G1 X61.366 Y30.413 E.0195
G1 X65.499 Y26.28 E.19784
G1 X66.075 Y26.279 E.0195
G1 X61.941 Y30.413 E.19789
G1 X62.517 Y30.413 E.0195
G1 X66.65 Y26.279 E.19787
G1 X67.226 Y26.279 E.0195
G1 X63.093 Y30.413 E.19787
G1 X63.668 Y30.413 E.01946
G1 X67.802 Y26.279 E.19789
G1 X68.378 Y26.279 E.0195
G1 X64.244 Y30.413 E.19789
G1 X64.82 Y30.413 E.0195
G1 X68.954 Y26.279 E.19789
G1 X69.53 Y26.279 E.0195
G1 X65.395 Y30.413 E.19792
G1 X65.971 Y30.413 E.0195
G1 X70.105 Y26.278 E.19792
G1 X70.681 Y26.278 E.0195
G1 X66.547 Y30.413 E.19792
G1 X67.123 Y30.413 E.0195
G1 X71.257 Y26.278 E.19792
G1 X71.833 Y26.278 E.0195
G1 X67.698 Y30.413 E.19794
G1 X68.274 Y30.413 E.0195
G1 X72.409 Y26.278 E.19794
G1 X72.985 Y26.278 E.0195
G1 X68.85 Y30.413 E.19794
G1 X69.425 Y30.413 E.01946
G1 X73.56 Y26.278 E.19794
G1 X74.136 Y26.278 E.0195
G1 X70.001 Y30.413 E.19794
G1 X70.577 Y30.413 E.0195
G1 X74.712 Y26.277 E.19796
G1 X75.288 Y26.277 E.0195
G1 X71.152 Y30.413 E.19799
G1 X71.728 Y30.413 E.0195
G1 X75.864 Y26.277 E.19799
G1 X76.439 Y26.277 E.01946
G1 X72.304 Y30.413 E.19796
G1 X72.88 Y30.413 E.0195
G1 X77.015 Y26.277 E.19796
G1 X77.591 Y26.277 E.0195
G1 X73.455 Y30.413 E.19799
G1 X74.031 Y30.413 E.0195
G1 X78.167 Y26.277 E.19799
G1 X78.743 Y26.276 E.0195
G1 X74.607 Y30.413 E.19801
G1 X75.182 Y30.413 E.01946
G1 X79.319 Y26.276 E.19804
G1 X79.894 Y26.276 E.01946
G1 X75.758 Y30.413 E.19801
G1 X76.334 Y30.413 E.0195
G1 X80.47 Y26.276 E.19801
G1 X81.046 Y26.276 E.0195
G1 X76.909 Y30.413 E.19804
G1 X77.485 Y30.413 E.0195
G1 X81.622 Y26.276 E.19804
G1 X82.198 Y26.276 E.0195
G1 X78.061 Y30.413 E.19804
G1 X78.637 Y30.413 E.0195
G1 X82.774 Y26.275 E.19806
G1 X83.349 Y26.275 E.01946
G1 X79.212 Y30.413 E.19806
G1 X79.788 Y30.413 E.0195
G1 X83.925 Y26.275 E.19806
G1 X84.084 Y26.225 E.00564
;WIDTH:0.41646
G1 X84.243 Y26.174 E.00519
;WIDTH:0.38292
G1 X84.202 Y26.185 E.0012
G1 X84.183 Y26.114 E.00208
G1 X84.254 Y26.133 E.00208
G1 E-2 F2400
M204 S8000
G1 X86.239 Y24.549 F24000
G1 E2 F2400
M204 S5000
G1 F9600
G1 X86.168 Y24.53 E.00208
G1 X86.187 Y24.602 E.00211
G1 X86.228 Y24.591 E.0012
;WIDTH:0.41646
G1 X86.135 Y24.662 E.00363
;WIDTH:0.449999
G1 X86.042 Y24.734 E.00398
G1 X80.364 Y30.413 E.27183
G1 X80.939 Y30.413 E.01946
G1 X86.618 Y24.734 E.27185
G1 X87.193 Y24.734 E.01946
G1 X81.515 Y30.413 E.27183
G1 X82.091 Y30.413 E.0195
G1 X87.769 Y24.734 E.27183
G1 X88.345 Y24.734 E.0195
G1 X82.666 Y30.413 E.27185
G1 X83.242 Y30.413 E.0195
G1 X88.92 Y24.734 E.27183
G1 X89.496 Y24.734 E.0195
G1 X83.818 Y30.413 E.27183
G1 X84.393 Y30.413 E.01946
G1 X90.072 Y24.734 E.27185
G1 X90.648 Y24.734 E.0195
G1 X84.969 Y30.413 E.27185
G1 X85.545 Y30.413 E.0195
G1 X91.223 Y24.734 E.27183
G1 X91.799 Y24.734 E.0195
G1 X86.121 Y30.413 E.27183
G1 X86.696 Y30.413 E.01946
G1 X92.375 Y24.734 E.27185
G1 X92.95 Y24.734 E.01946
G1 X87.272 Y30.413 E.27183
G1 X87.848 Y30.413 E.0195
G1 X93.526 Y24.734 E.27183
G1 X94.102 Y24.734 E.0195
G1 X88.423 Y30.413 E.27185
G1 X88.999 Y30.413 E.0195
G1 X94.677 Y24.734 E.27183
G1 X95.253 Y24.734 E.0195
G1 X89.575 Y30.413 E.27183
G1 X90.15 Y30.413 E.01946
G1 X95.829 Y24.734 E.27185
G1 X96.405 Y24.734 E.0195
G1 X90.726 Y30.413 E.27185
G1 X91.302 Y30.413 E.0195
G1 X96.98 Y24.734 E.27183
G1 X97.556 Y24.734 E.0195
G1 X91.878 Y30.413 E.27183
G1 X92.453 Y30.413 E.01946
G1 X98.132 Y24.734 E.27185
G1 X98.707 Y24.734 E.01946
G1 X93.029 Y30.413 E.27183
G1 X93.605 Y30.413 E.0195
G1 X99.283 Y24.734 E.27183
G1 X99.859 Y24.734 E.0195
G1 X94.18 Y30.413 E.27185
G1 X94.756 Y30.413 E.0195
G1 X100.434 Y24.734 E.27183
G1 X101.01 Y24.734 E.0195
G1 X95.332 Y30.413 E.27183
G1 X95.907 Y30.413 E.01946
G1 X101.586 Y24.734 E.27185
G1 X102.162 Y24.734 E.0195
G1 X96.483 Y30.413 E.27185
G1 X97.059 Y30.413 E.0195
G1 X102.737 Y24.734 E.27183
G1 X103.313 Y24.734 E.0195
G1 X97.635 Y30.413 E.27183
G1 X98.21 Y30.413 E.01946
G1 X103.889 Y24.734 E.27185
G1 X104.464 Y24.734 E.01946
G1 X98.786 Y30.413 E.27183
G1 X99.362 Y30.413 E.0195
G1 X105.04 Y24.734 E.27183
G1 X105.616 Y24.734 E.0195
G1 X99.937 Y30.413 E.27185
G1 X100.513 Y30.413 E.0195
G1 X106.191 Y24.734 E.27183
G1 X106.767 Y24.734 E.0195
G1 X101.089 Y30.413 E.27183
G1 X101.664 Y30.413 E.01946
G1 X107.343 Y24.734 E.27185
G1 X107.918 Y24.734 E.01946
G1 X102.24 Y30.413 E.27183
G1 X102.816 Y30.413 E.0195
G1 X108.494 Y24.734 E.27183
G1 X109.07 Y24.734 E.0195
G1 X103.391 Y30.413 E.27185
G1 X103.967 Y30.413 E.0195
G1 X109.646 Y24.734 E.27185
G1 X110.221 Y24.734 E.01946
G1 X104.543 Y30.413 E.27183
G1 X105.119 Y30.413 E.0195
G1 X110.797 Y24.734 E.27183
G1 X111.373 Y24.734 E.0195
G1 X105.694 Y30.413 E.27185
G1 X106.27 Y30.413 E.0195
G1 X111.948 Y24.734 E.27183
G1 X112.524 Y24.734 E.0195
G1 X106.846 Y30.413 E.27183
G1 X107.421 Y30.413 E.01946
G1 X113.1 Y24.734 E.27185
G1 X113.675 Y24.734 E.01946
G1 X107.997 Y30.413 E.27183
G1 X108.573 Y30.413 E.0195
G1 X114.251 Y24.734 E.27183
G1 X114.827 Y24.734 E.0195
G1 X109.148 Y30.413 E.27185
G1 X109.724 Y30.413 E.0195
G1 X115.403 Y24.734 E.27185
G1 X115.978 Y24.734 E.01946
G1 X110.3 Y30.413 E.27183
G1 X110.876 Y30.413 E.0195
G1 X116.554 Y24.734 E.27183
G1 X117.13 Y24.734 E.0195
G1 X111.451 Y30.413 E.27185
G1 X112.027 Y30.413 E.0195
G1 X117.705 Y24.734 E.27183
G1 X118.281 Y24.734 E.0195
G1 X112.603 Y30.413 E.27183
G1 X113.178 Y30.413 E.01946
G1 X118.857 Y24.734 E.27185
G1 X119.432 Y24.734 E.01946
G1 X113.754 Y30.413 E.27183
G1 X114.33 Y30.413 E.0195
G1 X120.008 Y24.734 E.27183
G1 X120.584 Y24.734 E.0195
G1 X114.905 Y30.413 E.27185
G1 X115.481 Y30.413 E.0195
G1 X121.16 Y24.734 E.27185
G1 X121.735 Y24.734 E.01946
G1 X116.057 Y30.413 E.27183
G1 X116.633 Y30.413 E.0195
G1 X122.311 Y24.734 E.27183
G1 X122.887 Y24.734 E.0195
G1 X117.208 Y30.413 E.27185
G1 X117.784 Y30.413 E.0195
G1 X123.462 Y24.734 E.27183
G1 X124.038 Y24.734 E.0195
G1 X118.36 Y30.413 E.27183
G1 X118.935 Y30.413 E.01946
G1 X124.614 Y24.734 E.27185
G1 X125.189 Y24.734 E.01946
G1 X119.511 Y30.413 E.27183
G1 X120.087 Y30.413 E.0195
G1 X125.765 Y24.734 E.27183
G1 X126.341 Y24.734 E.0195
G1 X120.662 Y30.413 E.27185
G1 X121.238 Y30.413 E.0195
G1 X126.916 Y24.734 E.27183
G1 X127.492 Y24.734 E.0195
G1 X121.814 Y30.413 E.27183
G1 X122.389 Y30.413 E.01946
G1 X128.068 Y24.734 E.27185
G1 X128.644 Y24.734 E.0195
G1 X122.965 Y30.413 E.27185
G1 X123.541 Y30.413 E.0195
G1 X129.219 Y24.734 E.27183
G1 X129.795 Y24.734 E.0195
G1 X124.117 Y30.413 E.27183
G1 X124.692 Y30.413 E.01946
G1 X130.371 Y24.734 E.27185
G1 X130.946 Y24.734 E.01946
G1 X125.268 Y30.413 E.27183
G1 X125.844 Y30.413 E.0195
G1 X131.522 Y24.734 E.27183
G1 X132.098 Y24.734 E.0195
G1 X126.419 Y30.413 E.27185
G1 X126.995 Y30.413 E.0195
G1 X132.673 Y24.734 E.27183
G1 X133.249 Y24.734 E.0195
G1 X127.571 Y30.413 E.27183
G1 X128.146 Y30.413 E.01946
G1 X133.825 Y24.734 E.27185
G1 X134.401 Y24.734 E.0195
G1 X128.722 Y30.413 E.27185
G1 X129.298 Y30.413 E.0195
G1 X134.976 Y24.734 E.27183
G1 X135.101 Y24.685 E.00454
;WIDTH:0.41646
G1 X135.225 Y24.636 E.00414
;WIDTH:0.38292
G1 X135.184 Y24.647 E.0012
G1 X135.165 Y24.576 E.00208
G1 X135.236 Y24.595 E.00208
;WIDTH:0.449999
G1 X135.063 Y25.224 E.02208
G1 X129.874 Y30.413 E.24839
G1 X130.449 Y30.413 E.01946
G1 X135.137 Y25.725 E.22441
G1 X135.38 Y26.057 E.01393
G1 X131.025 Y30.413 E.2085
G1 X131.601 Y30.413 E.0195
G1 X135.757 Y26.257 E.19895
G1 X136.302 Y26.287 E.01848
G1 X132.176 Y30.413 E.19751
G1 X132.752 Y30.413 E.0195
G1 X136.877 Y26.287 E.19749
G1 X137.453 Y26.287 E.0195
G1 X133.328 Y30.413 E.19749
G1 X133.903 Y30.413 E.01946
G1 X138.029 Y26.287 E.19751
G1 X138.604 Y26.287 E.01946
G1 X134.479 Y30.413 E.19749
G1 X135.055 Y30.413 E.0195
G1 X139.18 Y26.287 E.19749
G1 X139.756 Y26.287 E.0195
G1 X135.63 Y30.413 E.19751
G1 X136.206 Y30.413 E.0195
G1 X140.331 Y26.287 E.19749
G1 X140.907 Y26.287 E.0195
G1 X136.782 Y30.413 E.19749
G1 X137.358 Y30.413 E.0195
G1 X141.483 Y26.287 E.19749
G1 X142.059 Y26.287 E.0195
G1 X137.933 Y30.413 E.19751
G1 X138.509 Y30.413 E.0195
G1 X142.634 Y26.287 E.19749
G1 X143.21 Y26.287 E.0195
G1 X139.085 Y30.413 E.19749
G1 X139.66 Y30.413 E.01946
G1 X143.786 Y26.287 E.19751
G1 X144.361 Y26.287 E.01946
G1 X140.236 Y30.413 E.19749
G1 X140.812 Y30.413 E.0195
G1 X144.937 Y26.287 E.19749
G1 X145.513 Y26.287 E.0195
G1 X141.387 Y30.413 E.19751
G1 X141.963 Y30.413 E.0195
G1 X146.088 Y26.287 E.19749
G1 X146.664 Y26.287 E.0195
G1 X142.539 Y30.413 E.19749
G1 X143.115 Y30.413 E.0195
G1 X147.24 Y26.287 E.19749
G1 X147.815 Y26.287 E.01946
G1 X143.69 Y30.413 E.19749
G1 X144.266 Y30.413 E.0195
G1 X148.391 Y26.287 E.19749
G1 X148.967 Y26.287 E.0195
G1 X144.842 Y30.413 E.19749
G1 X145.417 Y30.413 E.01946
G1 X149.543 Y26.287 E.19751
G1 X150.118 Y26.287 E.01946
G1 X145.993 Y30.413 E.19749
G1 X146.569 Y30.413 E.0195
G1 X150.694 Y26.287 E.19749
G1 X151.27 Y26.287 E.0195
G1 X147.144 Y30.413 E.19751
G1 X147.72 Y30.413 E.0195
G1 X151.845 Y26.287 E.19749
G1 X152.421 Y26.287 E.0195
G1 X148.296 Y30.413 E.19749
G1 X148.872 Y30.413 E.0195
G1 X152.997 Y26.287 E.19749
G1 X153.572 Y26.287 E.01946
G1 X149.447 Y30.413 E.19749
G1 X150.023 Y30.413 E.0195
G1 X154.148 Y26.287 E.19749
G1 X154.724 Y26.287 E.0195
G1 X150.599 Y30.413 E.19749
G1 X151.174 Y30.413 E.01946
G1 X155.3 Y26.287 E.19751
G1 X155.875 Y26.287 E.01946
G1 X151.75 Y30.413 E.19749
G1 X152.326 Y30.413 E.0195
G1 X156.451 Y26.287 E.19749
G1 X157.027 Y26.287 E.0195
G1 X152.901 Y30.413 E.19751
G1 X153.477 Y30.413 E.0195
G1 X157.602 Y26.287 E.19749
G1 X158.178 Y26.287 E.0195
G1 X154.053 Y30.413 E.19749
G1 X154.628 Y30.413 E.01946
G1 X158.754 Y26.287 E.19751
G1 X159.329 Y26.287 E.01946
G1 X155.204 Y30.413 E.19749
G1 X155.78 Y30.413 E.0195
G1 X159.905 Y26.287 E.19749
G1 X160.481 Y26.287 E.0195
G1 X156.356 Y30.413 E.19749
G1 X156.931 Y30.413 E.01946
G1 X161.056 Y26.287 E.19749
G1 X161.632 Y26.287 E.0195
G1 X157.507 Y30.413 E.19749
G1 X158.083 Y30.413 E.0195
G1 X162.208 Y26.287 E.19749
G1 X162.784 Y26.287 E.0195
G1 X158.658 Y30.413 E.19751
G1 X159.234 Y30.413 E.0195
G1 X163.359 Y26.287 E.19749
G1 X163.935 Y26.287 E.0195
G1 X159.81 Y30.413 E.19749
G1 X160.385 Y30.413 E.01946
G1 X164.511 Y26.287 E.19751
G1 X165.086 Y26.287 E.01946
G1 X160.961 Y30.413 E.19749
G1 X161.537 Y30.413 E.0195
G1 X165.662 Y26.287 E.19749
G1 X166.238 Y26.287 E.0195
G1 X162.113 Y30.413 E.19749
G1 X162.688 Y30.413 E.01946
G1 X166.813 Y26.287 E.19749
G1 X167.389 Y26.287 E.0195
G1 X163.264 Y30.413 E.19749
G1 X163.84 Y30.413 E.0195
G1 X167.965 Y26.287 E.19749
G1 X168.541 Y26.287 E.0195
G1 X164.415 Y30.413 E.19751
G1 X164.991 Y30.413 E.0195
G1 X169.116 Y26.287 E.19749
G1 X169.692 Y26.287 E.0195
G1 X165.567 Y30.413 E.19749
G1 X166.142 Y30.413 E.01946
G1 X170.268 Y26.287 E.19751
G1 X170.843 Y26.287 E.01946
G1 X166.718 Y30.413 E.19749
G1 X167.294 Y30.413 E.0195
G1 X171.419 Y26.287 E.19749
G1 X171.995 Y26.287 E.0195
G1 X167.87 Y30.413 E.19749
G1 X168.445 Y30.413 E.01946
G1 X172.57 Y26.287 E.19749
G1 X173.146 Y26.287 E.0195
G1 X169.021 Y30.413 E.19749
G1 X169.597 Y30.413 E.0195
G1 X173.722 Y26.287 E.19749
G1 X174.298 Y26.287 E.0195
G1 X170.172 Y30.413 E.19751
G1 X170.748 Y30.413 E.0195
G1 X174.873 Y26.287 E.19749
G1 X175.449 Y26.287 E.0195
G1 X171.324 Y30.413 E.19749
G1 X171.899 Y30.413 E.01946
G1 X176.025 Y26.287 E.19751
G1 X176.6 Y26.287 E.01946
G1 X172.475 Y30.413 E.19749
G1 X173.051 Y30.413 E.0195
G1 X177.176 Y26.287 E.19749
G1 X177.752 Y26.287 E.0195
G1 X173.626 Y30.413 E.19751
G1 X174.202 Y30.413 E.0195
G1 X178.327 Y26.287 E.19749
G1 X178.903 Y26.287 E.0195
G1 X174.778 Y30.413 E.19749
G1 X175.354 Y30.413 E.0195
G1 X179.479 Y26.287 E.19749
G1 X180.054 Y26.287 E.01946
G1 X175.929 Y30.413 E.19749
G1 X176.505 Y30.413 E.0195
G1 X180.63 Y26.287 E.19749
G1 X181.206 Y26.287 E.0195
G1 X177.081 Y30.413 E.19749
G1 X177.656 Y30.413 E.01946
G1 X181.782 Y26.287 E.19751
G1 X182.357 Y26.287 E.01946
G1 X178.232 Y30.413 E.19749
G1 X178.808 Y30.413 E.0195
G1 X182.933 Y26.287 E.19749
G1 X183.509 Y26.287 E.0195
G1 X179.383 Y30.413 E.19751
G1 X179.959 Y30.413 E.0195
G1 X184.084 Y26.287 E.19749
G1 X184.66 Y26.287 E.0195
G1 X180.535 Y30.413 E.19749
G1 X181.111 Y30.413 E.0195
G1 X185.236 Y26.287 E.19749
G1 X185.811 Y26.287 E.01946
G1 X181.686 Y30.413 E.19749
G1 X182.262 Y30.413 E.0195
G1 X186.387 Y26.287 E.19749
G1 X186.963 Y26.287 E.0195
G1 X182.838 Y30.413 E.19749
G1 X183.413 Y30.413 E.01946
G1 X187.539 Y26.287 E.19751
G1 X187.863 Y26.539 E.01389
G1 X183.989 Y30.413 E.18545
G1 X184.565 Y30.413 E.0195
G1 X188.151 Y26.827 E.17166
G1 X188.439 Y27.114 E.01376
G1 X185.14 Y30.413 E.15792
G1 X185.716 Y30.413 E.0195
G1 X188.727 Y27.402 E.14413
G1 X189.014 Y27.69 E.01376
G1 X186.292 Y30.413 E.13032
G1 X186.741 Y30.616 E.01668
;WIDTH:0.38292
G1 X186.7 Y30.627 E.0012
G1 X186.681 Y30.556 E.00208
G1 X186.752 Y30.575 E.00208
;WIDTH:0.41646
G1 X186.81 Y30.494 E.00309
;WIDTH:0.449999
G1 X186.868 Y30.413 E.00337
G1 X189.302 Y27.978 E.11654
G1 X211.754 Y50.43 E1.07476
G1 X208.937 Y53.247 E.13485
G1 X208.937 Y51.351 E.06418
G1 X208.882 Y51.042 E.01062
G1 X208.662 Y50.686 E.01417
G1 X188.559 Y30.601 E.96189
G1 X188.371 Y30.489 E.00741
G1 X187.999 Y30.413 E.01285
G1 X187.443 Y30.413 E.01882
G1 X189.446 Y28.41 E.09588
G1 X189.59 Y28.841 E.01538
G1 X211.179 Y50.43 E1.03345
G1 X209.344 Y52.264 E.08782
G1 X209.344 Y51.351 E.0309
G1 X209.229 Y50.808 E.01879
G1 X208.95 Y50.398 E.01679
G1 X189.037 Y30.502 E.95282
G1 X188.705 Y30.207 E.01503
G1 X188.367 Y30.065 E.01241
G1 X189.446 Y28.985 E.05167
G1 X189.59 Y29.417 E.01541
G1 X210.603 Y50.43 E1.00588
G1 X209.746 Y51.287 E.04102
G1 X209.682 Y50.89 E.01361
G1 X209.533 Y50.522 E.01344
G1 X209.237 Y50.11 E.01717
G1 X189.058 Y29.949 E.96553
G1 X189.446 Y29.561 E.01857
G1 X189.59 Y29.949 E.01401
;WIDTH:0.387514
G1 X209.499 Y49.849 E.80656
;WIDTH:0.420654
G1 X209.689 Y50.071 E.00918
;WIDTH:0.465916
G1 X209.88 Y50.294 E.01033
;WIDTH:0.510998
G1 X209.984 Y50.43 E.00666
G1 E-2 F2400
M204 S8000
G1 X212.042 Y50.718 F24000
G1 E2 F2400
M204 S5000
;WIDTH:0.449999
G1 F9600
G1 X208.937 Y53.823 E.14863
G1 X208.937 Y54.398 E.01946
G1 X212.33 Y51.006 E.1624
G1 X212.618 Y51.294 E.01379
G1 X208.937 Y54.974 E.17618
G1 X208.937 Y55.55 E.0195
G1 X212.906 Y51.581 E.18999
G1 X213.063 Y52 E.01515
G1 X208.937 Y56.126 E.19751
G1 X208.937 Y56.701 E.01946
G1 X213.063 Y52.576 E.19749
G1 X213.063 Y53.152 E.0195
G1 X208.937 Y57.277 E.19749
G1 X208.937 Y57.853 E.0195
G1 X213.063 Y53.727 E.19751
G1 X213.063 Y54.303 E.0195
G1 X208.937 Y58.428 E.19749
G1 X208.937 Y59.004 E.0195
G1 X213.063 Y54.879 E.19749
G1 X213.063 Y55.455 E.0195
G1 X208.937 Y59.58 E.19749
G1 X208.937 Y60.155 E.01946
G1 X213.063 Y56.03 E.19749
G1 X213.063 Y56.606 E.0195
G1 X208.937 Y60.731 E.19749
G1 X208.937 Y61.307 E.0195
G1 X213.063 Y57.182 E.19749
G1 X213.063 Y57.757 E.01946
G1 X208.937 Y61.883 E.19751
G1 X208.937 Y62.458 E.01946
G1 X213.063 Y58.333 E.19749
G1 X213.063 Y58.909 E.0195
G1 X208.937 Y63.034 E.19749
G1 X208.937 Y63.61 E.0195
G1 X213.063 Y59.484 E.19751
G1 X213.063 Y60.06 E.0195
G1 X208.937 Y64.185 E.19749
G1 X208.937 Y64.761 E.0195
G1 X213.063 Y60.636 E.19749
G1 X213.063 Y61.211 E.01946
G1 X208.937 Y65.337 E.19751
G1 X208.937 Y65.912 E.01946
G1 X213.063 Y61.787 E.19749
G1 X213.063 Y62.363 E.0195
G1 X208.937 Y66.488 E.19749
G1 X208.937 Y67.064 E.0195
G1 X213.063 Y62.939 E.19749
G1 X213.063 Y63.514 E.01946
G1 X208.937 Y67.639 E.19749
G1 X208.937 Y68.215 E.0195
G1 X213.063 Y64.09 E.19749
G1 X213.063 Y64.666 E.0195
G1 X208.937 Y68.791 E.19749
G1 X208.937 Y69.367 E.0195
G1 X213.063 Y65.241 E.19751
G1 X213.063 Y65.817 E.0195
G1 X208.937 Y69.942 E.19749
G1 X208.937 Y70.518 E.0195
G1 X213.063 Y66.393 E.19749
G1 X213.063 Y66.968 E.01946
G1 X208.937 Y71.094 E.19751
G1 X208.937 Y71.669 E.01946
G1 X213.063 Y67.544 E.19749
G1 X213.063 Y68.12 E.0195
G1 X208.937 Y72.245 E.19749
G1 X208.937 Y72.821 E.0195
G1 X213.063 Y68.696 E.19749
G1 X213.063 Y69.271 E.01946
G1 X208.937 Y73.396 E.19749
G1 X208.937 Y73.972 E.0195
G1 X213.063 Y69.847 E.19749
G1 X213.063 Y70.423 E.0195
G1 X208.937 Y74.548 E.19749
G1 X208.937 Y75.124 E.0195
G1 X213.063 Y70.998 E.19751
G1 X213.063 Y71.574 E.0195
G1 X208.937 Y75.699 E.19749
G1 X208.937 Y76.275 E.0195
G1 X213.063 Y72.15 E.19749
G1 X213.063 Y72.725 E.01946
G1 X208.937 Y76.851 E.19751
G1 X208.937 Y77.426 E.01946
G1 X213.063 Y73.301 E.19749
G1 X213.063 Y73.877 E.0195
G1 X208.937 Y78.002 E.19749
G1 X208.937 Y78.578 E.0195
G1 X213.063 Y74.452 E.19751
G1 X213.063 Y75.028 E.0195
G1 X208.937 Y79.153 E.19749
G1 X208.937 Y79.729 E.0195
G1 X213.063 Y75.604 E.19749
G1 X213.063 Y76.18 E.0195
G1 X208.937 Y80.305 E.19749
G1 X208.937 Y80.881 E.0195
G1 X213.063 Y76.755 E.19751
G1 X213.063 Y77.331 E.0195
G1 X208.937 Y81.456 E.19749
G1 X208.937 Y82.032 E.0195
G1 X213.063 Y77.907 E.19749
G1 X213.063 Y78.482 E.01946
G1 X208.937 Y82.608 E.19751
G1 X208.937 Y83.183 E.01946
G1 X213.063 Y79.058 E.19749
G1 X213.063 Y79.634 E.0195
G1 X208.937 Y83.759 E.19749
G1 X208.937 Y84.335 E.0195
G1 X213.063 Y80.209 E.19751
G1 X213.063 Y80.785 E.0195
G1 X208.937 Y84.91 E.19749
G1 X208.937 Y85.486 E.0195
G1 X213.063 Y81.361 E.19749
G1 X213.063 Y81.937 E.0195
G1 X208.937 Y86.062 E.19749
G1 X208.937 Y86.637 E.01946
G1 X213.063 Y82.512 E.19749
G1 X213.063 Y83.088 E.0195
G1 X208.937 Y87.213 E.19749
G1 X208.937 Y87.789 E.0195
G1 X213.063 Y83.664 E.19749
G1 X213.063 Y84.239 E.01946
G1 X208.937 Y88.365 E.19751
G1 X208.937 Y88.94 E.01946
G1 X213.063 Y84.815 E.19749
G1 X213.063 Y85.391 E.0195
G1 X208.937 Y89.516 E.19749
G1 X208.937 Y90.092 E.0195
G1 X213.063 Y85.966 E.19751
G1 X213.063 Y86.542 E.0195
G1 X208.937 Y90.667 E.19749
G1 X208.937 Y91.243 E.0195
G1 X213.063 Y87.118 E.19749
G1 X213.063 Y87.694 E.0195
G1 X208.937 Y91.819 E.19749
G1 X208.937 Y92.394 E.01946
G1 X213.063 Y88.269 E.19749
G1 X213.063 Y88.845 E.0195
G1 X208.937 Y92.97 E.19749
G1 X208.937 Y93.546 E.0195
G1 X213.063 Y89.421 E.19749
G1 X213.063 Y89.996 E.01946
G1 X208.937 Y94.122 E.19751
G1 X208.937 Y94.697 E.01946
G1 X213.063 Y90.572 E.19749
G1 X213.063 Y91.148 E.0195
G1 X208.937 Y95.273 E.19749
G1 X208.937 Y95.849 E.0195
G1 X213.063 Y91.723 E.19751
G1 X213.063 Y92.299 E.0195
G1 X208.937 Y96.424 E.19749
G1 X208.937 Y97 E.0195
G1 X213.063 Y92.875 E.19749
G1 X213.063 Y93.45 E.01946
G1 X208.937 Y97.576 E.19751
G1 X208.937 Y98.151 E.01946
G1 X213.063 Y94.026 E.19749
G1 X213.063 Y94.602 E.0195
G1 X208.937 Y98.727 E.19749
G1 X208.937 Y99.303 E.0195
G1 X213.063 Y95.178 E.19749
G1 X213.063 Y95.753 E.01946
G1 X208.937 Y99.878 E.19749
G1 X208.937 Y100.454 E.0195
G1 X213.063 Y96.329 E.19749
G1 X213.063 Y96.905 E.0195
G1 X208.937 Y101.03 E.19749
G1 X208.937 Y101.606 E.0195
G1 X213.063 Y97.48 E.19751
G1 X213.063 Y98.056 E.0195
G1 X208.937 Y102.181 E.19749
G1 X208.937 Y102.757 E.0195
G1 X213.063 Y98.632 E.19749
G1 X213.063 Y99.207 E.01946
G1 X208.937 Y103.333 E.19751
G1 X208.937 Y103.908 E.01946
G1 X213.063 Y99.783 E.19749
G1 X213.063 Y100.359 E.0195
G1 X208.937 Y104.484 E.19749
G1 X208.937 Y105.06 E.0195
G1 X213.063 Y100.935 E.19749
G1 X213.063 Y101.51 E.01946
G1 X208.937 Y105.635 E.19749
G1 X208.937 Y106.211 E.0195
G1 X213.063 Y102.086 E.19749
G1 X213.063 Y102.662 E.0195
G1 X208.937 Y106.787 E.19749
G1 X208.937 Y107.363 E.0195
G1 X213.063 Y103.237 E.19751
G1 X213.063 Y103.813 E.0195
G1 X208.937 Y107.938 E.19749
G1 X208.937 Y108.514 E.0195
G1 X213.063 Y104.389 E.19749
G1 X213.063 Y104.964 E.01946
G1 X208.937 Y109.09 E.19751
G1 X208.937 Y109.665 E.01946
G1 X213.063 Y105.54 E.19749
G1 X213.063 Y106.116 E.0195
G1 X208.937 Y110.241 E.19749
G1 X208.937 Y110.817 E.0195
G1 X213.063 Y106.692 E.19749
G1 X213.063 Y107.267 E.01946
G1 X208.937 Y111.392 E.19749
G1 X208.937 Y111.968 E.0195
G1 X213.063 Y107.843 E.19749
G1 X213.063 Y108.419 E.0195
G1 X208.937 Y112.544 E.19749
G1 X208.937 Y113.12 E.0195
G1 X213.063 Y108.994 E.19751
G1 X213.063 Y109.57 E.0195
G1 X208.937 Y113.695 E.19749
G1 X208.937 Y114.271 E.0195
G1 X213.063 Y110.146 E.19749
G1 X213.063 Y110.721 E.01946
G1 X208.937 Y114.847 E.19751
G1 X208.937 Y115.422 E.01946
G1 X213.063 Y111.297 E.19749
G1 X213.063 Y111.873 E.0195
G1 X208.937 Y115.998 E.19749
G1 X208.937 Y116.574 E.0195
G1 X213.063 Y112.448 E.19751
G1 X213.063 Y113.024 E.0195
G1 X208.937 Y117.149 E.19749
G1 X208.937 Y117.725 E.0195
G1 X213.063 Y113.6 E.19749
G1 X213.063 Y114.176 E.0195
G1 X208.937 Y118.301 E.19749
G1 X208.937 Y118.876 E.01946
G1 X213.063 Y114.751 E.19749
G1 X213.063 Y115.327 E.0195
G1 X208.937 Y119.452 E.19749
G1 X208.937 Y120.028 E.0195
G1 X213.063 Y115.903 E.19749
G1 X213.063 Y116.478 E.01946
G1 X208.937 Y120.604 E.19751
G1 X208.937 Y121.179 E.01946
G1 X213.063 Y117.054 E.19749
G1 X213.063 Y117.63 E.0195
G1 X208.937 Y121.755 E.19749
G1 X208.937 Y122.331 E.0195
G1 X213.063 Y118.205 E.19751
G1 X213.063 Y118.781 E.0195
G1 X208.937 Y122.906 E.19749
G1 X208.937 Y123.482 E.0195
G1 X213.063 Y119.357 E.19749
G1 X213.063 Y119.933 E.0195
G1 X208.937 Y124.058 E.19749
G1 X208.937 Y124.633 E.01946
G1 X213.063 Y120.508 E.19749
G1 X213.063 Y121.084 E.0195
G1 X208.937 Y125.209 E.19749
G1 X208.937 Y125.785 E.0195
G1 X213.063 Y121.66 E.19749
G1 X213.063 Y122.235 E.01946
G1 X208.937 Y126.361 E.19751
G1 X208.937 Y126.936 E.01946
G1 X213.063 Y122.811 E.19749
G1 X213.063 Y123.387 E.0195
G1 X208.937 Y127.512 E.19749
G1 X208.937 Y128.088 E.0195
G1 X213.063 Y123.962 E.19751
G1 X213.063 Y124.538 E.0195
G1 X208.937 Y128.663 E.19749
G1 X208.937 Y129.239 E.0195
G1 X213.063 Y125.114 E.19749
G1 X213.063 Y125.689 E.01946
G1 X208.937 Y129.815 E.19751
G1 X208.937 Y130.39 E.01946
G1 X213.063 Y126.265 E.19749
G1 X213.063 Y126.841 E.0195
G1 X208.937 Y130.966 E.19749
G1 X208.937 Y131.542 E.0195
G1 X213.063 Y127.417 E.19749
G1 X213.063 Y127.992 E.01946
G1 X208.937 Y132.117 E.19749
G1 X208.937 Y132.693 E.0195
G1 X213.063 Y128.568 E.19749
G1 X213.063 Y129.144 E.0195
G1 X208.937 Y133.269 E.19749
G1 X208.937 Y133.845 E.0195
G1 X213.063 Y129.719 E.19751
G1 X213.063 Y130.295 E.0195
G1 X208.937 Y134.42 E.19749
G1 X208.937 Y134.996 E.0195
G1 X213.063 Y130.871 E.19749
G1 X213.063 Y131.446 E.01946
G1 X208.937 Y135.572 E.19751
G1 X208.937 Y136.147 E.01946
G1 X213.063 Y132.022 E.19749
G1 X213.063 Y132.598 E.0195
G1 X208.937 Y136.723 E.19749
G1 X208.937 Y137.299 E.0195
G1 X213.063 Y133.174 E.19749
G1 X213.063 Y133.749 E.01946
G1 X208.937 Y137.874 E.19749
G1 X208.937 Y138.45 E.0195
G1 X213.063 Y134.325 E.19749
G1 X213.063 Y134.901 E.0195
G1 X208.937 Y139.026 E.19749
G1 X208.937 Y139.602 E.0195
G1 X213.063 Y135.476 E.19751
G1 X213.063 Y136.052 E.0195
G1 X208.937 Y140.177 E.19749
G1 X208.937 Y140.753 E.0195
G1 X213.063 Y136.628 E.19749
G1 X213.063 Y137.203 E.01946
G1 X208.937 Y141.329 E.19751
G1 X208.937 Y141.904 E.01946
G1 X213.063 Y137.779 E.19749
G1 X213.063 Y138.355 E.0195
G1 X208.937 Y142.48 E.19749
G1 X208.937 Y143.056 E.0195
G1 X213.063 Y138.931 E.19749
G1 X213.063 Y139.506 E.01946
G1 X208.937 Y143.631 E.19749
G1 X208.937 Y144.207 E.0195
G1 X213.063 Y140.082 E.19749
G1 X213.063 Y140.658 E.0195
G1 X208.937 Y144.783 E.19749
G1 X208.937 Y145.359 E.0195
G1 X213.063 Y141.233 E.19751
G1 X213.063 Y141.809 E.0195
G1 X208.937 Y145.934 E.19749
G1 X208.937 Y146.51 E.0195
G1 X213.063 Y142.385 E.19749
G1 X213.063 Y142.96 E.01946
G1 X208.937 Y147.086 E.19751
G1 X208.937 Y147.661 E.01946
G1 X213.063 Y143.536 E.19749
G1 X213.063 Y144.112 E.0195
G1 X208.937 Y148.237 E.19749
G1 X208.937 Y148.813 E.0195
G1 X213.063 Y144.687 E.19751
G1 X213.063 Y145.263 E.0195
G1 X208.937 Y149.388 E.19749
G1 X208.937 Y149.964 E.0195
G1 X213.063 Y145.839 E.19749
G1 X213.063 Y146.415 E.0195
G1 X208.937 Y150.54 E.19749
G1 X208.937 Y151.115 E.01946
G1 X213.063 Y146.99 E.19749
G1 X213.063 Y147.566 E.0195
G1 X208.937 Y151.691 E.19749
G1 X208.937 Y152.267 E.0195
G1 X213.063 Y148.142 E.19749
G1 X213.063 Y148.717 E.01946
G1 X208.937 Y152.843 E.19751
G1 X208.937 Y153.418 E.01946
G1 X213.063 Y149.293 E.19749
G1 X213.063 Y149.869 E.0195
G1 X208.937 Y153.994 E.19749
G1 X208.937 Y154.57 E.0195
G1 X213.063 Y150.444 E.19751
G1 X213.063 Y151.02 E.0195
G1 X208.937 Y155.145 E.19749
G1 X208.937 Y155.721 E.0195
G1 X213.063 Y151.596 E.19749
G1 X213.063 Y152.172 E.0195
G1 X208.937 Y156.297 E.19749
G1 X208.937 Y156.872 E.01946
G1 X213.063 Y152.747 E.19749
G1 X213.063 Y153.323 E.0195
G1 X208.937 Y157.448 E.19749
G1 X208.937 Y158.024 E.0195
G1 X213.063 Y153.899 E.19749
G1 X213.063 Y154.474 E.01946
G1 X208.937 Y158.6 E.19751
G1 X208.937 Y159.175 E.01946
G1 X213.063 Y155.05 E.19749
G1 X213.063 Y155.626 E.0195
G1 X208.937 Y159.751 E.19749
G1 X208.937 Y160.327 E.0195
G1 X213.063 Y156.201 E.19751
G1 X213.063 Y156.777 E.0195
G1 X208.937 Y160.902 E.19749
G1 X208.937 Y161.478 E.0195
G1 X213.063 Y157.353 E.19749
G1 X213.063 Y157.928 E.01946
G1 X208.937 Y162.054 E.19751
G1 X208.937 Y162.629 E.01946
G1 X213.063 Y158.504 E.19749
G1 X213.063 Y159.08 E.0195
G1 X208.937 Y163.205 E.19749
G1 X208.937 Y163.781 E.0195
G1 X213.063 Y159.656 E.19749
G1 X213.063 Y160.231 E.01946
G1 X208.937 Y164.357 E.19751
G1 X208.937 Y164.932 E.01946
G1 X213.063 Y160.807 E.19749
G1 X213.063 Y161.383 E.0195
G1 X208.937 Y165.508 E.19749
G1 X208.937 Y166.084 E.0195
G1 X213.063 Y161.958 E.19751
G1 X213.063 Y162.534 E.0195
G1 X208.937 Y166.659 E.19749
G1 X208.937 Y167.235 E.0195
G1 X213.063 Y163.11 E.19749
G1 X213.063 Y163.685 E.01946
G1 X208.937 Y167.811 E.19751
G1 X208.937 Y168.386 E.01946
G1 X213.063 Y164.261 E.19749
G1 X213.063 Y164.837 E.0195
G1 X208.937 Y168.962 E.19749
G1 X208.937 Y169.538 E.0195
G1 X213.063 Y165.413 E.19749
G1 X213.063 Y165.988 E.01946
G1 X208.937 Y170.113 E.19749
G1 X208.937 Y170.689 E.0195
G1 X213.063 Y166.564 E.19749
G1 X213.063 Y167.14 E.0195
G1 X208.937 Y171.265 E.19749
G1 X208.882 Y171.424 E.00569
;WIDTH:0.41646
G1 X208.827 Y171.583 E.00523
;WIDTH:0.38292
G1 X208.785 Y171.594 E.00123
G1 X208.766 Y171.523 E.00208
G1 X208.838 Y171.542 E.00211
G1 E-2 F2400
M204 S8000
G1 X213.063 Y167.715 F24000
G1 E2 F2400
M204 S5000
;WIDTH:0.449999
G1 F9600
G1 X184.365 Y196.413 E1.37376
G1 X184.941 Y196.413 E.0195
G1 X213.063 Y168.291 E1.34618
G1 X213.063 Y168.867 E.0195
G1 X185.517 Y196.413 E1.31861
G1 X186.092 Y196.413 E.01946
G1 X213.063 Y169.442 E1.29108
G1 X213.063 Y170.018 E.0195
G1 X186.668 Y196.413 E1.26351
G1 X187.129 Y196.575 E.01654
;WIDTH:0.38292
G1 X187.057 Y196.556 E.00211
G1 X187.077 Y196.627 E.00209
G1 X187.118 Y196.616 E.0012
;WIDTH:0.41646
G1 X187.181 Y196.515 E.0037
;WIDTH:0.449999
G1 X187.244 Y196.413 E.00406
G1 X213.063 Y170.594 E1.23594
G1 X213.165 Y170.531 E.00406
;WIDTH:0.41646
G1 X213.266 Y170.468 E.0037
;WIDTH:0.38292
G1 X213.225 Y170.479 E.0012
G1 X213.206 Y170.407 E.00211
G1 X213.277 Y170.427 E.00209
;WIDTH:0.449999
G1 X213.136 Y170.992 E.01971
;WIDTH:0.38292
G1 X187.642 Y196.486 E1.01929
G1 E-2 F2400
M204 S8000
G1 X164.428 Y201.413 F24000
G1 E2 F2400
M204 S5000
;TYPE:Internal infill
;WIDTH:0.45
G1 F13200
G1 X166.871 Y201.413 E.08269
G1 X163.746 Y198.287 E.14962
G1 X166.188 Y198.287 E.08266
G1 E-2 F2400
M204 S8000
G1 X157.803 Y194.787 F24000
G1 E2 F2400
M204 S5000
G1 F13200
G1 X160.246 Y194.787 E.08269
G1 X161.067 Y195.608 E.0393
G1 X161.073 Y197.094 E.0503
G1 X156.755 Y201.413 E.20672
G1 X155.357 Y201.413 E.04732
G1 X148.732 Y194.787 E.31716
G1 X151.866 Y194.787 E.10608
G1 X145.241 Y201.413 E.31716
G1 X143.843 Y201.413 E.04732
G1 X137.218 Y194.787 E.31716
G1 X140.352 Y194.787 E.10608
G1 X133.727 Y201.413 E.31716
G1 X132.329 Y201.413 E.04732
G1 X125.704 Y194.787 E.31716
G1 X128.838 Y194.787 E.10608
G1 X122.213 Y201.413 E.31716
G1 X120.815 Y201.413 E.04732
G1 X114.19 Y194.787 E.31716
G1 X117.324 Y194.787 E.10608
G1 X110.699 Y201.413 E.31716
G1 X109.301 Y201.413 E.04732
G1 X102.676 Y194.787 E.31716
G1 X105.81 Y194.787 E.10608
G1 X99.185 Y201.413 E.31716
G1 X97.787 Y201.413 E.04732
G1 X91.162 Y194.787 E.31716
G1 X94.296 Y194.787 E.10608
G1 X87.671 Y201.413 E.31716
G1 X86.273 Y201.413 E.04732
G1 X79.648 Y194.787 E.31716
G1 X82.782 Y194.787 E.10608
G1 X76.157 Y201.413 E.31716
G1 X74.759 Y201.413 E.04732
G1 X68.134 Y194.787 E.31716
G1 X71.268 Y194.787 E.10608
G1 X64.643 Y201.413 E.31716
G1 X63.245 Y201.413 E.04732
G1 X58.927 Y197.094 E.20672
G1 X58.933 Y195.608 E.0503
G1 X59.754 Y194.787 E.0393
G1 X62.197 Y194.787 E.08269
G1 E-2 F2400
M204 S8000
G1 X53.812 Y198.287 F24000
G1 E2 F2400
M204 S5000
G1 F13200
G1 X56.254 Y198.287 E.08266
G1 X53.129 Y201.413 E.14962
G1 X55.572 Y201.413 E.08269
;LAYER_CHANGE
;Z:2.075
;HEIGHT:0.075
G1 E-2 F2400
G1 Z2.075 F24000
M204 S8000
G1 X169.977 Y190.813
G1 E2 F2400
M204 S5000
;TYPE:Support material
;WIDTH:0.4
G1 F7200
G1 X50.023 Y190.813 E1.43593
G1 X50.023 Y190.02 E.00949
G1 X169.977 Y190.02 E1.43593
G1 X169.977 Y190.761 E.00887
;LAYER_CHANGE
;Z:2.2
;HEIGHT:0.125
G1 E-2 F2400
G1 Z2.2 F24000
M204 S8000
G1 X161.558 Y197.791
G1 E2 F2400
M204 S4000
;TYPE:Perimeter
;WIDTH:0.449999
;HEIGHT:0.2
G1 F10800
G1 X161.61 Y197.858 E.00287
G1 X161.779 Y197.949 E.0065
G1 X161.979 Y197.982 E.00686
G1 X167.368 Y197.982 E.18241
G1 X167.368 Y201.718 E.12646
G1 X52.632 Y201.718 E3.88367
G1 X52.632 Y197.982 E.12646
G1 X58.106 Y197.982 E.18529
G1 X58.39 Y197.858 E.01049
G1 X58.512 Y197.735 E.00586
G1 X58.632 Y197.371 E.01297
G1 X58.632 Y194.482 E.09779
G1 X161.368 Y194.482 E3.47749
G1 X161.368 Y197.371 E.09779
G1 X161.413 Y197.602 E.00797
G1 X161.522 Y197.743 E.00603
M204 S5000
M204 S8000
G1 X161.84 Y197.508 F24000
M204 S4000
;TYPE:External perimeter
G1 F7200
G1 X161.856 Y197.534 E.00103
G1 X161.979 Y197.575 E.00439
G1 X167.775 Y197.575 E.19619
G1 X167.775 Y202.125 E.15401
G1 X52.225 Y202.125 E3.91122
G1 X52.225 Y197.575 E.15401
G1 X58.021 Y197.575 E.19619
G1 X58.144 Y197.534 E.00439
G1 X58.225 Y197.371 E.00616
G1 X58.225 Y194.075 E.11157
G1 X161.775 Y194.075 E3.50504
G1 X161.775 Y197.402 E.11261
G1 X161.809 Y197.457 E.00219
M204 S5000
G1 X162.193 Y197.568 F24000
G1 E-2 F2400
M204 S8000
G1 X84.632 Y17.982 F24000
G1 E2 F2400
M204 S4000
;TYPE:Perimeter
G1 F10800
G1 X135.368 Y17.982 E1.71735
G1 X135.368 Y25.445 E.25261
G1 X135.452 Y25.681 E.00848
G1 X135.656 Y25.89 E.00989
G1 X135.979 Y25.982 E.01137
G1 X187.738 Y25.982 E1.75198
G1 X213.368 Y51.612 E1.22689
G1 X213.368 Y171.088 E4.04411
G1 X187.738 Y196.718 E1.22689
G1 X168.632 Y196.718 E.64671
G1 X168.632 Y191.982 E.16031
G1 X188.009 Y191.982 E.65589
G1 X188.234 Y191.939 E.00775
G1 X188.441 Y191.803 E.00838
G1 X208.453 Y171.791 E.95796
G1 X208.589 Y171.584 E.00838
G1 X208.632 Y171.359 E.00775
G1 X208.632 Y51.341 E4.06246
G1 X208.589 Y51.116 E.00775
G1 X208.453 Y50.909 E.00838
G1 X188.441 Y30.897 E.95796
G1 X188.234 Y30.761 E.00838
G1 X188.009 Y30.718 E.00775
G1 X31.991 Y30.718 E5.28102
G1 X31.766 Y30.761 E.00775
G1 X31.559 Y30.897 E.00838
G1 X11.547 Y50.909 E.95796
G1 X11.411 Y51.116 E.00838
G1 X11.368 Y51.341 E.00775
G1 X11.368 Y171.359 E4.06246
G1 X11.411 Y171.584 E.00775
G1 X11.547 Y171.791 E.00838
G1 X31.559 Y191.803 E.95796
G1 X31.766 Y191.939 E.00838
G1 X31.991 Y191.982 E.00775
G1 X51.368 Y191.982 E.65589
G1 X51.368 Y196.718 E.16031
G1 X32.262 Y196.718 E.64671
G1 X6.632 Y171.088 E1.22689
G1 X6.632 Y51.612 E4.04411
G1 X32.262 Y25.982 E1.22689
G1 X84.152 Y25.982 E1.75641
G1 X84.464 Y25.793 E.01235
G1 X84.599 Y25.57 E.00882
G1 X84.632 Y25.371 E.00683
G1 X84.632 Y18.042 E.24808
M204 S5000
M204 S8000
G1 X84.225 Y17.575 F24000
M204 S4000
;TYPE:External perimeter
G1 F7200
G1 X135.775 Y17.575 E1.7449
G1 X135.775 Y25.371 E.26388
G1 X135.831 Y25.512 E.00514
G1 X135.979 Y25.575 E.00544
G1 X187.907 Y25.575 E1.7577
G1 X213.775 Y51.443 E1.23829
G1 X213.775 Y171.257 E4.05556
G1 X187.907 Y197.125 E1.23829
G1 X168.225 Y197.125 E.66621
G1 X168.225 Y191.575 E.18786
G1 X188.009 Y191.575 E.66966
G1 X188.153 Y191.515 E.00528
G1 X208.165 Y171.503 E.95796
G1 X208.225 Y171.359 E.00528
G1 X208.225 Y51.341 E4.06246
G1 X208.165 Y51.197 E.00528
G1 X188.153 Y31.185 E.95796
G1 X188.009 Y31.125 E.00528
G1 X31.991 Y31.125 E5.28102
G1 X31.847 Y31.185 E.00528
G1 X11.835 Y51.197 E.95796
G1 X11.775 Y51.341 E.00528
G1 X11.775 Y171.359 E4.06246
G1 X11.835 Y171.503 E.00528
G1 X31.847 Y191.515 E.95796
G1 X31.991 Y191.575 E.00528
G1 X51.775 Y191.575 E.66966
G1 X51.775 Y197.125 E.18786
G1 X32.093 Y197.125 E.66621
G1 X6.225 Y171.257 E1.23829
G1 X6.225 Y51.443 E4.05556
G1 X32.093 Y25.575 E1.23829
G1 X84.021 Y25.575 E1.7577
G1 X84.169 Y25.512 E.00544
G1 X84.225 Y25.371 E.00514
G1 X84.225 Y17.635 E.26185
M204 S5000
G1 X84.621 Y17.576 F24000
G1 E-2 F2400
M204 S8000
G1 X84.932 Y22.368 F24000
G1 E2 F2400
M204 S5000
;TYPE:Internal infill
;WIDTH:0.45
G1 F13200
G1 X84.935 Y19.925 E.08269
G1 X86.573 Y18.287 E.07841
G1 X87.371 Y18.287 E.02701
G1 X93.411 Y24.327 E.28913
G1 X92.047 Y24.327 E.04617
G1 X98.087 Y18.287 E.28913
G1 X98.885 Y18.287 E.02701
G1 X104.925 Y24.327 E.28913
G1 X103.561 Y24.327 E.04617
G1 X109.601 Y18.287 E.28913
G1 X110.399 Y18.287 E.02701
G1 X116.439 Y24.327 E.28913
G1 X115.075 Y24.327 E.04617
G1 X121.115 Y18.287 E.28913
G1 X121.913 Y18.287 E.02701
G1 X127.953 Y24.327 E.28913
G1 X126.589 Y24.327 E.04617
G1 X132.629 Y18.287 E.28913
G1 X133.427 Y18.287 E.02701
G1 X135.063 Y19.923 E.07831
G1 X135.063 Y22.366 E.08269
G1 E-2 F2400
M204 S8000
G1 X187.461 Y26.102 F24000
G1 E2 F2400
M204 S5000
;TYPE:Top solid infill
;WIDTH:0.400227
G1 F7200
G1 X213.088 Y51.728 E1.07674
G1 X213.088 Y52.233 E.015
G1 X187.117 Y26.262 E1.09121
G1 X186.611 Y26.262 E.01503
G1 X213.088 Y52.739 E1.11247
G1 X213.088 Y53.244 E.015
G1 X186.106 Y26.262 E1.13369
G1 X185.601 Y26.262 E.015
G1 X213.088 Y53.749 E1.15491
G1 X213.088 Y54.255 E.01503
G1 X185.095 Y26.262 E1.17617
G1 X184.59 Y26.262 E.015
G1 X213.088 Y54.76 E1.19739
G1 X213.088 Y55.265 E.015
G1 X184.085 Y26.262 E1.21861
G1 X183.579 Y26.262 E.01503
G1 X187.755 Y30.438 E.17546
G1 X187.249 Y30.438 E.01503
G1 X183.074 Y26.262 E.17544
G1 X182.569 Y26.262 E.015
G1 X186.744 Y30.438 E.17544
G1 X186.239 Y30.438 E.015
G1 X182.063 Y26.262 E.17546
G1 X181.558 Y26.262 E.015
G1 X185.733 Y30.438 E.17544
G1 X185.228 Y30.438 E.015
G1 X181.053 Y26.262 E.17544
G1 X180.548 Y26.262 E.015
G1 X184.723 Y30.438 E.17544
G1 X184.217 Y30.438 E.01503
G1 X180.042 Y26.262 E.17544
G1 X179.537 Y26.262 E.015
G1 X183.712 Y30.438 E.17544
G1 X183.207 Y30.438 E.015
G1 X179.032 Y26.262 E.17544
G1 X178.526 Y26.262 E.01503
G1 X182.702 Y30.438 E.17546
G1 X182.196 Y30.438 E.01503
G1 X178.021 Y26.262 E.17544
G1 X177.516 Y26.262 E.015
G1 X181.691 Y30.438 E.17544
G1 X181.186 Y30.438 E.015
G1 X177.01 Y26.262 E.17546
G1 X176.505 Y26.262 E.015
G1 X180.68 Y30.438 E.17544
G1 X180.175 Y30.438 E.015
G1 X176 Y26.262 E.17544
G1 X175.494 Y26.262 E.01503
G1 X179.67 Y30.438 E.17546
G1 X179.164 Y30.438 E.01503
G1 X174.989 Y26.262 E.17544
G1 X174.484 Y26.262 E.015
G1 X178.659 Y30.438 E.17544
G1 X178.154 Y30.438 E.015
G1 X173.979 Y26.262 E.17544
G1 X173.473 Y26.262 E.01503
G1 X177.648 Y30.438 E.17544
G1 X177.143 Y30.438 E.015
G1 X172.968 Y26.262 E.17544
G1 X172.463 Y26.262 E.015
G1 X176.638 Y30.438 E.17544
G1 X176.133 Y30.438 E.015
G1 X171.957 Y26.262 E.17546
G1 X171.452 Y26.262 E.015
G1 X175.627 Y30.438 E.17544
G1 X175.122 Y30.438 E.015
G1 X170.947 Y26.262 E.17544
G1 X170.441 Y26.262 E.01503
G1 X174.617 Y30.438 E.17546
G1 X174.111 Y30.438 E.01503
G1 X169.936 Y26.262 E.17544
G1 X169.431 Y26.262 E.015
G1 X173.606 Y30.438 E.17544
G1 X173.101 Y30.438 E.015
G1 X168.925 Y26.262 E.17546
G1 X168.42 Y26.262 E.015
G1 X172.595 Y30.438 E.17544
G1 X172.09 Y30.438 E.015
G1 X167.915 Y26.262 E.17544
G1 X167.41 Y26.262 E.015
G1 X171.585 Y30.438 E.17544
G1 X171.079 Y30.438 E.01503
G1 X166.904 Y26.262 E.17544
G1 X166.399 Y26.262 E.015
G1 X170.574 Y30.438 E.17544
G1 X170.069 Y30.438 E.015
G1 X165.894 Y26.262 E.17544
G1 X165.388 Y26.262 E.01503
G1 X169.564 Y30.438 E.17546
G1 X169.058 Y30.438 E.01503
G1 X164.883 Y26.262 E.17544
G1 X164.378 Y26.262 E.015
G1 X168.553 Y30.438 E.17544
G1 X168.048 Y30.438 E.015
G1 X163.872 Y26.262 E.17546
G1 X163.367 Y26.262 E.015
G1 X167.542 Y30.438 E.17544
G1 X167.037 Y30.438 E.015
G1 X162.862 Y26.262 E.17544
G1 X162.356 Y26.262 E.01503
G1 X166.532 Y30.438 E.17546
G1 X166.026 Y30.438 E.01503
G1 X161.851 Y26.262 E.17544
G1 X161.346 Y26.262 E.015
G1 X165.521 Y30.438 E.17544
G1 X165.016 Y30.438 E.015
G1 X160.841 Y26.262 E.17544
G1 X160.335 Y26.262 E.01503
G1 X164.51 Y30.438 E.17544
G1 X164.005 Y30.438 E.015
G1 X159.83 Y26.262 E.17544
G1 X159.325 Y26.262 E.015
G1 X163.5 Y30.438 E.17544
G1 X162.995 Y30.438 E.015
G1 X158.819 Y26.262 E.17546
G1 X158.314 Y26.262 E.015
G1 X162.489 Y30.438 E.17544
G1 X161.984 Y30.438 E.015
G1 X157.809 Y26.262 E.17544
G1 X157.303 Y26.262 E.01503
G1 X161.479 Y30.438 E.17546
G1 X160.973 Y30.438 E.01503
G1 X156.798 Y26.262 E.17544
G1 X156.293 Y26.262 E.015
G1 X160.468 Y30.438 E.17544
G1 X159.963 Y30.438 E.015
G1 X155.787 Y26.262 E.17546
G1 X155.282 Y26.262 E.015
G1 X159.457 Y30.438 E.17544
G1 X158.952 Y30.438 E.015
G1 X154.777 Y26.262 E.17544
G1 X154.272 Y26.262 E.015
G1 X158.447 Y30.438 E.17544
G1 X157.941 Y30.438 E.01503
G1 X153.766 Y26.262 E.17544
G1 X153.261 Y26.262 E.015
G1 X157.436 Y30.438 E.17544
G1 X156.931 Y30.438 E.015
G1 X152.756 Y26.262 E.17544
G1 X152.25 Y26.262 E.01503
G1 X156.426 Y30.438 E.17546
G1 X155.92 Y30.438 E.01503
G1 X151.745 Y26.262 E.17544
G1 X151.24 Y26.262 E.015
G1 X155.415 Y30.438 E.17544
G1 X154.91 Y30.438 E.015
G1 X150.734 Y26.262 E.17546
G1 X150.229 Y26.262 E.015
G1 X154.404 Y30.438 E.17544
G1 X153.899 Y30.438 E.015
G1 X149.724 Y26.262 E.17544
G1 X149.218 Y26.262 E.01503
G1 X153.394 Y30.438 E.17546
G1 X152.888 Y30.438 E.01503
G1 X148.713 Y26.262 E.17544
G1 X148.208 Y26.262 E.015
G1 X152.383 Y30.438 E.17544
G1 X151.878 Y30.438 E.015
G1 X147.702 Y26.262 E.17546
G1 X147.197 Y26.262 E.015
G1 X151.372 Y30.438 E.17544
G1 X150.867 Y30.438 E.015
G1 X146.692 Y26.262 E.17544
G1 X146.187 Y26.262 E.015
G1 X150.362 Y30.438 E.17544
G1 X149.857 Y30.438 E.015
G1 X145.681 Y26.262 E.17546
G1 X145.176 Y26.262 E.015
G1 X149.351 Y30.438 E.17544
G1 X148.846 Y30.438 E.015
G1 X144.671 Y26.262 E.17544
G1 X144.165 Y26.262 E.01503
G1 X148.341 Y30.438 E.17546
G1 X147.835 Y30.438 E.01503
G1 X143.66 Y26.262 E.17544
G1 X143.155 Y26.262 E.015
G1 X147.33 Y30.438 E.17544
G1 X146.825 Y30.438 E.015
G1 X142.649 Y26.262 E.17546
G1 X142.144 Y26.262 E.015
G1 X146.319 Y30.438 E.17544
G1 X145.814 Y30.438 E.015
G1 X141.639 Y26.262 E.17544
G1 X141.133 Y26.262 E.01503
G1 X145.309 Y30.438 E.17546
G1 X144.803 Y30.438 E.01503
G1 X140.628 Y26.262 E.17544
G1 X140.123 Y26.262 E.015
G1 X144.298 Y30.438 E.17544
G1 X143.793 Y30.438 E.015
G1 X139.618 Y26.262 E.17544
G1 X139.112 Y26.262 E.01503
G1 X143.287 Y30.438 E.17544
G1 X142.782 Y30.438 E.015
G1 X138.607 Y26.262 E.17544
G1 X138.102 Y26.262 E.015
G1 X142.277 Y30.438 E.17544
G1 X141.772 Y30.438 E.015
G1 X137.596 Y26.262 E.17546
G1 X137.091 Y26.262 E.015
G1 X141.266 Y30.438 E.17544
G1 X140.761 Y30.438 E.015
G1 X136.425 Y26.102 E.18218
M204 S8000
G1 X135.248 Y24.925 F24000
M204 S5000
G1 F7200
G1 X135.033 Y24.709 E.00905
G1 X134.527 Y24.709 E.01503
G1 X135.088 Y25.27 E.02357
G1 X135.088 Y25.378 E.00321
G1 X135.134 Y25.658 E.00843
G1 X135.211 Y25.824 E.00544
G1 X135.333 Y25.987 E.00605
G1 X135.508 Y26.129 E.0067
G1 X135.729 Y26.228 E.00719
G1 X136.08 Y26.262 E.01048
G1 X140.256 Y30.438 E.17546
G1 X139.75 Y30.438 E.01503
G1 X134.022 Y24.709 E.24069
G1 X133.517 Y24.709 E.015
G1 X139.245 Y30.438 E.24069
G1 X138.74 Y30.438 E.015
G1 X133.011 Y24.709 E.24071
G1 X132.506 Y24.709 E.015
G1 X138.234 Y30.438 E.24069
G1 X137.729 Y30.438 E.015
G1 X132.001 Y24.709 E.24069
G1 X131.495 Y24.709 E.01503
G1 X137.224 Y30.438 E.24071
G1 X136.718 Y30.438 E.01503
G1 X130.99 Y24.709 E.24069
G1 X130.485 Y24.709 E.015
G1 X136.213 Y30.438 E.24069
G1 X135.708 Y30.438 E.015
G1 X129.979 Y24.709 E.24071
G1 X129.474 Y24.709 E.015
G1 X135.203 Y30.438 E.24071
G1 X134.697 Y30.438 E.01503
G1 X128.969 Y24.709 E.24069
G1 X128.464 Y24.709 E.015
G1 X134.192 Y30.438 E.24069
G1 X133.687 Y30.438 E.015
G1 X127.958 Y24.709 E.24071
G1 X127.453 Y24.709 E.015
G1 X133.181 Y30.438 E.24069
G1 X132.676 Y30.438 E.015
G1 X126.948 Y24.709 E.24069
G1 X126.442 Y24.709 E.01503
G1 X132.171 Y30.438 E.24071
G1 X131.665 Y30.438 E.01503
G1 X125.937 Y24.709 E.24069
G1 X125.432 Y24.709 E.015
G1 X131.16 Y30.438 E.24069
G1 X130.655 Y30.438 E.015
G1 X124.926 Y24.709 E.24071
G1 X124.421 Y24.709 E.015
G1 X130.149 Y30.438 E.24069
G1 X129.644 Y30.438 E.015
G1 X123.916 Y24.709 E.24069
G1 X123.41 Y24.709 E.01503
G1 X129.139 Y30.438 E.24071
G1 X128.634 Y30.438 E.015
G1 X122.905 Y24.709 E.24071
G1 X122.4 Y24.709 E.015
G1 X128.128 Y30.438 E.24069
G1 X127.623 Y30.438 E.015
G1 X121.895 Y24.709 E.24069
G1 X121.389 Y24.709 E.01503
G1 X127.118 Y30.438 E.24071
G1 X126.612 Y30.438 E.01503
G1 X120.884 Y24.709 E.24069
G1 X120.379 Y24.709 E.015
G1 X126.107 Y30.438 E.24069
G1 X125.602 Y30.438 E.015
G1 X119.873 Y24.709 E.24071
G1 X119.368 Y24.709 E.015
G1 X125.096 Y30.438 E.24069
G1 X124.591 Y30.438 E.015
G1 X118.863 Y24.709 E.24069
G1 X118.357 Y24.709 E.01503
G1 X124.086 Y30.438 E.24071
G1 X123.58 Y30.438 E.01503
G1 X117.852 Y24.709 E.24069
G1 X117.347 Y24.709 E.015
G1 X123.075 Y30.438 E.24069
G1 X122.57 Y30.438 E.015
G1 X116.841 Y24.709 E.24071
G1 X116.336 Y24.709 E.015
G1 X122.065 Y30.438 E.24071
G1 X121.559 Y30.438 E.01503
G1 X115.831 Y24.709 E.24069
G1 X115.325 Y24.709 E.01503
G1 X121.054 Y30.438 E.24071
G1 X120.549 Y30.438 E.015
G1 X114.82 Y24.709 E.24071
G1 X114.315 Y24.709 E.015
G1 X120.043 Y30.438 E.24069
G1 X119.538 Y30.438 E.015
G1 X113.81 Y24.709 E.24069
G1 X113.304 Y24.709 E.01503
G1 X119.033 Y30.438 E.24071
G1 X118.527 Y30.438 E.01503
G1 X112.799 Y24.709 E.24069
G1 X112.294 Y24.709 E.015
G1 X118.022 Y30.438 E.24069
G1 X117.517 Y30.438 E.015
G1 X111.788 Y24.709 E.24071
G1 X111.283 Y24.709 E.015
G1 X117.011 Y30.438 E.24069
G1 X116.506 Y30.438 E.015
G1 X110.778 Y24.709 E.24069
G1 X110.272 Y24.709 E.01503
G1 X116.001 Y30.438 E.24071
G1 X115.496 Y30.438 E.015
G1 X109.767 Y24.709 E.24071
G1 X109.262 Y24.709 E.015
G1 X114.99 Y30.438 E.24069
G1 X114.485 Y30.438 E.015
G1 X108.756 Y24.709 E.24071
G1 X108.251 Y24.709 E.015
G1 X113.98 Y30.438 E.24071
G1 X113.474 Y30.438 E.01503
G1 X107.746 Y24.709 E.24069
G1 X107.241 Y24.709 E.015
G1 X112.969 Y30.438 E.24069
G1 X112.464 Y30.438 E.015
G1 X106.735 Y24.709 E.24071
G1 X106.23 Y24.709 E.015
G1 X111.958 Y30.438 E.24069
G1 X111.453 Y30.438 E.015
G1 X105.725 Y24.709 E.24069
G1 X105.219 Y24.709 E.01503
G1 X110.948 Y30.438 E.24071
G1 X110.442 Y30.438 E.01503
G1 X104.714 Y24.709 E.24069
G1 X104.209 Y24.709 E.015
G1 X109.937 Y30.438 E.24069
G1 X109.432 Y30.438 E.015
G1 X103.703 Y24.709 E.24071
G1 X103.198 Y24.709 E.015
G1 X108.927 Y30.438 E.24071
G1 X108.421 Y30.438 E.01503
G1 X102.693 Y24.709 E.24069
G1 X102.187 Y24.709 E.01503
G1 X107.916 Y30.438 E.24071
G1 X107.411 Y30.438 E.015
G1 X101.682 Y24.709 E.24071
G1 X101.177 Y24.709 E.015
G1 X106.905 Y30.438 E.24069
G1 X106.4 Y30.438 E.015
G1 X100.672 Y24.709 E.24069
G1 X100.166 Y24.709 E.01503
G1 X105.895 Y30.438 E.24071
G1 X105.389 Y30.438 E.01503
G1 X99.661 Y24.709 E.24069
G1 X99.156 Y24.709 E.015
G1 X104.884 Y30.438 E.24069
G1 X104.379 Y30.438 E.015
G1 X98.65 Y24.709 E.24071
G1 X98.145 Y24.709 E.015
G1 X103.873 Y30.438 E.24069
G1 X103.368 Y30.438 E.015
G1 X97.64 Y24.709 E.24069
G1 X97.134 Y24.709 E.01503
G1 X102.863 Y30.438 E.24071
G1 X102.358 Y30.438 E.015
G1 X96.629 Y24.709 E.24071
G1 X96.124 Y24.709 E.015
G1 X101.852 Y30.438 E.24069
G1 X101.347 Y30.438 E.015
G1 X95.618 Y24.709 E.24071
G1 X95.113 Y24.709 E.015
G1 X100.842 Y30.438 E.24071
G1 X100.336 Y30.438 E.01503
G1 X94.608 Y24.709 E.24069
G1 X94.103 Y24.709 E.015
G1 X99.831 Y30.438 E.24069
G1 X99.326 Y30.438 E.015
G1 X93.597 Y24.709 E.24071
G1 X93.092 Y24.709 E.015
G1 X98.82 Y30.438 E.24069
G1 X98.315 Y30.438 E.015
G1 X92.587 Y24.709 E.24069
G1 X92.081 Y24.709 E.01503
G1 X97.81 Y30.438 E.24071
G1 X97.304 Y30.438 E.01503
G1 X91.576 Y24.709 E.24069
G1 X91.071 Y24.709 E.015
G1 X96.799 Y30.438 E.24069
G1 X96.294 Y30.438 E.015
G1 X90.565 Y24.709 E.24071
G1 X90.06 Y24.709 E.015
G1 X95.789 Y30.438 E.24071
G1 X95.283 Y30.438 E.01503
G1 X89.555 Y24.709 E.24069
G1 X89.049 Y24.709 E.01503
G1 X94.778 Y30.438 E.24071
G1 X94.273 Y30.438 E.015
G1 X88.544 Y24.709 E.24071
G1 X88.039 Y24.709 E.015
G1 X93.767 Y30.438 E.24069
G1 X93.262 Y30.438 E.015
G1 X87.534 Y24.709 E.24069
G1 X87.028 Y24.709 E.01503
G1 X92.757 Y30.438 E.24071
G1 X92.251 Y30.438 E.01503
G1 X86.523 Y24.709 E.24069
G1 X86.018 Y24.709 E.015
G1 X91.746 Y30.438 E.24069
G1 X91.241 Y30.438 E.015
G1 X85.512 Y24.709 E.24071
G1 X85.007 Y24.709 E.015
G1 X90.735 Y30.438 E.24069
G1 X90.23 Y30.438 E.015
G1 X84.903 Y25.111 E.22382
G1 X84.903 Y25.505 E.01171
G1 X84.881 Y25.594 E.00272
G1 X89.725 Y30.438 E.20353
G1 X89.219 Y30.438 E.01503
G1 X84.71 Y25.929 E.18945
G1 X84.667 Y25.987 E.00215
G1 X84.49 Y26.13 E.00676
G1 X84.43 Y26.153 E.00191
G1 X88.714 Y30.438 E.18002
G1 X88.209 Y30.438 E.015
G1 X84.021 Y26.25 E.17597
G1 X83.516 Y26.25 E.015
G1 X87.704 Y30.438 E.17597
G1 X87.198 Y30.438 E.01503
G1 X83.011 Y26.25 E.17594
G1 X82.506 Y26.251 E.015
G1 X86.693 Y30.438 E.17592
G1 X86.188 Y30.438 E.015
G1 X82.001 Y26.251 E.17592
G1 X81.495 Y26.251 E.01503
G1 X85.682 Y30.438 E.17592
G1 X85.177 Y30.438 E.015
G1 X80.99 Y26.251 E.17592
G1 X80.485 Y26.251 E.015
G1 X84.672 Y30.438 E.17592
G1 X84.166 Y30.438 E.01503
G1 X79.98 Y26.251 E.1759
G1 X79.475 Y26.251 E.015
G1 X83.661 Y30.438 E.1759
G1 X83.156 Y30.438 E.015
G1 X78.97 Y26.251 E.1759
G1 X78.464 Y26.251 E.01503
G1 X82.65 Y30.438 E.1759
G1 X82.145 Y30.438 E.015
G1 X77.959 Y26.252 E.17588
G1 X77.454 Y26.252 E.015
G1 X81.64 Y30.438 E.17588
G1 X81.135 Y30.438 E.015
G1 X76.949 Y26.252 E.17588
G1 X76.444 Y26.252 E.015
G1 X80.629 Y30.438 E.17586
G1 X80.124 Y30.438 E.015
G1 X75.938 Y26.252 E.17588
G1 X75.433 Y26.252 E.015
G1 X79.619 Y30.438 E.17588
G1 X79.113 Y30.438 E.01503
G1 X74.928 Y26.252 E.17586
G1 X74.423 Y26.252 E.015
G1 X78.608 Y30.438 E.17586
G1 X78.103 Y30.438 E.015
G1 X73.918 Y26.253 E.17584
G1 X73.412 Y26.253 E.01503
G1 X77.597 Y30.438 E.17584
G1 X77.092 Y30.438 E.015
G1 X72.907 Y26.253 E.17584
G1 X72.402 Y26.253 E.015
G1 X76.587 Y30.438 E.17584
G1 X76.081 Y30.438 E.01503
G1 X71.897 Y26.253 E.17582
G1 X71.392 Y26.253 E.015
G1 X75.576 Y30.438 E.17582
G1 X75.071 Y30.438 E.015
G1 X70.887 Y26.253 E.17582
G1 X70.381 Y26.253 E.01503
G1 X74.566 Y30.438 E.17584
G1 X74.06 Y30.438 E.01503
G1 X69.876 Y26.254 E.1758
G1 X69.371 Y26.254 E.015
G1 X73.555 Y30.438 E.1758
G1 X73.05 Y30.438 E.015
G1 X68.866 Y26.254 E.1758
G1 X68.361 Y26.254 E.015
G1 X72.544 Y30.438 E.17578
G1 X72.039 Y30.438 E.015
G1 X67.855 Y26.254 E.1758
G1 X67.35 Y26.254 E.015
G1 X71.534 Y30.438 E.1758
G1 X71.028 Y30.438 E.01503
G1 X66.845 Y26.254 E.17578
G1 X66.34 Y26.254 E.015
G1 X70.523 Y30.438 E.17578
G1 X70.018 Y30.438 E.015
G1 X65.835 Y26.254 E.17578
G1 X65.329 Y26.255 E.01503
G1 X69.512 Y30.438 E.17576
G1 X69.007 Y30.438 E.015
G1 X64.824 Y26.255 E.17576
G1 X64.319 Y26.255 E.015
G1 X68.502 Y30.438 E.17576
G1 X67.997 Y30.438 E.015
G1 X63.814 Y26.255 E.17576
G1 X63.309 Y26.255 E.015
G1 X67.491 Y30.438 E.17573
G1 X66.986 Y30.438 E.015
G1 X62.803 Y26.255 E.17576
G1 X62.298 Y26.255 E.015
G1 X66.481 Y30.438 E.17576
G1 X65.975 Y30.438 E.01503
G1 X61.793 Y26.255 E.17573
G1 X61.288 Y26.256 E.015
G1 X65.47 Y30.438 E.17571
G1 X64.965 Y30.438 E.015
G1 X60.783 Y26.256 E.17571
G1 X60.278 Y26.256 E.015
G1 X64.459 Y30.438 E.17569
G1 X63.954 Y30.438 E.015
G1 X59.772 Y26.256 E.17571
G1 X59.267 Y26.256 E.015
G1 X63.449 Y30.438 E.17571
G1 X62.943 Y30.438 E.01503
G1 X58.762 Y26.256 E.17569
G1 X58.257 Y26.256 E.015
G1 X62.438 Y30.438 E.17569
G1 X61.933 Y30.438 E.015
G1 X57.752 Y26.256 E.17569
G1 X57.246 Y26.256 E.01503
G1 X61.428 Y30.438 E.17571
G1 X60.922 Y30.438 E.01503
G1 X56.741 Y26.257 E.17567
G1 X56.236 Y26.257 E.015
G1 X60.417 Y30.438 E.17567
G1 X59.912 Y30.438 E.015
G1 X55.731 Y26.257 E.17567
G1 X55.226 Y26.257 E.015
G1 X59.406 Y30.438 E.17565
G1 X58.901 Y30.438 E.015
G1 X54.72 Y26.257 E.17567
G1 X54.215 Y26.257 E.015
G1 X58.396 Y30.438 E.17567
G1 X57.89 Y30.438 E.01503
G1 X53.71 Y26.257 E.17565
G1 X53.205 Y26.257 E.015
G1 X57.385 Y30.438 E.17565
G1 X56.88 Y30.438 E.015
G1 X52.7 Y26.258 E.17563
G1 X52.195 Y26.258 E.015
G1 X56.374 Y30.438 E.17561
G1 X55.869 Y30.438 E.015
G1 X51.689 Y26.258 E.17563
G1 X51.184 Y26.258 E.015
G1 X55.364 Y30.438 E.17563
G1 X54.859 Y30.438 E.015
G1 X50.679 Y26.258 E.17563
G1 X50.174 Y26.258 E.015
G1 X54.353 Y30.438 E.17561
G1 X53.848 Y30.438 E.015
G1 X49.669 Y26.258 E.17561
G1 X49.163 Y26.258 E.01503
G1 X53.343 Y30.438 E.17563
G1 X52.837 Y30.438 E.01503
G1 X48.658 Y26.259 E.17559
G1 X48.153 Y26.259 E.015
G1 X52.332 Y30.438 E.17559
G1 X51.827 Y30.438 E.015
G1 X47.648 Y26.259 E.17559
G1 X47.143 Y26.259 E.015
G1 X51.321 Y30.438 E.17557
G1 X50.816 Y30.438 E.015
G1 X46.637 Y26.259 E.17559
G1 X46.132 Y26.259 E.015
G1 X50.311 Y30.438 E.17559
G1 X49.805 Y30.438 E.01503
G1 X45.627 Y26.259 E.17557
G1 X45.122 Y26.259 E.015
G1 X49.3 Y30.438 E.17557
G1 X48.795 Y30.438 E.015
G1 X44.617 Y26.259 E.17557
G1 X44.111 Y26.26 E.01503
G1 X48.29 Y30.438 E.17557
G1 X47.784 Y30.438 E.01503
G1 X43.606 Y26.26 E.17555
G1 X43.101 Y26.26 E.015
G1 X47.279 Y30.438 E.17555
G1 X46.774 Y30.438 E.015
G1 X42.596 Y26.26 E.17555
G1 X42.091 Y26.26 E.015
G1 X46.268 Y30.438 E.17552
G1 X45.763 Y30.438 E.015
G1 X41.586 Y26.26 E.17552
G1 X41.08 Y26.26 E.01503
G1 X45.258 Y30.438 E.17555
G1 X44.752 Y30.438 E.01503
G1 X40.575 Y26.26 E.17552
G1 X40.07 Y26.261 E.015
G1 X44.247 Y30.438 E.1755
G1 X43.742 Y30.438 E.015
G1 X39.565 Y26.261 E.1755
G1 X39.06 Y26.261 E.015
G1 X43.236 Y30.438 E.17548
G1 X42.731 Y30.438 E.015
G1 X38.554 Y26.261 E.1755
G1 X38.049 Y26.261 E.015
G1 X42.226 Y30.438 E.1755
G1 X41.721 Y30.438 E.015
G1 X37.544 Y26.261 E.1755
G1 X37.039 Y26.261 E.015
G1 X41.215 Y30.438 E.17548
G1 X40.71 Y30.438 E.015
G1 X36.534 Y26.261 E.17548
G1 X36.028 Y26.262 E.01503
G1 X40.205 Y30.438 E.17548
G1 X39.699 Y30.438 E.01503
G1 X35.523 Y26.262 E.17546
G1 X35.018 Y26.262 E.015
G1 X39.194 Y30.438 E.17546
G1 X38.689 Y30.438 E.015
G1 X34.513 Y26.262 E.17546
G1 X34.008 Y26.262 E.015
G1 X38.183 Y30.438 E.17544
G1 X37.678 Y30.438 E.015
G1 X33.503 Y26.262 E.17544
G1 X32.997 Y26.262 E.01503
G1 X37.173 Y30.438 E.17546
G1 X36.667 Y30.438 E.01503
G1 X32.492 Y26.262 E.17544
G1 X32.378 Y26.262 E.00339
G1 X32.182 Y26.458 E.00824
G1 X36.162 Y30.438 E.16723
G1 X35.657 Y30.438 E.015
G1 X31.93 Y26.711 E.1566
G1 X31.677 Y26.963 E.01061
G1 X35.151 Y30.438 E.14599
G1 X34.646 Y30.438 E.015
G1 X31.424 Y27.216 E.13538
G1 X31.172 Y27.469 E.01061
G1 X34.141 Y30.438 E.12475
G1 X33.636 Y30.438 E.015
G1 X30.919 Y27.721 E.11416
G1 X30.666 Y27.974 E.01063
G1 X33.13 Y30.438 E.10353
G1 X32.625 Y30.438 E.015
G1 X30.414 Y28.226 E.09292
G1 X30.161 Y28.479 E.01063
G1 X32.12 Y30.438 E.08231
G1 X31.984 Y30.438 E.00404
G1 X31.674 Y30.497 E.00938
G1 X29.909 Y28.732 E.07416
G1 X29.656 Y28.984 E.01061
G1 X31.366 Y30.694 E.07185
G1 X31.113 Y30.947 E.01063
G1 X29.403 Y29.237 E.07185
G1 X29.151 Y29.49 E.01061
G1 X30.86 Y31.199 E.07181
G1 X30.608 Y31.452 E.01061
G1 X28.898 Y29.742 E.07185
G1 X28.645 Y29.995 E.01063
G1 X30.355 Y31.705 E.07185
G1 X30.102 Y31.957 E.01061
G1 X28.393 Y30.248 E.07181
G1 X28.14 Y30.5 E.01061
G1 X29.85 Y32.21 E.07185
G1 X29.597 Y32.463 E.01063
G1 X27.887 Y30.753 E.07185
G1 X27.635 Y31.006 E.01061
G1 X29.344 Y32.715 E.07181
G1 X29.092 Y32.968 E.01061
G1 X27.382 Y31.258 E.07185
G1 X27.129 Y31.511 E.01063
G1 X28.839 Y33.221 E.07185
G1 X28.586 Y33.473 E.01061
G1 X26.877 Y31.764 E.07181
G1 X26.624 Y32.016 E.01061
G1 X28.334 Y33.726 E.07185
G1 X28.081 Y33.979 E.01063
G1 X26.371 Y32.269 E.07185
G1 X26.119 Y32.522 E.01061
G1 X27.828 Y34.231 E.07181
G1 X27.576 Y34.484 E.01061
G1 X25.866 Y32.774 E.07185
G1 X25.613 Y33.027 E.01063
G1 X27.323 Y34.737 E.07185
G1 X27.07 Y34.989 E.01061
G1 X25.361 Y33.28 E.07181
G1 X25.108 Y33.532 E.01061
G1 X26.818 Y35.242 E.07185
G1 X26.565 Y35.495 E.01063
G1 X24.855 Y33.785 E.07185
G1 X24.603 Y34.038 E.01061
G1 X26.312 Y35.747 E.07181
G1 X26.06 Y36 E.01061
G1 X24.35 Y34.29 E.07185
G1 X24.097 Y34.543 E.01063
G1 X25.807 Y36.253 E.07185
G1 X25.555 Y36.505 E.01059
G1 X23.845 Y34.795 E.07185
G1 X23.592 Y35.048 E.01063
G1 X25.302 Y36.758 E.07185
G1 X25.049 Y37.011 E.01063
G1 X23.339 Y35.301 E.07185
G1 X23.087 Y35.553 E.01059
G1 X24.797 Y37.263 E.07185
G1 X24.544 Y37.516 E.01063
G1 X22.834 Y35.806 E.07185
G1 X22.582 Y36.059 E.01061
G1 X24.291 Y37.768 E.07181
G1 X24.039 Y38.021 E.01061
G1 X22.329 Y36.311 E.07185
G1 X22.076 Y36.564 E.01063
G1 X23.786 Y38.274 E.07185
G1 X23.533 Y38.526 E.01061
G1 X21.824 Y36.817 E.07181
G1 X21.571 Y37.069 E.01061
G1 X23.281 Y38.779 E.07185
G1 X23.028 Y39.032 E.01063
G1 X21.318 Y37.322 E.07185
G1 X21.066 Y37.575 E.01061
G1 X22.775 Y39.284 E.07181
G1 X22.523 Y39.537 E.01061
G1 X20.813 Y37.827 E.07185
G1 X20.56 Y38.08 E.01063
G1 X22.27 Y39.79 E.07185
G1 X22.017 Y40.042 E.01061
G1 X20.308 Y38.333 E.07181
G1 X20.055 Y38.585 E.01061
G1 X21.765 Y40.295 E.07185
G1 X21.512 Y40.548 E.01063
G1 X19.802 Y38.838 E.07185
G1 X19.55 Y39.091 E.01061
G1 X21.259 Y40.8 E.07181
G1 X21.007 Y41.053 E.01061
G1 X19.297 Y39.343 E.07185
G1 X19.044 Y39.596 E.01063
G1 X20.754 Y41.306 E.07185
G1 X20.501 Y41.558 E.01061
G1 X18.792 Y39.849 E.07181
G1 X18.539 Y40.101 E.01061
G1 X20.249 Y41.811 E.07185
G1 X19.996 Y42.064 E.01063
G1 X18.286 Y40.354 E.07185
G1 X18.034 Y40.607 E.01061
G1 X19.743 Y42.316 E.07181
G1 X19.491 Y42.569 E.01061
G1 X17.781 Y40.859 E.07185
G1 X17.528 Y41.112 E.01063
G1 X19.238 Y42.822 E.07185
G1 X18.985 Y43.074 E.01061
G1 X17.276 Y41.365 E.07181
G1 X17.023 Y41.617 E.01061
G1 X18.733 Y43.327 E.07185
G1 X18.48 Y43.58 E.01063
G1 X16.77 Y41.87 E.07185
G1 X16.518 Y42.122 E.01059
G1 X18.228 Y43.832 E.07185
G1 X17.975 Y44.085 E.01063
G1 X16.265 Y42.375 E.07185
G1 X16.013 Y42.628 E.01061
G1 X17.722 Y44.337 E.07181
G1 X17.47 Y44.59 E.01061
G1 X15.76 Y42.88 E.07185
G1 X15.507 Y43.133 E.01063
G1 X17.217 Y44.843 E.07185
G1 X16.964 Y45.095 E.01061
G1 X15.255 Y43.386 E.07181
G1 X15.002 Y43.638 E.01061
G1 X16.712 Y45.348 E.07185
G1 X16.459 Y45.601 E.01063
G1 X14.749 Y43.891 E.07185
G1 X14.497 Y44.144 E.01061
G1 X16.206 Y45.853 E.07181
G1 X15.954 Y46.106 E.01061
G1 X14.244 Y44.396 E.07185
G1 X13.991 Y44.649 E.01063
G1 X15.701 Y46.359 E.07185
G1 X15.448 Y46.611 E.01061
G1 X13.739 Y44.902 E.07181
G1 X13.486 Y45.154 E.01061
G1 X15.196 Y46.864 E.07185
G1 X14.943 Y47.117 E.01063
G1 X13.233 Y45.407 E.07185
G1 X12.981 Y45.66 E.01061
G1 X14.69 Y47.369 E.07181
G1 X14.438 Y47.622 E.01061
G1 X12.728 Y45.912 E.07185
G1 X12.475 Y46.165 E.01063
G1 X14.185 Y47.875 E.07185
G1 X13.932 Y48.127 E.01061
G1 X12.223 Y46.418 E.07181
G1 X11.97 Y46.67 E.01061
G1 X13.68 Y48.38 E.07185
G1 X13.427 Y48.633 E.01063
G1 X11.717 Y46.923 E.07185
G1 X11.465 Y47.176 E.01061
G1 X13.174 Y48.885 E.07181
G1 X12.922 Y49.138 E.01061
G1 X11.212 Y47.428 E.07185
G1 X10.959 Y47.681 E.01063
G1 X12.669 Y49.391 E.07185
G1 X12.416 Y49.643 E.01061
G1 X10.707 Y47.934 E.07181
G1 X10.454 Y48.186 E.01061
G1 X12.164 Y49.896 E.07185
G1 X11.911 Y50.149 E.01063
G1 X10.201 Y48.439 E.07185
G1 X9.949 Y48.691 E.01059
G1 X11.659 Y50.401 E.07185
G1 X11.406 Y50.654 E.01063
G1 X9.696 Y48.944 E.07185
G1 X9.444 Y49.197 E.01061
G1 X11.188 Y50.941 E.07328
G1 X11.148 Y51.015 E.0025
G1 X11.088 Y51.346 E.00999
G1 X9.191 Y49.449 E.07971
G1 X8.938 Y49.702 E.01063
G1 X11.088 Y51.852 E.09034
G1 X11.088 Y52.357 E.015
G1 X8.686 Y49.955 E.10092
G1 X8.433 Y50.207 E.01061
G1 X11.088 Y52.862 E.11155
G1 X11.088 Y53.367 E.015
G1 X8.18 Y50.46 E.12216
G1 X7.928 Y50.713 E.01061
G1 X11.088 Y53.873 E.13277
G1 X11.088 Y54.378 E.015
G1 X7.675 Y50.965 E.1434
G1 X7.422 Y51.218 E.01063
G1 X11.088 Y54.883 E.15401
G1 X11.088 Y55.389 E.01503
G1 X7.17 Y51.471 E.16462
G1 X6.917 Y51.723 E.01061
G1 X11.088 Y55.894 E.17525
G1 X11.088 Y56.399 E.015
G1 X6.912 Y52.224 E.17544
G1 X6.912 Y52.729 E.015
G1 X11.088 Y56.905 E.17546
G1 X11.088 Y57.41 E.015
G1 X6.912 Y53.235 E.17544
G1 X6.912 Y53.74 E.015
G1 X11.088 Y57.915 E.17544
G1 X11.088 Y58.421 E.01503
G1 X6.912 Y54.245 E.17546
G1 X6.912 Y54.751 E.01503
G1 X11.088 Y58.926 E.17544
G1 X11.088 Y59.431 E.015
G1 X6.912 Y55.256 E.17544
G1 X6.912 Y55.761 E.015
G1 X11.088 Y59.936 E.17544
G1 X11.088 Y60.442 E.01503
G1 X6.912 Y56.267 E.17544
G1 X6.912 Y56.772 E.015
G1 X11.088 Y60.947 E.17544
G1 X11.088 Y61.452 E.015
G1 X6.912 Y57.277 E.17544
G1 X6.912 Y57.782 E.015
G1 X11.088 Y61.958 E.17546
G1 X11.088 Y62.463 E.015
G1 X6.912 Y58.288 E.17544
G1 X6.912 Y58.793 E.015
G1 X11.088 Y62.968 E.17544
G1 X11.088 Y63.474 E.01503
G1 X6.912 Y59.298 E.17546
G1 X6.912 Y59.804 E.01503
G1 X11.088 Y63.979 E.17544
G1 X11.088 Y64.484 E.015
G1 X6.912 Y60.309 E.17544
G1 X6.912 Y60.814 E.015
G1 X11.088 Y64.99 E.17546
G1 X11.088 Y65.495 E.015
G1 X6.912 Y61.32 E.17544
G1 X6.912 Y61.825 E.015
G1 X11.088 Y66 E.17544
G1 X11.088 Y66.505 E.015
G1 X6.912 Y62.33 E.17544
G1 X6.912 Y62.836 E.01503
G1 X11.088 Y67.011 E.17544
G1 X11.088 Y67.516 E.015
G1 X6.912 Y63.341 E.17544
G1 X6.912 Y63.846 E.015
G1 X11.088 Y68.021 E.17544
G1 X11.088 Y68.527 E.01503
G1 X6.912 Y64.351 E.17546
G1 X6.912 Y64.857 E.01503
G1 X11.088 Y69.032 E.17544
G1 X11.088 Y69.537 E.015
G1 X6.912 Y65.362 E.17544
G1 X6.912 Y65.867 E.015
G1 X11.088 Y70.043 E.17546
G1 X11.088 Y70.548 E.015
G1 X6.912 Y66.373 E.17544
G1 X6.912 Y66.878 E.015
G1 X11.088 Y71.053 E.17544
G1 X11.088 Y71.559 E.01503
G1 X6.912 Y67.383 E.17546
G1 X6.912 Y67.889 E.01503
G1 X11.088 Y72.064 E.17544
G1 X11.088 Y72.569 E.015
G1 X6.912 Y68.394 E.17544
G1 X6.912 Y68.899 E.015
G1 X11.088 Y73.074 E.17544
G1 X11.088 Y73.58 E.01503
G1 X6.912 Y69.405 E.17544
G1 X6.912 Y69.91 E.015
G1 X11.088 Y74.085 E.17544
G1 X11.088 Y74.59 E.015
G1 X6.912 Y70.415 E.17544
G1 X6.912 Y70.92 E.015
G1 X11.088 Y75.096 E.17546
G1 X11.088 Y75.601 E.015
G1 X6.912 Y71.426 E.17544
G1 X6.912 Y71.931 E.015
G1 X11.088 Y76.106 E.17544
G1 X11.088 Y76.612 E.01503
G1 X6.912 Y72.436 E.17546
G1 X6.912 Y72.942 E.01503
G1 X11.088 Y77.117 E.17544
G1 X11.088 Y77.622 E.015
G1 X6.912 Y73.447 E.17544
G1 X6.912 Y73.952 E.015
G1 X11.088 Y78.128 E.17546
G1 X11.088 Y78.633 E.015
G1 X6.912 Y74.458 E.17544
G1 X6.912 Y74.963 E.015
G1 X11.088 Y79.138 E.17544
G1 X11.088 Y79.643 E.015
G1 X6.912 Y75.468 E.17544
G1 X6.912 Y75.974 E.01503
G1 X11.088 Y80.149 E.17544
G1 X11.088 Y80.654 E.015
G1 X6.912 Y76.479 E.17544
G1 X6.912 Y76.984 E.015
G1 X11.088 Y81.159 E.17544
G1 X11.088 Y81.665 E.01503
G1 X6.912 Y77.489 E.17546
G1 X6.912 Y77.995 E.01503
G1 X11.088 Y82.17 E.17544
G1 X11.088 Y82.675 E.015
G1 X6.912 Y78.5 E.17544
G1 X6.912 Y79.005 E.015
G1 X11.088 Y83.181 E.17546
G1 X11.088 Y83.686 E.015
G1 X6.912 Y79.511 E.17544
G1 X6.912 Y80.016 E.015
G1 X11.088 Y84.191 E.17544
G1 X11.088 Y84.697 E.01503
G1 X6.912 Y80.521 E.17546
G1 X6.912 Y81.027 E.01503
G1 X11.088 Y85.202 E.17544
G1 X11.088 Y85.707 E.015
G1 X6.912 Y81.532 E.17544
G1 X6.912 Y82.037 E.015
G1 X11.088 Y86.212 E.17544
G1 X11.088 Y86.718 E.01503
G1 X6.912 Y82.543 E.17544
G1 X6.912 Y83.048 E.015
G1 X11.088 Y87.223 E.17544
G1 X11.088 Y87.728 E.015
G1 X6.912 Y83.553 E.17544
G1 X6.912 Y84.058 E.015
G1 X11.088 Y88.234 E.17546
G1 X11.088 Y88.739 E.015
G1 X6.912 Y84.564 E.17544
G1 X6.912 Y85.069 E.015
G1 X11.088 Y89.244 E.17544
G1 X11.088 Y89.75 E.01503
G1 X6.912 Y85.574 E.17546
G1 X6.912 Y86.08 E.01503
G1 X11.088 Y90.255 E.17544
G1 X11.088 Y90.76 E.015
G1 X6.912 Y86.585 E.17544
G1 X6.912 Y87.09 E.015
G1 X11.088 Y91.266 E.17546
G1 X11.088 Y91.771 E.015
G1 X6.912 Y87.596 E.17544
G1 X6.912 Y88.101 E.015
G1 X11.088 Y92.276 E.17544
G1 X11.088 Y92.781 E.015
G1 X6.912 Y88.606 E.17544
G1 X6.912 Y89.112 E.01503
G1 X11.088 Y93.287 E.17544
G1 X11.088 Y93.792 E.015
G1 X6.912 Y89.617 E.17544
G1 X6.912 Y90.122 E.015
G1 X11.088 Y94.297 E.17544
G1 X11.088 Y94.803 E.01503
G1 X6.912 Y90.627 E.17546
G1 X6.912 Y91.133 E.01503
G1 X11.088 Y95.308 E.17544
G1 X11.088 Y95.813 E.015
G1 X6.912 Y91.638 E.17544
G1 X6.912 Y92.143 E.015
G1 X11.088 Y96.319 E.17546
G1 X11.088 Y96.824 E.015
G1 X6.912 Y92.649 E.17544
G1 X6.912 Y93.154 E.015
G1 X11.088 Y97.329 E.17544
G1 X11.088 Y97.835 E.01503
G1 X6.912 Y93.659 E.17546
G1 X6.912 Y94.165 E.01503
G1 X11.088 Y98.34 E.17544
G1 X11.088 Y98.845 E.015
G1 X6.912 Y94.67 E.17544
G1 X6.912 Y95.175 E.015
G1 X11.088 Y99.351 E.17546
G1 X11.088 Y99.856 E.015
G1 X6.912 Y95.681 E.17544
G1 X6.912 Y96.186 E.015
G1 X11.088 Y100.361 E.17544
G1 X11.088 Y100.866 E.015
G1 X6.912 Y96.691 E.17544
G1 X6.912 Y97.196 E.015
G1 X11.088 Y101.372 E.17546
G1 X11.088 Y101.877 E.015
G1 X6.912 Y97.702 E.17544
G1 X6.912 Y98.207 E.015
G1 X11.088 Y102.382 E.17544
G1 X11.088 Y102.888 E.01503
G1 X6.912 Y98.712 E.17546
G1 X6.912 Y99.218 E.01503
G1 X11.088 Y103.393 E.17544
G1 X11.088 Y103.898 E.015
G1 X6.912 Y99.723 E.17544
G1 X6.912 Y100.228 E.015
G1 X11.088 Y104.404 E.17546
G1 X11.088 Y104.909 E.015
G1 X6.912 Y100.734 E.17544
G1 X6.912 Y101.239 E.015
G1 X11.088 Y105.414 E.17544
G1 X11.088 Y105.92 E.01503
G1 X6.912 Y101.744 E.17546
G1 X6.912 Y102.25 E.01503
G1 X11.088 Y106.425 E.17544
G1 X11.088 Y106.93 E.015
G1 X6.912 Y102.755 E.17544
G1 X6.912 Y103.26 E.015
G1 X11.088 Y107.435 E.17544
G1 X11.088 Y107.941 E.01503
G1 X6.912 Y103.765 E.17546
G1 X6.912 Y104.271 E.01503
G1 X11.088 Y108.446 E.17544
G1 X11.088 Y108.951 E.015
G1 X6.912 Y104.776 E.17544
G1 X6.912 Y105.281 E.015
G1 X11.088 Y109.457 E.17546
G1 X11.088 Y109.962 E.015
G1 X6.912 Y105.787 E.17544
G1 X6.912 Y106.292 E.015
G1 X11.088 Y110.467 E.17544
G1 X11.088 Y110.973 E.01503
G1 X6.912 Y106.797 E.17546
G1 X6.912 Y107.303 E.01503
G1 X11.088 Y111.478 E.17544
G1 X11.088 Y111.983 E.015
G1 X6.912 Y107.808 E.17544
G1 X6.912 Y108.313 E.015
G1 X11.088 Y112.489 E.17546
G1 X11.088 Y112.994 E.015
G1 X6.912 Y108.819 E.17544
G1 X6.912 Y109.324 E.015
G1 X11.088 Y113.499 E.17544
G1 X11.088 Y114.004 E.015
G1 X6.912 Y109.829 E.17544
G1 X6.912 Y110.335 E.01503
G1 X11.088 Y114.51 E.17544
G1 X11.088 Y115.015 E.015
G1 X6.912 Y110.84 E.17544
G1 X6.912 Y111.345 E.015
G1 X11.088 Y115.52 E.17544
G1 X11.088 Y116.026 E.01503
G1 X6.912 Y111.85 E.17546
G1 X6.912 Y112.356 E.01503
G1 X11.088 Y116.531 E.17544
G1 X11.088 Y117.036 E.015
G1 X6.912 Y112.861 E.17544
G1 X6.912 Y113.366 E.015
G1 X11.088 Y117.542 E.17546
G1 X11.088 Y118.047 E.015
G1 X6.912 Y113.872 E.17544
G1 X6.912 Y114.377 E.015
G1 X11.088 Y118.552 E.17544
G1 X11.088 Y119.058 E.01503
G1 X6.912 Y114.882 E.17546
G1 X6.912 Y115.388 E.01503
G1 X11.088 Y119.563 E.17544
G1 X11.088 Y120.068 E.015
G1 X6.912 Y115.893 E.17544
G1 X6.912 Y116.398 E.015
G1 X11.088 Y120.573 E.17544
G1 X11.088 Y121.079 E.01503
G1 X6.912 Y116.904 E.17544
G1 X6.912 Y117.409 E.015
G1 X11.088 Y121.584 E.17544
G1 X11.088 Y122.089 E.015
G1 X6.912 Y117.914 E.17544
G1 X6.912 Y118.419 E.015
G1 X11.088 Y122.595 E.17546
G1 X11.088 Y123.1 E.015
G1 X6.912 Y118.925 E.17544
G1 X6.912 Y119.43 E.015
G1 X11.088 Y123.605 E.17544
G1 X11.088 Y124.111 E.01503
G1 X6.912 Y119.935 E.17546
G1 X6.912 Y120.441 E.01503
G1 X11.088 Y124.616 E.17544
G1 X11.088 Y125.121 E.015
G1 X6.912 Y120.946 E.17544
G1 X6.912 Y121.451 E.015
G1 X11.088 Y125.627 E.17546
G1 X11.088 Y126.132 E.015
G1 X6.912 Y121.957 E.17544
G1 X6.912 Y122.462 E.015
G1 X11.088 Y126.637 E.17544
G1 X11.088 Y127.142 E.015
G1 X6.912 Y122.967 E.17544
G1 X6.912 Y123.473 E.01503
G1 X11.088 Y127.648 E.17544
G1 X11.088 Y128.153 E.015
G1 X6.912 Y123.978 E.17544
G1 X6.912 Y124.483 E.015
G1 X11.088 Y128.658 E.17544
G1 X11.088 Y129.164 E.01503
G1 X6.912 Y124.988 E.17546
G1 X6.912 Y125.494 E.01503
G1 X11.088 Y129.669 E.17544
G1 X11.088 Y130.174 E.015
G1 X6.912 Y125.999 E.17544
G1 X6.912 Y126.504 E.015
G1 X11.088 Y130.68 E.17546
G1 X11.088 Y131.185 E.015
G1 X6.912 Y127.01 E.17544
G1 X6.912 Y127.515 E.015
G1 X11.088 Y131.69 E.17544
G1 X11.088 Y132.196 E.01503
G1 X6.912 Y128.02 E.17546
G1 X6.912 Y128.526 E.01503
G1 X11.088 Y132.701 E.17544
G1 X11.088 Y133.206 E.015
G1 X6.912 Y129.031 E.17544
G1 X6.912 Y129.536 E.015
G1 X11.088 Y133.711 E.17544
G1 X11.088 Y134.217 E.01503
G1 X6.912 Y130.042 E.17544
G1 X6.912 Y130.547 E.015
G1 X11.088 Y134.722 E.17544
G1 X11.088 Y135.227 E.015
G1 X6.912 Y131.052 E.17544
G1 X6.912 Y131.557 E.015
G1 X11.088 Y135.733 E.17546
G1 X11.088 Y136.238 E.015
G1 X6.912 Y132.063 E.17544
G1 X6.912 Y132.568 E.015
G1 X11.088 Y136.743 E.17544
G1 X11.088 Y137.249 E.01503
G1 X6.912 Y133.073 E.17546
G1 X6.912 Y133.579 E.01503
G1 X11.088 Y137.754 E.17544
G1 X11.088 Y138.259 E.015
G1 X6.912 Y134.084 E.17544
G1 X6.912 Y134.589 E.015
G1 X11.088 Y138.765 E.17546
G1 X11.088 Y139.27 E.015
G1 X6.912 Y135.095 E.17544
G1 X6.912 Y135.6 E.015
G1 X11.088 Y139.775 E.17544
G1 X11.088 Y140.28 E.015
G1 X6.912 Y136.105 E.17544
G1 X6.912 Y136.611 E.01503
G1 X11.088 Y140.786 E.17544
G1 X11.088 Y141.291 E.015
G1 X6.912 Y137.116 E.17544
G1 X6.912 Y137.621 E.015
G1 X11.088 Y141.796 E.17544
G1 X11.088 Y142.302 E.01503
G1 X6.912 Y138.126 E.17546
G1 X6.912 Y138.632 E.01503
G1 X11.088 Y142.807 E.17544
G1 X11.088 Y143.312 E.015
G1 X6.912 Y139.137 E.17544
G1 X6.912 Y139.642 E.015
G1 X11.088 Y143.818 E.17546
G1 X11.088 Y144.323 E.015
G1 X6.912 Y140.148 E.17544
G1 X6.912 Y140.653 E.015
G1 X11.088 Y144.828 E.17544
G1 X11.088 Y145.334 E.01503
G1 X6.912 Y141.158 E.17546
G1 X6.912 Y141.664 E.01503
G1 X11.088 Y145.839 E.17544
G1 X11.088 Y146.344 E.015
G1 X6.912 Y142.169 E.17544
G1 X6.912 Y142.674 E.015
G1 X11.088 Y146.849 E.17544
G1 X11.088 Y147.355 E.01503
G1 X6.912 Y143.18 E.17544
G1 X6.912 Y143.685 E.015
G1 X11.088 Y147.86 E.17544
G1 X11.088 Y148.365 E.015
G1 X6.912 Y144.19 E.17544
G1 X6.912 Y144.695 E.015
G1 X11.088 Y148.871 E.17546
G1 X11.088 Y149.376 E.015
G1 X6.912 Y145.201 E.17544
G1 X6.912 Y145.706 E.015
G1 X11.088 Y149.881 E.17544
G1 X11.088 Y150.387 E.01503
G1 X6.912 Y146.211 E.17546
G1 X6.912 Y146.717 E.01503
G1 X11.088 Y150.892 E.17544
G1 X11.088 Y151.397 E.015
G1 X6.912 Y147.222 E.17544
G1 X6.912 Y147.727 E.015
G1 X11.088 Y151.903 E.17546
G1 X11.088 Y152.408 E.015
G1 X6.912 Y148.233 E.17544
G1 X6.912 Y148.738 E.015
G1 X11.088 Y152.913 E.17544
G1 X11.088 Y153.419 E.01503
G1 X6.912 Y149.243 E.17546
G1 X6.912 Y149.749 E.01503
G1 X11.088 Y153.924 E.17544
G1 X11.088 Y154.429 E.015
G1 X6.912 Y150.254 E.17544
G1 X6.912 Y150.759 E.015
G1 X11.088 Y154.934 E.17544
G1 X11.088 Y155.44 E.01503
G1 X6.912 Y151.264 E.17546
G1 X6.912 Y151.77 E.01503
G1 X11.088 Y155.945 E.17544
G1 X11.088 Y156.45 E.015
G1 X6.912 Y152.275 E.17544
G1 X6.912 Y152.78 E.015
G1 X11.088 Y156.956 E.17546
G1 X11.088 Y157.461 E.015
G1 X6.912 Y153.286 E.17544
G1 X6.912 Y153.791 E.015
G1 X11.088 Y157.966 E.17544
G1 X11.088 Y158.472 E.01503
G1 X6.912 Y154.296 E.17546
G1 X6.912 Y154.802 E.01503
G1 X11.088 Y158.977 E.17544
G1 X11.088 Y159.482 E.015
G1 X6.912 Y155.307 E.17544
G1 X6.912 Y155.812 E.015
G1 X11.088 Y159.988 E.17546
G1 X11.088 Y160.493 E.015
G1 X6.912 Y156.318 E.17544
G1 X6.912 Y156.823 E.015
G1 X11.088 Y160.998 E.17544
G1 X11.088 Y161.503 E.015
G1 X6.912 Y157.328 E.17544
G1 X6.912 Y157.833 E.015
G1 X11.088 Y162.009 E.17546
G1 X11.088 Y162.514 E.015
G1 X6.912 Y158.339 E.17544
G1 X6.912 Y158.844 E.015
G1 X11.088 Y163.019 E.17544
G1 X11.088 Y163.525 E.01503
G1 X6.912 Y159.349 E.17546
G1 X6.912 Y159.855 E.01503
G1 X11.088 Y164.03 E.17544
G1 X11.088 Y164.535 E.015
G1 X6.912 Y160.36 E.17544
G1 X6.912 Y160.865 E.015
G1 X11.088 Y165.041 E.17546
G1 X11.088 Y165.546 E.015
G1 X6.912 Y161.371 E.17544
G1 X6.912 Y161.876 E.015
G1 X11.088 Y166.051 E.17544
G1 X11.088 Y166.557 E.01503
G1 X6.912 Y162.381 E.17546
G1 X6.912 Y162.887 E.01503
G1 X11.088 Y167.062 E.17544
G1 X11.088 Y167.567 E.015
G1 X6.912 Y163.392 E.17544
G1 X6.912 Y163.897 E.015
G1 X11.088 Y168.072 E.17544
G1 X11.088 Y168.578 E.01503
G1 X6.912 Y164.403 E.17544
G1 X6.912 Y164.908 E.015
G1 X11.088 Y169.083 E.17544
G1 X11.088 Y169.588 E.015
G1 X6.912 Y165.413 E.17544
G1 X6.912 Y165.918 E.015
G1 X11.088 Y170.094 E.17546
G1 X11.088 Y170.599 E.015
G1 X6.912 Y166.424 E.17544
G1 X6.912 Y166.929 E.015
G1 X11.248 Y171.265 E.18218
G1 E-2 F2400
M204 S8000
G1 X51.248 Y192.569 F24000
G1 E2 F2400
M204 S5000
G1 F7200
G1 X50.942 Y192.262 E.01288
G1 X50.437 Y192.262 E.015
G1 X51.088 Y192.913 E.02735
G1 X51.088 Y193.419 E.01503
G1 X49.932 Y192.262 E.04859
G1 X49.426 Y192.262 E.01503
G1 X51.088 Y193.924 E.06983
G1 X51.088 Y194.429 E.015
G1 X48.921 Y192.262 E.09105
G1 X48.416 Y192.262 E.015
G1 X51.088 Y194.934 E.11227
G1 X51.088 Y195.44 E.01503
G1 X47.91 Y192.262 E.13353
G1 X47.405 Y192.262 E.015
G1 X51.088 Y195.945 E.15475
G1 X51.088 Y196.438 E.01465
G1 X51.075 Y196.438 E.00039
G1 X46.9 Y192.262 E.17544
G1 X46.394 Y192.262 E.01503
G1 X50.57 Y196.438 E.17546
G1 X50.064 Y196.438 E.01503
G1 X45.889 Y192.262 E.17544
G1 X45.384 Y192.262 E.015
G1 X49.559 Y196.438 E.17544
G1 X49.054 Y196.438 E.015
G1 X44.878 Y192.262 E.17546
G1 X44.373 Y192.262 E.015
G1 X48.548 Y196.438 E.17544
G1 X48.043 Y196.438 E.015
G1 X43.868 Y192.262 E.17544
G1 X43.363 Y192.262 E.015
G1 X47.538 Y196.438 E.17544
G1 X47.032 Y196.438 E.01503
G1 X42.857 Y192.262 E.17544
G1 X42.352 Y192.262 E.015
G1 X46.527 Y196.438 E.17544
G1 X46.022 Y196.438 E.015
G1 X41.847 Y192.262 E.17544
G1 X41.341 Y192.262 E.01503
G1 X45.517 Y196.438 E.17546
G1 X45.011 Y196.438 E.01503
G1 X40.836 Y192.262 E.17544
G1 X40.331 Y192.262 E.015
G1 X44.506 Y196.438 E.17544
G1 X44.001 Y196.438 E.015
G1 X39.825 Y192.262 E.17546
G1 X39.32 Y192.262 E.015
G1 X43.495 Y196.438 E.17544
G1 X42.99 Y196.438 E.015
G1 X38.815 Y192.262 E.17544
G1 X38.309 Y192.262 E.01503
G1 X42.485 Y196.438 E.17546
G1 X41.979 Y196.438 E.01503
G1 X37.804 Y192.262 E.17544
G1 X37.299 Y192.262 E.015
G1 X41.474 Y196.438 E.17544
G1 X40.969 Y196.438 E.015
G1 X36.793 Y192.262 E.17546
G1 X36.288 Y192.262 E.015
G1 X40.463 Y196.438 E.17544
G1 X39.958 Y196.438 E.015
G1 X35.783 Y192.262 E.17544
G1 X35.278 Y192.262 E.015
G1 X39.453 Y196.438 E.17544
G1 X38.948 Y196.438 E.015
G1 X34.772 Y192.262 E.17546
G1 X34.267 Y192.262 E.015
G1 X38.442 Y196.438 E.17544
G1 X37.937 Y196.438 E.015
G1 X33.762 Y192.262 E.17544
G1 X33.256 Y192.262 E.01503
G1 X37.432 Y196.438 E.17546
G1 X36.926 Y196.438 E.01503
G1 X32.751 Y192.262 E.17544
G1 X32.246 Y192.262 E.015
G1 X36.421 Y196.438 E.17544
G1 X35.916 Y196.438 E.015
G1 X6.912 Y167.434 E1.21865
G1 X6.912 Y167.94 E.01503
G1 X35.41 Y196.438 E1.19739
G1 X34.905 Y196.438 E.015
G1 X6.912 Y168.445 E1.17617
G1 X6.912 Y168.95 E.015
G1 X34.4 Y196.438 E1.15495
G1 X33.894 Y196.438 E.01503
G1 X6.912 Y169.456 E1.13369
G1 X6.912 Y169.961 E.015
G1 X33.389 Y196.438 E1.11247
G1 X32.884 Y196.438 E.015
G1 X6.912 Y170.466 E1.09125
G1 X6.912 Y170.972 E.01503
G1 X32.539 Y196.598 E1.07674
G1 E-2 F2400
M204 S8000
G1 X208.752 Y51.435 F24000
G1 E2 F2400
M204 S5000
G1 F7200
G1 X213.088 Y55.771 E.18218
G1 X213.088 Y56.276 E.015
G1 X208.912 Y52.101 E.17544
G1 X208.912 Y52.606 E.015
G1 X213.088 Y56.781 E.17544
G1 X213.088 Y57.287 E.01503
G1 X208.912 Y53.111 E.17546
G1 X208.912 Y53.617 E.01503
G1 X213.088 Y57.792 E.17544
G1 X213.088 Y58.297 E.015
G1 X208.912 Y54.122 E.17544
G1 X208.912 Y54.627 E.015
G1 X213.088 Y58.802 E.17544
G1 X213.088 Y59.308 E.01503
G1 X208.912 Y55.133 E.17544
G1 X208.912 Y55.638 E.015
G1 X213.088 Y59.813 E.17544
G1 X213.088 Y60.318 E.015
G1 X208.912 Y56.143 E.17544
G1 X208.912 Y56.648 E.015
G1 X213.088 Y60.824 E.17546
G1 X213.088 Y61.329 E.015
G1 X208.912 Y57.154 E.17544
G1 X208.912 Y57.659 E.015
G1 X213.088 Y61.834 E.17544
G1 X213.088 Y62.34 E.01503
G1 X208.912 Y58.164 E.17546
G1 X208.912 Y58.67 E.01503
G1 X213.088 Y62.845 E.17544
G1 X213.088 Y63.35 E.015
G1 X208.912 Y59.175 E.17544
G1 X208.912 Y59.68 E.015
G1 X213.088 Y63.856 E.17546
G1 X213.088 Y64.361 E.015
G1 X208.912 Y60.186 E.17544
G1 X208.912 Y60.691 E.015
G1 X213.088 Y64.866 E.17544
G1 X213.088 Y65.371 E.015
G1 X208.912 Y61.196 E.17544
G1 X208.912 Y61.702 E.01503
G1 X213.088 Y65.877 E.17544
G1 X213.088 Y66.382 E.015
G1 X208.912 Y62.207 E.17544
G1 X208.912 Y62.712 E.015
G1 X213.088 Y66.887 E.17544
G1 X213.088 Y67.393 E.01503
G1 X208.912 Y63.217 E.17546
G1 X208.912 Y63.723 E.01503
G1 X213.088 Y67.898 E.17544
G1 X213.088 Y68.403 E.015
G1 X208.912 Y64.228 E.17544
G1 X208.912 Y64.733 E.015
G1 X213.088 Y68.909 E.17546
G1 X213.088 Y69.414 E.015
G1 X208.912 Y65.239 E.17544
G1 X208.912 Y65.744 E.015
G1 X213.088 Y69.919 E.17544
G1 X213.088 Y70.425 E.01503
G1 X208.912 Y66.249 E.17546
G1 X208.912 Y66.755 E.01503
G1 X213.088 Y70.93 E.17544
G1 X213.088 Y71.435 E.015
G1 X208.912 Y67.26 E.17544
G1 X208.912 Y67.765 E.015
G1 X213.088 Y71.94 E.17544
G1 X213.088 Y72.446 E.01503
G1 X208.912 Y68.271 E.17544
G1 X208.912 Y68.776 E.015
G1 X213.088 Y72.951 E.17544
G1 X213.088 Y73.456 E.015
G1 X208.912 Y69.281 E.17544
G1 X208.912 Y69.786 E.015
G1 X213.088 Y73.962 E.17546
G1 X213.088 Y74.467 E.015
G1 X208.912 Y70.292 E.17544
G1 X208.912 Y70.797 E.015
G1 X213.088 Y74.972 E.17544
G1 X213.088 Y75.478 E.01503
G1 X208.912 Y71.302 E.17546
G1 X208.912 Y71.808 E.01503
G1 X213.088 Y75.983 E.17544
G1 X213.088 Y76.488 E.015
G1 X208.912 Y72.313 E.17544
G1 X208.912 Y72.818 E.015
G1 X213.088 Y76.994 E.17546
G1 X213.088 Y77.499 E.015
G1 X208.912 Y73.324 E.17544
G1 X208.912 Y73.829 E.015
G1 X213.088 Y78.004 E.17544
G1 X213.088 Y78.509 E.015
G1 X208.912 Y74.334 E.17544
G1 X208.912 Y74.84 E.01503
G1 X213.088 Y79.015 E.17544
G1 X213.088 Y79.52 E.015
G1 X208.912 Y75.345 E.17544
G1 X208.912 Y75.85 E.015
G1 X213.088 Y80.025 E.17544
G1 X213.088 Y80.531 E.01503
G1 X208.912 Y76.355 E.17546
G1 X208.912 Y76.861 E.01503
G1 X213.088 Y81.036 E.17544
G1 X213.088 Y81.541 E.015
G1 X208.912 Y77.366 E.17544
G1 X208.912 Y77.871 E.015
G1 X213.088 Y82.047 E.17546
G1 X213.088 Y82.552 E.015
G1 X208.912 Y78.377 E.17544
G1 X208.912 Y78.882 E.015
G1 X213.088 Y83.057 E.17544
G1 X213.088 Y83.563 E.01503
G1 X208.912 Y79.387 E.17546
G1 X208.912 Y79.893 E.01503
G1 X213.088 Y84.068 E.17544
G1 X213.088 Y84.573 E.015
G1 X208.912 Y80.398 E.17544
G1 X208.912 Y80.903 E.015
G1 X213.088 Y85.079 E.17546
G1 X213.088 Y85.584 E.015
G1 X208.912 Y81.409 E.17544
G1 X208.912 Y81.914 E.015
G1 X213.088 Y86.089 E.17544
G1 X213.088 Y86.594 E.015
G1 X208.912 Y82.419 E.17544
G1 X208.912 Y82.924 E.015
G1 X213.088 Y87.1 E.17546
G1 X213.088 Y87.605 E.015
G1 X208.912 Y83.43 E.17544
G1 X208.912 Y83.935 E.015
G1 X213.088 Y88.11 E.17544
G1 X213.088 Y88.616 E.01503
G1 X208.912 Y84.44 E.17546
G1 X208.912 Y84.946 E.01503
G1 X213.088 Y89.121 E.17544
G1 X213.088 Y89.626 E.015
G1 X208.912 Y85.451 E.17544
G1 X208.912 Y85.956 E.015
G1 X213.088 Y90.132 E.17546
G1 X213.088 Y90.637 E.015
G1 X208.912 Y86.462 E.17544
G1 X208.912 Y86.967 E.015
G1 X213.088 Y91.142 E.17544
G1 X213.088 Y91.648 E.01503
G1 X208.912 Y87.472 E.17546
G1 X208.912 Y87.978 E.01503
G1 X213.088 Y92.153 E.17544
G1 X213.088 Y92.658 E.015
G1 X208.912 Y88.483 E.17544
G1 X208.912 Y88.988 E.015
G1 X213.088 Y93.163 E.17544
G1 X213.088 Y93.669 E.01503
G1 X208.912 Y89.494 E.17544
G1 X208.912 Y89.999 E.015
G1 X213.088 Y94.174 E.17544
G1 X213.088 Y94.679 E.015
G1 X208.912 Y90.504 E.17544
G1 X208.912 Y91.009 E.015
G1 X213.088 Y95.185 E.17546
G1 X213.088 Y95.69 E.015
G1 X208.912 Y91.515 E.17544
G1 X208.912 Y92.02 E.015
G1 X213.088 Y96.195 E.17544
G1 X213.088 Y96.701 E.01503
G1 X208.912 Y92.525 E.17546
G1 X208.912 Y93.031 E.01503
G1 X213.088 Y97.206 E.17544
G1 X213.088 Y97.711 E.015
G1 X208.912 Y93.536 E.17544
G1 X208.912 Y94.041 E.015
G1 X213.088 Y98.217 E.17546
G1 X213.088 Y98.722 E.015
G1 X208.912 Y94.547 E.17544
G1 X208.912 Y95.052 E.015
G1 X213.088 Y99.227 E.17544
G1 X213.088 Y99.732 E.015
G1 X208.912 Y95.557 E.17544
G1 X208.912 Y96.063 E.01503
G1 X213.088 Y100.238 E.17544
G1 X213.088 Y100.743 E.015
G1 X208.912 Y96.568 E.17544
G1 X208.912 Y97.073 E.015
G1 X213.088 Y101.248 E.17544
G1 X213.088 Y101.754 E.01503
G1 X208.912 Y97.578 E.17546
G1 X208.912 Y98.084 E.01503
G1 X213.088 Y102.259 E.17544
G1 X213.088 Y102.764 E.015
G1 X208.912 Y98.589 E.17544
G1 X208.912 Y99.094 E.015
G1 X213.088 Y103.27 E.17546
G1 X213.088 Y103.775 E.015
G1 X208.912 Y99.6 E.17544
G1 X208.912 Y100.105 E.015
G1 X213.088 Y104.28 E.17544
G1 X213.088 Y104.786 E.01503
G1 X208.912 Y100.61 E.17546
G1 X208.912 Y101.116 E.01503
G1 X213.088 Y105.291 E.17544
G1 X213.088 Y105.796 E.015
G1 X208.912 Y101.621 E.17544
G1 X208.912 Y102.126 E.015
G1 X213.088 Y106.301 E.17544
G1 X213.088 Y106.807 E.01503
G1 X208.912 Y102.632 E.17544
G1 X208.912 Y103.137 E.015
G1 X213.088 Y107.312 E.17544
G1 X213.088 Y107.817 E.015
G1 X208.912 Y103.642 E.17544
G1 X208.912 Y104.147 E.015
G1 X213.088 Y108.323 E.17546
G1 X213.088 Y108.828 E.015
G1 X208.912 Y104.653 E.17544
G1 X208.912 Y105.158 E.015
G1 X213.088 Y109.333 E.17544
G1 X213.088 Y109.839 E.01503
G1 X208.912 Y105.663 E.17546
G1 X208.912 Y106.169 E.01503
G1 X213.088 Y110.344 E.17544
G1 X213.088 Y110.849 E.015
G1 X208.912 Y106.674 E.17544
G1 X208.912 Y107.179 E.015
G1 X213.088 Y111.355 E.17546
G1 X213.088 Y111.86 E.015
G1 X208.912 Y107.685 E.17544
G1 X208.912 Y108.19 E.015
G1 X213.088 Y112.365 E.17544
G1 X213.088 Y112.87 E.015
G1 X208.912 Y108.695 E.17544
G1 X208.912 Y109.201 E.01503
G1 X213.088 Y113.376 E.17544
G1 X213.088 Y113.881 E.015
G1 X208.912 Y109.706 E.17544
G1 X208.912 Y110.211 E.015
G1 X213.088 Y114.386 E.17544
G1 X213.088 Y114.892 E.01503
G1 X208.912 Y110.716 E.17546
G1 X208.912 Y111.222 E.01503
G1 X213.088 Y115.397 E.17544
G1 X213.088 Y115.902 E.015
G1 X208.912 Y111.727 E.17544
G1 X208.912 Y112.232 E.015
G1 X213.088 Y116.408 E.17546
G1 X213.088 Y116.913 E.015
G1 X208.912 Y112.738 E.17544
G1 X208.912 Y113.243 E.015
G1 X213.088 Y117.418 E.17544
G1 X213.088 Y117.924 E.01503
G1 X208.912 Y113.748 E.17546
G1 X208.912 Y114.254 E.01503
G1 X213.088 Y118.429 E.17544
G1 X213.088 Y118.934 E.015
G1 X208.912 Y114.759 E.17544
G1 X208.912 Y115.264 E.015
G1 X213.088 Y119.439 E.17544
G1 X213.088 Y119.945 E.01503
G1 X208.912 Y115.77 E.17544
G1 X208.912 Y116.275 E.015
G1 X213.088 Y120.45 E.17544
G1 X213.088 Y120.955 E.015
G1 X208.912 Y116.78 E.17544
G1 X208.912 Y117.285 E.015
G1 X213.088 Y121.461 E.17546
G1 X213.088 Y121.966 E.015
G1 X208.912 Y117.791 E.17544
G1 X208.912 Y118.296 E.015
G1 X213.088 Y122.471 E.17544
G1 X213.088 Y122.977 E.01503
G1 X208.912 Y118.801 E.17546
G1 X208.912 Y119.307 E.01503
G1 X213.088 Y123.482 E.17544
G1 X213.088 Y123.987 E.015
G1 X208.912 Y119.812 E.17544
G1 X208.912 Y120.317 E.015
G1 X213.088 Y124.493 E.17546
G1 X213.088 Y124.998 E.015
G1 X208.912 Y120.823 E.17544
G1 X208.912 Y121.328 E.015
G1 X213.088 Y125.503 E.17544
G1 X213.088 Y126.008 E.015
G1 X208.912 Y121.833 E.17544
G1 X208.912 Y122.339 E.01503
G1 X213.088 Y126.514 E.17544
G1 X213.088 Y127.019 E.015
G1 X208.912 Y122.844 E.17544
G1 X208.912 Y123.349 E.015
G1 X213.088 Y127.524 E.17544
G1 X213.088 Y128.03 E.01503
G1 X208.912 Y123.854 E.17546
G1 X208.912 Y124.36 E.01503
G1 X213.088 Y128.535 E.17544
G1 X213.088 Y129.04 E.015
G1 X208.912 Y124.865 E.17544
G1 X208.912 Y125.37 E.015
G1 X213.088 Y129.546 E.17546
G1 X213.088 Y130.051 E.015
G1 X208.912 Y125.876 E.17544
G1 X208.912 Y126.381 E.015
G1 X213.088 Y130.556 E.17544
G1 X213.088 Y131.062 E.01503
G1 X208.912 Y126.886 E.17546
G1 X208.912 Y127.392 E.01503
G1 X213.088 Y131.567 E.17544
G1 X213.088 Y132.072 E.015
G1 X208.912 Y127.897 E.17544
G1 X208.912 Y128.402 E.015
G1 X213.088 Y132.577 E.17544
G1 X213.088 Y133.083 E.01503
G1 X208.912 Y128.908 E.17544
G1 X208.912 Y129.413 E.015
G1 X213.088 Y133.588 E.17544
G1 X213.088 Y134.093 E.015
G1 X208.912 Y129.918 E.17544
G1 X208.912 Y130.423 E.015
G1 X213.088 Y134.599 E.17546
G1 X213.088 Y135.104 E.015
G1 X208.912 Y130.929 E.17544
G1 X208.912 Y131.434 E.015
G1 X213.088 Y135.609 E.17544
G1 X213.088 Y136.115 E.01503
G1 X208.912 Y131.939 E.17546
G1 X208.912 Y132.445 E.01503
G1 X213.088 Y136.62 E.17544
G1 X213.088 Y137.125 E.015
G1 X208.912 Y132.95 E.17544
G1 X208.912 Y133.455 E.015
G1 X213.088 Y137.631 E.17546
G1 X213.088 Y138.136 E.015
G1 X208.912 Y133.961 E.17544
G1 X208.912 Y134.466 E.015
G1 X213.088 Y138.641 E.17544
G1 X213.088 Y139.147 E.01503
G1 X208.912 Y134.971 E.17546
G1 X208.912 Y135.477 E.01503
G1 X213.088 Y139.652 E.17544
G1 X213.088 Y140.157 E.015
G1 X208.912 Y135.982 E.17544
G1 X208.912 Y136.487 E.015
G1 X213.088 Y140.662 E.17544
G1 X213.088 Y141.168 E.01503
G1 X208.912 Y136.992 E.17546
G1 X208.912 Y137.498 E.01503
G1 X213.088 Y141.673 E.17544
G1 X213.088 Y142.178 E.015
G1 X208.912 Y138.003 E.17544
G1 X208.912 Y138.508 E.015
G1 X213.088 Y142.684 E.17546
G1 X213.088 Y143.189 E.015
G1 X208.912 Y139.014 E.17544
G1 X208.912 Y139.519 E.015
G1 X213.088 Y143.694 E.17544
G1 X213.088 Y144.2 E.01503
G1 X208.912 Y140.024 E.17546
G1 X208.912 Y140.53 E.01503
G1 X213.088 Y144.705 E.17544
G1 X213.088 Y145.21 E.015
G1 X208.912 Y141.035 E.17544
G1 X208.912 Y141.54 E.015
G1 X213.088 Y145.716 E.17546
G1 X213.088 Y146.221 E.015
G1 X208.912 Y142.046 E.17544
G1 X208.912 Y142.551 E.015
G1 X213.088 Y146.726 E.17544
G1 X213.088 Y147.231 E.015
G1 X208.912 Y143.056 E.17544
G1 X208.912 Y143.562 E.01503
G1 X213.088 Y147.737 E.17544
G1 X213.088 Y148.242 E.015
G1 X208.912 Y144.067 E.17544
G1 X208.912 Y144.572 E.015
G1 X213.088 Y148.747 E.17544
G1 X213.088 Y149.253 E.01503
G1 X208.912 Y145.077 E.17546
G1 X208.912 Y145.583 E.01503
G1 X213.088 Y149.758 E.17544
G1 X213.088 Y150.263 E.015
G1 X208.912 Y146.088 E.17544
G1 X208.912 Y146.593 E.015
G1 X213.088 Y150.769 E.17546
G1 X213.088 Y151.274 E.015
G1 X208.912 Y147.099 E.17544
G1 X208.912 Y147.604 E.015
G1 X213.088 Y151.779 E.17544
G1 X213.088 Y152.285 E.01503
G1 X208.912 Y148.109 E.17546
G1 X208.912 Y148.615 E.01503
G1 X213.088 Y152.79 E.17544
G1 X213.088 Y153.295 E.015
G1 X208.912 Y149.12 E.17544
G1 X208.912 Y149.625 E.015
G1 X213.088 Y153.8 E.17544
G1 X213.088 Y154.306 E.01503
G1 X208.912 Y150.131 E.17544
G1 X208.912 Y150.636 E.015
G1 X213.088 Y154.811 E.17544
G1 X213.088 Y155.316 E.015
G1 X208.912 Y151.141 E.17544
G1 X208.912 Y151.646 E.015
G1 X213.088 Y155.822 E.17546
G1 X213.088 Y156.327 E.015
G1 X208.912 Y152.152 E.17544
G1 X208.912 Y152.657 E.015
G1 X213.088 Y156.832 E.17544
G1 X213.088 Y157.338 E.01503
G1 X208.912 Y153.162 E.17546
G1 X208.912 Y153.668 E.01503
G1 X213.088 Y157.843 E.17544
G1 X213.088 Y158.348 E.015
G1 X208.912 Y154.173 E.17544
G1 X208.912 Y154.678 E.015
G1 X213.088 Y158.854 E.17546
G1 X213.088 Y159.359 E.015
G1 X208.912 Y155.184 E.17544
G1 X208.912 Y155.689 E.015
G1 X213.088 Y159.864 E.17544
G1 X213.088 Y160.369 E.015
G1 X208.912 Y156.194 E.17544
G1 X208.912 Y156.7 E.01503
G1 X213.088 Y160.875 E.17544
G1 X213.088 Y161.38 E.015
G1 X208.912 Y157.205 E.17544
G1 X208.912 Y157.71 E.015
G1 X213.088 Y161.885 E.17544
G1 X213.088 Y162.391 E.01503
G1 X208.912 Y158.215 E.17546
G1 X208.912 Y158.721 E.01503
G1 X213.088 Y162.896 E.17544
G1 X213.088 Y163.401 E.015
G1 X208.912 Y159.226 E.17544
G1 X208.912 Y159.731 E.015
G1 X213.088 Y163.907 E.17546
G1 X213.088 Y164.412 E.015
G1 X208.912 Y160.237 E.17544
G1 X208.912 Y160.742 E.015
G1 X213.088 Y164.917 E.17544
G1 X213.088 Y165.423 E.01503
G1 X208.912 Y161.247 E.17546
G1 X208.912 Y161.753 E.01503
G1 X213.088 Y165.928 E.17544
G1 X213.088 Y166.433 E.015
G1 X208.912 Y162.258 E.17544
G1 X208.912 Y162.763 E.015
G1 X213.088 Y166.938 E.17544
G1 X213.088 Y167.444 E.01503
G1 X208.912 Y163.269 E.17544
G1 X208.912 Y163.774 E.015
G1 X213.088 Y167.949 E.17544
G1 X213.088 Y168.454 E.015
G1 X208.912 Y164.279 E.17544
G1 X208.912 Y164.784 E.015
G1 X213.088 Y168.96 E.17546
G1 X213.088 Y169.465 E.015
G1 X208.912 Y165.29 E.17544
G1 X208.912 Y165.795 E.015
G1 X213.088 Y169.97 E.17544
G1 X213.088 Y170.476 E.01503
G1 X208.912 Y166.3 E.17546
G1 X208.912 Y166.806 E.01503
G1 X213.083 Y170.977 E.17525
G1 X212.831 Y171.229 E.01059
G1 X208.912 Y167.311 E.16464
G1 X208.912 Y167.816 E.015
G1 X212.578 Y171.482 E.15403
G1 X212.325 Y171.734 E.01061
G1 X208.912 Y168.322 E.14338
G1 X208.912 Y168.827 E.015
G1 X212.073 Y171.987 E.13279
G1 X211.82 Y172.24 E.01063
G1 X208.912 Y169.332 E.12218
G1 X208.912 Y169.838 E.01503
G1 X211.567 Y172.492 E.11153
G1 X211.315 Y172.745 E.01061
G1 X208.912 Y170.343 E.10094
G1 X208.912 Y170.848 E.015
G1 X211.062 Y172.998 E.09034
G1 X210.809 Y173.25 E.01061
G1 X208.912 Y171.353 E.07971
G1 X208.852 Y171.685 E.01002
G1 X208.812 Y171.758 E.00247
G1 X210.557 Y173.503 E.07332
G1 X210.304 Y173.756 E.01063
G1 X208.594 Y172.046 E.07185
G1 X208.342 Y172.299 E.01061
G1 X210.051 Y174.008 E.07181
G1 X209.799 Y174.261 E.01061
G1 X208.089 Y172.551 E.07185
G1 X207.836 Y172.804 E.01063
G1 X209.546 Y174.514 E.07185
G1 X209.293 Y174.766 E.01061
G1 X207.584 Y173.057 E.07181
G1 X207.331 Y173.309 E.01061
G1 X209.041 Y175.019 E.07185
G1 X208.788 Y175.272 E.01063
G1 X207.078 Y173.562 E.07185
G1 X206.826 Y173.815 E.01061
G1 X208.535 Y175.524 E.07181
G1 X208.283 Y175.777 E.01061
G1 X206.573 Y174.067 E.07185
G1 X206.32 Y174.32 E.01063
G1 X208.03 Y176.03 E.07185
G1 X207.777 Y176.282 E.01061
G1 X206.068 Y174.573 E.07181
G1 X205.815 Y174.825 E.01061
G1 X207.525 Y176.535 E.07185
G1 X207.272 Y176.788 E.01063
G1 X205.562 Y175.078 E.07185
G1 X205.31 Y175.331 E.01061
G1 X207.019 Y177.04 E.07181
G1 X206.767 Y177.293 E.01061
G1 X205.057 Y175.583 E.07185
G1 X204.804 Y175.836 E.01063
G1 X206.514 Y177.546 E.07185
G1 X206.262 Y177.798 E.01059
G1 X204.552 Y176.088 E.07185
G1 X204.299 Y176.341 E.01063
G1 X206.009 Y178.051 E.07185
G1 X205.756 Y178.303 E.01061
G1 X204.047 Y176.594 E.07181
G1 X203.794 Y176.846 E.01061
G1 X205.504 Y178.556 E.07185
G1 X205.251 Y178.809 E.01063
G1 X203.541 Y177.099 E.07185
G1 X203.289 Y177.352 E.01061
G1 X204.998 Y179.061 E.07181
G1 X204.746 Y179.314 E.01061
G1 X203.036 Y177.604 E.07185
G1 X202.783 Y177.857 E.01063
G1 X204.493 Y179.567 E.07185
G1 X204.24 Y179.819 E.01061
G1 X202.531 Y178.11 E.07181
G1 X202.278 Y178.362 E.01061
G1 X203.988 Y180.072 E.07185
G1 X203.735 Y180.325 E.01063
G1 X202.025 Y178.615 E.07185
G1 X201.773 Y178.868 E.01061
G1 X203.482 Y180.577 E.07181
G1 X203.23 Y180.83 E.01061
G1 X201.52 Y179.12 E.07185
G1 X201.267 Y179.373 E.01063
G1 X202.977 Y181.083 E.07185
G1 X202.724 Y181.335 E.01061
G1 X201.015 Y179.626 E.07181
G1 X200.762 Y179.878 E.01061
G1 X202.472 Y181.588 E.07185
G1 X202.219 Y181.841 E.01063
G1 X200.509 Y180.131 E.07185
G1 X200.257 Y180.384 E.01061
G1 X201.966 Y182.093 E.07181
G1 X201.714 Y182.346 E.01061
G1 X200.004 Y180.636 E.07185
G1 X199.751 Y180.889 E.01063
G1 X201.461 Y182.599 E.07185
G1 X201.208 Y182.851 E.01061
G1 X199.499 Y181.142 E.07181
G1 X199.246 Y181.394 E.01061
G1 X200.956 Y183.104 E.07185
G1 X200.703 Y183.357 E.01063
G1 X198.993 Y181.647 E.07185
G1 X198.741 Y181.9 E.01061
G1 X200.45 Y183.609 E.07181
G1 X200.198 Y183.862 E.01061
G1 X198.488 Y182.152 E.07185
G1 X198.235 Y182.405 E.01063
G1 X199.945 Y184.115 E.07185
G1 X199.693 Y184.367 E.01059
G1 X197.983 Y182.657 E.07185
G1 X197.73 Y182.91 E.01063
G1 X199.44 Y184.62 E.07185
G1 X199.187 Y184.872 E.01061
G1 X197.478 Y183.163 E.07181
G1 X197.225 Y183.415 E.01061
G1 X198.935 Y185.125 E.07185
G1 X198.682 Y185.378 E.01063
G1 X196.972 Y183.668 E.07185
G1 X196.72 Y183.921 E.01061
G1 X198.429 Y185.63 E.07181
G1 X198.177 Y185.883 E.01061
G1 X196.467 Y184.173 E.07185
G1 X196.214 Y184.426 E.01063
G1 X197.924 Y186.136 E.07185
G1 X197.671 Y186.388 E.01061
G1 X195.962 Y184.679 E.07181
G1 X195.709 Y184.931 E.01061
G1 X197.419 Y186.641 E.07185
G1 X197.166 Y186.894 E.01063
G1 X195.456 Y185.184 E.07185
G1 X195.204 Y185.437 E.01061
G1 X196.913 Y187.146 E.07181
G1 X196.661 Y187.399 E.01061
G1 X194.951 Y185.689 E.07185
G1 X194.698 Y185.942 E.01063
G1 X196.408 Y187.652 E.07185
G1 X196.155 Y187.904 E.01061
G1 X194.446 Y186.195 E.07181
G1 X194.193 Y186.447 E.01061
G1 X195.903 Y188.157 E.07185
G1 X195.65 Y188.41 E.01063
G1 X193.94 Y186.7 E.07185
G1 X193.688 Y186.953 E.01061
G1 X195.397 Y188.662 E.07181
G1 X195.145 Y188.915 E.01061
G1 X193.435 Y187.205 E.07185
G1 X193.182 Y187.458 E.01063
G1 X194.892 Y189.168 E.07185
G1 X194.639 Y189.42 E.01061
G1 X192.93 Y187.711 E.07181
G1 X192.677 Y187.963 E.01061
G1 X194.387 Y189.673 E.07185
G1 X194.134 Y189.926 E.01063
G1 X192.424 Y188.216 E.07185
G1 X192.172 Y188.469 E.01061
G1 X193.881 Y190.178 E.07181
G1 X193.629 Y190.431 E.01061
G1 X191.919 Y188.721 E.07185
G1 X191.666 Y188.974 E.01063
G1 X193.376 Y190.684 E.07185
G1 X193.124 Y190.936 E.01059
G1 X191.414 Y189.226 E.07185
G1 X191.161 Y189.479 E.01063
G1 X192.871 Y191.189 E.07185
G1 X192.618 Y191.442 E.01063
G1 X190.909 Y189.732 E.07183
G1 X190.656 Y189.984 E.01061
G1 X192.366 Y191.694 E.07185
G1 X192.113 Y191.947 E.01063
G1 X190.403 Y190.237 E.07185
G1 X190.151 Y190.49 E.01061
G1 X191.86 Y192.199 E.07181
G1 X191.608 Y192.452 E.01061
G1 X189.898 Y190.742 E.07185
G1 X189.645 Y190.995 E.01063
G1 X191.355 Y192.705 E.07185
G1 X191.102 Y192.957 E.01061
G1 X189.393 Y191.248 E.07181
G1 X189.14 Y191.5 E.01061
G1 X190.85 Y193.21 E.07185
G1 X190.597 Y193.463 E.01063
G1 X188.887 Y191.753 E.07185
G1 X188.635 Y192.006 E.01061
G1 X190.344 Y193.715 E.07181
G1 X190.092 Y193.968 E.01061
G1 X188.327 Y192.203 E.07416
G1 X188.016 Y192.262 E.0094
G1 X187.881 Y192.262 E.00401
G1 X189.839 Y194.221 E.08229
G1 X189.586 Y194.473 E.01061
G1 X187.375 Y192.262 E.0929
G1 X186.87 Y192.262 E.015
G1 X189.334 Y194.726 E.10353
G1 X189.081 Y194.979 E.01063
G1 X186.365 Y192.262 E.11414
G1 X185.859 Y192.262 E.01503
G1 X188.828 Y195.231 E.12475
G1 X188.576 Y195.484 E.01061
G1 X185.354 Y192.262 E.13538
G1 X184.849 Y192.262 E.015
G1 X188.323 Y195.737 E.14599
G1 X188.07 Y195.989 E.01061
G1 X184.344 Y192.262 E.15657
G1 X183.838 Y192.262 E.01503
G1 X187.818 Y196.242 E.16723
G1 X187.622 Y196.438 E.00824
G1 X187.508 Y196.438 E.00339
G1 X183.333 Y192.262 E.17544
G1 X182.828 Y192.262 E.015
G1 X187.003 Y196.438 E.17544
G1 X186.498 Y196.438 E.015
G1 X182.322 Y192.262 E.17546
G1 X181.817 Y192.262 E.015
G1 X185.992 Y196.438 E.17544
G1 X185.487 Y196.438 E.015
G1 X181.312 Y192.262 E.17544
G1 X180.806 Y192.262 E.01503
G1 X184.982 Y196.438 E.17546
G1 X184.476 Y196.438 E.01503
G1 X180.301 Y192.262 E.17544
G1 X179.796 Y192.262 E.015
G1 X183.971 Y196.438 E.17544
G1 X183.466 Y196.438 E.015
G1 X179.29 Y192.262 E.17546
G1 X178.785 Y192.262 E.015
G1 X182.96 Y196.438 E.17544
G1 X182.455 Y196.438 E.015
G1 X178.28 Y192.262 E.17544
G1 X177.775 Y192.262 E.015
G1 X181.95 Y196.438 E.17544
G1 X181.444 Y196.438 E.01503
G1 X177.269 Y192.262 E.17544
G1 X176.764 Y192.262 E.015
G1 X180.939 Y196.438 E.17544
G1 X180.434 Y196.438 E.015
G1 X176.259 Y192.262 E.17544
G1 X175.753 Y192.262 E.01503
G1 X179.929 Y196.438 E.17546
G1 X179.423 Y196.438 E.01503
G1 X175.248 Y192.262 E.17544
G1 X174.743 Y192.262 E.015
G1 X178.918 Y196.438 E.17544
G1 X178.413 Y196.438 E.015
G1 X174.237 Y192.262 E.17546
G1 X173.732 Y192.262 E.015
G1 X177.907 Y196.438 E.17544
G1 X177.402 Y196.438 E.015
G1 X173.227 Y192.262 E.17544
G1 X172.721 Y192.262 E.01503
G1 X176.897 Y196.438 E.17546
G1 X176.391 Y196.438 E.01503
G1 X172.216 Y192.262 E.17544
G1 X171.711 Y192.262 E.015
G1 X175.886 Y196.438 E.17544
G1 X175.381 Y196.438 E.015
G1 X171.206 Y192.262 E.17544
G1 X170.7 Y192.262 E.01503
G1 X174.875 Y196.438 E.17544
G1 X174.37 Y196.438 E.015
G1 X170.195 Y192.262 E.17544
G1 X169.69 Y192.262 E.015
G1 X173.865 Y196.438 E.17544
G1 X173.36 Y196.438 E.015
G1 X169.184 Y192.262 E.17546
G1 X168.912 Y192.262 E.00808
G1 X168.912 Y192.496 E.00695
G1 X172.854 Y196.438 E.16563
G1 X172.349 Y196.438 E.015
G1 X168.912 Y193.001 E.14441
G1 X168.912 Y193.506 E.015
G1 X171.844 Y196.438 E.12319
G1 X171.338 Y196.438 E.01503
G1 X168.912 Y194.012 E.10193
G1 X168.912 Y194.517 E.015
G1 X170.833 Y196.438 E.08071
G1 X170.328 Y196.438 E.015
G1 X168.912 Y195.022 E.0595
G1 X168.912 Y195.528 E.01503
G1 X169.822 Y196.438 E.03824
G1 X169.317 Y196.438 E.015
G1 X168.752 Y195.872 E.02376
G1 E-2 F2400
M204 S8000
G1 X166.188 Y198.287 F24000
G1 E2 F2400
M204 S5000
;TYPE:Internal infill
;WIDTH:0.45
G1 F13200
G1 X163.746 Y198.287 E.08266
G1 X166.871 Y201.413 E.14962
G1 X164.428 Y201.413 E.08269
G1 E-2 F2400
M204 S8000
G1 X157.803 Y194.787 F24000
G1 E2 F2400
M204 S5000
G1 F13200
G1 X160.246 Y194.787 E.08269
G1 X161.067 Y195.608 E.0393
G1 X161.073 Y197.094 E.0503
G1 X156.755 Y201.413 E.20672
G1 X155.357 Y201.413 E.04732
G1 X148.732 Y194.787 E.31716
G1 X151.866 Y194.787 E.10608
G1 X145.241 Y201.413 E.31716
G1 X143.843 Y201.413 E.04732
G1 X137.218 Y194.787 E.31716
G1 X140.352 Y194.787 E.10608
G1 X133.727 Y201.413 E.31716
G1 X132.329 Y201.413 E.04732
G1 X125.704 Y194.787 E.31716
G1 X128.838 Y194.787 E.10608
G1 X122.213 Y201.413 E.31716
G1 X120.815 Y201.413 E.04732
G1 X114.19 Y194.787 E.31716
G1 X117.324 Y194.787 E.10608
G1 X110.699 Y201.413 E.31716
G1 X109.301 Y201.413 E.04732
G1 X102.676 Y194.787 E.31716
G1 X105.81 Y194.787 E.10608
G1 X99.185 Y201.413 E.31716
G1 X97.787 Y201.413 E.04732
G1 X91.162 Y194.787 E.31716
G1 X94.296 Y194.787 E.10608
G1 X87.671 Y201.413 E.31716
G1 X86.273 Y201.413 E.04732
G1 X79.648 Y194.787 E.31716
G1 X82.782 Y194.787 E.10608
G1 X76.157 Y201.413 E.31716
G1 X74.759 Y201.413 E.04732
G1 X68.134 Y194.787 E.31716
G1 X71.268 Y194.787 E.10608
G1 X64.643 Y201.413 E.31716
G1 X63.245 Y201.413 E.04732
G1 X58.927 Y197.094 E.20672
G1 X58.933 Y195.608 E.0503
G1 X59.754 Y194.787 E.0393
G1 X62.197 Y194.787 E.08269
G1 E-2 F2400
M204 S8000
G1 X53.812 Y198.287 F24000
G1 E2 F2400
M204 S5000
G1 F13200
G1 X56.254 Y198.287 E.08266
G1 X53.129 Y201.413 E.14962
G1 X55.572 Y201.413 E.08269
M106 S186.15
;LAYER_CHANGE
;Z:2.4
;HEIGHT:0.2
G1 E-2 F2400
G1 Z2.4 F24000
M204 S8000
G1 X167.368 Y201.718
G1 E2 F2400
M204 S4000
;TYPE:Perimeter
;WIDTH:0.449999
G1 F10800
G1 X52.632 Y201.718 E3.88367
G1 X52.632 Y197.15 E.15462
M204 S1500
;TYPE:Overhang perimeter
;WIDTH:0.4
;HEIGHT:0.4
M106 S255
G1 F3000
G1 X52.632 Y191.982 E.27
G1 X167.368 Y191.982 E5.99437
G1 X167.368 Y197.15 E.27
M106 S186.15
M204 S4000
;TYPE:Perimeter
;WIDTH:0.449999
;HEIGHT:0.2
G1 F10800
G1 X167.368 Y201.658 E.15259
M204 S5000
M204 S8000
G1 X167.775 Y202.125 F24000
M204 S4000
;TYPE:External perimeter
G1 F7200
G1 X52.225 Y202.125 E3.91122
G1 X52.225 Y197.15 E.1684
M204 S1500
;TYPE:Overhang perimeter
;WIDTH:0.4
;HEIGHT:0.4
M106 S255
G1 F3000
G1 X52.225 Y191.575 E.29127
G1 X167.775 Y191.575 E6.0369
G1 X167.775 Y197.15 E.29127
M106 S186.15
M204 S4000
;TYPE:External perimeter
;WIDTH:0.449999
;HEIGHT:0.2
G1 F7200
G1 X167.775 Y202.065 E.16637
M204 S5000
G1 X167.379 Y202.124 F24000
G1 E-2 F2400
M204 S8000
G1 X164.428 Y201.413 F24000
G1 E2 F2400
M204 S5000
;TYPE:Internal infill
;WIDTH:0.45
G1 F13200
G1 X166.871 Y201.413 E.08269
G1 X163.831 Y198.373 E.14552
G1 X166.274 Y198.373 E.08269
G1 E-2 F2400
M204 S8000
G1 X157.889 Y194.873 F24000
G1 E2 F2400
M204 S5000
G1 F13200
G1 X160.331 Y194.873 E.08266
G1 X160.981 Y195.523 E.03112
G1 X160.988 Y197.18 E.05609
G1 X156.755 Y201.413 E.20263
G1 X155.357 Y201.413 E.04732
G1 X148.817 Y194.873 E.31307
G1 X151.781 Y194.873 E.10033
G1 X145.241 Y201.413 E.31307
G1 X143.843 Y201.413 E.04732
G1 X137.303 Y194.873 E.31307
G1 X140.267 Y194.873 E.10033
G1 X133.727 Y201.413 E.31307
G1 X132.329 Y201.413 E.04732
G1 X125.789 Y194.873 E.31307
G1 X128.753 Y194.873 E.10033
G1 X122.213 Y201.413 E.31307
G1 X120.815 Y201.413 E.04732
G1 X114.275 Y194.873 E.31307
G1 X117.239 Y194.873 E.10033
G1 X110.699 Y201.413 E.31307
G1 X109.301 Y201.413 E.04732
G1 X102.761 Y194.873 E.31307
G1 X105.725 Y194.873 E.10033
G1 X99.185 Y201.413 E.31307
G1 X97.787 Y201.413 E.04732
G1 X91.247 Y194.873 E.31307
G1 X94.211 Y194.873 E.10033
G1 X87.671 Y201.413 E.31307
G1 X86.273 Y201.413 E.04732
G1 X79.733 Y194.873 E.31307
G1 X82.697 Y194.873 E.10033
G1 X76.157 Y201.413 E.31307
G1 X74.759 Y201.413 E.04732
G1 X68.219 Y194.873 E.31307
G1 X71.183 Y194.873 E.10033
G1 X64.643 Y201.413 E.31307
G1 X63.245 Y201.413 E.04732
G1 X59.012 Y197.18 E.20263
G1 X59.019 Y195.523 E.05609
G1 X59.669 Y194.873 E.03112
G1 X62.111 Y194.873 E.08266
G1 E-2 F2400
M204 S8000
G1 X53.726 Y198.373 F24000
G1 E2 F2400
M204 S5000
G1 F13200
G1 X56.169 Y198.373 E.08269
G1 X53.129 Y201.413 E.14552
G1 X55.572 Y201.413 E.08269
G1 E-2 F2400
M204 S8000
G1 X52.756 Y192.318 F24000
G1 E2 F2400
M204 S1500
;TYPE:Bridge infill
;WIDTH:0.418114
;HEIGHT:0.4
M106 S255
G1 F3000
G1 X167.041 Y192.318 E6.52383
G1 X167.041 Y192.786 E.02672
G1 X52.959 Y192.786 E6.51224
G1 X52.959 Y193.254 E.02672
G1 X167.041 Y193.254 E6.51224
G1 X167.041 Y193.722 E.02672
G1 X52.959 Y193.722 E6.51224
G1 X52.959 Y194.19 E.02672
G1 X167.041 Y194.19 E6.51224
G1 X167.041 Y194.659 E.02677
G1 X161.389 Y194.659 E.32264
G1 X161.174 Y194.444 E.01736
G1 X58.826 Y194.444 E5.84242
G1 X58.611 Y194.659 E.01736
G1 X52.959 Y194.659 E.32264
G1 X52.959 Y195.127 E.02672
G1 X58.592 Y195.127 E.32155
G1 X58.59 Y195.595 E.02672
G1 X52.959 Y195.595 E.32144
G1 X52.959 Y196.063 E.02672
G1 X58.588 Y196.063 E.32133
G1 X58.586 Y196.531 E.02672
G1 X52.959 Y196.531 E.32121
G1 X52.959 Y196.999 E.02672
G1 X58.584 Y196.999 E.3211
G1 X58.582 Y197.467 E.02672
G1 X52.959 Y197.467 E.32098
G1 X52.959 Y197.935 E.02672
G1 X58.543 Y197.935 E.31876
M106 S186.15
M204 S5000
G1 E-2 F2400
M204 S8000
G1 X161.205 Y195.127 F24000
G1 E2 F2400
M204 S1500
M106 S255
G1 F3000
G1 X167.041 Y195.127 E.33314
G1 X167.041 Y195.595 E.02672
G1 X161.41 Y195.595 E.32144
G1 X161.412 Y196.063 E.02672
G1 X167.041 Y196.063 E.32133
G1 X167.041 Y196.531 E.02672
G1 X161.414 Y196.531 E.32121
G1 X161.416 Y196.999 E.02672
G1 X167.041 Y196.999 E.3211
G1 X167.041 Y197.467 E.02672
G1 X161.418 Y197.477 E.32098
G1 X161.449 Y197.585 E.00641
G1 X161.518 Y197.709 E.0081
G1 X161.633 Y197.825 E.00932
G1 X161.791 Y197.909 E.01021
G1 X161.945 Y197.935 E.00892
G1 X167.244 Y197.935 E.30249
M106 S186.15
M204 S5000
G1 E-2 F2400
M204 S8000
G1 X84.632 Y17.982 F24000
G1 E2 F2400
M204 S4000
;TYPE:Perimeter
;WIDTH:0.449999
;HEIGHT:0.2
G1 F10800
G1 X135.368 Y17.982 E1.71735
G1 X135.368 Y24.718 E.22801
G1 X84.632 Y24.718 E1.71735
G1 X84.632 Y18.042 E.22597
M204 S5000
M204 S8000
G1 X84.225 Y17.575 F24000
M204 S4000
;TYPE:External perimeter
G1 F7200
G1 X135.775 Y17.575 E1.7449
G1 X135.775 Y25.125 E.25556
G1 X84.225 Y25.125 E1.7449
G1 X84.225 Y17.635 E.25353
M204 S5000
G1 X84.621 Y17.576 F24000
G1 E-2 F2400
M204 S8000
G1 X84.937 Y22.366 F24000
G1 E2 F2400
M204 S5000
;TYPE:Internal infill
;WIDTH:0.45
G1 F13200
G1 X84.937 Y19.923 E.08269
G1 X86.573 Y18.287 E.07831
G1 X87.371 Y18.287 E.02701
G1 X93.496 Y24.413 E.29322
G1 X91.962 Y24.413 E.05192
G1 X98.087 Y18.287 E.29322
G1 X98.885 Y18.287 E.02701
G1 X105.01 Y24.413 E.29322
G1 X103.476 Y24.413 E.05192
G1 X109.601 Y18.287 E.29322
G1 X110.399 Y18.287 E.02701
G1 X116.524 Y24.413 E.29322
G1 X114.99 Y24.413 E.05192
G1 X121.115 Y18.287 E.29322
G1 X121.913 Y18.287 E.02701
G1 X128.038 Y24.413 E.29322
G1 X126.504 Y24.413 E.05192
G1 X132.629 Y18.287 E.29322
G1 X133.427 Y18.287 E.02701
G1 X135.063 Y19.923 E.07831
G1 X135.063 Y22.366 E.08269
M106 S221.85
;LAYER_CHANGE
;Z:2.6
;HEIGHT:0.2
G1 E-2 F2400
G1 Z2.6 F24000
M204 S8000
G1 X167.368 Y201.718
G1 E2 F2400
M204 S4000
;TYPE:Perimeter
;WIDTH:0.449999
G1 F10800
G1 X52.632 Y201.718 E3.88367
G1 X52.632 Y191.982 E.32955
G1 X167.368 Y191.982 E3.88367
G1 X167.368 Y201.658 E.32752
M204 S5000
M204 S8000
G1 X167.775 Y202.125 F24000
M204 S4000
;TYPE:External perimeter
G1 F7200
G1 X52.225 Y202.125 E3.91122
G1 X52.225 Y191.575 E.3571
G1 X167.775 Y191.575 E3.91122
G1 X167.775 Y202.065 E.35507
M204 S5000
G1 X167.379 Y202.124 F24000
G1 E-2 F2400
M204 S8000
G1 X164.021 Y201.006 F24000
G1 E2 F2400
M204 S5000
;TYPE:Internal infill
;WIDTH:0.45
G1 F13200
G1 X166.464 Y201.006 E.08269
G1 X163.831 Y198.373 E.12604
G1 X166.274 Y198.373 E.08269
G1 E-2 F2400
M204 S8000
G1 X157.889 Y194.873 F24000
G1 E2 F2400
M204 S5000
G1 F13200
G1 X160.331 Y194.873 E.08266
G1 X160.981 Y195.523 E.03112
G1 X160.988 Y197.18 E.05609
G1 X157.162 Y201.006 E.18315
G1 X154.95 Y201.006 E.07487
G1 X148.817 Y194.873 E.29358
G1 X151.781 Y194.873 E.10033
G1 X145.648 Y201.006 E.29358
G1 X143.436 Y201.006 E.07487
G1 X137.303 Y194.873 E.29358
G1 X140.267 Y194.873 E.10033
G1 X134.134 Y201.006 E.29358
G1 X131.922 Y201.006 E.07487
G1 X125.789 Y194.873 E.29358
G1 X128.753 Y194.873 E.10033
G1 X122.62 Y201.006 E.29358
G1 X120.408 Y201.006 E.07487
G1 X114.275 Y194.873 E.29358
G1 X117.239 Y194.873 E.10033
G1 X111.106 Y201.006 E.29358
G1 X108.894 Y201.006 E.07487
G1 X102.761 Y194.873 E.29358
G1 X105.725 Y194.873 E.10033
G1 X99.592 Y201.006 E.29358
G1 X97.38 Y201.006 E.07487
G1 X91.247 Y194.873 E.29358
G1 X94.211 Y194.873 E.10033
G1 X88.078 Y201.006 E.29358
G1 X85.866 Y201.006 E.07487
G1 X79.733 Y194.873 E.29358
G1 X82.697 Y194.873 E.10033
G1 X76.564 Y201.006 E.29358
G1 X74.352 Y201.006 E.07487
G1 X68.219 Y194.873 E.29358
G1 X71.183 Y194.873 E.10033
G1 X65.05 Y201.006 E.29358
G1 X62.838 Y201.006 E.07487
G1 X59.012 Y197.18 E.18315
G1 X59.019 Y195.523 E.05609
G1 X59.669 Y194.873 E.03112
G1 X62.111 Y194.873 E.08266
G1 E-2 F2400
M204 S8000
G1 X55.979 Y201.006 F24000
G1 E2 F2400
M204 S5000
G1 F13200
G1 X53.536 Y201.006 E.08269
G1 X56.169 Y198.373 E.12604
G1 X53.726 Y198.373 E.08269
M204 S8000
G1 X53.001 Y197.943 F24000
M204 S5000
;TYPE:Solid infill
;WIDTH:0.576452
G1 F9600
G1 X52.98 Y198.018 E.00346
;WIDTH:0.534311
G1 X52.958 Y198.094 E.00323
;WIDTH:0.49217
G1 X52.937 Y198.169 E.00291
;WIDTH:0.450028
G1 X52.937 Y201.209 E.10291
;WIDTH:0.484954
G1 X52.955 Y201.293 E.00316
;WIDTH:0.51988
G1 X52.972 Y201.378 E.00344
G1 X53.057 Y201.395 E.00344
;WIDTH:0.484954
G1 X53.141 Y201.413 E.00316
;WIDTH:0.450028
G1 X65.174 Y201.413 E.40733
G1 E-2 F2400
M204 S8000
G1 X53.689 Y197.966 F24000
G1 E2 F2400
M204 S5000
;WIDTH:0.449999
G1 F9600
G1 X52.937 Y197.214 E.036
G1 X52.866 Y197.121 E.00396
;WIDTH:0.41646
G1 X52.794 Y197.028 E.00365
;WIDTH:0.38292
G1 X52.805 Y197.069 E.0012
G1 X52.734 Y197.088 E.00208
G1 X52.753 Y197.017 E.00208
;WIDTH:0.449999
G1 X52.937 Y196.638 E.01426
G1 X54.265 Y197.966 E.06357
G1 X54.84 Y197.966 E.01946
G1 X52.937 Y196.063 E.0911
G1 X52.937 Y195.487 E.0195
G1 X55.416 Y197.966 E.11867
G1 X55.992 Y197.966 E.0195
G1 X52.937 Y194.911 E.14624
G1 X52.937 Y194.336 E.01946
G1 X56.568 Y197.966 E.17379
G1 X57.143 Y197.966 E.01946
G1 X52.937 Y193.76 E.20134
G1 X52.937 Y193.184 E.0195
G1 X57.719 Y197.966 E.22891
G1 X58.244 Y197.915 E.01785
G1 X52.937 Y192.609 E.25402
G1 X52.841 Y192.161 E.01551
;WIDTH:0.38292
G1 X52.822 Y192.232 E.00208
G1 X52.893 Y192.213 E.00208
G1 X52.882 Y192.172 E.0012
;WIDTH:0.41646
G1 X53.037 Y192.229 E.00513
;WIDTH:0.449999
G1 X53.192 Y192.287 E.0056
G1 X58.545 Y197.64 E.25624
G1 X58.605 Y197.125 E.01755
G1 X53.768 Y192.287 E.23157
G1 X54.343 Y192.287 E.01946
G1 X58.608 Y196.552 E.20416
G1 X58.61 Y195.979 E.0194
G1 X54.919 Y192.287 E.17671
G1 X55.495 Y192.287 E.0195
G1 X58.613 Y195.405 E.14926
G1 X58.615 Y194.832 E.0194
G1 X56.07 Y192.287 E.12183
G1 X56.479 Y192.073 E.01562
;WIDTH:0.38292
G1 X56.46 Y192.144 E.00208
G1 X56.531 Y192.125 E.00208
G1 X56.52 Y192.084 E.0012
;WIDTH:0.41646
G1 X56.583 Y192.185 E.0037
;WIDTH:0.449999
G1 X56.646 Y192.287 E.00406
G1 X58.83 Y194.471 E.10455
G1 E-2 F2400
M204 S8000
G1 X57.366 Y192.431 F24000
G1 E2 F2400
M204 S5000
G1 F9600
G1 X59.262 Y194.327 E.09076
G1 X59.266 Y194.466 E.00471
G1 X160.723 Y194.466 E3.43419
G1 X158.688 Y192.431 E.09741
G1 X158.688 Y192.287 E.00487
G1 X57.222 Y192.287 E3.4345
M204 S8000
G1 X58.205 Y192.694 F24000
M204 S5000
G1 F9600
G1 X158.376 Y192.694 E3.39066
G1 X159.74 Y194.059 E.06532
G1 X59.569 Y194.059 E3.39066
G1 X58.348 Y192.838 E.05845
M204 S8000
G1 X59.274 Y193.137 F24000
M204 S5000
;WIDTH:0.521525
G1 F9600
G1 X158.192 Y193.137 E3.93656
G1 X158.671 Y193.616 E.02696
G1 X59.752 Y193.616 E3.9366
G1 X59.418 Y193.281 E.01883
G1 E-2 F2400
M204 S8000
G1 X161.375 Y197.802 F24000
G1 E2 F2400
M204 S5000
;WIDTH:0.38292
G1 F9600
G1 X161.521 Y197.948 E.00584
;WIDTH:0.41646
G1 X161.713 Y197.949 E.00596
;WIDTH:0.449999
G1 X161.904 Y197.95 E.00647
G1 X161.396 Y197.442 E.02432
G1 X161.394 Y196.864 E.01956
G1 X162.496 Y197.966 E.05275
G1 X163.071 Y197.966 E.01946
G1 X161.391 Y196.285 E.08044
G1 X161.389 Y195.707 E.01956
G1 X163.647 Y197.966 E.10811
G1 X164.223 Y197.966 E.0195
G1 X161.386 Y195.129 E.13581
G1 E-2 F2400
M204 S8000
G1 X159.12 Y192.287 F24000
G1 E2 F2400
M204 S5000
G1 F9600
G1 X164.798 Y197.966 E.27183
G1 X165.374 Y197.966 E.0195
G1 X159.696 Y192.287 E.27183
G1 X160.271 Y192.287 E.01946
G1 X165.95 Y197.966 E.27185
G1 X166.526 Y197.966 E.0195
G1 X160.847 Y192.287 E.27185
G1 X161.423 Y192.287 E.0195
G1 X167.063 Y197.927 E.26998
G1 X167.063 Y201.209 E.11109
;WIDTH:0.484954
G1 X167.045 Y201.293 E.00316
;WIDTH:0.519878
G1 X167.028 Y201.378 E.00344
G1 X166.943 Y201.395 E.00344
;WIDTH:0.484953
G1 X166.859 Y201.413 E.00316
;WIDTH:0.450028
G1 X159.695 Y201.413 E.24251
G1 E-2 F2400
M204 S8000
G1 X167.063 Y197.351 F24000
G1 E2 F2400
M204 S5000
;WIDTH:0.449999
G1 F9600
G1 X161.999 Y192.287 E.24241
G1 X162.574 Y192.287 E.01946
G1 X167.063 Y196.776 E.21489
G1 X167.063 Y196.2 E.0195
G1 X163.15 Y192.287 E.18731
G1 X163.726 Y192.287 E.0195
G1 X167.063 Y195.624 E.15974
G1 X167.063 Y195.049 E.01946
G1 X164.301 Y192.287 E.13222
G1 X164.877 Y192.287 E.0195
G1 X167.063 Y194.473 E.10464
G1 X167.223 Y194.58 E.00652
G1 X167.187 Y194.616 E.00172
G1 X167.2 Y194.665 E.00172
G1 X167.25 Y194.678 E.00175
G1 X167.286 Y194.642 E.00172
G1 X167.272 Y194.593 E.00172
G1 E-2 F2400
M204 S8000
G1 X165.597 Y192.431 F24000
G1 E2 F2400
M204 S5000
G1 F9600
G1 X167.063 Y193.897 E.07018
G1 X167.063 Y192.287 E.0545
G1 X165.453 Y192.287 E.0545
M204 S8000
G1 X166.574 Y192.694 F24000
M204 S5000
;WIDTH:0.578902
G1 F9600
G1 X166.526 Y192.742 E.00303
G1 X166.544 Y192.806 E.00296
G1 X166.608 Y192.824 E.00296
G1 X166.656 Y192.776 E.00303
G1 X166.638 Y192.712 E.00296
G1 E-2 F2400
M204 S8000
G1 X148.876 Y201.413 F24000
G1 E2 F2400
M204 S5000
;WIDTH:0.450028
G1 F9600
G1 X157.396 Y201.413 E.28841
G1 E-2 F2400
M204 S8000
G1 X137.421 Y201.413 F24000
G1 E2 F2400
M204 S5000
;WIDTH:0.45003
G1 F9600
G1 X145.923 Y201.413 E.2878
G1 E-2 F2400
M204 S8000
G1 X125.966 Y201.413 F24000
G1 E2 F2400
M204 S5000
G1 F9600
G1 X134.07 Y201.413 E.27433
G1 E-2 F2400
M204 S8000
G1 X114.511 Y201.413 F24000
G1 E2 F2400
M204 S5000
;WIDTH:0.450028
G1 F9600
G1 X122.581 Y201.413 E.27318
G1 E-2 F2400
M204 S8000
G1 X102.599 Y201.413 F24000
G1 E2 F2400
M204 S5000
;WIDTH:0.450026
G1 F9600
G1 X111.095 Y201.413 E.2876
G1 E-2 F2400
M204 S8000
G1 X91.146 Y201.413 F24000
G1 E2 F2400
M204 S5000
;WIDTH:0.450028
G1 F9600
G1 X99.612 Y201.413 E.28658
G1 E-2 F2400
M204 S8000
G1 X79.509 Y201.413 F24000
G1 E2 F2400
M204 S5000
G1 F9600
G1 X88.131 Y201.413 E.29186
G1 E-2 F2400
M204 S8000
G1 X68.054 Y201.413 F24000
G1 E2 F2400
M204 S5000
;WIDTH:0.45003
G1 F9600
G1 X76.651 Y201.413 E.29102
G1 E-2 F2400
M204 S8000
G1 X84.632 Y17.982 F24000
G1 E2 F2400
M204 S4000
;TYPE:Perimeter
;WIDTH:0.449999
G1 F10800
G1 X135.368 Y17.982 E1.71735
G1 X135.368 Y24.718 E.22801
G1 X84.632 Y24.718 E1.71735
G1 X84.632 Y18.042 E.22597
M204 S5000
M204 S8000
G1 X84.225 Y17.575 F24000
M204 S4000
;TYPE:External perimeter
G1 F7200
G1 X135.775 Y17.575 E1.7449
G1 X135.775 Y25.125 E.25556
G1 X84.225 Y25.125 E1.7449
G1 X84.225 Y17.635 E.25353
M204 S5000
G1 X84.621 Y17.576 F24000
G1 E-2 F2400
M204 S8000
G1 X84.937 Y22.366 F24000
G1 E2 F2400
M204 S5000
;TYPE:Internal infill
;WIDTH:0.45
G1 F13200
G1 X84.937 Y19.923 E.08269
G1 X86.573 Y18.287 E.07831
G1 X87.371 Y18.287 E.02701
G1 X93.496 Y24.413 E.29322
G1 X91.962 Y24.413 E.05192
G1 X98.087 Y18.287 E.29322
G1 X98.885 Y18.287 E.02701
G1 X105.01 Y24.413 E.29322
G1 X103.476 Y24.413 E.05192
G1 X109.601 Y18.287 E.29322
G1 X110.399 Y18.287 E.02701
G1 X116.524 Y24.413 E.29322
G1 X114.99 Y24.413 E.05192
G1 X121.115 Y18.287 E.29322
G1 X121.913 Y18.287 E.02701
G1 X128.038 Y24.413 E.29322
G1 X126.504 Y24.413 E.05192
G1 X132.629 Y18.287 E.29322
G1 X133.427 Y18.287 E.02701
G1 X135.063 Y19.923 E.07831
G1 X135.063 Y22.366 E.08269
M106 S127.5
;LAYER_CHANGE
;Z:2.8
;HEIGHT:0.2
G1 E-2 F2400
G1 Z2.8 F24000
M204 S8000
G1 X167.368 Y201.718
G1 E2 F2400
M204 S4000
;TYPE:Perimeter
;WIDTH:0.449999
G1 F10800
G1 X52.632 Y201.718 E3.88367
G1 X52.632 Y191.982 E.32955
G1 X167.368 Y191.982 E3.88367
G1 X167.368 Y201.658 E.32752
M204 S5000
M204 S8000
G1 X167.775 Y202.125 F24000
M204 S4000
;TYPE:External perimeter
G1 F7200
G1 X52.225 Y202.125 E3.91122
G1 X52.225 Y191.575 E.3571
G1 X167.775 Y191.575 E3.91122
G1 X167.775 Y202.065 E.35507
M204 S5000
G1 X167.379 Y202.124 F24000
G1 E-2 F2400
M204 S8000
G1 X53.671 Y201.594 F24000
G1 E2 F2400
M204 S1500
;TYPE:Bridge infill
;WIDTH:0.402274
;HEIGHT:0.4
M106 S255
G1 F3000
G1 X52.959 Y200.882 E.05321
G1 X52.959 Y200.242 E.03382
G1 X54.108 Y201.391 E.08586
G1 X54.748 Y201.391 E.03382
G1 X52.959 Y199.602 E.13369
G1 X52.959 Y198.963 E.03377
G1 X55.387 Y201.391 E.18144
G1 X56.027 Y201.391 E.03382
G1 X52.959 Y198.323 E.22927
G1 X52.959 Y197.712 E.03229
G1 X52.995 Y197.719 E.00194
G1 X56.666 Y201.391 E.27436
G1 X57.306 Y201.391 E.03382
G1 X53.634 Y197.719 E.2744
G1 X54.274 Y197.719 E.03382
G1 X57.946 Y201.391 E.2744
G1 X58.585 Y201.391 E.03377
G1 X54.913 Y197.719 E.2744
G1 X55.553 Y197.719 E.03382
G1 X59.225 Y201.391 E.2744
G1 X59.864 Y201.391 E.03377
G1 X56.193 Y197.719 E.27436
G1 X56.832 Y197.719 E.03377
G1 X60.504 Y201.391 E.2744
G1 X61.144 Y201.391 E.03382
G1 X57.472 Y197.719 E.2744
G1 X57.983 Y197.719 E.027
G1 X58.093 Y197.701 E.00589
G1 X61.783 Y201.391 E.27575
G1 X62.423 Y201.391 E.03382
G1 X58.358 Y197.326 E.30377
G1 X58.361 Y196.689 E.03366
G1 X63.063 Y201.391 E.35137
G1 X63.702 Y201.391 E.03377
G1 X58.363 Y196.052 E.39897
G1 X58.366 Y195.416 E.03361
G1 X64.342 Y201.391 E.44654
G1 X64.981 Y201.391 E.03377
G1 X58.369 Y194.779 E.4941
G1 X58.37 Y194.581 E.01046
G1 X58.591 Y194.361 E.01648
G1 X65.267 Y201.037 E.49888
G1 X65.586 Y200.717 E.02388
G1 X59.089 Y194.219 E.48554
G1 X59.728 Y194.219 E.03377
G1 X65.906 Y200.397 E.46167
G1 X66.226 Y200.077 E.02391
G1 X60.458 Y194.309 E.43103
G1 X60.613 Y194.219 E.00947
G1 X61.008 Y194.219 E.02087
G1 X68.179 Y201.391 E.53591
G1 X68.819 Y201.391 E.03382
G1 X61.647 Y194.219 E.53595
G1 X62.287 Y194.219 E.03382
G1 X69.459 Y201.391 E.53595
G1 X70.098 Y201.391 E.03377
G1 X62.926 Y194.219 E.53595
G1 X63.566 Y194.219 E.03382
G1 X70.738 Y201.391 E.53595
G1 X71.377 Y201.391 E.03377
G1 X64.206 Y194.219 E.53591
G1 X64.845 Y194.219 E.03377
G1 X72.017 Y201.391 E.53595
G1 X72.657 Y201.391 E.03382
G1 X65.485 Y194.219 E.53595
G1 X66.124 Y194.219 E.03377
G1 X73.296 Y201.391 E.53595
G1 X73.936 Y201.391 E.03382
G1 X66.764 Y194.219 E.53595
G1 X67.174 Y194.219 E.02166
G1 X67.721 Y194.536 E.03341
G1 X74.576 Y201.391 E.51226
G1 X75.215 Y201.391 E.03377
G1 X69.332 Y195.508 E.43962
G1 X69.933 Y195.875 E.03721
G1 X70.136 Y195.672 E.01517
G1 X75.855 Y201.391 E.42737
G1 X76.494 Y201.391 E.03377
G1 X70.456 Y195.353 E.45121
G1 X70.776 Y195.033 E.02391
G1 X76.78 Y201.037 E.44867
G1 X77.1 Y200.717 E.02391
G1 X71.095 Y194.713 E.4487
G1 X71.109 Y194.699 E.00105
G1 X70.959 Y194.219 E.02657
G1 X71.241 Y194.219 E.0149
G1 X77.42 Y200.398 E.46174
G1 X77.739 Y200.078 E.02388
G1 X71.881 Y194.219 E.43779
G1 X72.521 Y194.219 E.03382
G1 X79.692 Y201.391 E.53591
G1 X80.332 Y201.391 E.03382
G1 X73.16 Y194.219 E.53595
G1 X73.8 Y194.219 E.03382
G1 X80.972 Y201.391 E.53595
G1 X81.611 Y201.391 E.03377
G1 X74.439 Y194.219 E.53595
G1 X75.079 Y194.219 E.03382
G1 X82.251 Y201.391 E.53595
G1 X82.89 Y201.391 E.03377
G1 X75.719 Y194.219 E.53591
G1 X76.358 Y194.219 E.03377
G1 X83.53 Y201.391 E.53595
G1 X84.17 Y201.391 E.03382
G1 X76.998 Y194.219 E.53595
G1 X77.638 Y194.219 E.03382
G1 X84.809 Y201.391 E.53591
G1 X85.449 Y201.391 E.03382
G1 X78.277 Y194.219 E.53595
G1 X78.629 Y194.219 E.0186
G1 X79.314 Y194.616 E.04184
G1 X86.089 Y201.391 E.50628
G1 X86.728 Y201.391 E.03377
G1 X80.96 Y195.623 E.43103
G1 X81.417 Y195.905 E.02838
G1 X81.649 Y195.673 E.01734
G1 X87.368 Y201.391 E.42733
G1 X88.007 Y201.391 E.03377
G1 X81.969 Y195.353 E.45121
G1 X82.289 Y195.033 E.02391
G1 X88.294 Y201.038 E.44874
G1 X88.613 Y200.718 E.02388
G1 X82.582 Y194.687 E.45068
G1 X82.427 Y194.219 E.02605
G1 X82.754 Y194.219 E.01728
G1 X88.933 Y200.398 E.46174
G1 X89.253 Y200.078 E.02391
G1 X83.394 Y194.219 E.43783
G1 X84.034 Y194.219 E.03382
G1 X91.205 Y201.391 E.53591
G1 X91.845 Y201.391 E.03382
G1 X84.673 Y194.219 E.53595
G1 X85.313 Y194.219 E.03382
G1 X92.485 Y201.391 E.53595
G1 X93.124 Y201.391 E.03377
G1 X85.952 Y194.219 E.53595
G1 X86.592 Y194.219 E.03382
G1 X93.764 Y201.391 E.53595
G1 X94.403 Y201.391 E.03377
G1 X87.232 Y194.219 E.53591
G1 X87.871 Y194.219 E.03377
G1 X95.043 Y201.391 E.53595
G1 X95.683 Y201.391 E.03382
G1 X88.511 Y194.219 E.53595
G1 X89.151 Y194.219 E.03382
G1 X96.322 Y201.391 E.53591
G1 X96.962 Y201.391 E.03382
G1 X89.79 Y194.219 E.53595
G1 X90.084 Y194.219 E.01554
G1 X90.907 Y194.696 E.05026
G1 X97.602 Y201.391 E.5003
G1 X98.241 Y201.391 E.03377
G1 X91.665 Y194.815 E.49141
G1 X91.752 Y194.815 E.0046
G1 X92.949 Y195.459 E.07182
G1 X98.881 Y201.391 E.44329
G1 X99.52 Y201.391 E.03377
G1 X93.483 Y195.353 E.45117
G1 X93.803 Y195.034 E.02388
G1 X99.807 Y201.038 E.44867
G1 X100.127 Y200.718 E.02391
G1 X94.038 Y194.63 E.45498
G1 X93.893 Y194.219 E.02303
G1 X94.267 Y194.219 E.01976
G1 X100.447 Y200.399 E.46182
G1 X100.757 Y200.089 E.02317
G1 X100.823 Y200.135 E.00425
G1 X94.907 Y194.219 E.44209
G1 X95.547 Y194.219 E.03382
G1 X102.718 Y201.391 E.53591
G1 X103.358 Y201.391 E.03382
G1 X96.186 Y194.219 E.53595
G1 X96.826 Y194.219 E.03382
G1 X103.998 Y201.391 E.53595
G1 X104.637 Y201.391 E.03377
G1 X97.465 Y194.219 E.53595
G1 X98.105 Y194.219 E.03382
G1 X105.277 Y201.391 E.53595
G1 X105.917 Y201.391 E.03382
G1 X98.745 Y194.219 E.53595
G1 X99.384 Y194.219 E.03377
G1 X106.556 Y201.391 E.53595
G1 X107.196 Y201.391 E.03382
G1 X100.024 Y194.219 E.53595
G1 X100.664 Y194.219 E.03382
G1 X107.835 Y201.391 E.53591
G1 X108.475 Y201.391 E.03382
G1 X101.303 Y194.219 E.53595
G1 X101.539 Y194.219 E.01247
G1 X102.5 Y194.776 E.05869
G1 X109.115 Y201.391 E.49433
G1 X109.754 Y201.391 E.03377
G1 X103.178 Y194.815 E.49141
G1 X103.206 Y194.815 E.00148
G1 X104.559 Y195.556 E.08151
G1 X110.394 Y201.391 E.43604
G1 X111.033 Y201.391 E.03377
G1 X104.996 Y195.354 E.45113
G1 X105.316 Y195.034 E.02391
G1 X111.32 Y201.039 E.4487
G1 X111.64 Y200.719 E.02391
G1 X105.489 Y194.567 E.45969
G1 X105.359 Y194.219 E.01963
G1 X105.78 Y194.219 E.02225
G1 X111.96 Y200.399 E.46182
G1 X112.28 Y200.079 E.02391
G1 X106.42 Y194.219 E.43791
G1 X107.06 Y194.219 E.03382
G1 X112.6 Y199.759 E.41399
G1 X112.744 Y199.615 E.01076
G1 X114.519 Y201.391 E.13268
G1 X114.871 Y201.391 E.0186
G1 X107.699 Y194.219 E.53595
G1 X108.339 Y194.219 E.03382
G1 X115.511 Y201.391 E.53595
G1 X116.15 Y201.391 E.03377
G1 X108.978 Y194.219 E.53595
G1 X109.618 Y194.219 E.03382
G1 X116.79 Y201.391 E.53595
G1 X117.43 Y201.391 E.03382
G1 X110.258 Y194.219 E.53595
G1 X110.897 Y194.219 E.03377
G1 X118.069 Y201.391 E.53595
G1 X118.709 Y201.391 E.03382
G1 X111.537 Y194.219 E.53595
G1 X112.177 Y194.219 E.03382
G1 X119.348 Y201.391 E.53591
G1 X119.988 Y201.391 E.03382
G1 X112.816 Y194.219 E.53595
G1 X112.995 Y194.219 E.00946
G1 X114.022 Y194.815 E.06274
G1 X114.051 Y194.815 E.00153
G1 X120.628 Y201.391 E.49145
G1 X121.267 Y201.391 E.03377
G1 X114.73 Y194.854 E.4885
G1 X116.174 Y195.658 E.08733
G1 X121.907 Y201.391 E.42842
G1 X122.546 Y201.391 E.03377
G1 X116.51 Y195.354 E.45109
G1 X116.829 Y195.035 E.02384
G1 X122.834 Y201.039 E.4487
G1 X123.154 Y200.719 E.02391
G1 X116.934 Y194.5 E.46477
G1 X116.825 Y194.219 E.01593
G1 X117.293 Y194.219 E.02473
G1 X123.474 Y200.399 E.46186
G1 X123.793 Y200.08 E.02384
G1 X117.933 Y194.219 E.43794
G1 X118.573 Y194.219 E.03382
G1 X124.113 Y199.76 E.41403
G1 X124.228 Y199.645 E.00859
G1 X125.975 Y201.391 E.13051
G1 X126.384 Y201.391 E.02161
G1 X119.212 Y194.219 E.53595
G1 X119.852 Y194.219 E.03382
G1 X127.024 Y201.391 E.53595
G1 X127.663 Y201.391 E.03377
G1 X120.491 Y194.219 E.53595
G1 X121.131 Y194.219 E.03382
G1 X128.303 Y201.391 E.53595
G1 X128.943 Y201.391 E.03382
G1 X121.771 Y194.219 E.53595
G1 X122.41 Y194.219 E.03377
G1 X129.582 Y201.391 E.53595
G1 X130.222 Y201.391 E.03382
G1 X123.05 Y194.219 E.53595
G1 X123.69 Y194.219 E.03382
G1 X130.861 Y201.391 E.53591
G1 X131.501 Y201.391 E.03382
G1 X124.329 Y194.219 E.53595
G1 X124.45 Y194.219 E.00639
G1 X125.477 Y194.815 E.06274
G1 X125.564 Y194.815 E.0046
G1 X132.141 Y201.391 E.49145
G1 X132.78 Y201.391 E.03377
G1 X126.321 Y194.932 E.48267
G1 X127.678 Y195.7 E.08239
G1 X127.703 Y195.675 E.00187
G1 X133.42 Y201.391 E.42718
G1 X134.054 Y201.391 E.0335
G1 X128.023 Y195.355 E.45087
G1 X128.343 Y195.035 E.02391
G1 X134.347 Y201.04 E.4487
G1 X134.667 Y200.72 E.02391
G1 X128.374 Y194.427 E.47026
G1 X128.29 Y194.219 E.01185
G1 X128.806 Y194.219 E.02727
G1 X134.987 Y200.4 E.46189
G1 X135.307 Y200.08 E.02391
G1 X129.446 Y194.219 E.43798
G1 X130.086 Y194.219 E.03382
G1 X135.627 Y199.76 E.41407
G1 X135.713 Y199.674 E.00643
G1 X137.43 Y201.391 E.12831
G1 X137.897 Y201.391 E.02468
G1 X130.725 Y194.219 E.53595
G1 X131.365 Y194.219 E.03382
G1 X138.537 Y201.391 E.53595
G1 X139.176 Y201.391 E.03377
G1 X132.005 Y194.219 E.53591
G1 X132.644 Y194.219 E.03377
G1 X139.816 Y201.391 E.53595
G1 X140.456 Y201.391 E.03382
G1 X133.284 Y194.219 E.53595
G1 X133.923 Y194.219 E.03377
G1 X141.095 Y201.391 E.53595
G1 X141.735 Y201.391 E.03382
G1 X134.563 Y194.219 E.53595
G1 X135.203 Y194.219 E.03382
G1 X142.374 Y201.391 E.53591
G1 X143.014 Y201.391 E.03382
G1 X135.842 Y194.219 E.53595
G1 X136.482 Y194.219 E.03382
G1 X143.654 Y201.391 E.53595
G1 X144.293 Y201.391 E.03377
G1 X137.917 Y195.015 E.47647
G1 X139.162 Y195.73 E.07586
G1 X139.217 Y195.675 E.00411
G1 X144.933 Y201.391 E.42714
G1 X145.572 Y201.391 E.03377
G1 X139.537 Y195.355 E.45102
G1 X139.856 Y195.036 E.02384
G1 X145.861 Y201.04 E.4487
G1 X146.181 Y200.72 E.02391
G1 X139.809 Y194.349 E.47613
G1 X139.755 Y194.219 E.00744
G1 X140.319 Y194.219 E.0298
G1 X146.501 Y200.4 E.46193
G1 X146.82 Y200.081 E.02384
G1 X140.959 Y194.219 E.43802
G1 X141.599 Y194.219 E.03382
G1 X147.14 Y199.761 E.4141
G1 X147.197 Y199.704 E.00426
G1 X148.885 Y201.391 E.1261
G1 X149.41 Y201.391 E.02774
G1 X142.238 Y194.219 E.53595
G1 X142.878 Y194.219 E.03382
G1 X150.05 Y201.391 E.53595
G1 X150.689 Y201.391 E.03377
G1 X143.518 Y194.219 E.53591
G1 X144.157 Y194.219 E.03377
G1 X151.329 Y201.391 E.53595
G1 X151.969 Y201.391 E.03382
G1 X144.797 Y194.219 E.53595
G1 X145.436 Y194.219 E.03377
G1 X152.608 Y201.391 E.53595
G1 X153.248 Y201.391 E.03382
G1 X146.076 Y194.219 E.53595
G1 X146.716 Y194.219 E.03382
G1 X153.887 Y201.391 E.53591
G1 X154.527 Y201.391 E.03382
G1 X147.355 Y194.219 E.53595
G1 X147.995 Y194.219 E.03382
G1 X155.167 Y201.391 E.53595
G1 X155.806 Y201.391 E.03377
G1 X149.519 Y195.104 E.46981
G1 X150.646 Y195.76 E.06891
G1 X150.73 Y195.676 E.00628
G1 X156.446 Y201.391 E.42711
G1 X157.085 Y201.391 E.03377
G1 X151.05 Y195.356 E.45098
G1 X151.37 Y195.036 E.02391
G1 X157.374 Y201.04 E.44867
G1 X157.694 Y200.721 E.02388
G1 X151.239 Y194.265 E.48241
G1 X151.219 Y194.219 E.00265
G1 X151.832 Y194.219 E.03239
G1 X158.014 Y200.401 E.46197
G1 X158.334 Y200.081 E.02391
G1 X152.472 Y194.219 E.43805
G1 X153.112 Y194.219 E.03382
G1 X160.284 Y201.391 E.53595
G1 X160.923 Y201.391 E.03377
G1 X153.751 Y194.219 E.53595
G1 X154.391 Y194.219 E.03382
G1 X161.563 Y201.391 E.53595
G1 X162.202 Y201.391 E.03377
G1 X155.031 Y194.219 E.53591
G1 X155.67 Y194.219 E.03377
G1 X162.842 Y201.391 E.53595
G1 X163.482 Y201.391 E.03382
G1 X156.31 Y194.219 E.53595
G1 X156.906 Y194.219 E.03149
G1 X157.009 Y194.279 E.0063
G1 X164.121 Y201.391 E.53146
G1 X164.761 Y201.391 E.03382
G1 X158.532 Y195.162 E.46548
G1 X159.114 Y195.5 E.03556
G1 X158.964 Y194.955 E.02987
G1 X165.4 Y201.391 E.48095
G1 X166.04 Y201.391 E.03382
G1 X162.368 Y197.719 E.2744
G1 X162.017 Y197.719 E.01855
G1 X161.865 Y197.694 E.00814
G1 X161.769 Y197.642 E.00577
G1 X161.7 Y197.572 E.00519
G1 X161.643 Y197.471 E.00613
G1 X161.641 Y196.992 E.02531
G1 X158.868 Y194.219 E.20722
G1 X159.508 Y194.219 E.03382
G1 X161.638 Y196.349 E.15917
G1 X161.635 Y195.707 E.03392
G1 X160.147 Y194.219 E.1112
G1 X160.787 Y194.219 E.03382
G1 X161.836 Y195.268 E.07839
M106 S127.5
M204 S5000
G1 E-2 F2400
M204 S8000
G1 X162.805 Y197.517 F24000
G1 E2 F2400
M204 S1500
M106 S255
G1 F3000
G1 X166.68 Y201.391 E.28953
G1 X167.041 Y201.391 E.01908
G1 X167.041 Y201.113 E.01469
G1 X163.647 Y197.719 E.25363
G1 X164.287 Y197.719 E.03382
G1 X167.041 Y200.473 E.2058
G1 X167.041 Y199.834 E.03377
G1 X164.927 Y197.719 E.15801
G1 X165.566 Y197.719 E.03377
G1 X167.041 Y199.194 E.11022
G1 X167.041 Y198.555 E.03377
G1 X166.206 Y197.719 E.06244
G1 X166.845 Y197.719 E.03377
G1 X167.244 Y198.118 E.02982
M106 S127.5
M204 S5000
G1 E-2 F2400
M204 S8000
G1 X53.048 Y192.32 F24000
G1 E2 F2400
M204 S5000
;TYPE:Solid infill
;WIDTH:0.548766
;HEIGHT:0.2
G1 F9600
G1 X53.003 Y192.276 E.00265
G1 X52.942 Y192.292 E.00265
G1 X52.926 Y192.353 E.00265
G1 X52.97 Y192.398 E.00265
G1 X53.031 Y192.381 E.00266
;WIDTH:0.449999
G1 X52.937 Y193.032 E.02226
G1 X53.682 Y192.287 E.03566
G1 X54.257 Y192.287 E.01946
G1 X52.937 Y193.607 E.06319
G1 X52.937 Y194.183 E.0195
G1 X54.833 Y192.287 E.09076
G1 X55.409 Y192.287 E.0195
G1 X52.937 Y194.759 E.11833
G1 X52.937 Y195.334 E.01946
G1 X55.984 Y192.287 E.14586
G1 X56.56 Y192.287 E.0195
G1 X52.937 Y195.91 E.17343
G1 X52.937 Y196.486 E.0195
G1 X57.136 Y192.287 E.201
G1 X57.712 Y192.287 E.0195
G1 X52.937 Y197.062 E.22858
G1 X53.284 Y197.291 E.01407
G1 X58.287 Y192.287 E.23951
G1 X58.863 Y192.287 E.0195
G1 X53.86 Y197.291 E.23951
G1 X54.435 Y197.291 E.01946
G1 X59.439 Y192.287 E.23954
G1 X60.014 Y192.287 E.01946
G1 X55.011 Y197.291 E.23951
G1 X55.175 Y197.345 E.00584
;WIDTH:0.41646
G1 X55.34 Y197.399 E.00539
;WIDTH:0.38292
G1 X55.269 Y197.38 E.00208
G1 X55.288 Y197.451 E.00208
G1 X55.329 Y197.44 E.0012
;WIDTH:0.449999
G1 X55.587 Y197.291 E.01008
G1 X57.94 Y194.938 E.11264
G1 X58.015 Y194.809 E.00505
;WIDTH:0.41646
G1 X58.09 Y194.68 E.00463
;WIDTH:0.38292
G1 X58.049 Y194.691 E.0012
G1 X58.03 Y194.62 E.00208
G1 X58.101 Y194.639 E.00208
M204 S8000
G1 X57.937 Y195.516 F24000
M204 S5000
;WIDTH:0.449999
G1 F9600
G1 X56.162 Y197.291 E.08497
G1 X56.105 Y197.372 E.00335
;WIDTH:0.41646
G1 X56.047 Y197.454 E.00312
;WIDTH:0.38292
G1 X55.976 Y197.434 E.00209
G1 X55.995 Y197.506 E.00211
G1 X56.036 Y197.495 E.0012
M204 S8000
G1 X57.717 Y196.415 F24000
M204 S5000
;WIDTH:0.595881
G1 F9600
G1 X56.914 Y197.218 E.05221
G1 X57.857 Y197.218 E.04336
G1 X57.861 Y196.271 E.04354
G1 E-2 F2400
M204 S8000
G1 X58.829 Y193.94 F24000
G1 E2 F2400
M204 S5000
;WIDTH:0.38292
G1 F9600
G1 X58.788 Y193.951 E.0012
G1 X58.769 Y193.88 E.00208
G1 X58.84 Y193.899 E.00208
;WIDTH:0.41646
G1 X58.963 Y193.845 E.00417
;WIDTH:0.449999
G1 X59.087 Y193.791 E.00458
G1 X60.59 Y192.287 E.07197
G1 X61.166 Y192.287 E.0195
G1 X59.662 Y193.791 E.072
G1 X59.605 Y193.872 E.00335
;WIDTH:0.41646
G1 X59.547 Y193.954 E.00312
;WIDTH:0.38292
G1 X59.476 Y193.934 E.00209
G1 X59.495 Y194.006 E.00211
G1 X59.536 Y193.995 E.0012
G1 E-2 F2400
M204 S8000
G1 X61.555 Y192.473 F24000
G1 E2 F2400
M204 S5000
;WIDTH:0.449999
G1 F9600
G1 X60.277 Y193.752 E.0612
G1 X159.794 Y193.752 E3.36853
G1 X160.062 Y193.791 E.00917
G1 X161.36 Y193.791 E.04394
G1 X161.503 Y193.85 E.00524
G1 X161.998 Y194.343 E.02365
G1 X162.058 Y194.486 E.00525
G1 X162.061 Y195.018 E.01801
G1 X164.791 Y192.287 E.13071
G1 X61.598 Y192.287 E3.49296
G1 X61.867 Y192.824 E.02033
;WIDTH:0.571839
G1 X61.406 Y193.284 E.02864
G1 X159.794 Y193.284 E4.32708
;WIDTH:0.591084
G1 X160.062 Y193.313 E.01229
G1 X161.36 Y193.313 E.05916
G1 X161.503 Y193.396 E.00754
;WIDTH:0.544056
G1 X161.647 Y193.479 E.00693
;WIDTH:0.497028
G1 X161.791 Y193.562 E.00628
;WIDTH:0.449999
G1 X162.286 Y194.055 E.02365
G1 X162.334 Y194.169 E.00419
G1 X163.808 Y192.694 E.07058
G1 X162.149 Y192.694 E.05616
;WIDTH:0.497028
G1 X161.886 Y192.718 E.00997
;WIDTH:0.544056
G1 X161.623 Y192.741 E.011
;WIDTH:0.591084
G1 X161.36 Y192.765 E.01204
G1 X159.794 Y192.755 E.07138
;WIDTH:0.571841
G1 X62.045 Y192.755 E4.299
G1 E-2 F2400
M204 S8000
G1 X161.63 Y193.095 F24000
G1 E2 F2400
M204 S5000
;WIDTH:0.436746
G1 F9600
G1 X162.842 Y193.095 E.03969
G1 X162.367 Y193.57 E.022
G1 X162.073 Y193.278 E.01357
G1 X161.818 Y193.173 E.00903
G1 E-2 F2400
M204 S8000
G1 X162.063 Y195.591 F24000
G1 E2 F2400
M204 S5000
;WIDTH:0.449999
G1 F9600
G1 X165.367 Y192.287 E.15816
G1 X165.943 Y192.287 E.0195
G1 X162.066 Y196.164 E.18559
G1 X162.068 Y196.738 E.01943
G1 X166.518 Y192.287 E.21304
G1 X167.063 Y192.319 E.01848
G1 X162.091 Y197.291 E.23801
G1 X162.666 Y197.291 E.01946
G1 X167.063 Y192.894 E.21048
G1 X167.063 Y193.47 E.0195
G1 X163.242 Y197.291 E.18291
G1 X163.818 Y197.291 E.0195
G1 X167.063 Y194.046 E.15534
G1 X167.063 Y194.622 E.0195
G1 X164.393 Y197.291 E.12779
G1 X164.969 Y197.291 E.0195
G1 X167.063 Y195.197 E.10024
G1 X167.063 Y197.084 E.06387
G1 X166.856 Y197.291 E.00991
G1 X165.545 Y197.291 E.04438
G1 X166.919 Y195.917 E.06577
M204 S8000
G1 X166.676 Y196.831 F24000
M204 S5000
;WIDTH:0.524996
G1 F9600
G1 X166.634 Y196.788 E.00241
G1 X166.575 Y196.804 E.00245
G1 X166.56 Y196.862 E.0024
G1 X166.602 Y196.904 E.00238
G1 X166.661 Y196.889 E.00244
G1 E-2 F2400
M204 S8000
G1 X84.632 Y17.982 F24000
G1 E2 F2400
M204 S4000
;TYPE:Perimeter
;WIDTH:0.449999
G1 F10800
G1 X135.368 Y17.982 E1.71735
G1 X135.368 Y24.718 E.22801
G1 X84.632 Y24.718 E1.71735
G1 X84.632 Y18.042 E.22597
M204 S5000
M204 S8000
G1 X84.225 Y17.575 F24000
M204 S4000
;TYPE:External perimeter
G1 F7200
G1 X135.775 Y17.575 E1.7449
G1 X135.775 Y25.125 E.25556
G1 X84.225 Y25.125 E1.7449
G1 X84.225 Y17.635 E.25353
M204 S5000
G1 X84.621 Y17.576 F24000
G1 E-2 F2400
M204 S8000
G1 X84.937 Y22.366 F24000
G1 E2 F2400
M204 S5000
;TYPE:Internal infill
;WIDTH:0.45
G1 F13200
G1 X84.937 Y19.923 E.08269
G1 X86.573 Y18.287 E.07831
G1 X87.371 Y18.287 E.02701
G1 X93.496 Y24.413 E.29322
G1 X91.962 Y24.413 E.05192
G1 X98.087 Y18.287 E.29322
G1 X98.885 Y18.287 E.02701
G1 X105.01 Y24.413 E.29322
G1 X103.476 Y24.413 E.05192
G1 X109.601 Y18.287 E.29322
G1 X110.399 Y18.287 E.02701
G1 X116.524 Y24.413 E.29322
G1 X114.99 Y24.413 E.05192
G1 X121.115 Y18.287 E.29322
G1 X121.913 Y18.287 E.02701
G1 X128.038 Y24.413 E.29322
G1 X126.504 Y24.413 E.05192
G1 X132.629 Y18.287 E.29322
G1 X133.427 Y18.287 E.02701
G1 X135.063 Y19.923 E.07831
G1 X135.063 Y22.366 E.08269
M106 S206.55
;LAYER_CHANGE
;Z:3
;HEIGHT:0.2
G1 E-2 F2400
G1 Z3 F24000
M204 S8000
G1 X167.368 Y201.718
G1 E2 F2400
M204 S4000
;TYPE:Perimeter
;WIDTH:0.449999
G1 F10800
G1 X52.632 Y201.718 E3.88367
G1 X52.632 Y191.982 E.32955
G1 X167.368 Y191.982 E3.88367
G1 X167.368 Y201.658 E.32752
M204 S5000
M204 S8000
G1 X167.775 Y202.125 F24000
M204 S4000
;TYPE:External perimeter
G1 F7200
G1 X52.225 Y202.125 E3.91122
G1 X52.225 Y191.575 E.3571
G1 X167.775 Y191.575 E3.91122
G1 X167.775 Y202.065 E.35507
M204 S5000
G1 X167.379 Y202.124 F24000
G1 E-2 F2400
M204 S8000
G1 X158.757 Y201.413 F24000
G1 E2 F2400
M204 S5000
;TYPE:Internal infill
;WIDTH:0.45
G1 F13200
G1 X158.977 Y201.413 E.00745
G1 X158.977 Y200.253 E.03926
G1 X157.914 Y200.253 E.03598
G1 X156.755 Y201.413 E.0555
G1 X155.357 Y201.413 E.04732
G1 X154.197 Y200.253 E.05553
G1 X146.4 Y200.253 E.26392
G1 X145.241 Y201.413 E.0555
G1 X143.843 Y201.413 E.04732
G1 X142.683 Y200.253 E.05553
G1 X134.887 Y200.253 E.26389
G1 X133.727 Y201.413 E.05553
G1 X132.329 Y201.413 E.04732
G1 X131.169 Y200.253 E.05553
G1 X123.373 Y200.253 E.26389
G1 X122.213 Y201.413 E.05553
G1 X120.815 Y201.413 E.04732
G1 X119.655 Y200.253 E.05553
G1 X111.859 Y200.253 E.26389
G1 X110.699 Y201.413 E.05553
G1 X109.301 Y201.413 E.04732
G1 X108.141 Y200.253 E.05553
G1 X100.345 Y200.253 E.26389
G1 X99.185 Y201.413 E.05553
G1 X97.787 Y201.413 E.04732
G1 X96.627 Y200.253 E.05553
G1 X88.831 Y200.253 E.26389
G1 X87.671 Y201.413 E.05553
G1 X86.273 Y201.413 E.04732
G1 X85.113 Y200.253 E.05553
G1 X77.317 Y200.253 E.26389
G1 X76.157 Y201.413 E.05553
G1 X74.759 Y201.413 E.04732
G1 X73.6 Y200.253 E.0555
G1 X65.803 Y200.253 E.26392
G1 X64.643 Y201.413 E.05553
G1 X63.245 Y201.413 E.04732
G1 X62.086 Y200.253 E.0555
G1 X61.023 Y200.253 E.03598
G1 X61.023 Y201.413 E.03926
G1 X61.243 Y201.413 E.00745
G1 E-2 F2400
M204 S8000
G1 X65.179 Y194.275 F24000
G1 E2 F2400
M204 S5000
G1 F13200
G1 X67.622 Y194.275 E.08269
G1 X68.794 Y195.447 E.0561
G1 X70.609 Y195.447 E.06144
G1 X71.781 Y194.275 E.0561
G1 X79.136 Y194.275 E.24896
G1 X80.308 Y195.447 E.0561
G1 X82.123 Y195.447 E.06144
G1 X83.295 Y194.275 E.0561
G1 X90.65 Y194.275 E.24896
G1 X91.822 Y195.447 E.0561
G1 X93.637 Y195.447 E.06144
G1 X94.809 Y194.275 E.0561
G1 X102.164 Y194.275 E.24896
G1 X103.335 Y195.447 E.05608
G1 X105.151 Y195.447 E.06147
G1 X106.322 Y194.275 E.05608
G1 X113.678 Y194.275 E.24899
G1 X114.849 Y195.447 E.05608
G1 X116.665 Y195.447 E.06147
G1 X117.836 Y194.275 E.05608
G1 X125.191 Y194.275 E.24896
G1 X126.363 Y195.447 E.0561
G1 X128.178 Y195.447 E.06144
G1 X129.35 Y194.275 E.0561
G1 X136.705 Y194.275 E.24896
G1 X137.877 Y195.447 E.0561
G1 X139.692 Y195.447 E.06144
G1 X140.864 Y194.275 E.0561
G1 X148.219 Y194.275 E.24896
G1 X149.391 Y195.447 E.0561
G1 X151.206 Y195.447 E.06144
G1 X152.378 Y194.275 E.0561
G1 X154.821 Y194.275 E.08269
G1 E-2 F2400
M204 S8000
G1 X52.97 Y201.302 F24000
G1 E2 F2400
M204 S5000
;TYPE:Solid infill
;WIDTH:0.548766
G1 F9600
G1 X52.926 Y201.347 E.00265
G1 X52.942 Y201.408 E.00265
G1 X53.003 Y201.424 E.00265
G1 X53.048 Y201.38 E.00265
G1 X53.031 Y201.319 E.00266
;WIDTH:0.449999
G1 X52.937 Y200.668 E.02226
G1 X53.682 Y201.413 E.03566
G1 X54.257 Y201.413 E.01946
G1 X52.937 Y200.093 E.06319
G1 X52.937 Y199.517 E.0195
G1 X54.833 Y201.413 E.09076
G1 X55.409 Y201.413 E.0195
G1 X52.937 Y198.941 E.11833
G1 X52.937 Y198.366 E.01946
G1 X55.984 Y201.413 E.14586
G1 X56.56 Y201.413 E.0195
G1 X52.937 Y197.79 E.17343
G1 X52.937 Y197.214 E.0195
G1 X57.136 Y201.413 E.201
G1 X57.712 Y201.413 E.0195
G1 X52.937 Y196.638 E.22858
G1 X52.937 Y196.063 E.01946
G1 X58.287 Y201.413 E.2561
G1 X58.863 Y201.413 E.0195
G1 X52.937 Y195.487 E.28367
G1 X52.937 Y194.911 E.0195
G1 X59.439 Y201.413 E.31125
G1 X60.014 Y201.413 E.01946
G1 X52.937 Y194.336 E.33877
G1 X52.937 Y193.76 E.0195
G1 X60.59 Y201.413 E.36634
G1 X60.616 Y200.863 E.01864
G1 X52.937 Y193.184 E.36759
G1 X52.937 Y192.609 E.01946
G1 X60.616 Y200.287 E.36757
G1 X60.793 Y199.888 E.01477
G1 X53.192 Y192.287 E.36386
G1 X53.037 Y192.229 E.0056
;WIDTH:0.41646
G1 X52.882 Y192.172 E.00513
;WIDTH:0.38292
G1 X52.893 Y192.213 E.0012
G1 X52.822 Y192.232 E.00208
G1 X52.841 Y192.161 E.00208
M204 S8000
G1 X53.768 Y192.287 F24000
M204 S5000
;WIDTH:0.449999
G1 F9600
G1 X61.326 Y199.846 E.36182
G1 X61.902 Y199.846 E.0195
G1 X54.343 Y192.287 E.36184
G1 X54.919 Y192.287 E.0195
G1 X62.477 Y199.846 E.36182
G1 X63.053 Y199.846 E.0195
G1 X55.495 Y192.287 E.36182
G1 X56.07 Y192.287 E.01946
G1 X63.629 Y199.846 E.36184
G1 X64.205 Y199.846 E.0195
G1 X56.646 Y192.287 E.36184
G1 X57.222 Y192.287 E.0195
G1 X64.78 Y199.846 E.36182
G1 X64.919 Y199.885 E.00489
;WIDTH:0.41646
G1 X65.057 Y199.924 E.00445
;WIDTH:0.38292
G1 X65.038 Y199.995 E.00208
G1 X65.109 Y199.976 E.00208
G1 X65.098 Y199.935 E.0012
G1 E-2 F2400
M204 S8000
G1 X60.765 Y195.363 F24000
G1 E2 F2400
M204 S5000
G1 F9600
G1 X60.776 Y195.405 E.00123
G1 X60.705 Y195.424 E.00208
G1 X60.724 Y195.352 E.00211
;WIDTH:0.41646
G1 X60.67 Y195.229 E.00417
;WIDTH:0.449999
G1 X60.616 Y195.106 E.00455
G1 X57.798 Y192.287 E.13492
G1 X58.373 Y192.287 E.01946
G1 X60.616 Y194.53 E.10737
G1 X60.697 Y194.588 E.00337
;WIDTH:0.41646
G1 X60.779 Y194.645 E.0031
;WIDTH:0.38292
G1 X60.759 Y194.716 E.00209
G1 X60.831 Y194.697 E.00211
G1 X60.82 Y194.656 E.0012
G1 E-2 F2400
M204 S8000
G1 X59.093 Y192.431 F24000
G1 E2 F2400
M204 S5000
;WIDTH:0.449999
G1 F9600
G1 X60.682 Y194.021 E.07609
G1 X60.908 Y193.868 E.00924
G1 X157.066 Y193.868 E3.25483
G1 X159.081 Y193.912 E.06822
G1 X157.537 Y192.431 E.07242
G1 X157.537 Y192.287 E.00487
G1 X58.949 Y192.287 E3.33708
M204 S8000
G1 X59.932 Y192.694 F24000
M204 S5000
G1 F9600
G1 X157.224 Y192.694 E3.29321
G1 X157.991 Y193.461 E.03672
G1 X60.919 Y193.461 E3.28577
G1 X60.756 Y193.519 E.00586
G1 X60.076 Y192.838 E.03258
M204 S8000
G1 X60.859 Y193.079 F24000
M204 S5000
;WIDTH:0.4042
G1 F9600
G1 X60.919 Y193.078 E.0018
;WIDTH:0.40237
G1 X157.066 Y193.078 E2.87368
G1 E-2 F2400
M204 S8000
G1 X159.433 Y201.281 F24000
G1 E2 F2400
M204 S5000
;WIDTH:0.582192
G1 F9600
G1 X159.385 Y201.329 E.00304
G1 X159.403 Y201.394 E.00302
G1 X159.468 Y201.412 E.00302
G1 X159.515 Y201.364 E.00301
G1 X159.498 Y201.299 E.00301
;WIDTH:0.449999
G1 X159.384 Y200.611 E.02361
G1 X160.186 Y201.413 E.03839
G1 E-2 F2400
M204 S8000
G1 X65.356 Y199.846 F24000
G1 E2 F2400
M204 S5000
G1 F9600
G1 X61.364 Y195.854 E.19109
G1 X61.235 Y195.78 E.00503
;WIDTH:0.41646
G1 X61.106 Y195.705 E.00463
;WIDTH:0.38292
G1 X61.117 Y195.746 E.0012
G1 X61.046 Y195.765 E.00208
G1 X61.065 Y195.694 E.00208
M204 S8000
G1 X61.94 Y195.854 F24000
M204 S5000
;WIDTH:0.449999
G1 F9600
G1 X65.932 Y199.846 E.19109
G1 X66.507 Y199.846 E.01946
G1 X62.516 Y195.854 E.19107
G1 X63.091 Y195.854 E.01946
G1 X67.083 Y199.846 E.19109
G1 X67.659 Y199.846 E.0195
G1 X63.667 Y195.854 E.19109
G1 X64.243 Y195.854 E.0195
G1 X68.234 Y199.846 E.19107
G1 X68.81 Y199.846 E.0195
G1 X64.818 Y195.854 E.19109
G1 X65.394 Y195.854 E.0195
G1 X69.386 Y199.846 E.19109
G1 X69.962 Y199.846 E.0195
G1 X65.97 Y195.854 E.19109
G1 X66.546 Y195.854 E.0195
G1 X70.537 Y199.846 E.19107
G1 X71.113 Y199.846 E.0195
G1 X67.121 Y195.854 E.19109
G1 X67.697 Y195.854 E.0195
G1 X71.689 Y199.846 E.19109
G1 X72.264 Y199.846 E.01946
G1 X68.273 Y195.854 E.19107
G1 X68.848 Y195.854 E.01946
G1 X72.84 Y199.846 E.19109
G1 X73.416 Y199.846 E.0195
G1 X69.424 Y195.854 E.19109
G1 X70 Y195.854 E.0195
G1 X73.991 Y199.846 E.19107
G1 X74.567 Y199.846 E.0195
G1 X70.575 Y195.854 E.19109
G1 X71.151 Y195.854 E.0195
G1 X75.143 Y199.846 E.19109
G1 X75.718 Y199.846 E.01946
G1 X71.727 Y195.854 E.19107
G1 X72.302 Y195.854 E.01946
G1 X76.294 Y199.846 E.19109
G1 X76.87 Y199.846 E.0195
G1 X72.878 Y195.854 E.19109
G1 X73.454 Y195.854 E.0195
G1 X77.446 Y199.846 E.19109
G1 X78.021 Y199.846 E.01946
G1 X74.03 Y195.854 E.19107
G1 X74.605 Y195.854 E.01946
G1 X78.597 Y199.846 E.19109
G1 X79.173 Y199.846 E.0195
G1 X75.181 Y195.854 E.19109
G1 X75.757 Y195.854 E.0195
G1 X79.748 Y199.846 E.19107
G1 X80.324 Y199.846 E.0195
G1 X76.332 Y195.854 E.19109
G1 X76.908 Y195.854 E.0195
G1 X80.9 Y199.846 E.19109
G1 X81.475 Y199.846 E.01946
G1 X77.484 Y195.854 E.19107
G1 X78.059 Y195.854 E.01946
G1 X82.051 Y199.846 E.19109
G1 X82.627 Y199.846 E.0195
G1 X78.635 Y195.854 E.19109
G1 X79.211 Y195.854 E.0195
G1 X83.203 Y199.846 E.19109
G1 X83.778 Y199.846 E.01946
G1 X79.787 Y195.854 E.19107
G1 X80.362 Y195.854 E.01946
G1 X84.354 Y199.846 E.19109
G1 X84.93 Y199.846 E.0195
G1 X80.938 Y195.854 E.19109
G1 X81.514 Y195.854 E.0195
G1 X85.505 Y199.846 E.19107
G1 X86.081 Y199.846 E.0195
G1 X82.089 Y195.854 E.19109
G1 X82.665 Y195.854 E.0195
G1 X86.657 Y199.846 E.19109
G1 X87.232 Y199.846 E.01946
G1 X83.241 Y195.854 E.19107
G1 X83.816 Y195.854 E.01946
G1 X87.808 Y199.846 E.19109
G1 X88.384 Y199.846 E.0195
G1 X84.392 Y195.854 E.19109
G1 X84.968 Y195.854 E.0195
G1 X88.96 Y199.846 E.19109
G1 X89.535 Y199.846 E.01946
G1 X85.544 Y195.854 E.19107
G1 X86.119 Y195.854 E.01946
G1 X90.111 Y199.846 E.19109
G1 X90.687 Y199.846 E.0195
G1 X86.695 Y195.854 E.19109
G1 X87.271 Y195.854 E.0195
G1 X91.262 Y199.846 E.19107
G1 X91.838 Y199.846 E.0195
G1 X87.846 Y195.854 E.19109
G1 X88.422 Y195.854 E.0195
G1 X92.414 Y199.846 E.19109
G1 X92.989 Y199.846 E.01946
G1 X88.998 Y195.854 E.19107
G1 X89.573 Y195.854 E.01946
G1 X93.565 Y199.846 E.19109
G1 X94.141 Y199.846 E.0195
G1 X90.149 Y195.854 E.19109
G1 X90.725 Y195.854 E.0195
G1 X94.716 Y199.846 E.19107
G1 X95.292 Y199.846 E.0195
G1 X91.3 Y195.854 E.19109
G1 X91.876 Y195.854 E.0195
G1 X95.868 Y199.846 E.19109
G1 X96.444 Y199.846 E.0195
G1 X92.452 Y195.854 E.19109
G1 X93.028 Y195.854 E.0195
G1 X97.019 Y199.846 E.19107
G1 X97.595 Y199.846 E.0195
G1 X93.603 Y195.854 E.19109
G1 X94.179 Y195.854 E.0195
G1 X98.171 Y199.846 E.19109
G1 X98.746 Y199.846 E.01946
G1 X94.755 Y195.854 E.19107
G1 X95.33 Y195.854 E.01946
G1 X99.322 Y199.846 E.19109
G1 X99.898 Y199.846 E.0195
G1 X95.906 Y195.854 E.19109
G1 X96.482 Y195.854 E.0195
G1 X100.473 Y199.846 E.19107
G1 X101.049 Y199.846 E.0195
G1 X97.057 Y195.854 E.19109
G1 X97.633 Y195.854 E.0195
G1 X101.625 Y199.846 E.19109
G1 X102.201 Y199.846 E.0195
G1 X98.209 Y195.854 E.19109
G1 X98.785 Y195.854 E.0195
G1 X102.776 Y199.846 E.19107
G1 X103.352 Y199.846 E.0195
G1 X99.36 Y195.854 E.19109
G1 X99.936 Y195.854 E.0195
G1 X103.928 Y199.846 E.19109
G1 X104.503 Y199.846 E.01946
G1 X100.512 Y195.854 E.19107
G1 X101.087 Y195.854 E.01946
G1 X105.079 Y199.846 E.19109
G1 X105.655 Y199.846 E.0195
G1 X101.663 Y195.854 E.19109
G1 X102.239 Y195.854 E.0195
G1 X106.23 Y199.846 E.19107
G1 X106.806 Y199.846 E.0195
G1 X102.814 Y195.854 E.19109
G1 X103.39 Y195.854 E.0195
G1 X107.382 Y199.846 E.19109
G1 X107.958 Y199.846 E.0195
G1 X103.966 Y195.854 E.19109
G1 X104.542 Y195.854 E.0195
G1 X108.533 Y199.846 E.19107
G1 X109.109 Y199.846 E.0195
G1 X105.117 Y195.854 E.19109
G1 X105.693 Y195.854 E.0195
G1 X109.685 Y199.846 E.19109
G1 X110.26 Y199.846 E.01946
G1 X106.269 Y195.854 E.19107
G1 X106.844 Y195.854 E.01946
G1 X110.836 Y199.846 E.19109
G1 X111.412 Y199.846 E.0195
G1 X107.42 Y195.854 E.19109
G1 X107.996 Y195.854 E.0195
G1 X111.987 Y199.846 E.19107
G1 X112.563 Y199.846 E.0195
G1 X108.571 Y195.854 E.19109
G1 X109.147 Y195.854 E.0195
G1 X113.139 Y199.846 E.19109
G1 X113.714 Y199.846 E.01946
G1 X109.723 Y195.854 E.19107
G1 X110.298 Y195.854 E.01946
G1 X114.29 Y199.846 E.19109
G1 X114.866 Y199.846 E.0195
G1 X110.874 Y195.854 E.19109
G1 X111.45 Y195.854 E.0195
G1 X115.442 Y199.846 E.19109
G1 X116.017 Y199.846 E.01946
G1 X112.026 Y195.854 E.19107
G1 X112.601 Y195.854 E.01946
G1 X116.593 Y199.846 E.19109
G1 X117.169 Y199.846 E.0195
G1 X113.177 Y195.854 E.19109
G1 X113.753 Y195.854 E.0195
G1 X117.744 Y199.846 E.19107
G1 X118.32 Y199.846 E.0195
G1 X114.328 Y195.854 E.19109
G1 X114.904 Y195.854 E.0195
G1 X118.896 Y199.846 E.19109
G1 X119.471 Y199.846 E.01946
G1 X115.48 Y195.854 E.19107
G1 X116.055 Y195.854 E.01946
G1 X120.047 Y199.846 E.19109
G1 X120.623 Y199.846 E.0195
G1 X116.631 Y195.854 E.19109
G1 X117.207 Y195.854 E.0195
G1 X121.199 Y199.846 E.19109
G1 X121.774 Y199.846 E.01946
G1 X117.783 Y195.854 E.19107
G1 X118.358 Y195.854 E.01946
G1 X122.35 Y199.846 E.19109
G1 X122.926 Y199.846 E.0195
G1 X118.934 Y195.854 E.19109
G1 X119.51 Y195.854 E.0195
G1 X123.501 Y199.846 E.19107
G1 X124.077 Y199.846 E.0195
G1 X120.085 Y195.854 E.19109
G1 X120.661 Y195.854 E.0195
G1 X124.653 Y199.846 E.19109
G1 X125.228 Y199.846 E.01946
G1 X121.237 Y195.854 E.19107
G1 X121.812 Y195.854 E.01946
G1 X125.804 Y199.846 E.19109
G1 X126.38 Y199.846 E.0195
G1 X122.388 Y195.854 E.19109
G1 X122.964 Y195.854 E.0195
G1 X126.955 Y199.846 E.19107
G1 X127.531 Y199.846 E.0195
G1 X123.539 Y195.854 E.19109
G1 X124.115 Y195.854 E.0195
G1 X128.107 Y199.846 E.19109
G1 X128.683 Y199.846 E.0195
G1 X124.691 Y195.854 E.19109
G1 X125.267 Y195.854 E.0195
G1 X129.258 Y199.846 E.19107
G1 X129.834 Y199.846 E.0195
G1 X125.842 Y195.854 E.19109
G1 X126.418 Y195.854 E.0195
G1 X130.41 Y199.846 E.19109
G1 X130.985 Y199.846 E.01946
G1 X126.994 Y195.854 E.19107
G1 X127.569 Y195.854 E.01946
G1 X131.561 Y199.846 E.19109
G1 X132.137 Y199.846 E.0195
G1 X128.145 Y195.854 E.19109
G1 X128.721 Y195.854 E.0195
G1 X132.712 Y199.846 E.19107
G1 X133.288 Y199.846 E.0195
G1 X129.296 Y195.854 E.19109
G1 X129.872 Y195.854 E.0195
G1 X133.864 Y199.846 E.19109
G1 X134.44 Y199.846 E.0195
G1 X130.448 Y195.854 E.19109
G1 X131.024 Y195.854 E.0195
G1 X135.015 Y199.846 E.19107
G1 X135.591 Y199.846 E.0195
G1 X131.599 Y195.854 E.19109
G1 X132.175 Y195.854 E.0195
G1 X136.167 Y199.846 E.19109
G1 X136.742 Y199.846 E.01946
G1 X132.751 Y195.854 E.19107
G1 X133.326 Y195.854 E.01946
G1 X137.318 Y199.846 E.19109
G1 X137.894 Y199.846 E.0195
G1 X133.902 Y195.854 E.19109
G1 X134.478 Y195.854 E.0195
G1 X138.469 Y199.846 E.19107
G1 X139.045 Y199.846 E.0195
G1 X135.053 Y195.854 E.19109
G1 X135.629 Y195.854 E.0195
G1 X139.621 Y199.846 E.19109
G1 X140.197 Y199.846 E.0195
G1 X136.205 Y195.854 E.19109
G1 X136.781 Y195.854 E.0195
G1 X140.772 Y199.846 E.19107
G1 X141.348 Y199.846 E.0195
G1 X137.356 Y195.854 E.19109
G1 X137.932 Y195.854 E.0195
G1 X141.924 Y199.846 E.19109
G1 X142.499 Y199.846 E.01946
G1 X138.508 Y195.854 E.19107
G1 X139.083 Y195.854 E.01946
G1 X143.075 Y199.846 E.19109
G1 X143.651 Y199.846 E.0195
G1 X139.659 Y195.854 E.19109
G1 X140.235 Y195.854 E.0195
G1 X144.226 Y199.846 E.19107
G1 X144.802 Y199.846 E.0195
G1 X140.81 Y195.854 E.19109
G1 X141.386 Y195.854 E.0195
G1 X145.378 Y199.846 E.19109
G1 X145.953 Y199.846 E.01946
G1 X141.962 Y195.854 E.19107
G1 X142.537 Y195.854 E.01946
G1 X146.529 Y199.846 E.19109
G1 X147.105 Y199.846 E.0195
G1 X143.113 Y195.854 E.19109
G1 X143.689 Y195.854 E.0195
G1 X147.681 Y199.846 E.19109
G1 X148.256 Y199.846 E.01946
G1 X144.265 Y195.854 E.19107
G1 X144.84 Y195.854 E.01946
G1 X148.832 Y199.846 E.19109
G1 X149.408 Y199.846 E.0195
G1 X145.416 Y195.854 E.19109
G1 X145.992 Y195.854 E.0195
G1 X149.983 Y199.846 E.19107
G1 X150.559 Y199.846 E.0195
G1 X146.567 Y195.854 E.19109
G1 X147.143 Y195.854 E.0195
G1 X151.135 Y199.846 E.19109
G1 X151.71 Y199.846 E.01946
G1 X147.719 Y195.854 E.19107
G1 X148.294 Y195.854 E.01946
G1 X152.286 Y199.846 E.19109
G1 X152.862 Y199.846 E.0195
G1 X148.87 Y195.854 E.19109
G1 X149.446 Y195.854 E.0195
G1 X153.438 Y199.846 E.19109
G1 X154.013 Y199.846 E.01946
G1 X150.022 Y195.854 E.19107
G1 X150.597 Y195.854 E.01946
G1 X154.589 Y199.846 E.19109
G1 X155.165 Y199.846 E.0195
G1 X151.173 Y195.854 E.19109
G1 X151.749 Y195.854 E.0195
G1 X155.74 Y199.846 E.19107
G1 X156.316 Y199.846 E.0195
G1 X152.324 Y195.854 E.19109
G1 X152.9 Y195.854 E.0195
G1 X156.892 Y199.846 E.19109
G1 X157.467 Y199.846 E.01946
G1 X153.476 Y195.854 E.19107
G1 X154.051 Y195.854 E.01946
G1 X158.043 Y199.846 E.19109
M204 S8000
G1 X158.937 Y199.935 F24000
M204 S5000
;WIDTH:0.38292
G1 F9600
G1 X158.948 Y199.976 E.0012
G1 X158.877 Y199.995 E.00208
G1 X158.896 Y199.924 E.00208
;WIDTH:0.41646
G1 X158.757 Y199.885 E.00448
;WIDTH:0.449999
G1 X158.619 Y199.846 E.00485
G1 X154.627 Y195.854 E.19109
G1 X155.203 Y195.854 E.0195
G1 X160.761 Y201.413 E.26608
G1 X161.337 Y201.413 E.0195
G1 X155.779 Y195.854 E.26608
G1 X156.354 Y195.854 E.01946
G1 X161.913 Y201.413 E.26611
G1 X162.488 Y201.413 E.01946
G1 X156.93 Y195.854 E.26608
G1 X157.506 Y195.854 E.0195
G1 X163.064 Y201.413 E.26608
G1 X163.64 Y201.413 E.0195
G1 X158.081 Y195.854 E.26611
G1 X158.657 Y195.854 E.0195
G1 X164.215 Y201.413 E.26608
G1 X164.791 Y201.413 E.0195
G1 X159.199 Y195.82 E.26771
G1 X159.199 Y195.235 E.0198
;WIDTH:0.38292
G1 X159.18 Y195.306 E.00208
G1 X159.252 Y195.287 E.00211
G1 X159.241 Y195.246 E.0012
;WIDTH:0.41646
G1 X159.312 Y195.338 E.00361
;WIDTH:0.449999
G1 X159.384 Y195.43 E.00395
G1 X165.367 Y201.413 E.2864
G1 X165.943 Y201.413 E.0195
G1 X159.384 Y194.854 E.31398
G1 X159.384 Y194.279 E.01946
G1 X166.518 Y201.413 E.3415
G1 X167.063 Y201.381 E.01848
G1 X157.969 Y192.287 E.43532
G1 X158.544 Y192.287 E.01946
G1 X167.063 Y200.806 E.4078
G1 X167.063 Y200.23 E.0195
G1 X159.12 Y192.287 E.38023
G1 X159.696 Y192.287 E.0195
G1 X167.063 Y199.654 E.35265
G1 X167.063 Y199.079 E.01946
G1 X160.272 Y192.287 E.3251
G1 X160.847 Y192.287 E.01946
G1 X167.063 Y198.503 E.29756
G1 X167.063 Y197.927 E.0195
G1 X161.423 Y192.287 E.26998
G1 X161.999 Y192.287 E.0195
G1 X167.063 Y197.351 E.24241
G1 X167.063 Y196.776 E.01946
G1 X162.574 Y192.287 E.21489
G1 X163.15 Y192.287 E.0195
G1 X167.063 Y196.2 E.18731
G1 X167.063 Y195.624 E.0195
G1 X163.726 Y192.287 E.15974
G1 X164.301 Y192.287 E.01946
G1 X167.063 Y195.049 E.13222
G1 X167.063 Y194.473 E.0195
G1 X164.877 Y192.287 E.10464
G1 X167.063 Y192.287 E.07399
G1 X167.063 Y193.897 E.0545
G1 X165.597 Y192.431 E.07018
M204 S8000
G1 X166.574 Y192.694 F24000
M204 S5000
;WIDTH:0.578854
G1 F9600
G1 X166.526 Y192.742 E.00303
G1 X166.544 Y192.806 E.00296
G1 X166.608 Y192.824 E.00296
G1 X166.656 Y192.776 E.00303
G1 X166.638 Y192.712 E.00296
G1 E-2 F2400
M204 S8000
G1 X84.632 Y17.982 F24000
G1 E2 F2400
M204 S4000
;TYPE:Perimeter
;WIDTH:0.449999
G1 F10800
G1 X135.368 Y17.982 E1.71735
G1 X135.368 Y24.718 E.22801
G1 X84.632 Y24.718 E1.71735
G1 X84.632 Y18.042 E.22597
M204 S5000
M204 S8000
G1 X84.225 Y17.575 F24000
M204 S4000
;TYPE:External perimeter
G1 F7200
G1 X135.775 Y17.575 E1.7449
G1 X135.775 Y25.125 E.25556
G1 X84.225 Y25.125 E1.7449
G1 X84.225 Y17.635 E.25353
M204 S5000
G1 X84.621 Y17.576 F24000
G1 E-2 F2400
M204 S8000
G1 X84.937 Y22.366 F24000
G1 E2 F2400
M204 S5000
;TYPE:Internal infill
;WIDTH:0.45
G1 F13200
G1 X84.937 Y19.923 E.08269
G1 X86.573 Y18.287 E.07831
G1 X87.371 Y18.287 E.02701
G1 X93.496 Y24.413 E.29322
G1 X91.962 Y24.413 E.05192
G1 X98.087 Y18.287 E.29322
G1 X98.885 Y18.287 E.02701
G1 X105.01 Y24.413 E.29322
G1 X103.476 Y24.413 E.05192
G1 X109.601 Y18.287 E.29322
G1 X110.399 Y18.287 E.02701
G1 X116.524 Y24.413 E.29322
G1 X114.99 Y24.413 E.05192
G1 X121.115 Y18.287 E.29322
G1 X121.913 Y18.287 E.02701
G1 X128.038 Y24.413 E.29322
G1 X126.504 Y24.413 E.05192
G1 X132.629 Y18.287 E.29322
G1 X133.427 Y18.287 E.02701
G1 X135.063 Y19.923 E.07831
G1 X135.063 Y22.366 E.08269
M106 S204
;LAYER_CHANGE
;Z:3.2
;HEIGHT:0.2
G1 E-2 F2400
G1 Z3.2 F24000
M204 S8000
G1 X167.368 Y201.718
G1 E2 F2400
M204 S4000
;TYPE:Perimeter
;WIDTH:0.449999
G1 F10800
G1 X52.632 Y201.718 E3.88367
G1 X52.632 Y191.982 E.32955
G1 X167.368 Y191.982 E3.88367
G1 X167.368 Y201.658 E.32752
M204 S5000
M204 S8000
G1 X167.775 Y202.125 F24000
M204 S4000
;TYPE:External perimeter
G1 F7200
G1 X52.225 Y202.125 E3.91122
G1 X52.225 Y191.575 E.3571
G1 X167.775 Y191.575 E3.91122
G1 X167.775 Y202.065 E.35507
M204 S5000
G1 X167.379 Y202.124 F24000
G1 E-2 F2400
M204 S8000
G1 X158.757 Y201.413 F24000
G1 E2 F2400
M204 S5000
;TYPE:Internal infill
;WIDTH:0.45
G1 F13200
G1 X158.977 Y201.413 E.00745
G1 X158.977 Y200.417 E.03371
G1 X157.751 Y200.417 E.0415
G1 X156.755 Y201.413 E.04768
G1 X155.357 Y201.413 E.04732
G1 X154.361 Y200.417 E.04768
G1 X146.237 Y200.417 E.27499
G1 X145.241 Y201.413 E.04768
G1 X143.843 Y201.413 E.04732
G1 X142.847 Y200.417 E.04768
G1 X134.723 Y200.417 E.27499
G1 X133.727 Y201.413 E.04768
G1 X132.329 Y201.413 E.04732
G1 X131.333 Y200.417 E.04768
G1 X123.209 Y200.417 E.27499
G1 X122.213 Y201.413 E.04768
G1 X120.815 Y201.413 E.04732
G1 X119.819 Y200.417 E.04768
G1 X111.695 Y200.417 E.27499
G1 X110.699 Y201.413 E.04768
G1 X109.301 Y201.413 E.04732
G1 X108.305 Y200.417 E.04768
G1 X100.181 Y200.417 E.27499
G1 X99.185 Y201.413 E.04768
G1 X97.787 Y201.413 E.04732
G1 X96.791 Y200.417 E.04768
G1 X88.667 Y200.417 E.27499
G1 X87.671 Y201.413 E.04768
G1 X86.273 Y201.413 E.04732
G1 X85.277 Y200.417 E.04768
G1 X77.153 Y200.417 E.27499
G1 X76.157 Y201.413 E.04768
G1 X74.759 Y201.413 E.04732
G1 X73.763 Y200.417 E.04768
G1 X65.639 Y200.417 E.27499
G1 X64.643 Y201.413 E.04768
G1 X63.245 Y201.413 E.04732
G1 X62.249 Y200.417 E.04768
G1 X61.023 Y200.417 E.0415
G1 X61.023 Y201.413 E.03371
G1 X61.243 Y201.413 E.00745
G1 E-2 F2400
M204 S8000
G1 X65.179 Y194.275 F24000
G1 E2 F2400
M204 S5000
G1 F13200
G1 X67.622 Y194.275 E.08269
G1 X68.63 Y195.283 E.04825
G1 X70.773 Y195.283 E.07254
G1 X71.781 Y194.275 E.04825
G1 X79.136 Y194.275 E.24896
G1 X80.144 Y195.283 E.04825
G1 X82.287 Y195.283 E.07254
G1 X83.295 Y194.275 E.04825
G1 X90.65 Y194.275 E.24896
G1 X91.658 Y195.283 E.04825
G1 X93.8 Y195.283 E.0725
G1 X94.809 Y194.275 E.04828
G1 X102.164 Y194.275 E.24896
G1 X103.172 Y195.283 E.04825
G1 X105.314 Y195.283 E.0725
G1 X106.322 Y194.275 E.04825
G1 X113.678 Y194.275 E.24899
G1 X114.686 Y195.283 E.04825
G1 X116.828 Y195.283 E.0725
G1 X117.836 Y194.275 E.04825
G1 X125.191 Y194.275 E.24896
G1 X126.199 Y195.283 E.04825
G1 X128.342 Y195.283 E.07254
G1 X129.35 Y194.275 E.04825
G1 X136.705 Y194.275 E.24896
G1 X137.713 Y195.283 E.04825
G1 X139.856 Y195.283 E.07254
G1 X140.864 Y194.275 E.04825
G1 X148.219 Y194.275 E.24896
G1 X149.227 Y195.283 E.04825
G1 X151.37 Y195.283 E.07254
G1 X152.378 Y194.275 E.04825
G1 X154.821 Y194.275 E.08269
G1 E-2 F2400
M204 S8000
G1 X53.048 Y192.32 F24000
G1 E2 F2400
M204 S5000
;TYPE:Solid infill
;WIDTH:0.548766
G1 F9600
G1 X53.003 Y192.276 E.00265
G1 X52.942 Y192.292 E.00265
G1 X52.926 Y192.353 E.00265
G1 X52.97 Y192.398 E.00265
G1 X53.031 Y192.381 E.00266
M204 S8000
G1 X52.805 Y193.177 F24000
M204 S5000
;WIDTH:0.38292
G1 F9600
G1 X52.734 Y193.158 E.00208
G1 X52.753 Y193.229 E.00208
G1 X52.794 Y193.218 E.0012
;WIDTH:0.41646
G1 X52.866 Y193.125 E.00365
;WIDTH:0.449999
G1 X52.937 Y193.032 E.00396
G1 X53.682 Y192.287 E.03566
G1 X53.87 Y192.145 E.00797
;WIDTH:0.402368
G1 X53.826 Y192.157 E.00136
G1 X53.806 Y192.082 E.00232
G1 X53.881 Y192.102 E.00232
;WIDTH:0.449999
G1 X54.257 Y192.287 E.01418
G1 X52.937 Y193.607 E.06319
G1 X52.937 Y194.183 E.0195
G1 X54.833 Y192.287 E.09076
G1 X55.409 Y192.287 E.0195
G1 X52.937 Y194.759 E.11833
G1 X52.937 Y195.335 E.0195
G1 X55.984 Y192.287 E.14588
G1 X56.56 Y192.287 E.0195
G1 X52.937 Y195.91 E.17343
G1 X52.937 Y196.486 E.0195
G1 X57.136 Y192.287 E.201
G1 X57.712 Y192.287 E.0195
G1 X52.937 Y197.062 E.22858
G1 X52.937 Y197.637 E.01946
G1 X58.287 Y192.287 E.2561
G1 X58.863 Y192.287 E.0195
G1 X52.937 Y198.213 E.28367
G1 X52.937 Y198.789 E.0195
G1 X59.439 Y192.287 E.31125
G1 X60.014 Y192.287 E.01946
G1 X52.937 Y199.364 E.33877
G1 X52.937 Y199.94 E.0195
G1 X60.59 Y192.287 E.36634
G1 X61.166 Y192.287 E.0195
G1 X52.937 Y200.516 E.39392
M204 S8000
G1 X52.884 Y201.526 F24000
M204 S5000
;WIDTH:0.38292
G1 F9600
G1 X52.843 Y201.537 E.0012
G1 X52.824 Y201.466 E.00208
G1 X52.895 Y201.485 E.00208
;WIDTH:0.41646
G1 X52.916 Y201.288 E.00615
;WIDTH:0.449999
G1 X52.937 Y201.091 E.00671
G1 X61.741 Y192.287 E.42144
G1 X62.317 Y192.287 E.0195
G1 X53.192 Y201.413 E.43683
G1 X53.356 Y201.467 E.00584
;WIDTH:0.41646
G1 X53.521 Y201.521 E.00539
;WIDTH:0.38292
G1 X53.45 Y201.502 E.00208
G1 X53.469 Y201.573 E.00208
G1 X53.51 Y201.562 E.0012
G1 E-2 F2400
M204 S8000
G1 X60.765 Y194.307 F24000
G1 E2 F2400
M204 S5000
G1 F9600
G1 X60.724 Y194.318 E.0012
G1 X60.705 Y194.247 E.00208
G1 X60.776 Y194.266 E.00208
G1 X61.013 Y194.028 E.0095
G1 X60.994 Y193.957 E.00208
G1 X61.065 Y193.976 E.00208
;WIDTH:0.41646
G1 X61.189 Y193.922 E.0042
;WIDTH:0.449999
G1 X61.312 Y193.868 E.00455
G1 X62.893 Y192.287 E.07568
G1 X63.469 Y192.287 E.0195
G1 X61.888 Y193.868 E.07568
G1 X61.83 Y193.949 E.00337
;WIDTH:0.41646
G1 X61.773 Y194.031 E.0031
;WIDTH:0.38292
G1 X61.702 Y194.012 E.00208
G1 X61.721 Y194.083 E.00208
G1 X61.762 Y194.072 E.0012
G1 E-2 F2400
M204 S8000
G1 X64.047 Y192.841 F24000
G1 E2 F2400
M204 S5000
;WIDTH:0.449999
G1 F9600
G1 X63.446 Y193.461 E.02923
G1 X159.081 Y193.461 E3.23713
G1 X159.446 Y193.582 E.01302
G1 X159.612 Y193.74 E.00776
G1 X159.692 Y193.932 E.00704
G1 X160.93 Y192.694 E.05926
G1 X64.188 Y192.694 E3.2746
G1 X63.858 Y192.473 E.01344
G1 X62.464 Y193.868 E.06675
G1 X159.081 Y193.868 E3.27037
G1 X159.224 Y193.928 E.00525
G1 X159.325 Y194.028 E.00481
G1 X159.384 Y194.172 E.00527
G1 X159.384 Y194.816 E.0218
G1 X161.913 Y192.287 E.12106
G1 X63.9 Y192.287 E3.31762
M204 S8000
G1 X64.372 Y193.078 F24000
M204 S5000
;WIDTH:0.40237
G1 F9600
G1 X159.081 Y193.078 E2.8307
;WIDTH:0.446168
G1 X159.212 Y193.1 E.00445
;WIDTH:0.489965
G1 X159.344 Y193.122 E.00497
;WIDTH:0.533762
G1 X159.476 Y193.143 E.00546
;WIDTH:0.577559
G1 X159.608 Y193.165 E.00595
;WIDTH:0.621356
G1 X159.74 Y193.187 E.00644
G1 E-2 F2400
M204 S8000
G1 X159.384 Y195.392 F24000
G1 E2 F2400
M204 S5000
;WIDTH:0.449999
G1 F9600
G1 X162.488 Y192.287 E.14861
G1 E-2 F2400
M204 S8000
G1 X60.616 Y194.564 F24000
G1 E2 F2400
M204 S5000
G1 F9600
G1 X53.768 Y201.413 E.32783
G1 X54.343 Y201.413 E.01946
G1 X60.616 Y195.14 E.30028
G1 X60.738 Y195.593 E.01588
G1 X54.919 Y201.413 E.27858
G1 X55.495 Y201.413 E.0195
G1 X61.217 Y195.69 E.27393
G1 X61.793 Y195.69 E.0195
G1 X56.07 Y201.413 E.27396
G1 X56.646 Y201.413 E.0195
G1 X62.368 Y195.69 E.27393
G1 X62.944 Y195.69 E.0195
G1 X57.222 Y201.413 E.27393
G1 X57.798 Y201.413 E.0195
G1 X63.52 Y195.69 E.27393
G1 X64.096 Y195.69 E.0195
G1 X58.373 Y201.413 E.27396
G1 X58.823 Y201.616 E.01671
;WIDTH:0.38292
G1 X58.782 Y201.627 E.0012
G1 X58.763 Y201.556 E.00208
G1 X58.834 Y201.575 E.00208
;WIDTH:0.41646
G1 X58.891 Y201.494 E.00308
;WIDTH:0.449999
G1 X58.949 Y201.413 E.00337
G1 X64.671 Y195.69 E.27393
G1 X65.247 Y195.69 E.0195
G1 X60.927 Y200.01 E.2068
G1 X60.804 Y200.016 E.00417
;WIDTH:0.41646
G1 X60.681 Y200.023 E.00383
;WIDTH:0.38292
G1 X60.61 Y200.004 E.00208
G1 X60.629 Y200.075 E.00208
G1 X60.67 Y200.064 E.0012
G1 X60.835 Y200.177 E.00565
G1 X60.783 Y200.229 E.00208
G1 X60.854 Y200.248 E.00208
;WIDTH:0.449999
G1 X60.616 Y200.321 E.00843
G1 X59.525 Y201.413 E.05225
G1 X59.401 Y201.467 E.00458
;WIDTH:0.41646
G1 X59.278 Y201.521 E.00417
;WIDTH:0.38292
G1 X59.207 Y201.502 E.00208
G1 X59.226 Y201.573 E.00208
G1 X59.267 Y201.562 E.0012
;WIDTH:0.449999
G1 X59.985 Y201.575 E.02431
;WIDTH:0.38292
G1 X59.914 Y201.556 E.00208
G1 X59.933 Y201.627 E.00208
G1 X59.974 Y201.616 E.0012
;WIDTH:0.41646
G1 X60.037 Y201.515 E.0037
;WIDTH:0.449999
G1 X60.1 Y201.413 E.00406
G1 X60.616 Y200.897 E.0247
G1 X60.718 Y200.834 E.00406
;WIDTH:0.41646
G1 X60.82 Y200.771 E.00372
;WIDTH:0.38292
G1 X60.779 Y200.782 E.0012
G1 X60.759 Y200.711 E.00209
G1 X60.831 Y200.73 E.00211
M204 S8000
G1 X61.503 Y200.01 F24000
M204 S5000
;WIDTH:0.449999
G1 F9600
G1 X65.823 Y195.69 E.2068
G1 X66.398 Y195.69 E.01946
G1 X62.079 Y200.01 E.20677
G1 X62.655 Y200.01 E.0195
G1 X66.974 Y195.69 E.20677
G1 X67.55 Y195.69 E.0195
G1 X63.23 Y200.01 E.2068
G1 X63.806 Y200.01 E.0195
G1 X68.125 Y195.69 E.20677
G1 X68.701 Y195.69 E.0195
G1 X64.382 Y200.01 E.20677
G1 X64.957 Y200.01 E.01946
G1 X69.277 Y195.69 E.2068
G1 X69.853 Y195.69 E.0195
G1 X65.533 Y200.01 E.2068
G1 X66.109 Y200.01 E.0195
G1 X70.428 Y195.69 E.20677
G1 X71.004 Y195.69 E.0195
G1 X66.684 Y200.01 E.2068
G1 X67.26 Y200.01 E.0195
G1 X71.58 Y195.69 E.2068
G1 X72.155 Y195.69 E.01946
G1 X67.836 Y200.01 E.20677
G1 X68.412 Y200.01 E.0195
G1 X72.731 Y195.69 E.20677
G1 X73.307 Y195.69 E.0195
G1 X68.987 Y200.01 E.2068
G1 X69.563 Y200.01 E.0195
G1 X73.882 Y195.69 E.20677
G1 X74.458 Y195.69 E.0195
G1 X70.139 Y200.01 E.20677
G1 X70.714 Y200.01 E.01946
G1 X75.034 Y195.69 E.2068
G1 X75.609 Y195.69 E.01946
G1 X71.29 Y200.01 E.20677
G1 X71.866 Y200.01 E.0195
G1 X76.185 Y195.69 E.20677
G1 X76.761 Y195.69 E.0195
G1 X72.441 Y200.01 E.2068
G1 X73.017 Y200.01 E.0195
G1 X77.337 Y195.69 E.2068
G1 X77.912 Y195.69 E.01946
G1 X73.593 Y200.01 E.20677
G1 X74.169 Y200.01 E.0195
G1 X78.488 Y195.69 E.20677
G1 X79.064 Y195.69 E.0195
G1 X74.744 Y200.01 E.2068
G1 X75.32 Y200.01 E.0195
G1 X79.639 Y195.69 E.20677
G1 X80.215 Y195.69 E.0195
G1 X75.896 Y200.01 E.20677
G1 X76.471 Y200.01 E.01946
G1 X80.791 Y195.69 E.2068
G1 X81.366 Y195.69 E.01946
G1 X77.047 Y200.01 E.20677
G1 X77.623 Y200.01 E.0195
G1 X81.942 Y195.69 E.20677
G1 X82.518 Y195.69 E.0195
G1 X78.198 Y200.01 E.2068
G1 X78.774 Y200.01 E.0195
G1 X83.094 Y195.69 E.2068
G1 X83.669 Y195.69 E.01946
G1 X79.35 Y200.01 E.20677
G1 X79.925 Y200.01 E.01946
G1 X84.245 Y195.69 E.2068
G1 X84.821 Y195.69 E.0195
G1 X80.501 Y200.01 E.2068
G1 X81.077 Y200.01 E.0195
G1 X85.396 Y195.69 E.20677
G1 X85.972 Y195.69 E.0195
G1 X81.653 Y200.01 E.20677
G1 X82.228 Y200.01 E.01946
G1 X86.548 Y195.69 E.2068
G1 X87.123 Y195.69 E.01946
G1 X82.804 Y200.01 E.20677
G1 X83.38 Y200.01 E.0195
G1 X87.699 Y195.69 E.20677
G1 X88.275 Y195.69 E.0195
G1 X83.955 Y200.01 E.2068
G1 X84.531 Y200.01 E.0195
G1 X88.851 Y195.69 E.2068
G1 X89.426 Y195.69 E.01946
G1 X85.107 Y200.01 E.20677
G1 X85.682 Y200.01 E.01946
G1 X90.002 Y195.69 E.2068
G1 X90.578 Y195.69 E.0195
G1 X86.258 Y200.01 E.2068
G1 X86.834 Y200.01 E.0195
G1 X91.153 Y195.69 E.20677
G1 X91.729 Y195.69 E.0195
G1 X87.41 Y200.01 E.20677
G1 X87.985 Y200.01 E.01946
G1 X92.305 Y195.69 E.2068
G1 X92.88 Y195.69 E.01946
G1 X88.561 Y200.01 E.20677
G1 X89.137 Y200.01 E.0195
G1 X93.456 Y195.69 E.20677
G1 X94.032 Y195.69 E.0195
G1 X89.712 Y200.01 E.2068
G1 X90.288 Y200.01 E.0195
G1 X94.607 Y195.69 E.20677
G1 X95.183 Y195.69 E.0195
G1 X90.864 Y200.01 E.20677
G1 X91.439 Y200.01 E.01946
G1 X95.759 Y195.69 E.2068
G1 X96.335 Y195.69 E.0195
G1 X92.015 Y200.01 E.2068
G1 X92.591 Y200.01 E.0195
G1 X96.91 Y195.69 E.20677
G1 X97.486 Y195.69 E.0195
G1 X93.167 Y200.01 E.20677
G1 X93.742 Y200.01 E.01946
G1 X98.062 Y195.69 E.2068
G1 X98.637 Y195.69 E.01946
G1 X94.318 Y200.01 E.20677
G1 X94.894 Y200.01 E.0195
G1 X99.213 Y195.69 E.20677
G1 X99.789 Y195.69 E.0195
G1 X95.469 Y200.01 E.2068
G1 X96.045 Y200.01 E.0195
G1 X100.364 Y195.69 E.20677
G1 X100.94 Y195.69 E.0195
G1 X96.621 Y200.01 E.20677
G1 X97.196 Y200.01 E.01946
G1 X101.516 Y195.69 E.2068
G1 X102.092 Y195.69 E.0195
G1 X97.772 Y200.01 E.2068
G1 X98.348 Y200.01 E.0195
G1 X102.667 Y195.69 E.20677
G1 X103.243 Y195.69 E.0195
G1 X98.923 Y200.01 E.2068
G1 X99.499 Y200.01 E.0195
G1 X103.819 Y195.69 E.2068
G1 X104.394 Y195.69 E.01946
G1 X100.075 Y200.01 E.20677
G1 X100.651 Y200.01 E.0195
G1 X104.97 Y195.69 E.20677
G1 X105.546 Y195.69 E.0195
G1 X101.226 Y200.01 E.2068
G1 X101.802 Y200.01 E.0195
G1 X106.121 Y195.69 E.20677
G1 X106.697 Y195.69 E.0195
G1 X102.378 Y200.01 E.20677
G1 X102.953 Y200.01 E.01946
G1 X107.273 Y195.69 E.2068
G1 X107.849 Y195.69 E.0195
G1 X103.529 Y200.01 E.2068
G1 X104.105 Y200.01 E.0195
G1 X108.424 Y195.69 E.20677
G1 X109 Y195.69 E.0195
G1 X104.68 Y200.01 E.2068
G1 X105.256 Y200.01 E.0195
G1 X109.576 Y195.69 E.2068
G1 X110.151 Y195.69 E.01946
G1 X105.832 Y200.01 E.20677
G1 X106.408 Y200.01 E.0195
G1 X110.727 Y195.69 E.20677
G1 X111.303 Y195.69 E.0195
G1 X106.983 Y200.01 E.2068
G1 X107.559 Y200.01 E.0195
G1 X111.878 Y195.69 E.20677
G1 X112.454 Y195.69 E.0195
G1 X108.135 Y200.01 E.20677
G1 X108.71 Y200.01 E.01946
G1 X113.03 Y195.69 E.2068
G1 X113.605 Y195.69 E.01946
G1 X109.286 Y200.01 E.20677
G1 X109.862 Y200.01 E.0195
G1 X114.181 Y195.69 E.20677
G1 X114.757 Y195.69 E.0195
G1 X110.437 Y200.01 E.2068
G1 X111.013 Y200.01 E.0195
G1 X115.333 Y195.69 E.2068
G1 X115.908 Y195.69 E.01946
G1 X111.589 Y200.01 E.20677
G1 X112.164 Y200.01 E.01946
G1 X116.484 Y195.69 E.2068
G1 X117.06 Y195.69 E.0195
G1 X112.74 Y200.01 E.2068
G1 X113.316 Y200.01 E.0195
G1 X117.635 Y195.69 E.20677
G1 X118.211 Y195.69 E.0195
G1 X113.892 Y200.01 E.20677
G1 X114.467 Y200.01 E.01946
G1 X118.787 Y195.69 E.2068
G1 X119.362 Y195.69 E.01946
G1 X115.043 Y200.01 E.20677
G1 X115.619 Y200.01 E.0195
G1 X119.938 Y195.69 E.20677
G1 X120.514 Y195.69 E.0195
G1 X116.194 Y200.01 E.2068
G1 X116.77 Y200.01 E.0195
G1 X121.09 Y195.69 E.2068
G1 X121.665 Y195.69 E.01946
G1 X117.346 Y200.01 E.20677
G1 X117.921 Y200.01 E.01946
G1 X122.241 Y195.69 E.2068
G1 X122.817 Y195.69 E.0195
G1 X118.497 Y200.01 E.2068
G1 X119.073 Y200.01 E.0195
G1 X123.392 Y195.69 E.20677
G1 X123.968 Y195.69 E.0195
G1 X119.649 Y200.01 E.20677
G1 X120.224 Y200.01 E.01946
G1 X124.544 Y195.69 E.2068
G1 X125.119 Y195.69 E.01946
G1 X120.8 Y200.01 E.20677
G1 X121.376 Y200.01 E.0195
G1 X125.695 Y195.69 E.20677
G1 X126.271 Y195.69 E.0195
G1 X121.951 Y200.01 E.2068
G1 X122.527 Y200.01 E.0195
G1 X126.846 Y195.69 E.20677
G1 X127.422 Y195.69 E.0195
G1 X123.103 Y200.01 E.20677
G1 X123.678 Y200.01 E.01946
G1 X127.998 Y195.69 E.2068
G1 X128.574 Y195.69 E.0195
G1 X124.254 Y200.01 E.2068
G1 X124.83 Y200.01 E.0195
G1 X129.149 Y195.69 E.20677
G1 X129.725 Y195.69 E.0195
G1 X125.406 Y200.01 E.20677
G1 X125.981 Y200.01 E.01946
G1 X130.301 Y195.69 E.2068
G1 X130.876 Y195.69 E.01946
G1 X126.557 Y200.01 E.20677
G1 X127.133 Y200.01 E.0195
G1 X131.452 Y195.69 E.20677
G1 X132.028 Y195.69 E.0195
G1 X127.708 Y200.01 E.2068
G1 X128.284 Y200.01 E.0195
G1 X132.603 Y195.69 E.20677
G1 X133.179 Y195.69 E.0195
G1 X128.86 Y200.01 E.20677
G1 X129.435 Y200.01 E.01946
G1 X133.755 Y195.69 E.2068
G1 X134.331 Y195.69 E.0195
G1 X130.011 Y200.01 E.2068
G1 X130.587 Y200.01 E.0195
G1 X134.906 Y195.69 E.20677
G1 X135.482 Y195.69 E.0195
G1 X131.162 Y200.01 E.2068
G1 X131.738 Y200.01 E.0195
G1 X136.058 Y195.69 E.2068
G1 X136.633 Y195.69 E.01946
G1 X132.314 Y200.01 E.20677
G1 X132.89 Y200.01 E.0195
G1 X137.209 Y195.69 E.20677
G1 X137.785 Y195.69 E.0195
G1 X133.465 Y200.01 E.2068
G1 X134.041 Y200.01 E.0195
G1 X138.36 Y195.69 E.20677
G1 X138.936 Y195.69 E.0195
G1 X134.617 Y200.01 E.20677
G1 X135.192 Y200.01 E.01946
G1 X139.512 Y195.69 E.2068
G1 X140.088 Y195.69 E.0195
G1 X135.768 Y200.01 E.2068
G1 X136.344 Y200.01 E.0195
G1 X140.663 Y195.69 E.20677
G1 X141.239 Y195.69 E.0195
G1 X136.919 Y200.01 E.2068
G1 X137.495 Y200.01 E.0195
G1 X141.815 Y195.69 E.2068
G1 X142.39 Y195.69 E.01946
G1 X138.071 Y200.01 E.20677
G1 X138.647 Y200.01 E.0195
G1 X142.966 Y195.69 E.20677
G1 X143.542 Y195.69 E.0195
G1 X139.222 Y200.01 E.2068
G1 X139.798 Y200.01 E.0195
G1 X144.117 Y195.69 E.20677
G1 X144.693 Y195.69 E.0195
G1 X140.374 Y200.01 E.20677
G1 X140.949 Y200.01 E.01946
G1 X145.269 Y195.69 E.2068
G1 X145.844 Y195.69 E.01946
G1 X141.525 Y200.01 E.20677
G1 X142.101 Y200.01 E.0195
G1 X146.42 Y195.69 E.20677
G1 X146.996 Y195.69 E.0195
G1 X142.676 Y200.01 E.2068
G1 X143.252 Y200.01 E.0195
G1 X147.572 Y195.69 E.2068
G1 X148.147 Y195.69 E.01946
G1 X143.828 Y200.01 E.20677
G1 X144.404 Y200.01 E.0195
G1 X148.723 Y195.69 E.20677
G1 X149.299 Y195.69 E.0195
G1 X144.979 Y200.01 E.2068
G1 X145.555 Y200.01 E.0195
G1 X149.874 Y195.69 E.20677
G1 X150.45 Y195.69 E.0195
G1 X146.131 Y200.01 E.20677
G1 X146.706 Y200.01 E.01946
G1 X151.026 Y195.69 E.2068
G1 X151.601 Y195.69 E.01946
G1 X147.282 Y200.01 E.20677
G1 X147.858 Y200.01 E.0195
G1 X152.177 Y195.69 E.20677
G1 X152.753 Y195.69 E.0195
G1 X148.433 Y200.01 E.2068
G1 X149.009 Y200.01 E.0195
G1 X153.329 Y195.69 E.2068
G1 X153.904 Y195.69 E.01946
G1 X149.585 Y200.01 E.20677
G1 X150.16 Y200.01 E.01946
G1 X154.48 Y195.69 E.2068
G1 X155.056 Y195.69 E.0195
G1 X150.736 Y200.01 E.2068
G1 X151.312 Y200.01 E.0195
G1 X155.631 Y195.69 E.20677
G1 X156.207 Y195.69 E.0195
G1 X151.888 Y200.01 E.20677
G1 X152.463 Y200.01 E.01946
G1 X156.783 Y195.69 E.2068
G1 X157.358 Y195.69 E.01946
G1 X153.039 Y200.01 E.20677
G1 X153.615 Y200.01 E.0195
G1 X157.934 Y195.69 E.20677
G1 X158.51 Y195.69 E.0195
G1 X154.19 Y200.01 E.2068
G1 X154.766 Y200.01 E.0195
G1 X159.086 Y195.69 E.2068
G1 E-2 F2400
M204 S8000
G1 X163.064 Y192.287 F24000
G1 E2 F2400
M204 S5000
G1 F9600
G1 X155.342 Y200.01 E.36967
G1 X155.917 Y200.01 E.01946
G1 X163.64 Y192.287 E.3697
G1 X164.215 Y192.287 E.01946
G1 X156.493 Y200.01 E.36967
G1 X157.069 Y200.01 E.0195
G1 X164.791 Y192.287 E.36967
G1 X165.367 Y192.287 E.0195
G1 X157.645 Y200.01 E.36967
G1 X158.22 Y200.01 E.01946
G1 X165.943 Y192.287 E.3697
G1 X166.518 Y192.287 E.01946
G1 X158.796 Y200.01 E.36967
G1 X159.268 Y200.113 E.01635
G1 X167.063 Y192.319 E.37312
G1 X167.063 Y192.894 E.01946
G1 X159.318 Y200.642 E.37082
;WIDTH:0.41646
G1 X159.252 Y200.712 E.00299
;WIDTH:0.38292
G1 X159.18 Y200.693 E.00211
G1 X159.199 Y200.764 E.00208
G1 X159.241 Y200.753 E.00123
;WIDTH:0.449999
G1 X159.34 Y201.487 E.02507
;WIDTH:0.38292
G1 X159.269 Y201.468 E.00208
G1 X159.288 Y201.539 E.00208
G1 X159.329 Y201.528 E.0012
;WIDTH:0.41646
G1 X159.357 Y201.338 E.00597
;WIDTH:0.449999
G1 X159.384 Y201.149 E.00646
G1 X167.063 Y193.47 E.36759
G1 X167.063 Y194.046 E.0195
G1 X159.696 Y201.413 E.35265
G1 X160.272 Y201.413 E.0195
G1 X167.063 Y194.622 E.32508
G1 X167.063 Y195.197 E.01946
G1 X160.847 Y201.413 E.29756
G1 X161.423 Y201.413 E.0195
G1 X167.063 Y195.773 E.26998
G1 X167.063 Y196.349 E.0195
G1 X161.999 Y201.413 E.24241
G1 X162.574 Y201.413 E.01946
G1 X167.063 Y196.924 E.21489
G1 X167.063 Y197.5 E.0195
G1 X163.15 Y201.413 E.18731
G1 X163.726 Y201.413 E.0195
G1 X167.063 Y198.076 E.15974
G1 X167.063 Y198.651 E.01946
G1 X164.301 Y201.413 E.13222
G1 X164.751 Y201.616 E.01671
;WIDTH:0.38292
G1 X164.71 Y201.627 E.0012
G1 X164.691 Y201.556 E.00208
G1 X164.762 Y201.575 E.00208
;WIDTH:0.41646
G1 X164.819 Y201.494 E.00308
;WIDTH:0.449999
G1 X164.877 Y201.413 E.00337
G1 X167.063 Y199.227 E.10464
G1 X167.063 Y201.413 E.07399
G1 X165.453 Y201.413 E.0545
G1 X166.919 Y199.947 E.07018
M204 S8000
G1 X166.656 Y200.924 F24000
M204 S5000
;WIDTH:0.578842
G1 F9600
G1 X166.608 Y200.876 E.00302
G1 X166.544 Y200.894 E.00296
G1 X166.526 Y200.958 E.00296
G1 X166.574 Y201.006 E.00302
G1 X166.638 Y200.988 E.00296
G1 E-2 F2400
M204 S8000
G1 X84.632 Y17.982 F24000
G1 E2 F2400
M204 S4000
;TYPE:Perimeter
;WIDTH:0.449999
G1 F10800
G1 X135.368 Y17.982 E1.71735
G1 X135.368 Y24.718 E.22801
G1 X84.632 Y24.718 E1.71735
G1 X84.632 Y18.042 E.22597
M204 S5000
M204 S8000
G1 X84.225 Y17.575 F24000
M204 S4000
;TYPE:External perimeter
G1 F7200
G1 X135.775 Y17.575 E1.7449
G1 X135.775 Y25.125 E.25556
G1 X84.225 Y25.125 E1.7449
G1 X84.225 Y17.635 E.25353
M204 S5000
G1 X84.621 Y17.576 F24000
G1 E-2 F2400
M204 S8000
G1 X84.937 Y22.366 F24000
G1 E2 F2400
M204 S5000
;TYPE:Internal infill
;WIDTH:0.45
G1 F13200
G1 X84.937 Y19.923 E.08269
G1 X86.573 Y18.287 E.07831
G1 X87.371 Y18.287 E.02701
G1 X93.496 Y24.413 E.29322
G1 X91.962 Y24.413 E.05192
G1 X98.087 Y18.287 E.29322
G1 X98.885 Y18.287 E.02701
G1 X105.01 Y24.413 E.29322
G1 X103.476 Y24.413 E.05192
G1 X109.601 Y18.287 E.29322
G1 X110.399 Y18.287 E.02701
G1 X116.524 Y24.413 E.29322
G1 X114.99 Y24.413 E.05192
G1 X121.115 Y18.287 E.29322
G1 X121.913 Y18.287 E.02701
G1 X128.038 Y24.413 E.29322
G1 X126.504 Y24.413 E.05192
G1 X132.629 Y18.287 E.29322
G1 X133.427 Y18.287 E.02701
G1 X135.063 Y19.923 E.07831
G1 X135.063 Y22.366 E.08269
M106 S183.6
;LAYER_CHANGE
;Z:3.4
;HEIGHT:0.2
G1 E-2 F2400
G1 Z3.4 F24000
M204 S8000
G1 X167.368 Y201.718
G1 E2 F2400
M204 S4000
;TYPE:Perimeter
;WIDTH:0.449999
G1 F10800
G1 X159.979 Y201.718 E.25011
G1 X159.878 Y201.755 E.00364
G1 X60.122 Y201.755 E3.37662
G1 X60.021 Y201.718 E.00364
G1 X52.632 Y201.718 E.25011
G1 X52.632 Y191.982 E.32955
G1 X167.368 Y191.982 E3.88367
G1 X167.368 Y201.658 E.32752
M204 S5000
M204 S8000
G1 X167.775 Y202.125 F24000
M204 S4000
;TYPE:External perimeter
G1 F7200
G1 X159.979 Y202.125 E.26388
G1 X159.923 Y202.162 E.00227
G1 X60.077 Y202.162 E3.37966
G1 X60.021 Y202.125 E.00227
G1 X52.225 Y202.125 E.26388
G1 X52.225 Y191.575 E.3571
G1 X167.775 Y191.575 E3.91122
G1 X167.775 Y202.065 E.35507
M204 S5000
G1 X167.379 Y202.124 F24000
G1 E-2 F2400
M204 S8000
G1 X158.794 Y201.45 F24000
G1 E2 F2400
M204 S5000
;TYPE:Internal infill
;WIDTH:0.45
G1 F13200
G1 X158.977 Y201.45 E.00619
G1 X158.977 Y200.536 E.03094
G1 X157.632 Y200.536 E.04553
G1 X156.718 Y201.45 E.04375
G1 X155.394 Y201.45 E.04482
G1 X154.48 Y200.536 E.04375
G1 X146.118 Y200.536 E.28304
G1 X145.204 Y201.45 E.04375
G1 X143.88 Y201.45 E.04482
G1 X142.966 Y200.536 E.04375
G1 X134.604 Y200.536 E.28304
G1 X133.69 Y201.45 E.04375
G1 X132.366 Y201.45 E.04482
G1 X131.452 Y200.536 E.04375
G1 X123.09 Y200.536 E.28304
G1 X122.176 Y201.45 E.04375
G1 X120.852 Y201.45 E.04482
G1 X119.938 Y200.536 E.04375
G1 X111.576 Y200.536 E.28304
G1 X110.662 Y201.45 E.04375
G1 X109.338 Y201.45 E.04482
G1 X108.424 Y200.536 E.04375
G1 X100.062 Y200.536 E.28304
G1 X99.148 Y201.45 E.04375
G1 X97.824 Y201.45 E.04482
G1 X96.91 Y200.536 E.04375
G1 X88.548 Y200.536 E.28304
G1 X87.634 Y201.45 E.04375
G1 X86.31 Y201.45 E.04482
G1 X85.396 Y200.536 E.04375
G1 X77.034 Y200.536 E.28304
G1 X76.12 Y201.45 E.04375
G1 X74.796 Y201.45 E.04482
G1 X73.882 Y200.536 E.04375
G1 X65.52 Y200.536 E.28304
G1 X64.606 Y201.45 E.04375
G1 X63.282 Y201.45 E.04482
G1 X62.368 Y200.536 E.04375
G1 X61.023 Y200.536 E.04553
G1 X61.023 Y201.45 E.03094
G1 X61.206 Y201.45 E.00619
G1 E-2 F2400
M204 S8000
G1 X65.179 Y194.275 F24000
G1 E2 F2400
M204 S5000
G1 F13200
G1 X67.622 Y194.275 E.08269
G1 X68.511 Y195.164 E.04256
G1 X70.892 Y195.164 E.08059
G1 X71.781 Y194.275 E.04256
G1 X79.136 Y194.275 E.24896
G1 X80.025 Y195.164 E.04256
G1 X82.406 Y195.164 E.08059
G1 X83.295 Y194.275 E.04256
G1 X90.65 Y194.275 E.24896
G1 X91.539 Y195.164 E.04256
G1 X93.92 Y195.164 E.08059
G1 X94.808 Y194.275 E.04253
G1 X102.164 Y194.275 E.24899
G1 X103.053 Y195.164 E.04256
G1 X105.433 Y195.164 E.08056
G1 X106.322 Y194.275 E.04256
G1 X113.678 Y194.275 E.24899
G1 X114.566 Y195.164 E.04253
G1 X116.947 Y195.164 E.08059
G1 X117.836 Y194.275 E.04256
G1 X125.191 Y194.275 E.24896
G1 X126.08 Y195.164 E.04256
G1 X128.461 Y195.164 E.08059
G1 X129.35 Y194.275 E.04256
G1 X136.705 Y194.275 E.24896
G1 X137.594 Y195.164 E.04256
G1 X139.975 Y195.164 E.08059
G1 X140.864 Y194.275 E.04256
G1 X148.219 Y194.275 E.24896
G1 X149.108 Y195.164 E.04256
G1 X151.489 Y195.164 E.08059
G1 X152.378 Y194.275 E.04256
G1 X154.821 Y194.275 E.08269
G1 E-2 F2400
M204 S8000
G1 X167.248 Y192.826 F24000
G1 E2 F2400
M204 S5000
;TYPE:Top solid infill
;WIDTH:0.400989
G1 F7200
G1 X166.685 Y192.262 E.02373
G1 X166.179 Y192.262 E.01507
G1 X167.088 Y193.171 E.03827
G1 X167.088 Y193.678 E.0151
G1 X165.672 Y192.262 E.05962
G1 X165.166 Y192.262 E.01507
G1 X167.088 Y194.184 E.08093
G1 X167.088 Y194.691 E.0151
G1 X164.66 Y192.262 E.10225
G1 X164.153 Y192.262 E.0151
G1 X167.088 Y195.197 E.12358
G1 X167.088 Y195.703 E.01507
G1 X163.647 Y192.262 E.14489
G1 X163.14 Y192.262 E.0151
G1 X167.088 Y196.21 E.16624
G1 X167.088 Y196.716 E.01507
G1 X162.634 Y192.262 E.18754
G1 X162.128 Y192.262 E.01507
G1 X167.088 Y197.222 E.20885
G1 X167.088 Y197.729 E.0151
G1 X161.621 Y192.262 E.23019
G1 X161.115 Y192.262 E.01507
G1 X167.088 Y198.235 E.2515
G1 X167.088 Y198.742 E.0151
G1 X160.608 Y192.262 E.27285
G1 X160.102 Y192.262 E.01507
G1 X167.088 Y199.248 E.29415
G1 X167.088 Y199.754 E.01507
G1 X159.596 Y192.262 E.31546
G1 X159.089 Y192.262 E.0151
G1 X167.088 Y200.261 E.33681
G1 X167.088 Y200.767 E.01507
G1 X158.583 Y192.262 E.35811
G1 X158.076 Y192.262 E.0151
G1 X167.088 Y201.274 E.37946
G1 X167.088 Y201.438 E.00488
G1 X166.745 Y201.438 E.01021
G1 X157.57 Y192.262 E.38635
G1 X157.064 Y192.262 E.01507
G1 X158.694 Y193.893 E.06865
G1 X159.154 Y193.893 E.0137
G1 X159.359 Y194.098 E.00863
G1 X159.359 Y194.558 E.0137
G1 X166.239 Y201.438 E.28969
G1 X165.733 Y201.438 E.01507
G1 X159.359 Y195.064 E.26838
G1 X159.359 Y195.341 E.00825
G1 X159.245 Y195.456 E.00482
G1 X165.226 Y201.438 E.25186
G1 X164.72 Y201.438 E.01507
G1 X158.828 Y195.546 E.24809
G1 X158.322 Y195.546 E.01507
G1 X164.213 Y201.438 E.24807
G1 X163.707 Y201.438 E.01507
G1 X157.816 Y195.546 E.24807
G1 X157.309 Y195.546 E.0151
G1 X163.201 Y201.438 E.24809
G1 X162.694 Y201.438 E.0151
G1 X156.803 Y195.546 E.24807
G1 X156.296 Y195.546 E.0151
G1 X162.188 Y201.438 E.24809
G1 X161.681 Y201.438 E.0151
G1 X155.79 Y195.546 E.24807
G1 X155.284 Y195.546 E.01507
G1 X161.175 Y201.438 E.24807
G1 X160.669 Y201.438 E.01507
G1 X154.777 Y195.546 E.24809
G1 X154.271 Y195.546 E.01507
G1 X158.878 Y200.154 E.194
G1 X159.154 Y200.154 E.00822
G1 X159.359 Y200.359 E.00863
G1 X159.359 Y200.635 E.00822
G1 X160.162 Y201.438 E.03381
G1 X159.855 Y201.438 E.00914
G1 X159.822 Y201.475 E.00148
G1 X159.693 Y201.475 E.00384
G1 X159.199 Y200.98 E.02082
M204 S8000
G1 X158.533 Y200.314 F24000
M204 S5000
G1 F7200
G1 X153.765 Y195.546 E.20076
G1 X153.258 Y195.546 E.0151
G1 X157.866 Y200.154 E.19403
G1 X157.359 Y200.154 E.0151
G1 X152.752 Y195.546 E.194
G1 X152.245 Y195.546 E.0151
G1 X156.853 Y200.154 E.19403
G1 X156.347 Y200.154 E.01507
G1 X151.739 Y195.546 E.19403
G1 X151.233 Y195.546 E.01507
G1 X155.84 Y200.154 E.194
G1 X155.334 Y200.154 E.01507
G1 X150.726 Y195.546 E.19403
G1 X150.22 Y195.546 E.01507
G1 X154.827 Y200.154 E.194
G1 X154.321 Y200.154 E.01507
G1 X149.713 Y195.546 E.19403
G1 X149.207 Y195.546 E.01507
G1 X153.815 Y200.154 E.19403
G1 X153.308 Y200.154 E.0151
G1 X148.701 Y195.546 E.194
G1 X148.194 Y195.546 E.0151
G1 X152.802 Y200.154 E.19403
G1 X152.295 Y200.154 E.0151
G1 X147.688 Y195.546 E.194
G1 X147.182 Y195.546 E.01507
G1 X151.789 Y200.154 E.194
G1 X151.283 Y200.154 E.01507
G1 X146.675 Y195.546 E.19403
G1 X146.169 Y195.546 E.01507
G1 X150.776 Y200.154 E.194
G1 X150.27 Y200.154 E.01507
G1 X145.662 Y195.546 E.19403
G1 X145.156 Y195.546 E.01507
G1 X149.764 Y200.154 E.19403
G1 X149.257 Y200.154 E.0151
G1 X144.65 Y195.546 E.194
G1 X144.143 Y195.546 E.0151
G1 X148.751 Y200.154 E.19403
G1 X148.244 Y200.154 E.0151
G1 X143.637 Y195.546 E.194
G1 X143.13 Y195.546 E.0151
G1 X147.738 Y200.154 E.19403
G1 X147.232 Y200.154 E.01507
G1 X142.624 Y195.546 E.19403
G1 X142.118 Y195.546 E.01507
G1 X146.725 Y200.154 E.194
G1 X146.219 Y200.154 E.01507
G1 X141.611 Y195.546 E.19403
G1 X141.105 Y195.546 E.01507
G1 X145.712 Y200.154 E.194
G1 X145.206 Y200.154 E.01507
G1 X140.598 Y195.546 E.19403
G1 X140.092 Y195.546 E.01507
G1 X144.7 Y200.154 E.19403
G1 X144.193 Y200.154 E.0151
G1 X139.586 Y195.546 E.194
G1 X139.079 Y195.546 E.0151
G1 X143.687 Y200.154 E.19403
G1 X143.181 Y200.154 E.01507
G1 X138.573 Y195.546 E.19403
G1 X138.067 Y195.546 E.01507
G1 X142.674 Y200.154 E.194
G1 X142.168 Y200.154 E.01507
G1 X137.56 Y195.546 E.19403
G1 X137.054 Y195.546 E.01507
G1 X141.661 Y200.154 E.194
G1 X141.155 Y200.154 E.01507
G1 X136.547 Y195.546 E.19403
G1 X136.041 Y195.546 E.01507
G1 X140.649 Y200.154 E.19403
G1 X140.142 Y200.154 E.0151
G1 X135.535 Y195.546 E.194
G1 X135.028 Y195.546 E.0151
G1 X139.636 Y200.154 E.19403
G1 X139.129 Y200.154 E.0151
G1 X134.522 Y195.546 E.194
G1 X134.015 Y195.546 E.0151
G1 X138.623 Y200.154 E.19403
G1 X138.117 Y200.154 E.01507
G1 X133.509 Y195.546 E.19403
G1 X133.003 Y195.546 E.01507
G1 X137.61 Y200.154 E.194
G1 X137.104 Y200.154 E.01507
G1 X132.496 Y195.546 E.19403
G1 X131.99 Y195.546 E.01507
G1 X136.597 Y200.154 E.194
G1 X136.091 Y200.154 E.01507
G1 X131.484 Y195.546 E.194
G1 X130.977 Y195.546 E.0151
G1 X135.585 Y200.154 E.19403
G1 X135.078 Y200.154 E.0151
G1 X130.471 Y195.546 E.194
G1 X129.964 Y195.546 E.0151
G1 X134.572 Y200.154 E.19403
G1 X134.066 Y200.154 E.01507
G1 X129.458 Y195.546 E.19403
G1 X128.952 Y195.546 E.01507
G1 X133.559 Y200.154 E.194
G1 X133.053 Y200.154 E.01507
G1 X128.445 Y195.546 E.19403
G1 X127.939 Y195.546 E.01507
G1 X132.546 Y200.154 E.194
G1 X132.04 Y200.154 E.01507
G1 X127.432 Y195.546 E.19403
G1 X126.926 Y195.546 E.01507
G1 X131.534 Y200.154 E.19403
G1 X131.027 Y200.154 E.0151
G1 X126.42 Y195.546 E.194
G1 X125.913 Y195.546 E.0151
G1 X130.521 Y200.154 E.19403
G1 X130.014 Y200.154 E.0151
G1 X125.407 Y195.546 E.194
G1 X124.901 Y195.546 E.01507
G1 X129.508 Y200.154 E.194
G1 X129.002 Y200.154 E.01507
G1 X124.394 Y195.546 E.19403
G1 X123.888 Y195.546 E.01507
G1 X128.495 Y200.154 E.194
G1 X127.989 Y200.154 E.01507
G1 X123.381 Y195.546 E.19403
G1 X122.875 Y195.546 E.01507
G1 X127.483 Y200.154 E.19403
G1 X126.976 Y200.154 E.0151
G1 X122.369 Y195.546 E.194
G1 X121.862 Y195.546 E.0151
G1 X126.47 Y200.154 E.19403
G1 X125.963 Y200.154 E.0151
G1 X121.356 Y195.546 E.194
G1 X120.849 Y195.546 E.0151
G1 X125.457 Y200.154 E.19403
G1 X124.951 Y200.154 E.01507
G1 X120.343 Y195.546 E.19403
G1 X119.837 Y195.546 E.01507
G1 X124.444 Y200.154 E.194
G1 X123.938 Y200.154 E.01507
G1 X119.33 Y195.546 E.19403
G1 X118.824 Y195.546 E.01507
G1 X123.431 Y200.154 E.194
G1 X122.925 Y200.154 E.01507
G1 X118.318 Y195.546 E.194
G1 X117.811 Y195.546 E.0151
G1 X122.419 Y200.154 E.19403
G1 X121.912 Y200.154 E.0151
G1 X117.305 Y195.546 E.194
G1 X116.798 Y195.546 E.0151
G1 X121.406 Y200.154 E.19403
G1 X120.9 Y200.154 E.01507
G1 X116.292 Y195.546 E.19403
G1 X115.786 Y195.546 E.01507
G1 X120.393 Y200.154 E.194
G1 X119.887 Y200.154 E.01507
G1 X115.279 Y195.546 E.19403
G1 X114.773 Y195.546 E.01507
G1 X119.38 Y200.154 E.194
G1 X118.874 Y200.154 E.01507
G1 X114.266 Y195.546 E.19403
G1 X113.76 Y195.546 E.01507
G1 X118.368 Y200.154 E.19403
G1 X117.861 Y200.154 E.0151
G1 X113.254 Y195.546 E.194
G1 X112.747 Y195.546 E.0151
G1 X117.355 Y200.154 E.19403
G1 X116.848 Y200.154 E.0151
G1 X112.241 Y195.546 E.194
G1 X111.734 Y195.546 E.0151
G1 X116.342 Y200.154 E.19403
G1 X115.836 Y200.154 E.01507
G1 X111.228 Y195.546 E.19403
G1 X110.722 Y195.546 E.01507
G1 X115.329 Y200.154 E.194
G1 X114.823 Y200.154 E.01507
G1 X110.215 Y195.546 E.19403
G1 X109.709 Y195.546 E.01507
G1 X114.317 Y200.154 E.19403
G1 X113.81 Y200.154 E.0151
G1 X109.203 Y195.546 E.194
G1 X108.696 Y195.546 E.0151
G1 X113.304 Y200.154 E.19403
G1 X112.797 Y200.154 E.0151
G1 X108.19 Y195.546 E.194
G1 X107.683 Y195.546 E.0151
G1 X112.291 Y200.154 E.19403
G1 X111.785 Y200.154 E.01507
G1 X107.177 Y195.546 E.19403
G1 X106.671 Y195.546 E.01507
G1 X111.278 Y200.154 E.194
G1 X110.772 Y200.154 E.01507
G1 X106.164 Y195.546 E.19403
G1 X105.658 Y195.546 E.01507
G1 X110.265 Y200.154 E.194
G1 X109.759 Y200.154 E.01507
G1 X105.151 Y195.546 E.19403
G1 X104.645 Y195.546 E.01507
G1 X109.253 Y200.154 E.19403
G1 X108.746 Y200.154 E.0151
G1 X104.139 Y195.546 E.194
G1 X103.632 Y195.546 E.0151
G1 X108.24 Y200.154 E.19403
G1 X107.733 Y200.154 E.0151
G1 X103.126 Y195.546 E.194
G1 X102.62 Y195.546 E.01507
G1 X107.227 Y200.154 E.194
G1 X106.721 Y200.154 E.01507
G1 X102.113 Y195.546 E.19403
G1 X101.607 Y195.546 E.01507
G1 X106.214 Y200.154 E.194
G1 X105.708 Y200.154 E.01507
G1 X101.1 Y195.546 E.19403
G1 X100.594 Y195.546 E.01507
G1 X105.202 Y200.154 E.19403
G1 X104.695 Y200.154 E.0151
G1 X100.088 Y195.546 E.194
G1 X99.581 Y195.546 E.0151
G1 X104.189 Y200.154 E.19403
G1 X103.682 Y200.154 E.0151
G1 X99.075 Y195.546 E.194
G1 X98.568 Y195.546 E.0151
G1 X103.176 Y200.154 E.19403
G1 X102.67 Y200.154 E.01507
G1 X98.062 Y195.546 E.19403
G1 X97.556 Y195.546 E.01507
G1 X102.163 Y200.154 E.194
G1 X101.657 Y200.154 E.01507
G1 X97.049 Y195.546 E.19403
G1 X96.543 Y195.546 E.01507
G1 X101.15 Y200.154 E.194
G1 X100.644 Y200.154 E.01507
G1 X96.037 Y195.546 E.194
G1 X95.53 Y195.546 E.0151
G1 X100.138 Y200.154 E.19403
G1 X99.631 Y200.154 E.0151
G1 X95.024 Y195.546 E.194
G1 X94.517 Y195.546 E.0151
G1 X99.125 Y200.154 E.19403
G1 X98.619 Y200.154 E.01507
G1 X94.011 Y195.546 E.19403
G1 X93.505 Y195.546 E.01507
G1 X98.112 Y200.154 E.194
G1 X97.606 Y200.154 E.01507
G1 X92.998 Y195.546 E.19403
G1 X92.492 Y195.546 E.01507
G1 X97.099 Y200.154 E.194
G1 X96.593 Y200.154 E.01507
G1 X91.985 Y195.546 E.19403
G1 X91.479 Y195.546 E.01507
G1 X96.087 Y200.154 E.19403
G1 X95.58 Y200.154 E.0151
G1 X90.973 Y195.546 E.194
G1 X90.466 Y195.546 E.0151
G1 X95.074 Y200.154 E.19403
G1 X94.567 Y200.154 E.0151
G1 X89.96 Y195.546 E.194
G1 X89.454 Y195.546 E.01507
G1 X94.061 Y200.154 E.194
G1 X93.555 Y200.154 E.01507
G1 X88.947 Y195.546 E.19403
G1 X88.441 Y195.546 E.01507
G1 X93.048 Y200.154 E.194
G1 X92.542 Y200.154 E.01507
G1 X87.934 Y195.546 E.19403
G1 X87.428 Y195.546 E.01507
G1 X92.036 Y200.154 E.19403
G1 X91.529 Y200.154 E.0151
G1 X86.922 Y195.546 E.194
G1 X86.415 Y195.546 E.0151
G1 X91.023 Y200.154 E.19403
G1 X90.516 Y200.154 E.0151
G1 X85.909 Y195.546 E.194
G1 X85.402 Y195.546 E.0151
G1 X90.01 Y200.154 E.19403
G1 X89.504 Y200.154 E.01507
G1 X84.896 Y195.546 E.19403
G1 X84.39 Y195.546 E.01507
G1 X88.997 Y200.154 E.194
G1 X88.491 Y200.154 E.01507
G1 X83.883 Y195.546 E.19403
G1 X83.377 Y195.546 E.01507
G1 X87.984 Y200.154 E.194
G1 X87.478 Y200.154 E.01507
G1 X82.87 Y195.546 E.19403
G1 X82.364 Y195.546 E.01507
G1 X86.972 Y200.154 E.19403
G1 X86.465 Y200.154 E.0151
G1 X81.858 Y195.546 E.194
G1 X81.351 Y195.546 E.0151
G1 X85.959 Y200.154 E.19403
G1 X85.453 Y200.154 E.01507
G1 X80.845 Y195.546 E.19403
G1 X80.339 Y195.546 E.01507
G1 X84.946 Y200.154 E.194
G1 X84.44 Y200.154 E.01507
G1 X79.832 Y195.546 E.19403
G1 X79.326 Y195.546 E.01507
G1 X83.933 Y200.154 E.194
G1 X83.427 Y200.154 E.01507
G1 X78.819 Y195.546 E.19403
G1 X78.313 Y195.546 E.01507
G1 X82.921 Y200.154 E.19403
G1 X82.414 Y200.154 E.0151
G1 X77.807 Y195.546 E.194
G1 X77.3 Y195.546 E.0151
G1 X81.908 Y200.154 E.19403
G1 X81.401 Y200.154 E.0151
G1 X76.794 Y195.546 E.194
G1 X76.287 Y195.546 E.0151
G1 X80.895 Y200.154 E.19403
G1 X80.389 Y200.154 E.01507
G1 X75.781 Y195.546 E.19403
G1 X75.275 Y195.546 E.01507
G1 X79.882 Y200.154 E.194
G1 X79.376 Y200.154 E.01507
G1 X74.768 Y195.546 E.19403
G1 X74.262 Y195.546 E.01507
G1 X78.869 Y200.154 E.194
G1 X78.363 Y200.154 E.01507
G1 X73.756 Y195.546 E.194
G1 X73.249 Y195.546 E.0151
G1 X77.857 Y200.154 E.19403
G1 X77.35 Y200.154 E.0151
G1 X72.743 Y195.546 E.194
G1 X72.236 Y195.546 E.0151
G1 X76.844 Y200.154 E.19403
G1 X76.338 Y200.154 E.01507
G1 X71.73 Y195.546 E.19403
G1 X71.224 Y195.546 E.01507
G1 X75.831 Y200.154 E.194
G1 X75.325 Y200.154 E.01507
G1 X70.717 Y195.546 E.19403
G1 X70.211 Y195.546 E.01507
G1 X74.818 Y200.154 E.194
G1 X74.312 Y200.154 E.01507
G1 X69.704 Y195.546 E.19403
G1 X69.198 Y195.546 E.01507
G1 X73.806 Y200.154 E.19403
G1 X73.299 Y200.154 E.0151
G1 X68.692 Y195.546 E.194
G1 X68.185 Y195.546 E.0151
G1 X72.793 Y200.154 E.19403
G1 X72.286 Y200.154 E.0151
G1 X67.679 Y195.546 E.194
G1 X67.173 Y195.546 E.01507
G1 X71.78 Y200.154 E.194
G1 X71.274 Y200.154 E.01507
G1 X66.666 Y195.546 E.19403
G1 X66.16 Y195.546 E.01507
G1 X70.767 Y200.154 E.194
G1 X70.261 Y200.154 E.01507
G1 X65.653 Y195.546 E.19403
G1 X65.147 Y195.546 E.01507
G1 X69.755 Y200.154 E.19403
G1 X69.248 Y200.154 E.0151
G1 X64.641 Y195.546 E.194
G1 X64.134 Y195.546 E.0151
G1 X68.742 Y200.154 E.19403
G1 X68.235 Y200.154 E.0151
G1 X63.628 Y195.546 E.194
G1 X63.121 Y195.546 E.0151
G1 X67.729 Y200.154 E.19403
G1 X67.223 Y200.154 E.01507
G1 X62.615 Y195.546 E.19403
G1 X62.109 Y195.546 E.01507
G1 X66.716 Y200.154 E.194
G1 X66.21 Y200.154 E.01507
G1 X61.442 Y195.386 E.20076
G1 E-2 F2400
M204 S8000
G1 X158.349 Y194.054 F24000
G1 E2 F2400
M204 S5000
G1 F7200
G1 X156.557 Y192.262 E.07545
G1 X156.051 Y192.262 E.01507
G1 X157.682 Y193.893 E.06868
G1 X157.175 Y193.893 E.0151
G1 X155.545 Y192.262 E.06865
G1 X155.038 Y192.262 E.0151
G1 X156.669 Y193.893 E.06868
G1 X156.162 Y193.893 E.0151
G1 X154.532 Y192.262 E.06865
G1 X154.025 Y192.262 E.0151
G1 X155.656 Y193.893 E.06868
G1 X155.15 Y193.893 E.01507
G1 X153.519 Y192.262 E.06868
G1 X153.013 Y192.262 E.01507
G1 X154.643 Y193.893 E.06865
G1 X154.137 Y193.893 E.01507
G1 X152.506 Y192.262 E.06868
G1 X152 Y192.262 E.01507
G1 X153.631 Y193.893 E.06868
G1 X153.124 Y193.893 E.0151
G1 X151.493 Y192.262 E.06868
G1 X150.987 Y192.262 E.01507
G1 X152.618 Y193.893 E.06868
G1 X152.111 Y193.893 E.0151
G1 X150.481 Y192.262 E.06865
G1 X149.974 Y192.262 E.0151
G1 X151.605 Y193.893 E.06868
G1 X151.099 Y193.893 E.01507
G1 X149.468 Y192.262 E.06868
G1 X148.962 Y192.262 E.01507
G1 X150.592 Y193.893 E.06865
G1 X150.086 Y193.893 E.01507
G1 X148.455 Y192.262 E.06868
G1 X147.949 Y192.262 E.01507
G1 X149.579 Y193.893 E.06865
G1 X149.073 Y193.893 E.01507
G1 X147.442 Y192.262 E.06868
G1 X146.936 Y192.262 E.01507
G1 X148.567 Y193.893 E.06868
G1 X148.06 Y193.893 E.0151
G1 X146.43 Y192.262 E.06865
G1 X145.923 Y192.262 E.0151
G1 X147.554 Y193.893 E.06868
G1 X147.048 Y193.893 E.01507
G1 X145.417 Y192.262 E.06868
G1 X144.91 Y192.262 E.0151
G1 X146.541 Y193.893 E.06868
G1 X146.035 Y193.893 E.01507
G1 X144.404 Y192.262 E.06868
G1 X143.898 Y192.262 E.01507
G1 X145.528 Y193.893 E.06865
G1 X145.022 Y193.893 E.01507
G1 X143.391 Y192.262 E.06868
G1 X142.885 Y192.262 E.01507
G1 X144.516 Y193.893 E.06868
G1 X144.009 Y193.893 E.0151
G1 X142.379 Y192.262 E.06865
G1 X141.872 Y192.262 E.0151
G1 X143.503 Y193.893 E.06868
G1 X142.996 Y193.893 E.0151
G1 X141.366 Y192.262 E.06865
G1 X140.859 Y192.262 E.0151
G1 X142.49 Y193.893 E.06868
G1 X141.984 Y193.893 E.01507
G1 X140.353 Y192.262 E.06868
G1 X139.847 Y192.262 E.01507
G1 X141.477 Y193.893 E.06865
G1 X140.971 Y193.893 E.01507
G1 X139.34 Y192.262 E.06868
G1 X138.834 Y192.262 E.01507
G1 X140.465 Y193.893 E.06868
G1 X139.958 Y193.893 E.0151
G1 X138.327 Y192.262 E.06868
G1 X137.821 Y192.262 E.01507
G1 X139.452 Y193.893 E.06868
G1 X138.945 Y193.893 E.0151
G1 X137.315 Y192.262 E.06865
G1 X136.808 Y192.262 E.0151
G1 X138.439 Y193.893 E.06868
G1 X137.933 Y193.893 E.01507
G1 X136.302 Y192.262 E.06868
G1 X135.796 Y192.262 E.01507
G1 X137.426 Y193.893 E.06865
G1 X136.92 Y193.893 E.01507
G1 X135.289 Y192.262 E.06868
G1 X134.783 Y192.262 E.01507
G1 X136.413 Y193.893 E.06865
G1 X135.907 Y193.893 E.01507
G1 X134.276 Y192.262 E.06868
G1 X133.77 Y192.262 E.01507
G1 X135.401 Y193.893 E.06868
G1 X134.894 Y193.893 E.0151
G1 X133.264 Y192.262 E.06865
G1 X132.757 Y192.262 E.0151
G1 X134.388 Y193.893 E.06868
G1 X133.882 Y193.893 E.01507
G1 X132.251 Y192.262 E.06868
G1 X131.744 Y192.262 E.0151
G1 X133.375 Y193.893 E.06868
G1 X132.869 Y193.893 E.01507
G1 X131.238 Y192.262 E.06868
G1 X130.732 Y192.262 E.01507
G1 X132.362 Y193.893 E.06865
G1 X131.856 Y193.893 E.01507
G1 X130.225 Y192.262 E.06868
G1 X129.719 Y192.262 E.01507
G1 X131.35 Y193.893 E.06868
G1 X130.843 Y193.893 E.0151
G1 X129.212 Y192.262 E.06868
G1 X128.706 Y192.262 E.01507
G1 X130.337 Y193.893 E.06868
G1 X129.83 Y193.893 E.0151
G1 X128.2 Y192.262 E.06865
G1 X127.693 Y192.262 E.0151
G1 X129.324 Y193.893 E.06868
G1 X128.818 Y193.893 E.01507
G1 X127.187 Y192.262 E.06868
G1 X126.681 Y192.262 E.01507
G1 X128.311 Y193.893 E.06865
G1 X127.805 Y193.893 E.01507
G1 X126.174 Y192.262 E.06868
G1 X125.668 Y192.262 E.01507
G1 X127.298 Y193.893 E.06865
G1 X126.792 Y193.893 E.01507
G1 X125.161 Y192.262 E.06868
G1 X124.655 Y192.262 E.01507
G1 X126.286 Y193.893 E.06868
G1 X125.779 Y193.893 E.0151
G1 X124.149 Y192.262 E.06865
G1 X123.642 Y192.262 E.0151
G1 X125.273 Y193.893 E.06868
G1 X124.767 Y193.893 E.01507
G1 X123.136 Y192.262 E.06868
G1 X122.629 Y192.262 E.0151
G1 X124.26 Y193.893 E.06868
G1 X123.754 Y193.893 E.01507
G1 X122.123 Y192.262 E.06868
G1 X121.617 Y192.262 E.01507
G1 X123.247 Y193.893 E.06865
G1 X122.741 Y193.893 E.01507
G1 X121.11 Y192.262 E.06868
G1 X120.604 Y192.262 E.01507
G1 X122.235 Y193.893 E.06868
G1 X121.728 Y193.893 E.0151
G1 X120.098 Y192.262 E.06865
G1 X119.591 Y192.262 E.0151
G1 X121.222 Y193.893 E.06868
G1 X120.715 Y193.893 E.0151
G1 X119.085 Y192.262 E.06865
G1 X118.578 Y192.262 E.0151
G1 X120.209 Y193.893 E.06868
G1 X119.703 Y193.893 E.01507
G1 X118.072 Y192.262 E.06868
G1 X117.566 Y192.262 E.01507
G1 X119.196 Y193.893 E.06865
G1 X118.69 Y193.893 E.01507
G1 X117.059 Y192.262 E.06868
G1 X116.553 Y192.262 E.01507
G1 X118.184 Y193.893 E.06868
G1 X117.677 Y193.893 E.0151
G1 X116.046 Y192.262 E.06868
G1 X115.54 Y192.262 E.01507
G1 X117.171 Y193.893 E.06868
G1 X116.664 Y193.893 E.0151
G1 X115.034 Y192.262 E.06865
G1 X114.527 Y192.262 E.0151
G1 X116.158 Y193.893 E.06868
G1 X115.652 Y193.893 E.01507
G1 X114.021 Y192.262 E.06868
G1 X113.515 Y192.262 E.01507
G1 X115.145 Y193.893 E.06865
G1 X114.639 Y193.893 E.01507
G1 X113.008 Y192.262 E.06868
G1 X112.502 Y192.262 E.01507
G1 X114.132 Y193.893 E.06865
G1 X113.626 Y193.893 E.01507
G1 X111.995 Y192.262 E.06868
G1 X111.489 Y192.262 E.01507
G1 X113.12 Y193.893 E.06868
G1 X112.613 Y193.893 E.0151
G1 X110.983 Y192.262 E.06865
G1 X110.476 Y192.262 E.0151
G1 X112.107 Y193.893 E.06868
G1 X111.601 Y193.893 E.01507
G1 X109.97 Y192.262 E.06868
G1 X109.463 Y192.262 E.0151
G1 X111.094 Y193.893 E.06868
G1 X110.588 Y193.893 E.01507
G1 X108.957 Y192.262 E.06868
G1 X108.451 Y192.262 E.01507
G1 X110.081 Y193.893 E.06865
G1 X109.575 Y193.893 E.01507
G1 X107.944 Y192.262 E.06868
G1 X107.438 Y192.262 E.01507
G1 X109.069 Y193.893 E.06868
G1 X108.562 Y193.893 E.0151
G1 X106.932 Y192.262 E.06865
G1 X106.425 Y192.262 E.0151
G1 X108.056 Y193.893 E.06868
G1 X107.549 Y193.893 E.0151
G1 X105.919 Y192.262 E.06865
G1 X105.412 Y192.262 E.0151
G1 X107.043 Y193.893 E.06868
G1 X106.537 Y193.893 E.01507
G1 X104.906 Y192.262 E.06868
G1 X104.4 Y192.262 E.01507
G1 X106.03 Y193.893 E.06865
G1 X105.524 Y193.893 E.01507
G1 X103.893 Y192.262 E.06868
G1 X103.387 Y192.262 E.01507
G1 X105.018 Y193.893 E.06868
G1 X104.511 Y193.893 E.0151
G1 X102.88 Y192.262 E.06868
G1 X102.374 Y192.262 E.01507
G1 X104.005 Y193.893 E.06868
G1 X103.498 Y193.893 E.0151
G1 X101.868 Y192.262 E.06865
G1 X101.361 Y192.262 E.0151
G1 X102.992 Y193.893 E.06868
G1 X102.486 Y193.893 E.01507
G1 X100.855 Y192.262 E.06868
G1 X100.348 Y192.262 E.0151
G1 X101.979 Y193.893 E.06868
G1 X101.473 Y193.893 E.01507
G1 X99.842 Y192.262 E.06868
G1 X99.336 Y192.262 E.01507
G1 X100.966 Y193.893 E.06865
G1 X100.46 Y193.893 E.01507
G1 X98.829 Y192.262 E.06868
G1 X98.323 Y192.262 E.01507
G1 X99.954 Y193.893 E.06868
G1 X99.447 Y193.893 E.0151
G1 X97.817 Y192.262 E.06865
G1 X97.31 Y192.262 E.0151
G1 X98.941 Y193.893 E.06868
G1 X98.434 Y193.893 E.0151
G1 X96.804 Y192.262 E.06865
G1 X96.297 Y192.262 E.0151
G1 X97.928 Y193.893 E.06868
G1 X97.422 Y193.893 E.01507
G1 X95.791 Y192.262 E.06868
G1 X95.285 Y192.262 E.01507
G1 X96.915 Y193.893 E.06865
G1 X96.409 Y193.893 E.01507
G1 X94.778 Y192.262 E.06868
G1 X94.272 Y192.262 E.01507
G1 X95.903 Y193.893 E.06868
G1 X95.396 Y193.893 E.0151
G1 X93.765 Y192.262 E.06868
G1 X93.259 Y192.262 E.01507
G1 X94.89 Y193.893 E.06868
G1 X94.383 Y193.893 E.0151
G1 X92.753 Y192.262 E.06865
G1 X92.246 Y192.262 E.0151
G1 X93.877 Y193.893 E.06868
G1 X93.371 Y193.893 E.01507
G1 X91.74 Y192.262 E.06868
G1 X91.234 Y192.262 E.01507
G1 X92.864 Y193.893 E.06865
G1 X92.358 Y193.893 E.01507
G1 X90.727 Y192.262 E.06868
G1 X90.221 Y192.262 E.01507
G1 X91.851 Y193.893 E.06865
G1 X91.345 Y193.893 E.01507
G1 X89.714 Y192.262 E.06868
G1 X89.208 Y192.262 E.01507
G1 X90.839 Y193.893 E.06868
G1 X90.332 Y193.893 E.0151
G1 X88.702 Y192.262 E.06865
G1 X88.195 Y192.262 E.0151
G1 X89.826 Y193.893 E.06868
G1 X89.32 Y193.893 E.01507
G1 X87.689 Y192.262 E.06868
G1 X87.182 Y192.262 E.0151
G1 X88.813 Y193.893 E.06868
G1 X88.307 Y193.893 E.01507
G1 X86.676 Y192.262 E.06868
G1 X86.17 Y192.262 E.01507
G1 X87.8 Y193.893 E.06865
G1 X87.294 Y193.893 E.01507
G1 X85.663 Y192.262 E.06868
G1 X85.157 Y192.262 E.01507
G1 X86.788 Y193.893 E.06868
G1 X86.281 Y193.893 E.0151
G1 X84.651 Y192.262 E.06865
G1 X84.144 Y192.262 E.0151
G1 X85.775 Y193.893 E.06868
G1 X85.268 Y193.893 E.0151
G1 X83.638 Y192.262 E.06865
G1 X83.131 Y192.262 E.0151
G1 X84.762 Y193.893 E.06868
G1 X84.256 Y193.893 E.01507
G1 X82.625 Y192.262 E.06868
G1 X82.119 Y192.262 E.01507
G1 X83.749 Y193.893 E.06865
G1 X83.243 Y193.893 E.01507
G1 X81.612 Y192.262 E.06868
G1 X81.106 Y192.262 E.01507
G1 X82.737 Y193.893 E.06868
G1 X82.23 Y193.893 E.0151
G1 X80.599 Y192.262 E.06868
G1 X80.093 Y192.262 E.01507
G1 X81.724 Y193.893 E.06868
G1 X81.217 Y193.893 E.0151
G1 X79.587 Y192.262 E.06865
G1 X79.08 Y192.262 E.0151
G1 X80.711 Y193.893 E.06868
G1 X80.205 Y193.893 E.01507
G1 X78.574 Y192.262 E.06868
G1 X78.067 Y192.262 E.0151
G1 X79.698 Y193.893 E.06868
G1 X79.192 Y193.893 E.01507
G1 X77.561 Y192.262 E.06868
G1 X77.055 Y192.262 E.01507
G1 X78.685 Y193.893 E.06865
G1 X78.179 Y193.893 E.01507
G1 X76.548 Y192.262 E.06868
G1 X76.042 Y192.262 E.01507
G1 X77.673 Y193.893 E.06868
G1 X77.166 Y193.893 E.0151
G1 X75.536 Y192.262 E.06865
G1 X75.029 Y192.262 E.0151
G1 X76.66 Y193.893 E.06868
G1 X76.154 Y193.893 E.01507
G1 X74.523 Y192.262 E.06868
G1 X74.016 Y192.262 E.0151
G1 X75.647 Y193.893 E.06868
G1 X75.141 Y193.893 E.01507
G1 X73.51 Y192.262 E.06868
G1 X73.004 Y192.262 E.01507
G1 X74.634 Y193.893 E.06865
G1 X74.128 Y193.893 E.01507
G1 X72.497 Y192.262 E.06868
G1 X71.991 Y192.262 E.01507
G1 X73.622 Y193.893 E.06868
G1 X73.115 Y193.893 E.0151
G1 X71.484 Y192.262 E.06868
G1 X70.978 Y192.262 E.01507
G1 X72.609 Y193.893 E.06868
G1 X72.102 Y193.893 E.0151
G1 X70.472 Y192.262 E.06865
G1 X69.965 Y192.262 E.0151
G1 X71.596 Y193.893 E.06868
G1 X71.09 Y193.893 E.01507
G1 X69.459 Y192.262 E.06868
G1 X68.953 Y192.262 E.01507
G1 X70.583 Y193.893 E.06865
G1 X70.077 Y193.893 E.01507
G1 X68.446 Y192.262 E.06868
G1 X67.94 Y192.262 E.01507
G1 X69.57 Y193.893 E.06865
G1 X69.064 Y193.893 E.01507
G1 X67.433 Y192.262 E.06868
G1 X66.927 Y192.262 E.01507
G1 X68.558 Y193.893 E.06868
G1 X68.051 Y193.893 E.0151
G1 X66.421 Y192.262 E.06865
G1 X65.914 Y192.262 E.0151
G1 X67.545 Y193.893 E.06868
G1 X67.039 Y193.893 E.01507
G1 X65.408 Y192.262 E.06868
G1 X64.901 Y192.262 E.0151
G1 X66.532 Y193.893 E.06868
G1 X66.026 Y193.893 E.01507
G1 X64.395 Y192.262 E.06868
G1 X63.889 Y192.262 E.01507
G1 X65.519 Y193.893 E.06865
G1 X65.013 Y193.893 E.01507
G1 X63.382 Y192.262 E.06868
G1 X62.876 Y192.262 E.01507
G1 X64.507 Y193.893 E.06868
G1 X64 Y193.893 E.0151
G1 X62.37 Y192.262 E.06865
G1 X61.863 Y192.262 E.0151
G1 X63.494 Y193.893 E.06868
G1 X62.987 Y193.893 E.0151
G1 X61.357 Y192.262 E.06865
G1 X60.85 Y192.262 E.0151
G1 X62.481 Y193.893 E.06868
G1 X61.975 Y193.893 E.01507
G1 X60.344 Y192.262 E.06868
G1 X59.838 Y192.262 E.01507
G1 X61.468 Y193.893 E.06865
G1 X60.962 Y193.893 E.01507
G1 X59.331 Y192.262 E.06868
G1 X58.825 Y192.262 E.01507
G1 X60.651 Y194.088 E.07689
G1 X60.641 Y194.585 E.0148
G1 X58.318 Y192.262 E.09781
G1 X57.812 Y192.262 E.01507
G1 X60.641 Y195.091 E.11912
G1 X60.641 Y195.341 E.00744
G1 X60.846 Y195.546 E.00863
G1 X61.096 Y195.546 E.00744
G1 X65.703 Y200.154 E.194
G1 X65.197 Y200.154 E.01507
G1 X57.306 Y192.262 E.33228
G1 X56.799 Y192.262 E.0151
G1 X64.691 Y200.154 E.3323
G1 X64.184 Y200.154 E.0151
G1 X56.293 Y192.262 E.33228
G1 X55.787 Y192.262 E.01507
G1 X63.678 Y200.154 E.33228
G1 X63.172 Y200.154 E.01507
G1 X55.28 Y192.262 E.3323
G1 X54.774 Y192.262 E.01507
G1 X62.665 Y200.154 E.33228
G1 X62.159 Y200.154 E.01507
G1 X54.267 Y192.262 E.3323
G1 X53.761 Y192.262 E.01507
G1 X61.652 Y200.154 E.33228
G1 X61.146 Y200.154 E.01507
G1 X53.255 Y192.262 E.33228
G1 X52.912 Y192.262 E.01021
G1 X52.912 Y192.427 E.00491
G1 X60.743 Y200.257 E.32971
G1 X60.641 Y200.359 E.00429
G1 X60.641 Y200.661 E.00899
G1 X52.912 Y192.933 E.32542
G1 X52.912 Y193.439 E.01507
G1 X60.641 Y201.168 E.32544
G1 X60.641 Y201.475 E.00914
G1 X60.441 Y201.475 E.00595
G1 X52.912 Y193.946 E.31702
G1 X52.912 Y194.452 E.01507
G1 X59.898 Y201.438 E.29415
G1 X59.392 Y201.438 E.01507
G1 X52.912 Y194.959 E.27283
G1 X52.912 Y195.465 E.01507
G1 X58.885 Y201.438 E.2515
G1 X58.379 Y201.438 E.01507
G1 X52.912 Y195.971 E.23019
G1 X52.912 Y196.478 E.0151
G1 X57.872 Y201.438 E.20885
G1 X57.366 Y201.438 E.01507
G1 X52.912 Y196.984 E.18754
G1 X52.912 Y197.49 E.01507
G1 X56.86 Y201.438 E.16624
G1 X56.353 Y201.438 E.0151
G1 X52.912 Y197.997 E.14489
G1 X52.912 Y198.503 E.01507
G1 X55.847 Y201.438 E.12358
G1 X55.34 Y201.438 E.0151
G1 X52.912 Y199.01 E.10223
G1 X52.912 Y199.516 E.01507
G1 X54.834 Y201.438 E.08093
G1 X54.328 Y201.438 E.01507
G1 X52.912 Y200.022 E.05962
G1 X52.912 Y200.529 E.0151
G1 X53.821 Y201.438 E.03827
G1 X53.315 Y201.438 E.01507
G1 X52.752 Y200.874 E.02373
G1 E-2 F2400
M204 S8000
G1 X84.632 Y17.982 F24000
G1 E2 F2400
M204 S4000
;TYPE:Perimeter
;WIDTH:0.449999
G1 F10800
G1 X135.368 Y17.982 E1.71735
G1 X135.368 Y24.718 E.22801
G1 X84.632 Y24.718 E1.71735
G1 X84.632 Y18.042 E.22597
M204 S5000
M204 S8000
G1 X84.225 Y17.575 F24000
M204 S4000
;TYPE:External perimeter
G1 F7200
G1 X135.775 Y17.575 E1.7449
G1 X135.775 Y25.125 E.25556
G1 X84.225 Y25.125 E1.7449
G1 X84.225 Y17.635 E.25353
M204 S5000
G1 X84.621 Y17.576 F24000
G1 E-2 F2400
M204 S8000
G1 X84.937 Y22.366 F24000
G1 E2 F2400
M204 S5000
;TYPE:Internal infill
;WIDTH:0.45
G1 F13200
G1 X84.937 Y19.923 E.08269
G1 X86.573 Y18.287 E.07831
G1 X87.371 Y18.287 E.02701
G1 X93.496 Y24.413 E.29322
G1 X91.962 Y24.413 E.05192
G1 X98.087 Y18.287 E.29322
G1 X98.885 Y18.287 E.02701
G1 X105.01 Y24.413 E.29322
G1 X103.476 Y24.413 E.05192
G1 X109.601 Y18.287 E.29322
G1 X110.399 Y18.287 E.02701
G1 X116.524 Y24.413 E.29322
G1 X114.99 Y24.413 E.05192
G1 X121.115 Y18.287 E.29322
G1 X121.913 Y18.287 E.02701
G1 X128.038 Y24.413 E.29322
G1 X126.504 Y24.413 E.05192
G1 X132.629 Y18.287 E.29322
G1 X133.427 Y18.287 E.02701
G1 X135.063 Y19.923 E.07831
G1 X135.063 Y22.366 E.08269
M106 S232.05
;LAYER_CHANGE
;Z:3.6
;HEIGHT:0.2
G1 E-2 F2400
G1 Z3.6 F24000
M204 S8000
G1 X84.632 Y17.982
G1 E2 F2400
M204 S4000
;TYPE:Perimeter
;WIDTH:0.449999
G1 F10800
G1 X135.368 Y17.982 E1.71735
G1 X135.368 Y24.718 E.22801
G1 X84.632 Y24.718 E1.71735
G1 X84.632 Y18.042 E.22597
M204 S5000
M204 S8000
G1 X84.225 Y17.575 F24000
M204 S4000
;TYPE:External perimeter
G1 F7200
G1 X135.775 Y17.575 E1.7449
G1 X135.775 Y25.125 E.25556
G1 X84.225 Y25.125 E1.7449
G1 X84.225 Y17.635 E.25353
M204 S5000
G1 X84.621 Y17.576 F24000
G1 E-2 F2400
M204 S8000
G1 X85.344 Y21.959 F24000
G1 E2 F2400
M204 S5000
;TYPE:Internal infill
;WIDTH:0.45
G1 F13200
G1 X85.344 Y19.516 E.08269
G1 X86.166 Y18.694 E.03935
G1 X87.778 Y18.694 E.05456
G1 X93.089 Y24.006 E.25426
G1 X92.369 Y24.006 E.02437
G1 X97.68 Y18.694 E.25426
G1 X99.292 Y18.694 E.05456
G1 X104.603 Y24.006 E.25426
G1 X103.883 Y24.006 E.02437
G1 X109.194 Y18.694 E.25426
G1 X110.806 Y18.694 E.05456
G1 X116.117 Y24.006 E.25426
G1 X115.397 Y24.006 E.02437
G1 X120.708 Y18.694 E.25426
G1 X122.32 Y18.694 E.05456
G1 X127.631 Y24.006 E.25426
G1 X126.911 Y24.006 E.02437
G1 X132.222 Y18.694 E.25426
G1 X133.834 Y18.694 E.05456
G1 X134.656 Y19.516 E.03935
G1 X134.656 Y21.958 E.08266
G1 E-2 F2400
M204 S8000
G1 X134.859 Y18.287 F24000
G1 E2 F2400
M204 S5000
;TYPE:Solid infill
;WIDTH:0.484953
G1 F9600
G1 X134.943 Y18.305 E.00316
;WIDTH:0.519878
G1 X135.028 Y18.322 E.00344
G1 X135.045 Y18.407 E.00344
;WIDTH:0.484953
G1 X135.063 Y18.491 E.00316
;WIDTH:0.450028
G1 X135.063 Y24.209 E.19356
;WIDTH:0.484953
G1 X135.045 Y24.293 E.00316
;WIDTH:0.519878
G1 X135.028 Y24.378 E.00344
G1 X134.958 Y24.395 E.00286
;WIDTH:0.484953
G1 X134.888 Y24.413 E.00266
;WIDTH:0.450028
G1 X85.141 Y24.413 E1.68399
;WIDTH:0.484954
G1 X85.057 Y24.395 E.00316
;WIDTH:0.51988
G1 X84.972 Y24.378 E.00344
G1 X84.955 Y24.293 E.00344
;WIDTH:0.484954
G1 X84.937 Y24.209 E.00316
;WIDTH:0.450028
G1 X84.937 Y18.491 E.19356
;WIDTH:0.484953
G1 X84.955 Y18.407 E.00316
;WIDTH:0.519878
G1 X84.972 Y18.322 E.00344
G1 X85.057 Y18.305 E.00344
;WIDTH:0.484954
G1 X85.141 Y18.287 E.00316
;WIDTH:0.45003
G1 X134.656 Y18.287 E1.67615
G1 E-2 F2400
M204 S8000
G1 X159.368 Y195.838 F24000
G1 E2 F2400
M204 S4000
;TYPE:Perimeter
;WIDTH:0.449999
G1 F10800
G1 X60.632 Y195.838 E3.34209
G1 X60.632 Y193.884 E.06614
G1 X159.368 Y193.884 E3.34209
G1 X159.368 Y195.778 E.06411
M204 S5000
M204 S8000
G1 X159.775 Y196.245 F24000
M204 S4000
;TYPE:External perimeter
G1 F7200
G1 X60.225 Y196.245 E3.36964
G1 X60.225 Y193.477 E.09369
G1 X159.775 Y193.477 E3.36964
G1 X159.775 Y196.185 E.09166
M204 S5000
G1 X159.379 Y196.244 F24000
G1 E-2 F2400
M204 S8000
G1 X154.906 Y194.19 F24000
G1 E2 F2400
M204 S5000
;TYPE:Internal infill
;WIDTH:0.45
G1 F13200
G1 X152.464 Y194.19 E.08266
G1 X151.59 Y195.064 E.04184
G1 X149.008 Y195.064 E.0874
G1 X148.134 Y194.19 E.04184
G1 X140.95 Y194.19 E.24317
G1 X140.076 Y195.064 E.04184
G1 X137.494 Y195.064 E.0874
G1 X136.62 Y194.19 E.04184
G1 X129.436 Y194.19 E.24317
G1 X128.562 Y195.064 E.04184
G1 X125.98 Y195.064 E.0874
G1 X125.106 Y194.19 E.04184
G1 X117.922 Y194.19 E.24317
G1 X117.048 Y195.064 E.04184
G1 X114.466 Y195.064 E.0874
G1 X113.592 Y194.19 E.04184
G1 X106.408 Y194.19 E.24317
G1 X105.534 Y195.064 E.04184
G1 X102.952 Y195.064 E.0874
G1 X102.078 Y194.19 E.04184
G1 X94.894 Y194.19 E.24317
G1 X94.02 Y195.064 E.04184
G1 X91.438 Y195.064 E.0874
G1 X90.564 Y194.19 E.04184
G1 X83.38 Y194.19 E.24317
G1 X82.506 Y195.064 E.04184
G1 X79.924 Y195.064 E.0874
G1 X79.05 Y194.19 E.04184
G1 X71.866 Y194.19 E.24317
G1 X70.992 Y195.064 E.04184
G1 X68.41 Y195.064 E.0874
G1 X67.536 Y194.19 E.04184
G1 X65.094 Y194.19 E.08266
G1 E-2 F2400
M204 S8000
G1 X60.968 Y195.502 F24000
G1 E2 F2400
M204 S5000
;TYPE:Solid infill
;WIDTH:0.511584
G1 F9600
G1 X159.032 Y195.502 E3.82151
G1 E-2 F2400
M204 S8000
G1 X159.368 Y199.862 F24000
G1 E2 F2400
M204 S4000
;TYPE:Perimeter
;WIDTH:0.449999
G1 F10800
G1 X159.368 Y201.816 E.06614
G1 X60.632 Y201.816 E3.34209
G1 X60.632 Y199.862 E.06614
G1 X159.308 Y199.862 E3.34006
M204 S5000
M204 S8000
G1 X159.775 Y199.455 F24000
M204 S4000
;TYPE:External perimeter
G1 F7200
G1 X159.775 Y202.223 E.09369
G1 X60.225 Y202.223 E3.36964
G1 X60.225 Y199.455 E.09369
G1 X159.715 Y199.455 E3.36761
M204 S5000
G1 X159.774 Y199.851 F24000
M204 S8000
G1 X159.026 Y201.51
M204 S5000
;TYPE:Internal infill
;WIDTH:0.45
G1 F13200
G1 X159.063 Y200.636 E.02961
G1 X157.531 Y200.636 E.05186
G1 X156.657 Y201.51 E.04184
G1 X155.455 Y201.51 E.04069
G1 X154.58 Y200.636 E.04186
G1 X146.017 Y200.636 E.28985
G1 X145.143 Y201.51 E.04184
G1 X143.941 Y201.51 E.04069
G1 X143.066 Y200.636 E.04186
G1 X134.503 Y200.636 E.28985
G1 X133.629 Y201.51 E.04184
G1 X132.427 Y201.51 E.04069
G1 X131.552 Y200.636 E.04186
G1 X122.989 Y200.636 E.28985
G1 X122.115 Y201.51 E.04184
G1 X120.913 Y201.51 E.04069
G1 X120.038 Y200.636 E.04186
G1 X111.475 Y200.636 E.28985
G1 X110.601 Y201.51 E.04184
G1 X109.399 Y201.51 E.04069
G1 X108.524 Y200.636 E.04186
G1 X99.962 Y200.636 E.28981
G1 X99.087 Y201.51 E.04186
G1 X97.885 Y201.51 E.04069
G1 X97.011 Y200.636 E.04184
G1 X88.448 Y200.636 E.28985
G1 X87.573 Y201.51 E.04186
G1 X86.371 Y201.51 E.04069
G1 X85.497 Y200.636 E.04184
G1 X76.934 Y200.636 E.28985
G1 X76.059 Y201.51 E.04186
G1 X74.857 Y201.51 E.04069
G1 X73.983 Y200.636 E.04184
G1 X65.42 Y200.636 E.28985
G1 X64.545 Y201.51 E.04186
G1 X63.343 Y201.51 E.04069
G1 X62.469 Y200.636 E.04184
G1 X60.937 Y200.636 E.05186
G1 X60.974 Y201.51 E.02961
M204 S8000
G1 X60.968 Y200.198 F24000
M204 S5000
;TYPE:Solid infill
;WIDTH:0.511576
G1 F9600
G1 X159.032 Y200.198 E3.82145
M106 S191.25
;LAYER_CHANGE
;Z:3.8
;HEIGHT:0.2
G1 E-2 F2400
G1 Z3.8 F24000
M204 S8000
G1 X84.632 Y17.982
G1 E2 F2400
M204 S4000
;TYPE:Perimeter
;WIDTH:0.449999
G1 F10800
G1 X135.368 Y17.982 E1.71735
G1 X135.368 Y24.718 E.22801
G1 X84.632 Y24.718 E1.71735
G1 X84.632 Y18.042 E.22597
M204 S5000
M204 S8000
G1 X84.225 Y17.575 F24000
M204 S4000
;TYPE:External perimeter
G1 F7200
G1 X135.775 Y17.575 E1.7449
G1 X135.775 Y25.125 E.25556
G1 X84.225 Y25.125 E1.7449
G1 X84.225 Y17.635 E.25353
M204 S5000
G1 X84.621 Y17.576 F24000
G1 E-2 F2400
M204 S8000
G1 X84.756 Y23.677 F24000
G1 E2 F2400
M204 S1500
;TYPE:Bridge infill
;WIDTH:0.403379
;HEIGHT:0.4
M106 S255
G1 F3000
G1 X85.471 Y24.391 E.05369
G1 X86.112 Y24.391 E.03406
G1 X84.959 Y23.238 E.08664
G1 X84.959 Y22.597 E.03406
G1 X86.753 Y24.391 E.1348
G1 X87.394 Y24.391 E.03406
G1 X84.959 Y21.956 E.18296
G1 X84.959 Y21.315 E.03406
G1 X88.035 Y24.391 E.23113
G1 X88.677 Y24.391 E.03411
G1 X84.959 Y20.673 E.27937
G1 X84.959 Y20.032 E.03406
G1 X89.318 Y24.391 E.32753
G1 X89.959 Y24.391 E.03406
G1 X84.959 Y19.391 E.3757
G1 X84.959 Y18.75 E.03406
G1 X90.6 Y24.391 E.42386
G1 X91.241 Y24.391 E.03406
G1 X85.159 Y18.309 E.457
G1 X85.8 Y18.309 E.03406
G1 X91.882 Y24.391 E.457
G1 X92.524 Y24.391 E.03411
G1 X86.441 Y18.309 E.45703
G1 X87.082 Y18.309 E.03406
G1 X93.165 Y24.391 E.45703
G1 X93.806 Y24.391 E.03406
G1 X87.724 Y18.309 E.457
G1 X88.365 Y18.309 E.03406
G1 X94.447 Y24.391 E.457
G1 X95.088 Y24.391 E.03406
G1 X89.006 Y18.309 E.457
G1 X89.647 Y18.309 E.03406
G1 X95.729 Y24.391 E.457
G1 X96.371 Y24.391 E.03411
G1 X90.288 Y18.309 E.45703
G1 X90.93 Y18.309 E.03411
G1 X97.012 Y24.391 E.457
G1 X97.653 Y24.391 E.03406
G1 X91.571 Y18.309 E.457
G1 X92.212 Y18.309 E.03406
G1 X98.294 Y24.391 E.457
G1 X98.935 Y24.391 E.03406
G1 X92.853 Y18.309 E.457
G1 X93.494 Y18.309 E.03406
G1 X99.577 Y24.391 E.45703
G1 X100.218 Y24.391 E.03406
G1 X94.135 Y18.309 E.45703
G1 X94.777 Y18.309 E.03411
G1 X100.859 Y24.391 E.457
G1 X101.5 Y24.391 E.03406
G1 X95.418 Y18.309 E.457
G1 X96.059 Y18.309 E.03406
G1 X102.141 Y24.391 E.457
G1 X102.782 Y24.391 E.03406
G1 X96.7 Y18.309 E.457
G1 X97.341 Y18.309 E.03406
G1 X103.424 Y24.391 E.45703
G1 X104.065 Y24.391 E.03406
G1 X97.982 Y18.309 E.45703
G1 X98.624 Y18.309 E.03411
G1 X104.706 Y24.391 E.457
G1 X105.347 Y24.391 E.03406
G1 X99.265 Y18.309 E.457
G1 X99.906 Y18.309 E.03406
G1 X105.988 Y24.391 E.457
G1 X106.629 Y24.391 E.03406
G1 X100.547 Y18.309 E.457
G1 X101.188 Y18.309 E.03406
G1 X107.271 Y24.391 E.45703
G1 X107.912 Y24.391 E.03406
G1 X101.829 Y18.309 E.45703
G1 X102.471 Y18.309 E.03411
G1 X108.553 Y24.391 E.457
G1 X109.194 Y24.391 E.03406
G1 X103.112 Y18.309 E.457
G1 X103.753 Y18.309 E.03406
G1 X109.835 Y24.391 E.457
G1 X110.476 Y24.391 E.03406
G1 X104.394 Y18.309 E.457
G1 X105.035 Y18.309 E.03406
G1 X111.118 Y24.391 E.45703
G1 X111.759 Y24.391 E.03406
G1 X105.677 Y18.309 E.457
G1 X106.318 Y18.309 E.03406
G1 X112.4 Y24.391 E.457
G1 X113.041 Y24.391 E.03406
G1 X106.959 Y18.309 E.457
G1 X107.6 Y18.309 E.03406
G1 X113.682 Y24.391 E.457
G1 X114.324 Y24.391 E.03411
G1 X108.241 Y18.309 E.45703
G1 X108.882 Y18.309 E.03406
G1 X114.965 Y24.391 E.45703
G1 X115.606 Y24.391 E.03406
G1 X109.524 Y18.309 E.457
G1 X110.165 Y18.309 E.03406
G1 X116.247 Y24.391 E.457
G1 X116.888 Y24.391 E.03406
G1 X110.806 Y18.309 E.457
G1 X111.447 Y18.309 E.03406
G1 X117.529 Y24.391 E.457
G1 X118.171 Y24.391 E.03411
G1 X112.088 Y18.309 E.45703
G1 X112.729 Y18.309 E.03406
G1 X118.812 Y24.391 E.45703
G1 X119.453 Y24.391 E.03406
G1 X113.371 Y18.309 E.457
G1 X114.012 Y18.309 E.03406
G1 X120.094 Y24.391 E.457
G1 X120.735 Y24.391 E.03406
G1 X114.653 Y18.309 E.457
G1 X115.294 Y18.309 E.03406
G1 X121.376 Y24.391 E.457
G1 X122.018 Y24.391 E.03411
G1 X115.935 Y18.309 E.45703
G1 X116.577 Y18.309 E.03411
G1 X122.659 Y24.391 E.457
G1 X123.3 Y24.391 E.03406
G1 X117.218 Y18.309 E.457
G1 X117.859 Y18.309 E.03406
G1 X123.941 Y24.391 E.457
G1 X124.582 Y24.391 E.03406
G1 X118.5 Y18.309 E.457
G1 X119.141 Y18.309 E.03406
G1 X125.224 Y24.391 E.45703
G1 X125.865 Y24.391 E.03406
G1 X119.782 Y18.309 E.45703
G1 X120.424 Y18.309 E.03411
G1 X126.506 Y24.391 E.457
G1 X127.147 Y24.391 E.03406
G1 X121.065 Y18.309 E.457
G1 X121.706 Y18.309 E.03406
G1 X127.788 Y24.391 E.457
G1 X128.429 Y24.391 E.03406
G1 X122.347 Y18.309 E.457
G1 X122.988 Y18.309 E.03406
G1 X129.071 Y24.391 E.45703
G1 X129.712 Y24.391 E.03406
G1 X123.629 Y18.309 E.45703
G1 X124.271 Y18.309 E.03411
G1 X130.353 Y24.391 E.457
G1 X130.994 Y24.391 E.03406
G1 X124.912 Y18.309 E.457
G1 X125.553 Y18.309 E.03406
G1 X131.635 Y24.391 E.457
G1 X132.276 Y24.391 E.03406
G1 X126.194 Y18.309 E.457
G1 X126.835 Y18.309 E.03406
G1 X132.918 Y24.391 E.45703
G1 X133.559 Y24.391 E.03406
G1 X127.476 Y18.309 E.45703
G1 X128.118 Y18.309 E.03411
G1 X134.2 Y24.391 E.457
G1 X134.841 Y24.391 E.03406
G1 X128.759 Y18.309 E.457
G1 X129.4 Y18.309 E.03406
G1 X135.041 Y23.95 E.42386
G1 X135.041 Y23.309 E.03406
G1 X130.041 Y18.309 E.3757
G1 X130.682 Y18.309 E.03406
G1 X135.041 Y22.668 E.32753
G1 X135.041 Y22.026 E.03411
G1 X131.324 Y18.309 E.27929
G1 X131.965 Y18.309 E.03406
G1 X135.041 Y21.385 E.23113
G1 X135.041 Y20.744 E.03406
G1 X132.606 Y18.309 E.18296
G1 X133.247 Y18.309 E.03406
G1 X135.041 Y20.103 E.1348
G1 X135.041 Y19.462 E.03406
G1 X133.888 Y18.309 E.08664
G1 X134.529 Y18.309 E.03406
G1 X135.244 Y19.023 E.05369
M106 S191.25
M204 S5000
G1 E-2 F2400
M204 S8000
G1 X159.368 Y195.674 F24000
G1 E2 F2400
M204 S4000
;TYPE:Perimeter
;WIDTH:0.449999
;HEIGHT:0.2
G1 F10800
G1 X60.632 Y195.674 E3.34209
G1 X60.632 Y193.824 E.06262
G1 X159.368 Y193.824 E3.34209
G1 X159.368 Y195.614 E.06059
M204 S5000
M204 S8000
G1 X159.775 Y196.081 F24000
M204 S4000
;TYPE:External perimeter
G1 F7200
G1 X60.225 Y196.081 E3.36964
G1 X60.225 Y193.417 E.09017
G1 X159.775 Y193.417 E3.36964
G1 X159.775 Y196.021 E.08814
M204 S5000
G1 X159.379 Y196.08 F24000
G1 E-2 F2400
M204 S8000
G1 X154.967 Y194.129 F24000
G1 E2 F2400
M204 S5000
;TYPE:Internal infill
;WIDTH:0.45
G1 F13200
G1 X152.524 Y194.129 E.08269
G1 X151.65 Y195.003 E.04184
G1 X148.947 Y195.003 E.09149
G1 X148.073 Y194.129 E.04184
G1 X141.01 Y194.129 E.23907
G1 X140.136 Y195.003 E.04184
G1 X137.434 Y195.003 E.09146
G1 X136.559 Y194.129 E.04186
G1 X129.496 Y194.129 E.23907
G1 X128.622 Y195.003 E.04184
G1 X125.92 Y195.003 E.09146
G1 X125.045 Y194.129 E.04186
G1 X117.982 Y194.129 E.23907
G1 X117.108 Y195.003 E.04184
G1 X114.406 Y195.003 E.09146
G1 X113.531 Y194.129 E.04186
G1 X106.469 Y194.129 E.23904
G1 X105.594 Y195.003 E.04186
G1 X102.892 Y195.003 E.09146
G1 X102.017 Y194.129 E.04186
G1 X94.955 Y194.129 E.23904
G1 X94.08 Y195.003 E.04186
G1 X91.378 Y195.003 E.09146
G1 X90.504 Y194.129 E.04184
G1 X83.441 Y194.129 E.23907
G1 X82.566 Y195.003 E.04186
G1 X79.864 Y195.003 E.09146
G1 X78.99 Y194.129 E.04184
G1 X71.927 Y194.129 E.23907
G1 X71.053 Y195.003 E.04184
G1 X68.35 Y195.003 E.09149
G1 X67.476 Y194.129 E.04184
G1 X65.033 Y194.129 E.08269
G1 E-2 F2400
M204 S8000
G1 X60.917 Y195.39 F24000
G1 E2 F2400
M204 S5000
;TYPE:Solid infill
;WIDTH:0.408356
G1 F9600
G1 X159.083 Y195.39 E2.98288
G1 E-2 F2400
M204 S8000
G1 X159.368 Y200.026 F24000
G1 E2 F2400
M204 S4000
;TYPE:Perimeter
;WIDTH:0.449999
G1 F10800
G1 X159.368 Y201.876 E.06262
G1 X60.632 Y201.876 E3.34209
G1 X60.632 Y200.026 E.06262
G1 X159.308 Y200.026 E3.34006
M204 S5000
M204 S8000
G1 X159.775 Y199.619 F24000
M204 S4000
;TYPE:External perimeter
G1 F7200
G1 X159.775 Y202.283 E.09017
G1 X60.225 Y202.283 E3.36964
G1 X60.225 Y199.619 E.09017
G1 X159.715 Y199.619 E3.36761
M204 S5000
G1 X159.774 Y200.015 F24000
M204 S8000
G1 X159.063 Y201.547
M204 S5000
;TYPE:Internal infill
;WIDTH:0.45
G1 F13200
G1 X159.063 Y200.697 E.02877
G1 X157.471 Y200.697 E.05389
G1 X156.596 Y201.571 E.04186
G1 X155.515 Y201.571 E.03659
G1 X154.641 Y200.697 E.04184
G1 X145.957 Y200.697 E.29394
G1 X145.083 Y201.571 E.04184
G1 X144.001 Y201.571 E.03662
G1 X143.127 Y200.697 E.04184
G1 X134.443 Y200.697 E.29394
G1 X133.569 Y201.571 E.04184
G1 X132.487 Y201.571 E.03662
G1 X131.613 Y200.697 E.04184
G1 X122.929 Y200.697 E.29394
G1 X122.055 Y201.571 E.04184
G1 X120.973 Y201.571 E.03662
G1 X120.099 Y200.697 E.04184
G1 X111.415 Y200.697 E.29394
G1 X110.541 Y201.571 E.04184
G1 X109.459 Y201.571 E.03662
G1 X108.585 Y200.697 E.04184
G1 X99.901 Y200.697 E.29394
G1 X99.027 Y201.571 E.04184
G1 X97.945 Y201.571 E.03662
G1 X97.071 Y200.697 E.04184
G1 X88.387 Y200.697 E.29394
G1 X87.513 Y201.571 E.04184
G1 X86.431 Y201.571 E.03662
G1 X85.557 Y200.697 E.04184
G1 X76.873 Y200.697 E.29394
G1 X75.999 Y201.571 E.04184
G1 X74.917 Y201.571 E.03662
G1 X74.043 Y200.697 E.04184
G1 X65.359 Y200.697 E.29394
G1 X64.485 Y201.571 E.04184
G1 X63.404 Y201.571 E.03659
G1 X62.529 Y200.697 E.04186
G1 X60.937 Y200.697 E.05389
G1 X60.937 Y201.547 E.02877
M204 S8000
G1 X60.917 Y200.31 F24000
M204 S5000
;TYPE:Solid infill
;WIDTH:0.408352
G1 F9600
G1 X159.083 Y200.31 E2.98285
M106 S198.9
;LAYER_CHANGE
;Z:4
;HEIGHT:0.2
G1 E-2 F2400
G1 Z4 F24000
M204 S8000
G1 X161.598 Y201.797
G1 E2 F2400
M204 S5000
;TYPE:Support material interface
;WIDTH:0.4
;HEIGHT:0.4
G1 F4800
G1 X161.598 Y195.57 E.32533
G1 X161.519 Y195.491 E.00584
G1 X161.241 Y195.491 E.01452
G1 X161.241 Y201.648 E.32167
G1 X160.884 Y201.648 E.01865
G1 X160.884 Y195.491 E.32167
G1 X160.527 Y195.491 E.01865
G1 X160.527 Y201.648 E.32167
G1 X160.516 Y199.016 E.13751
G1 X160.17 Y198.714 E.02399
G1 X160.17 Y196.986 E.09028
G1 X159.812 Y196.986 E.0187
G1 X159.812 Y198.714 E.09028
G1 X159.455 Y198.714 E.01865
G1 X159.455 Y196.986 E.09028
G1 X159.098 Y196.986 E.01865
G1 X159.098 Y198.714 E.09028
G1 X158.741 Y198.714 E.01865
G1 X158.741 Y196.986 E.09028
G1 X158.384 Y196.986 E.01865
G1 X158.384 Y198.714 E.09028
G1 X158.027 Y198.714 E.01865
G1 X158.027 Y196.986 E.09028
G1 X157.67 Y196.986 E.01865
G1 X157.67 Y198.714 E.09028
G1 X157.313 Y198.714 E.01865
G1 X157.313 Y196.986 E.09028
G1 X156.956 Y196.986 E.01865
G1 X156.956 Y198.714 E.09028
G1 X156.599 Y198.714 E.01865
G1 X156.599 Y196.986 E.09028
G1 X156.242 Y196.986 E.01865
G1 X156.242 Y198.714 E.09028
G1 X155.885 Y198.714 E.01865
G1 X155.885 Y196.986 E.09028
G1 X155.528 Y196.986 E.01865
G1 X155.528 Y198.714 E.09028
G1 X155.17 Y198.714 E.0187
G1 X155.17 Y196.986 E.09028
G1 X154.813 Y196.986 E.01865
G1 X154.813 Y198.714 E.09028
G1 X154.456 Y198.714 E.01865
G1 X154.456 Y196.986 E.09028
G1 X154.099 Y196.986 E.01865
G1 X154.099 Y198.714 E.09028
G1 X153.742 Y198.714 E.01865
G1 X153.742 Y196.986 E.09028
G1 X153.385 Y196.986 E.01865
G1 X153.385 Y198.714 E.09028
G1 X153.028 Y198.714 E.01865
G1 X153.028 Y196.986 E.09028
G1 X152.671 Y196.986 E.01865
G1 X152.671 Y198.714 E.09028
G1 X152.314 Y198.714 E.01865
G1 X152.314 Y196.986 E.09028
G1 X151.957 Y196.986 E.01865
G1 X151.957 Y198.714 E.09028
G1 X151.6 Y198.714 E.01865
G1 X151.6 Y196.986 E.09028
G1 X151.243 Y196.986 E.01865
G1 X151.243 Y198.714 E.09028
G1 X150.885 Y198.714 E.0187
G1 X150.885 Y196.986 E.09028
G1 X150.528 Y196.986 E.01865
G1 X150.528 Y198.714 E.09028
G1 X150.171 Y198.714 E.01865
G1 X150.171 Y196.986 E.09028
G1 X149.814 Y196.986 E.01865
G1 X149.814 Y198.714 E.09028
G1 X149.457 Y198.714 E.01865
G1 X149.457 Y196.986 E.09028
G1 X149.1 Y196.986 E.01865
G1 X149.1 Y198.714 E.09028
G1 X148.743 Y198.714 E.01865
G1 X148.743 Y196.986 E.09028
G1 X148.386 Y196.986 E.01865
G1 X148.386 Y198.714 E.09028
G1 X148.029 Y198.714 E.01865
G1 X148.029 Y196.986 E.09028
G1 X147.672 Y196.986 E.01865
G1 X147.672 Y198.714 E.09028
G1 X147.315 Y198.714 E.01865
G1 X147.315 Y196.986 E.09028
G1 X146.958 Y196.986 E.01865
G1 X146.958 Y198.714 E.09028
G1 X146.601 Y198.714 E.01865
G1 X146.601 Y196.986 E.09028
G1 X146.243 Y196.986 E.0187
G1 X146.243 Y198.714 E.09028
G1 X145.886 Y198.714 E.01865
G1 X145.886 Y196.986 E.09028
G1 X145.529 Y196.986 E.01865
G1 X145.529 Y198.714 E.09028
G1 X145.172 Y198.714 E.01865
G1 X145.172 Y196.986 E.09028
G1 X144.815 Y196.986 E.01865
G1 X144.815 Y198.714 E.09028
G1 X144.458 Y198.714 E.01865
G1 X144.458 Y196.986 E.09028
G1 X144.101 Y196.986 E.01865
G1 X144.101 Y198.714 E.09028
G1 X143.744 Y198.714 E.01865
G1 X143.744 Y196.986 E.09028
G1 X143.387 Y196.986 E.01865
G1 X143.387 Y198.714 E.09028
G1 X143.03 Y198.714 E.01865
G1 X143.03 Y196.986 E.09028
G1 X142.673 Y196.986 E.01865
G1 X142.673 Y198.714 E.09028
G1 X142.316 Y198.714 E.01865
G1 X142.316 Y196.986 E.09028
G1 X141.959 Y196.986 E.01865
G1 X141.959 Y198.714 E.09028
G1 X141.601 Y198.714 E.0187
G1 X141.601 Y196.986 E.09028
G1 X141.244 Y196.986 E.01865
G1 X141.244 Y198.714 E.09028
G1 X140.887 Y198.714 E.01865
G1 X140.887 Y196.986 E.09028
G1 X140.53 Y196.986 E.01865
G1 X140.53 Y198.714 E.09028
G1 X140.173 Y198.714 E.01865
G1 X140.173 Y196.986 E.09028
G1 X139.816 Y196.986 E.01865
G1 X139.816 Y198.714 E.09028
G1 X139.459 Y198.714 E.01865
G1 X139.459 Y196.986 E.09028
G1 X139.102 Y196.986 E.01865
G1 X139.102 Y198.714 E.09028
G1 X138.745 Y198.714 E.01865
G1 X138.745 Y196.986 E.09028
G1 X138.388 Y196.986 E.01865
G1 X138.388 Y198.714 E.09028
G1 X138.031 Y198.714 E.01865
G1 X138.031 Y196.986 E.09028
G1 X137.674 Y196.986 E.01865
G1 X137.674 Y198.714 E.09028
G1 X137.316 Y198.714 E.0187
G1 X137.316 Y196.986 E.09028
G1 X136.959 Y196.986 E.01865
G1 X136.959 Y198.714 E.09028
G1 X136.602 Y198.714 E.01865
G1 X136.602 Y196.986 E.09028
G1 X136.245 Y196.986 E.01865
G1 X136.245 Y198.714 E.09028
G1 X135.888 Y198.714 E.01865
G1 X135.888 Y196.986 E.09028
G1 X135.531 Y196.986 E.01865
G1 X135.531 Y198.714 E.09028
G1 X135.174 Y198.714 E.01865
G1 X135.174 Y196.986 E.09028
G1 X134.817 Y196.986 E.01865
G1 X134.817 Y198.714 E.09028
G1 X134.46 Y198.714 E.01865
G1 X134.46 Y196.986 E.09028
G1 X134.103 Y196.986 E.01865
G1 X134.103 Y198.714 E.09028
G1 X133.746 Y198.714 E.01865
G1 X133.746 Y196.986 E.09028
G1 X133.389 Y196.986 E.01865
G1 X133.389 Y198.714 E.09028
G1 X133.032 Y198.714 E.01865
G1 X133.032 Y196.986 E.09028
G1 X132.674 Y196.986 E.0187
G1 X132.674 Y198.714 E.09028
G1 X132.317 Y198.714 E.01865
G1 X132.317 Y196.986 E.09028
G1 X131.96 Y196.986 E.01865
G1 X131.96 Y198.714 E.09028
G1 X131.603 Y198.714 E.01865
G1 X131.603 Y196.986 E.09028
G1 X131.246 Y196.986 E.01865
G1 X131.246 Y198.714 E.09028
G1 X130.889 Y198.714 E.01865
G1 X130.889 Y196.986 E.09028
G1 X130.532 Y196.986 E.01865
G1 X130.532 Y198.714 E.09028
G1 X130.175 Y198.714 E.01865
G1 X130.175 Y196.986 E.09028
G1 X129.818 Y196.986 E.01865
G1 X129.818 Y198.714 E.09028
G1 X129.461 Y198.714 E.01865
G1 X129.461 Y196.986 E.09028
G1 X129.104 Y196.986 E.01865
G1 X129.104 Y198.714 E.09028
G1 X128.747 Y198.714 E.01865
G1 X128.747 Y196.986 E.09028
G1 X128.39 Y196.986 E.01865
G1 X128.39 Y198.714 E.09028
G1 X128.032 Y198.714 E.0187
G1 X128.032 Y196.986 E.09028
G1 X127.675 Y196.986 E.01865
G1 X127.675 Y198.714 E.09028
G1 X127.318 Y198.714 E.01865
G1 X127.318 Y196.986 E.09028
G1 X126.961 Y196.986 E.01865
G1 X126.961 Y198.714 E.09028
G1 X126.604 Y198.714 E.01865
G1 X126.604 Y196.986 E.09028
G1 X126.247 Y196.986 E.01865
G1 X126.247 Y198.714 E.09028
G1 X125.89 Y198.714 E.01865
G1 X125.89 Y196.986 E.09028
G1 X125.533 Y196.986 E.01865
G1 X125.533 Y198.714 E.09028
G1 X125.176 Y198.714 E.01865
G1 X125.176 Y196.986 E.09028
G1 X124.819 Y196.986 E.01865
G1 X124.819 Y198.714 E.09028
G1 X124.462 Y198.714 E.01865
G1 X124.462 Y196.986 E.09028
G1 X124.105 Y196.986 E.01865
G1 X124.105 Y198.714 E.09028
G1 X123.747 Y198.714 E.0187
G1 X123.747 Y196.986 E.09028
G1 X123.39 Y196.986 E.01865
G1 X123.39 Y198.714 E.09028
G1 X123.033 Y198.714 E.01865
G1 X123.033 Y196.986 E.09028
G1 X122.676 Y196.986 E.01865
G1 X122.676 Y198.714 E.09028
G1 X122.319 Y198.714 E.01865
G1 X122.319 Y196.986 E.09028
G1 X121.962 Y196.986 E.01865
G1 X121.962 Y198.714 E.09028
G1 X121.605 Y198.714 E.01865
G1 X121.605 Y196.986 E.09028
G1 X121.248 Y196.986 E.01865
G1 X121.248 Y198.714 E.09028
G1 X120.891 Y198.714 E.01865
G1 X120.891 Y196.986 E.09028
G1 X120.534 Y196.986 E.01865
G1 X120.534 Y198.714 E.09028
G1 X120.177 Y198.714 E.01865
G1 X120.177 Y196.986 E.09028
G1 X119.82 Y196.986 E.01865
G1 X119.82 Y198.714 E.09028
G1 X119.463 Y198.714 E.01865
G1 X119.463 Y196.986 E.09028
G1 X119.105 Y196.986 E.0187
G1 X119.105 Y198.714 E.09028
G1 X118.748 Y198.714 E.01865
G1 X118.748 Y196.986 E.09028
G1 X118.391 Y196.986 E.01865
G1 X118.391 Y198.714 E.09028
G1 X118.034 Y198.714 E.01865
G1 X118.034 Y196.986 E.09028
G1 X117.677 Y196.986 E.01865
G1 X117.677 Y198.714 E.09028
G1 X117.32 Y198.714 E.01865
G1 X117.32 Y196.986 E.09028
G1 X116.963 Y196.986 E.01865
G1 X116.963 Y198.714 E.09028
G1 X116.606 Y198.714 E.01865
G1 X116.606 Y196.986 E.09028
G1 X116.249 Y196.986 E.01865
G1 X116.249 Y198.714 E.09028
G1 X115.892 Y198.714 E.01865
G1 X115.892 Y196.986 E.09028
G1 X115.535 Y196.986 E.01865
G1 X115.535 Y198.714 E.09028
G1 X115.178 Y198.714 E.01865
G1 X115.178 Y196.986 E.09028
G1 X114.821 Y196.986 E.01865
G1 X114.821 Y198.714 E.09028
G1 X114.463 Y198.714 E.0187
G1 X114.463 Y196.986 E.09028
G1 X114.106 Y196.986 E.01865
G1 X114.106 Y198.714 E.09028
G1 X113.749 Y198.714 E.01865
G1 X113.749 Y196.986 E.09028
G1 X113.392 Y196.986 E.01865
G1 X113.392 Y198.714 E.09028
G1 X113.035 Y198.714 E.01865
G1 X113.035 Y196.986 E.09028
G1 X112.678 Y196.986 E.01865
G1 X112.678 Y198.714 E.09028
G1 X112.321 Y198.714 E.01865
G1 X112.321 Y196.986 E.09028
G1 X111.964 Y196.986 E.01865
G1 X111.964 Y198.714 E.09028
G1 X111.607 Y198.714 E.01865
G1 X111.607 Y196.986 E.09028
G1 X111.25 Y196.986 E.01865
G1 X111.25 Y198.714 E.09028
G1 X110.893 Y198.714 E.01865
G1 X110.893 Y196.986 E.09028
G1 X110.536 Y196.986 E.01865
G1 X110.536 Y198.714 E.09028
G1 X110.178 Y198.714 E.0187
G1 X110.178 Y196.986 E.09028
G1 X109.821 Y196.986 E.01865
G1 X109.821 Y198.714 E.09028
G1 X109.464 Y198.714 E.01865
G1 X109.464 Y196.986 E.09028
G1 X109.107 Y196.986 E.01865
G1 X109.107 Y198.714 E.09028
G1 X108.75 Y198.714 E.01865
G1 X108.75 Y196.986 E.09028
G1 X108.393 Y196.986 E.01865
G1 X108.393 Y198.714 E.09028
G1 X108.036 Y198.714 E.01865
G1 X108.036 Y196.986 E.09028
G1 X107.679 Y196.986 E.01865
G1 X107.679 Y198.714 E.09028
G1 X107.322 Y198.714 E.01865
G1 X107.322 Y196.986 E.09028
G1 X106.965 Y196.986 E.01865
G1 X106.965 Y198.714 E.09028
G1 X106.608 Y198.714 E.01865
G1 X106.608 Y196.986 E.09028
G1 X106.251 Y196.986 E.01865
G1 X106.251 Y198.714 E.09028
G1 X105.894 Y198.714 E.01865
G1 X105.894 Y196.986 E.09028
G1 X105.536 Y196.986 E.0187
G1 X105.536 Y198.714 E.09028
G1 X105.179 Y198.714 E.01865
G1 X105.179 Y196.986 E.09028
G1 X104.822 Y196.986 E.01865
G1 X104.822 Y198.714 E.09028
G1 X104.465 Y198.714 E.01865
G1 X104.465 Y196.986 E.09028
G1 X104.108 Y196.986 E.01865
G1 X104.108 Y198.714 E.09028
G1 X103.751 Y198.714 E.01865
G1 X103.751 Y196.986 E.09028
G1 X103.394 Y196.986 E.01865
G1 X103.394 Y198.714 E.09028
G1 X103.037 Y198.714 E.01865
G1 X103.037 Y196.986 E.09028
G1 X102.68 Y196.986 E.01865
G1 X102.68 Y198.714 E.09028
G1 X102.323 Y198.714 E.01865
G1 X102.323 Y196.986 E.09028
G1 X101.966 Y196.986 E.01865
G1 X101.966 Y198.714 E.09028
G1 X101.609 Y198.714 E.01865
G1 X101.609 Y196.986 E.09028
G1 X101.252 Y196.986 E.01865
G1 X101.252 Y198.714 E.09028
G1 X100.894 Y198.714 E.0187
G1 X100.894 Y196.986 E.09028
G1 X100.537 Y196.986 E.01865
G1 X100.537 Y198.714 E.09028
G1 X100.18 Y198.714 E.01865
G1 X100.18 Y196.986 E.09028
G1 X99.823 Y196.986 E.01865
G1 X99.823 Y198.714 E.09028
G1 X99.466 Y198.714 E.01865
G1 X99.466 Y196.986 E.09028
G1 X99.109 Y196.986 E.01865
G1 X99.109 Y198.714 E.09028
G1 X98.752 Y198.714 E.01865
G1 X98.752 Y196.986 E.09028
G1 X98.395 Y196.986 E.01865
G1 X98.395 Y198.714 E.09028
G1 X98.038 Y198.714 E.01865
G1 X98.038 Y196.986 E.09028
G1 X97.681 Y196.986 E.01865
G1 X97.681 Y198.714 E.09028
G1 X97.324 Y198.714 E.01865
G1 X97.324 Y196.986 E.09028
G1 X96.967 Y196.986 E.01865
G1 X96.967 Y198.714 E.09028
G1 X96.609 Y198.714 E.0187
G1 X96.609 Y196.986 E.09028
G1 X96.252 Y196.986 E.01865
G1 X96.252 Y198.714 E.09028
G1 X95.895 Y198.714 E.01865
G1 X95.895 Y196.986 E.09028
G1 X95.538 Y196.986 E.01865
G1 X95.538 Y198.714 E.09028
G1 X95.181 Y198.714 E.01865
G1 X95.181 Y196.986 E.09028
G1 X94.824 Y196.986 E.01865
G1 X94.824 Y198.714 E.09028
G1 X94.467 Y198.714 E.01865
G1 X94.467 Y196.986 E.09028
G1 X94.11 Y196.986 E.01865
G1 X94.11 Y198.714 E.09028
G1 X93.753 Y198.714 E.01865
G1 X93.753 Y196.986 E.09028
G1 X93.396 Y196.986 E.01865
G1 X93.396 Y198.714 E.09028
G1 X93.039 Y198.714 E.01865
G1 X93.039 Y196.986 E.09028
G1 X92.682 Y196.986 E.01865
G1 X92.682 Y198.714 E.09028
G1 X92.325 Y198.714 E.01865
G1 X92.325 Y196.986 E.09028
G1 X91.967 Y196.986 E.0187
G1 X91.967 Y198.714 E.09028
G1 X91.61 Y198.714 E.01865
G1 X91.61 Y196.986 E.09028
G1 X91.253 Y196.986 E.01865
G1 X91.253 Y198.714 E.09028
G1 X90.896 Y198.714 E.01865
G1 X90.896 Y196.986 E.09028
G1 X90.539 Y196.986 E.01865
G1 X90.539 Y198.714 E.09028
G1 X90.182 Y198.714 E.01865
G1 X90.182 Y196.986 E.09028
G1 X89.825 Y196.986 E.01865
G1 X89.825 Y198.714 E.09028
G1 X89.468 Y198.714 E.01865
G1 X89.468 Y196.986 E.09028
G1 X89.111 Y196.986 E.01865
G1 X89.111 Y198.714 E.09028
G1 X88.754 Y198.714 E.01865
G1 X88.754 Y196.986 E.09028
G1 X88.397 Y196.986 E.01865
G1 X88.397 Y198.714 E.09028
G1 X88.04 Y198.714 E.01865
G1 X88.04 Y196.986 E.09028
G1 X87.683 Y196.986 E.01865
G1 X87.683 Y198.714 E.09028
G1 X87.325 Y198.714 E.0187
G1 X87.325 Y196.986 E.09028
G1 X86.968 Y196.986 E.01865
G1 X86.968 Y198.714 E.09028
G1 X86.611 Y198.714 E.01865
G1 X86.611 Y196.986 E.09028
G1 X86.254 Y196.986 E.01865
G1 X86.254 Y198.714 E.09028
G1 X85.897 Y198.714 E.01865
G1 X85.897 Y196.986 E.09028
G1 X85.54 Y196.986 E.01865
G1 X85.54 Y198.714 E.09028
G1 X85.183 Y198.714 E.01865
G1 X85.183 Y196.986 E.09028
G1 X84.826 Y196.986 E.01865
G1 X84.826 Y198.714 E.09028
G1 X84.469 Y198.714 E.01865
G1 X84.469 Y196.986 E.09028
G1 X84.112 Y196.986 E.01865
G1 X84.112 Y198.714 E.09028
G1 X83.755 Y198.714 E.01865
G1 X83.755 Y196.986 E.09028
G1 X83.398 Y196.986 E.01865
G1 X83.398 Y198.714 E.09028
G1 X83.04 Y198.714 E.0187
G1 X83.04 Y196.986 E.09028
G1 X82.683 Y196.986 E.01865
G1 X82.683 Y198.714 E.09028
G1 X82.326 Y198.714 E.01865
G1 X82.326 Y196.986 E.09028
G1 X81.969 Y196.986 E.01865
G1 X81.969 Y198.714 E.09028
G1 X81.612 Y198.714 E.01865
G1 X81.612 Y196.986 E.09028
G1 X81.255 Y196.986 E.01865
G1 X81.255 Y198.714 E.09028
G1 X80.898 Y198.714 E.01865
G1 X80.898 Y196.986 E.09028
G1 X80.541 Y196.986 E.01865
G1 X80.541 Y198.714 E.09028
G1 X80.184 Y198.714 E.01865
G1 X80.184 Y196.986 E.09028
G1 X79.827 Y196.986 E.01865
G1 X79.827 Y198.714 E.09028
G1 X79.47 Y198.714 E.01865
G1 X79.47 Y196.986 E.09028
G1 X79.113 Y196.986 E.01865
G1 X79.113 Y198.714 E.09028
G1 X78.756 Y198.714 E.01865
G1 X78.756 Y196.986 E.09028
G1 X78.398 Y196.986 E.0187
G1 X78.398 Y198.714 E.09028
G1 X78.041 Y198.714 E.01865
G1 X78.041 Y196.986 E.09028
G1 X77.684 Y196.986 E.01865
G1 X77.684 Y198.714 E.09028
G1 X77.327 Y198.714 E.01865
G1 X77.327 Y196.986 E.09028
G1 X76.97 Y196.986 E.01865
G1 X76.97 Y198.714 E.09028
G1 X76.613 Y198.714 E.01865
G1 X76.613 Y196.986 E.09028
G1 X76.256 Y196.986 E.01865
G1 X76.256 Y198.714 E.09028
G1 X75.899 Y198.714 E.01865
G1 X75.899 Y196.986 E.09028
G1 X75.542 Y196.986 E.01865
G1 X75.542 Y198.714 E.09028
G1 X75.185 Y198.714 E.01865
G1 X75.185 Y196.986 E.09028
G1 X74.828 Y196.986 E.01865
G1 X74.828 Y198.714 E.09028
G1 X74.471 Y198.714 E.01865
G1 X74.471 Y196.986 E.09028
G1 X74.114 Y196.986 E.01865
G1 X74.114 Y198.714 E.09028
G1 X73.756 Y198.714 E.0187
G1 X73.756 Y196.986 E.09028
G1 X73.399 Y196.986 E.01865
G1 X73.399 Y198.714 E.09028
G1 X73.042 Y198.714 E.01865
G1 X73.042 Y196.986 E.09028
G1 X72.685 Y196.986 E.01865
G1 X72.685 Y198.714 E.09028
G1 X72.328 Y198.714 E.01865
G1 X72.328 Y196.986 E.09028
G1 X71.971 Y196.986 E.01865
G1 X71.971 Y198.714 E.09028
G1 X71.614 Y198.714 E.01865
G1 X71.614 Y196.986 E.09028
G1 X71.257 Y196.986 E.01865
G1 X71.257 Y198.714 E.09028
G1 X70.9 Y198.714 E.01865
G1 X70.9 Y196.986 E.09028
G1 X70.543 Y196.986 E.01865
G1 X70.543 Y198.714 E.09028
G1 X70.186 Y198.714 E.01865
G1 X70.186 Y196.986 E.09028
G1 X69.829 Y196.986 E.01865
G1 X69.829 Y198.714 E.09028
G1 X69.471 Y198.714 E.0187
G1 X69.471 Y196.986 E.09028
G1 X69.114 Y196.986 E.01865
G1 X69.114 Y198.714 E.09028
G1 X68.757 Y198.714 E.01865
G1 X68.757 Y196.986 E.09028
G1 X68.4 Y196.986 E.01865
G1 X68.4 Y198.714 E.09028
G1 X68.043 Y198.714 E.01865
G1 X68.043 Y196.986 E.09028
G1 X67.686 Y196.986 E.01865
G1 X67.686 Y198.714 E.09028
G1 X67.329 Y198.714 E.01865
G1 X67.329 Y196.986 E.09028
G1 X66.972 Y196.986 E.01865
G1 X66.972 Y198.714 E.09028
G1 X66.615 Y198.714 E.01865
G1 X66.615 Y196.986 E.09028
G1 X66.258 Y196.986 E.01865
G1 X66.258 Y198.714 E.09028
G1 X65.901 Y198.714 E.01865
G1 X65.901 Y196.986 E.09028
G1 X65.544 Y196.986 E.01865
G1 X65.544 Y198.714 E.09028
G1 X65.187 Y198.714 E.01865
G1 X65.187 Y196.986 E.09028
G1 X64.829 Y196.986 E.0187
G1 X64.829 Y198.714 E.09028
G1 X64.472 Y198.714 E.01865
G1 X64.472 Y196.986 E.09028
G1 X64.115 Y196.986 E.01865
G1 X64.115 Y198.714 E.09028
G1 X63.758 Y198.714 E.01865
G1 X63.758 Y196.986 E.09028
G1 X63.401 Y196.986 E.01865
G1 X63.401 Y198.714 E.09028
G1 X63.044 Y198.714 E.01865
G1 X63.044 Y196.986 E.09028
G1 X62.687 Y196.986 E.01865
G1 X62.687 Y198.714 E.09028
G1 X62.33 Y198.714 E.01865
G1 X62.33 Y196.986 E.09028
G1 X61.973 Y196.986 E.01865
G1 X61.973 Y198.714 E.09028
G1 X61.616 Y198.714 E.01865
G1 X61.616 Y196.986 E.09028
G1 X61.259 Y196.986 E.01865
G1 X61.259 Y198.714 E.09028
G1 X60.902 Y198.714 E.01865
G1 X60.902 Y196.986 E.09028
G1 X60.545 Y196.986 E.01865
G1 X60.545 Y198.714 E.09028
G1 X60.187 Y198.714 E.0187
G1 X60.187 Y196.986 E.09028
G1 X59.83 Y196.986 E.01865
G1 X59.83 Y198.714 E.09028
G1 X59.484 Y199.016 E.02399
G1 X59.473 Y201.648 E.13751
G1 X59.473 Y195.491 E.32167
G1 X59.116 Y195.491 E.01865
G1 X59.116 Y201.648 E.32167
G1 X58.759 Y201.648 E.01865
G1 X58.759 Y195.491 E.32167
G1 X58.481 Y195.491 E.01452
G1 X58.402 Y195.57 E.00584
G1 X58.402 Y201.796 E.32528
G1 E-2 F2400
M204 S8000
G1 X84.632 Y17.982 F24000
G1 E2 F2400
M204 S4000
;TYPE:Perimeter
;WIDTH:0.449999
;HEIGHT:0.2
G1 F10800
G1 X135.368 Y17.982 E1.71735
G1 X135.368 Y24.718 E.22801
G1 X84.632 Y24.718 E1.71735
G1 X84.632 Y18.042 E.22597
M204 S5000
M204 S8000
G1 X84.225 Y17.575 F24000
M204 S4000
;TYPE:External perimeter
G1 F7200
G1 X135.775 Y17.575 E1.7449
G1 X135.775 Y25.125 E.25556
G1 X84.225 Y25.125 E1.7449
G1 X84.225 Y17.635 E.25353
M204 S5000
G1 X84.621 Y17.576 F24000
M204 S8000
G1 X85.048 Y18.32
M204 S5000
;TYPE:Solid infill
;WIDTH:0.548766
G1 F9600
G1 X85.003 Y18.276 E.00265
G1 X84.942 Y18.292 E.00265
G1 X84.926 Y18.353 E.00265
G1 X84.97 Y18.398 E.00265
G1 X85.031 Y18.381 E.00266
;WIDTH:0.449999
G1 X84.937 Y19.032 E.02226
G1 X85.682 Y18.287 E.03566
G1 X85.775 Y18.216 E.00396
;WIDTH:0.41646
G1 X85.868 Y18.144 E.00365
;WIDTH:0.38292
G1 X85.827 Y18.155 E.0012
G1 X85.808 Y18.084 E.00208
G1 X85.879 Y18.103 E.00208
;WIDTH:0.449999
G1 X86.257 Y18.287 E.01423
G1 X84.937 Y19.607 E.06319
G1 X84.937 Y20.183 E.0195
G1 X86.833 Y18.287 E.09076
G1 X87.409 Y18.287 E.0195
G1 X84.937 Y20.759 E.11833
G1 X84.937 Y21.334 E.01946
G1 X87.984 Y18.287 E.14586
G1 X88.56 Y18.287 E.0195
G1 X84.937 Y21.91 E.17343
G1 X84.937 Y22.486 E.0195
G1 X89.136 Y18.287 E.201
G1 X89.712 Y18.287 E.0195
G1 X84.937 Y23.062 E.22858
G1 X84.937 Y23.637 E.01946
G1 X90.287 Y18.287 E.2561
G1 X90.863 Y18.287 E.0195
G1 X84.937 Y24.213 E.28367
G1 X84.911 Y24.354 E.00485
;WIDTH:0.41646
G1 X84.884 Y24.496 E.00449
;WIDTH:0.38292
G1 X84.813 Y24.477 E.00208
G1 X84.832 Y24.548 E.00208
G1 X84.873 Y24.537 E.0012
;WIDTH:0.449999
G1 X85.313 Y24.413 E.01547
G1 X91.439 Y18.287 E.29325
G1 X92.014 Y18.287 E.01946
G1 X85.889 Y24.413 E.29322
G1 X86.465 Y24.413 E.0195
G1 X92.59 Y18.287 E.29322
G1 X93.166 Y18.287 E.0195
G1 X87.041 Y24.413 E.29322
G1 X87.616 Y24.413 E.01946
G1 X93.741 Y18.287 E.29322
G1 X94.317 Y18.287 E.0195
G1 X88.192 Y24.413 E.29322
G1 X88.768 Y24.413 E.0195
G1 X94.893 Y18.287 E.29322
G1 X95.469 Y18.287 E.0195
G1 X89.343 Y24.413 E.29325
G1 X89.919 Y24.413 E.0195
G1 X96.044 Y18.287 E.29322
G1 X96.62 Y18.287 E.0195
G1 X90.495 Y24.413 E.29322
G1 X91.07 Y24.413 E.01946
G1 X97.196 Y18.287 E.29325
G1 X97.771 Y18.287 E.01946
G1 X91.646 Y24.413 E.29322
G1 X92.222 Y24.413 E.0195
G1 X98.347 Y18.287 E.29322
G1 X98.923 Y18.287 E.0195
G1 X92.798 Y24.413 E.29322
G1 X93.373 Y24.413 E.01946
G1 X99.498 Y18.287 E.29322
G1 X100.074 Y18.287 E.0195
G1 X93.949 Y24.413 E.29322
G1 X94.525 Y24.413 E.0195
G1 X100.65 Y18.287 E.29322
G1 X101.226 Y18.287 E.0195
G1 X95.1 Y24.413 E.29325
G1 X95.676 Y24.413 E.0195
G1 X101.801 Y18.287 E.29322
G1 X102.377 Y18.287 E.0195
G1 X96.252 Y24.413 E.29322
G1 X96.827 Y24.413 E.01946
G1 X102.953 Y18.287 E.29325
G1 X103.528 Y18.287 E.01946
G1 X97.403 Y24.413 E.29322
G1 X97.979 Y24.413 E.0195
G1 X104.104 Y18.287 E.29322
G1 X104.68 Y18.287 E.0195
G1 X98.554 Y24.413 E.29325
G1 X99.13 Y24.413 E.0195
G1 X105.255 Y18.287 E.29322
G1 X105.831 Y18.287 E.0195
G1 X99.706 Y24.413 E.29322
G1 X100.282 Y24.413 E.0195
G1 X106.407 Y18.287 E.29322
G1 X106.982 Y18.287 E.01946
G1 X100.857 Y24.413 E.29322
G1 X101.433 Y24.413 E.0195
G1 X107.558 Y18.287 E.29322
G1 X108.134 Y18.287 E.0195
G1 X102.009 Y24.413 E.29322
G1 X102.584 Y24.413 E.01946
G1 X108.71 Y18.287 E.29325
G1 X109.285 Y18.287 E.01946
G1 X103.16 Y24.413 E.29322
G1 X103.736 Y24.413 E.0195
G1 X109.861 Y18.287 E.29322
G1 X110.437 Y18.287 E.0195
G1 X104.311 Y24.413 E.29325
G1 X104.887 Y24.413 E.0195
G1 X111.012 Y18.287 E.29322
G1 X111.588 Y18.287 E.0195
G1 X105.463 Y24.413 E.29322
G1 X106.039 Y24.413 E.0195
G1 X112.164 Y18.287 E.29322
G1 X112.739 Y18.287 E.01946
G1 X106.614 Y24.413 E.29322
G1 X107.19 Y24.413 E.0195
G1 X113.315 Y18.287 E.29322
G1 X113.891 Y18.287 E.0195
G1 X107.766 Y24.413 E.29322
G1 X108.341 Y24.413 E.01946
G1 X114.467 Y18.287 E.29325
G1 X115.042 Y18.287 E.01946
G1 X108.917 Y24.413 E.29322
G1 X109.493 Y24.413 E.0195
G1 X115.618 Y18.287 E.29322
G1 X116.194 Y18.287 E.0195
G1 X110.068 Y24.413 E.29325
G1 X110.644 Y24.413 E.0195
G1 X116.769 Y18.287 E.29322
G1 X117.345 Y18.287 E.0195
G1 X111.22 Y24.413 E.29322
G1 X111.795 Y24.413 E.01946
G1 X117.921 Y18.287 E.29325
G1 X118.496 Y18.287 E.01946
G1 X112.371 Y24.413 E.29322
G1 X112.947 Y24.413 E.0195
G1 X119.072 Y18.287 E.29322
G1 X119.648 Y18.287 E.0195
G1 X113.523 Y24.413 E.29322
G1 X114.098 Y24.413 E.01946
G1 X120.224 Y18.287 E.29325
G1 X120.799 Y18.287 E.01946
G1 X114.674 Y24.413 E.29322
G1 X115.25 Y24.413 E.0195
G1 X121.375 Y18.287 E.29322
G1 X121.951 Y18.287 E.0195
G1 X115.825 Y24.413 E.29325
G1 X116.401 Y24.413 E.0195
G1 X122.526 Y18.287 E.29322
G1 X123.102 Y18.287 E.0195
G1 X116.977 Y24.413 E.29322
G1 X117.552 Y24.413 E.01946
G1 X123.678 Y18.287 E.29325
G1 X124.253 Y18.287 E.01946
G1 X118.128 Y24.413 E.29322
G1 X118.704 Y24.413 E.0195
G1 X124.829 Y18.287 E.29322
G1 X125.405 Y18.287 E.0195
G1 X119.28 Y24.413 E.29322
G1 X119.855 Y24.413 E.01946
G1 X125.98 Y18.287 E.29322
G1 X126.556 Y18.287 E.0195
G1 X120.431 Y24.413 E.29322
G1 X121.007 Y24.413 E.0195
G1 X127.132 Y18.287 E.29322
G1 X127.708 Y18.287 E.0195
G1 X121.582 Y24.413 E.29325
G1 X122.158 Y24.413 E.0195
G1 X128.283 Y18.287 E.29322
G1 X128.859 Y18.287 E.0195
G1 X122.734 Y24.413 E.29322
G1 X123.309 Y24.413 E.01946
G1 X129.435 Y18.287 E.29325
G1 X130.01 Y18.287 E.01946
G1 X123.885 Y24.413 E.29322
G1 X124.461 Y24.413 E.0195
G1 X130.586 Y18.287 E.29322
G1 X131.162 Y18.287 E.0195
G1 X125.037 Y24.413 E.29322
G1 X125.612 Y24.413 E.01946
G1 X131.737 Y18.287 E.29322
G1 X132.313 Y18.287 E.0195
G1 X126.188 Y24.413 E.29322
G1 X126.764 Y24.413 E.0195
G1 X132.889 Y18.287 E.29322
G1 X133.465 Y18.287 E.0195
G1 X127.339 Y24.413 E.29325
G1 X127.915 Y24.413 E.0195
G1 X134.04 Y18.287 E.29322
G1 X134.616 Y18.287 E.0195
G1 X128.491 Y24.413 E.29322
G1 X129.066 Y24.413 E.01946
G1 X135.063 Y18.416 E.28707
G1 X135.135 Y18.309 E.00437
;WIDTH:0.41646
G1 X135.208 Y18.202 E.00402
;WIDTH:0.38292
G1 X135.167 Y18.213 E.0012
G1 X135.148 Y18.142 E.00208
G1 X135.219 Y18.161 E.00208
M204 S8000
G1 X135.063 Y18.992 F24000
M204 S5000
;WIDTH:0.449999
G1 F9600
G1 X129.642 Y24.413 E.2595
G1 X130.218 Y24.413 E.0195
G1 X135.063 Y19.568 E.23193
G1 X135.063 Y20.143 E.01946
G1 X130.793 Y24.413 E.2044
G1 X131.369 Y24.413 E.0195
G1 X135.063 Y20.719 E.17683
G1 X135.063 Y21.295 E.0195
G1 X131.945 Y24.413 E.14926
G1 X132.521 Y24.413 E.0195
G1 X135.063 Y21.871 E.12168
G1 X135.277 Y22.279 E.01559
;WIDTH:0.38292
G1 X135.206 Y22.26 E.00208
G1 X135.225 Y22.331 E.00208
G1 X135.266 Y22.32 E.0012
;WIDTH:0.41646
G1 X135.165 Y22.383 E.0037
;WIDTH:0.449999
G1 X135.063 Y22.446 E.00406
G1 X133.096 Y24.413 E.09416
G1 E-2 F2400
M204 S8000
G1 X134.919 Y23.166 F24000
G1 E2 F2400
M204 S5000
G1 F9600
G1 X133.672 Y24.413 E.05969
G1 X135.063 Y24.413 E.04708
G1 X135.063 Y23.022 E.04708
M204 S8000
G1 X134.705 Y23.992 F24000
M204 S5000
;WIDTH:0.450452
G1 F9600
G1 X134.668 Y23.956 E.00175
G1 X134.619 Y23.969 E.00172
G1 X134.606 Y24.018 E.00172
G1 X134.642 Y24.055 E.00175
G1 X134.691 Y24.041 E.00173
G1 E-2 F2400
M204 S8000
G1 X159.368 Y195.555 F24000
G1 E2 F2400
M204 S4000
;TYPE:Perimeter
;WIDTH:0.449999
G1 F10800
G1 X60.632 Y195.555 E3.34209
G1 X60.632 Y193.771 E.06039
G1 X159.368 Y193.771 E3.34209
G1 X159.368 Y195.495 E.05836
M204 S5000
M204 S8000
G1 X159.775 Y195.962 F24000
M204 S4000
;TYPE:External perimeter
G1 F7200
G1 X60.225 Y195.962 E3.36964
G1 X60.225 Y193.363 E.08797
G1 X159.775 Y193.363 E3.36964
G1 X159.775 Y195.902 E.08594
M204 S5000
G1 X159.379 Y195.961 F24000
G1 E-2 F2400
M204 S8000
G1 X155.02 Y194.076 F24000
G1 E2 F2400
M204 S5000
;TYPE:Internal infill
;WIDTH:0.45
G1 F13200
G1 X152.578 Y194.076 E.08266
G1 X151.404 Y195.25 E.0562
G1 X149.194 Y195.25 E.07481
G1 X148.02 Y194.076 E.0562
G1 X141.064 Y194.076 E.23545
G1 X139.89 Y195.25 E.0562
G1 X137.68 Y195.25 E.07481
G1 X136.506 Y194.076 E.0562
G1 X129.55 Y194.076 E.23545
G1 X128.376 Y195.25 E.0562
G1 X126.166 Y195.25 E.07481
G1 X124.992 Y194.076 E.0562
G1 X118.036 Y194.076 E.23545
G1 X116.862 Y195.25 E.0562
G1 X114.652 Y195.25 E.07481
G1 X113.478 Y194.076 E.0562
G1 X106.522 Y194.076 E.23545
G1 X105.348 Y195.25 E.0562
G1 X103.138 Y195.25 E.07481
G1 X101.964 Y194.076 E.0562
G1 X95.008 Y194.076 E.23545
G1 X93.834 Y195.25 E.0562
G1 X91.624 Y195.25 E.07481
G1 X90.45 Y194.076 E.0562
G1 X83.494 Y194.076 E.23545
G1 X82.32 Y195.25 E.0562
G1 X80.11 Y195.25 E.07481
G1 X78.936 Y194.076 E.0562
G1 X71.98 Y194.076 E.23545
G1 X70.806 Y195.25 E.0562
G1 X68.596 Y195.25 E.07481
G1 X67.422 Y194.076 E.0562
G1 X64.98 Y194.076 E.08266
G1 E-2 F2400
M204 S8000
G1 X159.368 Y200.145 F24000
G1 E2 F2400
M204 S4000
;TYPE:Perimeter
;WIDTH:0.449999
G1 F10800
G1 X159.368 Y201.929 E.06039
G1 X60.632 Y201.929 E3.34209
G1 X60.632 Y200.145 E.06039
G1 X159.308 Y200.145 E3.34006
M204 S5000
M204 S8000
G1 X159.775 Y199.738 F24000
M204 S4000
;TYPE:External perimeter
G1 F7200
G1 X159.775 Y202.337 E.08797
G1 X60.225 Y202.337 E3.36964
G1 X60.225 Y199.738 E.08797
G1 X159.715 Y199.738 E3.36761
M204 S5000
G1 X159.774 Y200.134 F24000
M204 S8000
G1 X159.063 Y201.547
M204 S5000
;TYPE:Internal infill
;WIDTH:0.45
G1 F13200
G1 X159.063 Y200.45 E.03713
G1 X157.717 Y200.45 E.04556
G1 X156.543 Y201.624 E.0562
G1 X155.568 Y201.624 E.033
G1 X154.395 Y200.45 E.05617
G1 X146.203 Y200.45 E.27729
G1 X145.029 Y201.624 E.0562
G1 X144.054 Y201.624 E.033
G1 X142.881 Y200.45 E.05617
G1 X134.689 Y200.45 E.27729
G1 X133.515 Y201.624 E.0562
G1 X132.54 Y201.624 E.033
G1 X131.367 Y200.45 E.05617
G1 X123.175 Y200.45 E.27729
G1 X122.001 Y201.624 E.0562
G1 X121.027 Y201.624 E.03297
G1 X119.853 Y200.45 E.0562
G1 X111.661 Y200.45 E.27729
G1 X110.487 Y201.624 E.0562
G1 X109.513 Y201.624 E.03297
G1 X108.339 Y200.45 E.0562
G1 X100.147 Y200.45 E.27729
G1 X98.973 Y201.624 E.0562
G1 X97.999 Y201.624 E.03297
G1 X96.825 Y200.45 E.0562
G1 X88.633 Y200.45 E.27729
G1 X87.46 Y201.624 E.05617
G1 X86.485 Y201.624 E.033
G1 X85.311 Y200.45 E.0562
G1 X77.119 Y200.45 E.27729
G1 X75.946 Y201.624 E.05617
G1 X74.971 Y201.624 E.033
G1 X73.797 Y200.45 E.0562
G1 X65.605 Y200.45 E.27729
G1 X64.432 Y201.624 E.05617
G1 X63.457 Y201.624 E.033
G1 X62.283 Y200.45 E.0562
G1 X60.937 Y200.45 E.04556
G1 X60.937 Y201.547 E.03713
;LAYER_CHANGE
;Z:4.2
;HEIGHT:0.2
G1 E-2 F2400
G1 Z4.2 F24000
M204 S8000
G1 X160.527 Y195.552
G1 E2 F2400
M204 S5000
;TYPE:Support material interface
;WIDTH:0.4
G1 F4800
G1 X160.527 Y201.427 E.17444
G1 X160.884 Y201.427 E.0106
G1 X160.884 Y195.712 E.16969
G1 X161.241 Y195.712 E.0106
G1 X161.241 Y201.587 E.17444
G1 E-2 F2400
M204 S8000
G1 X160.17 Y198.812 F24000
G1 E2 F2400
M204 S5000
G1 F4800
G1 X160.17 Y197.048 E.05238
G1 X159.812 Y197.048 E.01063
G1 X159.812 Y198.652 E.04762
G1 X159.455 Y198.652 E.0106
G1 X159.455 Y197.048 E.04762
G1 X159.098 Y197.048 E.0106
G1 X159.098 Y198.652 E.04762
G1 X158.741 Y198.652 E.0106
G1 X158.741 Y197.048 E.04762
G1 X158.384 Y197.048 E.0106
G1 X158.384 Y198.652 E.04762
G1 X158.027 Y198.652 E.0106
G1 X158.027 Y197.048 E.04762
G1 X157.67 Y197.048 E.0106
G1 X157.67 Y198.652 E.04762
G1 X157.313 Y198.652 E.0106
G1 X157.313 Y197.048 E.04762
G1 X156.956 Y197.048 E.0106
G1 X156.956 Y198.652 E.04762
G1 X156.599 Y198.652 E.0106
G1 X156.599 Y197.048 E.04762
G1 X156.242 Y197.048 E.0106
G1 X156.242 Y198.652 E.04762
G1 X155.885 Y198.652 E.0106
G1 X155.885 Y197.048 E.04762
G1 X155.528 Y197.048 E.0106
G1 X155.528 Y198.652 E.04762
G1 X155.17 Y198.652 E.01063
G1 X155.17 Y197.048 E.04762
G1 X154.813 Y197.048 E.0106
G1 X154.813 Y198.652 E.04762
G1 X154.456 Y198.652 E.0106
G1 X154.456 Y197.048 E.04762
G1 X154.099 Y197.048 E.0106
G1 X154.099 Y198.652 E.04762
G1 X153.742 Y198.652 E.0106
G1 X153.742 Y197.048 E.04762
G1 X153.385 Y197.048 E.0106
G1 X153.385 Y198.652 E.04762
G1 X153.028 Y198.652 E.0106
G1 X153.028 Y197.048 E.04762
G1 X152.671 Y197.048 E.0106
G1 X152.671 Y198.652 E.04762
G1 X152.314 Y198.652 E.0106
G1 X152.314 Y197.048 E.04762
G1 X151.957 Y197.048 E.0106
G1 X151.957 Y198.652 E.04762
G1 X151.6 Y198.652 E.0106
G1 X151.6 Y197.048 E.04762
G1 X151.243 Y197.048 E.0106
G1 X151.243 Y198.652 E.04762
G1 X150.885 Y198.652 E.01063
G1 X150.885 Y197.048 E.04762
G1 X150.528 Y197.048 E.0106
G1 X150.528 Y198.652 E.04762
G1 X150.171 Y198.652 E.0106
G1 X150.171 Y197.048 E.04762
G1 X149.814 Y197.048 E.0106
G1 X149.814 Y198.652 E.04762
G1 X149.457 Y198.652 E.0106
G1 X149.457 Y197.048 E.04762
G1 X149.1 Y197.048 E.0106
G1 X149.1 Y198.652 E.04762
G1 X148.743 Y198.652 E.0106
G1 X148.743 Y197.048 E.04762
G1 X148.386 Y197.048 E.0106
G1 X148.386 Y198.652 E.04762
G1 X148.029 Y198.652 E.0106
G1 X148.029 Y197.048 E.04762
G1 X147.672 Y197.048 E.0106
G1 X147.672 Y198.652 E.04762
G1 X147.315 Y198.652 E.0106
G1 X147.315 Y197.048 E.04762
G1 X146.958 Y197.048 E.0106
G1 X146.958 Y198.652 E.04762
G1 X146.601 Y198.652 E.0106
G1 X146.601 Y197.048 E.04762
G1 X146.243 Y197.048 E.01063
G1 X146.243 Y198.652 E.04762
G1 X145.886 Y198.652 E.0106
G1 X145.886 Y197.048 E.04762
G1 X145.529 Y197.048 E.0106
G1 X145.529 Y198.652 E.04762
G1 X145.172 Y198.652 E.0106
G1 X145.172 Y197.048 E.04762
G1 X144.815 Y197.048 E.0106
G1 X144.815 Y198.652 E.04762
G1 X144.458 Y198.652 E.0106
G1 X144.458 Y197.048 E.04762
G1 X144.101 Y197.048 E.0106
G1 X144.101 Y198.652 E.04762
G1 X143.744 Y198.652 E.0106
G1 X143.744 Y197.048 E.04762
G1 X143.387 Y197.048 E.0106
G1 X143.387 Y198.652 E.04762
G1 X143.03 Y198.652 E.0106
G1 X143.03 Y197.048 E.04762
G1 X142.673 Y197.048 E.0106
G1 X142.673 Y198.652 E.04762
G1 X142.316 Y198.652 E.0106
G1 X142.316 Y197.048 E.04762
G1 X141.959 Y197.048 E.0106
G1 X141.959 Y198.652 E.04762
G1 X141.601 Y198.652 E.01063
G1 X141.601 Y197.048 E.04762
G1 X141.244 Y197.048 E.0106
G1 X141.244 Y198.652 E.04762
G1 X140.887 Y198.652 E.0106
G1 X140.887 Y197.048 E.04762
G1 X140.53 Y197.048 E.0106
G1 X140.53 Y198.652 E.04762
G1 X140.173 Y198.652 E.0106
G1 X140.173 Y197.048 E.04762
G1 X139.816 Y197.048 E.0106
G1 X139.816 Y198.652 E.04762
G1 X139.459 Y198.652 E.0106
G1 X139.459 Y197.048 E.04762
G1 X139.102 Y197.048 E.0106
G1 X139.102 Y198.652 E.04762
G1 X138.745 Y198.652 E.0106
G1 X138.745 Y197.048 E.04762
G1 X138.388 Y197.048 E.0106
G1 X138.388 Y198.652 E.04762
G1 X138.031 Y198.652 E.0106
G1 X138.031 Y197.048 E.04762
G1 X137.674 Y197.048 E.0106
G1 X137.674 Y198.652 E.04762
G1 X137.316 Y198.652 E.01063
G1 X137.316 Y197.048 E.04762
G1 X136.959 Y197.048 E.0106
G1 X136.959 Y198.652 E.04762
G1 X136.602 Y198.652 E.0106
G1 X136.602 Y197.048 E.04762
G1 X136.245 Y197.048 E.0106
G1 X136.245 Y198.652 E.04762
G1 X135.888 Y198.652 E.0106
G1 X135.888 Y197.048 E.04762
G1 X135.531 Y197.048 E.0106
G1 X135.531 Y198.652 E.04762
G1 X135.174 Y198.652 E.0106
G1 X135.174 Y197.048 E.04762
G1 X134.817 Y197.048 E.0106
G1 X134.817 Y198.652 E.04762
G1 X134.46 Y198.652 E.0106
G1 X134.46 Y197.048 E.04762
G1 X134.103 Y197.048 E.0106
G1 X134.103 Y198.652 E.04762
G1 X133.746 Y198.652 E.0106
G1 X133.746 Y197.048 E.04762
G1 X133.389 Y197.048 E.0106
G1 X133.389 Y198.652 E.04762
G1 X133.032 Y198.652 E.0106
G1 X133.032 Y197.048 E.04762
G1 X132.674 Y197.048 E.01063
G1 X132.674 Y198.652 E.04762
G1 X132.317 Y198.652 E.0106
G1 X132.317 Y197.048 E.04762
G1 X131.96 Y197.048 E.0106
G1 X131.96 Y198.652 E.04762
G1 X131.603 Y198.652 E.0106
G1 X131.603 Y197.048 E.04762
G1 X131.246 Y197.048 E.0106
G1 X131.246 Y198.652 E.04762
G1 X130.889 Y198.652 E.0106
G1 X130.889 Y197.048 E.04762
G1 X130.532 Y197.048 E.0106
G1 X130.532 Y198.652 E.04762
G1 X130.175 Y198.652 E.0106
G1 X130.175 Y197.048 E.04762
G1 X129.818 Y197.048 E.0106
G1 X129.818 Y198.652 E.04762
G1 X129.461 Y198.652 E.0106
G1 X129.461 Y197.048 E.04762
G1 X129.104 Y197.048 E.0106
G1 X129.104 Y198.652 E.04762
G1 X128.747 Y198.652 E.0106
G1 X128.747 Y197.048 E.04762
G1 X128.39 Y197.048 E.0106
G1 X128.39 Y198.652 E.04762
G1 X128.032 Y198.652 E.01063
G1 X128.032 Y197.048 E.04762
G1 X127.675 Y197.048 E.0106
G1 X127.675 Y198.652 E.04762
G1 X127.318 Y198.652 E.0106
G1 X127.318 Y197.048 E.04762
G1 X126.961 Y197.048 E.0106
G1 X126.961 Y198.652 E.04762
G1 X126.604 Y198.652 E.0106
G1 X126.604 Y197.048 E.04762
G1 X126.247 Y197.048 E.0106
G1 X126.247 Y198.652 E.04762
G1 X125.89 Y198.652 E.0106
G1 X125.89 Y197.048 E.04762
G1 X125.533 Y197.048 E.0106
G1 X125.533 Y198.652 E.04762
G1 X125.176 Y198.652 E.0106
G1 X125.176 Y197.048 E.04762
G1 X124.819 Y197.048 E.0106
G1 X124.819 Y198.652 E.04762
G1 X124.462 Y198.652 E.0106
G1 X124.462 Y197.048 E.04762
G1 X124.105 Y197.048 E.0106
G1 X124.105 Y198.652 E.04762
G1 X123.747 Y198.652 E.01063
G1 X123.747 Y197.048 E.04762
G1 X123.39 Y197.048 E.0106
G1 X123.39 Y198.652 E.04762
G1 X123.033 Y198.652 E.0106
G1 X123.033 Y197.048 E.04762
G1 X122.676 Y197.048 E.0106
G1 X122.676 Y198.652 E.04762
G1 X122.319 Y198.652 E.0106
G1 X122.319 Y197.048 E.04762
G1 X121.962 Y197.048 E.0106
G1 X121.962 Y198.652 E.04762
G1 X121.605 Y198.652 E.0106
G1 X121.605 Y197.048 E.04762
G1 X121.248 Y197.048 E.0106
G1 X121.248 Y198.652 E.04762
G1 X120.891 Y198.652 E.0106
G1 X120.891 Y197.048 E.04762
G1 X120.534 Y197.048 E.0106
G1 X120.534 Y198.652 E.04762
G1 X120.177 Y198.652 E.0106
G1 X120.177 Y197.048 E.04762
G1 X119.82 Y197.048 E.0106
G1 X119.82 Y198.652 E.04762
G1 X119.463 Y198.652 E.0106
G1 X119.463 Y197.048 E.04762
G1 X119.105 Y197.048 E.01063
G1 X119.105 Y198.652 E.04762
G1 X118.748 Y198.652 E.0106
G1 X118.748 Y197.048 E.04762
G1 X118.391 Y197.048 E.0106
G1 X118.391 Y198.652 E.04762
G1 X118.034 Y198.652 E.0106
G1 X118.034 Y197.048 E.04762
G1 X117.677 Y197.048 E.0106
G1 X117.677 Y198.652 E.04762
G1 X117.32 Y198.652 E.0106
G1 X117.32 Y197.048 E.04762
G1 X116.963 Y197.048 E.0106
G1 X116.963 Y198.652 E.04762
G1 X116.606 Y198.652 E.0106
G1 X116.606 Y197.048 E.04762
G1 X116.249 Y197.048 E.0106
G1 X116.249 Y198.652 E.04762
G1 X115.892 Y198.652 E.0106
G1 X115.892 Y197.048 E.04762
G1 X115.535 Y197.048 E.0106
G1 X115.535 Y198.652 E.04762
G1 X115.178 Y198.652 E.0106
G1 X115.178 Y197.048 E.04762
G1 X114.821 Y197.048 E.0106
G1 X114.821 Y198.652 E.04762
G1 X114.463 Y198.652 E.01063
G1 X114.463 Y197.048 E.04762
G1 X114.106 Y197.048 E.0106
G1 X114.106 Y198.652 E.04762
G1 X113.749 Y198.652 E.0106
G1 X113.749 Y197.048 E.04762
G1 X113.392 Y197.048 E.0106
G1 X113.392 Y198.652 E.04762
G1 X113.035 Y198.652 E.0106
G1 X113.035 Y197.048 E.04762
G1 X112.678 Y197.048 E.0106
G1 X112.678 Y198.652 E.04762
G1 X112.321 Y198.652 E.0106
G1 X112.321 Y197.048 E.04762
G1 X111.964 Y197.048 E.0106
G1 X111.964 Y198.652 E.04762
G1 X111.607 Y198.652 E.0106
G1 X111.607 Y197.048 E.04762
G1 X111.25 Y197.048 E.0106
G1 X111.25 Y198.652 E.04762
G1 X110.893 Y198.652 E.0106
G1 X110.893 Y197.048 E.04762
G1 X110.536 Y197.048 E.0106
G1 X110.536 Y198.652 E.04762
G1 X110.178 Y198.652 E.01063
G1 X110.178 Y197.048 E.04762
G1 X109.821 Y197.048 E.0106
G1 X109.821 Y198.652 E.04762
G1 X109.464 Y198.652 E.0106
G1 X109.464 Y197.048 E.04762
G1 X109.107 Y197.048 E.0106
G1 X109.107 Y198.652 E.04762
G1 X108.75 Y198.652 E.0106
G1 X108.75 Y197.048 E.04762
G1 X108.393 Y197.048 E.0106
G1 X108.393 Y198.652 E.04762
G1 X108.036 Y198.652 E.0106
G1 X108.036 Y197.048 E.04762
G1 X107.679 Y197.048 E.0106
G1 X107.679 Y198.652 E.04762
G1 X107.322 Y198.652 E.0106
G1 X107.322 Y197.048 E.04762
G1 X106.965 Y197.048 E.0106
G1 X106.965 Y198.652 E.04762
G1 X106.608 Y198.652 E.0106
G1 X106.608 Y197.048 E.04762
G1 X106.251 Y197.048 E.0106
G1 X106.251 Y198.652 E.04762
G1 X105.894 Y198.652 E.0106
G1 X105.894 Y197.048 E.04762
G1 X105.536 Y197.048 E.01063
G1 X105.536 Y198.652 E.04762
G1 X105.179 Y198.652 E.0106
G1 X105.179 Y197.048 E.04762
G1 X104.822 Y197.048 E.0106
G1 X104.822 Y198.652 E.04762
G1 X104.465 Y198.652 E.0106
G1 X104.465 Y197.048 E.04762
G1 X104.108 Y197.048 E.0106
G1 X104.108 Y198.652 E.04762
G1 X103.751 Y198.652 E.0106
G1 X103.751 Y197.048 E.04762
G1 X103.394 Y197.048 E.0106
G1 X103.394 Y198.652 E.04762
G1 X103.037 Y198.652 E.0106
G1 X103.037 Y197.048 E.04762
G1 X102.68 Y197.048 E.0106
G1 X102.68 Y198.652 E.04762
G1 X102.323 Y198.652 E.0106
G1 X102.323 Y197.048 E.04762
G1 X101.966 Y197.048 E.0106
G1 X101.966 Y198.652 E.04762
G1 X101.609 Y198.652 E.0106
G1 X101.609 Y197.048 E.04762
G1 X101.252 Y197.048 E.0106
G1 X101.252 Y198.652 E.04762
G1 X100.894 Y198.652 E.01063
G1 X100.894 Y197.048 E.04762
G1 X100.537 Y197.048 E.0106
G1 X100.537 Y198.652 E.04762
G1 X100.18 Y198.652 E.0106
G1 X100.18 Y197.048 E.04762
G1 X99.823 Y197.048 E.0106
G1 X99.823 Y198.652 E.04762
G1 X99.466 Y198.652 E.0106
G1 X99.466 Y197.048 E.04762
G1 X99.109 Y197.048 E.0106
G1 X99.109 Y198.652 E.04762
G1 X98.752 Y198.652 E.0106
G1 X98.752 Y197.048 E.04762
G1 X98.395 Y197.048 E.0106
G1 X98.395 Y198.652 E.04762
G1 X98.038 Y198.652 E.0106
G1 X98.038 Y197.048 E.04762
G1 X97.681 Y197.048 E.0106
G1 X97.681 Y198.652 E.04762
G1 X97.324 Y198.652 E.0106
G1 X97.324 Y197.048 E.04762
G1 X96.967 Y197.048 E.0106
G1 X96.967 Y198.652 E.04762
G1 X96.609 Y198.652 E.01063
G1 X96.609 Y197.048 E.04762
G1 X96.252 Y197.048 E.0106
G1 X96.252 Y198.652 E.04762
G1 X95.895 Y198.652 E.0106
G1 X95.895 Y197.048 E.04762
G1 X95.538 Y197.048 E.0106
G1 X95.538 Y198.652 E.04762
G1 X95.181 Y198.652 E.0106
G1 X95.181 Y197.048 E.04762
G1 X94.824 Y197.048 E.0106
G1 X94.824 Y198.652 E.04762
G1 X94.467 Y198.652 E.0106
G1 X94.467 Y197.048 E.04762
G1 X94.11 Y197.048 E.0106
G1 X94.11 Y198.652 E.04762
G1 X93.753 Y198.652 E.0106
G1 X93.753 Y197.048 E.04762
G1 X93.396 Y197.048 E.0106
G1 X93.396 Y198.652 E.04762
G1 X93.039 Y198.652 E.0106
G1 X93.039 Y197.048 E.04762
G1 X92.682 Y197.048 E.0106
G1 X92.682 Y198.652 E.04762
G1 X92.325 Y198.652 E.0106
G1 X92.325 Y197.048 E.04762
G1 X91.967 Y197.048 E.01063
G1 X91.967 Y198.652 E.04762
G1 X91.61 Y198.652 E.0106
G1 X91.61 Y197.048 E.04762
G1 X91.253 Y197.048 E.0106
G1 X91.253 Y198.652 E.04762
G1 X90.896 Y198.652 E.0106
G1 X90.896 Y197.048 E.04762
G1 X90.539 Y197.048 E.0106
G1 X90.539 Y198.652 E.04762
G1 X90.182 Y198.652 E.0106
G1 X90.182 Y197.048 E.04762
G1 X89.825 Y197.048 E.0106
G1 X89.825 Y198.652 E.04762
G1 X89.468 Y198.652 E.0106
G1 X89.468 Y197.048 E.04762
G1 X89.111 Y197.048 E.0106
G1 X89.111 Y198.652 E.04762
G1 X88.754 Y198.652 E.0106
G1 X88.754 Y197.048 E.04762
G1 X88.397 Y197.048 E.0106
G1 X88.397 Y198.652 E.04762
G1 X88.04 Y198.652 E.0106
G1 X88.04 Y197.048 E.04762
G1 X87.683 Y197.048 E.0106
G1 X87.683 Y198.652 E.04762
G1 X87.325 Y198.652 E.01063
G1 X87.325 Y197.048 E.04762
G1 X86.968 Y197.048 E.0106
G1 X86.968 Y198.652 E.04762
G1 X86.611 Y198.652 E.0106
G1 X86.611 Y197.048 E.04762
G1 X86.254 Y197.048 E.0106
G1 X86.254 Y198.652 E.04762
G1 X85.897 Y198.652 E.0106
G1 X85.897 Y197.048 E.04762
G1 X85.54 Y197.048 E.0106
G1 X85.54 Y198.652 E.04762
G1 X85.183 Y198.652 E.0106
G1 X85.183 Y197.048 E.04762
G1 X84.826 Y197.048 E.0106
G1 X84.826 Y198.652 E.04762
G1 X84.469 Y198.652 E.0106
G1 X84.469 Y197.048 E.04762
G1 X84.112 Y197.048 E.0106
G1 X84.112 Y198.652 E.04762
G1 X83.755 Y198.652 E.0106
G1 X83.755 Y197.048 E.04762
G1 X83.398 Y197.048 E.0106
G1 X83.398 Y198.652 E.04762
G1 X83.04 Y198.652 E.01063
G1 X83.04 Y197.048 E.04762
G1 X82.683 Y197.048 E.0106
G1 X82.683 Y198.652 E.04762
G1 X82.326 Y198.652 E.0106
G1 X82.326 Y197.048 E.04762
G1 X81.969 Y197.048 E.0106
G1 X81.969 Y198.652 E.04762
G1 X81.612 Y198.652 E.0106
G1 X81.612 Y197.048 E.04762
G1 X81.255 Y197.048 E.0106
G1 X81.255 Y198.652 E.04762
G1 X80.898 Y198.652 E.0106
G1 X80.898 Y197.048 E.04762
G1 X80.541 Y197.048 E.0106
G1 X80.541 Y198.652 E.04762
G1 X80.184 Y198.652 E.0106
G1 X80.184 Y197.048 E.04762
G1 X79.827 Y197.048 E.0106
G1 X79.827 Y198.652 E.04762
G1 X79.47 Y198.652 E.0106
G1 X79.47 Y197.048 E.04762
G1 X79.113 Y197.048 E.0106
G1 X79.113 Y198.652 E.04762
G1 X78.756 Y198.652 E.0106
G1 X78.756 Y197.048 E.04762
G1 X78.398 Y197.048 E.01063
G1 X78.398 Y198.652 E.04762
G1 X78.041 Y198.652 E.0106
G1 X78.041 Y197.048 E.04762
G1 X77.684 Y197.048 E.0106
G1 X77.684 Y198.652 E.04762
G1 X77.327 Y198.652 E.0106
G1 X77.327 Y197.048 E.04762
G1 X76.97 Y197.048 E.0106
G1 X76.97 Y198.652 E.04762
G1 X76.613 Y198.652 E.0106
G1 X76.613 Y197.048 E.04762
G1 X76.256 Y197.048 E.0106
G1 X76.256 Y198.652 E.04762
G1 X75.899 Y198.652 E.0106
G1 X75.899 Y197.048 E.04762
G1 X75.542 Y197.048 E.0106
G1 X75.542 Y198.652 E.04762
G1 X75.185 Y198.652 E.0106
G1 X75.185 Y197.048 E.04762
G1 X74.828 Y197.048 E.0106
G1 X74.828 Y198.652 E.04762
G1 X74.471 Y198.652 E.0106
G1 X74.471 Y197.048 E.04762
G1 X74.114 Y197.048 E.0106
G1 X74.114 Y198.652 E.04762
G1 X73.756 Y198.652 E.01063
G1 X73.756 Y197.048 E.04762
G1 X73.399 Y197.048 E.0106
G1 X73.399 Y198.652 E.04762
G1 X73.042 Y198.652 E.0106
G1 X73.042 Y197.048 E.04762
G1 X72.685 Y197.048 E.0106
G1 X72.685 Y198.652 E.04762
G1 X72.328 Y198.652 E.0106
G1 X72.328 Y197.048 E.04762
G1 X71.971 Y197.048 E.0106
G1 X71.971 Y198.652 E.04762
G1 X71.614 Y198.652 E.0106
G1 X71.614 Y197.048 E.04762
G1 X71.257 Y197.048 E.0106
G1 X71.257 Y198.652 E.04762
G1 X70.9 Y198.652 E.0106
G1 X70.9 Y197.048 E.04762
G1 X70.543 Y197.048 E.0106
G1 X70.543 Y198.652 E.04762
G1 X70.186 Y198.652 E.0106
G1 X70.186 Y197.048 E.04762
G1 X69.829 Y197.048 E.0106
G1 X69.829 Y198.652 E.04762
G1 X69.471 Y198.652 E.01063
G1 X69.471 Y197.048 E.04762
G1 X69.114 Y197.048 E.0106
G1 X69.114 Y198.652 E.04762
G1 X68.757 Y198.652 E.0106
G1 X68.757 Y197.048 E.04762
G1 X68.4 Y197.048 E.0106
G1 X68.4 Y198.652 E.04762
G1 X68.043 Y198.652 E.0106
G1 X68.043 Y197.048 E.04762
G1 X67.686 Y197.048 E.0106
G1 X67.686 Y198.652 E.04762
G1 X67.329 Y198.652 E.0106
G1 X67.329 Y197.048 E.04762
G1 X66.972 Y197.048 E.0106
G1 X66.972 Y198.652 E.04762
G1 X66.615 Y198.652 E.0106
G1 X66.615 Y197.048 E.04762
G1 X66.258 Y197.048 E.0106
G1 X66.258 Y198.652 E.04762
G1 X65.901 Y198.652 E.0106
G1 X65.901 Y197.048 E.04762
G1 X65.544 Y197.048 E.0106
G1 X65.544 Y198.652 E.04762
G1 X65.187 Y198.652 E.0106
G1 X65.187 Y197.048 E.04762
G1 X64.829 Y197.048 E.01063
G1 X64.829 Y198.652 E.04762
G1 X64.472 Y198.652 E.0106
G1 X64.472 Y197.048 E.04762
G1 X64.115 Y197.048 E.0106
G1 X64.115 Y198.652 E.04762
G1 X63.758 Y198.652 E.0106
G1 X63.758 Y197.048 E.04762
G1 X63.401 Y197.048 E.0106
G1 X63.401 Y198.652 E.04762
G1 X63.044 Y198.652 E.0106
G1 X63.044 Y197.048 E.04762
G1 X62.687 Y197.048 E.0106
G1 X62.687 Y198.652 E.04762
G1 X62.33 Y198.652 E.0106
G1 X62.33 Y197.048 E.04762
G1 X61.973 Y197.048 E.0106
G1 X61.973 Y198.652 E.04762
G1 X61.616 Y198.652 E.0106
G1 X61.616 Y197.048 E.04762
G1 X61.259 Y197.048 E.0106
G1 X61.259 Y198.652 E.04762
G1 X60.902 Y198.652 E.0106
G1 X60.902 Y197.048 E.04762
G1 X60.545 Y197.048 E.0106
G1 X60.545 Y198.652 E.04762
G1 X60.187 Y198.652 E.01063
G1 X60.187 Y197.048 E.04762
G1 X59.83 Y197.048 E.0106
G1 X59.83 Y198.812 E.05238
G1 E-2 F2400
M204 S8000
G1 X59.473 Y201.587 F24000
G1 E2 F2400
M204 S5000
G1 F4800
G1 X59.473 Y195.712 E.17444
G1 X59.116 Y195.712 E.0106
G1 X59.116 Y201.427 E.16969
G1 X58.759 Y201.427 E.0106
G1 X58.759 Y195.552 E.17444
G1 E-2 F2400
M204 S8000
G1 X84.632 Y17.982 F24000
G1 E2 F2400
M204 S4000
;TYPE:Perimeter
;WIDTH:0.449999
G1 F10800
G1 X135.368 Y17.982 E1.71735
G1 X135.368 Y24.718 E.22801
G1 X84.632 Y24.718 E1.71735
G1 X84.632 Y18.042 E.22597
M204 S5000
M204 S8000
G1 X84.225 Y17.575 F24000
M204 S4000
;TYPE:External perimeter
G1 F7200
G1 X135.775 Y17.575 E1.7449
G1 X135.775 Y25.125 E.25556
G1 X84.225 Y25.125 E1.7449
G1 X84.225 Y17.635 E.25353
M204 S5000
G1 X84.621 Y17.576 F24000
G1 E-2 F2400
M204 S8000
G1 X84.97 Y24.302 F24000
G1 E2 F2400
M204 S5000
;TYPE:Solid infill
;WIDTH:0.548766
G1 F9600
G1 X84.926 Y24.347 E.00265
G1 X84.942 Y24.408 E.00265
G1 X85.003 Y24.424 E.00265
G1 X85.048 Y24.38 E.00265
G1 X85.031 Y24.319 E.00266
;WIDTH:0.449999
G1 X84.937 Y23.668 E.02226
G1 X85.682 Y24.413 E.03566
G1 X86.257 Y24.413 E.01946
G1 X84.937 Y23.093 E.06319
G1 X84.937 Y22.517 E.0195
G1 X86.833 Y24.413 E.09076
G1 X87.409 Y24.413 E.0195
G1 X84.937 Y21.941 E.11833
G1 X84.937 Y21.366 E.01946
G1 X87.984 Y24.413 E.14586
G1 X88.56 Y24.413 E.0195
G1 X84.937 Y20.79 E.17343
G1 X84.937 Y20.214 E.0195
G1 X89.136 Y24.413 E.201
G1 X89.712 Y24.413 E.0195
G1 X84.937 Y19.638 E.22858
G1 X84.937 Y19.063 E.01946
G1 X90.287 Y24.413 E.2561
G1 X90.863 Y24.413 E.0195
G1 X84.937 Y18.487 E.28367
G1 X85.313 Y18.287 E.01442
G1 X91.439 Y24.413 E.29325
G1 X92.014 Y24.413 E.01946
G1 X85.889 Y18.287 E.29322
G1 X86.465 Y18.287 E.0195
G1 X92.59 Y24.413 E.29322
G1 X93.166 Y24.413 E.0195
G1 X87.041 Y18.287 E.29322
G1 X87.616 Y18.287 E.01946
G1 X93.741 Y24.413 E.29322
G1 X94.317 Y24.413 E.0195
G1 X88.192 Y18.287 E.29322
G1 X88.768 Y18.287 E.0195
G1 X94.893 Y24.413 E.29322
G1 X95.469 Y24.413 E.0195
G1 X89.343 Y18.287 E.29325
G1 X89.919 Y18.287 E.0195
G1 X96.044 Y24.413 E.29322
G1 X96.62 Y24.413 E.0195
G1 X90.495 Y18.287 E.29322
G1 X91.07 Y18.287 E.01946
G1 X97.196 Y24.413 E.29325
G1 X97.771 Y24.413 E.01946
G1 X91.646 Y18.287 E.29322
G1 X92.222 Y18.287 E.0195
G1 X98.347 Y24.413 E.29322
G1 X98.923 Y24.413 E.0195
G1 X92.798 Y18.287 E.29322
G1 X93.373 Y18.287 E.01946
G1 X99.498 Y24.413 E.29322
G1 X100.074 Y24.413 E.0195
G1 X93.949 Y18.287 E.29322
G1 X94.525 Y18.287 E.0195
G1 X100.65 Y24.413 E.29322
G1 X101.226 Y24.413 E.0195
G1 X95.1 Y18.287 E.29325
G1 X95.676 Y18.287 E.0195
G1 X101.801 Y24.413 E.29322
G1 X102.377 Y24.413 E.0195
G1 X96.252 Y18.287 E.29322
G1 X96.827 Y18.287 E.01946
G1 X102.953 Y24.413 E.29325
G1 X103.528 Y24.413 E.01946
G1 X97.403 Y18.287 E.29322
G1 X97.979 Y18.287 E.0195
G1 X104.104 Y24.413 E.29322
G1 X104.68 Y24.413 E.0195
G1 X98.554 Y18.287 E.29325
G1 X99.13 Y18.287 E.0195
G1 X105.255 Y24.413 E.29322
G1 X105.831 Y24.413 E.0195
G1 X99.706 Y18.287 E.29322
G1 X100.282 Y18.287 E.0195
G1 X106.407 Y24.413 E.29322
G1 X106.982 Y24.413 E.01946
G1 X100.857 Y18.287 E.29322
G1 X101.433 Y18.287 E.0195
G1 X107.558 Y24.413 E.29322
G1 X108.134 Y24.413 E.0195
G1 X102.009 Y18.287 E.29322
G1 X102.584 Y18.287 E.01946
G1 X108.71 Y24.413 E.29325
G1 X109.285 Y24.413 E.01946
G1 X103.16 Y18.287 E.29322
G1 X103.736 Y18.287 E.0195
G1 X109.861 Y24.413 E.29322
G1 X110.437 Y24.413 E.0195
G1 X104.311 Y18.287 E.29325
G1 X104.887 Y18.287 E.0195
G1 X111.012 Y24.413 E.29322
G1 X111.588 Y24.413 E.0195
G1 X105.463 Y18.287 E.29322
G1 X106.039 Y18.287 E.0195
G1 X112.164 Y24.413 E.29322
G1 X112.739 Y24.413 E.01946
G1 X106.614 Y18.287 E.29322
G1 X107.19 Y18.287 E.0195
G1 X113.315 Y24.413 E.29322
G1 X113.891 Y24.413 E.0195
G1 X107.766 Y18.287 E.29322
G1 X108.341 Y18.287 E.01946
G1 X114.467 Y24.413 E.29325
G1 X115.042 Y24.413 E.01946
G1 X108.917 Y18.287 E.29322
G1 X109.493 Y18.287 E.0195
G1 X115.618 Y24.413 E.29322
G1 X116.194 Y24.413 E.0195
G1 X110.068 Y18.287 E.29325
G1 X110.644 Y18.287 E.0195
G1 X116.769 Y24.413 E.29322
G1 X117.345 Y24.413 E.0195
G1 X111.22 Y18.287 E.29322
G1 X111.795 Y18.287 E.01946
G1 X117.921 Y24.413 E.29325
G1 X118.496 Y24.413 E.01946
G1 X112.371 Y18.287 E.29322
G1 X112.947 Y18.287 E.0195
G1 X119.072 Y24.413 E.29322
G1 X119.648 Y24.413 E.0195
G1 X113.523 Y18.287 E.29322
G1 X114.098 Y18.287 E.01946
G1 X120.224 Y24.413 E.29325
G1 X120.799 Y24.413 E.01946
G1 X114.674 Y18.287 E.29322
G1 X115.25 Y18.287 E.0195
G1 X121.375 Y24.413 E.29322
G1 X121.951 Y24.413 E.0195
G1 X115.825 Y18.287 E.29325
G1 X116.401 Y18.287 E.0195
G1 X122.526 Y24.413 E.29322
G1 X123.102 Y24.413 E.0195
G1 X116.977 Y18.287 E.29322
G1 X117.552 Y18.287 E.01946
G1 X123.678 Y24.413 E.29325
G1 X124.253 Y24.413 E.01946
G1 X118.128 Y18.287 E.29322
G1 X118.704 Y18.287 E.0195
G1 X124.829 Y24.413 E.29322
G1 X125.405 Y24.413 E.0195
G1 X119.28 Y18.287 E.29322
G1 X119.855 Y18.287 E.01946
G1 X125.98 Y24.413 E.29322
G1 X126.556 Y24.413 E.0195
G1 X120.431 Y18.287 E.29322
G1 X121.007 Y18.287 E.0195
G1 X127.132 Y24.413 E.29322
G1 X127.708 Y24.413 E.0195
G1 X121.582 Y18.287 E.29325
G1 X122.158 Y18.287 E.0195
G1 X128.283 Y24.413 E.29322
G1 X128.859 Y24.413 E.0195
G1 X122.734 Y18.287 E.29322
G1 X123.309 Y18.287 E.01946
G1 X129.435 Y24.413 E.29325
G1 X130.01 Y24.413 E.01946
G1 X123.885 Y18.287 E.29322
G1 X124.461 Y18.287 E.0195
G1 X130.586 Y24.413 E.29322
G1 X131.162 Y24.413 E.0195
G1 X125.037 Y18.287 E.29322
G1 X125.612 Y18.287 E.01946
G1 X131.737 Y24.413 E.29322
G1 X132.313 Y24.413 E.0195
G1 X126.188 Y18.287 E.29322
G1 X126.764 Y18.287 E.0195
G1 X132.889 Y24.413 E.29322
G1 X133.465 Y24.413 E.0195
G1 X127.339 Y18.287 E.29325
G1 X127.915 Y18.287 E.0195
G1 X134.04 Y24.413 E.29322
G1 X134.616 Y24.413 E.0195
G1 X128.491 Y18.287 E.29322
G1 X129.066 Y18.287 E.01946
G1 X135.063 Y24.284 E.28707
G1 X135.115 Y24.385 E.00385
;WIDTH:0.41646
G1 X135.167 Y24.487 E.00356
;WIDTH:0.38292
G1 X135.148 Y24.558 E.00208
G1 X135.219 Y24.539 E.00208
G1 X135.208 Y24.498 E.0012
;WIDTH:0.449999
G1 X135.063 Y23.708 E.02719
G1 X129.642 Y18.287 E.2595
G1 X130.218 Y18.287 E.0195
G1 X135.063 Y23.132 E.23193
G1 X135.063 Y22.557 E.01946
G1 X130.793 Y18.287 E.2044
G1 X131.369 Y18.287 E.0195
G1 X135.063 Y21.981 E.17683
G1 X135.063 Y21.405 E.0195
G1 X131.945 Y18.287 E.14926
G1 X132.521 Y18.287 E.0195
G1 X135.063 Y20.829 E.12168
G1 X135.266 Y20.38 E.01668
;WIDTH:0.38292
G1 X135.277 Y20.421 E.0012
G1 X135.206 Y20.44 E.00208
G1 X135.225 Y20.369 E.00208
;WIDTH:0.41646
G1 X135.144 Y20.311 E.00309
;WIDTH:0.449999
G1 X135.063 Y20.254 E.00335
G1 X133.096 Y18.287 E.09416
G1 X135.063 Y18.287 E.06658
G1 X135.063 Y19.678 E.04708
G1 X133.816 Y18.431 E.05969
M204 S8000
G1 X134.642 Y18.645 F24000
M204 S5000
;WIDTH:0.450456
G1 F9600
G1 X134.606 Y18.682 E.00175
G1 X134.619 Y18.731 E.00172
G1 X134.668 Y18.744 E.00172
G1 X134.705 Y18.708 E.00175
G1 X134.691 Y18.659 E.00173
G1 E-2 F2400
M204 S8000
G1 X159.368 Y195.455 F24000
G1 E2 F2400
M204 S4000
;TYPE:Perimeter
;WIDTH:0.449999
G1 F10800
G1 X60.632 Y195.455 E3.34209
G1 X60.632 Y193.751 E.05768
G1 X159.368 Y193.751 E3.34209
G1 X159.368 Y195.395 E.05565
M204 S5000
M204 S8000
G1 X159.775 Y195.862 F24000
M204 S4000
;TYPE:External perimeter
G1 F7200
G1 X60.225 Y195.862 E3.36964
G1 X60.225 Y193.344 E.08523
G1 X159.775 Y193.344 E3.36964
G1 X159.775 Y195.802 E.0832
M204 S5000
G1 X159.379 Y195.861 F24000
G1 E-2 F2400
M204 S8000
G1 X155.04 Y194.056 F24000
G1 E2 F2400
M204 S5000
;TYPE:Internal infill
;WIDTH:0.45
G1 F13200
G1 X152.597 Y194.056 E.08269
G1 X151.504 Y195.149 E.05232
G1 X149.094 Y195.149 E.08158
G1 X148 Y194.056 E.05235
G1 X141.083 Y194.056 E.23413
G1 X139.99 Y195.149 E.05232
G1 X137.58 Y195.149 E.08158
G1 X136.486 Y194.056 E.05235
G1 X129.569 Y194.056 E.23413
G1 X128.476 Y195.149 E.05232
G1 X126.066 Y195.149 E.08158
G1 X124.973 Y194.056 E.05232
G1 X118.055 Y194.056 E.23417
G1 X116.962 Y195.149 E.05232
G1 X114.552 Y195.149 E.08158
G1 X113.459 Y194.056 E.05232
G1 X106.541 Y194.056 E.23417
G1 X105.448 Y195.149 E.05232
G1 X103.038 Y195.149 E.08158
G1 X101.945 Y194.056 E.05232
G1 X95.027 Y194.056 E.23417
G1 X93.934 Y195.149 E.05232
G1 X91.524 Y195.149 E.08158
G1 X90.431 Y194.056 E.05232
G1 X83.514 Y194.056 E.23413
G1 X82.42 Y195.149 E.05235
G1 X80.01 Y195.149 E.08158
G1 X78.917 Y194.056 E.05232
G1 X72 Y194.056 E.23413
G1 X70.906 Y195.149 E.05235
G1 X68.496 Y195.149 E.08158
G1 X67.403 Y194.056 E.05232
G1 X64.96 Y194.056 E.08269
G1 E-2 F2400
M204 S8000
G1 X159.368 Y200.245 F24000
G1 E2 F2400
M204 S4000
;TYPE:Perimeter
;WIDTH:0.449999
G1 F10800
G1 X159.368 Y201.949 E.05768
G1 X60.632 Y201.949 E3.34209
G1 X60.632 Y200.245 E.05768
G1 X159.308 Y200.245 E3.34006
M204 S5000
M204 S8000
G1 X159.775 Y199.838 F24000
M204 S4000
;TYPE:External perimeter
G1 F7200
G1 X159.775 Y202.356 E.08523
G1 X60.225 Y202.356 E3.36964
G1 X60.225 Y199.838 E.08523
G1 X159.715 Y199.838 E3.36761
M204 S5000
G1 X159.774 Y200.234 F24000
M204 S8000
G1 X159.063 Y201.547
M204 S5000
;TYPE:Internal infill
;WIDTH:0.45
G1 F13200
G1 X159.063 Y200.551 E.03371
G1 X157.617 Y200.551 E.04895
G1 X156.524 Y201.644 E.05232
G1 X155.588 Y201.644 E.03168
G1 X154.495 Y200.551 E.05232
G1 X146.103 Y200.551 E.28406
G1 X145.01 Y201.644 E.05232
G1 X144.074 Y201.644 E.03168
G1 X142.981 Y200.551 E.05232
G1 X134.589 Y200.551 E.28406
G1 X133.496 Y201.644 E.05232
G1 X132.56 Y201.644 E.03168
G1 X131.467 Y200.551 E.05232
G1 X123.075 Y200.551 E.28406
G1 X121.982 Y201.644 E.05232
G1 X121.046 Y201.644 E.03168
G1 X119.953 Y200.551 E.05232
G1 X111.561 Y200.551 E.28406
G1 X110.468 Y201.644 E.05232
G1 X109.532 Y201.644 E.03168
G1 X108.439 Y200.551 E.05232
G1 X100.047 Y200.551 E.28406
G1 X98.954 Y201.644 E.05232
G1 X98.018 Y201.644 E.03168
G1 X96.925 Y200.551 E.05232
G1 X88.533 Y200.551 E.28406
G1 X87.44 Y201.644 E.05232
G1 X86.504 Y201.644 E.03168
G1 X85.411 Y200.551 E.05232
G1 X77.019 Y200.551 E.28406
G1 X75.926 Y201.644 E.05232
G1 X74.99 Y201.644 E.03168
G1 X73.897 Y200.551 E.05232
G1 X65.505 Y200.551 E.28406
G1 X64.412 Y201.644 E.05232
G1 X63.476 Y201.644 E.03168
G1 X62.383 Y200.551 E.05232
G1 X60.937 Y200.551 E.04895
G1 X60.937 Y201.547 E.03371
M106 S206.55
;LAYER_CHANGE
;Z:4.4
;HEIGHT:0.2
G1 E-2 F2400
G1 Z4.4 F24000
M204 S8000
G1 X161.245 Y198.569
G1 E2 F2400
M204 S5000
;TYPE:Support material
;WIDTH:0.4
G1 F7200
G1 X160.642 Y198.569 E.0179
G1 X160.382 Y198.309 E.01092
G1 X59.618 Y198.309 E2.99181
G1 X59.358 Y198.569 E.01092
G1 X58.755 Y198.569 E.0179
M204 S8000
G1 X59.463 Y195.776 F24000
M204 S5000
G1 F7200
G1 X59.4 Y195.838 E.00262
G1 X59.4 Y196.718 E.02613
G1 X59.751 Y197.07 E.01476
G1 X160.249 Y197.07 E2.98392
G1 X160.6 Y196.718 E.01476
G1 X160.6 Y195.838 E.02613
G1 X160.538 Y195.734 E.00359
G1 X161.406 Y195.734 E.02577
G1 X161.406 Y201.405 E.16838
G1 X160.538 Y201.405 E.02577
G1 X160.6 Y198.982 E.07197
G1 X160.249 Y198.63 E.01476
G1 X59.751 Y198.63 E2.98392
G1 X59.4 Y198.982 E.01476
G1 X59.463 Y201.405 E.07197
G1 X58.594 Y201.405 E.0258
G1 X58.594 Y195.734 E.16838
G1 X59.451 Y195.734 E.02545
G1 E-2 F2400
M204 S8000
G1 X84.632 Y17.982 F24000
G1 E2 F2400
M204 S4000
;TYPE:Perimeter
;WIDTH:0.449999
G1 F10800
G1 X135.368 Y17.982 E1.71735
G1 X135.368 Y24.718 E.22801
G1 X84.632 Y24.718 E1.71735
G1 X84.632 Y18.042 E.22597
M204 S5000
M204 S8000
G1 X84.225 Y17.575 F24000
M204 S4000
;TYPE:External perimeter
G1 F7200
G1 X135.775 Y17.575 E1.7449
G1 X135.775 Y25.125 E.25556
G1 X84.225 Y25.125 E1.7449
G1 X84.225 Y17.635 E.25353
M204 S5000
G1 X84.621 Y17.576 F24000
G1 E-2 F2400
M204 S8000
G1 X134.526 Y24.598 F24000
G1 E2 F2400
M204 S5000
;TYPE:Top solid infill
;WIDTH:0.400006
G1 F7200
G1 X135.088 Y24.037 E.02358
G1 X135.088 Y23.532 E.01499
G1 X134.182 Y24.438 E.03804
G1 X133.677 Y24.438 E.01499
G1 X135.088 Y23.027 E.05925
G1 X135.088 Y22.522 E.01499
G1 X133.172 Y24.438 E.08045
G1 X132.667 Y24.438 E.01499
G1 X135.088 Y22.017 E.10166
G1 X135.088 Y21.512 E.01499
G1 X132.162 Y24.438 E.12286
G1 X131.657 Y24.438 E.01499
G1 X135.088 Y21.007 E.14407
G1 X135.088 Y20.502 E.01499
G1 X131.152 Y24.438 E.16527
G1 X130.647 Y24.438 E.01499
G1 X135.088 Y19.997 E.18648
G1 X135.088 Y19.492 E.01499
G1 X130.142 Y24.438 E.20769
G1 X129.637 Y24.438 E.01499
G1 X135.088 Y18.987 E.22889
G1 X135.088 Y18.482 E.01499
G1 X129.132 Y24.438 E.2501
G1 X128.627 Y24.438 E.01499
G1 X134.802 Y18.262 E.25931
G1 X134.297 Y18.262 E.01499
G1 X128.122 Y24.438 E.25931
G1 X127.617 Y24.438 E.01499
G1 X133.792 Y18.262 E.25931
G1 X133.287 Y18.262 E.01499
G1 X127.112 Y24.438 E.25931
G1 X126.607 Y24.438 E.01499
G1 X132.782 Y18.262 E.25931
G1 X132.277 Y18.262 E.01499
G1 X126.102 Y24.438 E.25931
G1 X125.597 Y24.438 E.01499
G1 X131.772 Y18.262 E.25931
G1 X131.267 Y18.262 E.01499
G1 X125.092 Y24.438 E.25931
G1 X124.587 Y24.438 E.01499
G1 X130.762 Y18.262 E.25931
G1 X130.257 Y18.262 E.01499
G1 X124.082 Y24.438 E.25931
G1 X123.577 Y24.438 E.01499
G1 X129.752 Y18.262 E.25931
G1 X129.247 Y18.262 E.01499
G1 X123.072 Y24.438 E.25931
G1 X122.567 Y24.438 E.01499
G1 X128.742 Y18.262 E.25931
G1 X128.237 Y18.262 E.01499
G1 X122.062 Y24.438 E.25931
G1 X121.557 Y24.438 E.01499
G1 X127.732 Y18.262 E.25931
G1 X127.227 Y18.262 E.01499
G1 X121.052 Y24.438 E.25931
G1 X120.547 Y24.438 E.01499
G1 X126.722 Y18.262 E.25931
G1 X126.217 Y18.262 E.01499
G1 X120.042 Y24.438 E.25931
G1 X119.537 Y24.438 E.01499
G1 X125.712 Y18.262 E.25931
G1 X125.207 Y18.262 E.01499
G1 X119.032 Y24.438 E.25931
G1 X118.527 Y24.438 E.01499
G1 X124.702 Y18.262 E.25931
G1 X124.197 Y18.262 E.01499
G1 X118.022 Y24.438 E.25931
G1 X117.517 Y24.438 E.01499
G1 X123.692 Y18.262 E.25931
G1 X123.187 Y18.262 E.01499
G1 X117.012 Y24.438 E.25931
G1 X116.507 Y24.438 E.01499
G1 X122.682 Y18.262 E.25931
G1 X122.178 Y18.262 E.01496
G1 X116.002 Y24.438 E.25933
G1 X115.497 Y24.438 E.01499
G1 X121.673 Y18.262 E.25933
G1 X121.168 Y18.262 E.01499
G1 X114.992 Y24.438 E.25933
G1 X114.487 Y24.438 E.01499
G1 X120.663 Y18.262 E.25933
G1 X120.158 Y18.262 E.01499
G1 X113.982 Y24.438 E.25933
G1 X113.477 Y24.438 E.01499
G1 X119.653 Y18.262 E.25933
G1 X119.148 Y18.262 E.01499
G1 X112.972 Y24.438 E.25933
G1 X112.467 Y24.438 E.01499
G1 X118.643 Y18.262 E.25933
G1 X118.138 Y18.262 E.01499
G1 X111.962 Y24.438 E.25933
G1 X111.457 Y24.438 E.01499
G1 X117.633 Y18.262 E.25933
G1 X117.128 Y18.262 E.01499
G1 X110.952 Y24.438 E.25933
G1 X110.447 Y24.438 E.01499
G1 X116.623 Y18.262 E.25933
G1 X116.118 Y18.262 E.01499
G1 X109.942 Y24.438 E.25933
G1 X109.437 Y24.438 E.01499
G1 X115.613 Y18.262 E.25933
G1 X115.108 Y18.262 E.01499
G1 X108.932 Y24.438 E.25933
G1 X108.427 Y24.438 E.01499
G1 X114.603 Y18.262 E.25933
G1 X114.098 Y18.262 E.01499
G1 X107.922 Y24.438 E.25933
G1 X107.417 Y24.438 E.01499
G1 X113.593 Y18.262 E.25933
G1 X113.088 Y18.262 E.01499
G1 X106.912 Y24.438 E.25933
G1 X106.407 Y24.438 E.01499
G1 X112.583 Y18.262 E.25933
G1 X112.078 Y18.262 E.01499
G1 X105.902 Y24.438 E.25933
G1 X105.397 Y24.438 E.01499
G1 X111.573 Y18.262 E.25933
G1 X111.068 Y18.262 E.01499
G1 X104.892 Y24.438 E.25933
G1 X104.387 Y24.438 E.01499
G1 X110.563 Y18.262 E.25933
G1 X110.058 Y18.262 E.01499
G1 X103.882 Y24.438 E.25933
G1 X103.377 Y24.438 E.01499
G1 X109.553 Y18.262 E.25933
G1 X109.048 Y18.262 E.01499
G1 X102.872 Y24.438 E.25933
G1 X102.367 Y24.438 E.01499
G1 X108.543 Y18.262 E.25933
G1 X108.038 Y18.262 E.01499
G1 X101.862 Y24.438 E.25933
G1 X101.357 Y24.438 E.01499
G1 X107.533 Y18.262 E.25933
G1 X107.028 Y18.262 E.01499
G1 X100.852 Y24.438 E.25933
G1 X100.347 Y24.438 E.01499
G1 X106.523 Y18.262 E.25933
G1 X106.018 Y18.262 E.01499
G1 X99.842 Y24.438 E.25933
G1 X99.337 Y24.438 E.01499
G1 X105.513 Y18.262 E.25933
G1 X105.008 Y18.262 E.01499
G1 X98.832 Y24.438 E.25933
G1 X98.327 Y24.438 E.01499
G1 X104.503 Y18.262 E.25933
G1 X103.998 Y18.262 E.01499
G1 X97.822 Y24.438 E.25933
G1 X97.317 Y24.438 E.01499
G1 X103.493 Y18.262 E.25933
G1 X102.988 Y18.262 E.01499
G1 X96.812 Y24.438 E.25933
G1 X96.307 Y24.438 E.01499
G1 X102.483 Y18.262 E.25933
G1 X101.978 Y18.262 E.01499
G1 X95.802 Y24.438 E.25933
G1 X95.297 Y24.438 E.01499
G1 X101.473 Y18.262 E.25933
G1 X100.968 Y18.262 E.01499
G1 X94.792 Y24.438 E.25933
G1 X94.287 Y24.438 E.01499
G1 X100.463 Y18.262 E.25933
G1 X99.958 Y18.262 E.01499
G1 X93.782 Y24.438 E.25933
G1 X93.277 Y24.438 E.01499
G1 X99.453 Y18.262 E.25933
G1 X98.948 Y18.262 E.01499
G1 X92.772 Y24.438 E.25933
G1 X92.267 Y24.438 E.01499
G1 X98.443 Y18.262 E.25933
G1 X97.938 Y18.262 E.01499
G1 X91.762 Y24.438 E.25933
G1 X91.257 Y24.438 E.01499
G1 X97.433 Y18.262 E.25933
G1 X96.928 Y18.262 E.01499
G1 X90.752 Y24.438 E.25933
G1 X90.247 Y24.438 E.01499
G1 X96.423 Y18.262 E.25933
G1 X95.918 Y18.262 E.01499
G1 X89.742 Y24.438 E.25933
G1 X89.237 Y24.438 E.01499
G1 X95.413 Y18.262 E.25933
G1 X94.908 Y18.262 E.01499
G1 X88.732 Y24.438 E.25933
G1 X88.227 Y24.438 E.01499
G1 X94.403 Y18.262 E.25933
G1 X93.898 Y18.262 E.01499
G1 X87.723 Y24.438 E.25931
G1 X87.218 Y24.438 E.01499
G1 X93.393 Y18.262 E.25931
G1 X92.888 Y18.262 E.01499
G1 X86.713 Y24.438 E.25931
G1 X86.208 Y24.438 E.01499
G1 X92.383 Y18.262 E.25931
G1 X91.878 Y18.262 E.01499
G1 X85.703 Y24.438 E.25931
G1 X85.198 Y24.438 E.01499
G1 X91.373 Y18.262 E.25931
G1 X90.868 Y18.262 E.01499
G1 X84.912 Y24.218 E.2501
G1 X84.912 Y23.713 E.01499
G1 X90.363 Y18.262 E.22889
G1 X89.858 Y18.262 E.01499
G1 X84.912 Y23.208 E.20769
G1 X84.912 Y22.703 E.01499
G1 X89.353 Y18.262 E.18648
G1 X88.848 Y18.262 E.01499
G1 X84.912 Y22.198 E.16527
G1 X84.912 Y21.693 E.01499
G1 X88.343 Y18.262 E.14407
G1 X87.838 Y18.262 E.01499
G1 X84.912 Y21.188 E.12286
G1 X84.912 Y20.683 E.01499
G1 X87.333 Y18.262 E.10166
G1 X86.828 Y18.262 E.01499
G1 X84.912 Y20.178 E.08045
G1 X84.912 Y19.673 E.01499
G1 X86.323 Y18.262 E.05925
G1 X85.818 Y18.262 E.01499
G1 X84.912 Y19.168 E.03804
G1 X84.912 Y18.663 E.01499
G1 X85.473 Y18.102 E.02356
G1 E-2 F2400
M204 S8000
G1 X159.368 Y195.394 F24000
G1 E2 F2400
M204 S4000
;TYPE:Perimeter
;WIDTH:0.449999
G1 F10800
G1 X60.632 Y195.394 E3.34209
G1 X60.632 Y193.731 E.05629
G1 X159.368 Y193.731 E3.34209
G1 X159.368 Y195.334 E.05426
M204 S5000
M204 S8000
G1 X159.775 Y195.801 F24000
M204 S4000
;TYPE:External perimeter
G1 F7200
G1 X60.225 Y195.801 E3.36964
G1 X60.225 Y193.324 E.08384
G1 X159.775 Y193.324 E3.36964
G1 X159.775 Y195.741 E.08181
M204 S5000
G1 X159.379 Y195.8 F24000
G1 E-2 F2400
M204 S8000
G1 X155.059 Y194.037 F24000
G1 E2 F2400
M204 S5000
;TYPE:Internal infill
;WIDTH:0.45
G1 F13200
G1 X152.617 Y194.037 E.08266
G1 X151.565 Y195.089 E.05036
G1 X149.033 Y195.089 E.08571
G1 X147.981 Y194.037 E.05036
G1 X141.103 Y194.037 E.23281
G1 X140.051 Y195.089 E.05036
G1 X137.519 Y195.089 E.08571
G1 X136.467 Y194.037 E.05036
G1 X129.589 Y194.037 E.23281
G1 X128.537 Y195.089 E.05036
G1 X126.005 Y195.089 E.08571
G1 X124.953 Y194.037 E.05036
G1 X118.075 Y194.037 E.23281
G1 X117.023 Y195.089 E.05036
G1 X114.491 Y195.089 E.08571
G1 X113.439 Y194.037 E.05036
G1 X106.561 Y194.037 E.23281
G1 X105.509 Y195.089 E.05036
G1 X102.977 Y195.089 E.08571
G1 X101.925 Y194.037 E.05036
G1 X95.047 Y194.037 E.23281
G1 X93.995 Y195.089 E.05036
G1 X91.463 Y195.089 E.08571
G1 X90.411 Y194.037 E.05036
G1 X83.533 Y194.037 E.23281
G1 X82.481 Y195.089 E.05036
G1 X79.949 Y195.089 E.08571
G1 X78.897 Y194.037 E.05036
G1 X72.019 Y194.037 E.23281
G1 X70.967 Y195.089 E.05036
G1 X68.435 Y195.089 E.08571
G1 X67.383 Y194.037 E.05036
G1 X64.941 Y194.037 E.08266
G1 E-2 F2400
M204 S8000
G1 X159.368 Y200.306 F24000
G1 E2 F2400
M204 S4000
;TYPE:Perimeter
;WIDTH:0.449999
G1 F10800
G1 X159.368 Y201.969 E.05629
G1 X60.632 Y201.969 E3.34209
G1 X60.632 Y200.306 E.05629
G1 X159.308 Y200.306 E3.34006
M204 S5000
M204 S8000
G1 X159.775 Y199.899 F24000
M204 S4000
;TYPE:External perimeter
G1 F7200
G1 X159.775 Y202.376 E.08384
G1 X60.225 Y202.376 E3.36964
G1 X60.225 Y199.899 E.08384
G1 X159.715 Y199.899 E3.36761
M204 S5000
G1 X159.774 Y200.294 F24000
M204 S8000
G1 X159.063 Y201.547
M204 S5000
;TYPE:Internal infill
;WIDTH:0.45
G1 F13200
G1 X159.063 Y200.611 E.03168
G1 X157.556 Y200.611 E.05101
G1 X156.504 Y201.663 E.05036
G1 X155.608 Y201.663 E.03033
G1 X154.555 Y200.611 E.05038
G1 X146.042 Y200.611 E.28815
G1 X144.99 Y201.663 E.05036
G1 X144.094 Y201.663 E.03033
G1 X143.042 Y200.611 E.05036
G1 X134.528 Y200.611 E.28819
G1 X133.476 Y201.663 E.05036
G1 X132.58 Y201.663 E.03033
G1 X131.528 Y200.611 E.05036
G1 X123.014 Y200.611 E.28819
G1 X121.962 Y201.663 E.05036
G1 X121.066 Y201.663 E.03033
G1 X120.014 Y200.611 E.05036
G1 X111.5 Y200.611 E.28819
G1 X110.448 Y201.663 E.05036
G1 X109.552 Y201.663 E.03033
G1 X108.5 Y200.611 E.05036
G1 X99.986 Y200.611 E.28819
G1 X98.934 Y201.663 E.05036
G1 X98.038 Y201.663 E.03033
G1 X96.986 Y200.611 E.05036
G1 X88.472 Y200.611 E.28819
G1 X87.42 Y201.663 E.05036
G1 X86.524 Y201.663 E.03033
G1 X85.472 Y200.611 E.05036
G1 X76.958 Y200.611 E.28819
G1 X75.906 Y201.663 E.05036
G1 X75.01 Y201.663 E.03033
G1 X73.958 Y200.611 E.05036
G1 X65.445 Y200.611 E.28815
G1 X64.392 Y201.663 E.05038
G1 X63.496 Y201.663 E.03033
G1 X62.444 Y200.611 E.05036
G1 X60.937 Y200.611 E.05101
G1 X60.937 Y201.547 E.03168
M106 S237.15
;LAYER_CHANGE
;Z:4.6
;HEIGHT:0.2
G1 E-2 F2400
G1 Z4.6 F24000
M204 S8000
G1 X161.245 Y198.569
G1 E2 F2400
M204 S5000
;TYPE:Support material
;WIDTH:0.4
G1 F7200
G1 X58.755 Y198.569 E3.04306
M204 S8000
G1 X59.463 Y195.776 F24000
M204 S5000
G1 F7200
G1 X59.4 Y195.838 E.00262
G1 X59.4 Y196.555 E.02129
G1 X59.751 Y196.906 E.01474
G1 X160.249 Y196.906 E2.98392
G1 X160.6 Y196.555 E.01474
G1 X160.6 Y195.838 E.02129
G1 X160.538 Y195.734 E.00359
G1 X161.406 Y195.734 E.02577
G1 X161.406 Y201.405 E.16838
G1 X160.538 Y201.405 E.02577
G1 X160.6 Y199.145 E.06713
G1 X160.249 Y198.794 E.01474
G1 X59.751 Y198.794 E2.98392
G1 X59.4 Y199.145 E.01474
G1 X59.463 Y201.405 E.06713
G1 X58.594 Y201.405 E.0258
G1 X58.594 Y195.734 E.16838
G1 X59.451 Y195.734 E.02545
G1 E-2 F2400
M204 S8000
G1 X159.368 Y200.352 F24000
G1 E2 F2400
M204 S4000
;TYPE:Perimeter
;WIDTH:0.449999
G1 F10800
G1 X159.368 Y201.988 E.05538
G1 X60.632 Y201.988 E3.34209
G1 X60.632 Y200.352 E.05538
G1 X159.308 Y200.352 E3.34006
M204 S5000
M204 S8000
G1 X159.775 Y199.945 F24000
M204 S4000
;TYPE:External perimeter
G1 F7200
G1 X159.775 Y202.396 E.08296
G1 X60.225 Y202.396 E3.36964
G1 X60.225 Y199.945 E.08296
G1 X159.715 Y199.945 E3.36761
M204 S5000
G1 X159.774 Y200.341 F24000
M204 S8000
G1 X159.063 Y201.547
M204 S5000
;TYPE:Internal infill
;WIDTH:0.45
G1 F13200
G1 X159.063 Y200.657 E.03013
G1 X157.51 Y200.657 E.05257
G1 X156.484 Y201.683 E.04911
G1 X155.627 Y201.683 E.02901
G1 X154.602 Y200.657 E.04909
G1 X145.996 Y200.657 E.2913
G1 X144.97 Y201.683 E.04911
G1 X144.113 Y201.683 E.02901
G1 X143.088 Y200.657 E.04909
G1 X134.482 Y200.657 E.2913
G1 X133.456 Y201.683 E.04911
G1 X132.599 Y201.683 E.02901
G1 X131.574 Y200.657 E.04909
G1 X122.968 Y200.657 E.2913
G1 X121.942 Y201.683 E.04911
G1 X121.085 Y201.683 E.02901
G1 X120.06 Y200.657 E.04909
G1 X111.454 Y200.657 E.2913
G1 X110.428 Y201.683 E.04911
G1 X109.572 Y201.683 E.02897
G1 X108.546 Y200.657 E.04911
G1 X99.94 Y200.657 E.2913
G1 X98.914 Y201.683 E.04911
G1 X98.058 Y201.683 E.02897
G1 X97.032 Y200.657 E.04911
G1 X88.426 Y200.657 E.2913
G1 X87.401 Y201.683 E.04909
G1 X86.544 Y201.683 E.02901
G1 X85.518 Y200.657 E.04911
G1 X76.912 Y200.657 E.2913
G1 X75.887 Y201.683 E.04909
G1 X75.03 Y201.683 E.02901
G1 X74.004 Y200.657 E.04911
G1 X65.398 Y200.657 E.2913
G1 X64.373 Y201.683 E.04909
G1 X63.516 Y201.683 E.02901
G1 X62.49 Y200.657 E.04911
G1 X60.937 Y200.657 E.05257
G1 X60.937 Y201.547 E.03013
G1 E-2 F2400
M204 S8000
G1 X159.368 Y195.348 F24000
G1 E2 F2400
M204 S4000
;TYPE:Perimeter
;WIDTH:0.449999
G1 F10800
G1 X60.632 Y195.348 E3.34209
G1 X60.632 Y193.712 E.05538
G1 X159.368 Y193.712 E3.34209
G1 X159.368 Y195.288 E.05335
M204 S5000
M204 S8000
G1 X159.775 Y195.755 F24000
M204 S4000
;TYPE:External perimeter
G1 F7200
G1 X60.225 Y195.755 E3.36964
G1 X60.225 Y193.304 E.08296
G1 X159.775 Y193.304 E3.36964
G1 X159.775 Y195.695 E.08093
M204 S5000
G1 X159.379 Y195.754 F24000
G1 E-2 F2400
M204 S8000
G1 X155.079 Y194.017 F24000
G1 E2 F2400
M204 S5000
;TYPE:Internal infill
;WIDTH:0.45
G1 F13200
G1 X152.637 Y194.017 E.08266
G1 X151.611 Y195.043 E.04911
G1 X148.987 Y195.043 E.08882
G1 X147.961 Y194.017 E.04911
G1 X141.123 Y194.017 E.23146
G1 X140.097 Y195.043 E.04911
G1 X137.473 Y195.043 E.08882
G1 X136.447 Y194.017 E.04911
G1 X129.609 Y194.017 E.23146
G1 X128.583 Y195.043 E.04911
G1 X125.959 Y195.043 E.08882
G1 X124.933 Y194.017 E.04911
G1 X118.095 Y194.017 E.23146
G1 X117.069 Y195.043 E.04911
G1 X114.445 Y195.043 E.08882
G1 X113.419 Y194.017 E.04911
G1 X106.581 Y194.017 E.23146
G1 X105.555 Y195.043 E.04911
G1 X102.931 Y195.043 E.08882
G1 X101.905 Y194.017 E.04911
G1 X95.067 Y194.017 E.23146
G1 X94.041 Y195.043 E.04911
G1 X91.417 Y195.043 E.08882
G1 X90.391 Y194.017 E.04911
G1 X83.553 Y194.017 E.23146
G1 X82.527 Y195.043 E.04911
G1 X79.903 Y195.043 E.08882
G1 X78.877 Y194.017 E.04911
G1 X72.039 Y194.017 E.23146
G1 X71.013 Y195.043 E.04911
G1 X68.389 Y195.043 E.08882
G1 X67.363 Y194.017 E.04911
G1 X64.921 Y194.017 E.08266
M106 S247.35
;LAYER_CHANGE
;Z:4.8
;HEIGHT:0.2
G1 E-2 F2400
G1 Z4.8 F24000
M204 S8000
G1 X159.368 Y200.372
G1 E2 F2400
M204 S4000
;TYPE:Perimeter
;WIDTH:0.449999
G1 F10800
G1 X159.368 Y202.008 E.05538
G1 X60.632 Y202.008 E3.34209
G1 X60.632 Y200.372 E.05538
G1 X159.308 Y200.372 E3.34006
M204 S5000
M204 S8000
G1 X159.775 Y199.965 F24000
M204 S4000
;TYPE:External perimeter
G1 F7200
G1 X159.775 Y202.415 E.08293
G1 X60.225 Y202.415 E3.36964
G1 X60.225 Y199.965 E.08293
G1 X159.715 Y199.965 E3.36761
M204 S5000
G1 X159.774 Y200.361 F24000
M204 S8000
G1 X159.063 Y201.547
M204 S5000
;TYPE:Internal infill
;WIDTH:0.45
G1 F13200
G1 X159.063 Y200.677 E.02945
G1 X157.49 Y200.677 E.05324
G1 X156.465 Y201.703 E.04909
G1 X155.647 Y201.703 E.02769
G1 X154.622 Y200.677 E.04909
G1 X145.976 Y200.677 E.29266
G1 X144.951 Y201.703 E.04909
G1 X144.133 Y201.703 E.02769
G1 X143.108 Y200.677 E.04909
G1 X134.462 Y200.677 E.29266
G1 X133.437 Y201.703 E.04909
G1 X132.619 Y201.703 E.02769
G1 X131.594 Y200.677 E.04909
G1 X122.948 Y200.677 E.29266
G1 X121.923 Y201.703 E.04909
G1 X121.105 Y201.703 E.02769
G1 X120.08 Y200.677 E.04909
G1 X111.434 Y200.677 E.29266
G1 X110.409 Y201.703 E.04909
G1 X109.591 Y201.703 E.02769
G1 X108.566 Y200.677 E.04909
G1 X99.92 Y200.677 E.29266
G1 X98.895 Y201.703 E.04909
G1 X98.077 Y201.703 E.02769
G1 X97.052 Y200.677 E.04909
G1 X88.406 Y200.677 E.29266
G1 X87.381 Y201.703 E.04909
G1 X86.563 Y201.703 E.02769
G1 X85.538 Y200.677 E.04909
G1 X76.892 Y200.677 E.29266
G1 X75.867 Y201.703 E.04909
G1 X75.049 Y201.703 E.02769
G1 X74.024 Y200.677 E.04909
G1 X65.378 Y200.677 E.29266
G1 X64.353 Y201.703 E.04909
G1 X63.535 Y201.703 E.02769
G1 X62.51 Y200.677 E.04909
G1 X60.937 Y200.677 E.05324
G1 X60.937 Y201.547 E.02945
G1 E-2 F2400
M204 S8000
G1 X159.368 Y195.328 F24000
G1 E2 F2400
M204 S4000
;TYPE:Perimeter
;WIDTH:0.449999
G1 F10800
G1 X60.632 Y195.328 E3.34209
G1 X60.632 Y193.692 E.05538
G1 X159.368 Y193.692 E3.34209
G1 X159.368 Y195.268 E.05335
M204 S5000
M204 S8000
G1 X159.775 Y195.735 F24000
M204 S4000
;TYPE:External perimeter
G1 F7200
G1 X60.225 Y195.735 E3.36964
G1 X60.225 Y193.285 E.08293
G1 X159.775 Y193.285 E3.36964
G1 X159.775 Y195.675 E.0809
M204 S5000
G1 X159.379 Y195.734 F24000
G1 E-2 F2400
M204 S8000
G1 X155.099 Y193.997 F24000
G1 E2 F2400
M204 S5000
;TYPE:Internal infill
;WIDTH:0.45
G1 F13200
G1 X152.656 Y193.997 E.08269
G1 X151.631 Y195.023 E.04909
G1 X148.967 Y195.023 E.09017
G1 X147.941 Y193.997 E.04911
G1 X141.142 Y193.997 E.23014
G1 X140.117 Y195.023 E.04909
G1 X137.453 Y195.023 E.09017
G1 X136.427 Y193.997 E.04911
G1 X129.628 Y193.997 E.23014
G1 X128.603 Y195.023 E.04909
G1 X125.939 Y195.023 E.09017
G1 X124.914 Y193.997 E.04909
G1 X118.114 Y193.997 E.23017
G1 X117.089 Y195.023 E.04909
G1 X114.425 Y195.023 E.09017
G1 X113.4 Y193.997 E.04909
G1 X106.6 Y193.997 E.23017
G1 X105.575 Y195.023 E.04909
G1 X102.911 Y195.023 E.09017
G1 X101.886 Y193.997 E.04909
G1 X95.086 Y193.997 E.23017
G1 X94.061 Y195.023 E.04909
G1 X91.397 Y195.023 E.09017
G1 X90.372 Y193.997 E.04909
G1 X83.573 Y193.997 E.23014
G1 X82.547 Y195.023 E.04911
G1 X79.883 Y195.023 E.09017
G1 X78.858 Y193.997 E.04909
G1 X72.059 Y193.997 E.23014
G1 X71.033 Y195.023 E.04911
G1 X68.369 Y195.023 E.09017
G1 X67.344 Y193.997 E.04909
G1 X64.901 Y193.997 E.08269
M106 S237.15
;LAYER_CHANGE
;Z:4.88
;HEIGHT:0.0799999
G1 E-2 F2400
G1 Z4.88 F24000
M204 S8000
G1 X161.252 Y198.569
G1 E2 F2400
M204 S5000
;TYPE:Support material
;WIDTH:0.4
;HEIGHT:0.28
G1 F7200
G1 X58.748 Y198.569 E4.05601
M204 S8000
G1 X59.463 Y195.776 F24000
M204 S5000
G1 F7200
G1 X59.4 Y195.838 E.0035
G1 X59.4 Y196.436 E.02366
G1 X59.751 Y196.787 E.01964
G1 X160.249 Y196.787 E3.97663
G1 X160.6 Y196.436 E.01964
G1 X160.6 Y195.838 E.02366
G1 X160.538 Y195.734 E.00479
G1 X161.406 Y195.734 E.03435
G1 X161.406 Y201.405 E.2244
G1 X160.538 Y201.405 E.03435
G1 X160.6 Y199.264 E.08475
G1 X160.249 Y198.913 E.01964
G1 X59.751 Y198.913 E3.97663
G1 X59.4 Y199.264 E.01964
G1 X59.463 Y201.405 E.08475
G1 X58.594 Y201.405 E.03439
G1 X58.594 Y195.734 E.2244
G1 X59.454 Y195.734 E.03403
;LAYER_CHANGE
;Z:5
;HEIGHT:0.12
G1 E-2 F2400
G1 Z5 F24000
M204 S8000
G1 X159.368 Y200.372
G1 E2 F2400
M204 S4000
;TYPE:Perimeter
;WIDTH:0.449999
;HEIGHT:0.2
G1 F10800
G1 X159.368 Y202.008 E.05538
G1 X60.632 Y202.008 E3.34209
G1 X60.632 Y200.372 E.05538
G1 X159.308 Y200.372 E3.34006
M204 S5000
M204 S8000
G1 X159.775 Y199.965 F24000
M204 S4000
;TYPE:External perimeter
G1 F7200
G1 X159.775 Y202.415 E.08293
G1 X60.225 Y202.415 E3.36964
G1 X60.225 Y199.965 E.08293
G1 X159.715 Y199.965 E3.36761
M204 S5000
G1 X159.774 Y200.361 F24000
M204 S8000
G1 X159.063 Y201.547
M204 S5000
;TYPE:Internal infill
;WIDTH:0.45
G1 F13200
G1 X159.063 Y200.677 E.02945
G1 X157.49 Y200.677 E.05324
G1 X156.465 Y201.703 E.04909
G1 X155.647 Y201.703 E.02769
G1 X154.622 Y200.677 E.04909
G1 X145.976 Y200.677 E.29266
G1 X144.951 Y201.703 E.04909
G1 X144.133 Y201.703 E.02769
G1 X143.108 Y200.677 E.04909
G1 X134.462 Y200.677 E.29266
G1 X133.437 Y201.703 E.04909
G1 X132.619 Y201.703 E.02769
G1 X131.594 Y200.677 E.04909
G1 X122.948 Y200.677 E.29266
G1 X121.923 Y201.703 E.04909
G1 X121.105 Y201.703 E.02769
G1 X120.08 Y200.677 E.04909
G1 X111.434 Y200.677 E.29266
G1 X110.409 Y201.703 E.04909
G1 X109.591 Y201.703 E.02769
G1 X108.566 Y200.677 E.04909
G1 X99.92 Y200.677 E.29266
G1 X98.895 Y201.703 E.04909
G1 X98.077 Y201.703 E.02769
G1 X97.052 Y200.677 E.04909
G1 X88.406 Y200.677 E.29266
G1 X87.381 Y201.703 E.04909
G1 X86.563 Y201.703 E.02769
G1 X85.538 Y200.677 E.04909
G1 X76.892 Y200.677 E.29266
G1 X75.867 Y201.703 E.04909
G1 X75.049 Y201.703 E.02769
G1 X74.024 Y200.677 E.04909
G1 X65.378 Y200.677 E.29266
G1 X64.353 Y201.703 E.04909
G1 X63.535 Y201.703 E.02769
G1 X62.51 Y200.677 E.04909
G1 X60.937 Y200.677 E.05324
G1 X60.937 Y201.547 E.02945
G1 E-2 F2400
M204 S8000
G1 X159.368 Y195.328 F24000
G1 E2 F2400
M204 S4000
;TYPE:Perimeter
;WIDTH:0.449999
G1 F10800
G1 X60.632 Y195.328 E3.34209
G1 X60.632 Y193.692 E.05538
G1 X159.368 Y193.692 E3.34209
G1 X159.368 Y195.268 E.05335
M204 S5000
M204 S8000
G1 X159.775 Y195.735 F24000
M204 S4000
;TYPE:External perimeter
G1 F7200
G1 X60.225 Y195.735 E3.36964
G1 X60.225 Y193.285 E.08293
G1 X159.775 Y193.285 E3.36964
G1 X159.775 Y195.675 E.0809
M204 S5000
G1 X159.379 Y195.734 F24000
G1 E-2 F2400
M204 S8000
G1 X155.099 Y193.997 F24000
G1 E2 F2400
M204 S5000
;TYPE:Internal infill
;WIDTH:0.45
G1 F13200
G1 X152.656 Y193.997 E.08269
G1 X151.631 Y195.023 E.04909
G1 X148.967 Y195.023 E.09017
G1 X147.941 Y193.997 E.04911
G1 X141.142 Y193.997 E.23014
G1 X140.117 Y195.023 E.04909
G1 X137.453 Y195.023 E.09017
G1 X136.427 Y193.997 E.04911
G1 X129.628 Y193.997 E.23014
G1 X128.603 Y195.023 E.04909
G1 X125.939 Y195.023 E.09017
G1 X124.914 Y193.997 E.04909
G1 X118.114 Y193.997 E.23017
G1 X117.089 Y195.023 E.04909
G1 X114.425 Y195.023 E.09017
G1 X113.4 Y193.997 E.04909
G1 X106.6 Y193.997 E.23017
G1 X105.575 Y195.023 E.04909
G1 X102.911 Y195.023 E.09017
G1 X101.886 Y193.997 E.04909
G1 X95.086 Y193.997 E.23017
G1 X94.061 Y195.023 E.04909
G1 X91.397 Y195.023 E.09017
G1 X90.372 Y193.997 E.04909
G1 X83.573 Y193.997 E.23014
G1 X82.547 Y195.023 E.04911
G1 X79.883 Y195.023 E.09017
G1 X78.858 Y193.997 E.04909
G1 X72.059 Y193.997 E.23014
G1 X71.033 Y195.023 E.04911
G1 X68.369 Y195.023 E.09017
G1 X67.344 Y193.997 E.04909
G1 X64.901 Y193.997 E.08269
;LAYER_CHANGE
;Z:5.16
;HEIGHT:0.16
G1 E-2 F2400
G1 Z5.16 F24000
M204 S8000
G1 X161.252 Y198.569
G1 E2 F2400
M204 S5000
;TYPE:Support material
;WIDTH:0.4
;HEIGHT:0.28
G1 F7200
G1 X58.748 Y198.569 E4.05601
M204 S8000
G1 X59.463 Y196.249 F24000
M204 S5000
G1 F7200
G1 X59.777 Y196.564 E.0176
G1 X160.223 Y196.564 E3.97457
G1 X160.538 Y196.249 E.01763
G1 X160.538 Y195.734 E.02038
G1 X161.406 Y195.734 E.03435
G1 X161.406 Y201.405 E.2244
G1 X160.538 Y201.405 E.03435
G1 X160.538 Y199.451 E.07732
G1 X160.223 Y199.136 E.01763
G1 X59.777 Y199.136 E3.97457
G1 X59.463 Y199.451 E.0176
G1 X59.463 Y201.405 E.07732
G1 X58.594 Y201.405 E.03439
G1 X58.594 Y195.734 E.2244
G1 X59.463 Y195.734 E.03439
G1 X59.463 Y196.198 E.01836
;LAYER_CHANGE
;Z:5.2
;HEIGHT:0.04
G1 E-2 F2400
G1 Z5.2 F24000
M204 S8000
G1 X159.368 Y200.352
G1 E2 F2400
M204 S4000
;TYPE:Perimeter
;WIDTH:0.449999
;HEIGHT:0.2
G1 F10800
G1 X159.368 Y201.988 E.05538
G1 X60.632 Y201.988 E3.34209
G1 X60.632 Y200.352 E.05538
G1 X159.308 Y200.352 E3.34006
M204 S5000
M204 S8000
G1 X159.775 Y199.945 F24000
M204 S4000
;TYPE:External perimeter
G1 F7200
G1 X159.775 Y202.396 E.08296
G1 X60.225 Y202.396 E3.36964
G1 X60.225 Y199.945 E.08296
G1 X159.715 Y199.945 E3.36761
M204 S5000
G1 X159.774 Y200.341 F24000
M204 S8000
G1 X159.063 Y201.547
M204 S5000
;TYPE:Internal infill
;WIDTH:0.45
G1 F13200
G1 X159.063 Y200.657 E.03013
G1 X157.51 Y200.657 E.05257
G1 X156.484 Y201.683 E.04911
G1 X155.627 Y201.683 E.02901
G1 X154.602 Y200.657 E.04909
G1 X145.996 Y200.657 E.2913
G1 X144.97 Y201.683 E.04911
G1 X144.113 Y201.683 E.02901
G1 X143.088 Y200.657 E.04909
G1 X134.482 Y200.657 E.2913
G1 X133.456 Y201.683 E.04911
G1 X132.599 Y201.683 E.02901
G1 X131.574 Y200.657 E.04909
G1 X122.968 Y200.657 E.2913
G1 X121.942 Y201.683 E.04911
G1 X121.085 Y201.683 E.02901
G1 X120.06 Y200.657 E.04909
G1 X111.454 Y200.657 E.2913
G1 X110.428 Y201.683 E.04911
G1 X109.572 Y201.683 E.02897
G1 X108.546 Y200.657 E.04911
G1 X99.94 Y200.657 E.2913
G1 X98.914 Y201.683 E.04911
G1 X98.058 Y201.683 E.02897
G1 X97.032 Y200.657 E.04911
G1 X88.426 Y200.657 E.2913
G1 X87.401 Y201.683 E.04909
G1 X86.544 Y201.683 E.02901
G1 X85.518 Y200.657 E.04911
G1 X76.912 Y200.657 E.2913
G1 X75.887 Y201.683 E.04909
G1 X75.03 Y201.683 E.02901
G1 X74.004 Y200.657 E.04911
G1 X65.398 Y200.657 E.2913
G1 X64.373 Y201.683 E.04909
G1 X63.516 Y201.683 E.02901
G1 X62.49 Y200.657 E.04911
G1 X60.937 Y200.657 E.05257
G1 X60.937 Y201.547 E.03013
G1 E-2 F2400
M204 S8000
G1 X159.368 Y195.348 F24000
G1 E2 F2400
M204 S4000
;TYPE:Perimeter
;WIDTH:0.449999
G1 F10800
G1 X60.632 Y195.348 E3.34209
G1 X60.632 Y193.712 E.05538
G1 X159.368 Y193.712 E3.34209
G1 X159.368 Y195.288 E.05335
M204 S5000
M204 S8000
G1 X159.775 Y195.755 F24000
M204 S4000
;TYPE:External perimeter
G1 F7200
G1 X60.225 Y195.755 E3.36964
G1 X60.225 Y193.304 E.08296
G1 X159.775 Y193.304 E3.36964
G1 X159.775 Y195.695 E.08093
M204 S5000
G1 X159.379 Y195.754 F24000
G1 E-2 F2400
M204 S8000
G1 X155.079 Y194.017 F24000
G1 E2 F2400
M204 S5000
;TYPE:Internal infill
;WIDTH:0.45
G1 F13200
G1 X152.637 Y194.017 E.08266
G1 X151.611 Y195.043 E.04911
G1 X148.987 Y195.043 E.08882
G1 X147.961 Y194.017 E.04911
G1 X141.123 Y194.017 E.23146
G1 X140.097 Y195.043 E.04911
G1 X137.473 Y195.043 E.08882
G1 X136.447 Y194.017 E.04911
G1 X129.609 Y194.017 E.23146
G1 X128.583 Y195.043 E.04911
G1 X125.959 Y195.043 E.08882
G1 X124.933 Y194.017 E.04911
G1 X118.095 Y194.017 E.23146
G1 X117.069 Y195.043 E.04911
G1 X114.445 Y195.043 E.08882
G1 X113.419 Y194.017 E.04911
G1 X106.581 Y194.017 E.23146
G1 X105.555 Y195.043 E.04911
G1 X102.931 Y195.043 E.08882
G1 X101.905 Y194.017 E.04911
G1 X95.067 Y194.017 E.23146
G1 X94.041 Y195.043 E.04911
G1 X91.417 Y195.043 E.08882
G1 X90.391 Y194.017 E.04911
G1 X83.553 Y194.017 E.23146
G1 X82.527 Y195.043 E.04911
G1 X79.903 Y195.043 E.08882
G1 X78.877 Y194.017 E.04911
G1 X72.039 Y194.017 E.23146
G1 X71.013 Y195.043 E.04911
G1 X68.389 Y195.043 E.08882
G1 X67.363 Y194.017 E.04911
G1 X64.921 Y194.017 E.08266
M106 S247.35
;LAYER_CHANGE
;Z:5.4
;HEIGHT:0.2
G1 E-2 F2400
G1 Z5.4 F24000
M204 S8000
G1 X159.368 Y200.306
G1 E2 F2400
M204 S4000
;TYPE:Perimeter
;WIDTH:0.449999
G1 F10800
G1 X159.368 Y201.969 E.05629
G1 X60.632 Y201.969 E3.34209
G1 X60.632 Y200.306 E.05629
G1 X159.308 Y200.306 E3.34006
M204 S5000
M204 S8000
G1 X159.775 Y199.899 F24000
M204 S4000
;TYPE:External perimeter
G1 F7200
G1 X159.775 Y202.376 E.08384
G1 X60.225 Y202.376 E3.36964
G1 X60.225 Y199.899 E.08384
G1 X159.715 Y199.899 E3.36761
M204 S5000
G1 X159.774 Y200.294 F24000
M204 S8000
G1 X159.063 Y201.547
M204 S5000
;TYPE:Internal infill
;WIDTH:0.45
G1 F13200
G1 X159.063 Y200.611 E.03168
G1 X157.556 Y200.611 E.05101
G1 X156.504 Y201.663 E.05036
G1 X155.608 Y201.663 E.03033
G1 X154.555 Y200.611 E.05038
G1 X146.042 Y200.611 E.28815
G1 X144.99 Y201.663 E.05036
G1 X144.094 Y201.663 E.03033
G1 X143.041 Y200.611 E.05038
G1 X134.528 Y200.611 E.28815
G1 X133.476 Y201.663 E.05036
G1 X132.58 Y201.663 E.03033
G1 X131.528 Y200.611 E.05036
G1 X123.014 Y200.611 E.28819
G1 X121.962 Y201.663 E.05036
G1 X121.066 Y201.663 E.03033
G1 X120.014 Y200.611 E.05036
G1 X111.5 Y200.611 E.28819
G1 X110.448 Y201.663 E.05036
G1 X109.552 Y201.663 E.03033
G1 X108.5 Y200.611 E.05036
G1 X99.986 Y200.611 E.28819
G1 X98.934 Y201.663 E.05036
G1 X98.038 Y201.663 E.03033
G1 X96.986 Y200.611 E.05036
G1 X88.472 Y200.611 E.28819
G1 X87.42 Y201.663 E.05036
G1 X86.524 Y201.663 E.03033
G1 X85.472 Y200.611 E.05036
G1 X76.958 Y200.611 E.28819
G1 X75.906 Y201.663 E.05036
G1 X75.01 Y201.663 E.03033
G1 X73.958 Y200.611 E.05036
G1 X65.445 Y200.611 E.28815
G1 X64.392 Y201.663 E.05038
G1 X63.496 Y201.663 E.03033
G1 X62.444 Y200.611 E.05036
G1 X60.937 Y200.611 E.05101
G1 X60.937 Y201.547 E.03168
G1 E-2 F2400
M204 S8000
G1 X159.368 Y195.394 F24000
G1 E2 F2400
M204 S4000
;TYPE:Perimeter
;WIDTH:0.449999
G1 F10800
G1 X60.632 Y195.394 E3.34209
G1 X60.632 Y193.731 E.05629
G1 X159.368 Y193.731 E3.34209
G1 X159.368 Y195.334 E.05426
M204 S5000
M204 S8000
G1 X159.775 Y195.801 F24000
M204 S4000
;TYPE:External perimeter
G1 F7200
G1 X60.225 Y195.801 E3.36964
G1 X60.225 Y193.324 E.08384
G1 X159.775 Y193.324 E3.36964
G1 X159.775 Y195.741 E.08181
M204 S5000
G1 X159.379 Y195.8 F24000
G1 E-2 F2400
M204 S8000
G1 X155.059 Y194.037 F24000
G1 E2 F2400
M204 S5000
;TYPE:Internal infill
;WIDTH:0.45
G1 F13200
G1 X152.617 Y194.037 E.08266
G1 X151.565 Y195.089 E.05036
G1 X149.033 Y195.089 E.08571
G1 X147.981 Y194.037 E.05036
G1 X141.103 Y194.037 E.23281
G1 X140.051 Y195.089 E.05036
G1 X137.519 Y195.089 E.08571
G1 X136.467 Y194.037 E.05036
G1 X129.589 Y194.037 E.23281
G1 X128.537 Y195.089 E.05036
G1 X126.005 Y195.089 E.08571
G1 X124.953 Y194.037 E.05036
G1 X118.075 Y194.037 E.23281
G1 X117.023 Y195.089 E.05036
G1 X114.491 Y195.089 E.08571
G1 X113.439 Y194.037 E.05036
G1 X106.561 Y194.037 E.23281
G1 X105.509 Y195.089 E.05036
G1 X102.977 Y195.089 E.08571
G1 X101.925 Y194.037 E.05036
G1 X95.047 Y194.037 E.23281
G1 X93.995 Y195.089 E.05036
G1 X91.463 Y195.089 E.08571
G1 X90.411 Y194.037 E.05036
G1 X83.533 Y194.037 E.23281
G1 X82.481 Y195.089 E.05036
G1 X79.949 Y195.089 E.08571
G1 X78.897 Y194.037 E.05036
G1 X72.019 Y194.037 E.23281
G1 X70.967 Y195.089 E.05036
G1 X68.435 Y195.089 E.08571
G1 X67.383 Y194.037 E.05036
G1 X64.941 Y194.037 E.08266
M106 S237.15
;LAYER_CHANGE
;Z:5.44
;HEIGHT:0.04
G1 E-2 F2400
G1 Z5.44 F24000
M204 S8000
G1 X161.252 Y198.569
G1 E2 F2400
M204 S5000
;TYPE:Support material
;WIDTH:0.4
;HEIGHT:0.28
G1 F7200
G1 X58.748 Y198.569 E4.05601
M204 S8000
G1 X59.463 Y196.41 F24000
M204 S5000
G1 F7200
G1 X59.777 Y196.725 E.0176
G1 X160.223 Y196.725 E3.97457
G1 X160.538 Y196.41 E.01763
G1 X160.538 Y195.734 E.02675
G1 X161.406 Y195.734 E.03435
G1 X161.406 Y201.405 E.2244
G1 X160.538 Y201.405 E.03435
G1 X160.538 Y199.29 E.08369
G1 X160.223 Y198.975 E.01763
G1 X59.777 Y198.975 E3.97457
G1 X59.463 Y199.29 E.0176
G1 X59.463 Y201.405 E.08369
G1 X58.594 Y201.405 E.03439
G1 X58.594 Y195.734 E.2244
G1 X59.463 Y195.734 E.03439
G1 X59.463 Y196.359 E.02473
;LAYER_CHANGE
;Z:5.6
;HEIGHT:0.16
G1 E-2 F2400
G1 Z5.6 F24000
M204 S8000
G1 X159.368 Y200.245
G1 E2 F2400
M204 S4000
;TYPE:Perimeter
;WIDTH:0.449999
;HEIGHT:0.2
G1 F10800
G1 X159.368 Y201.949 E.05768
G1 X60.632 Y201.949 E3.34209
G1 X60.632 Y200.245 E.05768
G1 X159.308 Y200.245 E3.34006
M204 S5000
M204 S8000
G1 X159.775 Y199.838 F24000
M204 S4000
;TYPE:External perimeter
G1 F7200
G1 X159.775 Y202.356 E.08523
G1 X60.225 Y202.356 E3.36964
G1 X60.225 Y199.838 E.08523
G1 X159.715 Y199.838 E3.36761
M204 S5000
G1 X159.774 Y200.234 F24000
M204 S8000
G1 X159.063 Y201.547
M204 S5000
;TYPE:Internal infill
;WIDTH:0.45
G1 F13200
G1 X159.063 Y200.551 E.03371
G1 X157.617 Y200.551 E.04895
G1 X156.524 Y201.644 E.05232
G1 X155.588 Y201.644 E.03168
G1 X154.495 Y200.551 E.05232
G1 X146.103 Y200.551 E.28406
G1 X145.01 Y201.644 E.05232
G1 X144.074 Y201.644 E.03168
G1 X142.981 Y200.551 E.05232
G1 X134.589 Y200.551 E.28406
G1 X133.496 Y201.644 E.05232
G1 X132.56 Y201.644 E.03168
G1 X131.467 Y200.551 E.05232
G1 X123.075 Y200.551 E.28406
G1 X121.982 Y201.644 E.05232
G1 X121.046 Y201.644 E.03168
G1 X119.953 Y200.551 E.05232
G1 X111.561 Y200.551 E.28406
G1 X110.468 Y201.644 E.05232
G1 X109.532 Y201.644 E.03168
G1 X108.439 Y200.551 E.05232
G1 X100.047 Y200.551 E.28406
G1 X98.954 Y201.644 E.05232
G1 X98.018 Y201.644 E.03168
G1 X96.925 Y200.551 E.05232
G1 X88.533 Y200.551 E.28406
G1 X87.44 Y201.644 E.05232
G1 X86.504 Y201.644 E.03168
G1 X85.411 Y200.551 E.05232
G1 X77.019 Y200.551 E.28406
G1 X75.926 Y201.644 E.05232
G1 X74.99 Y201.644 E.03168
G1 X73.897 Y200.551 E.05232
G1 X65.505 Y200.551 E.28406
G1 X64.412 Y201.644 E.05232
G1 X63.476 Y201.644 E.03168
G1 X62.383 Y200.551 E.05232
G1 X60.937 Y200.551 E.04895
G1 X60.937 Y201.547 E.03371
G1 E-2 F2400
M204 S8000
G1 X159.368 Y195.455 F24000
G1 E2 F2400
M204 S4000
;TYPE:Perimeter
;WIDTH:0.449999
G1 F10800
G1 X60.632 Y195.455 E3.34209
G1 X60.632 Y193.751 E.05768
G1 X159.368 Y193.751 E3.34209
G1 X159.368 Y195.395 E.05565
M204 S5000
M204 S8000
G1 X159.775 Y195.862 F24000
M204 S4000
;TYPE:External perimeter
G1 F7200
G1 X60.225 Y195.862 E3.36964
G1 X60.225 Y193.344 E.08523
G1 X159.775 Y193.344 E3.36964
G1 X159.775 Y195.802 E.0832
M204 S5000
G1 X159.379 Y195.861 F24000
G1 E-2 F2400
M204 S8000
G1 X155.04 Y194.056 F24000
G1 E2 F2400
M204 S5000
;TYPE:Internal infill
;WIDTH:0.45
G1 F13200
G1 X152.597 Y194.056 E.08269
G1 X151.504 Y195.149 E.05232
G1 X149.094 Y195.149 E.08158
G1 X148 Y194.056 E.05235
G1 X141.083 Y194.056 E.23413
G1 X139.99 Y195.149 E.05232
G1 X137.58 Y195.149 E.08158
G1 X136.486 Y194.056 E.05235
G1 X129.569 Y194.056 E.23413
G1 X128.476 Y195.149 E.05232
G1 X126.066 Y195.149 E.08158
G1 X124.972 Y194.056 E.05235
G1 X118.055 Y194.056 E.23413
G1 X116.962 Y195.149 E.05232
G1 X114.552 Y195.149 E.08158
G1 X113.459 Y194.056 E.05232
G1 X106.541 Y194.056 E.23417
G1 X105.448 Y195.149 E.05232
G1 X103.038 Y195.149 E.08158
G1 X101.945 Y194.056 E.05232
G1 X95.027 Y194.056 E.23417
G1 X93.934 Y195.149 E.05232
G1 X91.524 Y195.149 E.08158
G1 X90.431 Y194.056 E.05232
G1 X83.514 Y194.056 E.23413
G1 X82.42 Y195.149 E.05235
G1 X80.01 Y195.149 E.08158
G1 X78.917 Y194.056 E.05232
G1 X72 Y194.056 E.23413
G1 X70.906 Y195.149 E.05235
G1 X68.496 Y195.149 E.08158
G1 X67.403 Y194.056 E.05232
G1 X64.96 Y194.056 E.08269
;LAYER_CHANGE
;Z:5.72
;HEIGHT:0.12
G1 E-2 F2400
G1 Z5.72 F24000
M204 S8000
G1 X161.252 Y198.569
G1 E2 F2400
M204 S5000
;TYPE:Support material
;WIDTH:0.4
;HEIGHT:0.28
G1 F7200
G1 X58.748 Y198.569 E4.05601
M204 S8000
G1 X59.463 Y196.529 F24000
M204 S5000
G1 F7200
G1 X59.777 Y196.844 E.0176
G1 X160.223 Y196.844 E3.97457
G1 X160.538 Y196.529 E.01763
G1 X160.538 Y195.734 E.03146
G1 X161.406 Y195.734 E.03435
G1 X161.406 Y201.405 E.2244
G1 X160.538 Y201.405 E.03435
G1 X160.538 Y199.171 E.0884
G1 X160.223 Y198.856 E.01763
G1 X59.777 Y198.856 E3.97457
G1 X59.463 Y199.171 E.0176
G1 X59.463 Y201.405 E.0884
G1 X58.594 Y201.405 E.03439
G1 X58.594 Y195.734 E.2244
G1 X59.463 Y195.734 E.03439
G1 X59.463 Y196.478 E.02944
;LAYER_CHANGE
;Z:5.8
;HEIGHT:0.0800004
G1 E-2 F2400
G1 Z5.8 F24000
M204 S8000
G1 X159.368 Y200.145
G1 E2 F2400
M204 S4000
;TYPE:Perimeter
;WIDTH:0.449999
;HEIGHT:0.2
G1 F10800
G1 X159.368 Y201.929 E.06039
G1 X60.632 Y201.929 E3.34209
G1 X60.632 Y200.145 E.06039
G1 X159.308 Y200.145 E3.34006
M204 S5000
M204 S8000
G1 X159.775 Y199.738 F24000
M204 S4000
;TYPE:External perimeter
G1 F7200
G1 X159.775 Y202.337 E.08797
G1 X60.225 Y202.337 E3.36964
G1 X60.225 Y199.738 E.08797
G1 X159.715 Y199.738 E3.36761
M204 S5000
G1 X159.774 Y200.134 F24000
M204 S8000
G1 X159.063 Y201.547
M204 S5000
;TYPE:Internal infill
;WIDTH:0.45
G1 F13200
G1 X159.063 Y200.45 E.03713
G1 X157.717 Y200.45 E.04556
G1 X156.543 Y201.624 E.0562
G1 X155.568 Y201.624 E.033
G1 X154.395 Y200.45 E.05617
G1 X146.203 Y200.45 E.27729
G1 X145.029 Y201.624 E.0562
G1 X144.054 Y201.624 E.033
G1 X142.881 Y200.45 E.05617
G1 X134.689 Y200.45 E.27729
G1 X133.515 Y201.624 E.0562
G1 X132.54 Y201.624 E.033
G1 X131.367 Y200.45 E.05617
G1 X123.175 Y200.45 E.27729
G1 X122.001 Y201.624 E.0562
G1 X121.027 Y201.624 E.03297
G1 X119.853 Y200.45 E.0562
G1 X111.661 Y200.45 E.27729
G1 X110.487 Y201.624 E.0562
G1 X109.513 Y201.624 E.03297
G1 X108.339 Y200.45 E.0562
G1 X100.147 Y200.45 E.27729
G1 X98.973 Y201.624 E.0562
G1 X97.999 Y201.624 E.03297
G1 X96.825 Y200.45 E.0562
G1 X88.633 Y200.45 E.27729
G1 X87.46 Y201.624 E.05617
G1 X86.485 Y201.624 E.033
G1 X85.311 Y200.45 E.0562
G1 X77.119 Y200.45 E.27729
G1 X75.946 Y201.624 E.05617
G1 X74.971 Y201.624 E.033
G1 X73.797 Y200.45 E.0562
G1 X65.605 Y200.45 E.27729
G1 X64.432 Y201.624 E.05617
G1 X63.457 Y201.624 E.033
G1 X62.283 Y200.45 E.0562
G1 X60.937 Y200.45 E.04556
G1 X60.937 Y201.547 E.03713
G1 E-2 F2400
M204 S8000
G1 X159.368 Y195.555 F24000
G1 E2 F2400
M204 S4000
;TYPE:Perimeter
;WIDTH:0.449999
G1 F10800
G1 X60.632 Y195.555 E3.34209
G1 X60.632 Y193.771 E.06039
G1 X159.368 Y193.771 E3.34209
G1 X159.368 Y195.495 E.05836
M204 S5000
M204 S8000
G1 X159.775 Y195.962 F24000
M204 S4000
;TYPE:External perimeter
G1 F7200
G1 X60.225 Y195.962 E3.36964
G1 X60.225 Y193.363 E.08797
G1 X159.775 Y193.363 E3.36964
G1 X159.775 Y195.902 E.08594
M204 S5000
G1 X159.379 Y195.961 F24000
G1 E-2 F2400
M204 S8000
G1 X155.02 Y194.076 F24000
G1 E2 F2400
M204 S5000
;TYPE:Internal infill
;WIDTH:0.45
G1 F13200
G1 X152.578 Y194.076 E.08266
G1 X151.404 Y195.25 E.0562
G1 X149.194 Y195.25 E.07481
G1 X148.02 Y194.076 E.0562
G1 X141.064 Y194.076 E.23545
G1 X139.89 Y195.25 E.0562
G1 X137.68 Y195.25 E.07481
G1 X136.506 Y194.076 E.0562
G1 X129.55 Y194.076 E.23545
G1 X128.376 Y195.25 E.0562
G1 X126.166 Y195.25 E.07481
G1 X124.992 Y194.076 E.0562
G1 X118.036 Y194.076 E.23545
G1 X116.862 Y195.25 E.0562
G1 X114.652 Y195.25 E.07481
G1 X113.478 Y194.076 E.0562
G1 X106.522 Y194.076 E.23545
G1 X105.348 Y195.25 E.0562
G1 X103.138 Y195.25 E.07481
G1 X101.964 Y194.076 E.0562
G1 X95.008 Y194.076 E.23545
G1 X93.834 Y195.25 E.0562
G1 X91.624 Y195.25 E.07481
G1 X90.45 Y194.076 E.0562
G1 X83.494 Y194.076 E.23545
G1 X82.32 Y195.25 E.0562
G1 X80.11 Y195.25 E.07481
G1 X78.936 Y194.076 E.0562
G1 X71.98 Y194.076 E.23545
G1 X70.806 Y195.25 E.0562
G1 X68.596 Y195.25 E.07481
G1 X67.422 Y194.076 E.0562
G1 X64.98 Y194.076 E.08266
M106 S226.95
;LAYER_CHANGE
;Z:6
;HEIGHT:0.2
G1 E-2 F2400
G1 Z6 F24000
M204 S8000
G1 X161.241 Y201.587
G1 E2 F2400
M204 S5000
;TYPE:Support material interface
;WIDTH:0.4
;HEIGHT:0.28
G1 F4800
G1 X161.241 Y195.712 E.23247
G1 X160.884 Y195.712 E.01413
G1 X160.884 Y201.427 E.22614
G1 X160.527 Y201.427 E.01413
G1 X160.527 Y195.712 E.22614
G1 X160.516 Y196.91 E.04741
G1 X160.17 Y197.212 E.01817
G1 X160.17 Y198.488 E.05049
G1 X159.812 Y198.488 E.01417
G1 X159.812 Y197.212 E.05049
G1 X159.455 Y197.212 E.01413
G1 X159.455 Y198.488 E.05049
G1 X159.098 Y198.488 E.01413
G1 X159.098 Y197.212 E.05049
G1 X158.741 Y197.212 E.01413
G1 X158.741 Y198.488 E.05049
G1 X158.384 Y198.488 E.01413
G1 X158.384 Y197.212 E.05049
G1 X158.027 Y197.212 E.01413
G1 X158.027 Y198.488 E.05049
G1 X157.67 Y198.488 E.01413
G1 X157.67 Y197.212 E.05049
G1 X157.313 Y197.212 E.01413
G1 X157.313 Y198.488 E.05049
G1 X156.956 Y198.488 E.01413
G1 X156.956 Y197.212 E.05049
G1 X156.599 Y197.212 E.01413
G1 X156.599 Y198.488 E.05049
G1 X156.242 Y198.488 E.01413
G1 X156.242 Y197.212 E.05049
G1 X155.885 Y197.212 E.01413
G1 X155.885 Y198.488 E.05049
G1 X155.528 Y198.488 E.01413
G1 X155.528 Y197.212 E.05049
G1 X155.17 Y197.212 E.01417
G1 X155.17 Y198.488 E.05049
G1 X154.813 Y198.488 E.01413
G1 X154.813 Y197.212 E.05049
G1 X154.456 Y197.212 E.01413
G1 X154.456 Y198.488 E.05049
G1 X154.099 Y198.488 E.01413
G1 X154.099 Y197.212 E.05049
G1 X153.742 Y197.212 E.01413
G1 X153.742 Y198.488 E.05049
G1 X153.385 Y198.488 E.01413
G1 X153.385 Y197.212 E.05049
G1 X153.028 Y197.212 E.01413
G1 X153.028 Y198.488 E.05049
G1 X152.671 Y198.488 E.01413
G1 X152.671 Y197.212 E.05049
G1 X152.314 Y197.212 E.01413
G1 X152.314 Y198.488 E.05049
G1 X151.957 Y198.488 E.01413
G1 X151.957 Y197.212 E.05049
G1 X151.6 Y197.212 E.01413
G1 X151.6 Y198.488 E.05049
G1 X151.243 Y198.488 E.01413
G1 X151.243 Y197.212 E.05049
G1 X150.885 Y197.212 E.01417
G1 X150.885 Y198.488 E.05049
G1 X150.528 Y198.488 E.01413
G1 X150.528 Y197.212 E.05049
G1 X150.171 Y197.212 E.01413
G1 X150.171 Y198.488 E.05049
G1 X149.814 Y198.488 E.01413
G1 X149.814 Y197.212 E.05049
G1 X149.457 Y197.212 E.01413
G1 X149.457 Y198.488 E.05049
G1 X149.1 Y198.488 E.01413
G1 X149.1 Y197.212 E.05049
G1 X148.743 Y197.212 E.01413
G1 X148.743 Y198.488 E.05049
G1 X148.386 Y198.488 E.01413
G1 X148.386 Y197.212 E.05049
G1 X148.029 Y197.212 E.01413
G1 X148.029 Y198.488 E.05049
G1 X147.672 Y198.488 E.01413
G1 X147.672 Y197.212 E.05049
G1 X147.315 Y197.212 E.01413
G1 X147.315 Y198.488 E.05049
G1 X146.958 Y198.488 E.01413
G1 X146.958 Y197.212 E.05049
G1 X146.601 Y197.212 E.01413
G1 X146.601 Y198.488 E.05049
G1 X146.243 Y198.488 E.01417
G1 X146.243 Y197.212 E.05049
G1 X145.886 Y197.212 E.01413
G1 X145.886 Y198.488 E.05049
G1 X145.529 Y198.488 E.01413
G1 X145.529 Y197.212 E.05049
G1 X145.172 Y197.212 E.01413
G1 X145.172 Y198.488 E.05049
G1 X144.815 Y198.488 E.01413
G1 X144.815 Y197.212 E.05049
G1 X144.458 Y197.212 E.01413
G1 X144.458 Y198.488 E.05049
G1 X144.101 Y198.488 E.01413
G1 X144.101 Y197.212 E.05049
G1 X143.744 Y197.212 E.01413
G1 X143.744 Y198.488 E.05049
G1 X143.387 Y198.488 E.01413
G1 X143.387 Y197.212 E.05049
G1 X143.03 Y197.212 E.01413
G1 X143.03 Y198.488 E.05049
G1 X142.673 Y198.488 E.01413
G1 X142.673 Y197.212 E.05049
G1 X142.316 Y197.212 E.01413
G1 X142.316 Y198.488 E.05049
G1 X141.959 Y198.488 E.01413
G1 X141.959 Y197.212 E.05049
G1 X141.601 Y197.212 E.01417
G1 X141.601 Y198.488 E.05049
G1 X141.244 Y198.488 E.01413
G1 X141.244 Y197.212 E.05049
G1 X140.887 Y197.212 E.01413
G1 X140.887 Y198.488 E.05049
G1 X140.53 Y198.488 E.01413
G1 X140.53 Y197.212 E.05049
G1 X140.173 Y197.212 E.01413
G1 X140.173 Y198.488 E.05049
G1 X139.816 Y198.488 E.01413
G1 X139.816 Y197.212 E.05049
G1 X139.459 Y197.212 E.01413
G1 X139.459 Y198.488 E.05049
G1 X139.102 Y198.488 E.01413
G1 X139.102 Y197.212 E.05049
G1 X138.745 Y197.212 E.01413
G1 X138.745 Y198.488 E.05049
G1 X138.388 Y198.488 E.01413
G1 X138.388 Y197.212 E.05049
G1 X138.031 Y197.212 E.01413
G1 X138.031 Y198.488 E.05049
G1 X137.674 Y198.488 E.01413
G1 X137.674 Y197.212 E.05049
G1 X137.316 Y197.212 E.01417
G1 X137.316 Y198.488 E.05049
G1 X136.959 Y198.488 E.01413
G1 X136.959 Y197.212 E.05049
G1 X136.602 Y197.212 E.01413
G1 X136.602 Y198.488 E.05049
G1 X136.245 Y198.488 E.01413
G1 X136.245 Y197.212 E.05049
G1 X135.888 Y197.212 E.01413
G1 X135.888 Y198.488 E.05049
G1 X135.531 Y198.488 E.01413
G1 X135.531 Y197.212 E.05049
G1 X135.174 Y197.212 E.01413
G1 X135.174 Y198.488 E.05049
G1 X134.817 Y198.488 E.01413
G1 X134.817 Y197.212 E.05049
G1 X134.46 Y197.212 E.01413
G1 X134.46 Y198.488 E.05049
G1 X134.103 Y198.488 E.01413
G1 X134.103 Y197.212 E.05049
G1 X133.746 Y197.212 E.01413
G1 X133.746 Y198.488 E.05049
G1 X133.389 Y198.488 E.01413
G1 X133.389 Y197.212 E.05049
G1 X133.032 Y197.212 E.01413
G1 X133.032 Y198.488 E.05049
G1 X132.674 Y198.488 E.01417
G1 X132.674 Y197.212 E.05049
G1 X132.317 Y197.212 E.01413
G1 X132.317 Y198.488 E.05049
G1 X131.96 Y198.488 E.01413
G1 X131.96 Y197.212 E.05049
G1 X131.603 Y197.212 E.01413
G1 X131.603 Y198.488 E.05049
G1 X131.246 Y198.488 E.01413
G1 X131.246 Y197.212 E.05049
G1 X130.889 Y197.212 E.01413
G1 X130.889 Y198.488 E.05049
G1 X130.532 Y198.488 E.01413
G1 X130.532 Y197.212 E.05049
G1 X130.175 Y197.212 E.01413
G1 X130.175 Y198.488 E.05049
G1 X129.818 Y198.488 E.01413
G1 X129.818 Y197.212 E.05049
G1 X129.461 Y197.212 E.01413
G1 X129.461 Y198.488 E.05049
G1 X129.104 Y198.488 E.01413
G1 X129.104 Y197.212 E.05049
G1 X128.747 Y197.212 E.01413
G1 X128.747 Y198.488 E.05049
G1 X128.39 Y198.488 E.01413
G1 X128.39 Y197.212 E.05049
G1 X128.032 Y197.212 E.01417
G1 X128.032 Y198.488 E.05049
G1 X127.675 Y198.488 E.01413
G1 X127.675 Y197.212 E.05049
G1 X127.318 Y197.212 E.01413
G1 X127.318 Y198.488 E.05049
G1 X126.961 Y198.488 E.01413
G1 X126.961 Y197.212 E.05049
G1 X126.604 Y197.212 E.01413
G1 X126.604 Y198.488 E.05049
G1 X126.247 Y198.488 E.01413
G1 X126.247 Y197.212 E.05049
G1 X125.89 Y197.212 E.01413
G1 X125.89 Y198.488 E.05049
G1 X125.533 Y198.488 E.01413
G1 X125.533 Y197.212 E.05049
G1 X125.176 Y197.212 E.01413
G1 X125.176 Y198.488 E.05049
G1 X124.819 Y198.488 E.01413
G1 X124.819 Y197.212 E.05049
G1 X124.462 Y197.212 E.01413
G1 X124.462 Y198.488 E.05049
G1 X124.105 Y198.488 E.01413
G1 X124.105 Y197.212 E.05049
G1 X123.747 Y197.212 E.01417
G1 X123.747 Y198.488 E.05049
G1 X123.39 Y198.488 E.01413
G1 X123.39 Y197.212 E.05049
G1 X123.033 Y197.212 E.01413
G1 X123.033 Y198.488 E.05049
G1 X122.676 Y198.488 E.01413
G1 X122.676 Y197.212 E.05049
G1 X122.319 Y197.212 E.01413
G1 X122.319 Y198.488 E.05049
G1 X121.962 Y198.488 E.01413
G1 X121.962 Y197.212 E.05049
G1 X121.605 Y197.212 E.01413
G1 X121.605 Y198.488 E.05049
G1 X121.248 Y198.488 E.01413
G1 X121.248 Y197.212 E.05049
G1 X120.891 Y197.212 E.01413
G1 X120.891 Y198.488 E.05049
G1 X120.534 Y198.488 E.01413
G1 X120.534 Y197.212 E.05049
G1 X120.177 Y197.212 E.01413
G1 X120.177 Y198.488 E.05049
G1 X119.82 Y198.488 E.01413
G1 X119.82 Y197.212 E.05049
G1 X119.463 Y197.212 E.01413
G1 X119.463 Y198.488 E.05049
G1 X119.105 Y198.488 E.01417
G1 X119.105 Y197.212 E.05049
G1 X118.748 Y197.212 E.01413
G1 X118.748 Y198.488 E.05049
G1 X118.391 Y198.488 E.01413
G1 X118.391 Y197.212 E.05049
G1 X118.034 Y197.212 E.01413
G1 X118.034 Y198.488 E.05049
G1 X117.677 Y198.488 E.01413
G1 X117.677 Y197.212 E.05049
G1 X117.32 Y197.212 E.01413
G1 X117.32 Y198.488 E.05049
G1 X116.963 Y198.488 E.01413
G1 X116.963 Y197.212 E.05049
G1 X116.606 Y197.212 E.01413
G1 X116.606 Y198.488 E.05049
G1 X116.249 Y198.488 E.01413
G1 X116.249 Y197.212 E.05049
G1 X115.892 Y197.212 E.01413
G1 X115.892 Y198.488 E.05049
G1 X115.535 Y198.488 E.01413
G1 X115.535 Y197.212 E.05049
G1 X115.178 Y197.212 E.01413
G1 X115.178 Y198.488 E.05049
G1 X114.821 Y198.488 E.01413
G1 X114.821 Y197.212 E.05049
G1 X114.463 Y197.212 E.01417
G1 X114.463 Y198.488 E.05049
G1 X114.106 Y198.488 E.01413
G1 X114.106 Y197.212 E.05049
G1 X113.749 Y197.212 E.01413
G1 X113.749 Y198.488 E.05049
G1 X113.392 Y198.488 E.01413
G1 X113.392 Y197.212 E.05049
G1 X113.035 Y197.212 E.01413
G1 X113.035 Y198.488 E.05049
G1 X112.678 Y198.488 E.01413
G1 X112.678 Y197.212 E.05049
G1 X112.321 Y197.212 E.01413
G1 X112.321 Y198.488 E.05049
G1 X111.964 Y198.488 E.01413
G1 X111.964 Y197.212 E.05049
G1 X111.607 Y197.212 E.01413
G1 X111.607 Y198.488 E.05049
G1 X111.25 Y198.488 E.01413
G1 X111.25 Y197.212 E.05049
G1 X110.893 Y197.212 E.01413
G1 X110.893 Y198.488 E.05049
G1 X110.536 Y198.488 E.01413
G1 X110.536 Y197.212 E.05049
G1 X110.178 Y197.212 E.01417
G1 X110.178 Y198.488 E.05049
G1 X109.821 Y198.488 E.01413
G1 X109.821 Y197.212 E.05049
G1 X109.464 Y197.212 E.01413
G1 X109.464 Y198.488 E.05049
G1 X109.107 Y198.488 E.01413
G1 X109.107 Y197.212 E.05049
G1 X108.75 Y197.212 E.01413
G1 X108.75 Y198.488 E.05049
G1 X108.393 Y198.488 E.01413
G1 X108.393 Y197.212 E.05049
G1 X108.036 Y197.212 E.01413
G1 X108.036 Y198.488 E.05049
G1 X107.679 Y198.488 E.01413
G1 X107.679 Y197.212 E.05049
G1 X107.322 Y197.212 E.01413
G1 X107.322 Y198.488 E.05049
G1 X106.965 Y198.488 E.01413
G1 X106.965 Y197.212 E.05049
G1 X106.608 Y197.212 E.01413
G1 X106.608 Y198.488 E.05049
G1 X106.251 Y198.488 E.01413
G1 X106.251 Y197.212 E.05049
G1 X105.894 Y197.212 E.01413
G1 X105.894 Y198.488 E.05049
G1 X105.536 Y198.488 E.01417
G1 X105.536 Y197.212 E.05049
G1 X105.179 Y197.212 E.01413
G1 X105.179 Y198.488 E.05049
G1 X104.822 Y198.488 E.01413
G1 X104.822 Y197.212 E.05049
G1 X104.465 Y197.212 E.01413
G1 X104.465 Y198.488 E.05049
G1 X104.108 Y198.488 E.01413
G1 X104.108 Y197.212 E.05049
G1 X103.751 Y197.212 E.01413
G1 X103.751 Y198.488 E.05049
G1 X103.394 Y198.488 E.01413
G1 X103.394 Y197.212 E.05049
G1 X103.037 Y197.212 E.01413
G1 X103.037 Y198.488 E.05049
G1 X102.68 Y198.488 E.01413
G1 X102.68 Y197.212 E.05049
G1 X102.323 Y197.212 E.01413
G1 X102.323 Y198.488 E.05049
G1 X101.966 Y198.488 E.01413
G1 X101.966 Y197.212 E.05049
G1 X101.609 Y197.212 E.01413
G1 X101.609 Y198.488 E.05049
G1 X101.252 Y198.488 E.01413
G1 X101.252 Y197.212 E.05049
G1 X100.894 Y197.212 E.01417
G1 X100.894 Y198.488 E.05049
G1 X100.537 Y198.488 E.01413
G1 X100.537 Y197.212 E.05049
G1 X100.18 Y197.212 E.01413
G1 X100.18 Y198.488 E.05049
G1 X99.823 Y198.488 E.01413
G1 X99.823 Y197.212 E.05049
G1 X99.466 Y197.212 E.01413
G1 X99.466 Y198.488 E.05049
G1 X99.109 Y198.488 E.01413
G1 X99.109 Y197.212 E.05049
G1 X98.752 Y197.212 E.01413
G1 X98.752 Y198.488 E.05049
G1 X98.395 Y198.488 E.01413
G1 X98.395 Y197.212 E.05049
G1 X98.038 Y197.212 E.01413
G1 X98.038 Y198.488 E.05049
G1 X97.681 Y198.488 E.01413
G1 X97.681 Y197.212 E.05049
G1 X97.324 Y197.212 E.01413
G1 X97.324 Y198.488 E.05049
G1 X96.967 Y198.488 E.01413
G1 X96.967 Y197.212 E.05049
G1 X96.609 Y197.212 E.01417
G1 X96.609 Y198.488 E.05049
G1 X96.252 Y198.488 E.01413
G1 X96.252 Y197.212 E.05049
G1 X95.895 Y197.212 E.01413
G1 X95.895 Y198.488 E.05049
G1 X95.538 Y198.488 E.01413
G1 X95.538 Y197.212 E.05049
G1 X95.181 Y197.212 E.01413
G1 X95.181 Y198.488 E.05049
G1 X94.824 Y198.488 E.01413
G1 X94.824 Y197.212 E.05049
G1 X94.467 Y197.212 E.01413
G1 X94.467 Y198.488 E.05049
G1 X94.11 Y198.488 E.01413
G1 X94.11 Y197.212 E.05049
G1 X93.753 Y197.212 E.01413
G1 X93.753 Y198.488 E.05049
G1 X93.396 Y198.488 E.01413
G1 X93.396 Y197.212 E.05049
G1 X93.039 Y197.212 E.01413
G1 X93.039 Y198.488 E.05049
G1 X92.682 Y198.488 E.01413
G1 X92.682 Y197.212 E.05049
G1 X92.325 Y197.212 E.01413
G1 X92.325 Y198.488 E.05049
G1 X91.967 Y198.488 E.01417
G1 X91.967 Y197.212 E.05049
G1 X91.61 Y197.212 E.01413
G1 X91.61 Y198.488 E.05049
G1 X91.253 Y198.488 E.01413
G1 X91.253 Y197.212 E.05049
G1 X90.896 Y197.212 E.01413
G1 X90.896 Y198.488 E.05049
G1 X90.539 Y198.488 E.01413
G1 X90.539 Y197.212 E.05049
G1 X90.182 Y197.212 E.01413
G1 X90.182 Y198.488 E.05049
G1 X89.825 Y198.488 E.01413
G1 X89.825 Y197.212 E.05049
G1 X89.468 Y197.212 E.01413
G1 X89.468 Y198.488 E.05049
G1 X89.111 Y198.488 E.01413
G1 X89.111 Y197.212 E.05049
G1 X88.754 Y197.212 E.01413
G1 X88.754 Y198.488 E.05049
G1 X88.397 Y198.488 E.01413
G1 X88.397 Y197.212 E.05049
G1 X88.04 Y197.212 E.01413
G1 X88.04 Y198.488 E.05049
G1 X87.683 Y198.488 E.01413
G1 X87.683 Y197.212 E.05049
G1 X87.325 Y197.212 E.01417
G1 X87.325 Y198.488 E.05049
G1 X86.968 Y198.488 E.01413
G1 X86.968 Y197.212 E.05049
G1 X86.611 Y197.212 E.01413
G1 X86.611 Y198.488 E.05049
G1 X86.254 Y198.488 E.01413
G1 X86.254 Y197.212 E.05049
G1 X85.897 Y197.212 E.01413
G1 X85.897 Y198.488 E.05049
G1 X85.54 Y198.488 E.01413
G1 X85.54 Y197.212 E.05049
G1 X85.183 Y197.212 E.01413
G1 X85.183 Y198.488 E.05049
G1 X84.826 Y198.488 E.01413
G1 X84.826 Y197.212 E.05049
G1 X84.469 Y197.212 E.01413
G1 X84.469 Y198.488 E.05049
G1 X84.112 Y198.488 E.01413
G1 X84.112 Y197.212 E.05049
G1 X83.755 Y197.212 E.01413
G1 X83.755 Y198.488 E.05049
G1 X83.398 Y198.488 E.01413
G1 X83.398 Y197.212 E.05049
G1 X83.04 Y197.212 E.01417
G1 X83.04 Y198.488 E.05049
G1 X82.683 Y198.488 E.01413
G1 X82.683 Y197.212 E.05049
G1 X82.326 Y197.212 E.01413
G1 X82.326 Y198.488 E.05049
G1 X81.969 Y198.488 E.01413
G1 X81.969 Y197.212 E.05049
G1 X81.612 Y197.212 E.01413
G1 X81.612 Y198.488 E.05049
G1 X81.255 Y198.488 E.01413
G1 X81.255 Y197.212 E.05049
G1 X80.898 Y197.212 E.01413
G1 X80.898 Y198.488 E.05049
G1 X80.541 Y198.488 E.01413
G1 X80.541 Y197.212 E.05049
G1 X80.184 Y197.212 E.01413
G1 X80.184 Y198.488 E.05049
G1 X79.827 Y198.488 E.01413
G1 X79.827 Y197.212 E.05049
G1 X79.47 Y197.212 E.01413
G1 X79.47 Y198.488 E.05049
G1 X79.113 Y198.488 E.01413
G1 X79.113 Y197.212 E.05049
G1 X78.756 Y197.212 E.01413
G1 X78.756 Y198.488 E.05049
G1 X78.398 Y198.488 E.01417
G1 X78.398 Y197.212 E.05049
G1 X78.041 Y197.212 E.01413
G1 X78.041 Y198.488 E.05049
G1 X77.684 Y198.488 E.01413
G1 X77.684 Y197.212 E.05049
G1 X77.327 Y197.212 E.01413
G1 X77.327 Y198.488 E.05049
G1 X76.97 Y198.488 E.01413
G1 X76.97 Y197.212 E.05049
G1 X76.613 Y197.212 E.01413
G1 X76.613 Y198.488 E.05049
G1 X76.256 Y198.488 E.01413
G1 X76.256 Y197.212 E.05049
G1 X75.899 Y197.212 E.01413
G1 X75.899 Y198.488 E.05049
G1 X75.542 Y198.488 E.01413
G1 X75.542 Y197.212 E.05049
G1 X75.185 Y197.212 E.01413
G1 X75.185 Y198.488 E.05049
G1 X74.828 Y198.488 E.01413
G1 X74.828 Y197.212 E.05049
G1 X74.471 Y197.212 E.01413
G1 X74.471 Y198.488 E.05049
G1 X74.114 Y198.488 E.01413
G1 X74.114 Y197.212 E.05049
G1 X73.756 Y197.212 E.01417
G1 X73.756 Y198.488 E.05049
G1 X73.399 Y198.488 E.01413
G1 X73.399 Y197.212 E.05049
G1 X73.042 Y197.212 E.01413
G1 X73.042 Y198.488 E.05049
G1 X72.685 Y198.488 E.01413
G1 X72.685 Y197.212 E.05049
G1 X72.328 Y197.212 E.01413
G1 X72.328 Y198.488 E.05049
G1 X71.971 Y198.488 E.01413
G1 X71.971 Y197.212 E.05049
G1 X71.614 Y197.212 E.01413
G1 X71.614 Y198.488 E.05049
G1 X71.257 Y198.488 E.01413
G1 X71.257 Y197.212 E.05049
G1 X70.9 Y197.212 E.01413
G1 X70.9 Y198.488 E.05049
G1 X70.543 Y198.488 E.01413
G1 X70.543 Y197.212 E.05049
G1 X70.186 Y197.212 E.01413
G1 X70.186 Y198.488 E.05049
G1 X69.829 Y198.488 E.01413
G1 X69.829 Y197.212 E.05049
G1 X69.471 Y197.212 E.01417
G1 X69.471 Y198.488 E.05049
G1 X69.114 Y198.488 E.01413
G1 X69.114 Y197.212 E.05049
G1 X68.757 Y197.212 E.01413
G1 X68.757 Y198.488 E.05049
G1 X68.4 Y198.488 E.01413
G1 X68.4 Y197.212 E.05049
G1 X68.043 Y197.212 E.01413
G1 X68.043 Y198.488 E.05049
G1 X67.686 Y198.488 E.01413
G1 X67.686 Y197.212 E.05049
G1 X67.329 Y197.212 E.01413
G1 X67.329 Y198.488 E.05049
G1 X66.972 Y198.488 E.01413
G1 X66.972 Y197.212 E.05049
G1 X66.615 Y197.212 E.01413
G1 X66.615 Y198.488 E.05049
G1 X66.258 Y198.488 E.01413
G1 X66.258 Y197.212 E.05049
G1 X65.901 Y197.212 E.01413
G1 X65.901 Y198.488 E.05049
G1 X65.544 Y198.488 E.01413
G1 X65.544 Y197.212 E.05049
G1 X65.187 Y197.212 E.01413
G1 X65.187 Y198.488 E.05049
G1 X64.829 Y198.488 E.01417
G1 X64.829 Y197.212 E.05049
G1 X64.472 Y197.212 E.01413
G1 X64.472 Y198.488 E.05049
G1 X64.115 Y198.488 E.01413
G1 X64.115 Y197.212 E.05049
G1 X63.758 Y197.212 E.01413
G1 X63.758 Y198.488 E.05049
G1 X63.401 Y198.488 E.01413
G1 X63.401 Y197.212 E.05049
G1 X63.044 Y197.212 E.01413
G1 X63.044 Y198.488 E.05049
G1 X62.687 Y198.488 E.01413
G1 X62.687 Y197.212 E.05049
G1 X62.33 Y197.212 E.01413
G1 X62.33 Y198.488 E.05049
G1 X61.973 Y198.488 E.01413
G1 X61.973 Y197.212 E.05049
G1 X61.616 Y197.212 E.01413
G1 X61.616 Y198.488 E.05049
G1 X61.259 Y198.488 E.01413
G1 X61.259 Y197.212 E.05049
G1 X60.902 Y197.212 E.01413
G1 X60.902 Y198.488 E.05049
G1 X60.545 Y198.488 E.01413
G1 X60.545 Y197.212 E.05049
G1 X60.187 Y197.212 E.01417
G1 X60.187 Y198.488 E.05049
G1 X59.83 Y198.488 E.01413
G1 X59.83 Y197.212 E.05049
G1 X59.484 Y196.91 E.01817
G1 X59.473 Y195.712 E.04741
G1 X59.473 Y201.427 E.22614
G1 X59.116 Y201.427 E.01413
G1 X59.116 Y195.712 E.22614
G1 X58.759 Y195.712 E.01413
G1 X58.759 Y201.587 E.23247
G1 E-2 F2400
M204 S8000
G1 X159.368 Y200.026 F24000
G1 E2 F2400
M204 S4000
;TYPE:Perimeter
;WIDTH:0.449999
;HEIGHT:0.2
G1 F10800
G1 X159.368 Y201.876 E.06262
G1 X60.632 Y201.876 E3.34209
G1 X60.632 Y200.026 E.06262
G1 X159.308 Y200.026 E3.34006
M204 S5000
M204 S8000
G1 X159.775 Y199.619 F24000
M204 S4000
;TYPE:External perimeter
G1 F7200
G1 X159.775 Y202.283 E.09017
G1 X60.225 Y202.283 E3.36964
G1 X60.225 Y199.619 E.09017
G1 X159.715 Y199.619 E3.36761
M204 S5000
G1 X159.774 Y200.015 F24000
M204 S8000
G1 X159.063 Y201.547
M204 S5000
;TYPE:Internal infill
;WIDTH:0.45
G1 F13200
G1 X159.063 Y200.331 E.04116
G1 X157.836 Y200.331 E.04153
G1 X156.596 Y201.571 E.05936
G1 X155.515 Y201.571 E.03659
G1 X154.276 Y200.331 E.05933
G1 X146.322 Y200.331 E.26923
G1 X145.082 Y201.571 E.05936
G1 X144.001 Y201.571 E.03659
G1 X142.762 Y200.331 E.05933
G1 X134.808 Y200.331 E.26923
G1 X133.569 Y201.571 E.05933
G1 X132.487 Y201.571 E.03662
G1 X131.248 Y200.331 E.05933
G1 X123.294 Y200.331 E.26923
G1 X122.055 Y201.571 E.05933
G1 X120.973 Y201.571 E.03662
G1 X119.734 Y200.331 E.05933
G1 X111.78 Y200.331 E.26923
G1 X110.541 Y201.571 E.05933
G1 X109.459 Y201.571 E.03662
G1 X108.22 Y200.331 E.05933
G1 X100.266 Y200.331 E.26923
G1 X99.027 Y201.571 E.05933
G1 X97.945 Y201.571 E.03662
G1 X96.706 Y200.331 E.05933
G1 X88.752 Y200.331 E.26923
G1 X87.513 Y201.571 E.05933
G1 X86.431 Y201.571 E.03662
G1 X85.192 Y200.331 E.05933
G1 X77.238 Y200.331 E.26923
G1 X75.999 Y201.571 E.05933
G1 X74.917 Y201.571 E.03662
G1 X73.678 Y200.331 E.05933
G1 X65.724 Y200.331 E.26923
G1 X64.485 Y201.571 E.05933
G1 X63.404 Y201.571 E.03659
G1 X62.164 Y200.331 E.05936
G1 X60.937 Y200.331 E.04153
G1 X60.937 Y201.547 E.04116
G1 E-2 F2400
M204 S8000
G1 X159.368 Y195.674 F24000
G1 E2 F2400
M204 S4000
;TYPE:Perimeter
;WIDTH:0.449999
G1 F10800
G1 X60.632 Y195.674 E3.34209
G1 X60.632 Y193.824 E.06262
G1 X159.368 Y193.824 E3.34209
G1 X159.368 Y195.614 E.06059
M204 S5000
M204 S8000
G1 X159.775 Y196.081 F24000
M204 S4000
;TYPE:External perimeter
G1 F7200
G1 X60.225 Y196.081 E3.36964
G1 X60.225 Y193.417 E.09017
G1 X159.775 Y193.417 E3.36964
G1 X159.775 Y196.021 E.08814
M204 S5000
G1 X159.379 Y196.08 F24000
G1 E-2 F2400
M204 S8000
G1 X154.967 Y194.129 F24000
G1 E2 F2400
M204 S5000
;TYPE:Internal infill
;WIDTH:0.45
G1 F13200
G1 X152.524 Y194.129 E.08269
G1 X151.285 Y195.369 E.05933
G1 X149.313 Y195.369 E.06675
G1 X148.073 Y194.129 E.05936
G1 X141.01 Y194.129 E.23907
G1 X139.771 Y195.369 E.05933
G1 X137.799 Y195.369 E.06675
G1 X136.559 Y194.129 E.05936
G1 X129.496 Y194.129 E.23907
G1 X128.257 Y195.369 E.05933
G1 X126.285 Y195.369 E.06675
G1 X125.045 Y194.129 E.05936
G1 X117.983 Y194.129 E.23904
G1 X116.743 Y195.369 E.05936
G1 X114.771 Y195.369 E.06675
G1 X113.531 Y194.129 E.05936
G1 X106.469 Y194.129 E.23904
G1 X105.229 Y195.369 E.05936
G1 X103.257 Y195.369 E.06675
G1 X102.017 Y194.129 E.05936
G1 X94.955 Y194.129 E.23904
G1 X93.715 Y195.369 E.05936
G1 X91.743 Y195.369 E.06675
G1 X90.504 Y194.129 E.05933
G1 X83.441 Y194.129 E.23907
G1 X82.201 Y195.369 E.05936
G1 X80.229 Y195.369 E.06675
G1 X78.99 Y194.129 E.05933
G1 X71.927 Y194.129 E.23907
G1 X70.687 Y195.369 E.05936
G1 X68.715 Y195.369 E.06675
G1 X67.476 Y194.129 E.05933
G1 X65.033 Y194.129 E.08269
M106 S224.4
;LAYER_CHANGE
;Z:6.2
;HEIGHT:0.2
G1 E-2 F2400
G1 Z6.2 F24000
M204 S8000
G1 X161.241 Y201.587
G1 E2 F2400
M204 S5000
;TYPE:Support material interface
;WIDTH:0.4
G1 F4800
G1 X161.241 Y195.712 E.17444
G1 X160.884 Y195.712 E.0106
G1 X160.884 Y201.427 E.16969
G1 X160.527 Y201.427 E.0106
G1 X160.527 Y195.712 E.16969
G1 X160.516 Y196.91 E.03557
G1 X160.17 Y197.212 E.01364
G1 X160.17 Y198.488 E.03789
G1 X159.812 Y198.488 E.01063
G1 X159.812 Y197.212 E.03789
G1 X159.455 Y197.212 E.0106
G1 X159.455 Y198.488 E.03789
G1 X159.098 Y198.488 E.0106
G1 X159.098 Y197.212 E.03789
G1 X158.741 Y197.212 E.0106
G1 X158.741 Y198.488 E.03789
G1 X158.384 Y198.488 E.0106
G1 X158.384 Y197.212 E.03789
G1 X158.027 Y197.212 E.0106
G1 X158.027 Y198.488 E.03789
G1 X157.67 Y198.488 E.0106
G1 X157.67 Y197.212 E.03789
G1 X157.313 Y197.212 E.0106
G1 X157.313 Y198.488 E.03789
G1 X156.956 Y198.488 E.0106
G1 X156.956 Y197.212 E.03789
G1 X156.599 Y197.212 E.0106
G1 X156.599 Y198.488 E.03789
G1 X156.242 Y198.488 E.0106
G1 X156.242 Y197.212 E.03789
G1 X155.885 Y197.212 E.0106
G1 X155.885 Y198.488 E.03789
G1 X155.528 Y198.488 E.0106
G1 X155.528 Y197.212 E.03789
G1 X155.17 Y197.212 E.01063
G1 X155.17 Y198.488 E.03789
G1 X154.813 Y198.488 E.0106
G1 X154.813 Y197.212 E.03789
G1 X154.456 Y197.212 E.0106
G1 X154.456 Y198.488 E.03789
G1 X154.099 Y198.488 E.0106
G1 X154.099 Y197.212 E.03789
G1 X153.742 Y197.212 E.0106
G1 X153.742 Y198.488 E.03789
G1 X153.385 Y198.488 E.0106
G1 X153.385 Y197.212 E.03789
G1 X153.028 Y197.212 E.0106
G1 X153.028 Y198.488 E.03789
G1 X152.671 Y198.488 E.0106
G1 X152.671 Y197.212 E.03789
G1 X152.314 Y197.212 E.0106
G1 X152.314 Y198.488 E.03789
G1 X151.957 Y198.488 E.0106
G1 X151.957 Y197.212 E.03789
G1 X151.6 Y197.212 E.0106
G1 X151.6 Y198.488 E.03789
G1 X151.243 Y198.488 E.0106
G1 X151.243 Y197.212 E.03789
G1 X150.885 Y197.212 E.01063
G1 X150.885 Y198.488 E.03789
G1 X150.528 Y198.488 E.0106
G1 X150.528 Y197.212 E.03789
G1 X150.171 Y197.212 E.0106
G1 X150.171 Y198.488 E.03789
G1 X149.814 Y198.488 E.0106
G1 X149.814 Y197.212 E.03789
G1 X149.457 Y197.212 E.0106
G1 X149.457 Y198.488 E.03789
G1 X149.1 Y198.488 E.0106
G1 X149.1 Y197.212 E.03789
G1 X148.743 Y197.212 E.0106
G1 X148.743 Y198.488 E.03789
G1 X148.386 Y198.488 E.0106
G1 X148.386 Y197.212 E.03789
G1 X148.029 Y197.212 E.0106
G1 X148.029 Y198.488 E.03789
G1 X147.672 Y198.488 E.0106
G1 X147.672 Y197.212 E.03789
G1 X147.315 Y197.212 E.0106
G1 X147.315 Y198.488 E.03789
G1 X146.958 Y198.488 E.0106
G1 X146.958 Y197.212 E.03789
G1 X146.601 Y197.212 E.0106
G1 X146.601 Y198.488 E.03789
G1 X146.243 Y198.488 E.01063
G1 X146.243 Y197.212 E.03789
G1 X145.886 Y197.212 E.0106
G1 X145.886 Y198.488 E.03789
G1 X145.529 Y198.488 E.0106
G1 X145.529 Y197.212 E.03789
G1 X145.172 Y197.212 E.0106
G1 X145.172 Y198.488 E.03789
G1 X144.815 Y198.488 E.0106
G1 X144.815 Y197.212 E.03789
G1 X144.458 Y197.212 E.0106
G1 X144.458 Y198.488 E.03789
G1 X144.101 Y198.488 E.0106
G1 X144.101 Y197.212 E.03789
G1 X143.744 Y197.212 E.0106
G1 X143.744 Y198.488 E.03789
G1 X143.387 Y198.488 E.0106
G1 X143.387 Y197.212 E.03789
G1 X143.03 Y197.212 E.0106
G1 X143.03 Y198.488 E.03789
G1 X142.673 Y198.488 E.0106
G1 X142.673 Y197.212 E.03789
G1 X142.316 Y197.212 E.0106
G1 X142.316 Y198.488 E.03789
G1 X141.959 Y198.488 E.0106
G1 X141.959 Y197.212 E.03789
G1 X141.601 Y197.212 E.01063
G1 X141.601 Y198.488 E.03789
G1 X141.244 Y198.488 E.0106
G1 X141.244 Y197.212 E.03789
G1 X140.887 Y197.212 E.0106
G1 X140.887 Y198.488 E.03789
G1 X140.53 Y198.488 E.0106
G1 X140.53 Y197.212 E.03789
G1 X140.173 Y197.212 E.0106
G1 X140.173 Y198.488 E.03789
G1 X139.816 Y198.488 E.0106
G1 X139.816 Y197.212 E.03789
G1 X139.459 Y197.212 E.0106
G1 X139.459 Y198.488 E.03789
G1 X139.102 Y198.488 E.0106
G1 X139.102 Y197.212 E.03789
G1 X138.745 Y197.212 E.0106
G1 X138.745 Y198.488 E.03789
G1 X138.388 Y198.488 E.0106
G1 X138.388 Y197.212 E.03789
G1 X138.031 Y197.212 E.0106
G1 X138.031 Y198.488 E.03789
G1 X137.674 Y198.488 E.0106
G1 X137.674 Y197.212 E.03789
G1 X137.316 Y197.212 E.01063
G1 X137.316 Y198.488 E.03789
G1 X136.959 Y198.488 E.0106
G1 X136.959 Y197.212 E.03789
G1 X136.602 Y197.212 E.0106
G1 X136.602 Y198.488 E.03789
G1 X136.245 Y198.488 E.0106
G1 X136.245 Y197.212 E.03789
G1 X135.888 Y197.212 E.0106
G1 X135.888 Y198.488 E.03789
G1 X135.531 Y198.488 E.0106
G1 X135.531 Y197.212 E.03789
G1 X135.174 Y197.212 E.0106
G1 X135.174 Y198.488 E.03789
G1 X134.817 Y198.488 E.0106
G1 X134.817 Y197.212 E.03789
G1 X134.46 Y197.212 E.0106
G1 X134.46 Y198.488 E.03789
G1 X134.103 Y198.488 E.0106
G1 X134.103 Y197.212 E.03789
G1 X133.746 Y197.212 E.0106
G1 X133.746 Y198.488 E.03789
G1 X133.389 Y198.488 E.0106
G1 X133.389 Y197.212 E.03789
G1 X133.032 Y197.212 E.0106
G1 X133.032 Y198.488 E.03789
G1 X132.674 Y198.488 E.01063
G1 X132.674 Y197.212 E.03789
G1 X132.317 Y197.212 E.0106
G1 X132.317 Y198.488 E.03789
G1 X131.96 Y198.488 E.0106
G1 X131.96 Y197.212 E.03789
G1 X131.603 Y197.212 E.0106
G1 X131.603 Y198.488 E.03789
G1 X131.246 Y198.488 E.0106
G1 X131.246 Y197.212 E.03789
G1 X130.889 Y197.212 E.0106
G1 X130.889 Y198.488 E.03789
G1 X130.532 Y198.488 E.0106
G1 X130.532 Y197.212 E.03789
G1 X130.175 Y197.212 E.0106
G1 X130.175 Y198.488 E.03789
G1 X129.818 Y198.488 E.0106
G1 X129.818 Y197.212 E.03789
G1 X129.461 Y197.212 E.0106
G1 X129.461 Y198.488 E.03789
G1 X129.104 Y198.488 E.0106
G1 X129.104 Y197.212 E.03789
G1 X128.747 Y197.212 E.0106
G1 X128.747 Y198.488 E.03789
G1 X128.39 Y198.488 E.0106
G1 X128.39 Y197.212 E.03789
G1 X128.032 Y197.212 E.01063
G1 X128.032 Y198.488 E.03789
G1 X127.675 Y198.488 E.0106
G1 X127.675 Y197.212 E.03789
G1 X127.318 Y197.212 E.0106
G1 X127.318 Y198.488 E.03789
G1 X126.961 Y198.488 E.0106
G1 X126.961 Y197.212 E.03789
G1 X126.604 Y197.212 E.0106
G1 X126.604 Y198.488 E.03789
G1 X126.247 Y198.488 E.0106
G1 X126.247 Y197.212 E.03789
G1 X125.89 Y197.212 E.0106
G1 X125.89 Y198.488 E.03789
G1 X125.533 Y198.488 E.0106
G1 X125.533 Y197.212 E.03789
G1 X125.176 Y197.212 E.0106
G1 X125.176 Y198.488 E.03789
G1 X124.819 Y198.488 E.0106
G1 X124.819 Y197.212 E.03789
G1 X124.462 Y197.212 E.0106
G1 X124.462 Y198.488 E.03789
G1 X124.105 Y198.488 E.0106
G1 X124.105 Y197.212 E.03789
G1 X123.747 Y197.212 E.01063
G1 X123.747 Y198.488 E.03789
G1 X123.39 Y198.488 E.0106
G1 X123.39 Y197.212 E.03789
G1 X123.033 Y197.212 E.0106
G1 X123.033 Y198.488 E.03789
G1 X122.676 Y198.488 E.0106
G1 X122.676 Y197.212 E.03789
G1 X122.319 Y197.212 E.0106
G1 X122.319 Y198.488 E.03789
G1 X121.962 Y198.488 E.0106
G1 X121.962 Y197.212 E.03789
G1 X121.605 Y197.212 E.0106
G1 X121.605 Y198.488 E.03789
G1 X121.248 Y198.488 E.0106
G1 X121.248 Y197.212 E.03789
G1 X120.891 Y197.212 E.0106
G1 X120.891 Y198.488 E.03789
G1 X120.534 Y198.488 E.0106
G1 X120.534 Y197.212 E.03789
G1 X120.177 Y197.212 E.0106
G1 X120.177 Y198.488 E.03789
G1 X119.82 Y198.488 E.0106
G1 X119.82 Y197.212 E.03789
G1 X119.463 Y197.212 E.0106
G1 X119.463 Y198.488 E.03789
G1 X119.105 Y198.488 E.01063
G1 X119.105 Y197.212 E.03789
G1 X118.748 Y197.212 E.0106
G1 X118.748 Y198.488 E.03789
G1 X118.391 Y198.488 E.0106
G1 X118.391 Y197.212 E.03789
G1 X118.034 Y197.212 E.0106
G1 X118.034 Y198.488 E.03789
G1 X117.677 Y198.488 E.0106
G1 X117.677 Y197.212 E.03789
G1 X117.32 Y197.212 E.0106
G1 X117.32 Y198.488 E.03789
G1 X116.963 Y198.488 E.0106
G1 X116.963 Y197.212 E.03789
G1 X116.606 Y197.212 E.0106
G1 X116.606 Y198.488 E.03789
G1 X116.249 Y198.488 E.0106
G1 X116.249 Y197.212 E.03789
G1 X115.892 Y197.212 E.0106
G1 X115.892 Y198.488 E.03789
G1 X115.535 Y198.488 E.0106
G1 X115.535 Y197.212 E.03789
G1 X115.178 Y197.212 E.0106
G1 X115.178 Y198.488 E.03789
G1 X114.821 Y198.488 E.0106
G1 X114.821 Y197.212 E.03789
G1 X114.463 Y197.212 E.01063
G1 X114.463 Y198.488 E.03789
G1 X114.106 Y198.488 E.0106
G1 X114.106 Y197.212 E.03789
G1 X113.749 Y197.212 E.0106
G1 X113.749 Y198.488 E.03789
G1 X113.392 Y198.488 E.0106
G1 X113.392 Y197.212 E.03789
G1 X113.035 Y197.212 E.0106
G1 X113.035 Y198.488 E.03789
G1 X112.678 Y198.488 E.0106
G1 X112.678 Y197.212 E.03789
G1 X112.321 Y197.212 E.0106
G1 X112.321 Y198.488 E.03789
G1 X111.964 Y198.488 E.0106
G1 X111.964 Y197.212 E.03789
G1 X111.607 Y197.212 E.0106
G1 X111.607 Y198.488 E.03789
G1 X111.25 Y198.488 E.0106
G1 X111.25 Y197.212 E.03789
G1 X110.893 Y197.212 E.0106
G1 X110.893 Y198.488 E.03789
G1 X110.536 Y198.488 E.0106
G1 X110.536 Y197.212 E.03789
G1 X110.178 Y197.212 E.01063
G1 X110.178 Y198.488 E.03789
G1 X109.821 Y198.488 E.0106
G1 X109.821 Y197.212 E.03789
G1 X109.464 Y197.212 E.0106
G1 X109.464 Y198.488 E.03789
G1 X109.107 Y198.488 E.0106
G1 X109.107 Y197.212 E.03789
G1 X108.75 Y197.212 E.0106
G1 X108.75 Y198.488 E.03789
G1 X108.393 Y198.488 E.0106
G1 X108.393 Y197.212 E.03789
G1 X108.036 Y197.212 E.0106
G1 X108.036 Y198.488 E.03789
G1 X107.679 Y198.488 E.0106
G1 X107.679 Y197.212 E.03789
G1 X107.322 Y197.212 E.0106
G1 X107.322 Y198.488 E.03789
G1 X106.965 Y198.488 E.0106
G1 X106.965 Y197.212 E.03789
G1 X106.608 Y197.212 E.0106
G1 X106.608 Y198.488 E.03789
G1 X106.251 Y198.488 E.0106
G1 X106.251 Y197.212 E.03789
G1 X105.894 Y197.212 E.0106
G1 X105.894 Y198.488 E.03789
G1 X105.536 Y198.488 E.01063
G1 X105.536 Y197.212 E.03789
G1 X105.179 Y197.212 E.0106
G1 X105.179 Y198.488 E.03789
G1 X104.822 Y198.488 E.0106
G1 X104.822 Y197.212 E.03789
G1 X104.465 Y197.212 E.0106
G1 X104.465 Y198.488 E.03789
G1 X104.108 Y198.488 E.0106
G1 X104.108 Y197.212 E.03789
G1 X103.751 Y197.212 E.0106
G1 X103.751 Y198.488 E.03789
G1 X103.394 Y198.488 E.0106
G1 X103.394 Y197.212 E.03789
G1 X103.037 Y197.212 E.0106
G1 X103.037 Y198.488 E.03789
G1 X102.68 Y198.488 E.0106
G1 X102.68 Y197.212 E.03789
G1 X102.323 Y197.212 E.0106
G1 X102.323 Y198.488 E.03789
G1 X101.966 Y198.488 E.0106
G1 X101.966 Y197.212 E.03789
G1 X101.609 Y197.212 E.0106
G1 X101.609 Y198.488 E.03789
G1 X101.252 Y198.488 E.0106
G1 X101.252 Y197.212 E.03789
G1 X100.894 Y197.212 E.01063
G1 X100.894 Y198.488 E.03789
G1 X100.537 Y198.488 E.0106
G1 X100.537 Y197.212 E.03789
G1 X100.18 Y197.212 E.0106
G1 X100.18 Y198.488 E.03789
G1 X99.823 Y198.488 E.0106
G1 X99.823 Y197.212 E.03789
G1 X99.466 Y197.212 E.0106
G1 X99.466 Y198.488 E.03789
G1 X99.109 Y198.488 E.0106
G1 X99.109 Y197.212 E.03789
G1 X98.752 Y197.212 E.0106
G1 X98.752 Y198.488 E.03789
G1 X98.395 Y198.488 E.0106
G1 X98.395 Y197.212 E.03789
G1 X98.038 Y197.212 E.0106
G1 X98.038 Y198.488 E.03789
G1 X97.681 Y198.488 E.0106
G1 X97.681 Y197.212 E.03789
G1 X97.324 Y197.212 E.0106
G1 X97.324 Y198.488 E.03789
G1 X96.967 Y198.488 E.0106
G1 X96.967 Y197.212 E.03789
G1 X96.609 Y197.212 E.01063
G1 X96.609 Y198.488 E.03789
G1 X96.252 Y198.488 E.0106
G1 X96.252 Y197.212 E.03789
G1 X95.895 Y197.212 E.0106
G1 X95.895 Y198.488 E.03789
G1 X95.538 Y198.488 E.0106
G1 X95.538 Y197.212 E.03789
G1 X95.181 Y197.212 E.0106
G1 X95.181 Y198.488 E.03789
G1 X94.824 Y198.488 E.0106
G1 X94.824 Y197.212 E.03789
G1 X94.467 Y197.212 E.0106
G1 X94.467 Y198.488 E.03789
G1 X94.11 Y198.488 E.0106
G1 X94.11 Y197.212 E.03789
G1 X93.753 Y197.212 E.0106
G1 X93.753 Y198.488 E.03789
G1 X93.396 Y198.488 E.0106
G1 X93.396 Y197.212 E.03789
G1 X93.039 Y197.212 E.0106
G1 X93.039 Y198.488 E.03789
G1 X92.682 Y198.488 E.0106
G1 X92.682 Y197.212 E.03789
G1 X92.325 Y197.212 E.0106
G1 X92.325 Y198.488 E.03789
G1 X91.967 Y198.488 E.01063
G1 X91.967 Y197.212 E.03789
G1 X91.61 Y197.212 E.0106
G1 X91.61 Y198.488 E.03789
G1 X91.253 Y198.488 E.0106
G1 X91.253 Y197.212 E.03789
G1 X90.896 Y197.212 E.0106
G1 X90.896 Y198.488 E.03789
G1 X90.539 Y198.488 E.0106
G1 X90.539 Y197.212 E.03789
G1 X90.182 Y197.212 E.0106
G1 X90.182 Y198.488 E.03789
G1 X89.825 Y198.488 E.0106
G1 X89.825 Y197.212 E.03789
G1 X89.468 Y197.212 E.0106
G1 X89.468 Y198.488 E.03789
G1 X89.111 Y198.488 E.0106
G1 X89.111 Y197.212 E.03789
G1 X88.754 Y197.212 E.0106
G1 X88.754 Y198.488 E.03789
G1 X88.397 Y198.488 E.0106
G1 X88.397 Y197.212 E.03789
G1 X88.04 Y197.212 E.0106
G1 X88.04 Y198.488 E.03789
G1 X87.683 Y198.488 E.0106
G1 X87.683 Y197.212 E.03789
G1 X87.325 Y197.212 E.01063
G1 X87.325 Y198.488 E.03789
G1 X86.968 Y198.488 E.0106
G1 X86.968 Y197.212 E.03789
G1 X86.611 Y197.212 E.0106
G1 X86.611 Y198.488 E.03789
G1 X86.254 Y198.488 E.0106
G1 X86.254 Y197.212 E.03789
G1 X85.897 Y197.212 E.0106
G1 X85.897 Y198.488 E.03789
G1 X85.54 Y198.488 E.0106
G1 X85.54 Y197.212 E.03789
G1 X85.183 Y197.212 E.0106
G1 X85.183 Y198.488 E.03789
G1 X84.826 Y198.488 E.0106
G1 X84.826 Y197.212 E.03789
G1 X84.469 Y197.212 E.0106
G1 X84.469 Y198.488 E.03789
G1 X84.112 Y198.488 E.0106
G1 X84.112 Y197.212 E.03789
G1 X83.755 Y197.212 E.0106
G1 X83.755 Y198.488 E.03789
G1 X83.398 Y198.488 E.0106
G1 X83.398 Y197.212 E.03789
G1 X83.04 Y197.212 E.01063
G1 X83.04 Y198.488 E.03789
G1 X82.683 Y198.488 E.0106
G1 X82.683 Y197.212 E.03789
G1 X82.326 Y197.212 E.0106
G1 X82.326 Y198.488 E.03789
G1 X81.969 Y198.488 E.0106
G1 X81.969 Y197.212 E.03789
G1 X81.612 Y197.212 E.0106
G1 X81.612 Y198.488 E.03789
G1 X81.255 Y198.488 E.0106
G1 X81.255 Y197.212 E.03789
G1 X80.898 Y197.212 E.0106
G1 X80.898 Y198.488 E.03789
G1 X80.541 Y198.488 E.0106
G1 X80.541 Y197.212 E.03789
G1 X80.184 Y197.212 E.0106
G1 X80.184 Y198.488 E.03789
G1 X79.827 Y198.488 E.0106
G1 X79.827 Y197.212 E.03789
G1 X79.47 Y197.212 E.0106
G1 X79.47 Y198.488 E.03789
G1 X79.113 Y198.488 E.0106
G1 X79.113 Y197.212 E.03789
G1 X78.756 Y197.212 E.0106
G1 X78.756 Y198.488 E.03789
G1 X78.398 Y198.488 E.01063
G1 X78.398 Y197.212 E.03789
G1 X78.041 Y197.212 E.0106
G1 X78.041 Y198.488 E.03789
G1 X77.684 Y198.488 E.0106
G1 X77.684 Y197.212 E.03789
G1 X77.327 Y197.212 E.0106
G1 X77.327 Y198.488 E.03789
G1 X76.97 Y198.488 E.0106
G1 X76.97 Y197.212 E.03789
G1 X76.613 Y197.212 E.0106
G1 X76.613 Y198.488 E.03789
G1 X76.256 Y198.488 E.0106
G1 X76.256 Y197.212 E.03789
G1 X75.899 Y197.212 E.0106
G1 X75.899 Y198.488 E.03789
G1 X75.542 Y198.488 E.0106
G1 X75.542 Y197.212 E.03789
G1 X75.185 Y197.212 E.0106
G1 X75.185 Y198.488 E.03789
G1 X74.828 Y198.488 E.0106
G1 X74.828 Y197.212 E.03789
G1 X74.471 Y197.212 E.0106
G1 X74.471 Y198.488 E.03789
G1 X74.114 Y198.488 E.0106
G1 X74.114 Y197.212 E.03789
G1 X73.756 Y197.212 E.01063
G1 X73.756 Y198.488 E.03789
G1 X73.399 Y198.488 E.0106
G1 X73.399 Y197.212 E.03789
G1 X73.042 Y197.212 E.0106
G1 X73.042 Y198.488 E.03789
G1 X72.685 Y198.488 E.0106
G1 X72.685 Y197.212 E.03789
G1 X72.328 Y197.212 E.0106
G1 X72.328 Y198.488 E.03789
G1 X71.971 Y198.488 E.0106
G1 X71.971 Y197.212 E.03789
G1 X71.614 Y197.212 E.0106
G1 X71.614 Y198.488 E.03789
G1 X71.257 Y198.488 E.0106
G1 X71.257 Y197.212 E.03789
G1 X70.9 Y197.212 E.0106
G1 X70.9 Y198.488 E.03789
G1 X70.543 Y198.488 E.0106
G1 X70.543 Y197.212 E.03789
G1 X70.186 Y197.212 E.0106
G1 X70.186 Y198.488 E.03789
G1 X69.829 Y198.488 E.0106
G1 X69.829 Y197.212 E.03789
G1 X69.471 Y197.212 E.01063
G1 X69.471 Y198.488 E.03789
G1 X69.114 Y198.488 E.0106
G1 X69.114 Y197.212 E.03789
G1 X68.757 Y197.212 E.0106
G1 X68.757 Y198.488 E.03789
G1 X68.4 Y198.488 E.0106
G1 X68.4 Y197.212 E.03789
G1 X68.043 Y197.212 E.0106
G1 X68.043 Y198.488 E.03789
G1 X67.686 Y198.488 E.0106
G1 X67.686 Y197.212 E.03789
G1 X67.329 Y197.212 E.0106
G1 X67.329 Y198.488 E.03789
G1 X66.972 Y198.488 E.0106
G1 X66.972 Y197.212 E.03789
G1 X66.615 Y197.212 E.0106
G1 X66.615 Y198.488 E.03789
G1 X66.258 Y198.488 E.0106
G1 X66.258 Y197.212 E.03789
G1 X65.901 Y197.212 E.0106
G1 X65.901 Y198.488 E.03789
G1 X65.544 Y198.488 E.0106
G1 X65.544 Y197.212 E.03789
G1 X65.187 Y197.212 E.0106
G1 X65.187 Y198.488 E.03789
G1 X64.829 Y198.488 E.01063
G1 X64.829 Y197.212 E.03789
G1 X64.472 Y197.212 E.0106
G1 X64.472 Y198.488 E.03789
G1 X64.115 Y198.488 E.0106
G1 X64.115 Y197.212 E.03789
G1 X63.758 Y197.212 E.0106
G1 X63.758 Y198.488 E.03789
G1 X63.401 Y198.488 E.0106
G1 X63.401 Y197.212 E.03789
G1 X63.044 Y197.212 E.0106
G1 X63.044 Y198.488 E.03789
G1 X62.687 Y198.488 E.0106
G1 X62.687 Y197.212 E.03789
G1 X62.33 Y197.212 E.0106
G1 X62.33 Y198.488 E.03789
G1 X61.973 Y198.488 E.0106
G1 X61.973 Y197.212 E.03789
G1 X61.616 Y197.212 E.0106
G1 X61.616 Y198.488 E.03789
G1 X61.259 Y198.488 E.0106
G1 X61.259 Y197.212 E.03789
G1 X60.902 Y197.212 E.0106
G1 X60.902 Y198.488 E.03789
G1 X60.545 Y198.488 E.0106
G1 X60.545 Y197.212 E.03789
G1 X60.187 Y197.212 E.01063
G1 X60.187 Y198.488 E.03789
G1 X59.83 Y198.488 E.0106
G1 X59.83 Y197.212 E.03789
G1 X59.484 Y196.91 E.01364
G1 X59.473 Y195.712 E.03557
G1 X59.473 Y201.427 E.16969
G1 X59.116 Y201.427 E.0106
G1 X59.116 Y195.712 E.16969
G1 X58.759 Y195.712 E.0106
G1 X58.759 Y201.587 E.17444
G1 E-2 F2400
M204 S8000
G1 X159.368 Y199.862 F24000
G1 E2 F2400
M204 S4000
;TYPE:Perimeter
;WIDTH:0.449999
G1 F10800
G1 X159.368 Y201.816 E.06614
G1 X60.632 Y201.816 E3.34209
G1 X60.632 Y199.862 E.06614
G1 X159.308 Y199.862 E3.34006
M204 S5000
M204 S8000
G1 X159.775 Y199.455 F24000
M204 S4000
;TYPE:External perimeter
G1 F7200
G1 X159.775 Y202.223 E.09369
G1 X60.225 Y202.223 E3.36964
G1 X60.225 Y199.455 E.09369
G1 X159.715 Y199.455 E3.36761
M204 S5000
G1 X159.774 Y199.851 F24000
M204 S8000
G1 X159.026 Y201.51
M204 S5000
;TYPE:Internal infill
;WIDTH:0.45
G1 F13200
G1 X159.063 Y200.536 E.03299
G1 X157.632 Y200.536 E.04844
G1 X156.657 Y201.51 E.04665
G1 X155.455 Y201.51 E.04069
G1 X154.48 Y200.536 E.04665
G1 X146.118 Y200.536 E.28304
G1 X145.143 Y201.51 E.04665
G1 X143.941 Y201.51 E.04069
G1 X142.966 Y200.536 E.04665
G1 X134.604 Y200.536 E.28304
G1 X133.629 Y201.51 E.04665
G1 X132.427 Y201.51 E.04069
G1 X131.452 Y200.536 E.04665
G1 X123.09 Y200.536 E.28304
G1 X122.115 Y201.51 E.04665
G1 X120.913 Y201.51 E.04069
G1 X119.938 Y200.536 E.04665
G1 X111.576 Y200.536 E.28304
G1 X110.601 Y201.51 E.04665
G1 X109.399 Y201.51 E.04069
G1 X108.424 Y200.536 E.04665
G1 X100.062 Y200.536 E.28304
G1 X99.087 Y201.51 E.04665
G1 X97.885 Y201.51 E.04069
G1 X96.91 Y200.536 E.04665
G1 X88.548 Y200.536 E.28304
G1 X87.573 Y201.51 E.04665
G1 X86.371 Y201.51 E.04069
G1 X85.396 Y200.536 E.04665
G1 X77.034 Y200.536 E.28304
G1 X76.059 Y201.51 E.04665
G1 X74.857 Y201.51 E.04069
G1 X73.882 Y200.536 E.04665
G1 X65.52 Y200.536 E.28304
G1 X64.545 Y201.51 E.04665
G1 X63.343 Y201.51 E.04069
G1 X62.368 Y200.536 E.04665
G1 X60.937 Y200.536 E.04844
G1 X60.974 Y201.51 E.03299
M204 S8000
G1 X60.918 Y200.148 F24000
M204 S5000
;TYPE:Solid infill
;WIDTH:0.411344
G1 F9600
G1 X159.082 Y200.148 E3.00721
G1 E-2 F2400
M204 S8000
G1 X159.368 Y195.838 F24000
G1 E2 F2400
M204 S4000
;TYPE:Perimeter
;WIDTH:0.449999
G1 F10800
G1 X60.632 Y195.838 E3.34209
G1 X60.632 Y193.884 E.06614
G1 X159.368 Y193.884 E3.34209
G1 X159.368 Y195.778 E.06411
M204 S5000
M204 S8000
G1 X159.775 Y196.245 F24000
M204 S4000
;TYPE:External perimeter
G1 F7200
G1 X60.225 Y196.245 E3.36964
G1 X60.225 Y193.477 E.09369
G1 X159.775 Y193.477 E3.36964
G1 X159.775 Y196.185 E.09166
M204 S5000
G1 X159.379 Y196.244 F24000
G1 E-2 F2400
M204 S8000
G1 X154.906 Y194.19 F24000
G1 E2 F2400
M204 S5000
;TYPE:Internal infill
;WIDTH:0.45
G1 F13200
G1 X152.464 Y194.19 E.08266
G1 X151.489 Y195.164 E.04665
G1 X149.108 Y195.164 E.08059
G1 X148.134 Y194.19 E.04662
G1 X140.95 Y194.19 E.24317
G1 X139.975 Y195.164 E.04665
G1 X137.594 Y195.164 E.08059
G1 X136.62 Y194.19 E.04662
G1 X129.436 Y194.19 E.24317
G1 X128.461 Y195.164 E.04665
G1 X126.08 Y195.164 E.08059
G1 X125.106 Y194.19 E.04662
G1 X117.922 Y194.19 E.24317
G1 X116.947 Y195.164 E.04665
G1 X114.567 Y195.164 E.08056
G1 X113.592 Y194.19 E.04665
G1 X106.408 Y194.19 E.24317
G1 X105.433 Y195.164 E.04665
G1 X103.053 Y195.164 E.08056
G1 X102.078 Y194.19 E.04665
G1 X94.894 Y194.19 E.24317
G1 X93.92 Y195.164 E.04662
G1 X91.539 Y195.164 E.08059
G1 X90.564 Y194.19 E.04665
G1 X83.38 Y194.19 E.24317
G1 X82.406 Y195.164 E.04662
G1 X80.025 Y195.164 E.08059
G1 X79.05 Y194.19 E.04665
G1 X71.866 Y194.19 E.24317
G1 X70.892 Y195.164 E.04662
G1 X68.511 Y195.164 E.08059
G1 X67.536 Y194.19 E.04665
G1 X65.094 Y194.19 E.08266
G1 E-2 F2400
M204 S8000
G1 X60.918 Y195.552 F24000
G1 E2 F2400
M204 S5000
;TYPE:Solid infill
;WIDTH:0.411348
G1 F9600
G1 X159.082 Y195.552 E3.00725
M106 S244.8
;LAYER_CHANGE
;Z:6.4
;HEIGHT:0.2
G1 E-2 F2400
G1 Z6.4 F24000
M204 S8000
G1 X159.368 Y199.636
G1 E2 F2400
M204 S4000
;TYPE:Perimeter
;WIDTH:0.449999
G1 F10800
G1 X159.368 Y201.755 E.07173
G1 X60.632 Y201.755 E3.34209
G1 X60.632 Y199.636 E.07173
G1 X159.308 Y199.636 E3.34006
M204 S5000
M204 S8000
G1 X159.775 Y199.229 F24000
M204 S4000
;TYPE:External perimeter
G1 F7200
G1 X159.775 Y202.162 E.09928
G1 X60.225 Y202.162 E3.36964
G1 X60.225 Y199.229 E.09928
G1 X159.715 Y199.229 E3.36761
M204 S5000
G1 X159.774 Y199.624 F24000
M204 S8000
G1 X158.965 Y201.45
M204 S5000
;TYPE:Internal infill
;WIDTH:0.45
G1 F13200
G1 X159.063 Y201.45 E.00332
G1 X159.063 Y200.417 E.03497
G1 X157.751 Y200.417 E.04441
G1 X156.718 Y201.45 E.04945
G1 X155.394 Y201.45 E.04482
G1 X154.361 Y200.417 E.04945
G1 X146.237 Y200.417 E.27499
G1 X145.204 Y201.45 E.04945
G1 X143.88 Y201.45 E.04482
G1 X142.847 Y200.417 E.04945
G1 X134.723 Y200.417 E.27499
G1 X133.69 Y201.45 E.04945
G1 X132.366 Y201.45 E.04482
G1 X131.333 Y200.417 E.04945
G1 X123.209 Y200.417 E.27499
G1 X122.176 Y201.45 E.04945
G1 X120.852 Y201.45 E.04482
G1 X119.819 Y200.417 E.04945
G1 X111.695 Y200.417 E.27499
G1 X110.662 Y201.45 E.04945
G1 X109.338 Y201.45 E.04482
G1 X108.305 Y200.417 E.04945
G1 X100.181 Y200.417 E.27499
G1 X99.148 Y201.45 E.04945
G1 X97.824 Y201.45 E.04482
G1 X96.791 Y200.417 E.04945
G1 X88.667 Y200.417 E.27499
G1 X87.634 Y201.45 E.04945
G1 X86.31 Y201.45 E.04482
G1 X85.277 Y200.417 E.04945
G1 X77.153 Y200.417 E.27499
G1 X76.12 Y201.45 E.04945
G1 X74.796 Y201.45 E.04482
G1 X73.763 Y200.417 E.04945
G1 X65.639 Y200.417 E.27499
G1 X64.606 Y201.45 E.04945
G1 X63.282 Y201.45 E.04482
G1 X62.249 Y200.417 E.04945
G1 X60.937 Y200.417 E.04441
G1 X60.937 Y201.45 E.03497
G1 X61.035 Y201.45 E.00332
M204 S8000
G1 X60.972 Y199.975 F24000
M204 S5000
;TYPE:Solid infill
;WIDTH:0.518732
G1 F9600
G1 X159.028 Y199.975 E3.87948
G1 E-2 F2400
M204 S8000
G1 X159.368 Y196.064 F24000
G1 E2 F2400
M204 S4000
;TYPE:Perimeter
;WIDTH:0.449999
G1 F10800
G1 X60.632 Y196.064 E3.34209
G1 X60.632 Y193.945 E.07173
G1 X159.368 Y193.945 E3.34209
G1 X159.368 Y196.004 E.06969
M204 S5000
M204 S8000
G1 X159.775 Y196.471 F24000
M204 S4000
;TYPE:External perimeter
G1 F7200
G1 X60.225 Y196.471 E3.36964
G1 X60.225 Y193.538 E.09928
G1 X159.775 Y193.538 E3.36964
G1 X159.775 Y196.411 E.09725
M204 S5000
G1 X159.379 Y196.471 F24000
G1 E-2 F2400
M204 S8000
G1 X154.846 Y194.25 F24000
G1 E2 F2400
M204 S5000
;TYPE:Internal infill
;WIDTH:0.45
G1 F13200
G1 X152.403 Y194.25 E.08269
G1 X151.37 Y195.283 E.04945
G1 X149.227 Y195.283 E.07254
G1 X148.194 Y194.25 E.04945
G1 X140.889 Y194.25 E.24727
G1 X139.856 Y195.283 E.04945
G1 X137.713 Y195.283 E.07254
G1 X136.681 Y194.25 E.04943
G1 X129.375 Y194.25 E.2473
G1 X128.342 Y195.283 E.04945
G1 X126.199 Y195.283 E.07254
G1 X125.167 Y194.25 E.04943
G1 X117.861 Y194.25 E.2473
G1 X116.828 Y195.283 E.04945
G1 X114.686 Y195.283 E.0725
G1 X113.653 Y194.25 E.04945
G1 X106.347 Y194.25 E.2473
G1 X105.314 Y195.283 E.04945
G1 X103.172 Y195.283 E.0725
G1 X102.139 Y194.25 E.04945
G1 X94.833 Y194.25 E.2473
G1 X93.8 Y195.283 E.04945
G1 X91.658 Y195.283 E.0725
G1 X90.625 Y194.25 E.04945
G1 X83.319 Y194.25 E.2473
G1 X82.287 Y195.283 E.04943
G1 X80.144 Y195.283 E.07254
G1 X79.111 Y194.25 E.04945
G1 X71.805 Y194.25 E.2473
G1 X70.773 Y195.283 E.04943
G1 X68.63 Y195.283 E.07254
G1 X67.597 Y194.25 E.04945
G1 X65.154 Y194.25 E.08269
G1 E-2 F2400
M204 S8000
G1 X60.972 Y195.725 F24000
G1 E2 F2400
M204 S5000
;TYPE:Solid infill
;WIDTH:0.518742
G1 F9600
G1 X159.028 Y195.725 E3.87956
M106 S234.6
;LAYER_CHANGE
;Z:6.6
;HEIGHT:0.2
G1 E-2 F2400
G1 Z6.6 F24000
M204 S8000
G1 X159.368 Y201.694
G1 E2 F2400
M204 S4000
;TYPE:Perimeter
;WIDTH:0.449999
G1 F10800
G1 X60.632 Y201.694 E3.34209
G1 X60.632 Y199.312 E.08063
G1 X159.368 Y199.312 E3.34209
G1 X159.368 Y201.634 E.0786
M204 S5000
M204 S8000
G1 X159.775 Y202.102 F24000
M204 S4000
;TYPE:External perimeter
G1 F7200
G1 X60.225 Y202.102 E3.36964
G1 X60.225 Y198.905 E.10821
G1 X159.775 Y198.905 E3.36964
G1 X159.775 Y202.042 E.10618
M204 S5000
G1 X159.379 Y202.101 F24000
M204 S8000
G1 X158.53 Y201.014
M204 S5000
;TYPE:Internal infill
;WIDTH:0.45
G1 F13200
G1 X159.063 Y201.014 E.01804
G1 X159.063 Y200.253 E.02576
G1 X157.914 Y200.253 E.03889
G1 X157.153 Y201.014 E.03643
G1 X154.959 Y201.014 E.07426
G1 X154.197 Y200.253 E.03645
G1 X146.4 Y200.253 E.26392
G1 X145.639 Y201.014 E.03643
G1 X143.445 Y201.014 E.07426
G1 X142.683 Y200.253 E.03645
G1 X134.887 Y200.253 E.26389
G1 X134.125 Y201.014 E.03645
G1 X131.931 Y201.014 E.07426
G1 X131.169 Y200.253 E.03645
G1 X123.373 Y200.253 E.26389
G1 X122.611 Y201.014 E.03645
G1 X120.417 Y201.014 E.07426
G1 X119.655 Y200.253 E.03645
G1 X111.859 Y200.253 E.26389
G1 X111.097 Y201.014 E.03645
G1 X108.903 Y201.014 E.07426
G1 X108.141 Y200.253 E.03645
G1 X100.345 Y200.253 E.26389
G1 X99.583 Y201.014 E.03645
G1 X97.389 Y201.014 E.07426
G1 X96.627 Y200.253 E.03645
G1 X88.831 Y200.253 E.26389
G1 X88.069 Y201.014 E.03645
G1 X85.875 Y201.014 E.07426
G1 X85.113 Y200.253 E.03645
G1 X77.317 Y200.253 E.26389
G1 X76.555 Y201.014 E.03645
G1 X74.361 Y201.014 E.07426
G1 X73.6 Y200.253 E.03643
G1 X65.803 Y200.253 E.26392
G1 X65.041 Y201.014 E.03645
G1 X62.847 Y201.014 E.07426
G1 X62.086 Y200.253 E.03643
G1 X60.937 Y200.253 E.03889
G1 X60.937 Y201.014 E.02576
G1 X61.47 Y201.014 E.01804
M204 S8000
G1 X60.921 Y201.405 F24000
M204 S5000
;TYPE:Solid infill
;WIDTH:0.417614
G1 F9600
G1 X159.079 Y201.405 E3.0582
G1 E-2 F2400
M204 S8000
G1 X60.893 Y199.573 F24000
G1 E2 F2400
M204 S5000
;WIDTH:0.360502
G1 F9600
G1 X159.107 Y199.573 E2.59354
G1 X159.107 Y199.891 E.0084
G1 X60.893 Y199.891 E2.59354
G1 X60.893 Y199.777 E.00301
G1 E-2 F2400
M204 S8000
G1 X159.368 Y194.006 F24000
G1 E2 F2400
M204 S4000
;TYPE:Perimeter
;WIDTH:0.449999
G1 F10800
G1 X159.368 Y196.388 E.08063
G1 X60.632 Y196.388 E3.34209
G1 X60.632 Y194.006 E.08063
G1 X159.308 Y194.006 E3.34006
M204 S5000
M204 S8000
G1 X159.775 Y193.598 F24000
M204 S4000
;TYPE:External perimeter
G1 F7200
G1 X159.775 Y196.795 E.10821
G1 X60.225 Y196.795 E3.36964
G1 X60.225 Y193.598 E.10821
G1 X159.715 Y193.598 E3.36761
M204 S5000
G1 X159.774 Y193.994 F24000
G1 E-2 F2400
M204 S8000
G1 X154.41 Y194.686 F24000
G1 E2 F2400
M204 S5000
;TYPE:Internal infill
;WIDTH:0.45
G1 F13200
G1 X151.968 Y194.686 E.08266
G1 X151.206 Y195.447 E.03645
G1 X149.391 Y195.447 E.06144
G1 X148.63 Y194.686 E.03643
G1 X140.454 Y194.686 E.27675
G1 X139.692 Y195.447 E.03645
G1 X137.877 Y195.447 E.06144
G1 X137.116 Y194.686 E.03643
G1 X128.94 Y194.686 E.27675
G1 X128.178 Y195.447 E.03645
G1 X126.363 Y195.447 E.06144
G1 X125.602 Y194.686 E.03643
G1 X117.426 Y194.686 E.27675
G1 X116.665 Y195.447 E.03643
G1 X114.849 Y195.447 E.06147
G1 X114.088 Y194.686 E.03643
G1 X105.912 Y194.686 E.27675
G1 X105.151 Y195.447 E.03643
G1 X103.335 Y195.447 E.06147
G1 X102.574 Y194.686 E.03643
G1 X94.398 Y194.686 E.27675
G1 X93.637 Y195.447 E.03643
G1 X91.822 Y195.447 E.06144
G1 X91.06 Y194.686 E.03645
G1 X82.884 Y194.686 E.27675
G1 X82.123 Y195.447 E.03643
G1 X80.308 Y195.447 E.06144
G1 X79.546 Y194.686 E.03645
G1 X71.37 Y194.686 E.27675
G1 X70.609 Y195.447 E.03643
G1 X68.794 Y195.447 E.06144
G1 X68.032 Y194.686 E.03645
G1 X65.59 Y194.686 E.08266
G1 E-2 F2400
M204 S8000
G1 X60.921 Y194.295 F24000
G1 E2 F2400
M204 S5000
;TYPE:Solid infill
;WIDTH:0.417612
G1 F9600
G1 X159.079 Y194.295 E3.05819
G1 E-2 F2400
M204 S8000
G1 X60.893 Y196.127 F24000
G1 E2 F2400
M204 S5000
;WIDTH:0.360502
G1 F9600
G1 X60.893 Y195.809 E.0084
G1 X159.107 Y195.809 E2.59354
G1 X159.107 Y196.127 E.0084
G1 X61.096 Y196.127 E2.58818
M106 S198.9
;LAYER_CHANGE
;Z:6.8
;HEIGHT:0.2
G1 E-2 F2400
G1 Z6.8 F24000
M204 S8000
G1 X159.368 Y201.619
G1 E2 F2400
M204 S4000
;TYPE:Perimeter
;WIDTH:0.449999
G1 F10800
G1 X60.632 Y201.619 E3.34209
G1 X60.632 Y198.48 E.10625
M204 S1500
;TYPE:Overhang perimeter
;WIDTH:0.4
;HEIGHT:0.4
M106 S255
G1 F3000
G1 X60.632 Y197.22 E.06583
M106 S198.9
M204 S4000
;TYPE:Perimeter
;WIDTH:0.449999
;HEIGHT:0.2
G1 F10800
G1 X60.632 Y194.081 E.10625
G1 X159.368 Y194.081 E3.34209
G1 X159.368 Y197.22 E.10625
M204 S1500
;TYPE:Overhang perimeter
;WIDTH:0.4
;HEIGHT:0.4
M106 S255
G1 F3000
G1 X159.368 Y198.48 E.06583
M106 S198.9
M204 S4000
;TYPE:Perimeter
;WIDTH:0.449999
;HEIGHT:0.2
G1 F10800
G1 X159.368 Y201.559 E.10422
M204 S5000
M204 S8000
G1 X159.775 Y202.026 F24000
M204 S4000
;TYPE:External perimeter
G1 F7200
G1 X60.225 Y202.026 E3.36964
G1 X60.225 Y198.48 E.12003
M204 S1500
;TYPE:Overhang perimeter
;WIDTH:0.4
;HEIGHT:0.4
M106 S255
G1 F3000
G1 X60.225 Y197.22 E.06583
M106 S198.9
M204 S4000
;TYPE:External perimeter
;WIDTH:0.449999
;HEIGHT:0.2
G1 F7200
G1 X60.225 Y193.674 E.12003
G1 X159.775 Y193.674 E3.36964
G1 X159.775 Y197.22 E.12003
M204 S1500
;TYPE:Overhang perimeter
;WIDTH:0.4
;HEIGHT:0.4
M106 S255
G1 F3000
G1 X159.775 Y198.48 E.06583
M106 S198.9
M204 S4000
;TYPE:External perimeter
;WIDTH:0.449999
;HEIGHT:0.2
G1 F7200
G1 X159.775 Y201.966 E.118
M204 S5000
G1 X159.379 Y202.026 F24000
G1 E-2 F2400
M204 S8000
G1 X155.698 Y200.027 F24000
G1 E2 F2400
M204 S5000
;TYPE:Internal infill
;WIDTH:0.45
G1 F13200
G1 X158.141 Y200.027 E.08269
G1 X157.26 Y200.907 E.04215
G1 X154.852 Y200.907 E.08151
G1 X153.971 Y200.027 E.04215
G1 X146.627 Y200.027 E.24859
G1 X145.746 Y200.907 E.04215
G1 X143.338 Y200.907 E.08151
G1 X142.457 Y200.027 E.04215
G1 X135.113 Y200.027 E.24859
G1 X134.232 Y200.907 E.04215
G1 X131.824 Y200.907 E.08151
G1 X130.943 Y200.027 E.04215
G1 X123.599 Y200.027 E.24859
G1 X122.718 Y200.907 E.04215
G1 X120.31 Y200.907 E.08151
G1 X119.429 Y200.027 E.04215
G1 X112.085 Y200.027 E.24859
G1 X111.204 Y200.907 E.04215
G1 X108.796 Y200.907 E.08151
G1 X107.915 Y200.027 E.04215
G1 X100.571 Y200.027 E.24859
G1 X99.69 Y200.907 E.04215
G1 X97.282 Y200.907 E.08151
G1 X96.401 Y200.027 E.04215
G1 X89.057 Y200.027 E.24859
G1 X88.176 Y200.907 E.04215
G1 X85.768 Y200.907 E.08151
G1 X84.887 Y200.027 E.04215
G1 X77.543 Y200.027 E.24859
G1 X76.662 Y200.907 E.04215
G1 X74.254 Y200.907 E.08151
G1 X73.373 Y200.027 E.04215
G1 X66.029 Y200.027 E.24859
G1 X65.148 Y200.907 E.04215
G1 X62.74 Y200.907 E.08151
G1 X61.859 Y200.027 E.04215
G1 X64.302 Y200.027 E.08269
G1 E-2 F2400
M204 S8000
G1 X60.937 Y201.314 F24000
G1 E2 F2400
M204 S5000
;TYPE:Solid infill
;WIDTH:0.44937
G1 F9600
G1 X159.063 Y201.314 E3.31631
G1 E-2 F2400
M204 S8000
G1 X154.303 Y194.793 F24000
G1 E2 F2400
M204 S5000
;TYPE:Internal infill
;WIDTH:0.45
G1 F13200
G1 X151.861 Y194.793 E.08266
G1 X150.98 Y195.673 E.04215
G1 X149.618 Y195.673 E.0461
G1 X148.737 Y194.793 E.04215
G1 X140.347 Y194.793 E.28399
G1 X139.466 Y195.673 E.04215
G1 X138.104 Y195.673 E.0461
G1 X137.223 Y194.793 E.04215
G1 X128.833 Y194.793 E.28399
G1 X127.952 Y195.673 E.04215
G1 X126.59 Y195.673 E.0461
G1 X125.709 Y194.793 E.04215
G1 X117.319 Y194.793 E.28399
G1 X116.438 Y195.673 E.04215
G1 X115.076 Y195.673 E.0461
G1 X114.195 Y194.793 E.04215
G1 X105.805 Y194.793 E.28399
G1 X104.924 Y195.673 E.04215
G1 X103.562 Y195.673 E.0461
G1 X102.681 Y194.793 E.04215
G1 X94.291 Y194.793 E.28399
G1 X93.41 Y195.673 E.04215
G1 X92.048 Y195.673 E.0461
G1 X91.167 Y194.793 E.04215
G1 X82.777 Y194.793 E.28399
G1 X81.896 Y195.673 E.04215
G1 X80.534 Y195.673 E.0461
G1 X79.653 Y194.793 E.04215
G1 X71.263 Y194.793 E.28399
G1 X70.382 Y195.673 E.04215
G1 X69.02 Y195.673 E.0461
G1 X68.139 Y194.793 E.04215
G1 X65.697 Y194.793 E.08266
G1 E-2 F2400
M204 S8000
G1 X60.937 Y194.386 F24000
G1 E2 F2400
M204 S5000
;TYPE:Solid infill
;WIDTH:0.44937
G1 F9600
G1 X159.063 Y194.386 E3.31631
G1 E-2 F2400
M204 S8000
G1 X60.96 Y195.9 F24000
G1 E2 F2400
M204 S1500
;TYPE:Bridge infill
;WIDTH:0.401983
;HEIGHT:0.4
M106 S255
G1 F3000
G1 X60.96 Y199.598 E.19512
G1 X61.412 Y199.598 E.02385
G1 X61.412 Y196.102 E.18446
G1 X61.864 Y196.102 E.02385
G1 X61.864 Y199.598 E.18446
G1 X62.316 Y199.598 E.02385
G1 X62.316 Y196.102 E.18446
G1 X62.768 Y196.102 E.02385
G1 X62.768 Y199.598 E.18446
G1 X63.22 Y199.598 E.02385
G1 X63.22 Y196.102 E.18446
G1 X63.672 Y196.102 E.02385
G1 X63.672 Y199.598 E.18446
G1 X64.124 Y199.598 E.02385
G1 X64.124 Y196.102 E.18446
G1 X64.576 Y196.102 E.02385
G1 X64.576 Y199.598 E.18446
G1 X65.028 Y199.598 E.02385
G1 X65.028 Y196.102 E.18446
G1 X65.48 Y196.102 E.02385
G1 X65.48 Y199.598 E.18446
G1 X65.932 Y199.598 E.02385
G1 X65.932 Y196.102 E.18446
G1 X66.384 Y196.102 E.02385
G1 X66.384 Y199.598 E.18446
G1 X66.836 Y199.598 E.02385
G1 X66.836 Y196.102 E.18446
G1 X67.288 Y196.102 E.02385
G1 X67.288 Y199.598 E.18446
G1 X67.74 Y199.598 E.02385
G1 X67.74 Y196.102 E.18446
G1 X68.192 Y196.102 E.02385
G1 X68.192 Y199.598 E.18446
G1 X68.644 Y199.598 E.02385
G1 X68.644 Y196.102 E.18446
G1 X69.096 Y196.102 E.02385
G1 X69.096 Y199.598 E.18446
G1 X69.548 Y199.598 E.02385
G1 X69.548 Y196.102 E.18446
G1 X70 Y196.102 E.02385
G1 X70 Y199.598 E.18446
G1 X70.452 Y199.598 E.02385
G1 X70.452 Y196.102 E.18446
G1 X70.904 Y196.102 E.02385
G1 X70.904 Y199.598 E.18446
G1 X71.356 Y199.598 E.02385
G1 X71.356 Y196.102 E.18446
G1 X71.807 Y196.102 E.0238
G1 X71.807 Y199.598 E.18446
G1 X72.259 Y199.598 E.02385
G1 X72.259 Y196.102 E.18446
G1 X72.711 Y196.102 E.02385
G1 X72.711 Y199.598 E.18446
G1 X73.163 Y199.598 E.02385
G1 X73.163 Y196.102 E.18446
G1 X73.615 Y196.102 E.02385
G1 X73.615 Y199.598 E.18446
G1 X74.067 Y199.598 E.02385
G1 X74.067 Y196.102 E.18446
G1 X74.519 Y196.102 E.02385
G1 X74.519 Y199.598 E.18446
G1 X74.971 Y199.598 E.02385
G1 X74.971 Y196.102 E.18446
G1 X75.423 Y196.102 E.02385
G1 X75.423 Y199.598 E.18446
G1 X75.875 Y199.598 E.02385
G1 X75.875 Y196.102 E.18446
G1 X76.327 Y196.102 E.02385
G1 X76.327 Y199.598 E.18446
G1 X76.779 Y199.598 E.02385
G1 X76.779 Y196.102 E.18446
G1 X77.231 Y196.102 E.02385
G1 X77.231 Y199.598 E.18446
G1 X77.683 Y199.598 E.02385
G1 X77.683 Y196.102 E.18446
G1 X78.135 Y196.102 E.02385
G1 X78.135 Y199.598 E.18446
G1 X78.587 Y199.598 E.02385
G1 X78.587 Y196.102 E.18446
G1 X79.039 Y196.102 E.02385
G1 X79.039 Y199.598 E.18446
G1 X79.491 Y199.598 E.02385
G1 X79.491 Y196.102 E.18446
G1 X79.943 Y196.102 E.02385
G1 X79.943 Y199.598 E.18446
G1 X80.395 Y199.598 E.02385
G1 X80.395 Y196.102 E.18446
G1 X80.847 Y196.102 E.02385
G1 X80.847 Y199.598 E.18446
G1 X81.299 Y199.598 E.02385
G1 X81.299 Y196.102 E.18446
G1 X81.751 Y196.102 E.02385
G1 X81.751 Y199.598 E.18446
G1 X82.203 Y199.598 E.02385
G1 X82.203 Y196.102 E.18446
G1 X82.655 Y196.102 E.02385
G1 X82.655 Y199.598 E.18446
G1 X83.107 Y199.598 E.02385
G1 X83.107 Y196.102 E.18446
G1 X83.559 Y196.102 E.02385
G1 X83.559 Y199.598 E.18446
G1 X84.011 Y199.598 E.02385
G1 X84.011 Y196.102 E.18446
G1 X84.463 Y196.102 E.02385
G1 X84.463 Y199.598 E.18446
G1 X84.915 Y199.598 E.02385
G1 X84.915 Y196.102 E.18446
G1 X85.367 Y196.102 E.02385
G1 X85.367 Y199.598 E.18446
G1 X85.819 Y199.598 E.02385
G1 X85.819 Y196.102 E.18446
G1 X86.271 Y196.102 E.02385
G1 X86.271 Y199.598 E.18446
G1 X86.723 Y199.598 E.02385
G1 X86.723 Y196.102 E.18446
G1 X87.175 Y196.102 E.02385
G1 X87.175 Y199.598 E.18446
G1 X87.627 Y199.598 E.02385
G1 X87.627 Y196.102 E.18446
G1 X88.079 Y196.102 E.02385
G1 X88.079 Y199.598 E.18446
G1 X88.531 Y199.598 E.02385
G1 X88.531 Y196.102 E.18446
G1 X88.983 Y196.102 E.02385
G1 X88.983 Y199.598 E.18446
G1 X89.435 Y199.598 E.02385
G1 X89.435 Y196.102 E.18446
G1 X89.887 Y196.102 E.02385
G1 X89.887 Y199.598 E.18446
G1 X90.339 Y199.598 E.02385
G1 X90.339 Y196.102 E.18446
G1 X90.791 Y196.102 E.02385
G1 X90.791 Y199.598 E.18446
G1 X91.243 Y199.598 E.02385
G1 X91.243 Y196.102 E.18446
G1 X91.695 Y196.102 E.02385
G1 X91.695 Y199.598 E.18446
G1 X92.147 Y199.598 E.02385
G1 X92.147 Y196.102 E.18446
G1 X92.599 Y196.102 E.02385
G1 X92.599 Y199.598 E.18446
G1 X93.051 Y199.598 E.02385
G1 X93.051 Y196.102 E.18446
G1 X93.503 Y196.102 E.02385
G1 X93.503 Y199.598 E.18446
G1 X93.955 Y199.598 E.02385
G1 X93.955 Y196.102 E.18446
G1 X94.407 Y196.102 E.02385
G1 X94.407 Y199.598 E.18446
G1 X94.859 Y199.598 E.02385
G1 X94.859 Y196.102 E.18446
G1 X95.311 Y196.102 E.02385
G1 X95.311 Y199.598 E.18446
G1 X95.763 Y199.598 E.02385
G1 X95.763 Y196.102 E.18446
G1 X96.215 Y196.102 E.02385
G1 X96.215 Y199.598 E.18446
G1 X96.667 Y199.598 E.02385
G1 X96.667 Y196.102 E.18446
G1 X97.119 Y196.102 E.02385
G1 X97.119 Y199.598 E.18446
G1 X97.571 Y199.598 E.02385
G1 X97.571 Y196.102 E.18446
G1 X98.022 Y196.102 E.0238
G1 X98.022 Y199.598 E.18446
G1 X98.474 Y199.598 E.02385
G1 X98.474 Y196.102 E.18446
G1 X98.926 Y196.102 E.02385
G1 X98.926 Y199.598 E.18446
G1 X99.378 Y199.598 E.02385
G1 X99.378 Y196.102 E.18446
G1 X99.83 Y196.102 E.02385
G1 X99.83 Y199.598 E.18446
G1 X100.282 Y199.598 E.02385
G1 X100.282 Y196.102 E.18446
G1 X100.734 Y196.102 E.02385
G1 X100.734 Y199.598 E.18446
G1 X101.186 Y199.598 E.02385
G1 X101.186 Y196.102 E.18446
G1 X101.638 Y196.102 E.02385
G1 X101.638 Y199.598 E.18446
G1 X102.09 Y199.598 E.02385
G1 X102.09 Y196.102 E.18446
G1 X102.542 Y196.102 E.02385
G1 X102.542 Y199.598 E.18446
G1 X102.994 Y199.598 E.02385
G1 X102.994 Y196.102 E.18446
G1 X103.446 Y196.102 E.02385
G1 X103.446 Y199.598 E.18446
G1 X103.898 Y199.598 E.02385
G1 X103.898 Y196.102 E.18446
G1 X104.35 Y196.102 E.02385
G1 X104.35 Y199.598 E.18446
G1 X104.802 Y199.598 E.02385
G1 X104.802 Y196.102 E.18446
G1 X105.254 Y196.102 E.02385
G1 X105.254 Y199.598 E.18446
G1 X105.706 Y199.598 E.02385
G1 X105.706 Y196.102 E.18446
G1 X106.158 Y196.102 E.02385
G1 X106.158 Y199.598 E.18446
G1 X106.61 Y199.598 E.02385
G1 X106.61 Y196.102 E.18446
G1 X107.062 Y196.102 E.02385
G1 X107.062 Y199.598 E.18446
G1 X107.514 Y199.598 E.02385
G1 X107.514 Y196.102 E.18446
G1 X107.966 Y196.102 E.02385
G1 X107.966 Y199.598 E.18446
G1 X108.418 Y199.598 E.02385
G1 X108.418 Y196.102 E.18446
G1 X108.87 Y196.102 E.02385
G1 X108.87 Y199.598 E.18446
G1 X109.322 Y199.598 E.02385
G1 X109.322 Y196.102 E.18446
G1 X109.774 Y196.102 E.02385
G1 X109.774 Y199.598 E.18446
G1 X110.226 Y199.598 E.02385
G1 X110.226 Y196.102 E.18446
G1 X110.678 Y196.102 E.02385
G1 X110.678 Y199.598 E.18446
G1 X111.13 Y199.598 E.02385
G1 X111.13 Y196.102 E.18446
G1 X111.582 Y196.102 E.02385
G1 X111.582 Y199.598 E.18446
G1 X112.034 Y199.598 E.02385
G1 X112.034 Y196.102 E.18446
G1 X112.486 Y196.102 E.02385
G1 X112.486 Y199.598 E.18446
G1 X112.938 Y199.598 E.02385
G1 X112.938 Y196.102 E.18446
G1 X113.39 Y196.102 E.02385
G1 X113.39 Y199.598 E.18446
G1 X113.842 Y199.598 E.02385
G1 X113.842 Y196.102 E.18446
G1 X114.294 Y196.102 E.02385
G1 X114.294 Y199.598 E.18446
G1 X114.746 Y199.598 E.02385
G1 X114.746 Y196.102 E.18446
G1 X115.198 Y196.102 E.02385
G1 X115.198 Y199.598 E.18446
G1 X115.65 Y199.598 E.02385
G1 X115.65 Y196.102 E.18446
G1 X116.102 Y196.102 E.02385
G1 X116.102 Y199.598 E.18446
G1 X116.554 Y199.598 E.02385
G1 X116.554 Y196.102 E.18446
G1 X117.006 Y196.102 E.02385
G1 X117.006 Y199.598 E.18446
G1 X117.458 Y199.598 E.02385
G1 X117.458 Y196.102 E.18446
G1 X117.91 Y196.102 E.02385
G1 X117.91 Y199.598 E.18446
G1 X118.362 Y199.598 E.02385
G1 X118.362 Y196.102 E.18446
G1 X118.814 Y196.102 E.02385
G1 X118.814 Y199.598 E.18446
G1 X119.266 Y199.598 E.02385
G1 X119.266 Y196.102 E.18446
G1 X119.718 Y196.102 E.02385
G1 X119.718 Y199.598 E.18446
G1 X120.17 Y199.598 E.02385
G1 X120.17 Y196.102 E.18446
G1 X120.622 Y196.102 E.02385
G1 X120.622 Y199.598 E.18446
G1 X121.074 Y199.598 E.02385
G1 X121.074 Y196.102 E.18446
G1 X121.526 Y196.102 E.02385
G1 X121.526 Y199.598 E.18446
G1 X121.978 Y199.598 E.02385
G1 X121.978 Y196.102 E.18446
G1 X122.43 Y196.102 E.02385
G1 X122.43 Y199.598 E.18446
G1 X122.882 Y199.598 E.02385
G1 X122.882 Y196.102 E.18446
G1 X123.334 Y196.102 E.02385
G1 X123.334 Y199.598 E.18446
G1 X123.786 Y199.598 E.02385
G1 X123.786 Y196.102 E.18446
G1 X124.238 Y196.102 E.02385
G1 X124.238 Y199.598 E.18446
G1 X124.689 Y199.598 E.0238
G1 X124.689 Y196.102 E.18446
G1 X125.141 Y196.102 E.02385
G1 X125.141 Y199.598 E.18446
G1 X125.593 Y199.598 E.02385
G1 X125.593 Y196.102 E.18446
G1 X126.045 Y196.102 E.02385
G1 X126.045 Y199.598 E.18446
G1 X126.497 Y199.598 E.02385
G1 X126.497 Y196.102 E.18446
G1 X126.949 Y196.102 E.02385
G1 X126.949 Y199.598 E.18446
G1 X127.401 Y199.598 E.02385
G1 X127.401 Y196.102 E.18446
G1 X127.853 Y196.102 E.02385
G1 X127.853 Y199.598 E.18446
G1 X128.305 Y199.598 E.02385
G1 X128.305 Y196.102 E.18446
G1 X128.757 Y196.102 E.02385
G1 X128.757 Y199.598 E.18446
G1 X129.209 Y199.598 E.02385
G1 X129.209 Y196.102 E.18446
G1 X129.661 Y196.102 E.02385
G1 X129.661 Y199.598 E.18446
G1 X130.113 Y199.598 E.02385
G1 X130.113 Y196.102 E.18446
G1 X130.565 Y196.102 E.02385
G1 X130.565 Y199.598 E.18446
G1 X131.017 Y199.598 E.02385
G1 X131.017 Y196.102 E.18446
G1 X131.469 Y196.102 E.02385
G1 X131.469 Y199.598 E.18446
G1 X131.921 Y199.598 E.02385
G1 X131.921 Y196.102 E.18446
G1 X132.373 Y196.102 E.02385
G1 X132.373 Y199.598 E.18446
G1 X132.825 Y199.598 E.02385
G1 X132.825 Y196.102 E.18446
G1 X133.277 Y196.102 E.02385
G1 X133.277 Y199.598 E.18446
G1 X133.729 Y199.598 E.02385
G1 X133.729 Y196.102 E.18446
G1 X134.181 Y196.102 E.02385
G1 X134.181 Y199.598 E.18446
G1 X134.633 Y199.598 E.02385
G1 X134.633 Y196.102 E.18446
G1 X135.085 Y196.102 E.02385
G1 X135.085 Y199.598 E.18446
G1 X135.537 Y199.598 E.02385
G1 X135.537 Y196.102 E.18446
G1 X135.989 Y196.102 E.02385
G1 X135.989 Y199.598 E.18446
G1 X136.441 Y199.598 E.02385
G1 X136.441 Y196.102 E.18446
G1 X136.893 Y196.102 E.02385
G1 X136.893 Y199.598 E.18446
G1 X137.345 Y199.598 E.02385
G1 X137.345 Y196.102 E.18446
G1 X137.797 Y196.102 E.02385
G1 X137.797 Y199.598 E.18446
G1 X138.249 Y199.598 E.02385
G1 X138.249 Y196.102 E.18446
G1 X138.701 Y196.102 E.02385
G1 X138.701 Y199.598 E.18446
G1 X139.153 Y199.598 E.02385
G1 X139.153 Y196.102 E.18446
G1 X139.605 Y196.102 E.02385
G1 X139.605 Y199.598 E.18446
G1 X140.057 Y199.598 E.02385
G1 X140.057 Y196.102 E.18446
G1 X140.509 Y196.102 E.02385
G1 X140.509 Y199.598 E.18446
G1 X140.961 Y199.598 E.02385
G1 X140.961 Y196.102 E.18446
G1 X141.413 Y196.102 E.02385
G1 X141.413 Y199.598 E.18446
G1 X141.865 Y199.598 E.02385
G1 X141.865 Y196.102 E.18446
G1 X142.317 Y196.102 E.02385
G1 X142.317 Y199.598 E.18446
G1 X142.769 Y199.598 E.02385
G1 X142.769 Y196.102 E.18446
G1 X143.221 Y196.102 E.02385
G1 X143.221 Y199.598 E.18446
G1 X143.673 Y199.598 E.02385
G1 X143.673 Y196.102 E.18446
G1 X144.125 Y196.102 E.02385
G1 X144.125 Y199.598 E.18446
G1 X144.577 Y199.598 E.02385
G1 X144.577 Y196.102 E.18446
G1 X145.029 Y196.102 E.02385
G1 X145.029 Y199.598 E.18446
G1 X145.481 Y199.598 E.02385
G1 X145.481 Y196.102 E.18446
G1 X145.933 Y196.102 E.02385
G1 X145.933 Y199.598 E.18446
G1 X146.385 Y199.598 E.02385
G1 X146.385 Y196.102 E.18446
G1 X146.837 Y196.102 E.02385
G1 X146.837 Y199.598 E.18446
G1 X147.289 Y199.598 E.02385
G1 X147.289 Y196.102 E.18446
G1 X147.741 Y196.102 E.02385
G1 X147.741 Y199.598 E.18446
G1 X148.193 Y199.598 E.02385
G1 X148.193 Y196.102 E.18446
G1 X148.645 Y196.102 E.02385
G1 X148.645 Y199.598 E.18446
G1 X149.097 Y199.598 E.02385
G1 X149.097 Y196.102 E.18446
G1 X149.549 Y196.102 E.02385
G1 X149.549 Y199.598 E.18446
G1 X150.001 Y199.598 E.02385
G1 X150.001 Y196.102 E.18446
G1 X150.453 Y196.102 E.02385
G1 X150.453 Y199.598 E.18446
G1 X150.905 Y199.598 E.02385
G1 X150.905 Y196.102 E.18446
G1 X151.356 Y196.102 E.0238
G1 X151.356 Y199.598 E.18446
G1 X151.808 Y199.598 E.02385
G1 X151.808 Y196.102 E.18446
G1 X152.26 Y196.102 E.02385
G1 X152.26 Y199.598 E.18446
G1 X152.712 Y199.598 E.02385
G1 X152.712 Y196.102 E.18446
G1 X153.164 Y196.102 E.02385
G1 X153.164 Y199.598 E.18446
G1 X153.616 Y199.598 E.02385
G1 X153.616 Y196.102 E.18446
G1 X154.068 Y196.102 E.02385
G1 X154.068 Y199.598 E.18446
G1 X154.52 Y199.598 E.02385
G1 X154.52 Y196.102 E.18446
G1 X154.972 Y196.102 E.02385
G1 X154.972 Y199.598 E.18446
G1 X155.424 Y199.598 E.02385
G1 X155.424 Y196.102 E.18446
G1 X155.876 Y196.102 E.02385
G1 X155.876 Y199.598 E.18446
G1 X156.328 Y199.598 E.02385
G1 X156.328 Y196.102 E.18446
G1 X156.78 Y196.102 E.02385
G1 X156.78 Y199.598 E.18446
G1 X157.232 Y199.598 E.02385
G1 X157.232 Y196.102 E.18446
G1 X157.684 Y196.102 E.02385
G1 X157.684 Y199.598 E.18446
G1 X158.136 Y199.598 E.02385
G1 X158.136 Y196.102 E.18446
G1 X158.588 Y196.102 E.02385
G1 X158.588 Y199.598 E.18446
G1 X159.04 Y199.598 E.02385
G1 X159.04 Y195.9 E.19512
M106 S198.9
M204 S5000
M106 S234.6
;LAYER_CHANGE
;Z:7
;HEIGHT:0.2
G1 E-2 F2400
G1 Z7 F24000
M204 S8000
G1 X159.368 Y201.512
G1 E2 F2400
M204 S4000
;TYPE:Perimeter
;WIDTH:0.449999
G1 F10800
G1 X60.632 Y201.512 E3.34209
G1 X60.632 Y194.188 E.24791
G1 X159.368 Y194.188 E3.34209
G1 X159.368 Y201.452 E.24588
M204 S5000
M204 S8000
G1 X159.775 Y201.919 F24000
M204 S4000
;TYPE:External perimeter
G1 F7200
G1 X60.225 Y201.919 E3.36964
G1 X60.225 Y193.781 E.27546
G1 X159.775 Y193.781 E3.36964
G1 X159.775 Y201.859 E.27343
M204 S5000
G1 X159.379 Y201.919 F24000
G1 E-2 F2400
M204 S8000
G1 X156.022 Y199.703 F24000
G1 E2 F2400
M204 S5000
;TYPE:Internal infill
;WIDTH:0.45
G1 F13200
G1 X158.464 Y199.703 E.08266
G1 X157.376 Y200.791 E.05208
G1 X154.735 Y200.791 E.08939
G1 X153.647 Y199.703 E.05208
G1 X146.95 Y199.703 E.22669
G1 X145.862 Y200.791 E.05208
G1 X143.221 Y200.791 E.08939
G1 X142.134 Y199.703 E.05206
G1 X135.436 Y199.703 E.22672
G1 X134.348 Y200.791 E.05208
G1 X131.707 Y200.791 E.08939
G1 X130.62 Y199.703 E.05206
G1 X123.922 Y199.703 E.22672
G1 X122.835 Y200.791 E.05206
G1 X120.193 Y200.791 E.08943
G1 X119.106 Y199.703 E.05206
G1 X112.408 Y199.703 E.22672
G1 X111.321 Y200.791 E.05206
G1 X108.679 Y200.791 E.08943
G1 X107.592 Y199.703 E.05206
G1 X100.894 Y199.703 E.22672
G1 X99.807 Y200.791 E.05206
G1 X97.165 Y200.791 E.08943
G1 X96.078 Y199.703 E.05206
G1 X89.38 Y199.703 E.22672
G1 X88.293 Y200.791 E.05206
G1 X85.652 Y200.791 E.08939
G1 X84.564 Y199.703 E.05208
G1 X77.866 Y199.703 E.22672
G1 X76.779 Y200.791 E.05206
G1 X74.138 Y200.791 E.08939
G1 X73.05 Y199.703 E.05208
G1 X66.352 Y199.703 E.22672
G1 X65.265 Y200.791 E.05206
G1 X62.624 Y200.791 E.08939
G1 X61.536 Y199.703 E.05208
G1 X63.978 Y199.703 E.08266
G1 E-2 F2400
M204 S8000
G1 X60.983 Y199.169 F24000
G1 E2 F2400
M204 S5000
;TYPE:Solid infill
;WIDTH:0.575694
G1 F9600
G1 X60.936 Y199.216 E.00294
G1 X60.953 Y199.28 E.00293
G1 X61.017 Y199.298 E.00295
G1 X61.065 Y199.251 E.00298
G1 X61.047 Y199.186 E.00299
M204 S8000
G1 X61.873 Y199.429 F24000
M204 S5000
;WIDTH:0.38292
G1 F9600
G1 X61.854 Y199.5 E.00208
G1 X61.925 Y199.481 E.00208
G1 X61.914 Y199.44 E.0012
;WIDTH:0.41646
G1 X61.821 Y199.368 E.00365
;WIDTH:0.449999
G1 X61.728 Y199.296 E.00398
G1 X60.937 Y198.506 E.03784
G1 X60.866 Y198.413 E.00396
;WIDTH:0.41646
G1 X60.794 Y198.32 E.00365
;WIDTH:0.38292
G1 X60.805 Y198.361 E.0012
G1 X60.734 Y198.38 E.00208
G1 X60.753 Y198.309 E.00208
;WIDTH:0.449999
G1 X60.937 Y197.93 E.01426
G1 X62.303 Y199.296 E.06539
G1 X62.879 Y199.296 E.0195
G1 X60.937 Y197.355 E.09294
G1 X60.937 Y196.779 E.0195
G1 X63.455 Y199.296 E.12051
G1 X64.03 Y199.296 E.01946
G1 X61.138 Y196.404 E.13844
G1 X61.006 Y196.342 E.00494
;WIDTH:0.41646
G1 X60.873 Y196.28 E.00456
;WIDTH:0.38292
G1 X60.884 Y196.321 E.0012
G1 X60.813 Y196.34 E.00208
G1 X60.832 Y196.269 E.00208
M204 S8000
G1 X61.714 Y196.404 F24000
M204 S5000
;WIDTH:0.449999
G1 F9600
G1 X64.606 Y199.296 E.13844
G1 X65.182 Y199.296 E.0195
G1 X62.289 Y196.404 E.13846
G1 X62.865 Y196.404 E.0195
G1 X65.758 Y199.296 E.13846
G1 X66.333 Y199.296 E.01946
G1 X63.441 Y196.404 E.13844
G1 X64.017 Y196.404 E.0195
G1 X66.909 Y199.296 E.13844
G1 X67.485 Y199.296 E.0195
G1 X64.592 Y196.404 E.13846
G1 X65.168 Y196.404 E.0195
G1 X68.06 Y199.296 E.13844
G1 X68.636 Y199.296 E.0195
G1 X65.744 Y196.404 E.13844
G1 X66.319 Y196.404 E.01946
G1 X69.212 Y199.296 E.13846
G1 X69.787 Y199.296 E.01946
G1 X66.895 Y196.404 E.13844
G1 X67.471 Y196.404 E.0195
G1 X70.363 Y199.296 E.13844
G1 X70.939 Y199.296 E.0195
G1 X68.046 Y196.404 E.13846
G1 X68.622 Y196.404 E.0195
G1 X71.515 Y199.296 E.13846
G1 X72.09 Y199.296 E.01946
G1 X69.198 Y196.404 E.13844
G1 X69.773 Y196.404 E.01946
G1 X72.666 Y199.296 E.13846
G1 X73.242 Y199.296 E.0195
G1 X70.349 Y196.404 E.13846
G1 X70.925 Y196.404 E.0195
G1 X73.817 Y199.296 E.13844
G1 X74.393 Y199.296 E.0195
G1 X71.501 Y196.404 E.13844
G1 X72.076 Y196.404 E.01946
G1 X74.969 Y199.296 E.13846
G1 X75.544 Y199.296 E.01946
G1 X72.652 Y196.404 E.13844
G1 X73.228 Y196.404 E.0195
G1 X76.12 Y199.296 E.13844
G1 X76.696 Y199.296 E.0195
G1 X73.803 Y196.404 E.13846
G1 X74.379 Y196.404 E.0195
G1 X77.271 Y199.296 E.13844
G1 X77.847 Y199.296 E.0195
G1 X74.955 Y196.404 E.13844
G1 X75.53 Y196.404 E.01946
G1 X78.423 Y199.296 E.13846
G1 X78.999 Y199.296 E.0195
G1 X76.106 Y196.404 E.13846
G1 X76.682 Y196.404 E.0195
G1 X79.574 Y199.296 E.13844
G1 X80.15 Y199.296 E.0195
G1 X77.258 Y196.404 E.13844
G1 X77.833 Y196.404 E.01946
G1 X80.726 Y199.296 E.13846
G1 X81.301 Y199.296 E.01946
G1 X78.409 Y196.404 E.13844
G1 X78.985 Y196.404 E.0195
G1 X81.877 Y199.296 E.13844
G1 X82.453 Y199.296 E.0195
G1 X79.56 Y196.404 E.13846
G1 X80.136 Y196.404 E.0195
G1 X83.028 Y199.296 E.13844
G1 X83.604 Y199.296 E.0195
G1 X80.712 Y196.404 E.13844
G1 X81.287 Y196.404 E.01946
G1 X84.18 Y199.296 E.13846
G1 X84.756 Y199.296 E.0195
G1 X81.863 Y196.404 E.13846
G1 X82.439 Y196.404 E.0195
G1 X85.331 Y199.296 E.13844
G1 X85.907 Y199.296 E.0195
G1 X83.015 Y196.404 E.13844
G1 X83.59 Y196.404 E.01946
G1 X86.483 Y199.296 E.13846
G1 X87.058 Y199.296 E.01946
G1 X84.166 Y196.404 E.13844
G1 X84.742 Y196.404 E.0195
G1 X87.634 Y199.296 E.13844
G1 X88.21 Y199.296 E.0195
G1 X85.317 Y196.404 E.13846
G1 X85.893 Y196.404 E.0195
G1 X88.785 Y199.296 E.13844
G1 X89.361 Y199.296 E.0195
G1 X86.469 Y196.404 E.13844
G1 X87.044 Y196.404 E.01946
G1 X89.937 Y199.296 E.13846
G1 X90.512 Y199.296 E.01946
G1 X87.62 Y196.404 E.13844
G1 X88.196 Y196.404 E.0195
G1 X91.088 Y199.296 E.13844
G1 X91.664 Y199.296 E.0195
G1 X88.771 Y196.404 E.13846
G1 X89.347 Y196.404 E.0195
G1 X92.24 Y199.296 E.13846
G1 X92.815 Y199.296 E.01946
G1 X89.923 Y196.404 E.13844
G1 X90.499 Y196.404 E.0195
G1 X93.391 Y199.296 E.13844
G1 X93.967 Y199.296 E.0195
G1 X91.074 Y196.404 E.13846
G1 X91.65 Y196.404 E.0195
G1 X94.542 Y199.296 E.13844
G1 X95.118 Y199.296 E.0195
G1 X92.226 Y196.404 E.13844
G1 X92.801 Y196.404 E.01946
G1 X95.694 Y199.296 E.13846
G1 X96.269 Y199.296 E.01946
G1 X93.377 Y196.404 E.13844
G1 X93.953 Y196.404 E.0195
G1 X96.845 Y199.296 E.13844
G1 X97.421 Y199.296 E.0195
G1 X94.528 Y196.404 E.13846
G1 X95.104 Y196.404 E.0195
G1 X97.997 Y199.296 E.13846
G1 X98.572 Y199.296 E.01946
G1 X95.68 Y196.404 E.13844
G1 X96.256 Y196.404 E.0195
G1 X99.148 Y199.296 E.13844
G1 X99.724 Y199.296 E.0195
G1 X96.831 Y196.404 E.13846
G1 X97.407 Y196.404 E.0195
G1 X100.299 Y199.296 E.13844
G1 X100.875 Y199.296 E.0195
G1 X97.983 Y196.404 E.13844
G1 X98.558 Y196.404 E.01946
G1 X101.451 Y199.296 E.13846
G1 X102.026 Y199.296 E.01946
G1 X99.134 Y196.404 E.13844
G1 X99.71 Y196.404 E.0195
G1 X102.602 Y199.296 E.13844
G1 X103.178 Y199.296 E.0195
G1 X100.285 Y196.404 E.13846
G1 X100.861 Y196.404 E.0195
G1 X103.754 Y199.296 E.13846
G1 X104.329 Y199.296 E.01946
G1 X101.437 Y196.404 E.13844
G1 X102.013 Y196.404 E.0195
G1 X104.905 Y199.296 E.13844
G1 X105.481 Y199.296 E.0195
G1 X102.588 Y196.404 E.13846
G1 X103.164 Y196.404 E.0195
G1 X106.056 Y199.296 E.13844
G1 X106.632 Y199.296 E.0195
G1 X103.74 Y196.404 E.13844
G1 X104.315 Y196.404 E.01946
G1 X107.208 Y199.296 E.13846
G1 X107.783 Y199.296 E.01946
G1 X104.891 Y196.404 E.13844
G1 X105.467 Y196.404 E.0195
G1 X108.359 Y199.296 E.13844
G1 X108.935 Y199.296 E.0195
G1 X106.042 Y196.404 E.13846
G1 X106.618 Y196.404 E.0195
G1 X109.51 Y199.296 E.13844
G1 X110.086 Y199.296 E.0195
G1 X107.194 Y196.404 E.13844
G1 X107.769 Y196.404 E.01946
G1 X110.662 Y199.296 E.13846
G1 X111.238 Y199.296 E.0195
G1 X108.345 Y196.404 E.13846
G1 X108.921 Y196.404 E.0195
G1 X111.813 Y199.296 E.13844
G1 X112.389 Y199.296 E.0195
G1 X109.497 Y196.404 E.13844
G1 X110.072 Y196.404 E.01946
G1 X112.965 Y199.296 E.13846
G1 X113.54 Y199.296 E.01946
G1 X110.648 Y196.404 E.13844
G1 X111.224 Y196.404 E.0195
G1 X114.116 Y199.296 E.13844
G1 X114.692 Y199.296 E.0195
G1 X111.799 Y196.404 E.13846
G1 X112.375 Y196.404 E.0195
G1 X115.267 Y199.296 E.13844
G1 X115.843 Y199.296 E.0195
G1 X112.951 Y196.404 E.13844
G1 X113.526 Y196.404 E.01946
G1 X116.419 Y199.296 E.13846
G1 X116.995 Y199.296 E.0195
G1 X114.102 Y196.404 E.13846
G1 X114.678 Y196.404 E.0195
G1 X117.57 Y199.296 E.13844
G1 X118.146 Y199.296 E.0195
G1 X115.254 Y196.404 E.13844
G1 X115.829 Y196.404 E.01946
G1 X118.722 Y199.296 E.13846
G1 X119.297 Y199.296 E.01946
G1 X116.405 Y196.404 E.13844
G1 X116.981 Y196.404 E.0195
G1 X119.873 Y199.296 E.13844
G1 X120.449 Y199.296 E.0195
G1 X117.556 Y196.404 E.13846
G1 X118.132 Y196.404 E.0195
G1 X121.024 Y199.296 E.13844
G1 X121.6 Y199.296 E.0195
G1 X118.708 Y196.404 E.13844
G1 X119.283 Y196.404 E.01946
G1 X122.176 Y199.296 E.13846
G1 X122.752 Y199.296 E.0195
G1 X119.859 Y196.404 E.13846
G1 X120.435 Y196.404 E.0195
G1 X123.327 Y199.296 E.13844
G1 X123.903 Y199.296 E.0195
G1 X121.01 Y196.404 E.13846
G1 X121.586 Y196.404 E.0195
G1 X124.479 Y199.296 E.13846
G1 X125.054 Y199.296 E.01946
G1 X122.162 Y196.404 E.13844
G1 X122.738 Y196.404 E.0195
G1 X125.63 Y199.296 E.13844
G1 X126.206 Y199.296 E.0195
G1 X123.313 Y196.404 E.13846
G1 X123.889 Y196.404 E.0195
G1 X126.781 Y199.296 E.13844
G1 X127.357 Y199.296 E.0195
G1 X124.465 Y196.404 E.13844
G1 X125.04 Y196.404 E.01946
G1 X127.933 Y199.296 E.13846
G1 X128.508 Y199.296 E.01946
G1 X125.616 Y196.404 E.13844
G1 X126.192 Y196.404 E.0195
G1 X129.084 Y199.296 E.13844
G1 X129.66 Y199.296 E.0195
G1 X126.767 Y196.404 E.13846
G1 X127.343 Y196.404 E.0195
G1 X130.236 Y199.296 E.13846
G1 X130.811 Y199.296 E.01946
G1 X127.919 Y196.404 E.13844
G1 X128.495 Y196.404 E.0195
G1 X131.387 Y199.296 E.13844
G1 X131.963 Y199.296 E.0195
G1 X129.07 Y196.404 E.13846
G1 X129.646 Y196.404 E.0195
G1 X132.538 Y199.296 E.13844
G1 X133.114 Y199.296 E.0195
G1 X130.222 Y196.404 E.13844
G1 X130.797 Y196.404 E.01946
G1 X133.69 Y199.296 E.13846
G1 X134.265 Y199.296 E.01946
G1 X131.373 Y196.404 E.13844
G1 X131.949 Y196.404 E.0195
G1 X134.841 Y199.296 E.13844
G1 X135.417 Y199.296 E.0195
G1 X132.524 Y196.404 E.13846
G1 X133.1 Y196.404 E.0195
G1 X135.993 Y199.296 E.13846
G1 X136.568 Y199.296 E.01946
G1 X133.676 Y196.404 E.13844
G1 X134.252 Y196.404 E.0195
G1 X137.144 Y199.296 E.13844
G1 X137.72 Y199.296 E.0195
G1 X134.827 Y196.404 E.13846
G1 X135.403 Y196.404 E.0195
G1 X138.295 Y199.296 E.13844
G1 X138.871 Y199.296 E.0195
G1 X135.979 Y196.404 E.13844
G1 X136.554 Y196.404 E.01946
G1 X139.447 Y199.296 E.13846
G1 X140.022 Y199.296 E.01946
G1 X137.13 Y196.404 E.13844
G1 X137.706 Y196.404 E.0195
G1 X140.598 Y199.296 E.13844
G1 X141.174 Y199.296 E.0195
G1 X138.281 Y196.404 E.13846
G1 X138.857 Y196.404 E.0195
G1 X141.749 Y199.296 E.13844
G1 X142.325 Y199.296 E.0195
G1 X139.433 Y196.404 E.13844
G1 X140.008 Y196.404 E.01946
G1 X142.901 Y199.296 E.13846
G1 X143.477 Y199.296 E.0195
G1 X140.584 Y196.404 E.13846
G1 X141.16 Y196.404 E.0195
G1 X144.052 Y199.296 E.13844
G1 X144.628 Y199.296 E.0195
G1 X141.736 Y196.404 E.13844
G1 X142.311 Y196.404 E.01946
G1 X145.204 Y199.296 E.13846
G1 X145.779 Y199.296 E.01946
G1 X142.887 Y196.404 E.13844
G1 X143.463 Y196.404 E.0195
G1 X146.355 Y199.296 E.13844
G1 X146.931 Y199.296 E.0195
G1 X144.038 Y196.404 E.13846
G1 X144.614 Y196.404 E.0195
G1 X147.506 Y199.296 E.13844
G1 X148.082 Y199.296 E.0195
G1 X145.19 Y196.404 E.13844
G1 X145.765 Y196.404 E.01946
G1 X148.658 Y199.296 E.13846
G1 X149.234 Y199.296 E.0195
G1 X146.341 Y196.404 E.13846
G1 X146.917 Y196.404 E.0195
G1 X149.809 Y199.296 E.13844
G1 X150.385 Y199.296 E.0195
G1 X147.493 Y196.404 E.13844
G1 X148.068 Y196.404 E.01946
G1 X150.961 Y199.296 E.13846
G1 X151.536 Y199.296 E.01946
G1 X148.644 Y196.404 E.13844
G1 X149.22 Y196.404 E.0195
G1 X152.112 Y199.296 E.13844
G1 X152.688 Y199.296 E.0195
G1 X149.795 Y196.404 E.13846
G1 X150.371 Y196.404 E.0195
G1 X153.263 Y199.296 E.13844
G1 X153.839 Y199.296 E.0195
G1 X150.947 Y196.404 E.13844
G1 X151.522 Y196.404 E.01946
G1 X154.415 Y199.296 E.13846
G1 X154.991 Y199.296 E.0195
G1 X152.098 Y196.404 E.13846
G1 X152.674 Y196.404 E.0195
G1 X155.566 Y199.296 E.13844
G1 X156.142 Y199.296 E.0195
G1 X153.25 Y196.404 E.13844
G1 X153.825 Y196.404 E.01946
G1 X156.718 Y199.296 E.13846
G1 X157.293 Y199.296 E.01946
G1 X154.401 Y196.404 E.13844
G1 X154.977 Y196.404 E.0195
G1 X157.869 Y199.296 E.13844
G1 X158.445 Y199.296 E.0195
G1 X155.552 Y196.404 E.13846
G1 X156.128 Y196.404 E.0195
G1 X159.02 Y199.296 E.13844
G1 X159.063 Y198.763 E.0181
G1 X156.704 Y196.404 E.11292
G1 X157.279 Y196.404 E.01946
G1 X159.063 Y198.187 E.08538
M204 S8000
G1 X158.18 Y196.623 F24000
M204 S5000
;WIDTH:0.600136
G1 F9600
G1 X158.988 Y197.43 E.05291
G1 X158.988 Y196.479 E.04406
G1 X158.036 Y196.479 E.04411
G1 E-2 F2400
M204 S8000
G1 X154.187 Y194.909 F24000
G1 E2 F2400
M204 S5000
;TYPE:Internal infill
;WIDTH:0.45
G1 F13200
G1 X151.744 Y194.909 E.08269
G1 X150.657 Y195.997 E.05206
G1 X149.941 Y195.997 E.02424
G1 X148.853 Y194.909 E.05208
G1 X140.231 Y194.909 E.29184
G1 X139.143 Y195.997 E.05208
G1 X138.427 Y195.997 E.02424
G1 X137.339 Y194.909 E.05208
G1 X128.717 Y194.909 E.29184
G1 X127.629 Y195.997 E.05208
G1 X126.913 Y195.997 E.02424
G1 X125.825 Y194.909 E.05208
G1 X117.203 Y194.909 E.29184
G1 X116.115 Y195.997 E.05208
G1 X115.399 Y195.997 E.02424
G1 X114.311 Y194.909 E.05208
G1 X105.689 Y194.909 E.29184
G1 X104.601 Y195.997 E.05208
G1 X103.885 Y195.997 E.02424
G1 X102.797 Y194.909 E.05208
G1 X94.175 Y194.909 E.29184
G1 X93.087 Y195.997 E.05208
G1 X92.371 Y195.997 E.02424
G1 X91.283 Y194.909 E.05208
G1 X82.661 Y194.909 E.29184
G1 X81.573 Y195.997 E.05208
G1 X80.857 Y195.997 E.02424
G1 X79.769 Y194.909 E.05208
G1 X71.147 Y194.909 E.29184
G1 X70.059 Y195.997 E.05208
G1 X69.343 Y195.997 E.02424
G1 X68.256 Y194.909 E.05206
G1 X65.813 Y194.909 E.08269
G1 E-2 F2400
M204 S8000
G1 X60.942 Y194.497 F24000
G1 E2 F2400
M204 S5000
;TYPE:Solid infill
;WIDTH:0.458838
G1 F9600
G1 X159.058 Y194.497 E3.39322
G1 E-2 F2400
M204 S8000
G1 X60.942 Y201.203 F24000
G1 E2 F2400
M204 S5000
G1 F9600
G1 X159.058 Y201.203 E3.39322
M106 S244.8
;LAYER_CHANGE
;Z:7.2
;HEIGHT:0.2
G1 Z7.2 F24000
M204 S8000
G1 X159.368 Y201.405
M204 S4000
;TYPE:Perimeter
;WIDTH:0.449999
G1 F10800
G1 X60.632 Y201.405 E3.34209
G1 X60.632 Y194.295 E.24066
G1 X159.368 Y194.295 E3.34209
G1 X159.368 Y201.345 E.23863
M204 S5000
M204 S8000
G1 X159.775 Y201.812 F24000
M204 S4000
;TYPE:External perimeter
G1 F7200
G1 X60.225 Y201.812 E3.36964
G1 X60.225 Y193.888 E.26822
G1 X159.775 Y193.888 E3.36964
G1 X159.775 Y201.752 E.26619
M204 S5000
G1 X159.379 Y201.812 F24000
G1 E-2 F2400
M204 S8000
G1 X156.735 Y198.99 F24000
G1 E2 F2400
M204 S5000
;TYPE:Internal infill
;WIDTH:0.45
G1 F13200
G1 X159.063 Y198.99 E.0788
G1 X159.063 Y199.105 E.00389
G1 X157.541 Y200.627 E.07286
G1 X154.571 Y200.627 E.10053
G1 X152.934 Y198.99 E.07836
G1 X147.664 Y198.99 E.17838
G1 X146.027 Y200.627 E.07836
G1 X143.057 Y200.627 E.10053
G1 X141.42 Y198.99 E.07836
G1 X136.15 Y198.99 E.17838
G1 X134.513 Y200.627 E.07836
G1 X131.543 Y200.627 E.10053
G1 X129.906 Y198.99 E.07836
G1 X124.636 Y198.99 E.17838
G1 X122.999 Y200.627 E.07836
G1 X120.029 Y200.627 E.10053
G1 X118.392 Y198.99 E.07836
G1 X113.122 Y198.99 E.17838
G1 X111.485 Y200.627 E.07836
G1 X108.515 Y200.627 E.10053
G1 X106.878 Y198.99 E.07836
G1 X101.608 Y198.99 E.17838
G1 X99.971 Y200.627 E.07836
G1 X97.001 Y200.627 E.10053
G1 X95.364 Y198.99 E.07836
G1 X90.094 Y198.99 E.17838
G1 X88.457 Y200.627 E.07836
G1 X85.487 Y200.627 E.10053
G1 X83.85 Y198.99 E.07836
G1 X78.58 Y198.99 E.17838
G1 X76.943 Y200.627 E.07836
G1 X73.973 Y200.627 E.10053
G1 X72.336 Y198.99 E.07836
G1 X67.066 Y198.99 E.17838
G1 X65.429 Y200.627 E.07836
G1 X62.459 Y200.627 E.10053
G1 X60.937 Y199.105 E.07286
G1 X60.937 Y198.99 E.00389
G1 X63.265 Y198.99 E.0788
G1 E-2 F2400
M204 S8000
G1 X60.97 Y201.067 F24000
G1 E2 F2400
M204 S5000
;TYPE:Solid infill
;WIDTH:0.516084
G1 F9600
G1 X159.03 Y201.067 E3.85805
G1 E-2 F2400
M204 S8000
G1 X158.859 Y197.117 F24000
G1 E2 F2400
M204 S5000
;WIDTH:0.449999
G1 F9600
G1 X60.937 Y197.117 E3.31454
G1 X60.937 Y198.583 E.04962
G1 X159.063 Y198.583 E3.32144
G1 X159.063 Y197.117 E.04962
G1 X158.595 Y197.585 E.0224
;WIDTH:0.572078
G1 X158.595 Y198.115 E.02332
G1 X61.405 Y198.115 E4.27633
G1 X61.405 Y197.585 E.02332
G1 X158.391 Y197.585 E4.26735
G1 E-2 F2400
M204 S8000
G1 X154.023 Y195.073 F24000
G1 E2 F2400
M204 S5000
;TYPE:Internal infill
;WIDTH:0.45
G1 F13200
G1 X151.58 Y195.073 E.08269
G1 X149.943 Y196.71 E.07836
G1 X150.654 Y196.71 E.02407
G1 X149.017 Y195.073 E.07836
G1 X140.066 Y195.073 E.30298
G1 X138.429 Y196.71 E.07836
G1 X139.14 Y196.71 E.02407
G1 X137.503 Y195.073 E.07836
G1 X128.552 Y195.073 E.30298
G1 X126.915 Y196.71 E.07836
G1 X127.627 Y196.71 E.0241
G1 X125.99 Y195.073 E.07836
G1 X117.038 Y195.073 E.30301
G1 X115.401 Y196.71 E.07836
G1 X116.113 Y196.71 E.0241
G1 X114.476 Y195.073 E.07836
G1 X105.524 Y195.073 E.30301
G1 X103.887 Y196.71 E.07836
G1 X104.599 Y196.71 E.0241
G1 X102.962 Y195.073 E.07836
G1 X94.01 Y195.073 E.30301
G1 X92.373 Y196.71 E.07836
G1 X93.085 Y196.71 E.0241
G1 X91.448 Y195.073 E.07836
G1 X82.497 Y195.073 E.30298
G1 X80.859 Y196.71 E.07839
G1 X81.571 Y196.71 E.0241
G1 X79.934 Y195.073 E.07836
G1 X70.983 Y195.073 E.30298
G1 X69.346 Y196.71 E.07836
G1 X70.057 Y196.71 E.02407
G1 X68.42 Y195.073 E.07836
G1 X65.977 Y195.073 E.08269
G1 E-2 F2400
M204 S8000
G1 X60.97 Y194.633 F24000
G1 E2 F2400
M204 S5000
;TYPE:Solid infill
;WIDTH:0.516084
G1 F9600
G1 X159.03 Y194.633 E3.85805
M106 S252.45
;LAYER_CHANGE
;Z:7.4
;HEIGHT:0.2
G1 E-2 F2400
G1 Z7.4 F24000
M204 S8000
G1 X159.368 Y201.298
G1 E2 F2400
M204 S4000
;TYPE:Perimeter
;WIDTH:0.449999
G1 F10800
G1 X60.632 Y201.298 E3.34209
G1 X60.632 Y194.402 E.23342
G1 X159.368 Y194.402 E3.34209
G1 X159.368 Y201.238 E.23139
M204 S5000
M204 S8000
G1 X159.775 Y201.705 F24000
M204 S4000
;TYPE:External perimeter
G1 F7200
G1 X60.225 Y201.705 E3.36964
G1 X60.225 Y193.995 E.26097
G1 X159.775 Y193.995 E3.36964
G1 X159.775 Y201.645 E.25894
M204 S5000
G1 X159.379 Y201.705 F24000
G1 E-2 F2400
M204 S8000
G1 X159.063 Y196.662 F24000
G1 E2 F2400
M204 S5000
;TYPE:Internal infill
;WIDTH:0.45
G1 F13200
G1 X159.063 Y199.105 E.08269
G1 X157.705 Y200.463 E.06501
G1 X154.407 Y200.463 E.11163
G1 X149.182 Y195.237 E.25014
G1 X151.416 Y195.237 E.07562
G1 X146.191 Y200.463 E.25014
G1 X142.893 Y200.463 E.11163
G1 X137.668 Y195.237 E.25014
G1 X139.902 Y195.237 E.07562
G1 X134.677 Y200.463 E.25014
G1 X131.379 Y200.463 E.11163
G1 X126.154 Y195.237 E.25014
G1 X128.388 Y195.237 E.07562
G1 X123.163 Y200.463 E.25014
G1 X119.865 Y200.463 E.11163
G1 X114.64 Y195.237 E.25014
G1 X116.874 Y195.237 E.07562
G1 X111.649 Y200.463 E.25014
G1 X108.351 Y200.463 E.11163
G1 X103.126 Y195.237 E.25014
G1 X105.36 Y195.237 E.07562
G1 X100.135 Y200.463 E.25014
G1 X96.837 Y200.463 E.11163
G1 X91.612 Y195.237 E.25014
G1 X93.846 Y195.237 E.07562
G1 X88.621 Y200.463 E.25014
G1 X85.323 Y200.463 E.11163
G1 X80.098 Y195.237 E.25014
G1 X82.332 Y195.237 E.07562
G1 X77.107 Y200.463 E.25014
G1 X73.809 Y200.463 E.11163
G1 X68.584 Y195.237 E.25014
G1 X70.818 Y195.237 E.07562
G1 X65.593 Y200.463 E.25014
G1 X62.295 Y200.463 E.11163
G1 X60.937 Y199.105 E.06501
G1 X60.937 Y196.662 E.08269
M204 S8000
G1 X60.999 Y194.769 F24000
M204 S5000
;TYPE:Solid infill
;WIDTH:0.573334
G1 F9600
G1 X159.001 Y194.769 E4.32229
G1 E-2 F2400
M204 S8000
G1 X60.999 Y200.931 F24000
G1 E2 F2400
M204 S5000
G1 F9600
G1 X159.001 Y200.931 E4.32229
;LAYER_CHANGE
;Z:7.6
;HEIGHT:0.2
G1 Z7.6 F24000
M204 S8000
G1 X159.368 Y201.182
M204 S4000
;TYPE:Perimeter
;WIDTH:0.449999
G1 F10800
G1 X60.632 Y201.182 E3.34209
G1 X60.632 Y194.518 E.22557
G1 X159.368 Y194.518 E3.34209
G1 X159.368 Y201.122 E.22354
M204 S5000
M204 S8000
G1 X159.775 Y201.589 F24000
M204 S4000
;TYPE:External perimeter
G1 F7200
G1 X60.225 Y201.589 E3.36964
G1 X60.225 Y194.111 E.25312
G1 X159.775 Y194.111 E3.36964
G1 X159.775 Y201.529 E.25109
M204 S5000
G1 X159.379 Y201.588 F24000
G1 E-2 F2400
M204 S8000
G1 X159.063 Y196.662 F24000
G1 E2 F2400
M204 S5000
;TYPE:Internal infill
;WIDTH:0.45
G1 F13200
G1 X159.063 Y199.105 E.08269
G1 X157.869 Y200.298 E.05713
G1 X154.243 Y200.298 E.12274
G1 X149.346 Y195.402 E.23439
G1 X151.252 Y195.402 E.06452
G1 X146.355 Y200.298 E.23439
G1 X142.729 Y200.298 E.12274
G1 X137.832 Y195.402 E.23439
G1 X139.738 Y195.402 E.06452
G1 X134.841 Y200.298 E.23439
G1 X131.215 Y200.298 E.12274
G1 X126.318 Y195.402 E.23439
G1 X128.224 Y195.402 E.06452
G1 X123.327 Y200.298 E.23439
G1 X119.701 Y200.298 E.12274
G1 X114.804 Y195.402 E.23439
G1 X116.71 Y195.402 E.06452
G1 X111.813 Y200.298 E.23439
G1 X108.187 Y200.298 E.12274
G1 X103.29 Y195.402 E.23439
G1 X105.196 Y195.402 E.06452
G1 X100.299 Y200.298 E.23439
G1 X96.673 Y200.298 E.12274
G1 X91.776 Y195.402 E.23439
G1 X93.682 Y195.402 E.06452
G1 X88.785 Y200.298 E.23439
G1 X85.159 Y200.298 E.12274
G1 X80.262 Y195.402 E.23439
G1 X82.168 Y195.402 E.06452
G1 X77.271 Y200.298 E.23439
G1 X73.645 Y200.298 E.12274
G1 X68.748 Y195.402 E.23439
G1 X70.654 Y195.402 E.06452
G1 X65.757 Y200.298 E.23439
G1 X62.131 Y200.298 E.12274
G1 X60.937 Y199.105 E.05713
G1 X60.937 Y196.662 E.08269
M204 S8000
G1 X61.023 Y194.909 F24000
M204 S5000
;TYPE:Solid infill
;WIDTH:0.621134
G1 F9600
G1 X158.977 Y194.909 E4.7095
G1 E-2 F2400
M204 S8000
G1 X61.023 Y200.791 F24000
G1 E2 F2400
M204 S5000
G1 F9600
G1 X158.977 Y200.791 E4.7095
M106 S249.9
;LAYER_CHANGE
;Z:7.8
;HEIGHT:0.2
G1 Z7.8 F24000
M204 S8000
G1 X159.368 Y201.018
M204 S4000
;TYPE:Perimeter
;WIDTH:0.449999
G1 F10800
G1 X60.632 Y201.018 E3.34209
G1 X60.632 Y194.682 E.21447
G1 X159.368 Y194.682 E3.34209
G1 X159.368 Y200.958 E.21243
M204 S5000
M204 S8000
G1 X159.775 Y201.425 F24000
M204 S4000
;TYPE:External perimeter
G1 F7200
G1 X60.225 Y201.425 E3.36964
G1 X60.225 Y194.275 E.24202
G1 X159.775 Y194.275 E3.36964
G1 X159.775 Y201.365 E.23999
M204 S5000
G1 X159.379 Y201.424 F24000
G1 E-2 F2400
M204 S8000
G1 X159.063 Y196.662 F24000
G1 E2 F2400
M204 S5000
;TYPE:Internal infill
;WIDTH:0.45
G1 F13200
G1 X159.063 Y199.105 E.08269
G1 X158.075 Y200.092 E.04727
G1 X154.036 Y200.092 E.13672
G1 X149.552 Y195.608 E.21465
G1 X151.045 Y195.608 E.05054
G1 X146.561 Y200.092 E.21465
G1 X142.522 Y200.092 E.13672
G1 X138.038 Y195.608 E.21465
G1 X139.532 Y195.608 E.05057
G1 X135.047 Y200.092 E.21467
G1 X131.008 Y200.092 E.13672
G1 X126.524 Y195.608 E.21465
G1 X128.018 Y195.608 E.05057
G1 X123.533 Y200.092 E.21467
G1 X119.494 Y200.092 E.13672
G1 X115.01 Y195.608 E.21465
G1 X116.504 Y195.608 E.05057
G1 X112.02 Y200.092 E.21465
G1 X107.98 Y200.092 E.13675
G1 X103.496 Y195.608 E.21465
G1 X104.99 Y195.608 E.05057
G1 X100.506 Y200.092 E.21465
G1 X96.466 Y200.092 E.13675
G1 X91.982 Y195.608 E.21465
G1 X93.476 Y195.608 E.05057
G1 X88.992 Y200.092 E.21465
G1 X84.953 Y200.092 E.13672
G1 X80.468 Y195.608 E.21467
G1 X81.962 Y195.608 E.05057
G1 X77.478 Y200.092 E.21465
G1 X73.439 Y200.092 E.13672
G1 X68.955 Y195.608 E.21465
G1 X70.448 Y195.608 E.05054
G1 X65.964 Y200.092 E.21465
G1 X61.925 Y200.092 E.13672
G1 X60.937 Y199.105 E.04727
G1 X60.937 Y196.662 E.08269
M204 S8000
G1 X60.889 Y194.939 F24000
M204 S5000
;TYPE:Solid infill
;WIDTH:0.353047
G1 F9600
G1 X159.111 Y194.939 E2.53287
G1 X159.111 Y195.249 E.00799
G1 X60.889 Y195.249 E2.53287
G1 X60.889 Y195.143 E.00273
G1 E-2 F2400
M204 S8000
G1 X60.889 Y200.761 F24000
G1 E2 F2400
M204 S5000
G1 F9600
G1 X60.889 Y200.451 E.00799
G1 X159.111 Y200.451 E2.53287
G1 X159.111 Y200.761 E.00799
G1 X61.092 Y200.761 E2.52763
M106 S247.35
;LAYER_CHANGE
;Z:8
;HEIGHT:0.2
G1 E-2 F2400
G1 Z8 F24000
M204 S8000
G1 X159.368 Y200.853
G1 E2 F2400
M204 S4000
;TYPE:Perimeter
;WIDTH:0.449999
G1 F10800
G1 X60.632 Y200.853 E3.34209
G1 X60.632 Y194.847 E.2033
G1 X159.368 Y194.847 E3.34209
G1 X159.368 Y200.793 E.20126
M204 S5000
M204 S8000
G1 X159.775 Y201.26 F24000
M204 S4000
;TYPE:External perimeter
G1 F7200
G1 X60.225 Y201.26 E3.36964
G1 X60.225 Y194.44 E.23085
G1 X159.775 Y194.44 E3.36964
G1 X159.775 Y201.2 E.22882
M204 S5000
G1 X159.379 Y201.26 F24000
G1 E-2 F2400
M204 S8000
G1 X159.063 Y196.662 F24000
G1 E2 F2400
M204 S5000
;TYPE:Internal infill
;WIDTH:0.45
G1 F13200
G1 X159.063 Y199.105 E.08269
G1 X158.319 Y199.848 E.03559
G1 X153.793 Y199.848 E.1532
G1 X149.796 Y195.852 E.19131
G1 X150.802 Y195.852 E.03405
G1 X146.805 Y199.848 E.19131
G1 X142.279 Y199.848 E.1532
G1 X138.282 Y195.852 E.19131
G1 X139.288 Y195.852 E.03405
G1 X135.291 Y199.848 E.19131
G1 X130.765 Y199.848 E.1532
G1 X126.768 Y195.852 E.19131
G1 X127.774 Y195.852 E.03405
G1 X123.777 Y199.848 E.19131
G1 X119.251 Y199.848 E.1532
G1 X115.254 Y195.852 E.19131
G1 X116.26 Y195.852 E.03405
G1 X112.263 Y199.848 E.19131
G1 X107.737 Y199.848 E.1532
G1 X103.74 Y195.852 E.19131
G1 X104.746 Y195.852 E.03405
G1 X100.749 Y199.848 E.19131
G1 X96.223 Y199.848 E.1532
G1 X92.226 Y195.852 E.19131
G1 X93.232 Y195.852 E.03405
G1 X89.235 Y199.848 E.19131
G1 X84.709 Y199.848 E.1532
G1 X80.712 Y195.852 E.19131
G1 X81.718 Y195.852 E.03405
G1 X77.721 Y199.848 E.19131
G1 X73.195 Y199.848 E.1532
G1 X69.198 Y195.852 E.19131
G1 X70.204 Y195.852 E.03405
G1 X66.207 Y199.848 E.19131
G1 X61.681 Y199.848 E.1532
G1 X60.937 Y199.105 E.03559
G1 X60.937 Y196.662 E.08269
G1 E-2 F2400
M204 S8000
G1 X61.084 Y200.227 F24000
G1 E2 F2400
M204 S5000
;TYPE:Solid infill
;WIDTH:0.392703
G1 F9600
G1 X159.091 Y200.227 E2.85049
G1 X159.091 Y200.577 E.01018
G1 X60.909 Y200.577 E2.85558
G1 X60.909 Y200.256 E.00934
G1 E-2 F2400
M204 S8000
G1 X159.091 Y195.123 F24000
G1 E2 F2400
M204 S5000
;WIDTH:0.392705
G1 F9600
G1 X159.091 Y195.473 E.01018
G1 X60.909 Y195.473 E2.8556
G1 X60.909 Y195.123 E.01018
G1 X158.888 Y195.123 E2.84969
M106 S249.9
;LAYER_CHANGE
;Z:8.2
;HEIGHT:0.2
G1 E-2 F2400
G1 Z8.2 F24000
M204 S8000
G1 X159.368 Y200.689
G1 E2 F2400
M204 S4000
;TYPE:Perimeter
;WIDTH:0.449999
G1 F10800
G1 X60.632 Y200.689 E3.34209
G1 X60.632 Y195.011 E.19219
G1 X159.368 Y195.011 E3.34209
G1 X159.368 Y200.629 E.19016
M204 S5000
M204 S8000
G1 X159.775 Y201.096 F24000
M204 S4000
;TYPE:External perimeter
G1 F7200
G1 X60.225 Y201.096 E3.36964
G1 X60.225 Y194.604 E.21975
G1 X159.775 Y194.604 E3.36964
G1 X159.775 Y201.036 E.21772
M204 S5000
G1 X159.379 Y201.096 F24000
G1 E-2 F2400
M204 S8000
G1 X159.063 Y196.662 F24000
G1 E2 F2400
M204 S5000
;TYPE:Internal infill
;WIDTH:0.45
G1 F13200
G1 X159.063 Y199.105 E.08269
G1 X158.562 Y199.605 E.02396
G1 X153.549 Y199.605 E.16968
G1 X150.039 Y196.095 E.16802
G1 X150.558 Y196.095 E.01757
G1 X147.048 Y199.605 E.16802
G1 X142.035 Y199.605 E.16968
G1 X138.525 Y196.095 E.16802
G1 X139.044 Y196.095 E.01757
G1 X135.535 Y199.605 E.168
G1 X130.521 Y199.605 E.16972
G1 X127.011 Y196.095 E.16802
G1 X127.53 Y196.095 E.01757
G1 X124.021 Y199.605 E.168
G1 X119.007 Y199.605 E.16972
G1 X115.497 Y196.095 E.16802
G1 X116.017 Y196.095 E.0176
G1 X112.507 Y199.605 E.16802
G1 X107.493 Y199.605 E.16972
G1 X103.983 Y196.095 E.16802
G1 X104.503 Y196.095 E.0176
G1 X100.993 Y199.605 E.16802
G1 X95.979 Y199.605 E.16972
G1 X92.47 Y196.095 E.168
G1 X92.989 Y196.095 E.01757
G1 X89.479 Y199.605 E.16802
G1 X84.465 Y199.605 E.16972
G1 X80.956 Y196.095 E.168
G1 X81.475 Y196.095 E.01757
G1 X77.965 Y199.605 E.16802
G1 X72.951 Y199.605 E.16972
G1 X69.442 Y196.095 E.168
G1 X69.961 Y196.095 E.01757
G1 X66.451 Y199.605 E.16802
G1 X61.438 Y199.605 E.16968
G1 X60.937 Y199.105 E.02396
G1 X60.937 Y196.662 E.08269
M204 S8000
G1 X60.929 Y195.307 F24000
M204 S5000
;TYPE:Solid infill
;WIDTH:0.432365
G1 F9600
G1 X159.071 Y195.307 E3.17808
G1 X159.071 Y195.697 E.01263
G1 X60.929 Y195.697 E3.17808
G1 X60.929 Y195.511 E.00602
G1 E-2 F2400
M204 S8000
G1 X60.929 Y200.393 F24000
G1 E2 F2400
M204 S5000
;WIDTH:0.432361
G1 F9600
G1 X60.929 Y200.003 E.01263
G1 X159.071 Y200.003 E3.17805
G1 X159.071 Y200.393 E.01263
G1 X61.132 Y200.393 E3.17148
M106 S247.35
;LAYER_CHANGE
;Z:8.4
;HEIGHT:0.2
G1 E-2 F2400
G1 Z8.4 F24000
M204 S8000
G1 X159.368 Y200.483
G1 E2 F2400
M204 S4000
;TYPE:Perimeter
;WIDTH:0.449999
G1 F10800
G1 X60.632 Y200.483 E3.34209
G1 X60.632 Y195.217 E.17825
G1 X159.368 Y195.217 E3.34209
G1 X159.368 Y200.423 E.17622
M204 S5000
M204 S8000
G1 X159.775 Y200.89 F24000
M204 S4000
;TYPE:External perimeter
G1 F7200
G1 X60.225 Y200.89 E3.36964
G1 X60.225 Y194.81 E.2058
G1 X159.775 Y194.81 E3.36964
G1 X159.775 Y200.83 E.20377
M204 S5000
G1 X159.379 Y200.889 F24000
M204 S8000
G1 X159.044 Y199.716
M204 S5000
;TYPE:Solid infill
;WIDTH:0.486512
G1 F9600
G1 X159.044 Y200.159 E.01634
G1 X60.956 Y200.159 E3.61796
G1 X60.956 Y199.716 E.01634
G1 X158.841 Y199.716 E3.61047
G1 E-2 F2400
M204 S8000
G1 X159.063 Y196.662 F24000
G1 E2 F2400
M204 S5000
;TYPE:Internal infill
;WIDTH:0.45
G1 F13200
G1 X159.063 Y199.105 E.08269
G1 X158.877 Y199.29 E.00888
G1 X153.235 Y199.29 E.19097
G1 X150.354 Y196.41 E.13789
G1 X150.244 Y196.41 E.00372
G1 X147.363 Y199.29 E.13789
G1 X141.721 Y199.29 E.19097
G1 X138.84 Y196.41 E.13789
G1 X138.73 Y196.41 E.00372
G1 X135.849 Y199.29 E.13789
G1 X130.207 Y199.29 E.19097
G1 X127.326 Y196.41 E.13789
G1 X127.216 Y196.41 E.00372
G1 X124.335 Y199.29 E.13789
G1 X118.693 Y199.29 E.19097
G1 X115.812 Y196.41 E.13789
G1 X115.702 Y196.41 E.00372
G1 X112.821 Y199.29 E.13789
G1 X107.179 Y199.29 E.19097
G1 X104.298 Y196.41 E.13789
G1 X104.188 Y196.41 E.00372
G1 X101.307 Y199.29 E.13789
G1 X95.665 Y199.29 E.19097
G1 X92.784 Y196.41 E.13789
G1 X92.674 Y196.41 E.00372
G1 X89.793 Y199.29 E.13789
G1 X84.151 Y199.29 E.19097
G1 X81.27 Y196.41 E.13789
G1 X81.16 Y196.41 E.00372
G1 X78.279 Y199.29 E.13789
G1 X72.637 Y199.29 E.19097
G1 X69.756 Y196.41 E.13789
G1 X69.646 Y196.41 E.00372
G1 X66.765 Y199.29 E.13789
G1 X61.123 Y199.29 E.19097
G1 X60.937 Y199.105 E.00888
G1 X60.937 Y196.662 E.08269
G1 E-2 F2400
M204 S8000
G1 X159.044 Y195.541 F24000
G1 E2 F2400
M204 S5000
;TYPE:Solid infill
;WIDTH:0.486516
G1 F9600
G1 X159.044 Y195.984 E.01634
G1 X60.956 Y195.984 E3.61799
G1 X60.956 Y195.541 E.01634
G1 X158.841 Y195.541 E3.6105
M106 S249.9
;LAYER_CHANGE
;Z:8.6
;HEIGHT:0.200001
G1 E-2 F2400
G1 Z8.6 F24000
M204 S8000
G1 X159.368 Y200.239
G1 E2 F2400
M204 S4000
;TYPE:Perimeter
;WIDTH:0.449999
G1 F10800
G1 X60.632 Y200.239 E3.34209
G1 X60.632 Y195.461 E.16173
G1 X159.368 Y195.461 E3.34209
G1 X159.368 Y200.179 E.1597
M204 S5000
M204 S8000
G1 X159.775 Y200.646 F24000
M204 S4000
;TYPE:External perimeter
G1 F7200
G1 X60.225 Y200.646 E3.36964
G1 X60.225 Y195.054 E.18928
G1 X159.775 Y195.054 E3.36964
G1 X159.775 Y200.586 E.18725
M204 S5000
G1 X159.379 Y200.646 F24000
G1 E-2 F2400
M204 S8000
G1 X155.303 Y198.916 F24000
G1 E2 F2400
M204 S5000
;TYPE:Internal infill
;WIDTH:0.45
G1 F13200
G1 X152.861 Y198.916 E.08266
G1 X150.728 Y196.784 E.10208
G1 X149.87 Y196.784 E.02904
G1 X147.737 Y198.916 E.10208
G1 X141.347 Y198.916 E.21629
G1 X139.214 Y196.784 E.10208
G1 X138.356 Y196.784 E.02904
G1 X136.223 Y198.916 E.10208
G1 X129.833 Y198.916 E.21629
G1 X127.7 Y196.784 E.10208
G1 X126.842 Y196.784 E.02904
G1 X124.709 Y198.916 E.10208
G1 X118.319 Y198.916 E.21629
G1 X116.186 Y196.784 E.10208
G1 X115.328 Y196.784 E.02904
G1 X113.195 Y198.916 E.10208
G1 X106.805 Y198.916 E.21629
G1 X104.672 Y196.784 E.10208
G1 X103.814 Y196.784 E.02904
G1 X101.681 Y198.916 E.10208
G1 X95.291 Y198.916 E.21629
G1 X93.158 Y196.784 E.10208
G1 X92.3 Y196.784 E.02904
G1 X90.167 Y198.916 E.10208
G1 X83.777 Y198.916 E.21629
G1 X81.644 Y196.784 E.10208
G1 X80.786 Y196.784 E.02904
G1 X78.653 Y198.916 E.10208
G1 X72.263 Y198.916 E.21629
G1 X70.13 Y196.784 E.10208
G1 X69.272 Y196.784 E.02904
G1 X67.139 Y198.916 E.10208
G1 X64.697 Y198.916 E.08266
G1 E-2 F2400
M204 S8000
G1 X60.988 Y199.883 F24000
G1 E2 F2400
M204 S5000
;TYPE:Solid infill
;WIDTH:0.551676
G1 F9600
G1 X60.988 Y199.374 E.02153
G1 X159.012 Y199.374 E4.14673
G1 X159.012 Y199.883 E.02153
G1 X61.192 Y199.883 E4.1381
G1 E-2 F2400
M204 S8000
G1 X60.988 Y195.817 F24000
G1 E2 F2400
M204 S5000
;WIDTH:0.551678
G1 F9600
G1 X159.012 Y195.817 E4.14675
G1 X159.012 Y196.326 E.02153
G1 X60.988 Y196.326 E4.14675
G1 X60.988 Y196.02 E.01294
M106 S244.8
;LAYER_CHANGE
;Z:8.8
;HEIGHT:0.2
G1 E-2 F2400
G1 Z8.8 F24000
M204 S8000
G1 X159.368 Y199.996
G1 E2 F2400
M204 S4000
;TYPE:Perimeter
;WIDTH:0.449999
G1 F10800
G1 X60.632 Y199.996 E3.34209
G1 X60.632 Y195.704 E.14528
G1 X159.368 Y195.704 E3.34209
G1 X159.368 Y199.936 E.14325
M204 S5000
M204 S8000
G1 X159.775 Y200.403 F24000
M204 S4000
;TYPE:External perimeter
G1 F7200
G1 X60.225 Y200.403 E3.36964
G1 X60.225 Y195.297 E.17283
G1 X159.775 Y195.297 E3.36964
G1 X159.775 Y200.343 E.1708
M204 S5000
G1 X159.379 Y200.402 F24000
M204 S8000
G1 X158.859 Y198.857
M204 S5000
;TYPE:Solid infill
G1 F9600
G1 X60.937 Y198.857 E3.31454
G1 X60.937 Y199.69 E.0282
G1 X159.063 Y199.69 E3.32144
G1 X159.063 Y198.857 E.0282
G1 X158.646 Y199.274 E.01996
;WIDTH:0.46961
G1 X61.354 Y199.274 E3.45186
G1 E-2 F2400
M204 S8000
G1 X65.164 Y198.45 F24000
G1 E2 F2400
M204 S5000
;TYPE:Internal infill
;WIDTH:0.45
G1 F13200
G1 X67.606 Y198.45 E.08266
G1 X68.805 Y197.25 E.05742
G1 X70.597 Y197.25 E.06066
G1 X71.796 Y198.45 E.05742
G1 X79.12 Y198.45 E.24791
G1 X80.319 Y197.25 E.05742
G1 X82.111 Y197.25 E.06066
G1 X83.31 Y198.45 E.05742
G1 X90.634 Y198.45 E.24791
G1 X91.833 Y197.25 E.05742
G1 X93.625 Y197.25 E.06066
G1 X94.824 Y198.45 E.05742
G1 X102.148 Y198.45 E.24791
G1 X103.347 Y197.25 E.05742
G1 X105.139 Y197.25 E.06066
G1 X106.338 Y198.45 E.05742
G1 X113.662 Y198.45 E.24791
G1 X114.861 Y197.25 E.05742
G1 X116.653 Y197.25 E.06066
G1 X117.852 Y198.45 E.05742
G1 X125.176 Y198.45 E.24791
G1 X126.375 Y197.25 E.05742
G1 X128.167 Y197.25 E.06066
G1 X129.366 Y198.45 E.05742
G1 X136.69 Y198.45 E.24791
G1 X137.889 Y197.25 E.05742
G1 X139.681 Y197.25 E.06066
G1 X140.88 Y198.45 E.05742
G1 X148.204 Y198.45 E.24791
G1 X149.403 Y197.25 E.05742
G1 X151.195 Y197.25 E.06066
G1 X152.394 Y198.45 E.05742
G1 X154.836 Y198.45 E.08266
G1 E-2 F2400
M204 S8000
G1 X158.859 Y196.01 F24000
G1 E2 F2400
M204 S5000
;TYPE:Solid infill
;WIDTH:0.449999
G1 F9600
G1 X60.937 Y196.01 E3.31454
G1 X60.937 Y196.843 E.0282
G1 X159.063 Y196.843 E3.32144
G1 X159.063 Y196.01 E.0282
G1 X158.646 Y196.426 E.01994
;WIDTH:0.469614
G1 X61.354 Y196.426 E3.4519
M106 S242.25
;LAYER_CHANGE
;Z:9
;HEIGHT:0.2
G1 E-2 F2400
G1 Z9 F24000
M204 S8000
G1 X159.368 Y199.681
G1 E2 F2400
M204 S4000
;TYPE:Perimeter
;WIDTH:0.449999
G1 F10800
G1 X60.632 Y199.681 E3.34209
G1 X60.632 Y196.019 E.12395
G1 X159.368 Y196.019 E3.34209
G1 X159.368 Y199.621 E.12192
M204 S5000
M204 S8000
G1 X159.775 Y200.088 F24000
M204 S4000
;TYPE:External perimeter
G1 F7200
G1 X60.225 Y200.088 E3.36964
G1 X60.225 Y195.612 E.15151
G1 X159.775 Y195.612 E3.36964
G1 X159.775 Y200.028 E.14948
M204 S5000
G1 X159.379 Y200.088 F24000
G1 E-2 F2400
M204 S8000
G1 X60.97 Y199.265 F24000
G1 E2 F2400
M204 S5000
;TYPE:Solid infill
;WIDTH:0.548766
G1 F9600
G1 X60.926 Y199.31 E.00265
G1 X60.942 Y199.371 E.00265
G1 X61.003 Y199.388 E.00266
G1 X61.048 Y199.343 E.00268
G1 X61.031 Y199.282 E.00266
;WIDTH:0.449999
G1 X60.937 Y198.632 E.02223
G1 X61.754 Y199.442 E.03894
;WIDTH:0.41646
G1 X61.827 Y199.509 E.00308
;WIDTH:0.38292
G1 X61.808 Y199.58 E.00208
G1 X61.879 Y199.561 E.00208
G1 X61.868 Y199.52 E.0012
;WIDTH:0.449999
G1 X62.257 Y199.376 E.01404
G1 X60.937 Y198.056 E.06319
G1 X60.937 Y197.48 E.0195
G1 X62.833 Y199.376 E.09076
G1 X63.409 Y199.376 E.0195
G1 X60.937 Y196.904 E.11833
G1 X60.937 Y196.329 E.01946
G1 X63.984 Y199.376 E.14586
G1 X64.56 Y199.376 E.0195
G1 X61.508 Y196.324 E.1461
G1 X62.084 Y196.324 E.0195
G1 X65.136 Y199.376 E.1461
G1 X65.712 Y199.376 E.0195
G1 X62.66 Y196.324 E.1461
G1 X63.236 Y196.324 E.0195
G1 X66.287 Y199.376 E.14607
G1 X66.863 Y199.376 E.0195
G1 X63.811 Y196.324 E.1461
G1 X64.387 Y196.324 E.0195
G1 X67.439 Y199.376 E.1461
G1 X68.014 Y199.376 E.01946
G1 X64.963 Y196.324 E.14607
G1 X65.538 Y196.324 E.01946
G1 X68.59 Y199.376 E.1461
G1 X69.166 Y199.376 E.0195
G1 X66.114 Y196.324 E.1461
G1 X66.69 Y196.324 E.0195
G1 X69.741 Y199.376 E.14607
G1 X70.317 Y199.376 E.0195
G1 X67.265 Y196.324 E.1461
G1 X67.841 Y196.324 E.0195
G1 X70.893 Y199.376 E.1461
G1 X71.469 Y199.376 E.0195
G1 X68.417 Y196.324 E.1461
G1 X68.993 Y196.324 E.0195
G1 X72.044 Y199.376 E.14607
G1 X72.62 Y199.376 E.0195
G1 X69.568 Y196.324 E.1461
G1 X70.144 Y196.324 E.0195
G1 X73.196 Y199.376 E.1461
G1 X73.771 Y199.376 E.01946
G1 X70.72 Y196.324 E.14607
G1 X71.295 Y196.324 E.01946
G1 X74.347 Y199.376 E.1461
G1 X74.923 Y199.376 E.0195
G1 X71.871 Y196.324 E.1461
G1 X72.447 Y196.324 E.0195
G1 X75.498 Y199.376 E.14607
G1 X76.074 Y199.376 E.0195
G1 X73.022 Y196.324 E.1461
G1 X73.598 Y196.324 E.0195
G1 X76.65 Y199.376 E.1461
G1 X77.226 Y199.376 E.0195
G1 X74.174 Y196.324 E.1461
G1 X74.75 Y196.324 E.0195
G1 X77.801 Y199.376 E.14607
G1 X78.377 Y199.376 E.0195
G1 X75.325 Y196.324 E.1461
G1 X75.901 Y196.324 E.0195
G1 X78.953 Y199.376 E.1461
G1 X79.528 Y199.376 E.01946
G1 X76.477 Y196.324 E.14607
G1 X77.052 Y196.324 E.01946
G1 X80.104 Y199.376 E.1461
G1 X80.68 Y199.376 E.0195
G1 X77.628 Y196.324 E.1461
G1 X78.204 Y196.324 E.0195
G1 X81.255 Y199.376 E.14607
G1 X81.831 Y199.376 E.0195
G1 X78.779 Y196.324 E.1461
G1 X79.355 Y196.324 E.0195
G1 X82.407 Y199.376 E.1461
G1 X82.982 Y199.376 E.01946
G1 X79.931 Y196.324 E.14607
G1 X80.506 Y196.324 E.01946
G1 X83.558 Y199.376 E.1461
G1 X84.134 Y199.376 E.0195
G1 X81.082 Y196.324 E.1461
G1 X81.658 Y196.324 E.0195
G1 X84.71 Y199.376 E.1461
G1 X85.285 Y199.376 E.01946
G1 X82.234 Y196.324 E.14607
G1 X82.809 Y196.324 E.01946
G1 X85.861 Y199.376 E.1461
G1 X86.437 Y199.376 E.0195
G1 X83.385 Y196.324 E.1461
G1 X83.961 Y196.324 E.0195
G1 X87.012 Y199.376 E.14607
G1 X87.588 Y199.376 E.0195
G1 X84.536 Y196.324 E.1461
G1 X85.112 Y196.324 E.0195
G1 X88.164 Y199.376 E.1461
G1 X88.739 Y199.376 E.01946
G1 X85.688 Y196.324 E.14607
G1 X86.263 Y196.324 E.01946
G1 X89.315 Y199.376 E.1461
G1 X89.891 Y199.376 E.0195
G1 X86.839 Y196.324 E.1461
G1 X87.415 Y196.324 E.0195
G1 X90.467 Y199.376 E.1461
G1 X91.042 Y199.376 E.01946
G1 X87.991 Y196.324 E.14607
G1 X88.566 Y196.324 E.01946
G1 X91.618 Y199.376 E.1461
G1 X92.194 Y199.376 E.0195
G1 X89.142 Y196.324 E.1461
G1 X89.718 Y196.324 E.0195
G1 X92.769 Y199.376 E.14607
G1 X93.345 Y199.376 E.0195
G1 X90.293 Y196.324 E.1461
G1 X90.869 Y196.324 E.0195
G1 X93.921 Y199.376 E.1461
G1 X94.496 Y199.376 E.01946
G1 X91.445 Y196.324 E.14607
G1 X92.02 Y196.324 E.01946
G1 X95.072 Y199.376 E.1461
G1 X95.648 Y199.376 E.0195
G1 X92.596 Y196.324 E.1461
G1 X93.172 Y196.324 E.0195
G1 X96.224 Y199.376 E.1461
G1 X96.799 Y199.376 E.01946
G1 X93.747 Y196.324 E.1461
G1 X94.323 Y196.324 E.0195
G1 X97.375 Y199.376 E.1461
G1 X97.951 Y199.376 E.0195
G1 X94.899 Y196.324 E.1461
G1 X95.475 Y196.324 E.0195
G1 X98.526 Y199.376 E.14607
G1 X99.102 Y199.376 E.0195
G1 X96.05 Y196.324 E.1461
G1 X96.626 Y196.324 E.0195
G1 X99.678 Y199.376 E.1461
G1 X100.253 Y199.376 E.01946
G1 X97.202 Y196.324 E.14607
G1 X97.777 Y196.324 E.01946
G1 X100.829 Y199.376 E.1461
G1 X101.405 Y199.376 E.0195
G1 X98.353 Y196.324 E.1461
G1 X98.929 Y196.324 E.0195
G1 X101.98 Y199.376 E.14607
G1 X102.556 Y199.376 E.0195
G1 X99.504 Y196.324 E.1461
G1 X100.08 Y196.324 E.0195
G1 X103.132 Y199.376 E.1461
G1 X103.708 Y199.376 E.0195
G1 X100.656 Y196.324 E.1461
G1 X101.232 Y196.324 E.0195
G1 X104.283 Y199.376 E.14607
G1 X104.859 Y199.376 E.0195
G1 X101.807 Y196.324 E.1461
G1 X102.383 Y196.324 E.0195
G1 X105.435 Y199.376 E.1461
G1 X106.01 Y199.376 E.01946
G1 X102.959 Y196.324 E.14607
G1 X103.534 Y196.324 E.01946
G1 X106.586 Y199.376 E.1461
G1 X107.162 Y199.376 E.0195
G1 X104.11 Y196.324 E.1461
G1 X104.686 Y196.324 E.0195
G1 X107.737 Y199.376 E.14607
G1 X108.313 Y199.376 E.0195
G1 X105.261 Y196.324 E.1461
G1 X105.837 Y196.324 E.0195
G1 X108.889 Y199.376 E.1461
G1 X109.465 Y199.376 E.0195
G1 X106.413 Y196.324 E.1461
G1 X106.989 Y196.324 E.0195
G1 X110.04 Y199.376 E.14607
G1 X110.616 Y199.376 E.0195
G1 X107.564 Y196.324 E.1461
G1 X108.14 Y196.324 E.0195
G1 X111.192 Y199.376 E.1461
G1 X111.767 Y199.376 E.01946
G1 X108.716 Y196.324 E.14607
G1 X109.291 Y196.324 E.01946
G1 X112.343 Y199.376 E.1461
G1 X112.919 Y199.376 E.0195
G1 X109.867 Y196.324 E.1461
G1 X110.443 Y196.324 E.0195
G1 X113.494 Y199.376 E.14607
G1 X114.07 Y199.376 E.0195
G1 X111.018 Y196.324 E.1461
G1 X111.594 Y196.324 E.0195
G1 X114.646 Y199.376 E.1461
G1 X115.221 Y199.376 E.01946
G1 X112.17 Y196.324 E.14607
G1 X112.745 Y196.324 E.01946
G1 X115.797 Y199.376 E.1461
G1 X116.373 Y199.376 E.0195
G1 X113.321 Y196.324 E.1461
G1 X113.897 Y196.324 E.0195
G1 X116.949 Y199.376 E.1461
G1 X117.524 Y199.376 E.01946
G1 X114.473 Y196.324 E.14607
G1 X115.048 Y196.324 E.01946
G1 X118.1 Y199.376 E.1461
G1 X118.676 Y199.376 E.0195
G1 X115.624 Y196.324 E.1461
G1 X116.2 Y196.324 E.0195
G1 X119.251 Y199.376 E.14607
G1 X119.827 Y199.376 E.0195
G1 X116.775 Y196.324 E.1461
G1 X117.351 Y196.324 E.0195
G1 X120.403 Y199.376 E.1461
G1 X120.978 Y199.376 E.01946
G1 X117.927 Y196.324 E.14607
G1 X118.502 Y196.324 E.01946
G1 X121.554 Y199.376 E.1461
G1 X122.13 Y199.376 E.0195
G1 X119.078 Y196.324 E.1461
G1 X119.654 Y196.324 E.0195
G1 X122.706 Y199.376 E.1461
G1 X123.281 Y199.376 E.01946
G1 X120.23 Y196.324 E.14607
G1 X120.805 Y196.324 E.01946
G1 X123.857 Y199.376 E.1461
G1 X124.433 Y199.376 E.0195
G1 X121.381 Y196.324 E.1461
G1 X121.957 Y196.324 E.0195
G1 X125.008 Y199.376 E.14607
G1 X125.584 Y199.376 E.0195
G1 X122.532 Y196.324 E.1461
G1 X123.108 Y196.324 E.0195
G1 X126.16 Y199.376 E.1461
G1 X126.735 Y199.376 E.01946
G1 X123.684 Y196.324 E.14607
G1 X124.259 Y196.324 E.01946
G1 X127.311 Y199.376 E.1461
G1 X127.887 Y199.376 E.0195
G1 X124.835 Y196.324 E.1461
G1 X125.411 Y196.324 E.0195
G1 X128.463 Y199.376 E.1461
G1 X129.038 Y199.376 E.01946
G1 X125.987 Y196.324 E.14607
G1 X126.562 Y196.324 E.01946
G1 X129.614 Y199.376 E.1461
G1 X130.19 Y199.376 E.0195
G1 X127.138 Y196.324 E.1461
G1 X127.714 Y196.324 E.0195
G1 X130.765 Y199.376 E.14607
G1 X131.341 Y199.376 E.0195
G1 X128.289 Y196.324 E.1461
G1 X128.865 Y196.324 E.0195
G1 X131.917 Y199.376 E.1461
G1 X132.492 Y199.376 E.01946
G1 X129.441 Y196.324 E.14607
G1 X130.016 Y196.324 E.01946
G1 X133.068 Y199.376 E.1461
G1 X133.644 Y199.376 E.0195
G1 X130.592 Y196.324 E.1461
G1 X131.168 Y196.324 E.0195
G1 X134.219 Y199.376 E.14607
G1 X134.795 Y199.376 E.0195
G1 X131.743 Y196.324 E.1461
G1 X132.319 Y196.324 E.0195
G1 X135.371 Y199.376 E.1461
G1 X135.947 Y199.376 E.0195
G1 X132.895 Y196.324 E.1461
G1 X133.471 Y196.324 E.0195
G1 X136.522 Y199.376 E.14607
G1 X137.098 Y199.376 E.0195
G1 X134.046 Y196.324 E.1461
G1 X134.622 Y196.324 E.0195
G1 X137.674 Y199.376 E.1461
G1 X138.249 Y199.376 E.01946
G1 X135.198 Y196.324 E.14607
G1 X135.773 Y196.324 E.01946
G1 X138.825 Y199.376 E.1461
G1 X139.401 Y199.376 E.0195
G1 X136.349 Y196.324 E.1461
G1 X136.925 Y196.324 E.0195
G1 X139.976 Y199.376 E.14607
G1 X140.552 Y199.376 E.0195
G1 X137.5 Y196.324 E.1461
G1 X138.076 Y196.324 E.0195
G1 X141.128 Y199.376 E.1461
G1 X141.704 Y199.376 E.0195
G1 X138.652 Y196.324 E.1461
G1 X139.228 Y196.324 E.0195
G1 X142.279 Y199.376 E.14607
G1 X142.855 Y199.376 E.0195
G1 X139.803 Y196.324 E.1461
G1 X140.379 Y196.324 E.0195
G1 X143.431 Y199.376 E.1461
G1 X144.006 Y199.376 E.01946
G1 X140.955 Y196.324 E.14607
G1 X141.53 Y196.324 E.01946
G1 X144.582 Y199.376 E.1461
G1 X145.158 Y199.376 E.0195
G1 X142.106 Y196.324 E.1461
G1 X142.682 Y196.324 E.0195
G1 X145.733 Y199.376 E.14607
G1 X146.309 Y199.376 E.0195
G1 X143.257 Y196.324 E.1461
G1 X143.833 Y196.324 E.0195
G1 X146.885 Y199.376 E.1461
G1 X147.461 Y199.376 E.0195
G1 X144.409 Y196.324 E.1461
G1 X144.984 Y196.324 E.01946
G1 X148.036 Y199.376 E.1461
G1 X148.612 Y199.376 E.0195
G1 X145.56 Y196.324 E.1461
G1 X146.136 Y196.324 E.0195
G1 X149.188 Y199.376 E.1461
G1 X149.763 Y199.376 E.01946
G1 X146.712 Y196.324 E.14607
G1 X147.287 Y196.324 E.01946
G1 X150.339 Y199.376 E.1461
G1 X150.915 Y199.376 E.0195
G1 X147.863 Y196.324 E.1461
G1 X148.439 Y196.324 E.0195
G1 X151.49 Y199.376 E.14607
G1 X152.066 Y199.376 E.0195
G1 X149.014 Y196.324 E.1461
G1 X149.59 Y196.324 E.0195
G1 X152.642 Y199.376 E.1461
G1 X153.217 Y199.376 E.01946
G1 X150.166 Y196.324 E.14607
G1 X150.741 Y196.324 E.01946
G1 X153.793 Y199.376 E.1461
G1 X154.369 Y199.376 E.0195
G1 X151.317 Y196.324 E.1461
G1 X151.893 Y196.324 E.0195
G1 X154.945 Y199.376 E.1461
G1 X155.52 Y199.376 E.01946
G1 X152.469 Y196.324 E.14607
G1 X153.044 Y196.324 E.01946
G1 X156.096 Y199.376 E.1461
G1 X156.672 Y199.376 E.0195
G1 X153.62 Y196.324 E.1461
G1 X154.196 Y196.324 E.0195
G1 X157.247 Y199.376 E.14607
G1 X157.823 Y199.376 E.0195
G1 X154.771 Y196.324 E.1461
G1 X155.347 Y196.324 E.0195
G1 X158.399 Y199.376 E.1461
M204 S8000
G1 X159.224 Y199.477 F24000
M204 S5000
;WIDTH:0.38292
G1 F9600
G1 X159.235 Y199.518 E.0012
G1 X159.164 Y199.537 E.00208
G1 X159.183 Y199.466 E.00208
;WIDTH:0.41646
G1 X159.079 Y199.421 E.00352
;WIDTH:0.449999
G1 X158.974 Y199.376 E.00387
G1 X155.923 Y196.324 E.14607
G1 X156.498 Y196.324 E.01946
G1 X159.063 Y198.888 E.12276
G1 X159.266 Y198.439 E.01668
;WIDTH:0.38292
G1 X159.277 Y198.48 E.0012
G1 X159.206 Y198.499 E.00208
G1 X159.225 Y198.428 E.00208
;WIDTH:0.41646
G1 X159.144 Y198.37 E.00309
;WIDTH:0.449999
G1 X159.063 Y198.313 E.00335
G1 X157.074 Y196.324 E.09521
G1 X159.063 Y196.324 E.06733
G1 X159.063 Y197.737 E.04783
G1 X157.794 Y196.468 E.06075
M204 S8000
G1 X158.635 Y196.687 F24000
M204 S5000
;WIDTH:0.463426
G1 F9600
G1 X158.598 Y196.724 E.00183
G1 X158.612 Y196.775 E.00185
G1 X158.662 Y196.789 E.00182
G1 X158.7 Y196.752 E.00185
G1 X158.686 Y196.701 E.00185
M106 S247.35
;LAYER_CHANGE
;Z:9.2
;HEIGHT:0.2
G1 E-2 F2400
G1 Z9.2 F24000
M204 S8000
G1 X159.368 Y199.307
G1 E2 F2400
M204 S4000
;TYPE:Perimeter
;WIDTH:0.449999
G1 F10800
G1 X60.632 Y199.307 E3.34209
G1 X60.632 Y196.393 E.09864
G1 X159.368 Y196.393 E3.34209
G1 X159.368 Y199.247 E.0966
M204 S5000
M204 S8000
G1 X159.775 Y199.714 F24000
M204 S4000
;TYPE:External perimeter
G1 F7200
G1 X60.225 Y199.714 E3.36964
G1 X60.225 Y195.986 E.12619
G1 X159.775 Y195.986 E3.36964
G1 X159.775 Y199.654 E.12416
M204 S5000
G1 X159.379 Y199.714 F24000
G1 E-2 F2400
M204 S8000
G1 X158.859 Y196.698 F24000
G1 E2 F2400
M204 S5000
;TYPE:Solid infill
G1 F9600
G1 X60.937 Y196.698 E3.31454
G1 X60.937 Y199.002 E.07799
G1 X159.063 Y199.002 E3.32144
G1 X159.063 Y196.698 E.07799
G1 X158.656 Y197.105 E.01948
G1 X158.656 Y198.595 E.05043
G1 X61.344 Y198.595 E3.29389
G1 X61.344 Y197.105 E.05043
G1 X158.452 Y197.105 E3.28699
G1 E-2 F2400
M204 S8000
G1 X62.089 Y197.579 F24000
G1 E2 F2400
M204 S5000
;WIDTH:0.584277
G1 F9600
G1 X158.181 Y197.579 E4.32549
G1 X158.181 Y198.121 E.0244
G1 X61.819 Y198.121 E4.33764
G1 X61.819 Y197.579 E.0244
G1 X61.886 Y197.579 E.00302
M106 S249.9
;LAYER_CHANGE
;Z:9.4
;HEIGHT:0.2
G1 E-2 F2400
G1 Z9.4 F24000
M204 S8000
G1 X159.368 Y198.84
G1 E2 F2400
M204 S4000
;TYPE:Perimeter
;WIDTH:0.449999
G1 F10800
G1 X60.632 Y198.84 E3.34209
G1 X60.632 Y196.86 E.06702
G1 X159.368 Y196.86 E3.34209
G1 X159.368 Y198.78 E.06499
M204 S5000
M204 S8000
G1 X159.775 Y199.247 F24000
M204 S4000
;TYPE:External perimeter
G1 F7200
G1 X60.225 Y199.247 E3.36964
G1 X60.225 Y196.453 E.09457
G1 X159.775 Y196.453 E3.36964
G1 X159.775 Y199.187 E.09254
M204 S5000
G1 X159.379 Y199.247 F24000
G1 E-2 F2400
M204 S8000
G1 X60.937 Y198.535 F24000
G1 E2 F2400
M204 S5000
;TYPE:Solid infill
G1 F9600
G1 X60.937 Y197.165 E.04637
G1 X159.063 Y197.165 E3.32144
G1 X159.063 Y198.535 E.04637
G1 X61.141 Y198.535 E3.31454
G1 X61.382 Y198.091 E.0171
;WIDTH:0.524467
G1 X61.382 Y197.609 E.0193
G1 X158.618 Y197.609 E3.89341
G1 X158.618 Y198.091 E.0193
G1 X61.585 Y198.091 E3.88528
M106 S252.45
;LAYER_CHANGE
;Z:9.6
;HEIGHT:0.200001
G1 E-2 F2400
G1 Z9.6 F24000
M204 S8000
G1 X159.305 Y198.117
G1 E2 F2400
M204 S4000
;TYPE:Perimeter
;WIDTH:0.576781
G1 F5156
G1 X60.695 Y198.117 E4.37737
G1 X60.695 Y197.583 E.0237
G1 X159.305 Y197.583 E4.37737
G1 X159.305 Y198.057 E.02104
M204 S5000
M204 S8000
G1 X159.775 Y198.587 F24000
M204 S4000
;TYPE:External perimeter
;WIDTH:0.449999
G1 F5156
G1 X60.225 Y198.587 E3.36964
G1 X60.225 Y197.113 E.04989
G1 X159.775 Y197.113 E3.36964
G1 X159.775 Y198.527 E.04786
M204 S5000
G1 X159.379 Y198.587 F24000
G1 E-2 F2400
M107
;TYPE:Custom
; Filament-specific end gcode 
;END gcode for filament
G1 Z11.6 F600
G1 X5 Y176 F12000
M140 S0
M104 S0
M107
M84 X Y E
; objects_info = {"objects":[]}
; filament used [mm] = 14079.04
; filament used [cm3] = 33.86
; filament used [g] = 41.99
; total filament used [g] = 41.99
; total filament cost = 0.00
; total filament used for wipe tower [g] = 0.00
; estimated printing time (normal mode) = 1h 27m 6s
; estimated first layer printing time (normal mode) = 4m 12s

; prusaslicer_config = begin
; arc_fitting = disabled
; autoemit_temperature_commands = 1
; automatic_extrusion_widths = 0
; automatic_infill_combination = 0
; automatic_infill_combination_max_layer_height = 100%
; avoid_crossing_curled_overhangs = 0
; avoid_crossing_perimeters = 0
; avoid_crossing_perimeters_max_detour = 0
; bed_shape = 0x0,220x0,220x220,0x220
; bed_temperature = 55
; bed_temperature_extruder = 0
; before_layer_gcode = 
; between_objects_gcode = 
; binary_gcode = 0
; bottom_fill_pattern = monotonic
; bottom_solid_layers = 3
; bottom_solid_min_thickness = 0
; bridge_acceleration = 1500
; bridge_angle = 0
; bridge_fan_speed = 100
; bridge_flow_ratio = 1
; bridge_speed = 50
; brim_separation = 0
; brim_type = outer_only
; brim_width = 0
; chamber_minimal_temperature = 0
; chamber_temperature = 0
; color_change_gcode = M600
; colorprint_heights = 
; complete_objects = 0
; cooling = 1
; cooling_perimeter_transition_distance = 0
; cooling_slowdown_logic = uniform_cooling
; cooling_tube_length = 5
; cooling_tube_retraction = 91.5
; custom_parameters_filament = ""
; custom_parameters_print = 
; custom_parameters_printer = 
; default_acceleration = 5000
; deretract_speed = 0
; disable_fan_first_layers = 3
; dont_support_bridges = 1
; draft_shield = disabled
; duplicate_distance = 6
; elefant_foot_compensation = 0
; enable_dynamic_fan_speeds = 0
; enable_dynamic_overhang_speeds = 0
; end_filament_gcode = "; Filament-specific end gcode \n;END gcode for filament\n"
; end_gcode = G1 Z{min(layer_z+2,250)} F600\nG1 X5 Y176 F12000\nM140 S0\nM104 S0\nM107\nM84 X Y E
; ensure_vertical_shell_thickness = enabled
; external_perimeter_acceleration = 0
; external_perimeter_extrusion_width = 0
; external_perimeter_speed = 120
; external_perimeters_first = 0
; extra_loading_move = -2
; extra_perimeters = 1
; extra_perimeters_on_overhangs = 0
; extruder_clearance_height = 20
; extruder_clearance_radius = 20
; extruder_colour = ""
; extruder_offset = 0x0
; extrusion_axis = E
; extrusion_multiplier = 1
; extrusion_width = 0
; fan_always_on = 0
; fan_below_layer_time = 60
; filament_abrasive = 0
; filament_colour = #29B2B2
; filament_cooling_final_speed = 3.4
; filament_cooling_initial_speed = 2.2
; filament_cooling_moves = 4
; filament_cost = 0
; filament_density = 1.24
; filament_diameter = 1.75
; filament_flush_speed = 0
; filament_flush_volume = 0
; filament_infill_max_crossing_speed = 0
; filament_infill_max_speed = 0
; filament_load_time = 0
; filament_loading_speed = 28
; filament_loading_speed_start = 3
; filament_max_volumetric_speed = 0
; filament_minimal_purge_on_wipe_tower = 15
; filament_multitool_ramming = 0
; filament_multitool_ramming_flow = 10
; filament_multitool_ramming_volume = 10
; filament_notes = ""
; filament_purge_multiplier = 100%
; filament_ramming_parameters = "120 100 6.6 6.8 7.2 7.6 7.9 8.2 8.7 9.4 9.9 10.0| 0.05 6.6 0.45 6.8 0.95 7.8 1.45 8.3 1.95 9.7 2.45 10 2.95 7.6 3.45 7.6 3.95 7.6 4.45 7.6 4.95 7.6"
; filament_seam_gap_distance = 15%
; filament_settings_id = ""
; filament_shrinkage_compensation_xy = 0%
; filament_shrinkage_compensation_z = 0%
; filament_soluble = 0
; filament_spool_weight = 0
; filament_stamping_distance = 0
; filament_stamping_loading_speed = 20
; filament_toolchange_delay = 0
; filament_type = PLA
; filament_unload_time = 0
; filament_unloading_speed = 90
; filament_unloading_speed_start = 100
; fill_angle = 45
; fill_density = 10%
; fill_pattern = grid
; first_layer_acceleration = 1000
; first_layer_acceleration_over_raft = 0
; first_layer_bed_temperature = 60
; first_layer_extrusion_width = 200%
; first_layer_height = 0.2
; first_layer_infill_speed = 0
; first_layer_speed = 60
; first_layer_speed_over_raft = 30
; first_layer_temperature = 220
; full_fan_speed_layer = 0
; fuzzy_skin = none
; fuzzy_skin_point_dist = 0.8
; fuzzy_skin_thickness = 0.3
; gap_fill_enabled = 1
; gap_fill_speed = 20
; gcode_comments = 0
; gcode_flavor = klipper
; gcode_label_objects = disabled
; gcode_resolution = 0.0125
; gcode_substitutions = 
; high_current_on_filament_swap = 0
; idle_temperature = nil
; infill_acceleration = 5000
; infill_anchor = 600%
; infill_anchor_max = 50
; infill_every_layers = 1
; infill_extruder = 1
; infill_extrusion_width = 0
; infill_first = 0
; infill_overlap = 25%
; infill_speed = 220
; interface_shells = 0
; interlocking_beam = 0
; interlocking_beam_layer_count = 2
; interlocking_beam_width = 0.8
; interlocking_boundary_avoidance = 2
; interlocking_depth = 2
; interlocking_orientation = 22.5
; ironing = 0
; ironing_flowrate = 15%
; ironing_spacing = 0.1
; ironing_speed = 15
; ironing_type = top
; layer_gcode = 
; layer_height = 0.2
; machine_limits_usage = time_estimate_only
; machine_max_acceleration_e = 10000,5000
; machine_max_acceleration_extruding = 1500,1250
; machine_max_acceleration_retracting = 1500,1250
; machine_max_acceleration_travel = 1500,1250
; machine_max_acceleration_x = 9000,1000
; machine_max_acceleration_y = 9000,1000
; machine_max_acceleration_z = 500,200
; machine_max_feedrate_e = 120,120
; machine_max_feedrate_x = 500,200
; machine_max_feedrate_y = 500,200
; machine_max_feedrate_z = 12,12
; machine_max_jerk_e = 2.5,2.5
; machine_max_jerk_x = 10,10
; machine_max_jerk_y = 10,10
; machine_max_jerk_z = 0.2,0.4
; machine_max_junction_deviation = 0,0
; machine_min_extruding_rate = 0,0
; machine_min_travel_rate = 0,0
; max_fan_speed = 100
; max_layer_height = 0
; max_print_height = 250
; max_print_speed = 80
; max_volumetric_extrusion_rate_slope_negative = 0
; max_volumetric_extrusion_rate_slope_positive = 0
; max_volumetric_speed = 0
; min_bead_width = 85%
; min_fan_speed = 35
; min_feature_size = 25%
; min_layer_height = 0.07
; min_print_speed = 10
; min_skirt_length = 0
; mmu_segmented_region_interlocking_depth = 0
; mmu_segmented_region_max_width = 0
; multimaterial_purging = 140
; notes = 
; nozzle_diameter = 0.4
; nozzle_high_flow = 0
; only_one_perimeter_first_layer = 0
; only_retract_when_crossing_perimeters = 0
; ooze_prevention = 0
; output_filename_format = [input_filename_base].gcode
; over_bridge_speed = 0
; overhang_fan_speed_0 = 0
; overhang_fan_speed_1 = 0
; overhang_fan_speed_2 = 0
; overhang_fan_speed_3 = 0
; overhang_speed_0 = 15
; overhang_speed_1 = 15
; overhang_speed_2 = 20
; overhang_speed_3 = 25
; overhangs = 1
; parking_pos_retraction = 92
; pause_print_gcode = M601
; perimeter_acceleration = 4000
; perimeter_extruder = 1
; perimeter_extrusion_width = 0
; perimeter_generator = arachne
; perimeter_speed = 180
; perimeters = 2
; physical_printer_settings_id = 
; post_process = 
; prefer_clockwise_movements = 0
; print_settings_id = 
; printer_model = 
; printer_notes = 
; printer_settings_id = 
; printer_technology = FFF
; raft_contact_distance = 0.1
; raft_expansion = 1.5
; raft_first_layer_density = 90%
; raft_first_layer_expansion = 3
; raft_layers = 0
; remaining_times = 0
; resolution = 0
; retract_before_travel = 2
; retract_before_wipe = 0%
; retract_layer_change = 0
; retract_length = 2
; retract_length_toolchange = 10
; retract_lift = 0
; retract_lift_above = 0
; retract_lift_below = 0
; retract_restart_extra = 0
; retract_restart_extra_toolchange = 0
; retract_speed = 40
; scarf_seam_entire_loop = 0
; scarf_seam_length = 20
; scarf_seam_max_segment_length = 1
; scarf_seam_on_inner_perimeters = 0
; scarf_seam_only_on_smooth = 1
; scarf_seam_placement = nowhere
; scarf_seam_start_height = 0%
; seam_gap_distance = 15%
; seam_position = aligned
; silent_mode = 1
; single_extruder_multi_material = 0
; single_extruder_multi_material_priming = 1
; skirt_distance = 6
; skirt_height = 1
; skirts = 0
; slice_closing_radius = 0.049
; slicing_mode = regular
; slowdown_below_layer_time = 5
; small_perimeter_speed = 15
; solid_infill_acceleration = 0
; solid_infill_below_area = 70
; solid_infill_every_layers = 0
; solid_infill_extruder = 1
; solid_infill_extrusion_width = 0
; solid_infill_speed = 160
; spiral_vase = 0
; staggered_inner_seams = 0
; standby_temperature_delta = -5
; start_filament_gcode = "; Filament gcode\n"
; start_gcode = G90\nM83\nM140 S[first_layer_bed_temperature]\nM104 S150\nG28\nG1 Z50 F240\nM104 S[first_layer_temperature]\nM190 S[first_layer_bed_temperature]\nM109 S[first_layer_temperature]\nG1 X2 Y10 F3000\nG1 Z0.28 F240\nG92 E0\nG1 Y140 E10 F1500\nG1 X2.3 F5000\nG92 E0\nG1 Y10 E10 F1200\nG92 E0
; support_material = 1
; support_material_angle = 0
; support_material_auto = 1
; support_material_bottom_contact_distance = 0
; support_material_bottom_interface_layers = -1
; support_material_buildplate_only = 0
; support_material_closing_radius = 2
; support_material_contact_distance = 0.2
; support_material_enforce_layers = 0
; support_material_extruder = 1
; support_material_extrusion_width = 0
; support_material_interface_contact_loops = 0
; support_material_interface_extruder = 1
; support_material_interface_layers = 2
; support_material_interface_pattern = rectilinear
; support_material_interface_spacing = 0
; support_material_interface_speed = 80
; support_material_pattern = rectilinear
; support_material_spacing = 2.5
; support_material_speed = 120
; support_material_style = grid
; support_material_synchronize_layers = 0
; support_material_threshold = 45
; support_material_with_sheath = 1
; support_material_xy_spacing = 75%
; support_tree_angle = 40
; support_tree_angle_slow = 25
; support_tree_branch_diameter = 2
; support_tree_branch_diameter_angle = 5
; support_tree_branch_diameter_double_wall = 3
; support_tree_branch_distance = 1
; support_tree_tip_diameter = 0.8
; support_tree_top_rate = 15%
; temperature = 210
; template_custom_gcode = 
; thick_bridges = 1
; thin_walls = 1
; thumbnails = 
; thumbnails_format = PNG
; toolchange_gcode = 
; toolchange_ordering = optimized
; top_fill_pattern = monotonic
; top_infill_extrusion_width = 0
; top_one_perimeter_type = none
; top_solid_infill_acceleration = 0
; top_solid_infill_speed = 120
; top_solid_layers = 4
; top_solid_min_thickness = 0
; travel_acceleration = 8000
; travel_lift_before_obstacle = 0
; travel_max_lift = 0
; travel_ramping_lift = 0
; travel_short_distance_acceleration = 0
; travel_slope = 0
; travel_speed = 400
; travel_speed_z = 0
; use_firmware_retraction = 0
; use_relative_e_distances = 1
; use_volumetric_e = 0
; variable_layer_height = 1
; wall_distribution_count = 1
; wall_transition_angle = 10
; wall_transition_filter_deviation = 25%
; wall_transition_length = 100%
; wipe = 0
; wipe_into_infill = 0
; wipe_into_objects = 0
; wipe_tower = 0
; wipe_tower_acceleration = 0
; wipe_tower_bridging = 10
; wipe_tower_brim_width = 2
; wipe_tower_cone_angle = 0
; wipe_tower_extra_flow = 100%
; wipe_tower_extra_spacing = 100%
; wipe_tower_extruder = 0
; wipe_tower_no_sparse_layers = 0
; wipe_tower_width = 60
; wiping_volumes_matrix = 0,140,140,140,140,140,0,140,140,140,140,140,0,140,140,140,140,140,0,140,140,140,140,140,0
; wiping_volumes_use_custom_matrix = 0
; xy_size_compensation = 0
; z_offset = 0
; prusaslicer_config = end
